dataset,model,method,schedule,K,invariant_by_construction,vectors_per_product,construction_encodings_per_product,status,basis,sparse_branch,metric,estimate,ci_low,ci_high,queries,pairs,weighting,bootstrap_seed,bootstrap_resamples,interval
wands,minilm,raw,C0,20,False,1,1,available,observed seven catalog schedules,False,Recall,0.30808505676265363,0.2710145128159665,0.34671406905840585,308,21299,query_macro,2026091701,10000,95% unadjusted paired query-cluster percentile
wands,minilm,raw,C0,20,False,1,1,available,observed seven catalog schedules,False,nDCG,0.63645103481805798,0.60545007949681773,0.66796662440463961,308,21299,query_macro,2026091701,10000,95% unadjusted paired query-cluster percentile
wands,minilm,raw,C0,20,False,1,1,available,observed seven catalog schedules,False,cNDCG,0.75617518672605433,0.73268852933719142,0.77924302981606319,308,21299,query_macro,2026091701,10000,95% unadjusted paired query-cluster percentile
wands,minilm,raw,C0,20,False,1,1,available,observed seven catalog schedules,False,judged_coverage,0.79837662337662352,0.76817775974025959,0.82792207792207795,308,21299,query_macro,2026091701,10000,95% unadjusted paired query-cluster percentile
wands,minilm,raw,C0,20,False,1,1,available,observed seven catalog schedules,False,persistent_inclusion,0.20950259078991421,0.17579203894287856,0.24501461822953371,308,21299,query_macro,2026091701,10000,95% unadjusted paired query-cluster percentile
wands,minilm,raw,C0,20,False,1,1,available,observed seven catalog schedules,False,VI,0.19579381789518388,0.17316557439173746,0.21999178648479367,308,21299,query_macro,2026091701,10000,95% unadjusted paired query-cluster percentile
wands,minilm,raw,C0,20,False,1,1,available,observed seven catalog schedules,False,persistent_omission,0.59470359131490191,0.55636945490595358,0.63194590054428501,308,21299,query_macro,2026091701,10000,95% unadjusted paired query-cluster percentile
wands,minilm,raw,seven_mean,20,False,1,1,available,observed seven catalog schedules,False,Recall,0.29469993509336295,0.26001333362739948,0.33131393394930192,308,21299,query_macro,2026091701,10000,95% unadjusted paired query-cluster percentile
wands,minilm,raw,seven_mean,20,False,1,1,available,observed seven catalog schedules,False,nDCG,0.6323312740348157,0.60134771537171705,0.66333784040579646,308,21299,query_macro,2026091701,10000,95% unadjusted paired query-cluster percentile
wands,minilm,raw,seven_mean,20,False,1,1,available,observed seven catalog schedules,False,cNDCG,0.75335305799125429,0.73024937454105865,0.7761269722860642,308,21299,query_macro,2026091701,10000,95% unadjusted paired query-cluster percentile
wands,minilm,raw,seven_mean,20,False,1,1,available,observed seven catalog schedules,False,judged_coverage,0.79798237476808898,0.76839053803339519,0.82704197588126149,308,21299,query_macro,2026091701,10000,95% unadjusted paired query-cluster percentile
wands,minilm,raw,seven_mean,20,False,1,1,available,observed seven catalog schedules,False,persistent_inclusion,0.20950259078991421,0.17579203894287856,0.24501461822953371,308,21299,query_macro,2026091701,10000,95% unadjusted paired query-cluster percentile
wands,minilm,raw,seven_mean,20,False,1,1,available,observed seven catalog schedules,False,VI,0.19579381789518388,0.17316557439173746,0.21999178648479367,308,21299,query_macro,2026091701,10000,95% unadjusted paired query-cluster percentile
wands,minilm,raw,seven_mean,20,False,1,1,available,observed seven catalog schedules,False,persistent_omission,0.59470359131490191,0.55636945490595358,0.63194590054428501,308,21299,query_macro,2026091701,10000,95% unadjusted paired query-cluster percentile
wands,minilm,raw,C0,100,False,1,1,available,observed seven catalog schedules,False,Recall,0.57883328209245855,0.54044233928638796,0.61687071063964571,308,21299,query_macro,2026091701,10000,95% unadjusted paired query-cluster percentile
wands,minilm,raw,C0,100,False,1,1,available,observed seven catalog schedules,False,nDCG,0.62547335750967337,0.59680263384317733,0.65363397348262819,308,21299,query_macro,2026091701,10000,95% unadjusted paired query-cluster percentile
wands,minilm,raw,C0,100,False,1,1,available,observed seven catalog schedules,False,cNDCG,0.83460324406039144,0.81745764205214111,0.85090805998540908,308,21299,query_macro,2026091701,10000,95% unadjusted paired query-cluster percentile
wands,minilm,raw,C0,100,False,1,1,available,observed seven catalog schedules,False,judged_coverage,0.64850649350649359,0.61688311688311692,0.6791891233766234,308,21299,query_macro,2026091701,10000,95% unadjusted paired query-cluster percentile
wands,minilm,raw,C0,100,False,1,1,available,observed seven catalog schedules,False,persistent_inclusion,0.45151085359537541,0.41119566887542131,0.4942152820522096,308,21299,query_macro,2026091701,10000,95% unadjusted paired query-cluster percentile
wands,minilm,raw,C0,100,False,1,1,available,observed seven catalog schedules,False,VI,0.21893847451519538,0.19698776180692912,0.24158230020255253,308,21299,query_macro,2026091701,10000,95% unadjusted paired query-cluster percentile
wands,minilm,raw,C0,100,False,1,1,available,observed seven catalog schedules,False,persistent_omission,0.32955067188942916,0.29495667200764208,0.36519949458637141,308,21299,query_macro,2026091701,10000,95% unadjusted paired query-cluster percentile
wands,minilm,raw,seven_mean,100,False,1,1,available,observed seven catalog schedules,False,Recall,0.56612894199056452,0.52863814861396208,0.60383443329580277,308,21299,query_macro,2026091701,10000,95% unadjusted paired query-cluster percentile
wands,minilm,raw,seven_mean,100,False,1,1,available,observed seven catalog schedules,False,nDCG,0.61801624157546087,0.58929340000030761,0.64630980049203468,308,21299,query_macro,2026091701,10000,95% unadjusted paired query-cluster percentile
wands,minilm,raw,seven_mean,100,False,1,1,available,observed seven catalog schedules,False,cNDCG,0.83153933054158924,0.81461240599947549,0.84786850582675943,308,21299,query_macro,2026091701,10000,95% unadjusted paired query-cluster percentile
wands,minilm,raw,seven_mean,100,False,1,1,available,observed seven catalog schedules,False,judged_coverage,0.64296382189239332,0.61148399814471244,0.67371614100185517,308,21299,query_macro,2026091701,10000,95% unadjusted paired query-cluster percentile
wands,minilm,raw,seven_mean,100,False,1,1,available,observed seven catalog schedules,False,persistent_inclusion,0.45151085359537541,0.41119566887542131,0.4942152820522096,308,21299,query_macro,2026091701,10000,95% unadjusted paired query-cluster percentile
wands,minilm,raw,seven_mean,100,False,1,1,available,observed seven catalog schedules,False,VI,0.21893847451519538,0.19698776180692912,0.24158230020255253,308,21299,query_macro,2026091701,10000,95% unadjusted paired query-cluster percentile
wands,minilm,raw,seven_mean,100,False,1,1,available,observed seven catalog schedules,False,persistent_omission,0.32955067188942916,0.29495667200764208,0.36519949458637141,308,21299,query_macro,2026091701,10000,95% unadjusted paired query-cluster percentile
wands,minilm,raw_hybrid,C0,20,False,1,1,available,observed seven catalog schedules,True,Recall,0.35858711501648571,0.3196981550833719,0.39883608198952963,308,21299,query_macro,2026091701,10000,95% unadjusted paired query-cluster percentile
wands,minilm,raw_hybrid,C0,20,False,1,1,available,observed seven catalog schedules,True,nDCG,0.69957553129806471,0.66831859026892249,0.72999727413646875,308,21299,query_macro,2026091701,10000,95% unadjusted paired query-cluster percentile
wands,minilm,raw_hybrid,C0,20,False,1,1,available,observed seven catalog schedules,True,cNDCG,0.78813617012152082,0.76420707136539445,0.81157478167660779,308,21299,query_macro,2026091701,10000,95% unadjusted paired query-cluster percentile
wands,minilm,raw_hybrid,C0,20,False,1,1,available,observed seven catalog schedules,True,judged_coverage,0.85308441558441561,0.8269480519480521,0.87808441558441575,308,21299,query_macro,2026091701,10000,95% unadjusted paired query-cluster percentile
wands,minilm,raw_hybrid,C0,20,False,1,1,available,observed seven catalog schedules,True,persistent_inclusion,0.29487023783254618,0.25699707717349618,0.33455531628225149,308,21299,query_macro,2026091701,10000,95% unadjusted paired query-cluster percentile
wands,minilm,raw_hybrid,C0,20,False,1,1,available,observed seven catalog schedules,True,VI,0.13701473263546982,0.11907328644755615,0.15616844626798757,308,21299,query_macro,2026091701,10000,95% unadjusted paired query-cluster percentile
wands,minilm,raw_hybrid,C0,20,False,1,1,available,observed seven catalog schedules,True,persistent_omission,0.56811502953198401,0.52791919629372375,0.60639575260972456,308,21299,query_macro,2026091701,10000,95% unadjusted paired query-cluster percentile
wands,minilm,raw_hybrid,seven_mean,20,False,1,1,available,observed seven catalog schedules,True,Recall,0.36017816501161926,0.3223293189335586,0.3993332343841261,308,21299,query_macro,2026091701,10000,95% unadjusted paired query-cluster percentile
wands,minilm,raw_hybrid,seven_mean,20,False,1,1,available,observed seven catalog schedules,True,nDCG,0.69832815300592466,0.66762405715712869,0.72806720569034777,308,21299,query_macro,2026091701,10000,95% unadjusted paired query-cluster percentile
wands,minilm,raw_hybrid,seven_mean,20,False,1,1,available,observed seven catalog schedules,True,cNDCG,0.78608245786022113,0.76295713729697445,0.80905003618257609,308,21299,query_macro,2026091701,10000,95% unadjusted paired query-cluster percentile
wands,minilm,raw_hybrid,seven_mean,20,False,1,1,available,observed seven catalog schedules,True,judged_coverage,0.85303803339517636,0.82731852968460096,0.87785250463821896,308,21299,query_macro,2026091701,10000,95% unadjusted paired query-cluster percentile
wands,minilm,raw_hybrid,seven_mean,20,False,1,1,available,observed seven catalog schedules,True,persistent_inclusion,0.29487023783254618,0.25699707717349618,0.33455531628225149,308,21299,query_macro,2026091701,10000,95% unadjusted paired query-cluster percentile
wands,minilm,raw_hybrid,seven_mean,20,False,1,1,available,observed seven catalog schedules,True,VI,0.13701473263546982,0.11907328644755615,0.15616844626798757,308,21299,query_macro,2026091701,10000,95% unadjusted paired query-cluster percentile
wands,minilm,raw_hybrid,seven_mean,20,False,1,1,available,observed seven catalog schedules,True,persistent_omission,0.56811502953198401,0.52791919629372375,0.60639575260972456,308,21299,query_macro,2026091701,10000,95% unadjusted paired query-cluster percentile
wands,minilm,raw_hybrid,C0,100,False,1,1,available,observed seven catalog schedules,True,Recall,0.65322479638114161,0.61467068714521289,0.69115874751129358,308,21299,query_macro,2026091701,10000,95% unadjusted paired query-cluster percentile
wands,minilm,raw_hybrid,C0,100,False,1,1,available,observed seven catalog schedules,True,nDCG,0.68782569672297889,0.65924149188800507,0.71521376613945187,308,21299,query_macro,2026091701,10000,95% unadjusted paired query-cluster percentile
wands,minilm,raw_hybrid,C0,100,False,1,1,available,observed seven catalog schedules,True,cNDCG,0.85095240928216176,0.83384669110387588,0.86747493980333334,308,21299,query_macro,2026091701,10000,95% unadjusted paired query-cluster percentile
wands,minilm,raw_hybrid,C0,100,False,1,1,available,observed seven catalog schedules,True,judged_coverage,0.70636363636363642,0.67782386363636382,0.73431899350649343,308,21299,query_macro,2026091701,10000,95% unadjusted paired query-cluster percentile
wands,minilm,raw_hybrid,C0,100,False,1,1,available,observed seven catalog schedules,True,persistent_inclusion,0.60158651150837561,0.56026401919660362,0.6420139498520242,308,21299,query_macro,2026091701,10000,95% unadjusted paired query-cluster percentile
wands,minilm,raw_hybrid,C0,100,False,1,1,available,observed seven catalog schedules,True,VI,0.11079606182509504,0.095586646129403499,0.12704006073191629,308,21299,query_macro,2026091701,10000,95% unadjusted paired query-cluster percentile
wands,minilm,raw_hybrid,C0,100,False,1,1,available,observed seven catalog schedules,True,persistent_omission,0.28761742666652945,0.25336634963829857,0.32269456411204417,308,21299,query_macro,2026091701,10000,95% unadjusted paired query-cluster percentile
wands,minilm,raw_hybrid,seven_mean,100,False,1,1,available,observed seven catalog schedules,True,Recall,0.65547617362704702,0.61779113938813557,0.69254525060833438,308,21299,query_macro,2026091701,10000,95% unadjusted paired query-cluster percentile
wands,minilm,raw_hybrid,seven_mean,100,False,1,1,available,observed seven catalog schedules,True,nDCG,0.68539617961872223,0.65718972605562254,0.71257694307894659,308,21299,query_macro,2026091701,10000,95% unadjusted paired query-cluster percentile
wands,minilm,raw_hybrid,seven_mean,100,False,1,1,available,observed seven catalog schedules,True,cNDCG,0.84917963447545408,0.83214194494488658,0.86562528913990844,308,21299,query_macro,2026091701,10000,95% unadjusted paired query-cluster percentile
wands,minilm,raw_hybrid,seven_mean,100,False,1,1,available,observed seven catalog schedules,True,judged_coverage,0.70567717996289414,0.67742439703154,0.73386363636363627,308,21299,query_macro,2026091701,10000,95% unadjusted paired query-cluster percentile
wands,minilm,raw_hybrid,seven_mean,100,False,1,1,available,observed seven catalog schedules,True,persistent_inclusion,0.60158651150837561,0.56026401919660362,0.6420139498520242,308,21299,query_macro,2026091701,10000,95% unadjusted paired query-cluster percentile
wands,minilm,raw_hybrid,seven_mean,100,False,1,1,available,observed seven catalog schedules,True,VI,0.11079606182509504,0.095586646129403499,0.12704006073191629,308,21299,query_macro,2026091701,10000,95% unadjusted paired query-cluster percentile
wands,minilm,raw_hybrid,seven_mean,100,False,1,1,available,observed seven catalog schedules,True,persistent_omission,0.28761742666652945,0.25336634963829857,0.32269456411204417,308,21299,query_macro,2026091701,10000,95% unadjusted paired query-cluster percentile
wands,minilm,canonical_hybrid_field_priority_type,fixed,20,True,1,1,available,structural: single deterministic fixed index,True,Recall,0.36595128529214821,0.32782070456157703,0.40554645161522029,308,21299,query_macro,2026091701,10000,95% unadjusted paired query-cluster percentile
wands,minilm,canonical_hybrid_field_priority_type,fixed,20,True,1,1,available,structural: single deterministic fixed index,True,nDCG,0.69884190057482987,0.6681701243638708,0.7288037507108186,308,21299,query_macro,2026091701,10000,95% unadjusted paired query-cluster percentile
wands,minilm,canonical_hybrid_field_priority_type,fixed,20,True,1,1,available,structural: single deterministic fixed index,True,cNDCG,0.78568690048426193,0.76196957349190941,0.80897096190555751,308,21299,query_macro,2026091701,10000,95% unadjusted paired query-cluster percentile
wands,minilm,canonical_hybrid_field_priority_type,fixed,20,True,1,1,available,structural: single deterministic fixed index,True,judged_coverage,0.85324675324675314,0.82743506493506502,0.87840909090909092,308,21299,query_macro,2026091701,10000,95% unadjusted paired query-cluster percentile
wands,minilm,canonical_hybrid_field_priority_type,fixed,20,True,1,1,available,structural: single deterministic fixed index,True,persistent_inclusion,0.36595128529214821,0.32782070456157703,0.40554645161522029,308,21299,query_macro,2026091701,10000,95% unadjusted paired query-cluster percentile
wands,minilm,canonical_hybrid_field_priority_type,fixed,20,True,1,1,available,structural: single deterministic fixed index,True,VI,0,0,0,308,21299,query_macro,2026091701,10000,95% unadjusted paired query-cluster percentile
wands,minilm,canonical_hybrid_field_priority_type,fixed,20,True,1,1,available,structural: single deterministic fixed index,True,persistent_omission,0.63404871470785173,0.59445354838477971,0.67217929543842303,308,21299,query_macro,2026091701,10000,95% unadjusted paired query-cluster percentile
wands,minilm,canonical_hybrid_field_priority_type,fixed,100,True,1,1,available,structural: single deterministic fixed index,True,Recall,0.65709994517276671,0.6193556986763451,0.69476362503681643,308,21299,query_macro,2026091701,10000,95% unadjusted paired query-cluster percentile
wands,minilm,canonical_hybrid_field_priority_type,fixed,100,True,1,1,available,structural: single deterministic fixed index,True,nDCG,0.68513883285156207,0.65712694302084573,0.71219817628669468,308,21299,query_macro,2026091701,10000,95% unadjusted paired query-cluster percentile
wands,minilm,canonical_hybrid_field_priority_type,fixed,100,True,1,1,available,structural: single deterministic fixed index,True,cNDCG,0.84863055985931879,0.83165796538645098,0.86508891559946077,308,21299,query_macro,2026091701,10000,95% unadjusted paired query-cluster percentile
wands,minilm,canonical_hybrid_field_priority_type,fixed,100,True,1,1,available,structural: single deterministic fixed index,True,judged_coverage,0.7052272727272727,0.67668831168831156,0.73302029220779208,308,21299,query_macro,2026091701,10000,95% unadjusted paired query-cluster percentile
wands,minilm,canonical_hybrid_field_priority_type,fixed,100,True,1,1,available,structural: single deterministic fixed index,True,persistent_inclusion,0.65709994517276671,0.6193556986763451,0.69476362503681643,308,21299,query_macro,2026091701,10000,95% unadjusted paired query-cluster percentile
wands,minilm,canonical_hybrid_field_priority_type,fixed,100,True,1,1,available,structural: single deterministic fixed index,True,VI,0,0,0,308,21299,query_macro,2026091701,10000,95% unadjusted paired query-cluster percentile
wands,minilm,canonical_hybrid_field_priority_type,fixed,100,True,1,1,available,structural: single deterministic fixed index,True,persistent_omission,0.34290005482723329,0.30523637496318362,0.38064430132365479,308,21299,query_macro,2026091701,10000,95% unadjusted paired query-cluster percentile
wands,minilm,canonical_hybrid_lexical_ascending,fixed,20,True,1,1,available,structural: single deterministic fixed index,True,Recall,0.36463604080713574,0.32589034686813023,0.40432220811415404,308,21299,query_macro,2026091701,10000,95% unadjusted paired query-cluster percentile
wands,minilm,canonical_hybrid_lexical_ascending,fixed,20,True,1,1,available,structural: single deterministic fixed index,True,nDCG,0.69598311023475445,0.66494911803169932,0.72600731024710674,308,21299,query_macro,2026091701,10000,95% unadjusted paired query-cluster percentile
wands,minilm,canonical_hybrid_lexical_ascending,fixed,20,True,1,1,available,structural: single deterministic fixed index,True,cNDCG,0.78623492694627606,0.76275159986609475,0.80953897951819398,308,21299,query_macro,2026091701,10000,95% unadjusted paired query-cluster percentile
wands,minilm,canonical_hybrid_lexical_ascending,fixed,20,True,1,1,available,structural: single deterministic fixed index,True,judged_coverage,0.8504870129870129,0.8243506493506495,0.87548701298701315,308,21299,query_macro,2026091701,10000,95% unadjusted paired query-cluster percentile
wands,minilm,canonical_hybrid_lexical_ascending,fixed,20,True,1,1,available,structural: single deterministic fixed index,True,persistent_inclusion,0.36463604080713574,0.32589034686813023,0.40432220811415404,308,21299,query_macro,2026091701,10000,95% unadjusted paired query-cluster percentile
wands,minilm,canonical_hybrid_lexical_ascending,fixed,20,True,1,1,available,structural: single deterministic fixed index,True,VI,0,0,0,308,21299,query_macro,2026091701,10000,95% unadjusted paired query-cluster percentile
wands,minilm,canonical_hybrid_lexical_ascending,fixed,20,True,1,1,available,structural: single deterministic fixed index,True,persistent_omission,0.63536395919286426,0.59567779188584591,0.67410965313186988,308,21299,query_macro,2026091701,10000,95% unadjusted paired query-cluster percentile
wands,minilm,canonical_hybrid_lexical_ascending,fixed,100,True,1,1,available,structural: single deterministic fixed index,True,Recall,0.65610066145600465,0.61843101630419228,0.69355553946137483,308,21299,query_macro,2026091701,10000,95% unadjusted paired query-cluster percentile
wands,minilm,canonical_hybrid_lexical_ascending,fixed,100,True,1,1,available,structural: single deterministic fixed index,True,nDCG,0.68255350644794233,0.65438994035414177,0.70974236266331792,308,21299,query_macro,2026091701,10000,95% unadjusted paired query-cluster percentile
wands,minilm,canonical_hybrid_lexical_ascending,fixed,100,True,1,1,available,structural: single deterministic fixed index,True,cNDCG,0.84896392943219878,0.83218732533284279,0.8652268839512478,308,21299,query_macro,2026091701,10000,95% unadjusted paired query-cluster percentile
wands,minilm,canonical_hybrid_lexical_ascending,fixed,100,True,1,1,available,structural: single deterministic fixed index,True,judged_coverage,0.70357142857142851,0.67499756493506513,0.73133116883116878,308,21299,query_macro,2026091701,10000,95% unadjusted paired query-cluster percentile
wands,minilm,canonical_hybrid_lexical_ascending,fixed,100,True,1,1,available,structural: single deterministic fixed index,True,persistent_inclusion,0.65610066145600465,0.61843101630419228,0.69355553946137483,308,21299,query_macro,2026091701,10000,95% unadjusted paired query-cluster percentile
wands,minilm,canonical_hybrid_lexical_ascending,fixed,100,True,1,1,available,structural: single deterministic fixed index,True,VI,0,0,0,308,21299,query_macro,2026091701,10000,95% unadjusted paired query-cluster percentile
wands,minilm,canonical_hybrid_lexical_ascending,fixed,100,True,1,1,available,structural: single deterministic fixed index,True,persistent_omission,0.3438993385439954,0.30644446053862512,0.38156898369580772,308,21299,query_macro,2026091701,10000,95% unadjusted paired query-cluster percentile
wands,minilm,canonical_hybrid_lexical_descending,fixed,20,True,1,1,available,structural: single deterministic fixed index,True,Recall,0.36188296925288049,0.32382945187079509,0.40175192190699405,308,21299,query_macro,2026091701,10000,95% unadjusted paired query-cluster percentile
wands,minilm,canonical_hybrid_lexical_descending,fixed,20,True,1,1,available,structural: single deterministic fixed index,True,nDCG,0.69791661854911879,0.6675028754000345,0.72811335132699906,308,21299,query_macro,2026091701,10000,95% unadjusted paired query-cluster percentile
wands,minilm,canonical_hybrid_lexical_descending,fixed,20,True,1,1,available,structural: single deterministic fixed index,True,cNDCG,0.78483725574700847,0.7616331446435376,0.80779411832542525,308,21299,query_macro,2026091701,10000,95% unadjusted paired query-cluster percentile
wands,minilm,canonical_hybrid_lexical_descending,fixed,20,True,1,1,available,structural: single deterministic fixed index,True,judged_coverage,0.85470779220779225,0.82905844155844166,0.87938311688311699,308,21299,query_macro,2026091701,10000,95% unadjusted paired query-cluster percentile
wands,minilm,canonical_hybrid_lexical_descending,fixed,20,True,1,1,available,structural: single deterministic fixed index,True,persistent_inclusion,0.36188296925288049,0.32382945187079509,0.40175192190699405,308,21299,query_macro,2026091701,10000,95% unadjusted paired query-cluster percentile
wands,minilm,canonical_hybrid_lexical_descending,fixed,20,True,1,1,available,structural: single deterministic fixed index,True,VI,0,0,0,308,21299,query_macro,2026091701,10000,95% unadjusted paired query-cluster percentile
wands,minilm,canonical_hybrid_lexical_descending,fixed,20,True,1,1,available,structural: single deterministic fixed index,True,persistent_omission,0.63811703074711945,0.59824807809300584,0.67617054812920485,308,21299,query_macro,2026091701,10000,95% unadjusted paired query-cluster percentile
wands,minilm,canonical_hybrid_lexical_descending,fixed,100,True,1,1,available,structural: single deterministic fixed index,True,Recall,0.65287094831803005,0.61470371080487274,0.69069257145385288,308,21299,query_macro,2026091701,10000,95% unadjusted paired query-cluster percentile
wands,minilm,canonical_hybrid_lexical_descending,fixed,100,True,1,1,available,structural: single deterministic fixed index,True,nDCG,0.68590699769228514,0.65785610237227632,0.71286490767341981,308,21299,query_macro,2026091701,10000,95% unadjusted paired query-cluster percentile
wands,minilm,canonical_hybrid_lexical_descending,fixed,100,True,1,1,available,structural: single deterministic fixed index,True,cNDCG,0.84897682366555971,0.83236244279419846,0.8653761092498472,308,21299,query_macro,2026091701,10000,95% unadjusted paired query-cluster percentile
wands,minilm,canonical_hybrid_lexical_descending,fixed,100,True,1,1,available,structural: single deterministic fixed index,True,judged_coverage,0.70733766233766238,0.67876542207792212,0.73542207792207792,308,21299,query_macro,2026091701,10000,95% unadjusted paired query-cluster percentile
wands,minilm,canonical_hybrid_lexical_descending,fixed,100,True,1,1,available,structural: single deterministic fixed index,True,persistent_inclusion,0.65287094831803005,0.61470371080487274,0.69069257145385288,308,21299,query_macro,2026091701,10000,95% unadjusted paired query-cluster percentile
wands,minilm,canonical_hybrid_lexical_descending,fixed,100,True,1,1,available,structural: single deterministic fixed index,True,VI,0,0,0,308,21299,query_macro,2026091701,10000,95% unadjusted paired query-cluster percentile
wands,minilm,canonical_hybrid_lexical_descending,fixed,100,True,1,1,available,structural: single deterministic fixed index,True,persistent_omission,0.34712905168197006,0.30930742854614701,0.38529628919512715,308,21299,query_macro,2026091701,10000,95% unadjusted paired query-cluster percentile
wands,minilm,centroid_2,fixed,20,True,1,2,available,structural: single deterministic fixed index,False,Recall,0.29567595757238052,0.2602366089406562,0.3339633417402561,308,21299,query_macro,2026091701,10000,95% unadjusted paired query-cluster percentile
wands,minilm,centroid_2,fixed,20,True,1,2,available,structural: single deterministic fixed index,False,nDCG,0.63948879733223474,0.60796001293031476,0.6714528761298062,308,21299,query_macro,2026091701,10000,95% unadjusted paired query-cluster percentile
wands,minilm,centroid_2,fixed,20,True,1,2,available,structural: single deterministic fixed index,False,cNDCG,0.75753288900170201,0.73388071562935187,0.78037194469658211,308,21299,query_macro,2026091701,10000,95% unadjusted paired query-cluster percentile
wands,minilm,centroid_2,fixed,20,True,1,2,available,structural: single deterministic fixed index,False,judged_coverage,0.80016233766233757,0.76948051948051943,0.83019480519480515,308,21299,query_macro,2026091701,10000,95% unadjusted paired query-cluster percentile
wands,minilm,centroid_2,fixed,20,True,1,2,available,structural: single deterministic fixed index,False,persistent_inclusion,0.29567595757238052,0.2602366089406562,0.3339633417402561,308,21299,query_macro,2026091701,10000,95% unadjusted paired query-cluster percentile
wands,minilm,centroid_2,fixed,20,True,1,2,available,structural: single deterministic fixed index,False,VI,0,0,0,308,21299,query_macro,2026091701,10000,95% unadjusted paired query-cluster percentile
wands,minilm,centroid_2,fixed,20,True,1,2,available,structural: single deterministic fixed index,False,persistent_omission,0.70432404242761959,0.66603665825974379,0.73976339105934374,308,21299,query_macro,2026091701,10000,95% unadjusted paired query-cluster percentile
wands,minilm,centroid_2,fixed,100,True,1,2,available,structural: single deterministic fixed index,False,Recall,0.56437750340949699,0.52564862477342256,0.60384060090601244,308,21299,query_macro,2026091701,10000,95% unadjusted paired query-cluster percentile
wands,minilm,centroid_2,fixed,100,True,1,2,available,structural: single deterministic fixed index,False,nDCG,0.62711760252366422,0.59843227847583558,0.65567853106788343,308,21299,query_macro,2026091701,10000,95% unadjusted paired query-cluster percentile
wands,minilm,centroid_2,fixed,100,True,1,2,available,structural: single deterministic fixed index,False,cNDCG,0.83486100713646394,0.81786310275542795,0.85125348131387657,308,21299,query_macro,2026091701,10000,95% unadjusted paired query-cluster percentile
wands,minilm,centroid_2,fixed,100,True,1,2,available,structural: single deterministic fixed index,False,judged_coverage,0.65243506493506487,0.6210064935064934,0.6830519480519478,308,21299,query_macro,2026091701,10000,95% unadjusted paired query-cluster percentile
wands,minilm,centroid_2,fixed,100,True,1,2,available,structural: single deterministic fixed index,False,persistent_inclusion,0.56437750340949699,0.52564862477342256,0.60384060090601244,308,21299,query_macro,2026091701,10000,95% unadjusted paired query-cluster percentile
wands,minilm,centroid_2,fixed,100,True,1,2,available,structural: single deterministic fixed index,False,VI,0,0,0,308,21299,query_macro,2026091701,10000,95% unadjusted paired query-cluster percentile
wands,minilm,centroid_2,fixed,100,True,1,2,available,structural: single deterministic fixed index,False,persistent_omission,0.43562249659050301,0.39615939909398767,0.47435137522657755,308,21299,query_macro,2026091701,10000,95% unadjusted paired query-cluster percentile
wands,minilm,field_priority_type,fixed,20,True,1,1,available,structural: single deterministic fixed index,False,Recall,0.29220945987223751,0.25656595812930483,0.32913462078809402,308,21299,query_macro,2026091701,10000,95% unadjusted paired query-cluster percentile
wands,minilm,field_priority_type,fixed,20,True,1,1,available,structural: single deterministic fixed index,False,nDCG,0.6312365452822446,0.5996211230258498,0.66280788098268661,308,21299,query_macro,2026091701,10000,95% unadjusted paired query-cluster percentile
wands,minilm,field_priority_type,fixed,20,True,1,1,available,structural: single deterministic fixed index,False,cNDCG,0.75008932515908755,0.72686839727735875,0.7730964139794243,308,21299,query_macro,2026091701,10000,95% unadjusted paired query-cluster percentile
wands,minilm,field_priority_type,fixed,20,True,1,1,available,structural: single deterministic fixed index,False,judged_coverage,0.79902597402597408,0.7693141233766233,0.82792207792207795,308,21299,query_macro,2026091701,10000,95% unadjusted paired query-cluster percentile
wands,minilm,field_priority_type,fixed,20,True,1,1,available,structural: single deterministic fixed index,False,persistent_inclusion,0.29220945987223751,0.25656595812930483,0.32913462078809402,308,21299,query_macro,2026091701,10000,95% unadjusted paired query-cluster percentile
wands,minilm,field_priority_type,fixed,20,True,1,1,available,structural: single deterministic fixed index,False,VI,0,0,0,308,21299,query_macro,2026091701,10000,95% unadjusted paired query-cluster percentile
wands,minilm,field_priority_type,fixed,20,True,1,1,available,structural: single deterministic fixed index,False,persistent_omission,0.70779054012776244,0.67086537921190603,0.74343404187069517,308,21299,query_macro,2026091701,10000,95% unadjusted paired query-cluster percentile
wands,minilm,field_priority_type,fixed,100,True,1,1,available,structural: single deterministic fixed index,False,Recall,0.57186804808683978,0.53333262266669568,0.61072547628135887,308,21299,query_macro,2026091701,10000,95% unadjusted paired query-cluster percentile
wands,minilm,field_priority_type,fixed,100,True,1,1,available,structural: single deterministic fixed index,False,nDCG,0.62013978144663195,0.59151028168409625,0.64843735910234068,308,21299,query_macro,2026091701,10000,95% unadjusted paired query-cluster percentile
wands,minilm,field_priority_type,fixed,100,True,1,1,available,structural: single deterministic fixed index,False,cNDCG,0.83178263458655777,0.81465320557232423,0.84797172964221901,308,21299,query_macro,2026091701,10000,95% unadjusted paired query-cluster percentile
wands,minilm,field_priority_type,fixed,100,True,1,1,available,structural: single deterministic fixed index,False,judged_coverage,0.6454545454545455,0.61402516233766258,0.67597564935064924,308,21299,query_macro,2026091701,10000,95% unadjusted paired query-cluster percentile
wands,minilm,field_priority_type,fixed,100,True,1,1,available,structural: single deterministic fixed index,False,persistent_inclusion,0.57186804808683978,0.53333262266669568,0.61072547628135887,308,21299,query_macro,2026091701,10000,95% unadjusted paired query-cluster percentile
wands,minilm,field_priority_type,fixed,100,True,1,1,available,structural: single deterministic fixed index,False,VI,0,0,0,308,21299,query_macro,2026091701,10000,95% unadjusted paired query-cluster percentile
wands,minilm,field_priority_type,fixed,100,True,1,1,available,structural: single deterministic fixed index,False,persistent_omission,0.42813195191316022,0.38927452371864107,0.46666737733330443,308,21299,query_macro,2026091701,10000,95% unadjusted paired query-cluster percentile
wands,minilm,lexical_ascending,fixed,20,True,1,1,available,structural: single deterministic fixed index,False,Recall,0.28722688459370188,0.25228833693688912,0.32484793104628895,308,21299,query_macro,2026091701,10000,95% unadjusted paired query-cluster percentile
wands,minilm,lexical_ascending,fixed,20,True,1,1,available,structural: single deterministic fixed index,False,nDCG,0.62637776197094364,0.59505158933636881,0.65805866214098818,308,21299,query_macro,2026091701,10000,95% unadjusted paired query-cluster percentile
wands,minilm,lexical_ascending,fixed,20,True,1,1,available,structural: single deterministic fixed index,False,cNDCG,0.75056644814679552,0.7266959437792021,0.77387949964189229,308,21299,query_macro,2026091701,10000,95% unadjusted paired query-cluster percentile
wands,minilm,lexical_ascending,fixed,20,True,1,1,available,structural: single deterministic fixed index,False,judged_coverage,0.7868506493506493,0.75584415584415587,0.81672077922077924,308,21299,query_macro,2026091701,10000,95% unadjusted paired query-cluster percentile
wands,minilm,lexical_ascending,fixed,20,True,1,1,available,structural: single deterministic fixed index,False,persistent_inclusion,0.28722688459370188,0.25228833693688912,0.32484793104628895,308,21299,query_macro,2026091701,10000,95% unadjusted paired query-cluster percentile
wands,minilm,lexical_ascending,fixed,20,True,1,1,available,structural: single deterministic fixed index,False,VI,0,0,0,308,21299,query_macro,2026091701,10000,95% unadjusted paired query-cluster percentile
wands,minilm,lexical_ascending,fixed,20,True,1,1,available,structural: single deterministic fixed index,False,persistent_omission,0.71277311540629806,0.67515206895371116,0.74771166306311099,308,21299,query_macro,2026091701,10000,95% unadjusted paired query-cluster percentile
wands,minilm,lexical_ascending,fixed,100,True,1,1,available,structural: single deterministic fixed index,False,Recall,0.56049066361801048,0.52178420060479003,0.59951780373335106,308,21299,query_macro,2026091701,10000,95% unadjusted paired query-cluster percentile
wands,minilm,lexical_ascending,fixed,100,True,1,1,available,structural: single deterministic fixed index,False,nDCG,0.61280890257845433,0.58393993646083031,0.64124590120651603,308,21299,query_macro,2026091701,10000,95% unadjusted paired query-cluster percentile
wands,minilm,lexical_ascending,fixed,100,True,1,1,available,structural: single deterministic fixed index,False,cNDCG,0.83035263297652606,0.81338856038853213,0.84672871171269082,308,21299,query_macro,2026091701,10000,95% unadjusted paired query-cluster percentile
wands,minilm,lexical_ascending,fixed,100,True,1,1,available,structural: single deterministic fixed index,False,judged_coverage,0.63876623376623376,0.60681818181818181,0.66964366883116877,308,21299,query_macro,2026091701,10000,95% unadjusted paired query-cluster percentile
wands,minilm,lexical_ascending,fixed,100,True,1,1,available,structural: single deterministic fixed index,False,persistent_inclusion,0.56049066361801048,0.52178420060479003,0.59951780373335106,308,21299,query_macro,2026091701,10000,95% unadjusted paired query-cluster percentile
wands,minilm,lexical_ascending,fixed,100,True,1,1,available,structural: single deterministic fixed index,False,VI,0,0,0,308,21299,query_macro,2026091701,10000,95% unadjusted paired query-cluster percentile
wands,minilm,lexical_ascending,fixed,100,True,1,1,available,structural: single deterministic fixed index,False,persistent_omission,0.43950933638198947,0.40048219626664877,0.47821579939521008,308,21299,query_macro,2026091701,10000,95% unadjusted paired query-cluster percentile
wands,minilm,lexical_descending,fixed,20,True,1,1,available,structural: single deterministic fixed index,False,Recall,0.29556010326916449,0.25967372303748382,0.33335003683600212,308,21299,query_macro,2026091701,10000,95% unadjusted paired query-cluster percentile
wands,minilm,lexical_descending,fixed,20,True,1,1,available,structural: single deterministic fixed index,False,nDCG,0.634103564807035,0.60292589048646805,0.66535113495464171,308,21299,query_macro,2026091701,10000,95% unadjusted paired query-cluster percentile
wands,minilm,lexical_descending,fixed,20,True,1,1,available,structural: single deterministic fixed index,False,cNDCG,0.75161114751384939,0.72832351433854592,0.77439137583418283,308,21299,query_macro,2026091701,10000,95% unadjusted paired query-cluster percentile
wands,minilm,lexical_descending,fixed,20,True,1,1,available,structural: single deterministic fixed index,False,judged_coverage,0.79967532467532476,0.76931818181818201,0.82889610389610413,308,21299,query_macro,2026091701,10000,95% unadjusted paired query-cluster percentile
wands,minilm,lexical_descending,fixed,20,True,1,1,available,structural: single deterministic fixed index,False,persistent_inclusion,0.29556010326916449,0.25967372303748382,0.33335003683600212,308,21299,query_macro,2026091701,10000,95% unadjusted paired query-cluster percentile
wands,minilm,lexical_descending,fixed,20,True,1,1,available,structural: single deterministic fixed index,False,VI,0,0,0,308,21299,query_macro,2026091701,10000,95% unadjusted paired query-cluster percentile
wands,minilm,lexical_descending,fixed,20,True,1,1,available,structural: single deterministic fixed index,False,persistent_omission,0.70443989673083551,0.66664996316399794,0.74032627696251607,308,21299,query_macro,2026091701,10000,95% unadjusted paired query-cluster percentile
wands,minilm,lexical_descending,fixed,100,True,1,1,available,structural: single deterministic fixed index,False,Recall,0.56161564562059674,0.52209740755962619,0.60076532279033601,308,21299,query_macro,2026091701,10000,95% unadjusted paired query-cluster percentile
wands,minilm,lexical_descending,fixed,100,True,1,1,available,structural: single deterministic fixed index,False,nDCG,0.61962691843427886,0.59082850207556914,0.64805295891418657,308,21299,query_macro,2026091701,10000,95% unadjusted paired query-cluster percentile
wands,minilm,lexical_descending,fixed,100,True,1,1,available,structural: single deterministic fixed index,False,cNDCG,0.83104515199315188,0.81418678027332669,0.84738014983665322,308,21299,query_macro,2026091701,10000,95% unadjusted paired query-cluster percentile
wands,minilm,lexical_descending,fixed,100,True,1,1,available,structural: single deterministic fixed index,False,judged_coverage,0.64448051948051943,0.61256412337662347,0.67600649350649356,308,21299,query_macro,2026091701,10000,95% unadjusted paired query-cluster percentile
wands,minilm,lexical_descending,fixed,100,True,1,1,available,structural: single deterministic fixed index,False,persistent_inclusion,0.56161564562059674,0.52209740755962619,0.60076532279033601,308,21299,query_macro,2026091701,10000,95% unadjusted paired query-cluster percentile
wands,minilm,lexical_descending,fixed,100,True,1,1,available,structural: single deterministic fixed index,False,VI,0,0,0,308,21299,query_macro,2026091701,10000,95% unadjusted paired query-cluster percentile
wands,minilm,lexical_descending,fixed,100,True,1,1,available,structural: single deterministic fixed index,False,persistent_omission,0.43838435437940326,0.39923467720966416,0.47790259244037392,308,21299,query_macro,2026091701,10000,95% unadjusted paired query-cluster percentile
wands,minilm,max_2,fixed,20,True,2,2,available,structural: single deterministic fixed index,False,Recall,0.29769485658527833,0.26210361408550642,0.33559568116514737,308,21299,query_macro,2026091701,10000,95% unadjusted paired query-cluster percentile
wands,minilm,max_2,fixed,20,True,2,2,available,structural: single deterministic fixed index,False,nDCG,0.64012356294773143,0.60857221648837156,0.67182475306653566,308,21299,query_macro,2026091701,10000,95% unadjusted paired query-cluster percentile
wands,minilm,max_2,fixed,20,True,2,2,available,structural: single deterministic fixed index,False,cNDCG,0.75836772020333987,0.73461322190010658,0.78142398798658252,308,21299,query_macro,2026091701,10000,95% unadjusted paired query-cluster percentile
wands,minilm,max_2,fixed,20,True,2,2,available,structural: single deterministic fixed index,False,judged_coverage,0.79999999999999993,0.76980519480519483,0.82938717532467543,308,21299,query_macro,2026091701,10000,95% unadjusted paired query-cluster percentile
wands,minilm,max_2,fixed,20,True,2,2,available,structural: single deterministic fixed index,False,persistent_inclusion,0.29769485658527833,0.26210361408550642,0.33559568116514737,308,21299,query_macro,2026091701,10000,95% unadjusted paired query-cluster percentile
wands,minilm,max_2,fixed,20,True,2,2,available,structural: single deterministic fixed index,False,VI,0,0,0,308,21299,query_macro,2026091701,10000,95% unadjusted paired query-cluster percentile
wands,minilm,max_2,fixed,20,True,2,2,available,structural: single deterministic fixed index,False,persistent_omission,0.70230514341472161,0.6644043188348524,0.73789638591449358,308,21299,query_macro,2026091701,10000,95% unadjusted paired query-cluster percentile
wands,minilm,max_2,fixed,100,True,2,2,available,structural: single deterministic fixed index,False,Recall,0.57039017250651913,0.53158262341590479,0.6094692356506286,308,21299,query_macro,2026091701,10000,95% unadjusted paired query-cluster percentile
wands,minilm,max_2,fixed,100,True,2,2,available,structural: single deterministic fixed index,False,nDCG,0.6273584084753896,0.59849101754266365,0.65567194389118022,308,21299,query_macro,2026091701,10000,95% unadjusted paired query-cluster percentile
wands,minilm,max_2,fixed,100,True,2,2,available,structural: single deterministic fixed index,False,cNDCG,0.83552332285263564,0.81862017386166108,0.85188092411982519,308,21299,query_macro,2026091701,10000,95% unadjusted paired query-cluster percentile
wands,minilm,max_2,fixed,100,True,2,2,available,structural: single deterministic fixed index,False,judged_coverage,0.65214285714285714,0.62068181818181811,0.68292288961038961,308,21299,query_macro,2026091701,10000,95% unadjusted paired query-cluster percentile
wands,minilm,max_2,fixed,100,True,2,2,available,structural: single deterministic fixed index,False,persistent_inclusion,0.57039017250651913,0.53158262341590479,0.6094692356506286,308,21299,query_macro,2026091701,10000,95% unadjusted paired query-cluster percentile
wands,minilm,max_2,fixed,100,True,2,2,available,structural: single deterministic fixed index,False,VI,0,0,0,308,21299,query_macro,2026091701,10000,95% unadjusted paired query-cluster percentile
wands,minilm,max_2,fixed,100,True,2,2,available,structural: single deterministic fixed index,False,persistent_omission,0.42960982749348087,0.39053076434937134,0.46841737658409521,308,21299,query_macro,2026091701,10000,95% unadjusted paired query-cluster percentile
wands,minilm,set_mean,fixed,20,True,1,one per attribute plus fixed-text atom,available,structural: single deterministic fixed index,False,Recall,0.31590859787541603,0.27925830512560579,0.3551989125555215,308,21299,query_macro,2026091701,10000,95% unadjusted paired query-cluster percentile
wands,minilm,set_mean,fixed,20,True,1,one per attribute plus fixed-text atom,available,structural: single deterministic fixed index,False,nDCG,0.63657984885959984,0.60402240484729741,0.66870416768311358,308,21299,query_macro,2026091701,10000,95% unadjusted paired query-cluster percentile
wands,minilm,set_mean,fixed,20,True,1,one per attribute plus fixed-text atom,available,structural: single deterministic fixed index,False,cNDCG,0.75783475885235951,0.73482818395894145,0.78060724839183149,308,21299,query_macro,2026091701,10000,95% unadjusted paired query-cluster percentile
wands,minilm,set_mean,fixed,20,True,1,one per attribute plus fixed-text atom,available,structural: single deterministic fixed index,False,judged_coverage,0.78879870129870122,0.75714285714285712,0.81915584415584419,308,21299,query_macro,2026091701,10000,95% unadjusted paired query-cluster percentile
wands,minilm,set_mean,fixed,20,True,1,one per attribute plus fixed-text atom,available,structural: single deterministic fixed index,False,persistent_inclusion,0.31590859787541603,0.27925830512560579,0.3551989125555215,308,21299,query_macro,2026091701,10000,95% unadjusted paired query-cluster percentile
wands,minilm,set_mean,fixed,20,True,1,one per attribute plus fixed-text atom,available,structural: single deterministic fixed index,False,VI,0,0,0,308,21299,query_macro,2026091701,10000,95% unadjusted paired query-cluster percentile
wands,minilm,set_mean,fixed,20,True,1,one per attribute plus fixed-text atom,available,structural: single deterministic fixed index,False,persistent_omission,0.68409140212458408,0.64480108744447839,0.72074169487439399,308,21299,query_macro,2026091701,10000,95% unadjusted paired query-cluster percentile
wands,minilm,set_mean,fixed,100,True,1,one per attribute plus fixed-text atom,available,structural: single deterministic fixed index,False,Recall,0.58807000328954695,0.54951830546791147,0.62720441024914009,308,21299,query_macro,2026091701,10000,95% unadjusted paired query-cluster percentile
wands,minilm,set_mean,fixed,100,True,1,one per attribute plus fixed-text atom,available,structural: single deterministic fixed index,False,nDCG,0.62339340671803134,0.59398432914228794,0.65234050542789301,308,21299,query_macro,2026091701,10000,95% unadjusted paired query-cluster percentile
wands,minilm,set_mean,fixed,100,True,1,one per attribute plus fixed-text atom,available,structural: single deterministic fixed index,False,cNDCG,0.8368827124331818,0.81957130396689215,0.85372684695674494,308,21299,query_macro,2026091701,10000,95% unadjusted paired query-cluster percentile
wands,minilm,set_mean,fixed,100,True,1,one per attribute plus fixed-text atom,available,structural: single deterministic fixed index,False,judged_coverage,0.64389610389610386,0.61178490259740259,0.67509740259740258,308,21299,query_macro,2026091701,10000,95% unadjusted paired query-cluster percentile
wands,minilm,set_mean,fixed,100,True,1,one per attribute plus fixed-text atom,available,structural: single deterministic fixed index,False,persistent_inclusion,0.58807000328954695,0.54951830546791147,0.62720441024914009,308,21299,query_macro,2026091701,10000,95% unadjusted paired query-cluster percentile
wands,minilm,set_mean,fixed,100,True,1,one per attribute plus fixed-text atom,available,structural: single deterministic fixed index,False,VI,0,0,0,308,21299,query_macro,2026091701,10000,95% unadjusted paired query-cluster percentile
wands,minilm,set_mean,fixed,100,True,1,one per attribute plus fixed-text atom,available,structural: single deterministic fixed index,False,persistent_omission,0.41192999671045294,0.37279558975086002,0.45048169453208847,308,21299,query_macro,2026091701,10000,95% unadjusted paired query-cluster percentile
wands,minilm,BM25,fixed,20,True,0,0,available,structural: single deterministic fixed index,True,Recall,0.34719854882523571,0.30806109243224444,0.38841751918078665,308,21299,query_macro,2026091701,10000,95% unadjusted paired query-cluster percentile
wands,minilm,BM25,fixed,20,True,0,0,available,structural: single deterministic fixed index,True,nDCG,0.65478806681744361,0.62096615908735209,0.68880409072461768,308,21299,query_macro,2026091701,10000,95% unadjusted paired query-cluster percentile
wands,minilm,BM25,fixed,20,True,0,0,available,structural: single deterministic fixed index,True,cNDCG,0.7681250504582765,0.7421421807816736,0.79384257988167839,308,21299,query_macro,2026091701,10000,95% unadjusted paired query-cluster percentile
wands,minilm,BM25,fixed,20,True,0,0,available,structural: single deterministic fixed index,True,judged_coverage,0.80146103896103904,0.77159090909090922,0.83084415584415572,308,21299,query_macro,2026091701,10000,95% unadjusted paired query-cluster percentile
wands,minilm,BM25,fixed,20,True,0,0,available,structural: single deterministic fixed index,True,persistent_inclusion,0.34719854882523571,0.30806109243224444,0.38841751918078665,308,21299,query_macro,2026091701,10000,95% unadjusted paired query-cluster percentile
wands,minilm,BM25,fixed,20,True,0,0,available,structural: single deterministic fixed index,True,VI,0,0,0,308,21299,query_macro,2026091701,10000,95% unadjusted paired query-cluster percentile
wands,minilm,BM25,fixed,20,True,0,0,available,structural: single deterministic fixed index,True,persistent_omission,0.65280145117476429,0.61158248081921329,0.69193890756775556,308,21299,query_macro,2026091701,10000,95% unadjusted paired query-cluster percentile
wands,minilm,BM25,fixed,100,True,0,0,available,structural: single deterministic fixed index,True,Recall,0.6323252253791084,0.59232344317102892,0.67096027386546242,308,21299,query_macro,2026091701,10000,95% unadjusted paired query-cluster percentile
wands,minilm,BM25,fixed,100,True,0,0,available,structural: single deterministic fixed index,True,nDCG,0.64542307001614274,0.61512900314083885,0.67545338986760883,308,21299,query_macro,2026091701,10000,95% unadjusted paired query-cluster percentile
wands,minilm,BM25,fixed,100,True,0,0,available,structural: single deterministic fixed index,True,cNDCG,0.83521180914045445,0.81557908753019692,0.85374902339390346,308,21299,query_macro,2026091701,10000,95% unadjusted paired query-cluster percentile
wands,minilm,BM25,fixed,100,True,0,0,available,structural: single deterministic fixed index,True,judged_coverage,0.66633116883116894,0.63597321428571429,0.69649431818181817,308,21299,query_macro,2026091701,10000,95% unadjusted paired query-cluster percentile
wands,minilm,BM25,fixed,100,True,0,0,available,structural: single deterministic fixed index,True,persistent_inclusion,0.6323252253791084,0.59232344317102892,0.67096027386546242,308,21299,query_macro,2026091701,10000,95% unadjusted paired query-cluster percentile
wands,minilm,BM25,fixed,100,True,0,0,available,structural: single deterministic fixed index,True,VI,0,0,0,308,21299,query_macro,2026091701,10000,95% unadjusted paired query-cluster percentile
wands,minilm,BM25,fixed,100,True,0,0,available,structural: single deterministic fixed index,True,persistent_omission,0.3676747746208916,0.32903972613453758,0.40767655682897103,308,21299,query_macro,2026091701,10000,95% unadjusted paired query-cluster percentile
wands,bge_base,raw,C0,20,False,1,1,available,observed seven catalog schedules,False,Recall,0.3610458935456568,0.32234110988791992,0.40080520328431019,308,21299,query_macro,2026091701,10000,95% unadjusted paired query-cluster percentile
wands,bge_base,raw,C0,20,False,1,1,available,observed seven catalog schedules,False,nDCG,0.70075665854978364,0.67106667332952075,0.73037766059277121,308,21299,query_macro,2026091701,10000,95% unadjusted paired query-cluster percentile
wands,bge_base,raw,C0,20,False,1,1,available,observed seven catalog schedules,False,cNDCG,0.8072703575990966,0.78695889038670575,0.82766409856684542,308,21299,query_macro,2026091701,10000,95% unadjusted paired query-cluster percentile
wands,bge_base,raw,C0,20,False,1,1,available,observed seven catalog schedules,False,judged_coverage,0.83214285714285718,0.80519074675324664,0.85827922077922081,308,21299,query_macro,2026091701,10000,95% unadjusted paired query-cluster percentile
wands,bge_base,raw,C0,20,False,1,1,available,observed seven catalog schedules,False,persistent_inclusion,0.3047234009976918,0.26566395410641097,0.34541035757761457,308,21299,query_macro,2026091701,10000,95% unadjusted paired query-cluster percentile
wands,bge_base,raw,C0,20,False,1,1,available,observed seven catalog schedules,False,VI,0.11931807342696618,0.10264131453009086,0.13753628941350593,308,21299,query_macro,2026091701,10000,95% unadjusted paired query-cluster percentile
wands,bge_base,raw,C0,20,False,1,1,available,observed seven catalog schedules,False,persistent_omission,0.575958525575342,0.53716822583802326,0.6145506168581808,308,21299,query_macro,2026091701,10000,95% unadjusted paired query-cluster percentile
wands,bge_base,raw,seven_mean,20,False,1,1,available,observed seven catalog schedules,False,Recall,0.36037983988205796,0.32216778697275672,0.39991681977311844,308,21299,query_macro,2026091701,10000,95% unadjusted paired query-cluster percentile
wands,bge_base,raw,seven_mean,20,False,1,1,available,observed seven catalog schedules,False,nDCG,0.70078364080382438,0.67143171462427453,0.73011846232554845,308,21299,query_macro,2026091701,10000,95% unadjusted paired query-cluster percentile
wands,bge_base,raw,seven_mean,20,False,1,1,available,observed seven catalog schedules,False,cNDCG,0.80743250484026452,0.78715313012133725,0.8278874492559225,308,21299,query_macro,2026091701,10000,95% unadjusted paired query-cluster percentile
wands,bge_base,raw,seven_mean,20,False,1,1,available,observed seven catalog schedules,False,judged_coverage,0.82998608534322826,0.80275800092764393,0.85633116883116878,308,21299,query_macro,2026091701,10000,95% unadjusted paired query-cluster percentile
wands,bge_base,raw,seven_mean,20,False,1,1,available,observed seven catalog schedules,False,persistent_inclusion,0.3047234009976918,0.26566395410641097,0.34541035757761457,308,21299,query_macro,2026091701,10000,95% unadjusted paired query-cluster percentile
wands,bge_base,raw,seven_mean,20,False,1,1,available,observed seven catalog schedules,False,VI,0.11931807342696618,0.10264131453009086,0.13753628941350593,308,21299,query_macro,2026091701,10000,95% unadjusted paired query-cluster percentile
wands,bge_base,raw,seven_mean,20,False,1,1,available,observed seven catalog schedules,False,persistent_omission,0.575958525575342,0.53716822583802326,0.6145506168581808,308,21299,query_macro,2026091701,10000,95% unadjusted paired query-cluster percentile
wands,bge_base,raw,C0,100,False,1,1,available,observed seven catalog schedules,False,Recall,0.63170920631482363,0.59367578291784817,0.66998705402005487,308,21299,query_macro,2026091701,10000,95% unadjusted paired query-cluster percentile
wands,bge_base,raw,C0,100,False,1,1,available,observed seven catalog schedules,False,nDCG,0.68299707170297064,0.65558641583372335,0.70973269308261377,308,21299,query_macro,2026091701,10000,95% unadjusted paired query-cluster percentile
wands,bge_base,raw,C0,100,False,1,1,available,observed seven catalog schedules,False,cNDCG,0.86318437098269496,0.8481225516921137,0.8776044964207701,308,21299,query_macro,2026091701,10000,95% unadjusted paired query-cluster percentile
wands,bge_base,raw,C0,100,False,1,1,available,observed seven catalog schedules,False,judged_coverage,0.68672077922077923,0.65662256493506499,0.71675405844155848,308,21299,query_macro,2026091701,10000,95% unadjusted paired query-cluster percentile
wands,bge_base,raw,C0,100,False,1,1,available,observed seven catalog schedules,False,persistent_inclusion,0.57180274611632587,0.53069885901454872,0.61299271831583435,308,21299,query_macro,2026091701,10000,95% unadjusted paired query-cluster percentile
wands,bge_base,raw,C0,100,False,1,1,available,observed seven catalog schedules,False,VI,0.12304874805427349,0.10489639004814211,0.1429622483562622,308,21299,query_macro,2026091701,10000,95% unadjusted paired query-cluster percentile
wands,bge_base,raw,C0,100,False,1,1,available,observed seven catalog schedules,False,persistent_omission,0.30514850582940067,0.27061194729752447,0.33981294145996938,308,21299,query_macro,2026091701,10000,95% unadjusted paired query-cluster percentile
wands,bge_base,raw,seven_mean,100,False,1,1,available,observed seven catalog schedules,False,Recall,0.63620256871136815,0.59904065365113046,0.67359257044763121,308,21299,query_macro,2026091701,10000,95% unadjusted paired query-cluster percentile
wands,bge_base,raw,seven_mean,100,False,1,1,available,observed seven catalog schedules,False,nDCG,0.68158096873991114,0.65413963711931411,0.70816956360269623,308,21299,query_macro,2026091701,10000,95% unadjusted paired query-cluster percentile
wands,bge_base,raw,seven_mean,100,False,1,1,available,observed seven catalog schedules,False,cNDCG,0.862958589123486,0.8480642560487428,0.87739394718034225,308,21299,query_macro,2026091701,10000,95% unadjusted paired query-cluster percentile
wands,bge_base,raw,seven_mean,100,False,1,1,available,observed seven catalog schedules,False,judged_coverage,0.68464749536178104,0.65455878942486101,0.7146709183673472,308,21299,query_macro,2026091701,10000,95% unadjusted paired query-cluster percentile
wands,bge_base,raw,seven_mean,100,False,1,1,available,observed seven catalog schedules,False,persistent_inclusion,0.57180274611632587,0.53069885901454872,0.61299271831583435,308,21299,query_macro,2026091701,10000,95% unadjusted paired query-cluster percentile
wands,bge_base,raw,seven_mean,100,False,1,1,available,observed seven catalog schedules,False,VI,0.12304874805427349,0.10489639004814211,0.1429622483562622,308,21299,query_macro,2026091701,10000,95% unadjusted paired query-cluster percentile
wands,bge_base,raw,seven_mean,100,False,1,1,available,observed seven catalog schedules,False,persistent_omission,0.30514850582940067,0.27061194729752447,0.33981294145996938,308,21299,query_macro,2026091701,10000,95% unadjusted paired query-cluster percentile
wands,bge_base,raw_hybrid,C0,20,False,1,1,available,observed seven catalog schedules,True,Recall,0.38070869313272793,0.3419888435380517,0.42072077586759005,308,21299,query_macro,2026091701,10000,95% unadjusted paired query-cluster percentile
wands,bge_base,raw_hybrid,C0,20,False,1,1,available,observed seven catalog schedules,True,nDCG,0.72514760017851643,0.69529017800766901,0.75456991829434761,308,21299,query_macro,2026091701,10000,95% unadjusted paired query-cluster percentile
wands,bge_base,raw_hybrid,C0,20,False,1,1,available,observed seven catalog schedules,True,cNDCG,0.81045882767338939,0.78863967827590875,0.83239196542336613,308,21299,query_macro,2026091701,10000,95% unadjusted paired query-cluster percentile
wands,bge_base,raw_hybrid,C0,20,False,1,1,available,observed seven catalog schedules,True,judged_coverage,0.86428571428571443,0.8387987012987016,0.88847402597402592,308,21299,query_macro,2026091701,10000,95% unadjusted paired query-cluster percentile
wands,bge_base,raw_hybrid,C0,20,False,1,1,available,observed seven catalog schedules,True,persistent_inclusion,0.34296899772358569,0.30432418928188754,0.38323901904579505,308,21299,query_macro,2026091701,10000,95% unadjusted paired query-cluster percentile
wands,bge_base,raw_hybrid,C0,20,False,1,1,available,observed seven catalog schedules,True,VI,0.07522490492540361,0.063142213951726894,0.088346218755919595,308,21299,query_macro,2026091701,10000,95% unadjusted paired query-cluster percentile
wands,bge_base,raw_hybrid,C0,20,False,1,1,available,observed seven catalog schedules,True,persistent_omission,0.58180609735101063,0.54193789443419305,0.62071001583167562,308,21299,query_macro,2026091701,10000,95% unadjusted paired query-cluster percentile
wands,bge_base,raw_hybrid,seven_mean,20,False,1,1,available,observed seven catalog schedules,True,Recall,0.38073781931723288,0.34208116342839179,0.42097873511917761,308,21299,query_macro,2026091701,10000,95% unadjusted paired query-cluster percentile
wands,bge_base,raw_hybrid,seven_mean,20,False,1,1,available,observed seven catalog schedules,True,nDCG,0.72537766043359608,0.69577707179442849,0.75447711152594787,308,21299,query_macro,2026091701,10000,95% unadjusted paired query-cluster percentile
wands,bge_base,raw_hybrid,seven_mean,20,False,1,1,available,observed seven catalog schedules,True,cNDCG,0.81050388240019766,0.78885916998233463,0.83227407144845023,308,21299,query_macro,2026091701,10000,95% unadjusted paired query-cluster percentile
wands,bge_base,raw_hybrid,seven_mean,20,False,1,1,available,observed seven catalog schedules,True,judged_coverage,0.86444805194805197,0.83928513450834907,0.88847402597402592,308,21299,query_macro,2026091701,10000,95% unadjusted paired query-cluster percentile
wands,bge_base,raw_hybrid,seven_mean,20,False,1,1,available,observed seven catalog schedules,True,persistent_inclusion,0.34296899772358569,0.30432418928188754,0.38323901904579505,308,21299,query_macro,2026091701,10000,95% unadjusted paired query-cluster percentile
wands,bge_base,raw_hybrid,seven_mean,20,False,1,1,available,observed seven catalog schedules,True,VI,0.07522490492540361,0.063142213951726894,0.088346218755919595,308,21299,query_macro,2026091701,10000,95% unadjusted paired query-cluster percentile
wands,bge_base,raw_hybrid,seven_mean,20,False,1,1,available,observed seven catalog schedules,True,persistent_omission,0.58180609735101063,0.54193789443419305,0.62071001583167562,308,21299,query_macro,2026091701,10000,95% unadjusted paired query-cluster percentile
wands,bge_base,raw_hybrid,C0,100,False,1,1,available,observed seven catalog schedules,True,Recall,0.68063958903824462,0.64281529362933121,0.71770449550612858,308,21299,query_macro,2026091701,10000,95% unadjusted paired query-cluster percentile
wands,bge_base,raw_hybrid,C0,100,False,1,1,available,observed seven catalog schedules,True,nDCG,0.71098186473431979,0.68381477304040705,0.73730936821089232,308,21299,query_macro,2026091701,10000,95% unadjusted paired query-cluster percentile
wands,bge_base,raw_hybrid,C0,100,False,1,1,available,observed seven catalog schedules,True,cNDCG,0.86369995483223483,0.84772514711653169,0.87927983556392852,308,21299,query_macro,2026091701,10000,95% unadjusted paired query-cluster percentile
wands,bge_base,raw_hybrid,C0,100,False,1,1,available,observed seven catalog schedules,True,judged_coverage,0.72142857142857142,0.69356980519480504,0.74925405844155835,308,21299,query_macro,2026091701,10000,95% unadjusted paired query-cluster percentile
wands,bge_base,raw_hybrid,C0,100,False,1,1,available,observed seven catalog schedules,True,persistent_inclusion,0.64261107705093157,0.60281905721734352,0.68124608975628442,308,21299,query_macro,2026091701,10000,95% unadjusted paired query-cluster percentile
wands,bge_base,raw_hybrid,C0,100,False,1,1,available,observed seven catalog schedules,True,VI,0.070466067747674915,0.057977554667866367,0.084599258432860119,308,21299,query_macro,2026091701,10000,95% unadjusted paired query-cluster percentile
wands,bge_base,raw_hybrid,C0,100,False,1,1,available,observed seven catalog schedules,True,persistent_omission,0.28692285520139343,0.25218561541733781,0.32241857365660581,308,21299,query_macro,2026091701,10000,95% unadjusted paired query-cluster percentile
wands,bge_base,raw_hybrid,seven_mean,100,False,1,1,available,observed seven catalog schedules,True,Recall,0.6777267663292682,0.64034080744901067,0.71394130552641943,308,21299,query_macro,2026091701,10000,95% unadjusted paired query-cluster percentile
wands,bge_base,raw_hybrid,seven_mean,100,False,1,1,available,observed seven catalog schedules,True,nDCG,0.71037569152217273,0.68326890690237052,0.73679153163113265,308,21299,query_macro,2026091701,10000,95% unadjusted paired query-cluster percentile
wands,bge_base,raw_hybrid,seven_mean,100,False,1,1,available,observed seven catalog schedules,True,cNDCG,0.86348101360669249,0.84761541574416999,0.87895850653319063,308,21299,query_macro,2026091701,10000,95% unadjusted paired query-cluster percentile
wands,bge_base,raw_hybrid,seven_mean,100,False,1,1,available,observed seven catalog schedules,True,judged_coverage,0.72005102040816327,0.69199907235621505,0.74788079777365479,308,21299,query_macro,2026091701,10000,95% unadjusted paired query-cluster percentile
wands,bge_base,raw_hybrid,seven_mean,100,False,1,1,available,observed seven catalog schedules,True,persistent_inclusion,0.64261107705093157,0.60281905721734352,0.68124608975628442,308,21299,query_macro,2026091701,10000,95% unadjusted paired query-cluster percentile
wands,bge_base,raw_hybrid,seven_mean,100,False,1,1,available,observed seven catalog schedules,True,VI,0.070466067747674915,0.057977554667866367,0.084599258432860119,308,21299,query_macro,2026091701,10000,95% unadjusted paired query-cluster percentile
wands,bge_base,raw_hybrid,seven_mean,100,False,1,1,available,observed seven catalog schedules,True,persistent_omission,0.28692285520139343,0.25218561541733781,0.32241857365660581,308,21299,query_macro,2026091701,10000,95% unadjusted paired query-cluster percentile
wands,bge_base,canonical_hybrid_field_priority_type,fixed,20,True,1,1,available,structural: single deterministic fixed index,True,Recall,0.37619949338542363,0.33796369640912161,0.41615263348020526,308,21299,query_macro,2026091701,10000,95% unadjusted paired query-cluster percentile
wands,bge_base,canonical_hybrid_field_priority_type,fixed,20,True,1,1,available,structural: single deterministic fixed index,True,nDCG,0.72619245825225698,0.6963400084448983,0.7553081442018148,308,21299,query_macro,2026091701,10000,95% unadjusted paired query-cluster percentile
wands,bge_base,canonical_hybrid_field_priority_type,fixed,20,True,1,1,available,structural: single deterministic fixed index,True,cNDCG,0.80976432138664778,0.78803213397140603,0.83163341058613727,308,21299,query_macro,2026091701,10000,95% unadjusted paired query-cluster percentile
wands,bge_base,canonical_hybrid_field_priority_type,fixed,20,True,1,1,available,structural: single deterministic fixed index,True,judged_coverage,0.86785714285714288,0.84285714285714308,0.8917207792207793,308,21299,query_macro,2026091701,10000,95% unadjusted paired query-cluster percentile
wands,bge_base,canonical_hybrid_field_priority_type,fixed,20,True,1,1,available,structural: single deterministic fixed index,True,persistent_inclusion,0.37619949338542363,0.33796369640912161,0.41615263348020526,308,21299,query_macro,2026091701,10000,95% unadjusted paired query-cluster percentile
wands,bge_base,canonical_hybrid_field_priority_type,fixed,20,True,1,1,available,structural: single deterministic fixed index,True,VI,0,0,0,308,21299,query_macro,2026091701,10000,95% unadjusted paired query-cluster percentile
wands,bge_base,canonical_hybrid_field_priority_type,fixed,20,True,1,1,available,structural: single deterministic fixed index,True,persistent_omission,0.62380050661457642,0.58384736651979474,0.66203630359087828,308,21299,query_macro,2026091701,10000,95% unadjusted paired query-cluster percentile
wands,bge_base,canonical_hybrid_field_priority_type,fixed,100,True,1,1,available,structural: single deterministic fixed index,True,Recall,0.67829953091908368,0.64064300974374055,0.71474375774531673,308,21299,query_macro,2026091701,10000,95% unadjusted paired query-cluster percentile
wands,bge_base,canonical_hybrid_field_priority_type,fixed,100,True,1,1,available,structural: single deterministic fixed index,True,nDCG,0.71147418050595967,0.68447319128117912,0.73768697208247402,308,21299,query_macro,2026091701,10000,95% unadjusted paired query-cluster percentile
wands,bge_base,canonical_hybrid_field_priority_type,fixed,100,True,1,1,available,structural: single deterministic fixed index,True,cNDCG,0.8638978997473723,0.847866172178943,0.8794826231520313,308,21299,query_macro,2026091701,10000,95% unadjusted paired query-cluster percentile
wands,bge_base,canonical_hybrid_field_priority_type,fixed,100,True,1,1,available,structural: single deterministic fixed index,True,judged_coverage,0.72120129870129868,0.69318100649350656,0.74912337662337647,308,21299,query_macro,2026091701,10000,95% unadjusted paired query-cluster percentile
wands,bge_base,canonical_hybrid_field_priority_type,fixed,100,True,1,1,available,structural: single deterministic fixed index,True,persistent_inclusion,0.67829953091908368,0.64064300974374055,0.71474375774531673,308,21299,query_macro,2026091701,10000,95% unadjusted paired query-cluster percentile
wands,bge_base,canonical_hybrid_field_priority_type,fixed,100,True,1,1,available,structural: single deterministic fixed index,True,VI,0,0,0,308,21299,query_macro,2026091701,10000,95% unadjusted paired query-cluster percentile
wands,bge_base,canonical_hybrid_field_priority_type,fixed,100,True,1,1,available,structural: single deterministic fixed index,True,persistent_omission,0.32170046908091632,0.28525624225468321,0.35935699025625933,308,21299,query_macro,2026091701,10000,95% unadjusted paired query-cluster percentile
wands,bge_base,canonical_hybrid_lexical_ascending,fixed,20,True,1,1,available,structural: single deterministic fixed index,True,Recall,0.37449670526297002,0.33591991444497571,0.41437494271614572,308,21299,query_macro,2026091701,10000,95% unadjusted paired query-cluster percentile
wands,bge_base,canonical_hybrid_lexical_ascending,fixed,20,True,1,1,available,structural: single deterministic fixed index,True,nDCG,0.72393252630820026,0.69410805364329387,0.75316418182245859,308,21299,query_macro,2026091701,10000,95% unadjusted paired query-cluster percentile
wands,bge_base,canonical_hybrid_lexical_ascending,fixed,20,True,1,1,available,structural: single deterministic fixed index,True,cNDCG,0.80854233412682119,0.78673206600386392,0.83039539114739847,308,21299,query_macro,2026091701,10000,95% unadjusted paired query-cluster percentile
wands,bge_base,canonical_hybrid_lexical_ascending,fixed,20,True,1,1,available,structural: single deterministic fixed index,True,judged_coverage,0.86542207792207793,0.84025974025974026,0.88977272727272727,308,21299,query_macro,2026091701,10000,95% unadjusted paired query-cluster percentile
wands,bge_base,canonical_hybrid_lexical_ascending,fixed,20,True,1,1,available,structural: single deterministic fixed index,True,persistent_inclusion,0.37449670526297002,0.33591991444497571,0.41437494271614572,308,21299,query_macro,2026091701,10000,95% unadjusted paired query-cluster percentile
wands,bge_base,canonical_hybrid_lexical_ascending,fixed,20,True,1,1,available,structural: single deterministic fixed index,True,VI,0,0,0,308,21299,query_macro,2026091701,10000,95% unadjusted paired query-cluster percentile
wands,bge_base,canonical_hybrid_lexical_ascending,fixed,20,True,1,1,available,structural: single deterministic fixed index,True,persistent_omission,0.62550329473702992,0.58562505728385428,0.66408008555502418,308,21299,query_macro,2026091701,10000,95% unadjusted paired query-cluster percentile
wands,bge_base,canonical_hybrid_lexical_ascending,fixed,100,True,1,1,available,structural: single deterministic fixed index,True,Recall,0.68152186815497895,0.64448956304312,0.71734544524412291,308,21299,query_macro,2026091701,10000,95% unadjusted paired query-cluster percentile
wands,bge_base,canonical_hybrid_lexical_ascending,fixed,100,True,1,1,available,structural: single deterministic fixed index,True,nDCG,0.70949262738029439,0.68241211699963344,0.73578766222283976,308,21299,query_macro,2026091701,10000,95% unadjusted paired query-cluster percentile
wands,bge_base,canonical_hybrid_lexical_ascending,fixed,100,True,1,1,available,structural: single deterministic fixed index,True,cNDCG,0.86318533036402212,0.84717529262955205,0.87877331094698863,308,21299,query_macro,2026091701,10000,95% unadjusted paired query-cluster percentile
wands,bge_base,canonical_hybrid_lexical_ascending,fixed,100,True,1,1,available,structural: single deterministic fixed index,True,judged_coverage,0.71866883116883118,0.69071266233766226,0.74665665584415586,308,21299,query_macro,2026091701,10000,95% unadjusted paired query-cluster percentile
wands,bge_base,canonical_hybrid_lexical_ascending,fixed,100,True,1,1,available,structural: single deterministic fixed index,True,persistent_inclusion,0.68152186815497895,0.64448956304312,0.71734544524412291,308,21299,query_macro,2026091701,10000,95% unadjusted paired query-cluster percentile
wands,bge_base,canonical_hybrid_lexical_ascending,fixed,100,True,1,1,available,structural: single deterministic fixed index,True,VI,0,0,0,308,21299,query_macro,2026091701,10000,95% unadjusted paired query-cluster percentile
wands,bge_base,canonical_hybrid_lexical_ascending,fixed,100,True,1,1,available,structural: single deterministic fixed index,True,persistent_omission,0.31847813184502116,0.28265455475587681,0.35551043695688017,308,21299,query_macro,2026091701,10000,95% unadjusted paired query-cluster percentile
wands,bge_base,canonical_hybrid_lexical_descending,fixed,20,True,1,1,available,structural: single deterministic fixed index,True,Recall,0.38372968113071815,0.34463022595535725,0.42445526383077664,308,21299,query_macro,2026091701,10000,95% unadjusted paired query-cluster percentile
wands,bge_base,canonical_hybrid_lexical_descending,fixed,20,True,1,1,available,structural: single deterministic fixed index,True,nDCG,0.72719847748934907,0.69748190743045557,0.75641280439332814,308,21299,query_macro,2026091701,10000,95% unadjusted paired query-cluster percentile
wands,bge_base,canonical_hybrid_lexical_descending,fixed,20,True,1,1,available,structural: single deterministic fixed index,True,cNDCG,0.81227562286424237,0.79038356751465078,0.83437394874646753,308,21299,query_macro,2026091701,10000,95% unadjusted paired query-cluster percentile
wands,bge_base,canonical_hybrid_lexical_descending,fixed,20,True,1,1,available,structural: single deterministic fixed index,True,judged_coverage,0.8660714285714286,0.84090909090909094,0.89009740259740266,308,21299,query_macro,2026091701,10000,95% unadjusted paired query-cluster percentile
wands,bge_base,canonical_hybrid_lexical_descending,fixed,20,True,1,1,available,structural: single deterministic fixed index,True,persistent_inclusion,0.38372968113071815,0.34463022595535725,0.42445526383077664,308,21299,query_macro,2026091701,10000,95% unadjusted paired query-cluster percentile
wands,bge_base,canonical_hybrid_lexical_descending,fixed,20,True,1,1,available,structural: single deterministic fixed index,True,VI,0,0,0,308,21299,query_macro,2026091701,10000,95% unadjusted paired query-cluster percentile
wands,bge_base,canonical_hybrid_lexical_descending,fixed,20,True,1,1,available,structural: single deterministic fixed index,True,persistent_omission,0.61627031886928174,0.5755447361692233,0.65536977404464281,308,21299,query_macro,2026091701,10000,95% unadjusted paired query-cluster percentile
wands,bge_base,canonical_hybrid_lexical_descending,fixed,100,True,1,1,available,structural: single deterministic fixed index,True,Recall,0.67927943113548672,0.64130178533032967,0.71566536588094176,308,21299,query_macro,2026091701,10000,95% unadjusted paired query-cluster percentile
wands,bge_base,canonical_hybrid_lexical_descending,fixed,100,True,1,1,available,structural: single deterministic fixed index,True,nDCG,0.71006923019579193,0.68287740482594583,0.73645568750055279,308,21299,query_macro,2026091701,10000,95% unadjusted paired query-cluster percentile
wands,bge_base,canonical_hybrid_lexical_descending,fixed,100,True,1,1,available,structural: single deterministic fixed index,True,cNDCG,0.86450334518720851,0.84844944628147967,0.88014095649456237,308,21299,query_macro,2026091701,10000,95% unadjusted paired query-cluster percentile
wands,bge_base,canonical_hybrid_lexical_descending,fixed,100,True,1,1,available,structural: single deterministic fixed index,True,judged_coverage,0.71993506493506498,0.69185064935064922,0.74753327922077928,308,21299,query_macro,2026091701,10000,95% unadjusted paired query-cluster percentile
wands,bge_base,canonical_hybrid_lexical_descending,fixed,100,True,1,1,available,structural: single deterministic fixed index,True,persistent_inclusion,0.67927943113548672,0.64130178533032967,0.71566536588094176,308,21299,query_macro,2026091701,10000,95% unadjusted paired query-cluster percentile
wands,bge_base,canonical_hybrid_lexical_descending,fixed,100,True,1,1,available,structural: single deterministic fixed index,True,VI,0,0,0,308,21299,query_macro,2026091701,10000,95% unadjusted paired query-cluster percentile
wands,bge_base,canonical_hybrid_lexical_descending,fixed,100,True,1,1,available,structural: single deterministic fixed index,True,persistent_omission,0.32072056886451322,0.28433463411905835,0.35869821466967039,308,21299,query_macro,2026091701,10000,95% unadjusted paired query-cluster percentile
wands,bge_base,centroid_2,fixed,20,True,1,2,available,structural: single deterministic fixed index,False,Recall,0.36399834701464845,0.3250595868473462,0.40363514376421894,308,21299,query_macro,2026091701,10000,95% unadjusted paired query-cluster percentile
wands,bge_base,centroid_2,fixed,20,True,1,2,available,structural: single deterministic fixed index,False,nDCG,0.70510308873633343,0.67560332862527583,0.734694544189612,308,21299,query_macro,2026091701,10000,95% unadjusted paired query-cluster percentile
wands,bge_base,centroid_2,fixed,20,True,1,2,available,structural: single deterministic fixed index,False,cNDCG,0.80917946809829266,0.78876117582832994,0.82982747190111117,308,21299,query_macro,2026091701,10000,95% unadjusted paired query-cluster percentile
wands,bge_base,centroid_2,fixed,20,True,1,2,available,structural: single deterministic fixed index,False,judged_coverage,0.83538961038961046,0.807950487012987,0.86185064935064948,308,21299,query_macro,2026091701,10000,95% unadjusted paired query-cluster percentile
wands,bge_base,centroid_2,fixed,20,True,1,2,available,structural: single deterministic fixed index,False,persistent_inclusion,0.36399834701464845,0.3250595868473462,0.40363514376421894,308,21299,query_macro,2026091701,10000,95% unadjusted paired query-cluster percentile
wands,bge_base,centroid_2,fixed,20,True,1,2,available,structural: single deterministic fixed index,False,VI,0,0,0,308,21299,query_macro,2026091701,10000,95% unadjusted paired query-cluster percentile
wands,bge_base,centroid_2,fixed,20,True,1,2,available,structural: single deterministic fixed index,False,persistent_omission,0.6360016529853515,0.59636485623578084,0.67494041315265385,308,21299,query_macro,2026091701,10000,95% unadjusted paired query-cluster percentile
wands,bge_base,centroid_2,fixed,100,True,1,2,available,structural: single deterministic fixed index,False,Recall,0.63955770084774988,0.60173860958738312,0.67748544145594114,308,21299,query_macro,2026091701,10000,95% unadjusted paired query-cluster percentile
wands,bge_base,centroid_2,fixed,100,True,1,2,available,structural: single deterministic fixed index,False,nDCG,0.68651963814947703,0.65914260137335334,0.71304562071282884,308,21299,query_macro,2026091701,10000,95% unadjusted paired query-cluster percentile
wands,bge_base,centroid_2,fixed,100,True,1,2,available,structural: single deterministic fixed index,False,cNDCG,0.86439389246693921,0.84960831461154473,0.87875486070165376,308,21299,query_macro,2026091701,10000,95% unadjusted paired query-cluster percentile
wands,bge_base,centroid_2,fixed,100,True,1,2,available,structural: single deterministic fixed index,False,judged_coverage,0.68941558441558448,0.65931818181818191,0.71948051948051961,308,21299,query_macro,2026091701,10000,95% unadjusted paired query-cluster percentile
wands,bge_base,centroid_2,fixed,100,True,1,2,available,structural: single deterministic fixed index,False,persistent_inclusion,0.63955770084774988,0.60173860958738312,0.67748544145594114,308,21299,query_macro,2026091701,10000,95% unadjusted paired query-cluster percentile
wands,bge_base,centroid_2,fixed,100,True,1,2,available,structural: single deterministic fixed index,False,VI,0,0,0,308,21299,query_macro,2026091701,10000,95% unadjusted paired query-cluster percentile
wands,bge_base,centroid_2,fixed,100,True,1,2,available,structural: single deterministic fixed index,False,persistent_omission,0.36044229915225023,0.3225145585440588,0.39826139041261699,308,21299,query_macro,2026091701,10000,95% unadjusted paired query-cluster percentile
wands,bge_base,centroid_4,fixed,20,True,1,4,available,structural: single deterministic fixed index,False,Recall,0.36440203371641738,0.32537309697950745,0.40442439741677461,308,21299,query_macro,2026091701,10000,95% unadjusted paired query-cluster percentile
wands,bge_base,centroid_4,fixed,20,True,1,4,available,structural: single deterministic fixed index,False,nDCG,0.70640697870225622,0.67710127674719001,0.73588524356847729,308,21299,query_macro,2026091701,10000,95% unadjusted paired query-cluster percentile
wands,bge_base,centroid_4,fixed,20,True,1,4,available,structural: single deterministic fixed index,False,cNDCG,0.80980943965885044,0.78956147718291536,0.83009400815816847,308,21299,query_macro,2026091701,10000,95% unadjusted paired query-cluster percentile
wands,bge_base,centroid_4,fixed,20,True,1,4,available,structural: single deterministic fixed index,False,judged_coverage,0.83652597402597395,0.80925324675324672,0.86282467532467533,308,21299,query_macro,2026091701,10000,95% unadjusted paired query-cluster percentile
wands,bge_base,centroid_4,fixed,20,True,1,4,available,structural: single deterministic fixed index,False,persistent_inclusion,0.36440203371641738,0.32537309697950745,0.40442439741677461,308,21299,query_macro,2026091701,10000,95% unadjusted paired query-cluster percentile
wands,bge_base,centroid_4,fixed,20,True,1,4,available,structural: single deterministic fixed index,False,VI,0,0,0,308,21299,query_macro,2026091701,10000,95% unadjusted paired query-cluster percentile
wands,bge_base,centroid_4,fixed,20,True,1,4,available,structural: single deterministic fixed index,False,persistent_omission,0.63559796628358278,0.59557560258322528,0.67462690302049255,308,21299,query_macro,2026091701,10000,95% unadjusted paired query-cluster percentile
wands,bge_base,centroid_4,fixed,100,True,1,4,available,structural: single deterministic fixed index,False,Recall,0.6439382157905591,0.60631970317481576,0.68139051308913134,308,21299,query_macro,2026091701,10000,95% unadjusted paired query-cluster percentile
wands,bge_base,centroid_4,fixed,100,True,1,4,available,structural: single deterministic fixed index,False,nDCG,0.68902800111668694,0.66173716162294716,0.71554073116319905,308,21299,query_macro,2026091701,10000,95% unadjusted paired query-cluster percentile
wands,bge_base,centroid_4,fixed,100,True,1,4,available,structural: single deterministic fixed index,False,cNDCG,0.86525771690406195,0.85050502006084605,0.87948591975847557,308,21299,query_macro,2026091701,10000,95% unadjusted paired query-cluster percentile
wands,bge_base,centroid_4,fixed,100,True,1,4,available,structural: single deterministic fixed index,False,judged_coverage,0.69139610389610384,0.66123295454545472,0.72146103896103908,308,21299,query_macro,2026091701,10000,95% unadjusted paired query-cluster percentile
wands,bge_base,centroid_4,fixed,100,True,1,4,available,structural: single deterministic fixed index,False,persistent_inclusion,0.6439382157905591,0.60631970317481576,0.68139051308913134,308,21299,query_macro,2026091701,10000,95% unadjusted paired query-cluster percentile
wands,bge_base,centroid_4,fixed,100,True,1,4,available,structural: single deterministic fixed index,False,VI,0,0,0,308,21299,query_macro,2026091701,10000,95% unadjusted paired query-cluster percentile
wands,bge_base,centroid_4,fixed,100,True,1,4,available,structural: single deterministic fixed index,False,persistent_omission,0.35606178420944096,0.31860948691086854,0.39368029682518424,308,21299,query_macro,2026091701,10000,95% unadjusted paired query-cluster percentile
wands,bge_base,centroid_7,fixed,20,True,1,7,available,structural: single deterministic fixed index,False,Recall,0.36354744366310182,0.32475495209246452,0.40381399782381244,308,21299,query_macro,2026091701,10000,95% unadjusted paired query-cluster percentile
wands,bge_base,centroid_7,fixed,20,True,1,7,available,structural: single deterministic fixed index,False,nDCG,0.70639992504415428,0.67712448403556014,0.73570040112393253,308,21299,query_macro,2026091701,10000,95% unadjusted paired query-cluster percentile
wands,bge_base,centroid_7,fixed,20,True,1,7,available,structural: single deterministic fixed index,False,cNDCG,0.81022080467798652,0.78993286620951852,0.83054375945122816,308,21299,query_macro,2026091701,10000,95% unadjusted paired query-cluster percentile
wands,bge_base,centroid_7,fixed,20,True,1,7,available,structural: single deterministic fixed index,False,judged_coverage,0.83652597402597395,0.80892857142857155,0.86266233766233757,308,21299,query_macro,2026091701,10000,95% unadjusted paired query-cluster percentile
wands,bge_base,centroid_7,fixed,20,True,1,7,available,structural: single deterministic fixed index,False,persistent_inclusion,0.36354744366310182,0.32475495209246452,0.40381399782381244,308,21299,query_macro,2026091701,10000,95% unadjusted paired query-cluster percentile
wands,bge_base,centroid_7,fixed,20,True,1,7,available,structural: single deterministic fixed index,False,VI,0,0,0,308,21299,query_macro,2026091701,10000,95% unadjusted paired query-cluster percentile
wands,bge_base,centroid_7,fixed,20,True,1,7,available,structural: single deterministic fixed index,False,persistent_omission,0.63645255633689823,0.59618600217618734,0.67524504790753548,308,21299,query_macro,2026091701,10000,95% unadjusted paired query-cluster percentile
wands,bge_base,centroid_7,fixed,100,True,1,7,available,structural: single deterministic fixed index,False,Recall,0.64155988655014973,0.60365977746184707,0.67904726731026555,308,21299,query_macro,2026091701,10000,95% unadjusted paired query-cluster percentile
wands,bge_base,centroid_7,fixed,100,True,1,7,available,structural: single deterministic fixed index,False,nDCG,0.68886948910339452,0.66156409911577196,0.71542414532204035,308,21299,query_macro,2026091701,10000,95% unadjusted paired query-cluster percentile
wands,bge_base,centroid_7,fixed,100,True,1,7,available,structural: single deterministic fixed index,False,cNDCG,0.86539851720375405,0.85059114935276769,0.87965527235970697,308,21299,query_macro,2026091701,10000,95% unadjusted paired query-cluster percentile
wands,bge_base,centroid_7,fixed,100,True,1,7,available,structural: single deterministic fixed index,False,judged_coverage,0.69155844155844159,0.66123133116883104,0.72159090909090895,308,21299,query_macro,2026091701,10000,95% unadjusted paired query-cluster percentile
wands,bge_base,centroid_7,fixed,100,True,1,7,available,structural: single deterministic fixed index,False,persistent_inclusion,0.64155988655014973,0.60365977746184707,0.67904726731026555,308,21299,query_macro,2026091701,10000,95% unadjusted paired query-cluster percentile
wands,bge_base,centroid_7,fixed,100,True,1,7,available,structural: single deterministic fixed index,False,VI,0,0,0,308,21299,query_macro,2026091701,10000,95% unadjusted paired query-cluster percentile
wands,bge_base,centroid_7,fixed,100,True,1,7,available,structural: single deterministic fixed index,False,persistent_omission,0.35844011344985027,0.32095273268973457,0.39634022253815293,308,21299,query_macro,2026091701,10000,95% unadjusted paired query-cluster percentile
wands,bge_base,field_priority_type,fixed,20,True,1,1,available,structural: single deterministic fixed index,False,Recall,0.36483194713014078,0.32594680843779622,0.40520487436267433,308,21299,query_macro,2026091701,10000,95% unadjusted paired query-cluster percentile
wands,bge_base,field_priority_type,fixed,20,True,1,1,available,structural: single deterministic fixed index,False,nDCG,0.70298106236031865,0.673494664121981,0.73257230056865841,308,21299,query_macro,2026091701,10000,95% unadjusted paired query-cluster percentile
wands,bge_base,field_priority_type,fixed,20,True,1,1,available,structural: single deterministic fixed index,False,cNDCG,0.80744333266639412,0.78709641139786835,0.82819838284432445,308,21299,query_macro,2026091701,10000,95% unadjusted paired query-cluster percentile
wands,bge_base,field_priority_type,fixed,20,True,1,1,available,structural: single deterministic fixed index,False,judged_coverage,0.83409090909090922,0.80698051948051974,0.86022727272727284,308,21299,query_macro,2026091701,10000,95% unadjusted paired query-cluster percentile
wands,bge_base,field_priority_type,fixed,20,True,1,1,available,structural: single deterministic fixed index,False,persistent_inclusion,0.36483194713014078,0.32594680843779622,0.40520487436267433,308,21299,query_macro,2026091701,10000,95% unadjusted paired query-cluster percentile
wands,bge_base,field_priority_type,fixed,20,True,1,1,available,structural: single deterministic fixed index,False,VI,0,0,0,308,21299,query_macro,2026091701,10000,95% unadjusted paired query-cluster percentile
wands,bge_base,field_priority_type,fixed,20,True,1,1,available,structural: single deterministic fixed index,False,persistent_omission,0.63516805286985922,0.59479512563732551,0.67405319156220367,308,21299,query_macro,2026091701,10000,95% unadjusted paired query-cluster percentile
wands,bge_base,field_priority_type,fixed,100,True,1,1,available,structural: single deterministic fixed index,False,Recall,0.635647927691668,0.59786173835012313,0.67398884103875545,308,21299,query_macro,2026091701,10000,95% unadjusted paired query-cluster percentile
wands,bge_base,field_priority_type,fixed,100,True,1,1,available,structural: single deterministic fixed index,False,nDCG,0.68374293697940536,0.65613217312391026,0.71037550224463153,308,21299,query_macro,2026091701,10000,95% unadjusted paired query-cluster percentile
wands,bge_base,field_priority_type,fixed,100,True,1,1,available,structural: single deterministic fixed index,False,cNDCG,0.8637185583041449,0.84863736450305405,0.87841057765173503,308,21299,query_macro,2026091701,10000,95% unadjusted paired query-cluster percentile
wands,bge_base,field_priority_type,fixed,100,True,1,1,available,structural: single deterministic fixed index,False,judged_coverage,0.68740259740259735,0.6570454545454546,0.71721103896103888,308,21299,query_macro,2026091701,10000,95% unadjusted paired query-cluster percentile
wands,bge_base,field_priority_type,fixed,100,True,1,1,available,structural: single deterministic fixed index,False,persistent_inclusion,0.635647927691668,0.59786173835012313,0.67398884103875545,308,21299,query_macro,2026091701,10000,95% unadjusted paired query-cluster percentile
wands,bge_base,field_priority_type,fixed,100,True,1,1,available,structural: single deterministic fixed index,False,VI,0,0,0,308,21299,query_macro,2026091701,10000,95% unadjusted paired query-cluster percentile
wands,bge_base,field_priority_type,fixed,100,True,1,1,available,structural: single deterministic fixed index,False,persistent_omission,0.36435207230833194,0.32601115896124466,0.40213826164987693,308,21299,query_macro,2026091701,10000,95% unadjusted paired query-cluster percentile
wands,bge_base,lexical_ascending,fixed,20,True,1,1,available,structural: single deterministic fixed index,False,Recall,0.36072423810213533,0.32162891228295332,0.40083327496786109,308,21299,query_macro,2026091701,10000,95% unadjusted paired query-cluster percentile
wands,bge_base,lexical_ascending,fixed,20,True,1,1,available,structural: single deterministic fixed index,False,nDCG,0.69805183558293937,0.66840190716864523,0.72731284383469996,308,21299,query_macro,2026091701,10000,95% unadjusted paired query-cluster percentile
wands,bge_base,lexical_ascending,fixed,20,True,1,1,available,structural: single deterministic fixed index,False,cNDCG,0.8060787036124204,0.78547659786246415,0.82692571590939967,308,21299,query_macro,2026091701,10000,95% unadjusted paired query-cluster percentile
wands,bge_base,lexical_ascending,fixed,20,True,1,1,available,structural: single deterministic fixed index,False,judged_coverage,0.82743506493506502,0.79967532467532487,0.85405844155844146,308,21299,query_macro,2026091701,10000,95% unadjusted paired query-cluster percentile
wands,bge_base,lexical_ascending,fixed,20,True,1,1,available,structural: single deterministic fixed index,False,persistent_inclusion,0.36072423810213533,0.32162891228295332,0.40083327496786109,308,21299,query_macro,2026091701,10000,95% unadjusted paired query-cluster percentile
wands,bge_base,lexical_ascending,fixed,20,True,1,1,available,structural: single deterministic fixed index,False,VI,0,0,0,308,21299,query_macro,2026091701,10000,95% unadjusted paired query-cluster percentile
wands,bge_base,lexical_ascending,fixed,20,True,1,1,available,structural: single deterministic fixed index,False,persistent_omission,0.63927576189786472,0.59916672503213886,0.67837108771704646,308,21299,query_macro,2026091701,10000,95% unadjusted paired query-cluster percentile
wands,bge_base,lexical_ascending,fixed,100,True,1,1,available,structural: single deterministic fixed index,False,Recall,0.63236881413573653,0.59407434345354171,0.67030537410696334,308,21299,query_macro,2026091701,10000,95% unadjusted paired query-cluster percentile
wands,bge_base,lexical_ascending,fixed,100,True,1,1,available,structural: single deterministic fixed index,False,nDCG,0.67958075095926418,0.65231386575170269,0.70602457803263829,308,21299,query_macro,2026091701,10000,95% unadjusted paired query-cluster percentile
wands,bge_base,lexical_ascending,fixed,100,True,1,1,available,structural: single deterministic fixed index,False,cNDCG,0.86141819882818305,0.8464040952868076,0.87601192606584422,308,21299,query_macro,2026091701,10000,95% unadjusted paired query-cluster percentile
wands,bge_base,lexical_ascending,fixed,100,True,1,1,available,structural: single deterministic fixed index,False,judged_coverage,0.68282467532467528,0.65266152597402616,0.7127597402597402,308,21299,query_macro,2026091701,10000,95% unadjusted paired query-cluster percentile
wands,bge_base,lexical_ascending,fixed,100,True,1,1,available,structural: single deterministic fixed index,False,persistent_inclusion,0.63236881413573653,0.59407434345354171,0.67030537410696334,308,21299,query_macro,2026091701,10000,95% unadjusted paired query-cluster percentile
wands,bge_base,lexical_ascending,fixed,100,True,1,1,available,structural: single deterministic fixed index,False,VI,0,0,0,308,21299,query_macro,2026091701,10000,95% unadjusted paired query-cluster percentile
wands,bge_base,lexical_ascending,fixed,100,True,1,1,available,structural: single deterministic fixed index,False,persistent_omission,0.36763118586426341,0.3296946258930365,0.40592565654645812,308,21299,query_macro,2026091701,10000,95% unadjusted paired query-cluster percentile
wands,bge_base,lexical_descending,fixed,20,True,1,1,available,structural: single deterministic fixed index,False,Recall,0.36275544998873882,0.32394963007827732,0.40346971262584758,308,21299,query_macro,2026091701,10000,95% unadjusted paired query-cluster percentile
wands,bge_base,lexical_descending,fixed,20,True,1,1,available,structural: single deterministic fixed index,False,nDCG,0.70233456307986042,0.67287451287536015,0.73182695573275358,308,21299,query_macro,2026091701,10000,95% unadjusted paired query-cluster percentile
wands,bge_base,lexical_descending,fixed,20,True,1,1,available,structural: single deterministic fixed index,False,cNDCG,0.80774402736622541,0.7872654319314808,0.82813449517180315,308,21299,query_macro,2026091701,10000,95% unadjusted paired query-cluster percentile
wands,bge_base,lexical_descending,fixed,20,True,1,1,available,structural: single deterministic fixed index,False,judged_coverage,0.83214285714285718,0.80503246753246749,0.85876623376623373,308,21299,query_macro,2026091701,10000,95% unadjusted paired query-cluster percentile
wands,bge_base,lexical_descending,fixed,20,True,1,1,available,structural: single deterministic fixed index,False,persistent_inclusion,0.36275544998873882,0.32394963007827732,0.40346971262584758,308,21299,query_macro,2026091701,10000,95% unadjusted paired query-cluster percentile
wands,bge_base,lexical_descending,fixed,20,True,1,1,available,structural: single deterministic fixed index,False,VI,0,0,0,308,21299,query_macro,2026091701,10000,95% unadjusted paired query-cluster percentile
wands,bge_base,lexical_descending,fixed,20,True,1,1,available,structural: single deterministic fixed index,False,persistent_omission,0.63724455001126123,0.59653028737415237,0.67605036992172263,308,21299,query_macro,2026091701,10000,95% unadjusted paired query-cluster percentile
wands,bge_base,lexical_descending,fixed,100,True,1,1,available,structural: single deterministic fixed index,False,Recall,0.6360915509016335,0.59796319363571515,0.67416743887960262,308,21299,query_macro,2026091701,10000,95% unadjusted paired query-cluster percentile
wands,bge_base,lexical_descending,fixed,100,True,1,1,available,structural: single deterministic fixed index,False,nDCG,0.68236953082118068,0.6547811498245274,0.70907559967188982,308,21299,query_macro,2026091701,10000,95% unadjusted paired query-cluster percentile
wands,bge_base,lexical_descending,fixed,100,True,1,1,available,structural: single deterministic fixed index,False,cNDCG,0.86270683104116053,0.84765548158601056,0.87746982656345118,308,21299,query_macro,2026091701,10000,95% unadjusted paired query-cluster percentile
wands,bge_base,lexical_descending,fixed,100,True,1,1,available,structural: single deterministic fixed index,False,judged_coverage,0.68600649350649345,0.65568181818181814,0.71564935064935065,308,21299,query_macro,2026091701,10000,95% unadjusted paired query-cluster percentile
wands,bge_base,lexical_descending,fixed,100,True,1,1,available,structural: single deterministic fixed index,False,persistent_inclusion,0.6360915509016335,0.59796319363571515,0.67416743887960262,308,21299,query_macro,2026091701,10000,95% unadjusted paired query-cluster percentile
wands,bge_base,lexical_descending,fixed,100,True,1,1,available,structural: single deterministic fixed index,False,VI,0,0,0,308,21299,query_macro,2026091701,10000,95% unadjusted paired query-cluster percentile
wands,bge_base,lexical_descending,fixed,100,True,1,1,available,structural: single deterministic fixed index,False,persistent_omission,0.3639084490983665,0.32583256112039727,0.4020368063642849,308,21299,query_macro,2026091701,10000,95% unadjusted paired query-cluster percentile
wands,bge_base,max_2,fixed,20,True,2,2,available,structural: single deterministic fixed index,False,Recall,0.36389692448832062,0.32520941685745908,0.40353482658063644,308,21299,query_macro,2026091701,10000,95% unadjusted paired query-cluster percentile
wands,bge_base,max_2,fixed,20,True,2,2,available,structural: single deterministic fixed index,False,nDCG,0.70383120351024808,0.67433703439965342,0.73341288734348919,308,21299,query_macro,2026091701,10000,95% unadjusted paired query-cluster percentile
wands,bge_base,max_2,fixed,20,True,2,2,available,structural: single deterministic fixed index,False,cNDCG,0.80914351500736181,0.78887937146098563,0.82965135022640868,308,21299,query_macro,2026091701,10000,95% unadjusted paired query-cluster percentile
wands,bge_base,max_2,fixed,20,True,2,2,available,structural: single deterministic fixed index,False,judged_coverage,0.83311688311688314,0.80584415584415581,0.85941558441558441,308,21299,query_macro,2026091701,10000,95% unadjusted paired query-cluster percentile
wands,bge_base,max_2,fixed,20,True,2,2,available,structural: single deterministic fixed index,False,persistent_inclusion,0.36389692448832062,0.32520941685745908,0.40353482658063644,308,21299,query_macro,2026091701,10000,95% unadjusted paired query-cluster percentile
wands,bge_base,max_2,fixed,20,True,2,2,available,structural: single deterministic fixed index,False,VI,0,0,0,308,21299,query_macro,2026091701,10000,95% unadjusted paired query-cluster percentile
wands,bge_base,max_2,fixed,20,True,2,2,available,structural: single deterministic fixed index,False,persistent_omission,0.63610307551167944,0.59646517341936356,0.67479058314254092,308,21299,query_macro,2026091701,10000,95% unadjusted paired query-cluster percentile
wands,bge_base,max_2,fixed,100,True,2,2,available,structural: single deterministic fixed index,False,Recall,0.64000233858062061,0.60237045540725798,0.67790513900229821,308,21299,query_macro,2026091701,10000,95% unadjusted paired query-cluster percentile
wands,bge_base,max_2,fixed,100,True,2,2,available,structural: single deterministic fixed index,False,nDCG,0.68490176222685129,0.65762441373711866,0.71145918443072986,308,21299,query_macro,2026091701,10000,95% unadjusted paired query-cluster percentile
wands,bge_base,max_2,fixed,100,True,2,2,available,structural: single deterministic fixed index,False,cNDCG,0.86416204108830663,0.84941565440891231,0.87844417132311581,308,21299,query_macro,2026091701,10000,95% unadjusted paired query-cluster percentile
wands,bge_base,max_2,fixed,100,True,2,2,available,structural: single deterministic fixed index,False,judged_coverage,0.6875649350649351,0.65750000000000008,0.71756574675324691,308,21299,query_macro,2026091701,10000,95% unadjusted paired query-cluster percentile
wands,bge_base,max_2,fixed,100,True,2,2,available,structural: single deterministic fixed index,False,persistent_inclusion,0.64000233858062061,0.60237045540725798,0.67790513900229821,308,21299,query_macro,2026091701,10000,95% unadjusted paired query-cluster percentile
wands,bge_base,max_2,fixed,100,True,2,2,available,structural: single deterministic fixed index,False,VI,0,0,0,308,21299,query_macro,2026091701,10000,95% unadjusted paired query-cluster percentile
wands,bge_base,max_2,fixed,100,True,2,2,available,structural: single deterministic fixed index,False,persistent_omission,0.35999766141937939,0.32209486099770179,0.39762954459274197,308,21299,query_macro,2026091701,10000,95% unadjusted paired query-cluster percentile
wands,bge_base,max_4,fixed,20,True,4,4,available,structural: single deterministic fixed index,False,Recall,0.36508971302261556,0.32608706024649942,0.40471918309362065,308,21299,query_macro,2026091701,10000,95% unadjusted paired query-cluster percentile
wands,bge_base,max_4,fixed,20,True,4,4,available,structural: single deterministic fixed index,False,nDCG,0.70641305656937103,0.67702510513497549,0.7359900554378126,308,21299,query_macro,2026091701,10000,95% unadjusted paired query-cluster percentile
wands,bge_base,max_4,fixed,20,True,4,4,available,structural: single deterministic fixed index,False,cNDCG,0.81225065977199185,0.79195899345574605,0.83248614778192398,308,21299,query_macro,2026091701,10000,95% unadjusted paired query-cluster percentile
wands,bge_base,max_4,fixed,20,True,4,4,available,structural: single deterministic fixed index,False,judged_coverage,0.83198051948051943,0.80454545454545479,0.85827922077922081,308,21299,query_macro,2026091701,10000,95% unadjusted paired query-cluster percentile
wands,bge_base,max_4,fixed,20,True,4,4,available,structural: single deterministic fixed index,False,persistent_inclusion,0.36508971302261556,0.32608706024649942,0.40471918309362065,308,21299,query_macro,2026091701,10000,95% unadjusted paired query-cluster percentile
wands,bge_base,max_4,fixed,20,True,4,4,available,structural: single deterministic fixed index,False,VI,0,0,0,308,21299,query_macro,2026091701,10000,95% unadjusted paired query-cluster percentile
wands,bge_base,max_4,fixed,20,True,4,4,available,structural: single deterministic fixed index,False,persistent_omission,0.6349102869773845,0.59528081690637913,0.67391293975350064,308,21299,query_macro,2026091701,10000,95% unadjusted paired query-cluster percentile
wands,bge_base,max_4,fixed,100,True,4,4,available,structural: single deterministic fixed index,False,Recall,0.63860983886701816,0.60104469509737479,0.67596244709667819,308,21299,query_macro,2026091701,10000,95% unadjusted paired query-cluster percentile
wands,bge_base,max_4,fixed,100,True,4,4,available,structural: single deterministic fixed index,False,nDCG,0.68663033544166996,0.65934814891481763,0.71307525901589985,308,21299,query_macro,2026091701,10000,95% unadjusted paired query-cluster percentile
wands,bge_base,max_4,fixed,100,True,4,4,available,structural: single deterministic fixed index,False,cNDCG,0.86593047416355218,0.85124036510066425,0.88008932067301959,308,21299,query_macro,2026091701,10000,95% unadjusted paired query-cluster percentile
wands,bge_base,max_4,fixed,100,True,4,4,available,structural: single deterministic fixed index,False,judged_coverage,0.68873376623376625,0.6585714285714287,0.71847402597402588,308,21299,query_macro,2026091701,10000,95% unadjusted paired query-cluster percentile
wands,bge_base,max_4,fixed,100,True,4,4,available,structural: single deterministic fixed index,False,persistent_inclusion,0.63860983886701816,0.60104469509737479,0.67596244709667819,308,21299,query_macro,2026091701,10000,95% unadjusted paired query-cluster percentile
wands,bge_base,max_4,fixed,100,True,4,4,available,structural: single deterministic fixed index,False,VI,0,0,0,308,21299,query_macro,2026091701,10000,95% unadjusted paired query-cluster percentile
wands,bge_base,max_4,fixed,100,True,4,4,available,structural: single deterministic fixed index,False,persistent_omission,0.36139016113298184,0.32403755290332187,0.39895530490262515,308,21299,query_macro,2026091701,10000,95% unadjusted paired query-cluster percentile
wands,bge_base,max_7,fixed,20,True,7,7,available,structural: single deterministic fixed index,False,Recall,0.36463468152840789,0.32583349276105972,0.40452538257993104,308,21299,query_macro,2026091701,10000,95% unadjusted paired query-cluster percentile
wands,bge_base,max_7,fixed,20,True,7,7,available,structural: single deterministic fixed index,False,nDCG,0.70764526629553082,0.67825766350584038,0.73726151142965124,308,21299,query_macro,2026091701,10000,95% unadjusted paired query-cluster percentile
wands,bge_base,max_7,fixed,20,True,7,7,available,structural: single deterministic fixed index,False,cNDCG,0.81340256936502608,0.79323634523224729,0.83352870620645225,308,21299,query_macro,2026091701,10000,95% unadjusted paired query-cluster percentile
wands,bge_base,max_7,fixed,20,True,7,7,available,structural: single deterministic fixed index,False,judged_coverage,0.83409090909090899,0.80649350649350648,0.86055194805194823,308,21299,query_macro,2026091701,10000,95% unadjusted paired query-cluster percentile
wands,bge_base,max_7,fixed,20,True,7,7,available,structural: single deterministic fixed index,False,persistent_inclusion,0.36463468152840789,0.32583349276105972,0.40452538257993104,308,21299,query_macro,2026091701,10000,95% unadjusted paired query-cluster percentile
wands,bge_base,max_7,fixed,20,True,7,7,available,structural: single deterministic fixed index,False,VI,0,0,0,308,21299,query_macro,2026091701,10000,95% unadjusted paired query-cluster percentile
wands,bge_base,max_7,fixed,20,True,7,7,available,structural: single deterministic fixed index,False,persistent_omission,0.63536531847159217,0.5954746174200688,0.67416650723894023,308,21299,query_macro,2026091701,10000,95% unadjusted paired query-cluster percentile
wands,bge_base,max_7,fixed,100,True,7,7,available,structural: single deterministic fixed index,False,Recall,0.64150247364052071,0.60435012714562208,0.67935093958187787,308,21299,query_macro,2026091701,10000,95% unadjusted paired query-cluster percentile
wands,bge_base,max_7,fixed,100,True,7,7,available,structural: single deterministic fixed index,False,nDCG,0.68803137098721556,0.66078337176344404,0.71455755446908242,308,21299,query_macro,2026091701,10000,95% unadjusted paired query-cluster percentile
wands,bge_base,max_7,fixed,100,True,7,7,available,structural: single deterministic fixed index,False,cNDCG,0.86661875467356464,0.85192782302326564,0.88086232246242624,308,21299,query_macro,2026091701,10000,95% unadjusted paired query-cluster percentile
wands,bge_base,max_7,fixed,100,True,7,7,available,structural: single deterministic fixed index,False,judged_coverage,0.69006493506493505,0.65996672077922081,0.72003409090909098,308,21299,query_macro,2026091701,10000,95% unadjusted paired query-cluster percentile
wands,bge_base,max_7,fixed,100,True,7,7,available,structural: single deterministic fixed index,False,persistent_inclusion,0.64150247364052071,0.60435012714562208,0.67935093958187787,308,21299,query_macro,2026091701,10000,95% unadjusted paired query-cluster percentile
wands,bge_base,max_7,fixed,100,True,7,7,available,structural: single deterministic fixed index,False,VI,0,0,0,308,21299,query_macro,2026091701,10000,95% unadjusted paired query-cluster percentile
wands,bge_base,max_7,fixed,100,True,7,7,available,structural: single deterministic fixed index,False,persistent_omission,0.3584975263594794,0.32064906041812241,0.39564987285437797,308,21299,query_macro,2026091701,10000,95% unadjusted paired query-cluster percentile
wands,bge_base,set_mean,fixed,20,True,1,one per attribute plus fixed-text atom,available,structural: single deterministic fixed index,False,Recall,0.35300971830206468,0.31494081949397479,0.39340601122637542,308,21299,query_macro,2026091701,10000,95% unadjusted paired query-cluster percentile
wands,bge_base,set_mean,fixed,20,True,1,one per attribute plus fixed-text atom,available,structural: single deterministic fixed index,False,nDCG,0.68412282766879817,0.65299629504034584,0.71490187722868215,308,21299,query_macro,2026091701,10000,95% unadjusted paired query-cluster percentile
wands,bge_base,set_mean,fixed,20,True,1,one per attribute plus fixed-text atom,available,structural: single deterministic fixed index,False,cNDCG,0.7956510710168424,0.7744516265351733,0.81655353543098297,308,21299,query_macro,2026091701,10000,95% unadjusted paired query-cluster percentile
wands,bge_base,set_mean,fixed,20,True,1,one per attribute plus fixed-text atom,available,structural: single deterministic fixed index,False,judged_coverage,0.81590909090909092,0.78620129870129862,0.84480519480519478,308,21299,query_macro,2026091701,10000,95% unadjusted paired query-cluster percentile
wands,bge_base,set_mean,fixed,20,True,1,one per attribute plus fixed-text atom,available,structural: single deterministic fixed index,False,persistent_inclusion,0.35300971830206468,0.31494081949397479,0.39340601122637542,308,21299,query_macro,2026091701,10000,95% unadjusted paired query-cluster percentile
wands,bge_base,set_mean,fixed,20,True,1,one per attribute plus fixed-text atom,available,structural: single deterministic fixed index,False,VI,0,0,0,308,21299,query_macro,2026091701,10000,95% unadjusted paired query-cluster percentile
wands,bge_base,set_mean,fixed,20,True,1,one per attribute plus fixed-text atom,available,structural: single deterministic fixed index,False,persistent_omission,0.64699028169793538,0.60659398877362447,0.68505918050602532,308,21299,query_macro,2026091701,10000,95% unadjusted paired query-cluster percentile
wands,bge_base,set_mean,fixed,100,True,1,one per attribute plus fixed-text atom,available,structural: single deterministic fixed index,False,Recall,0.61820038753668527,0.5797235986539564,0.65653829120708707,308,21299,query_macro,2026091701,10000,95% unadjusted paired query-cluster percentile
wands,bge_base,set_mean,fixed,100,True,1,one per attribute plus fixed-text atom,available,structural: single deterministic fixed index,False,nDCG,0.66984655479519961,0.64135485065094111,0.6981251075707241,308,21299,query_macro,2026091701,10000,95% unadjusted paired query-cluster percentile
wands,bge_base,set_mean,fixed,100,True,1,one per attribute plus fixed-text atom,available,structural: single deterministic fixed index,False,cNDCG,0.86093192974480504,0.84575180866609612,0.8756816035169106,308,21299,query_macro,2026091701,10000,95% unadjusted paired query-cluster percentile
wands,bge_base,set_mean,fixed,100,True,1,one per attribute plus fixed-text atom,available,structural: single deterministic fixed index,False,judged_coverage,0.67571428571428571,0.64428571428571424,0.70672077922077914,308,21299,query_macro,2026091701,10000,95% unadjusted paired query-cluster percentile
wands,bge_base,set_mean,fixed,100,True,1,one per attribute plus fixed-text atom,available,structural: single deterministic fixed index,False,persistent_inclusion,0.61820038753668527,0.5797235986539564,0.65653829120708707,308,21299,query_macro,2026091701,10000,95% unadjusted paired query-cluster percentile
wands,bge_base,set_mean,fixed,100,True,1,one per attribute plus fixed-text atom,available,structural: single deterministic fixed index,False,VI,0,0,0,308,21299,query_macro,2026091701,10000,95% unadjusted paired query-cluster percentile
wands,bge_base,set_mean,fixed,100,True,1,one per attribute plus fixed-text atom,available,structural: single deterministic fixed index,False,persistent_omission,0.38179961246331479,0.34346170879291305,0.42027640134604377,308,21299,query_macro,2026091701,10000,95% unadjusted paired query-cluster percentile
wands,bge_base,BM25,fixed,20,True,0,0,available,structural: single deterministic fixed index,True,Recall,0.34719854882523571,0.30806109243224444,0.38841751918078665,308,21299,query_macro,2026091701,10000,95% unadjusted paired query-cluster percentile
wands,bge_base,BM25,fixed,20,True,0,0,available,structural: single deterministic fixed index,True,nDCG,0.65478806681744361,0.62096615908735209,0.68880409072461768,308,21299,query_macro,2026091701,10000,95% unadjusted paired query-cluster percentile
wands,bge_base,BM25,fixed,20,True,0,0,available,structural: single deterministic fixed index,True,cNDCG,0.7681250504582765,0.7421421807816736,0.79384257988167839,308,21299,query_macro,2026091701,10000,95% unadjusted paired query-cluster percentile
wands,bge_base,BM25,fixed,20,True,0,0,available,structural: single deterministic fixed index,True,judged_coverage,0.80146103896103904,0.77159090909090922,0.83084415584415572,308,21299,query_macro,2026091701,10000,95% unadjusted paired query-cluster percentile
wands,bge_base,BM25,fixed,20,True,0,0,available,structural: single deterministic fixed index,True,persistent_inclusion,0.34719854882523571,0.30806109243224444,0.38841751918078665,308,21299,query_macro,2026091701,10000,95% unadjusted paired query-cluster percentile
wands,bge_base,BM25,fixed,20,True,0,0,available,structural: single deterministic fixed index,True,VI,0,0,0,308,21299,query_macro,2026091701,10000,95% unadjusted paired query-cluster percentile
wands,bge_base,BM25,fixed,20,True,0,0,available,structural: single deterministic fixed index,True,persistent_omission,0.65280145117476429,0.61158248081921329,0.69193890756775556,308,21299,query_macro,2026091701,10000,95% unadjusted paired query-cluster percentile
wands,bge_base,BM25,fixed,100,True,0,0,available,structural: single deterministic fixed index,True,Recall,0.6323252253791084,0.59232344317102892,0.67096027386546242,308,21299,query_macro,2026091701,10000,95% unadjusted paired query-cluster percentile
wands,bge_base,BM25,fixed,100,True,0,0,available,structural: single deterministic fixed index,True,nDCG,0.64542307001614274,0.61512900314083885,0.67545338986760883,308,21299,query_macro,2026091701,10000,95% unadjusted paired query-cluster percentile
wands,bge_base,BM25,fixed,100,True,0,0,available,structural: single deterministic fixed index,True,cNDCG,0.83521180914045445,0.81557908753019692,0.85374902339390346,308,21299,query_macro,2026091701,10000,95% unadjusted paired query-cluster percentile
wands,bge_base,BM25,fixed,100,True,0,0,available,structural: single deterministic fixed index,True,judged_coverage,0.66633116883116894,0.63597321428571429,0.69649431818181817,308,21299,query_macro,2026091701,10000,95% unadjusted paired query-cluster percentile
wands,bge_base,BM25,fixed,100,True,0,0,available,structural: single deterministic fixed index,True,persistent_inclusion,0.6323252253791084,0.59232344317102892,0.67096027386546242,308,21299,query_macro,2026091701,10000,95% unadjusted paired query-cluster percentile
wands,bge_base,BM25,fixed,100,True,0,0,available,structural: single deterministic fixed index,True,VI,0,0,0,308,21299,query_macro,2026091701,10000,95% unadjusted paired query-cluster percentile
wands,bge_base,BM25,fixed,100,True,0,0,available,structural: single deterministic fixed index,True,persistent_omission,0.3676747746208916,0.32903972613453758,0.40767655682897103,308,21299,query_macro,2026091701,10000,95% unadjusted paired query-cluster percentile
wands,gte_modernbert,raw,C0,20,False,1,1,available,observed seven catalog schedules,False,Recall,0.35901221219971652,0.32050311405727433,0.39890710517794264,308,21299,query_macro,2026091701,10000,95% unadjusted paired query-cluster percentile
wands,gte_modernbert,raw,C0,20,False,1,1,available,observed seven catalog schedules,False,nDCG,0.69989617070982402,0.66887016903384444,0.73035018731155654,308,21299,query_macro,2026091701,10000,95% unadjusted paired query-cluster percentile
wands,gte_modernbert,raw,C0,20,False,1,1,available,observed seven catalog schedules,False,cNDCG,0.80000268399866126,0.7781891675998297,0.82167824458816163,308,21299,query_macro,2026091701,10000,95% unadjusted paired query-cluster percentile
wands,gte_modernbert,raw,C0,20,False,1,1,available,observed seven catalog schedules,False,judged_coverage,0.83181818181818179,0.80373376623376624,0.85876623376623396,308,21299,query_macro,2026091701,10000,95% unadjusted paired query-cluster percentile
wands,gte_modernbert,raw,C0,20,False,1,1,available,observed seven catalog schedules,False,persistent_inclusion,0.28755414152072306,0.24835409402974765,0.32874410056457815,308,21299,query_macro,2026091701,10000,95% unadjusted paired query-cluster percentile
wands,gte_modernbert,raw,C0,20,False,1,1,available,observed seven catalog schedules,False,VI,0.14472698494949443,0.12821135342855378,0.16234170142427651,308,21299,query_macro,2026091701,10000,95% unadjusted paired query-cluster percentile
wands,gte_modernbert,raw,C0,20,False,1,1,available,observed seven catalog schedules,False,persistent_omission,0.56771887352978245,0.52857058259519185,0.60542736045955758,308,21299,query_macro,2026091701,10000,95% unadjusted paired query-cluster percentile
wands,gte_modernbert,raw,seven_mean,20,False,1,1,available,observed seven catalog schedules,False,Recall,0.35602832973956766,0.31780346472861859,0.39576932924891961,308,21299,query_macro,2026091701,10000,95% unadjusted paired query-cluster percentile
wands,gte_modernbert,raw,seven_mean,20,False,1,1,available,observed seven catalog schedules,False,nDCG,0.69506430887030868,0.66404220039543571,0.72547553966593881,308,21299,query_macro,2026091701,10000,95% unadjusted paired query-cluster percentile
wands,gte_modernbert,raw,seven_mean,20,False,1,1,available,observed seven catalog schedules,False,cNDCG,0.79708580055065026,0.77545392608238839,0.8190010184908264,308,21299,query_macro,2026091701,10000,95% unadjusted paired query-cluster percentile
wands,gte_modernbert,raw,seven_mean,20,False,1,1,available,observed seven catalog schedules,False,judged_coverage,0.8292207792207793,0.80099605751391445,0.85612418831168824,308,21299,query_macro,2026091701,10000,95% unadjusted paired query-cluster percentile
wands,gte_modernbert,raw,seven_mean,20,False,1,1,available,observed seven catalog schedules,False,persistent_inclusion,0.28755414152072306,0.24835409402974765,0.32874410056457815,308,21299,query_macro,2026091701,10000,95% unadjusted paired query-cluster percentile
wands,gte_modernbert,raw,seven_mean,20,False,1,1,available,observed seven catalog schedules,False,VI,0.14472698494949443,0.12821135342855378,0.16234170142427651,308,21299,query_macro,2026091701,10000,95% unadjusted paired query-cluster percentile
wands,gte_modernbert,raw,seven_mean,20,False,1,1,available,observed seven catalog schedules,False,persistent_omission,0.56771887352978245,0.52857058259519185,0.60542736045955758,308,21299,query_macro,2026091701,10000,95% unadjusted paired query-cluster percentile
wands,gte_modernbert,raw,C0,100,False,1,1,available,observed seven catalog schedules,False,Recall,0.62848463989278325,0.59041949710654962,0.66629127262671439,308,21299,query_macro,2026091701,10000,95% unadjusted paired query-cluster percentile
wands,gte_modernbert,raw,C0,100,False,1,1,available,observed seven catalog schedules,False,nDCG,0.67394548988222291,0.6460598588978389,0.70167976240727725,308,21299,query_macro,2026091701,10000,95% unadjusted paired query-cluster percentile
wands,gte_modernbert,raw,C0,100,False,1,1,available,observed seven catalog schedules,False,cNDCG,0.85706657638901751,0.84028202777573646,0.87310684708460529,308,21299,query_macro,2026091701,10000,95% unadjusted paired query-cluster percentile
wands,gte_modernbert,raw,C0,100,False,1,1,available,observed seven catalog schedules,False,judged_coverage,0.68259740259740265,0.65133116883116893,0.71366883116883106,308,21299,query_macro,2026091701,10000,95% unadjusted paired query-cluster percentile
wands,gte_modernbert,raw,C0,100,False,1,1,available,observed seven catalog schedules,False,persistent_inclusion,0.55778002230156642,0.51629361582865829,0.59874504126155237,308,21299,query_macro,2026091701,10000,95% unadjusted paired query-cluster percentile
wands,gte_modernbert,raw,C0,100,False,1,1,available,observed seven catalog schedules,False,VI,0.13478404965854721,0.11870207066133516,0.15198919856172632,308,21299,query_macro,2026091701,10000,95% unadjusted paired query-cluster percentile
wands,gte_modernbert,raw,C0,100,False,1,1,available,observed seven catalog schedules,False,persistent_omission,0.30743592803988634,0.27310606740949078,0.34245625415133052,308,21299,query_macro,2026091701,10000,95% unadjusted paired query-cluster percentile
wands,gte_modernbert,raw,seven_mean,100,False,1,1,available,observed seven catalog schedules,False,Recall,0.62566325721757066,0.58750521468199812,0.6631065846097518,308,21299,query_macro,2026091701,10000,95% unadjusted paired query-cluster percentile
wands,gte_modernbert,raw,seven_mean,100,False,1,1,available,observed seven catalog schedules,False,nDCG,0.67135896469082001,0.64361212520649891,0.69901616153995638,308,21299,query_macro,2026091701,10000,95% unadjusted paired query-cluster percentile
wands,gte_modernbert,raw,seven_mean,100,False,1,1,available,observed seven catalog schedules,False,cNDCG,0.85526780936008251,0.83869933579503464,0.87111581096351143,308,21299,query_macro,2026091701,10000,95% unadjusted paired query-cluster percentile
wands,gte_modernbert,raw,seven_mean,100,False,1,1,available,observed seven catalog schedules,False,judged_coverage,0.6814053803339517,0.65026252319109468,0.7122962662337663,308,21299,query_macro,2026091701,10000,95% unadjusted paired query-cluster percentile
wands,gte_modernbert,raw,seven_mean,100,False,1,1,available,observed seven catalog schedules,False,persistent_inclusion,0.55778002230156642,0.51629361582865829,0.59874504126155237,308,21299,query_macro,2026091701,10000,95% unadjusted paired query-cluster percentile
wands,gte_modernbert,raw,seven_mean,100,False,1,1,available,observed seven catalog schedules,False,VI,0.13478404965854721,0.11870207066133516,0.15198919856172632,308,21299,query_macro,2026091701,10000,95% unadjusted paired query-cluster percentile
wands,gte_modernbert,raw,seven_mean,100,False,1,1,available,observed seven catalog schedules,False,persistent_omission,0.30743592803988634,0.27310606740949078,0.34245625415133052,308,21299,query_macro,2026091701,10000,95% unadjusted paired query-cluster percentile
wands,gte_modernbert,field_priority_type,fixed,20,True,1,1,available,structural: single deterministic fixed index,False,Recall,0.3598249051649981,0.32107588147354027,0.40002044529577235,308,21299,query_macro,2026091701,10000,95% unadjusted paired query-cluster percentile
wands,gte_modernbert,field_priority_type,fixed,20,True,1,1,available,structural: single deterministic fixed index,False,nDCG,0.69864038967510311,0.66756926275531114,0.72915680527551685,308,21299,query_macro,2026091701,10000,95% unadjusted paired query-cluster percentile
wands,gte_modernbert,field_priority_type,fixed,20,True,1,1,available,structural: single deterministic fixed index,False,cNDCG,0.80099923645164228,0.77887101531176028,0.82286949037474488,308,21299,query_macro,2026091701,10000,95% unadjusted paired query-cluster percentile
wands,gte_modernbert,field_priority_type,fixed,20,True,1,1,available,structural: single deterministic fixed index,False,judged_coverage,0.8306818181818183,0.802435064935065,0.85779220779220777,308,21299,query_macro,2026091701,10000,95% unadjusted paired query-cluster percentile
wands,gte_modernbert,field_priority_type,fixed,20,True,1,1,available,structural: single deterministic fixed index,False,persistent_inclusion,0.3598249051649981,0.32107588147354027,0.40002044529577235,308,21299,query_macro,2026091701,10000,95% unadjusted paired query-cluster percentile
wands,gte_modernbert,field_priority_type,fixed,20,True,1,1,available,structural: single deterministic fixed index,False,VI,0,0,0,308,21299,query_macro,2026091701,10000,95% unadjusted paired query-cluster percentile
wands,gte_modernbert,field_priority_type,fixed,20,True,1,1,available,structural: single deterministic fixed index,False,persistent_omission,0.6401750948350019,0.59997955470422748,0.67892411852645962,308,21299,query_macro,2026091701,10000,95% unadjusted paired query-cluster percentile
wands,gte_modernbert,field_priority_type,fixed,100,True,1,1,available,structural: single deterministic fixed index,False,Recall,0.6263273537985391,0.58800915361914208,0.66429607345144837,308,21299,query_macro,2026091701,10000,95% unadjusted paired query-cluster percentile
wands,gte_modernbert,field_priority_type,fixed,100,True,1,1,available,structural: single deterministic fixed index,False,nDCG,0.67445734510095245,0.64681254103506036,0.70224338228032812,308,21299,query_macro,2026091701,10000,95% unadjusted paired query-cluster percentile
wands,gte_modernbert,field_priority_type,fixed,100,True,1,1,available,structural: single deterministic fixed index,False,cNDCG,0.85690694579255489,0.84004194352312522,0.87294645241225288,308,21299,query_macro,2026091701,10000,95% unadjusted paired query-cluster percentile
wands,gte_modernbert,field_priority_type,fixed,100,True,1,1,available,structural: single deterministic fixed index,False,judged_coverage,0.68431818181818171,0.6533766233766235,0.71493506493506487,308,21299,query_macro,2026091701,10000,95% unadjusted paired query-cluster percentile
wands,gte_modernbert,field_priority_type,fixed,100,True,1,1,available,structural: single deterministic fixed index,False,persistent_inclusion,0.6263273537985391,0.58800915361914208,0.66429607345144837,308,21299,query_macro,2026091701,10000,95% unadjusted paired query-cluster percentile
wands,gte_modernbert,field_priority_type,fixed,100,True,1,1,available,structural: single deterministic fixed index,False,VI,0,0,0,308,21299,query_macro,2026091701,10000,95% unadjusted paired query-cluster percentile
wands,gte_modernbert,field_priority_type,fixed,100,True,1,1,available,structural: single deterministic fixed index,False,persistent_omission,0.3736726462014609,0.33570392654855158,0.41199084638085803,308,21299,query_macro,2026091701,10000,95% unadjusted paired query-cluster percentile
wands,gte_modernbert,lexical_ascending,fixed,20,True,1,1,available,structural: single deterministic fixed index,False,Recall,0.35745061024895119,0.3186388232308594,0.39741501317100153,308,21299,query_macro,2026091701,10000,95% unadjusted paired query-cluster percentile
wands,gte_modernbert,lexical_ascending,fixed,20,True,1,1,available,structural: single deterministic fixed index,False,nDCG,0.6974734030435924,0.66603183909131503,0.72804087523626271,308,21299,query_macro,2026091701,10000,95% unadjusted paired query-cluster percentile
wands,gte_modernbert,lexical_ascending,fixed,20,True,1,1,available,structural: single deterministic fixed index,False,cNDCG,0.79941842939968655,0.77735311446680955,0.82138716695995184,308,21299,query_macro,2026091701,10000,95% unadjusted paired query-cluster percentile
wands,gte_modernbert,lexical_ascending,fixed,20,True,1,1,available,structural: single deterministic fixed index,False,judged_coverage,0.83084415584415572,0.80227272727272736,0.85827922077922081,308,21299,query_macro,2026091701,10000,95% unadjusted paired query-cluster percentile
wands,gte_modernbert,lexical_ascending,fixed,20,True,1,1,available,structural: single deterministic fixed index,False,persistent_inclusion,0.35745061024895119,0.3186388232308594,0.39741501317100153,308,21299,query_macro,2026091701,10000,95% unadjusted paired query-cluster percentile
wands,gte_modernbert,lexical_ascending,fixed,20,True,1,1,available,structural: single deterministic fixed index,False,VI,0,0,0,308,21299,query_macro,2026091701,10000,95% unadjusted paired query-cluster percentile
wands,gte_modernbert,lexical_ascending,fixed,20,True,1,1,available,structural: single deterministic fixed index,False,persistent_omission,0.64254938975104881,0.60258498682899841,0.68136117676914032,308,21299,query_macro,2026091701,10000,95% unadjusted paired query-cluster percentile
wands,gte_modernbert,lexical_ascending,fixed,100,True,1,1,available,structural: single deterministic fixed index,False,Recall,0.62630386936078186,0.58794898916028682,0.66404581368217641,308,21299,query_macro,2026091701,10000,95% unadjusted paired query-cluster percentile
wands,gte_modernbert,lexical_ascending,fixed,100,True,1,1,available,structural: single deterministic fixed index,False,nDCG,0.67196911835855544,0.64395647240371945,0.69977611046364641,308,21299,query_macro,2026091701,10000,95% unadjusted paired query-cluster percentile
wands,gte_modernbert,lexical_ascending,fixed,100,True,1,1,available,structural: single deterministic fixed index,False,cNDCG,0.85601780942290517,0.83919898730293763,0.87189322318329343,308,21299,query_macro,2026091701,10000,95% unadjusted paired query-cluster percentile
wands,gte_modernbert,lexical_ascending,fixed,100,True,1,1,available,structural: single deterministic fixed index,False,judged_coverage,0.68185064935064932,0.65068100649350635,0.71285795454545442,308,21299,query_macro,2026091701,10000,95% unadjusted paired query-cluster percentile
wands,gte_modernbert,lexical_ascending,fixed,100,True,1,1,available,structural: single deterministic fixed index,False,persistent_inclusion,0.62630386936078186,0.58794898916028682,0.66404581368217641,308,21299,query_macro,2026091701,10000,95% unadjusted paired query-cluster percentile
wands,gte_modernbert,lexical_ascending,fixed,100,True,1,1,available,structural: single deterministic fixed index,False,VI,0,0,0,308,21299,query_macro,2026091701,10000,95% unadjusted paired query-cluster percentile
wands,gte_modernbert,lexical_ascending,fixed,100,True,1,1,available,structural: single deterministic fixed index,False,persistent_omission,0.37369613063921814,0.33595418631782364,0.41205101083971307,308,21299,query_macro,2026091701,10000,95% unadjusted paired query-cluster percentile
wands,gte_modernbert,lexical_descending,fixed,20,True,1,1,available,structural: single deterministic fixed index,False,Recall,0.35002076561836198,0.31131253056489838,0.39027172622147505,308,21299,query_macro,2026091701,10000,95% unadjusted paired query-cluster percentile
wands,gte_modernbert,lexical_descending,fixed,20,True,1,1,available,structural: single deterministic fixed index,False,nDCG,0.69496238851187009,0.6636572129554541,0.72615447508125985,308,21299,query_macro,2026091701,10000,95% unadjusted paired query-cluster percentile
wands,gte_modernbert,lexical_descending,fixed,20,True,1,1,available,structural: single deterministic fixed index,False,cNDCG,0.79802254697359054,0.77568432586457559,0.82048343627000797,308,21299,query_macro,2026091701,10000,95% unadjusted paired query-cluster percentile
wands,gte_modernbert,lexical_descending,fixed,20,True,1,1,available,structural: single deterministic fixed index,False,judged_coverage,0.82743506493506502,0.79902597402597408,0.85503246753246764,308,21299,query_macro,2026091701,10000,95% unadjusted paired query-cluster percentile
wands,gte_modernbert,lexical_descending,fixed,20,True,1,1,available,structural: single deterministic fixed index,False,persistent_inclusion,0.35002076561836198,0.31131253056489838,0.39027172622147505,308,21299,query_macro,2026091701,10000,95% unadjusted paired query-cluster percentile
wands,gte_modernbert,lexical_descending,fixed,20,True,1,1,available,structural: single deterministic fixed index,False,VI,0,0,0,308,21299,query_macro,2026091701,10000,95% unadjusted paired query-cluster percentile
wands,gte_modernbert,lexical_descending,fixed,20,True,1,1,available,structural: single deterministic fixed index,False,persistent_omission,0.64997923438163796,0.60972827377852501,0.68868746943510151,308,21299,query_macro,2026091701,10000,95% unadjusted paired query-cluster percentile
wands,gte_modernbert,lexical_descending,fixed,100,True,1,1,available,structural: single deterministic fixed index,False,Recall,0.61890953662551706,0.58040104642128476,0.65735390972448371,308,21299,query_macro,2026091701,10000,95% unadjusted paired query-cluster percentile
wands,gte_modernbert,lexical_descending,fixed,100,True,1,1,available,structural: single deterministic fixed index,False,nDCG,0.66967387077313478,0.64152775168660525,0.69743305055788418,308,21299,query_macro,2026091701,10000,95% unadjusted paired query-cluster percentile
wands,gte_modernbert,lexical_descending,fixed,100,True,1,1,available,structural: single deterministic fixed index,False,cNDCG,0.85441270771093547,0.83763065757474697,0.87046746450998858,308,21299,query_macro,2026091701,10000,95% unadjusted paired query-cluster percentile
wands,gte_modernbert,lexical_descending,fixed,100,True,1,1,available,structural: single deterministic fixed index,False,judged_coverage,0.68048701298701286,0.64934983766233745,0.71162418831168817,308,21299,query_macro,2026091701,10000,95% unadjusted paired query-cluster percentile
wands,gte_modernbert,lexical_descending,fixed,100,True,1,1,available,structural: single deterministic fixed index,False,persistent_inclusion,0.61890953662551706,0.58040104642128476,0.65735390972448371,308,21299,query_macro,2026091701,10000,95% unadjusted paired query-cluster percentile
wands,gte_modernbert,lexical_descending,fixed,100,True,1,1,available,structural: single deterministic fixed index,False,VI,0,0,0,308,21299,query_macro,2026091701,10000,95% unadjusted paired query-cluster percentile
wands,gte_modernbert,lexical_descending,fixed,100,True,1,1,available,structural: single deterministic fixed index,False,persistent_omission,0.38109046337448288,0.34264609027551618,0.41959895357871524,308,21299,query_macro,2026091701,10000,95% unadjusted paired query-cluster percentile
wands,gte_modernbert,BM25,fixed,20,True,0,0,available,structural: single deterministic fixed index,True,Recall,0.34719854882523571,0.30806109243224444,0.38841751918078665,308,21299,query_macro,2026091701,10000,95% unadjusted paired query-cluster percentile
wands,gte_modernbert,BM25,fixed,20,True,0,0,available,structural: single deterministic fixed index,True,nDCG,0.65478806681744361,0.62096615908735209,0.68880409072461768,308,21299,query_macro,2026091701,10000,95% unadjusted paired query-cluster percentile
wands,gte_modernbert,BM25,fixed,20,True,0,0,available,structural: single deterministic fixed index,True,cNDCG,0.7681250504582765,0.7421421807816736,0.79384257988167839,308,21299,query_macro,2026091701,10000,95% unadjusted paired query-cluster percentile
wands,gte_modernbert,BM25,fixed,20,True,0,0,available,structural: single deterministic fixed index,True,judged_coverage,0.80146103896103904,0.77159090909090922,0.83084415584415572,308,21299,query_macro,2026091701,10000,95% unadjusted paired query-cluster percentile
wands,gte_modernbert,BM25,fixed,20,True,0,0,available,structural: single deterministic fixed index,True,persistent_inclusion,0.34719854882523571,0.30806109243224444,0.38841751918078665,308,21299,query_macro,2026091701,10000,95% unadjusted paired query-cluster percentile
wands,gte_modernbert,BM25,fixed,20,True,0,0,available,structural: single deterministic fixed index,True,VI,0,0,0,308,21299,query_macro,2026091701,10000,95% unadjusted paired query-cluster percentile
wands,gte_modernbert,BM25,fixed,20,True,0,0,available,structural: single deterministic fixed index,True,persistent_omission,0.65280145117476429,0.61158248081921329,0.69193890756775556,308,21299,query_macro,2026091701,10000,95% unadjusted paired query-cluster percentile
wands,gte_modernbert,BM25,fixed,100,True,0,0,available,structural: single deterministic fixed index,True,Recall,0.6323252253791084,0.59232344317102892,0.67096027386546242,308,21299,query_macro,2026091701,10000,95% unadjusted paired query-cluster percentile
wands,gte_modernbert,BM25,fixed,100,True,0,0,available,structural: single deterministic fixed index,True,nDCG,0.64542307001614274,0.61512900314083885,0.67545338986760883,308,21299,query_macro,2026091701,10000,95% unadjusted paired query-cluster percentile
wands,gte_modernbert,BM25,fixed,100,True,0,0,available,structural: single deterministic fixed index,True,cNDCG,0.83521180914045445,0.81557908753019692,0.85374902339390346,308,21299,query_macro,2026091701,10000,95% unadjusted paired query-cluster percentile
wands,gte_modernbert,BM25,fixed,100,True,0,0,available,structural: single deterministic fixed index,True,judged_coverage,0.66633116883116894,0.63597321428571429,0.69649431818181817,308,21299,query_macro,2026091701,10000,95% unadjusted paired query-cluster percentile
wands,gte_modernbert,BM25,fixed,100,True,0,0,available,structural: single deterministic fixed index,True,persistent_inclusion,0.6323252253791084,0.59232344317102892,0.67096027386546242,308,21299,query_macro,2026091701,10000,95% unadjusted paired query-cluster percentile
wands,gte_modernbert,BM25,fixed,100,True,0,0,available,structural: single deterministic fixed index,True,VI,0,0,0,308,21299,query_macro,2026091701,10000,95% unadjusted paired query-cluster percentile
wands,gte_modernbert,BM25,fixed,100,True,0,0,available,structural: single deterministic fixed index,True,persistent_omission,0.3676747746208916,0.32903972613453758,0.40767655682897103,308,21299,query_macro,2026091701,10000,95% unadjusted paired query-cluster percentile
esci,minilm,raw,C0,20,False,1,1,available,observed seven catalog schedules,False,Recall,0.67952066570157232,0.64968397456116322,0.70857669753507546,499,4434,query_macro,2026091701,10000,95% unadjusted paired query-cluster percentile
esci,minilm,raw,C0,20,False,1,1,available,observed seven catalog schedules,False,nDCG,0.60363073094487019,0.57820277706560652,0.62849814440585694,499,4434,query_macro,2026091701,10000,95% unadjusted paired query-cluster percentile
esci,minilm,raw,C0,20,False,1,1,available,observed seven catalog schedules,False,cNDCG,0.79611407208340867,0.78034612459797326,0.81097982694642101,499,4434,query_macro,2026091701,10000,95% unadjusted paired query-cluster percentile
esci,minilm,raw,C0,20,False,1,1,available,observed seven catalog schedules,False,judged_coverage,0.54859719438877752,0.52464929859719445,0.57264529058116231,499,4434,query_macro,2026091701,10000,95% unadjusted paired query-cluster percentile
esci,minilm,raw,C0,20,False,1,1,available,observed seven catalog schedules,False,persistent_inclusion,0.65468744824237246,0.6249908002745358,0.68347415952299628,499,4434,query_macro,2026091701,10000,95% unadjusted paired query-cluster percentile
esci,minilm,raw,C0,20,False,1,1,available,observed seven catalog schedules,False,VI,0.040373317303826914,0.031977077572977783,0.049963741467306068,499,4434,query_macro,2026091701,10000,95% unadjusted paired query-cluster percentile
esci,minilm,raw,C0,20,False,1,1,available,observed seven catalog schedules,False,persistent_omission,0.30493923445380061,0.2766331552886479,0.334051880107472,499,4434,query_macro,2026091701,10000,95% unadjusted paired query-cluster percentile
esci,minilm,raw,seven_mean,20,False,1,1,available,observed seven catalog schedules,False,Recall,0.67576246431869924,0.64660027461171143,0.70382441341852875,499,4434,query_macro,2026091701,10000,95% unadjusted paired query-cluster percentile
esci,minilm,raw,seven_mean,20,False,1,1,available,observed seven catalog schedules,False,nDCG,0.60190247946925701,0.57653269606197,0.62678747253531863,499,4434,query_macro,2026091701,10000,95% unadjusted paired query-cluster percentile
esci,minilm,raw,seven_mean,20,False,1,1,available,observed seven catalog schedules,False,cNDCG,0.79504776492170848,0.77934567122286824,0.80978333396420765,499,4434,query_macro,2026091701,10000,95% unadjusted paired query-cluster percentile
esci,minilm,raw,seven_mean,20,False,1,1,available,observed seven catalog schedules,False,judged_coverage,0.54862582307472096,0.52482107071285433,0.57258839106785009,499,4434,query_macro,2026091701,10000,95% unadjusted paired query-cluster percentile
esci,minilm,raw,seven_mean,20,False,1,1,available,observed seven catalog schedules,False,persistent_inclusion,0.65468744824237246,0.6249908002745358,0.68347415952299628,499,4434,query_macro,2026091701,10000,95% unadjusted paired query-cluster percentile
esci,minilm,raw,seven_mean,20,False,1,1,available,observed seven catalog schedules,False,VI,0.040373317303826914,0.031977077572977783,0.049963741467306068,499,4434,query_macro,2026091701,10000,95% unadjusted paired query-cluster percentile
esci,minilm,raw,seven_mean,20,False,1,1,available,observed seven catalog schedules,False,persistent_omission,0.30493923445380061,0.2766331552886479,0.334051880107472,499,4434,query_macro,2026091701,10000,95% unadjusted paired query-cluster percentile
esci,minilm,raw,C0,100,False,1,1,available,observed seven catalog schedules,False,Recall,0.86135865830930181,0.83715986457913394,0.88451422256677981,499,4434,query_macro,2026091701,10000,95% unadjusted paired query-cluster percentile
esci,minilm,raw,C0,100,False,1,1,available,observed seven catalog schedules,False,nDCG,0.67488080664331851,0.65154742259940712,0.69729288609483997,499,4434,query_macro,2026091701,10000,95% unadjusted paired query-cluster percentile
esci,minilm,raw,C0,100,False,1,1,available,observed seven catalog schedules,False,cNDCG,0.82731642462015964,0.81369071142481075,0.84036532913755169,499,4434,query_macro,2026091701,10000,95% unadjusted paired query-cluster percentile
esci,minilm,raw,C0,100,False,1,1,available,observed seven catalog schedules,False,judged_coverage,0.16292585170340682,0.15444839679358718,0.17168336673346693,499,4434,query_macro,2026091701,10000,95% unadjusted paired query-cluster percentile
esci,minilm,raw,C0,100,False,1,1,available,observed seven catalog schedules,False,persistent_inclusion,0.8552837328080235,0.83096914183553294,0.87870662190584869,499,4434,query_macro,2026091701,10000,95% unadjusted paired query-cluster percentile
esci,minilm,raw,C0,100,False,1,1,available,observed seven catalog schedules,False,VI,0.01412918197737837,0.0085756178616900047,0.020815482518576203,499,4434,query_macro,2026091701,10000,95% unadjusted paired query-cluster percentile
esci,minilm,raw,C0,100,False,1,1,available,observed seven catalog schedules,False,persistent_omission,0.13058708521459805,0.10814795788584702,0.15390216721399916,499,4434,query_macro,2026091701,10000,95% unadjusted paired query-cluster percentile
esci,minilm,raw,seven_mean,100,False,1,1,available,observed seven catalog schedules,False,Recall,0.8619282922438799,0.83822567681418947,0.88466628860077634,499,4434,query_macro,2026091701,10000,95% unadjusted paired query-cluster percentile
esci,minilm,raw,seven_mean,100,False,1,1,available,observed seven catalog schedules,False,nDCG,0.67437297139286545,0.65108780769791186,0.69665730441518048,499,4434,query_macro,2026091701,10000,95% unadjusted paired query-cluster percentile
esci,minilm,raw,seven_mean,100,False,1,1,available,observed seven catalog schedules,False,cNDCG,0.82612615098948661,0.81263392318604732,0.83898783441939451,499,4434,query_macro,2026091701,10000,95% unadjusted paired query-cluster percentile
esci,minilm,raw,seven_mean,100,False,1,1,available,observed seven catalog schedules,False,judged_coverage,0.16288004580589752,0.15443458345261954,0.17164042370455196,499,4434,query_macro,2026091701,10000,95% unadjusted paired query-cluster percentile
esci,minilm,raw,seven_mean,100,False,1,1,available,observed seven catalog schedules,False,persistent_inclusion,0.8552837328080235,0.83096914183553294,0.87870662190584869,499,4434,query_macro,2026091701,10000,95% unadjusted paired query-cluster percentile
esci,minilm,raw,seven_mean,100,False,1,1,available,observed seven catalog schedules,False,VI,0.01412918197737837,0.0085756178616900047,0.020815482518576203,499,4434,query_macro,2026091701,10000,95% unadjusted paired query-cluster percentile
esci,minilm,raw,seven_mean,100,False,1,1,available,observed seven catalog schedules,False,persistent_omission,0.13058708521459805,0.10814795788584702,0.15390216721399916,499,4434,query_macro,2026091701,10000,95% unadjusted paired query-cluster percentile
esci,minilm,raw_hybrid,C0,20,False,1,1,available,observed seven catalog schedules,True,Recall,0.71440012109832141,0.68567307391704624,0.74243402586464613,499,4434,query_macro,2026091701,10000,95% unadjusted paired query-cluster percentile
esci,minilm,raw_hybrid,C0,20,False,1,1,available,observed seven catalog schedules,True,nDCG,0.64089813880727931,0.61579401603391903,0.66481218204268344,499,4434,query_macro,2026091701,10000,95% unadjusted paired query-cluster percentile
esci,minilm,raw_hybrid,C0,20,False,1,1,available,observed seven catalog schedules,True,cNDCG,0.8001572475908556,0.7843003454626335,0.81531783837996674,499,4434,query_macro,2026091701,10000,95% unadjusted paired query-cluster percentile
esci,minilm,raw_hybrid,C0,20,False,1,1,available,observed seven catalog schedules,True,judged_coverage,0.5808617234468938,0.55811623246492981,0.60390781563126261,499,4434,query_macro,2026091701,10000,95% unadjusted paired query-cluster percentile
esci,minilm,raw_hybrid,C0,20,False,1,1,available,observed seven catalog schedules,True,persistent_inclusion,0.69846405429056746,0.66928192464308212,0.72677871669238014,499,4434,query_macro,2026091701,10000,95% unadjusted paired query-cluster percentile
esci,minilm,raw_hybrid,C0,20,False,1,1,available,observed seven catalog schedules,True,VI,0.03268292899742424,0.025157294572346566,0.040877732087183989,499,4434,query_macro,2026091701,10000,95% unadjusted paired query-cluster percentile
esci,minilm,raw_hybrid,C0,20,False,1,1,available,observed seven catalog schedules,True,persistent_omission,0.26885301671200829,0.24234566390517717,0.29654029720263336,499,4434,query_macro,2026091701,10000,95% unadjusted paired query-cluster percentile
esci,minilm,raw_hybrid,seven_mean,20,False,1,1,available,observed seven catalog schedules,True,Recall,0.71491104983861475,0.68651348536418566,0.74209942739849055,499,4434,query_macro,2026091701,10000,95% unadjusted paired query-cluster percentile
esci,minilm,raw_hybrid,seven_mean,20,False,1,1,available,observed seven catalog schedules,True,nDCG,0.64042712338077024,0.61553862997272246,0.66433219982193814,499,4434,query_macro,2026091701,10000,95% unadjusted paired query-cluster percentile
esci,minilm,raw_hybrid,seven_mean,20,False,1,1,available,observed seven catalog schedules,True,cNDCG,0.79981483704113765,0.78388495762924826,0.81491243077788145,499,4434,query_macro,2026091701,10000,95% unadjusted paired query-cluster percentile
esci,minilm,raw_hybrid,seven_mean,20,False,1,1,available,observed seven catalog schedules,True,judged_coverage,0.58129115373604345,0.55853099055253363,0.6043519181219581,499,4434,query_macro,2026091701,10000,95% unadjusted paired query-cluster percentile
esci,minilm,raw_hybrid,seven_mean,20,False,1,1,available,observed seven catalog schedules,True,persistent_inclusion,0.69846405429056746,0.66928192464308212,0.72677871669238014,499,4434,query_macro,2026091701,10000,95% unadjusted paired query-cluster percentile
esci,minilm,raw_hybrid,seven_mean,20,False,1,1,available,observed seven catalog schedules,True,VI,0.03268292899742424,0.025157294572346566,0.040877732087183989,499,4434,query_macro,2026091701,10000,95% unadjusted paired query-cluster percentile
esci,minilm,raw_hybrid,seven_mean,20,False,1,1,available,observed seven catalog schedules,True,persistent_omission,0.26885301671200829,0.24234566390517717,0.29654029720263336,499,4434,query_macro,2026091701,10000,95% unadjusted paired query-cluster percentile
esci,minilm,raw_hybrid,C0,100,False,1,1,available,observed seven catalog schedules,True,Recall,0.8956765635306928,0.87464896206481346,0.91551950205238686,499,4434,query_macro,2026091701,10000,95% unadjusted paired query-cluster percentile
esci,minilm,raw_hybrid,C0,100,False,1,1,available,observed seven catalog schedules,True,nDCG,0.71141986984782979,0.68907626240470543,0.73303294970377875,499,4434,query_macro,2026091701,10000,95% unadjusted paired query-cluster percentile
esci,minilm,raw_hybrid,C0,100,False,1,1,available,observed seven catalog schedules,True,cNDCG,0.82990474280143633,0.81601187822276045,0.84356224664510782,499,4434,query_macro,2026091701,10000,95% unadjusted paired query-cluster percentile
esci,minilm,raw_hybrid,C0,100,False,1,1,available,observed seven catalog schedules,True,judged_coverage,0.16895791583166334,0.16072144288577159,0.17755561122244495,499,4434,query_macro,2026091701,10000,95% unadjusted paired query-cluster percentile
esci,minilm,raw_hybrid,C0,100,False,1,1,available,observed seven catalog schedules,True,persistent_inclusion,0.89313896252114788,0.87194935424527842,0.91306187799809901,499,4434,query_macro,2026091701,10000,95% unadjusted paired query-cluster percentile
esci,minilm,raw_hybrid,C0,100,False,1,1,available,observed seven catalog schedules,True,VI,0.005594454254273894,0.0028695514363725784,0.008883265824022336,499,4434,query_macro,2026091701,10000,95% unadjusted paired query-cluster percentile
esci,minilm,raw_hybrid,C0,100,False,1,1,available,observed seven catalog schedules,True,persistent_omission,0.10126658322457815,0.081662563046432754,0.12201343656797327,499,4434,query_macro,2026091701,10000,95% unadjusted paired query-cluster percentile
esci,minilm,raw_hybrid,seven_mean,100,False,1,1,available,observed seven catalog schedules,True,Recall,0.89567018491709982,0.87460209251537213,0.91551129066537695,499,4434,query_macro,2026091701,10000,95% unadjusted paired query-cluster percentile
esci,minilm,raw_hybrid,seven_mean,100,False,1,1,available,observed seven catalog schedules,True,nDCG,0.71107301639376042,0.68891557188062025,0.73257033107429492,499,4434,query_macro,2026091701,10000,95% unadjusted paired query-cluster percentile
esci,minilm,raw_hybrid,seven_mean,100,False,1,1,available,observed seven catalog schedules,True,cNDCG,0.82990418030522739,0.81605887543463795,0.84351712676702117,499,4434,query_macro,2026091701,10000,95% unadjusted paired query-cluster percentile
esci,minilm,raw_hybrid,seven_mean,100,False,1,1,available,observed seven catalog schedules,True,judged_coverage,0.1689006584597767,0.16065251932436303,0.17748955052963072,499,4434,query_macro,2026091701,10000,95% unadjusted paired query-cluster percentile
esci,minilm,raw_hybrid,seven_mean,100,False,1,1,available,observed seven catalog schedules,True,persistent_inclusion,0.89313896252114788,0.87194935424527842,0.91306187799809901,499,4434,query_macro,2026091701,10000,95% unadjusted paired query-cluster percentile
esci,minilm,raw_hybrid,seven_mean,100,False,1,1,available,observed seven catalog schedules,True,VI,0.005594454254273894,0.0028695514363725784,0.008883265824022336,499,4434,query_macro,2026091701,10000,95% unadjusted paired query-cluster percentile
esci,minilm,raw_hybrid,seven_mean,100,False,1,1,available,observed seven catalog schedules,True,persistent_omission,0.10126658322457815,0.081662563046432754,0.12201343656797327,499,4434,query_macro,2026091701,10000,95% unadjusted paired query-cluster percentile
esci,minilm,canonical_hybrid_field_priority_type,fixed,20,True,1,1,available,structural: single deterministic fixed index,True,Recall,0.71492093971783732,0.68612559895320968,0.74217882908833688,499,4434,query_macro,2026091701,10000,95% unadjusted paired query-cluster percentile
esci,minilm,canonical_hybrid_field_priority_type,fixed,20,True,1,1,available,structural: single deterministic fixed index,True,nDCG,0.63917237585196707,0.61427348555209804,0.66299768407685156,499,4434,query_macro,2026091701,10000,95% unadjusted paired query-cluster percentile
esci,minilm,canonical_hybrid_field_priority_type,fixed,20,True,1,1,available,structural: single deterministic fixed index,True,cNDCG,0.79892317207550079,0.78302619027979792,0.81419970270258757,499,4434,query_macro,2026091701,10000,95% unadjusted paired query-cluster percentile
esci,minilm,canonical_hybrid_field_priority_type,fixed,20,True,1,1,available,structural: single deterministic fixed index,True,judged_coverage,0.58016032064128253,0.55741482965931866,0.60330661322645285,499,4434,query_macro,2026091701,10000,95% unadjusted paired query-cluster percentile
esci,minilm,canonical_hybrid_field_priority_type,fixed,20,True,1,1,available,structural: single deterministic fixed index,True,persistent_inclusion,0.71492093971783732,0.68612559895320968,0.74217882908833688,499,4434,query_macro,2026091701,10000,95% unadjusted paired query-cluster percentile
esci,minilm,canonical_hybrid_field_priority_type,fixed,20,True,1,1,available,structural: single deterministic fixed index,True,VI,0,0,0,499,4434,query_macro,2026091701,10000,95% unadjusted paired query-cluster percentile
esci,minilm,canonical_hybrid_field_priority_type,fixed,20,True,1,1,available,structural: single deterministic fixed index,True,persistent_omission,0.28507906028216262,0.25782117091166307,0.31387440104679037,499,4434,query_macro,2026091701,10000,95% unadjusted paired query-cluster percentile
esci,minilm,canonical_hybrid_field_priority_type,fixed,100,True,1,1,available,structural: single deterministic fixed index,True,Recall,0.89541619847824361,0.87439226044189244,0.91523500405044744,499,4434,query_macro,2026091701,10000,95% unadjusted paired query-cluster percentile
esci,minilm,canonical_hybrid_field_priority_type,fixed,100,True,1,1,available,structural: single deterministic fixed index,True,nDCG,0.71023012613660852,0.6880012540563617,0.73176900658496558,499,4434,query_macro,2026091701,10000,95% unadjusted paired query-cluster percentile
esci,minilm,canonical_hybrid_field_priority_type,fixed,100,True,1,1,available,structural: single deterministic fixed index,True,cNDCG,0.82886447221258797,0.81493564895776105,0.84238532158504131,499,4434,query_macro,2026091701,10000,95% unadjusted paired query-cluster percentile
esci,minilm,canonical_hybrid_field_priority_type,fixed,100,True,1,1,available,structural: single deterministic fixed index,True,judged_coverage,0.16885771543086173,0.16062074148296598,0.17745490981963929,499,4434,query_macro,2026091701,10000,95% unadjusted paired query-cluster percentile
esci,minilm,canonical_hybrid_field_priority_type,fixed,100,True,1,1,available,structural: single deterministic fixed index,True,persistent_inclusion,0.89541619847824361,0.87439226044189244,0.91523500405044744,499,4434,query_macro,2026091701,10000,95% unadjusted paired query-cluster percentile
esci,minilm,canonical_hybrid_field_priority_type,fixed,100,True,1,1,available,structural: single deterministic fixed index,True,VI,0,0,0,499,4434,query_macro,2026091701,10000,95% unadjusted paired query-cluster percentile
esci,minilm,canonical_hybrid_field_priority_type,fixed,100,True,1,1,available,structural: single deterministic fixed index,True,persistent_omission,0.10458380152175639,0.084764995949552543,0.12560773955810736,499,4434,query_macro,2026091701,10000,95% unadjusted paired query-cluster percentile
esci,minilm,canonical_hybrid_lexical_ascending,fixed,20,True,1,1,available,structural: single deterministic fixed index,True,Recall,0.71478733918343529,0.68592922548556001,0.74214461138467069,499,4434,query_macro,2026091701,10000,95% unadjusted paired query-cluster percentile
esci,minilm,canonical_hybrid_lexical_ascending,fixed,20,True,1,1,available,structural: single deterministic fixed index,True,nDCG,0.63923917786677409,0.61443240290851597,0.66301087957850169,499,4434,query_macro,2026091701,10000,95% unadjusted paired query-cluster percentile
esci,minilm,canonical_hybrid_lexical_ascending,fixed,20,True,1,1,available,structural: single deterministic fixed index,True,cNDCG,0.79905133997006983,0.78315328276720886,0.81438356094548636,499,4434,query_macro,2026091701,10000,95% unadjusted paired query-cluster percentile
esci,minilm,canonical_hybrid_lexical_ascending,fixed,20,True,1,1,available,structural: single deterministic fixed index,True,judged_coverage,0.58016032064128253,0.55751252505010018,0.60330911823647293,499,4434,query_macro,2026091701,10000,95% unadjusted paired query-cluster percentile
esci,minilm,canonical_hybrid_lexical_ascending,fixed,20,True,1,1,available,structural: single deterministic fixed index,True,persistent_inclusion,0.71478733918343529,0.68592922548556001,0.74214461138467069,499,4434,query_macro,2026091701,10000,95% unadjusted paired query-cluster percentile
esci,minilm,canonical_hybrid_lexical_ascending,fixed,20,True,1,1,available,structural: single deterministic fixed index,True,VI,0,0,0,499,4434,query_macro,2026091701,10000,95% unadjusted paired query-cluster percentile
esci,minilm,canonical_hybrid_lexical_ascending,fixed,20,True,1,1,available,structural: single deterministic fixed index,True,persistent_omission,0.28521266081656477,0.2578553886153292,0.31407077451443971,499,4434,query_macro,2026091701,10000,95% unadjusted paired query-cluster percentile
esci,minilm,canonical_hybrid_lexical_ascending,fixed,100,True,1,1,available,structural: single deterministic fixed index,True,Recall,0.89506701526332888,0.87400818587329776,0.91497196245462509,499,4434,query_macro,2026091701,10000,95% unadjusted paired query-cluster percentile
esci,minilm,canonical_hybrid_lexical_ascending,fixed,100,True,1,1,available,structural: single deterministic fixed index,True,nDCG,0.71022039070044907,0.68790160599143624,0.73177043013499843,499,4434,query_macro,2026091701,10000,95% unadjusted paired query-cluster percentile
esci,minilm,canonical_hybrid_lexical_ascending,fixed,100,True,1,1,available,structural: single deterministic fixed index,True,cNDCG,0.82899228881625364,0.81505209424392733,0.84251825329751229,499,4434,query_macro,2026091701,10000,95% unadjusted paired query-cluster percentile
esci,minilm,canonical_hybrid_lexical_ascending,fixed,100,True,1,1,available,structural: single deterministic fixed index,True,judged_coverage,0.1688376753507014,0.16058116232464933,0.177434869739479,499,4434,query_macro,2026091701,10000,95% unadjusted paired query-cluster percentile
esci,minilm,canonical_hybrid_lexical_ascending,fixed,100,True,1,1,available,structural: single deterministic fixed index,True,persistent_inclusion,0.89506701526332888,0.87400818587329776,0.91497196245462509,499,4434,query_macro,2026091701,10000,95% unadjusted paired query-cluster percentile
esci,minilm,canonical_hybrid_lexical_ascending,fixed,100,True,1,1,available,structural: single deterministic fixed index,True,VI,0,0,0,499,4434,query_macro,2026091701,10000,95% unadjusted paired query-cluster percentile
esci,minilm,canonical_hybrid_lexical_ascending,fixed,100,True,1,1,available,structural: single deterministic fixed index,True,persistent_omission,0.10493298473667106,0.085028037545374843,0.1259918141267023,499,4434,query_macro,2026091701,10000,95% unadjusted paired query-cluster percentile
esci,minilm,canonical_hybrid_lexical_descending,fixed,20,True,1,1,available,structural: single deterministic fixed index,True,Recall,0.71555070192148251,0.68677687705973489,0.74263487329340161,499,4434,query_macro,2026091701,10000,95% unadjusted paired query-cluster percentile
esci,minilm,canonical_hybrid_lexical_descending,fixed,20,True,1,1,available,structural: single deterministic fixed index,True,nDCG,0.64049860555586557,0.61545719511380625,0.66435039111673189,499,4434,query_macro,2026091701,10000,95% unadjusted paired query-cluster percentile
esci,minilm,canonical_hybrid_lexical_descending,fixed,20,True,1,1,available,structural: single deterministic fixed index,True,cNDCG,0.79858136251042444,0.78251157059392373,0.81377565223531012,499,4434,query_macro,2026091701,10000,95% unadjusted paired query-cluster percentile
esci,minilm,canonical_hybrid_lexical_descending,fixed,20,True,1,1,available,structural: single deterministic fixed index,True,judged_coverage,0.5821643286573146,0.55931863727454922,0.60511022044088181,499,4434,query_macro,2026091701,10000,95% unadjusted paired query-cluster percentile
esci,minilm,canonical_hybrid_lexical_descending,fixed,20,True,1,1,available,structural: single deterministic fixed index,True,persistent_inclusion,0.71555070192148251,0.68677687705973489,0.74263487329340161,499,4434,query_macro,2026091701,10000,95% unadjusted paired query-cluster percentile
esci,minilm,canonical_hybrid_lexical_descending,fixed,20,True,1,1,available,structural: single deterministic fixed index,True,VI,0,0,0,499,4434,query_macro,2026091701,10000,95% unadjusted paired query-cluster percentile
esci,minilm,canonical_hybrid_lexical_descending,fixed,20,True,1,1,available,structural: single deterministic fixed index,True,persistent_omission,0.28444929807851732,0.25736512670659828,0.31322312294026511,499,4434,query_macro,2026091701,10000,95% unadjusted paired query-cluster percentile
esci,minilm,canonical_hybrid_lexical_descending,fixed,100,True,1,1,available,structural: single deterministic fixed index,True,Recall,0.89655825300206171,0.87555700118475344,0.91652338234467934,499,4434,query_macro,2026091701,10000,95% unadjusted paired query-cluster percentile
esci,minilm,canonical_hybrid_lexical_descending,fixed,100,True,1,1,available,structural: single deterministic fixed index,True,nDCG,0.71093466079782153,0.6885999967784201,0.73244592764518213,499,4434,query_macro,2026091701,10000,95% unadjusted paired query-cluster percentile
esci,minilm,canonical_hybrid_lexical_descending,fixed,100,True,1,1,available,structural: single deterministic fixed index,True,cNDCG,0.82902865647144541,0.81517461848519812,0.84277909177467136,499,4434,query_macro,2026091701,10000,95% unadjusted paired query-cluster percentile
esci,minilm,canonical_hybrid_lexical_descending,fixed,100,True,1,1,available,structural: single deterministic fixed index,True,judged_coverage,0.16905811623246494,0.16078156312625255,0.17767585170340683,499,4434,query_macro,2026091701,10000,95% unadjusted paired query-cluster percentile
esci,minilm,canonical_hybrid_lexical_descending,fixed,100,True,1,1,available,structural: single deterministic fixed index,True,persistent_inclusion,0.89655825300206171,0.87555700118475344,0.91652338234467934,499,4434,query_macro,2026091701,10000,95% unadjusted paired query-cluster percentile
esci,minilm,canonical_hybrid_lexical_descending,fixed,100,True,1,1,available,structural: single deterministic fixed index,True,VI,0,0,0,499,4434,query_macro,2026091701,10000,95% unadjusted paired query-cluster percentile
esci,minilm,canonical_hybrid_lexical_descending,fixed,100,True,1,1,available,structural: single deterministic fixed index,True,persistent_omission,0.10344174699793833,0.083476617655320454,0.12444299881524658,499,4434,query_macro,2026091701,10000,95% unadjusted paired query-cluster percentile
esci,minilm,centroid_2,fixed,20,True,1,2,available,structural: single deterministic fixed index,False,Recall,0.67895193821719269,0.64916645599211287,0.70763614022920118,499,4434,query_macro,2026091701,10000,95% unadjusted paired query-cluster percentile
esci,minilm,centroid_2,fixed,20,True,1,2,available,structural: single deterministic fixed index,False,nDCG,0.6032937910280004,0.57774084893019706,0.62843042904183299,499,4434,query_macro,2026091701,10000,95% unadjusted paired query-cluster percentile
esci,minilm,centroid_2,fixed,20,True,1,2,available,structural: single deterministic fixed index,False,cNDCG,0.79624278019899153,0.78024440401202289,0.81118829682349991,499,4434,query_macro,2026091701,10000,95% unadjusted paired query-cluster percentile
esci,minilm,centroid_2,fixed,20,True,1,2,available,structural: single deterministic fixed index,False,judged_coverage,0.54929859719438878,0.52555110220440882,0.57324649298597197,499,4434,query_macro,2026091701,10000,95% unadjusted paired query-cluster percentile
esci,minilm,centroid_2,fixed,20,True,1,2,available,structural: single deterministic fixed index,False,persistent_inclusion,0.67895193821719269,0.64916645599211287,0.70763614022920118,499,4434,query_macro,2026091701,10000,95% unadjusted paired query-cluster percentile
esci,minilm,centroid_2,fixed,20,True,1,2,available,structural: single deterministic fixed index,False,VI,0,0,0,499,4434,query_macro,2026091701,10000,95% unadjusted paired query-cluster percentile
esci,minilm,centroid_2,fixed,20,True,1,2,available,structural: single deterministic fixed index,False,persistent_omission,0.32104806178280731,0.29236385977079876,0.35083354400788719,499,4434,query_macro,2026091701,10000,95% unadjusted paired query-cluster percentile
esci,minilm,centroid_2,fixed,100,True,1,2,available,structural: single deterministic fixed index,False,Recall,0.86326558571723122,0.83950629691486811,0.88589987006757509,499,4434,query_macro,2026091701,10000,95% unadjusted paired query-cluster percentile
esci,minilm,centroid_2,fixed,100,True,1,2,available,structural: single deterministic fixed index,False,nDCG,0.67516476636602007,0.65182947967913907,0.69754086799034787,499,4434,query_macro,2026091701,10000,95% unadjusted paired query-cluster percentile
esci,minilm,centroid_2,fixed,100,True,1,2,available,structural: single deterministic fixed index,False,cNDCG,0.82727097480721712,0.81361259645586503,0.84032451862915536,499,4434,query_macro,2026091701,10000,95% unadjusted paired query-cluster percentile
esci,minilm,centroid_2,fixed,100,True,1,2,available,structural: single deterministic fixed index,False,judged_coverage,0.16296593186372743,0.15452905811623249,0.17168386773547098,499,4434,query_macro,2026091701,10000,95% unadjusted paired query-cluster percentile
esci,minilm,centroid_2,fixed,100,True,1,2,available,structural: single deterministic fixed index,False,persistent_inclusion,0.86326558571723122,0.83950629691486811,0.88589987006757509,499,4434,query_macro,2026091701,10000,95% unadjusted paired query-cluster percentile
esci,minilm,centroid_2,fixed,100,True,1,2,available,structural: single deterministic fixed index,False,VI,0,0,0,499,4434,query_macro,2026091701,10000,95% unadjusted paired query-cluster percentile
esci,minilm,centroid_2,fixed,100,True,1,2,available,structural: single deterministic fixed index,False,persistent_omission,0.13673441428276883,0.11410012993242491,0.16049370308513183,499,4434,query_macro,2026091701,10000,95% unadjusted paired query-cluster percentile
esci,minilm,field_priority_type,fixed,20,True,1,1,available,structural: single deterministic fixed index,False,Recall,0.67480353264988058,0.64525265544353505,0.7035926605750491,499,4434,query_macro,2026091701,10000,95% unadjusted paired query-cluster percentile
esci,minilm,field_priority_type,fixed,20,True,1,1,available,structural: single deterministic fixed index,False,nDCG,0.60133122838604669,0.57583235475998873,0.62614477457242779,499,4434,query_macro,2026091701,10000,95% unadjusted paired query-cluster percentile
esci,minilm,field_priority_type,fixed,20,True,1,1,available,structural: single deterministic fixed index,False,cNDCG,0.79530189835351761,0.77940090579619659,0.81020452994586878,499,4434,query_macro,2026091701,10000,95% unadjusted paired query-cluster percentile
esci,minilm,field_priority_type,fixed,20,True,1,1,available,structural: single deterministic fixed index,False,judged_coverage,0.5482965931863728,0.52444889779559112,0.57204408817635277,499,4434,query_macro,2026091701,10000,95% unadjusted paired query-cluster percentile
esci,minilm,field_priority_type,fixed,20,True,1,1,available,structural: single deterministic fixed index,False,persistent_inclusion,0.67480353264988058,0.64525265544353505,0.7035926605750491,499,4434,query_macro,2026091701,10000,95% unadjusted paired query-cluster percentile
esci,minilm,field_priority_type,fixed,20,True,1,1,available,structural: single deterministic fixed index,False,VI,0,0,0,499,4434,query_macro,2026091701,10000,95% unadjusted paired query-cluster percentile
esci,minilm,field_priority_type,fixed,20,True,1,1,available,structural: single deterministic fixed index,False,persistent_omission,0.32519646735011942,0.2964073394249509,0.35474734455646484,499,4434,query_macro,2026091701,10000,95% unadjusted paired query-cluster percentile
esci,minilm,field_priority_type,fixed,100,True,1,1,available,structural: single deterministic fixed index,False,Recall,0.86357045786579067,0.83994304038730561,0.88626425078520943,499,4434,query_macro,2026091701,10000,95% unadjusted paired query-cluster percentile
esci,minilm,field_priority_type,fixed,100,True,1,1,available,structural: single deterministic fixed index,False,nDCG,0.67496389509529742,0.65165789716112055,0.69740111644982905,499,4434,query_macro,2026091701,10000,95% unadjusted paired query-cluster percentile
esci,minilm,field_priority_type,fixed,100,True,1,1,available,structural: single deterministic fixed index,False,cNDCG,0.82655517718748794,0.81287595812775193,0.83965269820367761,499,4434,query_macro,2026091701,10000,95% unadjusted paired query-cluster percentile
esci,minilm,field_priority_type,fixed,100,True,1,1,available,structural: single deterministic fixed index,False,judged_coverage,0.1630260521042084,0.15454909819639279,0.17182364729458921,499,4434,query_macro,2026091701,10000,95% unadjusted paired query-cluster percentile
esci,minilm,field_priority_type,fixed,100,True,1,1,available,structural: single deterministic fixed index,False,persistent_inclusion,0.86357045786579067,0.83994304038730561,0.88626425078520943,499,4434,query_macro,2026091701,10000,95% unadjusted paired query-cluster percentile
esci,minilm,field_priority_type,fixed,100,True,1,1,available,structural: single deterministic fixed index,False,VI,0,0,0,499,4434,query_macro,2026091701,10000,95% unadjusted paired query-cluster percentile
esci,minilm,field_priority_type,fixed,100,True,1,1,available,structural: single deterministic fixed index,False,persistent_omission,0.13642954213420933,0.11373574921479047,0.16005695961269428,499,4434,query_macro,2026091701,10000,95% unadjusted paired query-cluster percentile
esci,minilm,lexical_ascending,fixed,20,True,1,1,available,structural: single deterministic fixed index,False,Recall,0.67496547269158014,0.64530639302876913,0.70372497755685326,499,4434,query_macro,2026091701,10000,95% unadjusted paired query-cluster percentile
esci,minilm,lexical_ascending,fixed,20,True,1,1,available,structural: single deterministic fixed index,False,nDCG,0.60154769502741368,0.57604992387833676,0.62638149823606692,499,4434,query_macro,2026091701,10000,95% unadjusted paired query-cluster percentile
esci,minilm,lexical_ascending,fixed,20,True,1,1,available,structural: single deterministic fixed index,False,cNDCG,0.79513330637283031,0.77924950386285718,0.81004723044326188,499,4434,query_macro,2026091701,10000,95% unadjusted paired query-cluster percentile
esci,minilm,lexical_ascending,fixed,20,True,1,1,available,structural: single deterministic fixed index,False,judged_coverage,0.54819639278557131,0.52434869739478951,0.57184619238476952,499,4434,query_macro,2026091701,10000,95% unadjusted paired query-cluster percentile
esci,minilm,lexical_ascending,fixed,20,True,1,1,available,structural: single deterministic fixed index,False,persistent_inclusion,0.67496547269158014,0.64530639302876913,0.70372497755685326,499,4434,query_macro,2026091701,10000,95% unadjusted paired query-cluster percentile
esci,minilm,lexical_ascending,fixed,20,True,1,1,available,structural: single deterministic fixed index,False,VI,0,0,0,499,4434,query_macro,2026091701,10000,95% unadjusted paired query-cluster percentile
esci,minilm,lexical_ascending,fixed,20,True,1,1,available,structural: single deterministic fixed index,False,persistent_omission,0.32503452730841986,0.29627502244314669,0.35469360697123081,499,4434,query_macro,2026091701,10000,95% unadjusted paired query-cluster percentile
esci,minilm,lexical_ascending,fixed,100,True,1,1,available,structural: single deterministic fixed index,False,Recall,0.8641170055065267,0.84050202364848459,0.88685980626938155,499,4434,query_macro,2026091701,10000,95% unadjusted paired query-cluster percentile
esci,minilm,lexical_ascending,fixed,100,True,1,1,available,structural: single deterministic fixed index,False,nDCG,0.67530168159940285,0.65188168423513937,0.69771372582830926,499,4434,query_macro,2026091701,10000,95% unadjusted paired query-cluster percentile
esci,minilm,lexical_ascending,fixed,100,True,1,1,available,structural: single deterministic fixed index,False,cNDCG,0.8265163569428966,0.8128499990196083,0.83958622318773568,499,4434,query_macro,2026091701,10000,95% unadjusted paired query-cluster percentile
esci,minilm,lexical_ascending,fixed,100,True,1,1,available,structural: single deterministic fixed index,False,judged_coverage,0.16306613226452907,0.15458867735470941,0.17186372745490985,499,4434,query_macro,2026091701,10000,95% unadjusted paired query-cluster percentile
esci,minilm,lexical_ascending,fixed,100,True,1,1,available,structural: single deterministic fixed index,False,persistent_inclusion,0.8641170055065267,0.84050202364848459,0.88685980626938155,499,4434,query_macro,2026091701,10000,95% unadjusted paired query-cluster percentile
esci,minilm,lexical_ascending,fixed,100,True,1,1,available,structural: single deterministic fixed index,False,VI,0,0,0,499,4434,query_macro,2026091701,10000,95% unadjusted paired query-cluster percentile
esci,minilm,lexical_ascending,fixed,100,True,1,1,available,structural: single deterministic fixed index,False,persistent_omission,0.1358829944934733,0.1131401937306185,0.15949797635151539,499,4434,query_macro,2026091701,10000,95% unadjusted paired query-cluster percentile
esci,minilm,lexical_descending,fixed,20,True,1,1,available,structural: single deterministic fixed index,False,Recall,0.67520754808138395,0.64586835992883018,0.70374634004031011,499,4434,query_macro,2026091701,10000,95% unadjusted paired query-cluster percentile
esci,minilm,lexical_descending,fixed,20,True,1,1,available,structural: single deterministic fixed index,False,nDCG,0.6008261920019683,0.57517659956379941,0.62572049677423891,499,4434,query_macro,2026091701,10000,95% unadjusted paired query-cluster percentile
esci,minilm,lexical_descending,fixed,20,True,1,1,available,structural: single deterministic fixed index,False,cNDCG,0.79354128300607352,0.77781757118191586,0.80831655603363917,499,4434,query_macro,2026091701,10000,95% unadjusted paired query-cluster percentile
esci,minilm,lexical_descending,fixed,20,True,1,1,available,structural: single deterministic fixed index,False,judged_coverage,0.54879759519038085,0.52515030060120238,0.57274799599198389,499,4434,query_macro,2026091701,10000,95% unadjusted paired query-cluster percentile
esci,minilm,lexical_descending,fixed,20,True,1,1,available,structural: single deterministic fixed index,False,persistent_inclusion,0.67520754808138395,0.64586835992883018,0.70374634004031011,499,4434,query_macro,2026091701,10000,95% unadjusted paired query-cluster percentile
esci,minilm,lexical_descending,fixed,20,True,1,1,available,structural: single deterministic fixed index,False,VI,0,0,0,499,4434,query_macro,2026091701,10000,95% unadjusted paired query-cluster percentile
esci,minilm,lexical_descending,fixed,20,True,1,1,available,structural: single deterministic fixed index,False,persistent_omission,0.32479245191861617,0.29625365995968972,0.35413164007116965,499,4434,query_macro,2026091701,10000,95% unadjusted paired query-cluster percentile
esci,minilm,lexical_descending,fixed,100,True,1,1,available,structural: single deterministic fixed index,False,Recall,0.86381462752378801,0.84018104561495599,0.88655087128605481,499,4434,query_macro,2026091701,10000,95% unadjusted paired query-cluster percentile
esci,minilm,lexical_descending,fixed,100,True,1,1,available,structural: single deterministic fixed index,False,nDCG,0.67365227742803868,0.6503537425410304,0.69583595817704036,499,4434,query_macro,2026091701,10000,95% unadjusted paired query-cluster percentile
esci,minilm,lexical_descending,fixed,100,True,1,1,available,structural: single deterministic fixed index,False,cNDCG,0.82465294959049085,0.81100343604406311,0.83780252530375521,499,4434,query_macro,2026091701,10000,95% unadjusted paired query-cluster percentile
esci,minilm,lexical_descending,fixed,100,True,1,1,available,structural: single deterministic fixed index,False,judged_coverage,0.16306613226452907,0.1546492985971944,0.17182364729458915,499,4434,query_macro,2026091701,10000,95% unadjusted paired query-cluster percentile
esci,minilm,lexical_descending,fixed,100,True,1,1,available,structural: single deterministic fixed index,False,persistent_inclusion,0.86381462752378801,0.84018104561495599,0.88655087128605481,499,4434,query_macro,2026091701,10000,95% unadjusted paired query-cluster percentile
esci,minilm,lexical_descending,fixed,100,True,1,1,available,structural: single deterministic fixed index,False,VI,0,0,0,499,4434,query_macro,2026091701,10000,95% unadjusted paired query-cluster percentile
esci,minilm,lexical_descending,fixed,100,True,1,1,available,structural: single deterministic fixed index,False,persistent_omission,0.13618537247621201,0.11344912871394508,0.15981895438504387,499,4434,query_macro,2026091701,10000,95% unadjusted paired query-cluster percentile
esci,minilm,max_2,fixed,20,True,2,2,available,structural: single deterministic fixed index,False,Recall,0.67685530949139827,0.64746640969452707,0.70527650630957317,499,4434,query_macro,2026091701,10000,95% unadjusted paired query-cluster percentile
esci,minilm,max_2,fixed,20,True,2,2,available,structural: single deterministic fixed index,False,nDCG,0.60287251448251744,0.57738103517038808,0.62788465976691066,499,4434,query_macro,2026091701,10000,95% unadjusted paired query-cluster percentile
esci,minilm,max_2,fixed,20,True,2,2,available,structural: single deterministic fixed index,False,cNDCG,0.79585780744949242,0.77996492691155672,0.81071502979816745,499,4434,query_macro,2026091701,10000,95% unadjusted paired query-cluster percentile
esci,minilm,max_2,fixed,20,True,2,2,available,structural: single deterministic fixed index,False,judged_coverage,0.54899799599198396,0.52515030060120227,0.57294589178356714,499,4434,query_macro,2026091701,10000,95% unadjusted paired query-cluster percentile
esci,minilm,max_2,fixed,20,True,2,2,available,structural: single deterministic fixed index,False,persistent_inclusion,0.67685530949139827,0.64746640969452707,0.70527650630957317,499,4434,query_macro,2026091701,10000,95% unadjusted paired query-cluster percentile
esci,minilm,max_2,fixed,20,True,2,2,available,structural: single deterministic fixed index,False,VI,0,0,0,499,4434,query_macro,2026091701,10000,95% unadjusted paired query-cluster percentile
esci,minilm,max_2,fixed,20,True,2,2,available,structural: single deterministic fixed index,False,persistent_omission,0.32314469050860184,0.29472349369042672,0.35253359030547288,499,4434,query_macro,2026091701,10000,95% unadjusted paired query-cluster percentile
esci,minilm,max_2,fixed,100,True,2,2,available,structural: single deterministic fixed index,False,Recall,0.86353218618423244,0.83977566324990338,0.88607850921073295,499,4434,query_macro,2026091701,10000,95% unadjusted paired query-cluster percentile
esci,minilm,max_2,fixed,100,True,2,2,available,structural: single deterministic fixed index,False,nDCG,0.67582128190417889,0.65265769848595534,0.69819285736518633,499,4434,query_macro,2026091701,10000,95% unadjusted paired query-cluster percentile
esci,minilm,max_2,fixed,100,True,2,2,available,structural: single deterministic fixed index,False,cNDCG,0.82707340358492565,0.81356012428503133,0.84022959044838674,499,4434,query_macro,2026091701,10000,95% unadjusted paired query-cluster percentile
esci,minilm,max_2,fixed,100,True,2,2,available,structural: single deterministic fixed index,False,judged_coverage,0.16306613226452904,0.15466933867735472,0.17178406813627256,499,4434,query_macro,2026091701,10000,95% unadjusted paired query-cluster percentile
esci,minilm,max_2,fixed,100,True,2,2,available,structural: single deterministic fixed index,False,persistent_inclusion,0.86353218618423244,0.83977566324990338,0.88607850921073295,499,4434,query_macro,2026091701,10000,95% unadjusted paired query-cluster percentile
esci,minilm,max_2,fixed,100,True,2,2,available,structural: single deterministic fixed index,False,VI,0,0,0,499,4434,query_macro,2026091701,10000,95% unadjusted paired query-cluster percentile
esci,minilm,max_2,fixed,100,True,2,2,available,structural: single deterministic fixed index,False,persistent_omission,0.13646781381576756,0.11392149078926714,0.16022433675009656,499,4434,query_macro,2026091701,10000,95% unadjusted paired query-cluster percentile
esci,minilm,set_mean,fixed,20,True,1,one per attribute plus fixed-text atom,available,structural: single deterministic fixed index,False,Recall,0.66426029743919002,0.635151598960217,0.692363853427722,499,4434,query_macro,2026091701,10000,95% unadjusted paired query-cluster percentile
esci,minilm,set_mean,fixed,20,True,1,one per attribute plus fixed-text atom,available,structural: single deterministic fixed index,False,nDCG,0.58868191935419933,0.56381130987568595,0.61227929892060606,499,4434,query_macro,2026091701,10000,95% unadjusted paired query-cluster percentile
esci,minilm,set_mean,fixed,20,True,1,one per attribute plus fixed-text atom,available,structural: single deterministic fixed index,False,cNDCG,0.79060399101079848,0.77551093392288351,0.80503483843493839,499,4434,query_macro,2026091701,10000,95% unadjusted paired query-cluster percentile
esci,minilm,set_mean,fixed,20,True,1,one per attribute plus fixed-text atom,available,structural: single deterministic fixed index,False,judged_coverage,0.53527054108216432,0.5120215430861722,0.55881763527054118,499,4434,query_macro,2026091701,10000,95% unadjusted paired query-cluster percentile
esci,minilm,set_mean,fixed,20,True,1,one per attribute plus fixed-text atom,available,structural: single deterministic fixed index,False,persistent_inclusion,0.66426029743919002,0.635151598960217,0.692363853427722,499,4434,query_macro,2026091701,10000,95% unadjusted paired query-cluster percentile
esci,minilm,set_mean,fixed,20,True,1,one per attribute plus fixed-text atom,available,structural: single deterministic fixed index,False,VI,0,0,0,499,4434,query_macro,2026091701,10000,95% unadjusted paired query-cluster percentile
esci,minilm,set_mean,fixed,20,True,1,one per attribute plus fixed-text atom,available,structural: single deterministic fixed index,False,persistent_omission,0.33573970256080993,0.30763614657227795,0.36484840103978305,499,4434,query_macro,2026091701,10000,95% unadjusted paired query-cluster percentile
esci,minilm,set_mean,fixed,100,True,1,one per attribute plus fixed-text atom,available,structural: single deterministic fixed index,False,Recall,0.84501565975632487,0.81969532462961114,0.86971193807073965,499,4434,query_macro,2026091701,10000,95% unadjusted paired query-cluster percentile
esci,minilm,set_mean,fixed,100,True,1,one per attribute plus fixed-text atom,available,structural: single deterministic fixed index,False,nDCG,0.66108306913760229,0.63733536125093038,0.68356174796229452,499,4434,query_macro,2026091701,10000,95% unadjusted paired query-cluster percentile
esci,minilm,set_mean,fixed,100,True,1,one per attribute plus fixed-text atom,available,structural: single deterministic fixed index,False,cNDCG,0.82144519856730236,0.80757861916950047,0.83471524349873649,499,4434,query_macro,2026091701,10000,95% unadjusted paired query-cluster percentile
esci,minilm,set_mean,fixed,100,True,1,one per attribute plus fixed-text atom,available,structural: single deterministic fixed index,False,judged_coverage,0.16042084168336673,0.15200350701402807,0.16911923847695393,499,4434,query_macro,2026091701,10000,95% unadjusted paired query-cluster percentile
esci,minilm,set_mean,fixed,100,True,1,one per attribute plus fixed-text atom,available,structural: single deterministic fixed index,False,persistent_inclusion,0.84501565975632487,0.81969532462961114,0.86971193807073965,499,4434,query_macro,2026091701,10000,95% unadjusted paired query-cluster percentile
esci,minilm,set_mean,fixed,100,True,1,one per attribute plus fixed-text atom,available,structural: single deterministic fixed index,False,VI,0,0,0,499,4434,query_macro,2026091701,10000,95% unadjusted paired query-cluster percentile
esci,minilm,set_mean,fixed,100,True,1,one per attribute plus fixed-text atom,available,structural: single deterministic fixed index,False,persistent_omission,0.15498434024367522,0.13028806192926035,0.1803046753703888,499,4434,query_macro,2026091701,10000,95% unadjusted paired query-cluster percentile
esci,minilm,BM25,fixed,20,True,0,0,available,structural: single deterministic fixed index,True,Recall,0.67685058322584046,0.64603190473081229,0.70643582836852636,499,4434,query_macro,2026091701,10000,95% unadjusted paired query-cluster percentile
esci,minilm,BM25,fixed,20,True,0,0,available,structural: single deterministic fixed index,True,nDCG,0.6151040799492089,0.58917565490151502,0.64017815336044703,499,4434,query_macro,2026091701,10000,95% unadjusted paired query-cluster percentile
esci,minilm,BM25,fixed,20,True,0,0,available,structural: single deterministic fixed index,True,cNDCG,0.79128972145288157,0.77493484749098029,0.80702435263949801,499,4434,query_macro,2026091701,10000,95% unadjusted paired query-cluster percentile
esci,minilm,BM25,fixed,20,True,0,0,available,structural: single deterministic fixed index,True,judged_coverage,0.54789579158316637,0.52384769539078146,0.57194388777555105,499,4434,query_macro,2026091701,10000,95% unadjusted paired query-cluster percentile
esci,minilm,BM25,fixed,20,True,0,0,available,structural: single deterministic fixed index,True,persistent_inclusion,0.67685058322584046,0.64603190473081229,0.70643582836852636,499,4434,query_macro,2026091701,10000,95% unadjusted paired query-cluster percentile
esci,minilm,BM25,fixed,20,True,0,0,available,structural: single deterministic fixed index,True,VI,0,0,0,499,4434,query_macro,2026091701,10000,95% unadjusted paired query-cluster percentile
esci,minilm,BM25,fixed,20,True,0,0,available,structural: single deterministic fixed index,True,persistent_omission,0.32314941677415954,0.29356417163147364,0.3539680952691876,499,4434,query_macro,2026091701,10000,95% unadjusted paired query-cluster percentile
esci,minilm,BM25,fixed,100,True,0,0,available,structural: single deterministic fixed index,True,Recall,0.82831914839620868,0.80252952373144126,0.85317099395970353,499,4434,query_macro,2026091701,10000,95% unadjusted paired query-cluster percentile
esci,minilm,BM25,fixed,100,True,0,0,available,structural: single deterministic fixed index,True,nDCG,0.67377006586625854,0.64954581302041514,0.697258452646766,499,4434,query_macro,2026091701,10000,95% unadjusted paired query-cluster percentile
esci,minilm,BM25,fixed,100,True,0,0,available,structural: single deterministic fixed index,True,cNDCG,0.82249140298675183,0.80776155452927423,0.83668842602783411,499,4434,query_macro,2026091701,10000,95% unadjusted paired query-cluster percentile
esci,minilm,BM25,fixed,100,True,0,0,available,structural: single deterministic fixed index,True,judged_coverage,0.15436873747494989,0.14595190380761525,0.1630260521042084,499,4434,query_macro,2026091701,10000,95% unadjusted paired query-cluster percentile
esci,minilm,BM25,fixed,100,True,0,0,available,structural: single deterministic fixed index,True,persistent_inclusion,0.82831914839620868,0.80252952373144126,0.85317099395970353,499,4434,query_macro,2026091701,10000,95% unadjusted paired query-cluster percentile
esci,minilm,BM25,fixed,100,True,0,0,available,structural: single deterministic fixed index,True,VI,0,0,0,499,4434,query_macro,2026091701,10000,95% unadjusted paired query-cluster percentile
esci,minilm,BM25,fixed,100,True,0,0,available,structural: single deterministic fixed index,True,persistent_omission,0.17168085160379132,0.14682900604029636,0.19747047626855868,499,4434,query_macro,2026091701,10000,95% unadjusted paired query-cluster percentile
esci,bge_base,raw,C0,20,False,1,1,available,observed seven catalog schedules,False,Recall,0.74104656363799326,0.71370306933092686,0.7678280888509339,499,4434,query_macro,2026091701,10000,95% unadjusted paired query-cluster percentile
esci,bge_base,raw,C0,20,False,1,1,available,observed seven catalog schedules,False,nDCG,0.66292112963197014,0.63882696113296389,0.68639830937946011,499,4434,query_macro,2026091701,10000,95% unadjusted paired query-cluster percentile
esci,bge_base,raw,C0,20,False,1,1,available,observed seven catalog schedules,False,cNDCG,0.81333610260627021,0.7988105191223952,0.82742673920793619,499,4434,query_macro,2026091701,10000,95% unadjusted paired query-cluster percentile
esci,bge_base,raw,C0,20,False,1,1,available,observed seven catalog schedules,False,judged_coverage,0.59368737474949895,0.57073897795591166,0.6163351703406813,499,4434,query_macro,2026091701,10000,95% unadjusted paired query-cluster percentile
esci,bge_base,raw,C0,20,False,1,1,available,observed seven catalog schedules,False,persistent_inclusion,0.71894932654719745,0.6906789908038089,0.74630192315531718,499,4434,query_macro,2026091701,10000,95% unadjusted paired query-cluster percentile
esci,bge_base,raw,C0,20,False,1,1,available,observed seven catalog schedules,False,VI,0.036618061695566417,0.02839704467582493,0.045904825408586925,499,4434,query_macro,2026091701,10000,95% unadjusted paired query-cluster percentile
esci,bge_base,raw,C0,20,False,1,1,available,observed seven catalog schedules,False,persistent_omission,0.24443261175723624,0.21815860491636355,0.27108733810698021,499,4434,query_macro,2026091701,10000,95% unadjusted paired query-cluster percentile
esci,bge_base,raw,seven_mean,20,False,1,1,available,observed seven catalog schedules,False,Recall,0.73830305555324593,0.71124412991049979,0.76511221036562116,499,4434,query_macro,2026091701,10000,95% unadjusted paired query-cluster percentile
esci,bge_base,raw,seven_mean,20,False,1,1,available,observed seven catalog schedules,False,nDCG,0.66226129528156763,0.63807946503677382,0.68572104815833601,499,4434,query_macro,2026091701,10000,95% unadjusted paired query-cluster percentile
esci,bge_base,raw,seven_mean,20,False,1,1,available,observed seven catalog schedules,False,cNDCG,0.81369118835293297,0.79914275547620339,0.82766732462991055,499,4434,query_macro,2026091701,10000,95% unadjusted paired query-cluster percentile
esci,bge_base,raw,seven_mean,20,False,1,1,available,observed seven catalog schedules,False,judged_coverage,0.59368737474949895,0.57099699398797599,0.616361651875179,499,4434,query_macro,2026091701,10000,95% unadjusted paired query-cluster percentile
esci,bge_base,raw,seven_mean,20,False,1,1,available,observed seven catalog schedules,False,persistent_inclusion,0.71894932654719745,0.6906789908038089,0.74630192315531718,499,4434,query_macro,2026091701,10000,95% unadjusted paired query-cluster percentile
esci,bge_base,raw,seven_mean,20,False,1,1,available,observed seven catalog schedules,False,VI,0.036618061695566417,0.02839704467582493,0.045904825408586925,499,4434,query_macro,2026091701,10000,95% unadjusted paired query-cluster percentile
esci,bge_base,raw,seven_mean,20,False,1,1,available,observed seven catalog schedules,False,persistent_omission,0.24443261175723624,0.21815860491636355,0.27108733810698021,499,4434,query_macro,2026091701,10000,95% unadjusted paired query-cluster percentile
esci,bge_base,raw,C0,100,False,1,1,available,observed seven catalog schedules,False,Recall,0.90977590356820059,0.89040547960017724,0.92852333399933418,499,4434,query_macro,2026091701,10000,95% unadjusted paired query-cluster percentile
esci,bge_base,raw,C0,100,False,1,1,available,observed seven catalog schedules,False,nDCG,0.72905603906632199,0.70720764250640988,0.75009320187621709,499,4434,query_macro,2026091701,10000,95% unadjusted paired query-cluster percentile
esci,bge_base,raw,C0,100,False,1,1,available,observed seven catalog schedules,False,cNDCG,0.84323828691975722,0.83005415425127027,0.8557225458709663,499,4434,query_macro,2026091701,10000,95% unadjusted paired query-cluster percentile
esci,bge_base,raw,C0,100,False,1,1,available,observed seven catalog schedules,False,judged_coverage,0.17160320641282564,0.16304609218436877,0.18048096192384772,499,4434,query_macro,2026091701,10000,95% unadjusted paired query-cluster percentile
esci,bge_base,raw,C0,100,False,1,1,available,observed seven catalog schedules,False,persistent_inclusion,0.90732186277234461,0.88769099094231518,0.92604421697330797,499,4434,query_macro,2026091701,10000,95% unadjusted paired query-cluster percentile
esci,bge_base,raw,C0,100,False,1,1,available,observed seven catalog schedules,False,VI,0.0072012176997605518,0.0047076062249981308,0.010066998071739676,499,4434,query_macro,2026091701,10000,95% unadjusted paired query-cluster percentile
esci,bge_base,raw,C0,100,False,1,1,available,observed seven catalog schedules,False,persistent_omission,0.085476919527894865,0.067163384286929875,0.10453624576713429,499,4434,query_macro,2026091701,10000,95% unadjusted paired query-cluster percentile
esci,bge_base,raw,seven_mean,100,False,1,1,available,observed seven catalog schedules,False,Recall,0.91041342421919536,0.8911174665184326,0.92909009584233071,499,4434,query_macro,2026091701,10000,95% unadjusted paired query-cluster percentile
esci,bge_base,raw,seven_mean,100,False,1,1,available,observed seven catalog schedules,False,nDCG,0.72967820816073647,0.70783697848833182,0.7504815422093829,499,4434,query_macro,2026091701,10000,95% unadjusted paired query-cluster percentile
esci,bge_base,raw,seven_mean,100,False,1,1,available,observed seven catalog schedules,False,cNDCG,0.84371622004448921,0.83058147955598882,0.85606432711757097,499,4434,query_macro,2026091701,10000,95% unadjusted paired query-cluster percentile
esci,bge_base,raw,seven_mean,100,False,1,1,available,observed seven catalog schedules,False,judged_coverage,0.17170913255081593,0.16322072716862299,0.18054129687947323,499,4434,query_macro,2026091701,10000,95% unadjusted paired query-cluster percentile
esci,bge_base,raw,seven_mean,100,False,1,1,available,observed seven catalog schedules,False,persistent_inclusion,0.90732186277234461,0.88769099094231518,0.92604421697330797,499,4434,query_macro,2026091701,10000,95% unadjusted paired query-cluster percentile
esci,bge_base,raw,seven_mean,100,False,1,1,available,observed seven catalog schedules,False,VI,0.0072012176997605518,0.0047076062249981308,0.010066998071739676,499,4434,query_macro,2026091701,10000,95% unadjusted paired query-cluster percentile
esci,bge_base,raw,seven_mean,100,False,1,1,available,observed seven catalog schedules,False,persistent_omission,0.085476919527894865,0.067163384286929875,0.10453624576713429,499,4434,query_macro,2026091701,10000,95% unadjusted paired query-cluster percentile
esci,bge_base,raw_hybrid,C0,20,False,1,1,available,observed seven catalog schedules,True,Recall,0.74653558918717988,0.71958332138183556,0.77283593695014208,499,4434,query_macro,2026091701,10000,95% unadjusted paired query-cluster percentile
esci,bge_base,raw_hybrid,C0,20,False,1,1,available,observed seven catalog schedules,True,nDCG,0.66834770507802166,0.64418184407846357,0.69162220283353271,499,4434,query_macro,2026091701,10000,95% unadjusted paired query-cluster percentile
esci,bge_base,raw_hybrid,C0,20,False,1,1,available,observed seven catalog schedules,True,cNDCG,0.80550007500008003,0.7900036141155562,0.82077614188786385,499,4434,query_macro,2026091701,10000,95% unadjusted paired query-cluster percentile
esci,bge_base,raw_hybrid,C0,20,False,1,1,available,observed seven catalog schedules,True,judged_coverage,0.60310621242484974,0.58086172344689369,0.6255511022044089,499,4434,query_macro,2026091701,10000,95% unadjusted paired query-cluster percentile
esci,bge_base,raw_hybrid,C0,20,False,1,1,available,observed seven catalog schedules,True,persistent_inclusion,0.73693419866838539,0.70946883039436692,0.76352470198253042,499,4434,query_macro,2026091701,10000,95% unadjusted paired query-cluster percentile
esci,bge_base,raw_hybrid,C0,20,False,1,1,available,observed seven catalog schedules,True,VI,0.023069734925116422,0.017625300112393178,0.02905126130579844,499,4434,query_macro,2026091701,10000,95% unadjusted paired query-cluster percentile
esci,bge_base,raw_hybrid,C0,20,False,1,1,available,observed seven catalog schedules,True,persistent_omission,0.23999606640649829,0.21478536973431342,0.26628285201964208,499,4434,query_macro,2026091701,10000,95% unadjusted paired query-cluster percentile
esci,bge_base,raw_hybrid,seven_mean,20,False,1,1,available,observed seven catalog schedules,True,Recall,0.7483822364445466,0.72160044251879429,0.77426291836587502,499,4434,query_macro,2026091701,10000,95% unadjusted paired query-cluster percentile
esci,bge_base,raw_hybrid,seven_mean,20,False,1,1,available,observed seven catalog schedules,True,nDCG,0.66895080099808879,0.64482237244034457,0.69220117490452304,499,4434,query_macro,2026091701,10000,95% unadjusted paired query-cluster percentile
esci,bge_base,raw_hybrid,seven_mean,20,False,1,1,available,observed seven catalog schedules,True,cNDCG,0.80543220370048463,0.78994330037801985,0.82066674828038677,499,4434,query_macro,2026091701,10000,95% unadjusted paired query-cluster percentile
esci,bge_base,raw_hybrid,seven_mean,20,False,1,1,available,observed seven catalog schedules,True,judged_coverage,0.60369310048668767,0.58129079587746912,0.62625250501002006,499,4434,query_macro,2026091701,10000,95% unadjusted paired query-cluster percentile
esci,bge_base,raw_hybrid,seven_mean,20,False,1,1,available,observed seven catalog schedules,True,persistent_inclusion,0.73693419866838539,0.70946883039436692,0.76352470198253042,499,4434,query_macro,2026091701,10000,95% unadjusted paired query-cluster percentile
esci,bge_base,raw_hybrid,seven_mean,20,False,1,1,available,observed seven catalog schedules,True,VI,0.023069734925116422,0.017625300112393178,0.02905126130579844,499,4434,query_macro,2026091701,10000,95% unadjusted paired query-cluster percentile
esci,bge_base,raw_hybrid,seven_mean,20,False,1,1,available,observed seven catalog schedules,True,persistent_omission,0.23999606640649829,0.21478536973431342,0.26628285201964208,499,4434,query_macro,2026091701,10000,95% unadjusted paired query-cluster percentile
esci,bge_base,raw_hybrid,C0,100,False,1,1,available,observed seven catalog schedules,True,Recall,0.91506310666201607,0.89555705011215292,0.93313217502140389,499,4434,query_macro,2026091701,10000,95% unadjusted paired query-cluster percentile
esci,bge_base,raw_hybrid,C0,100,False,1,1,available,observed seven catalog schedules,True,nDCG,0.73655577462882471,0.71508372250610552,0.75705668273914306,499,4434,query_macro,2026091701,10000,95% unadjusted paired query-cluster percentile
esci,bge_base,raw_hybrid,C0,100,False,1,1,available,observed seven catalog schedules,True,cNDCG,0.83632712562797307,0.82235400862746522,0.85007131042681028,499,4434,query_macro,2026091701,10000,95% unadjusted paired query-cluster percentile
esci,bge_base,raw_hybrid,C0,100,False,1,1,available,observed seven catalog schedules,True,judged_coverage,0.1730861723446894,0.16484969939879762,0.18160320641282568,499,4434,query_macro,2026091701,10000,95% unadjusted paired query-cluster percentile
esci,bge_base,raw_hybrid,C0,100,False,1,1,available,observed seven catalog schedules,True,persistent_inclusion,0.91254253757352843,0.89287226126511465,0.93085708309713644,499,4434,query_macro,2026091701,10000,95% unadjusted paired query-cluster percentile
esci,bge_base,raw_hybrid,C0,100,False,1,1,available,observed seven catalog schedules,True,VI,0.0074471068279336992,0.0036902968864173879,0.01262403503894638,499,4434,query_macro,2026091701,10000,95% unadjusted paired query-cluster percentile
esci,bge_base,raw_hybrid,C0,100,False,1,1,available,observed seven catalog schedules,True,persistent_omission,0.080010355598537794,0.062565619782057089,0.098672681364328538,499,4434,query_macro,2026091701,10000,95% unadjusted paired query-cluster percentile
esci,bge_base,raw_hybrid,seven_mean,100,False,1,1,available,observed seven catalog schedules,True,Recall,0.91610105534486619,0.89685510519149447,0.93400006162504379,499,4434,query_macro,2026091701,10000,95% unadjusted paired query-cluster percentile
esci,bge_base,raw_hybrid,seven_mean,100,False,1,1,available,observed seven catalog schedules,True,nDCG,0.73656434803115367,0.71496406339996765,0.75705985836461076,499,4434,query_macro,2026091701,10000,95% unadjusted paired query-cluster percentile
esci,bge_base,raw_hybrid,seven_mean,100,False,1,1,available,observed seven catalog schedules,True,cNDCG,0.83608525546186074,0.8220840682938757,0.84976487455734395,499,4434,query_macro,2026091701,10000,95% unadjusted paired query-cluster percentile
esci,bge_base,raw_hybrid,seven_mean,100,False,1,1,available,observed seven catalog schedules,True,judged_coverage,0.17322072716862297,0.16497788434010885,0.18178077583738911,499,4434,query_macro,2026091701,10000,95% unadjusted paired query-cluster percentile
esci,bge_base,raw_hybrid,seven_mean,100,False,1,1,available,observed seven catalog schedules,True,persistent_inclusion,0.91254253757352843,0.89287226126511465,0.93085708309713644,499,4434,query_macro,2026091701,10000,95% unadjusted paired query-cluster percentile
esci,bge_base,raw_hybrid,seven_mean,100,False,1,1,available,observed seven catalog schedules,True,VI,0.0074471068279336992,0.0036902968864173879,0.01262403503894638,499,4434,query_macro,2026091701,10000,95% unadjusted paired query-cluster percentile
esci,bge_base,raw_hybrid,seven_mean,100,False,1,1,available,observed seven catalog schedules,True,persistent_omission,0.080010355598537794,0.062565619782057089,0.098672681364328538,499,4434,query_macro,2026091701,10000,95% unadjusted paired query-cluster percentile
esci,bge_base,canonical_hybrid_field_priority_type,fixed,20,True,1,1,available,structural: single deterministic fixed index,True,Recall,0.75032815037416989,0.72373335197460587,0.77608372643577805,499,4434,query_macro,2026091701,10000,95% unadjusted paired query-cluster percentile
esci,bge_base,canonical_hybrid_field_priority_type,fixed,20,True,1,1,available,structural: single deterministic fixed index,True,nDCG,0.67090620174178439,0.64675417886148623,0.69404268177798167,499,4434,query_macro,2026091701,10000,95% unadjusted paired query-cluster percentile
esci,bge_base,canonical_hybrid_field_priority_type,fixed,20,True,1,1,available,structural: single deterministic fixed index,True,cNDCG,0.80677713452271138,0.79126995084582075,0.82197586806106882,499,4434,query_macro,2026091701,10000,95% unadjusted paired query-cluster percentile
esci,bge_base,canonical_hybrid_field_priority_type,fixed,20,True,1,1,available,structural: single deterministic fixed index,True,judged_coverage,0.60501002004008009,0.58266533066132253,0.62765531062124247,499,4434,query_macro,2026091701,10000,95% unadjusted paired query-cluster percentile
esci,bge_base,canonical_hybrid_field_priority_type,fixed,20,True,1,1,available,structural: single deterministic fixed index,True,persistent_inclusion,0.75032815037416989,0.72373335197460587,0.77608372643577805,499,4434,query_macro,2026091701,10000,95% unadjusted paired query-cluster percentile
esci,bge_base,canonical_hybrid_field_priority_type,fixed,20,True,1,1,available,structural: single deterministic fixed index,True,VI,0,0,0,499,4434,query_macro,2026091701,10000,95% unadjusted paired query-cluster percentile
esci,bge_base,canonical_hybrid_field_priority_type,fixed,20,True,1,1,available,structural: single deterministic fixed index,True,persistent_omission,0.24967184962583008,0.22391627356422186,0.27626664802539413,499,4434,query_macro,2026091701,10000,95% unadjusted paired query-cluster percentile
esci,bge_base,canonical_hybrid_field_priority_type,fixed,100,True,1,1,available,structural: single deterministic fixed index,True,Recall,0.91569832602218537,0.89632012104124881,0.93375899044808464,499,4434,query_macro,2026091701,10000,95% unadjusted paired query-cluster percentile
esci,bge_base,canonical_hybrid_field_priority_type,fixed,100,True,1,1,available,structural: single deterministic fixed index,True,nDCG,0.73771093577291635,0.71640523388221455,0.75821202435815871,499,4434,query_macro,2026091701,10000,95% unadjusted paired query-cluster percentile
esci,bge_base,canonical_hybrid_field_priority_type,fixed,100,True,1,1,available,structural: single deterministic fixed index,True,cNDCG,0.83723084959957628,0.82325049019125029,0.85085731050721558,499,4434,query_macro,2026091701,10000,95% unadjusted paired query-cluster percentile
esci,bge_base,canonical_hybrid_field_priority_type,fixed,100,True,1,1,available,structural: single deterministic fixed index,True,judged_coverage,0.17314629258517036,0.16488977955911832,0.18168336673346699,499,4434,query_macro,2026091701,10000,95% unadjusted paired query-cluster percentile
esci,bge_base,canonical_hybrid_field_priority_type,fixed,100,True,1,1,available,structural: single deterministic fixed index,True,persistent_inclusion,0.91569832602218537,0.89632012104124881,0.93375899044808464,499,4434,query_macro,2026091701,10000,95% unadjusted paired query-cluster percentile
esci,bge_base,canonical_hybrid_field_priority_type,fixed,100,True,1,1,available,structural: single deterministic fixed index,True,VI,0,0,0,499,4434,query_macro,2026091701,10000,95% unadjusted paired query-cluster percentile
esci,bge_base,canonical_hybrid_field_priority_type,fixed,100,True,1,1,available,structural: single deterministic fixed index,True,persistent_omission,0.084301673977814712,0.066241009551915295,0.10367987895875122,499,4434,query_macro,2026091701,10000,95% unadjusted paired query-cluster percentile
esci,bge_base,canonical_hybrid_lexical_ascending,fixed,20,True,1,1,available,structural: single deterministic fixed index,True,Recall,0.75007764937216592,0.72347061772162413,0.77580812909849706,499,4434,query_macro,2026091701,10000,95% unadjusted paired query-cluster percentile
esci,bge_base,canonical_hybrid_lexical_ascending,fixed,20,True,1,1,available,structural: single deterministic fixed index,True,nDCG,0.67095437168976724,0.64683790491226356,0.69404188739636619,499,4434,query_macro,2026091701,10000,95% unadjusted paired query-cluster percentile
esci,bge_base,canonical_hybrid_lexical_ascending,fixed,20,True,1,1,available,structural: single deterministic fixed index,True,cNDCG,0.8067504653295452,0.79125996393945952,0.82197948122935538,499,4434,query_macro,2026091701,10000,95% unadjusted paired query-cluster percentile
esci,bge_base,canonical_hybrid_lexical_ascending,fixed,20,True,1,1,available,structural: single deterministic fixed index,True,judged_coverage,0.60470941883767537,0.58246242484969923,0.62735721442885772,499,4434,query_macro,2026091701,10000,95% unadjusted paired query-cluster percentile
esci,bge_base,canonical_hybrid_lexical_ascending,fixed,20,True,1,1,available,structural: single deterministic fixed index,True,persistent_inclusion,0.75007764937216592,0.72347061772162413,0.77580812909849706,499,4434,query_macro,2026091701,10000,95% unadjusted paired query-cluster percentile
esci,bge_base,canonical_hybrid_lexical_ascending,fixed,20,True,1,1,available,structural: single deterministic fixed index,True,VI,0,0,0,499,4434,query_macro,2026091701,10000,95% unadjusted paired query-cluster percentile
esci,bge_base,canonical_hybrid_lexical_ascending,fixed,20,True,1,1,available,structural: single deterministic fixed index,True,persistent_omission,0.24992235062783411,0.2241918709015028,0.27652938227837609,499,4434,query_macro,2026091701,10000,95% unadjusted paired query-cluster percentile
esci,bge_base,canonical_hybrid_lexical_ascending,fixed,100,True,1,1,available,structural: single deterministic fixed index,True,Recall,0.91554417155941359,0.89610913390427038,0.93360483598531296,499,4434,query_macro,2026091701,10000,95% unadjusted paired query-cluster percentile
esci,bge_base,canonical_hybrid_lexical_ascending,fixed,100,True,1,1,available,structural: single deterministic fixed index,True,nDCG,0.73781945326717779,0.71652573926317986,0.75831711839276172,499,4434,query_macro,2026091701,10000,95% unadjusted paired query-cluster percentile
esci,bge_base,canonical_hybrid_lexical_ascending,fixed,100,True,1,1,available,structural: single deterministic fixed index,True,cNDCG,0.83726898487396184,0.82325612898366018,0.85091746087256126,499,4434,query_macro,2026091701,10000,95% unadjusted paired query-cluster percentile
esci,bge_base,canonical_hybrid_lexical_ascending,fixed,100,True,1,1,available,structural: single deterministic fixed index,True,judged_coverage,0.17314629258517036,0.16488977955911832,0.18168336673346699,499,4434,query_macro,2026091701,10000,95% unadjusted paired query-cluster percentile
esci,bge_base,canonical_hybrid_lexical_ascending,fixed,100,True,1,1,available,structural: single deterministic fixed index,True,persistent_inclusion,0.91554417155941359,0.89610913390427038,0.93360483598531296,499,4434,query_macro,2026091701,10000,95% unadjusted paired query-cluster percentile
esci,bge_base,canonical_hybrid_lexical_ascending,fixed,100,True,1,1,available,structural: single deterministic fixed index,True,VI,0,0,0,499,4434,query_macro,2026091701,10000,95% unadjusted paired query-cluster percentile
esci,bge_base,canonical_hybrid_lexical_ascending,fixed,100,True,1,1,available,structural: single deterministic fixed index,True,persistent_omission,0.084455828440586411,0.066395164014687008,0.10389086609572951,499,4434,query_macro,2026091701,10000,95% unadjusted paired query-cluster percentile
esci,bge_base,canonical_hybrid_lexical_descending,fixed,20,True,1,1,available,structural: single deterministic fixed index,True,Recall,0.74761375157637178,0.72086914030709226,0.77364796247496426,499,4434,query_macro,2026091701,10000,95% unadjusted paired query-cluster percentile
esci,bge_base,canonical_hybrid_lexical_descending,fixed,20,True,1,1,available,structural: single deterministic fixed index,True,nDCG,0.6689919136885818,0.64483394082471435,0.69231306836247219,499,4434,query_macro,2026091701,10000,95% unadjusted paired query-cluster percentile
esci,bge_base,canonical_hybrid_lexical_descending,fixed,20,True,1,1,available,structural: single deterministic fixed index,True,cNDCG,0.80535937753334341,0.78973016829123122,0.82081961778164192,499,4434,query_macro,2026091701,10000,95% unadjusted paired query-cluster percentile
esci,bge_base,canonical_hybrid_lexical_descending,fixed,20,True,1,1,available,structural: single deterministic fixed index,True,judged_coverage,0.60310621242484963,0.58076152304609219,0.62555360721442876,499,4434,query_macro,2026091701,10000,95% unadjusted paired query-cluster percentile
esci,bge_base,canonical_hybrid_lexical_descending,fixed,20,True,1,1,available,structural: single deterministic fixed index,True,persistent_inclusion,0.74761375157637178,0.72086914030709226,0.77364796247496426,499,4434,query_macro,2026091701,10000,95% unadjusted paired query-cluster percentile
esci,bge_base,canonical_hybrid_lexical_descending,fixed,20,True,1,1,available,structural: single deterministic fixed index,True,VI,0,0,0,499,4434,query_macro,2026091701,10000,95% unadjusted paired query-cluster percentile
esci,bge_base,canonical_hybrid_lexical_descending,fixed,20,True,1,1,available,structural: single deterministic fixed index,True,persistent_omission,0.25238624842362822,0.2263520375250358,0.2791308596929078,499,4434,query_macro,2026091701,10000,95% unadjusted paired query-cluster percentile
esci,bge_base,canonical_hybrid_lexical_descending,fixed,100,True,1,1,available,structural: single deterministic fixed index,True,Recall,0.91551674175993969,0.89605769221018439,0.9335632438168624,499,4434,query_macro,2026091701,10000,95% unadjusted paired query-cluster percentile
esci,bge_base,canonical_hybrid_lexical_descending,fixed,100,True,1,1,available,structural: single deterministic fixed index,True,nDCG,0.73671284586036978,0.71544916052409324,0.7574352094581086,499,4434,query_macro,2026091701,10000,95% unadjusted paired query-cluster percentile
esci,bge_base,canonical_hybrid_lexical_descending,fixed,100,True,1,1,available,structural: single deterministic fixed index,True,cNDCG,0.83588478786113218,0.82174608727298615,0.84969287355241618,499,4434,query_macro,2026091701,10000,95% unadjusted paired query-cluster percentile
esci,bge_base,canonical_hybrid_lexical_descending,fixed,100,True,1,1,available,structural: single deterministic fixed index,True,judged_coverage,0.17316633266533066,0.16486973947895797,0.18172394789579158,499,4434,query_macro,2026091701,10000,95% unadjusted paired query-cluster percentile
esci,bge_base,canonical_hybrid_lexical_descending,fixed,100,True,1,1,available,structural: single deterministic fixed index,True,persistent_inclusion,0.91551674175993969,0.89605769221018439,0.9335632438168624,499,4434,query_macro,2026091701,10000,95% unadjusted paired query-cluster percentile
esci,bge_base,canonical_hybrid_lexical_descending,fixed,100,True,1,1,available,structural: single deterministic fixed index,True,VI,0,0,0,499,4434,query_macro,2026091701,10000,95% unadjusted paired query-cluster percentile
esci,bge_base,canonical_hybrid_lexical_descending,fixed,100,True,1,1,available,structural: single deterministic fixed index,True,persistent_omission,0.084483258240060283,0.066436756183137533,0.10394230778981556,499,4434,query_macro,2026091701,10000,95% unadjusted paired query-cluster percentile
esci,bge_base,centroid_2,fixed,20,True,1,2,available,structural: single deterministic fixed index,False,Recall,0.73862224360543893,0.71144947587693885,0.76554063426241326,499,4434,query_macro,2026091701,10000,95% unadjusted paired query-cluster percentile
esci,bge_base,centroid_2,fixed,20,True,1,2,available,structural: single deterministic fixed index,False,nDCG,0.66210371684592229,0.63788429209793984,0.68567564498419642,499,4434,query_macro,2026091701,10000,95% unadjusted paired query-cluster percentile
esci,bge_base,centroid_2,fixed,20,True,1,2,available,structural: single deterministic fixed index,False,cNDCG,0.81290923258745684,0.79827105038732848,0.82675336651088172,499,4434,query_macro,2026091701,10000,95% unadjusted paired query-cluster percentile
esci,bge_base,centroid_2,fixed,20,True,1,2,available,structural: single deterministic fixed index,False,judged_coverage,0.59458917835671343,0.57184368737474944,0.61743486973947881,499,4434,query_macro,2026091701,10000,95% unadjusted paired query-cluster percentile
esci,bge_base,centroid_2,fixed,20,True,1,2,available,structural: single deterministic fixed index,False,persistent_inclusion,0.73862224360543893,0.71144947587693885,0.76554063426241326,499,4434,query_macro,2026091701,10000,95% unadjusted paired query-cluster percentile
esci,bge_base,centroid_2,fixed,20,True,1,2,available,structural: single deterministic fixed index,False,VI,0,0,0,499,4434,query_macro,2026091701,10000,95% unadjusted paired query-cluster percentile
esci,bge_base,centroid_2,fixed,20,True,1,2,available,structural: single deterministic fixed index,False,persistent_omission,0.26137775639456118,0.23445936573758683,0.28855052412306115,499,4434,query_macro,2026091701,10000,95% unadjusted paired query-cluster percentile
esci,bge_base,centroid_2,fixed,100,True,1,2,available,structural: single deterministic fixed index,False,Recall,0.91066100892202595,0.89129956435811752,0.92945553911235046,499,4434,query_macro,2026091701,10000,95% unadjusted paired query-cluster percentile
esci,bge_base,centroid_2,fixed,100,True,1,2,available,structural: single deterministic fixed index,False,nDCG,0.7293111420423074,0.70742569730601856,0.74999063712594971,499,4434,query_macro,2026091701,10000,95% unadjusted paired query-cluster percentile
esci,bge_base,centroid_2,fixed,100,True,1,2,available,structural: single deterministic fixed index,False,cNDCG,0.84285474434949548,0.82964027517715455,0.85539701255723311,499,4434,query_macro,2026091701,10000,95% unadjusted paired query-cluster percentile
esci,bge_base,centroid_2,fixed,100,True,1,2,available,structural: single deterministic fixed index,False,judged_coverage,0.17182364729458921,0.16326653306613231,0.18066132264529058,499,4434,query_macro,2026091701,10000,95% unadjusted paired query-cluster percentile
esci,bge_base,centroid_2,fixed,100,True,1,2,available,structural: single deterministic fixed index,False,persistent_inclusion,0.91066100892202595,0.89129956435811752,0.92945553911235046,499,4434,query_macro,2026091701,10000,95% unadjusted paired query-cluster percentile
esci,bge_base,centroid_2,fixed,100,True,1,2,available,structural: single deterministic fixed index,False,VI,0,0,0,499,4434,query_macro,2026091701,10000,95% unadjusted paired query-cluster percentile
esci,bge_base,centroid_2,fixed,100,True,1,2,available,structural: single deterministic fixed index,False,persistent_omission,0.089338991077974009,0.070544460887649554,0.10870043564188239,499,4434,query_macro,2026091701,10000,95% unadjusted paired query-cluster percentile
esci,bge_base,centroid_4,fixed,20,True,1,4,available,structural: single deterministic fixed index,False,Recall,0.73856053075998451,0.71126738299275261,0.76529676676221925,499,4434,query_macro,2026091701,10000,95% unadjusted paired query-cluster percentile
esci,bge_base,centroid_4,fixed,20,True,1,4,available,structural: single deterministic fixed index,False,nDCG,0.66168977808672069,0.63733092423198623,0.68492288247132216,499,4434,query_macro,2026091701,10000,95% unadjusted paired query-cluster percentile
esci,bge_base,centroid_4,fixed,20,True,1,4,available,structural: single deterministic fixed index,False,cNDCG,0.8133919976924866,0.79885476167618086,0.82715616763466804,499,4434,query_macro,2026091701,10000,95% unadjusted paired query-cluster percentile
esci,bge_base,centroid_4,fixed,20,True,1,4,available,structural: single deterministic fixed index,False,judged_coverage,0.59398797595190378,0.57124248496993979,0.61663577154308613,499,4434,query_macro,2026091701,10000,95% unadjusted paired query-cluster percentile
esci,bge_base,centroid_4,fixed,20,True,1,4,available,structural: single deterministic fixed index,False,persistent_inclusion,0.73856053075998451,0.71126738299275261,0.76529676676221925,499,4434,query_macro,2026091701,10000,95% unadjusted paired query-cluster percentile
esci,bge_base,centroid_4,fixed,20,True,1,4,available,structural: single deterministic fixed index,False,VI,0,0,0,499,4434,query_macro,2026091701,10000,95% unadjusted paired query-cluster percentile
esci,bge_base,centroid_4,fixed,20,True,1,4,available,structural: single deterministic fixed index,False,persistent_omission,0.26143946924001554,0.23470323323778067,0.28873261700724706,499,4434,query_macro,2026091701,10000,95% unadjusted paired query-cluster percentile
esci,bge_base,centroid_4,fixed,100,True,1,4,available,structural: single deterministic fixed index,False,Recall,0.91014383098751339,0.89071563626523587,0.92880581074258106,499,4434,query_macro,2026091701,10000,95% unadjusted paired query-cluster percentile
esci,bge_base,centroid_4,fixed,100,True,1,4,available,structural: single deterministic fixed index,False,nDCG,0.7292379629322302,0.70735270472957223,0.74979965196185738,499,4434,query_macro,2026091701,10000,95% unadjusted paired query-cluster percentile
esci,bge_base,centroid_4,fixed,100,True,1,4,available,structural: single deterministic fixed index,False,cNDCG,0.84347068279705606,0.83036412596709941,0.85581862953980636,499,4434,query_macro,2026091701,10000,95% unadjusted paired query-cluster percentile
esci,bge_base,centroid_4,fixed,100,True,1,4,available,structural: single deterministic fixed index,False,judged_coverage,0.17164328657314631,0.16314629258517035,0.18050100200400804,499,4434,query_macro,2026091701,10000,95% unadjusted paired query-cluster percentile
esci,bge_base,centroid_4,fixed,100,True,1,4,available,structural: single deterministic fixed index,False,persistent_inclusion,0.91014383098751339,0.89071563626523587,0.92880581074258106,499,4434,query_macro,2026091701,10000,95% unadjusted paired query-cluster percentile
esci,bge_base,centroid_4,fixed,100,True,1,4,available,structural: single deterministic fixed index,False,VI,0,0,0,499,4434,query_macro,2026091701,10000,95% unadjusted paired query-cluster percentile
esci,bge_base,centroid_4,fixed,100,True,1,4,available,structural: single deterministic fixed index,False,persistent_omission,0.089856169012486609,0.071194189257418952,0.10928436373476413,499,4434,query_macro,2026091701,10000,95% unadjusted paired query-cluster percentile
esci,bge_base,centroid_7,fixed,20,True,1,7,available,structural: single deterministic fixed index,False,Recall,0.73696096312393211,0.70938905687999632,0.76389279353577733,499,4434,query_macro,2026091701,10000,95% unadjusted paired query-cluster percentile
esci,bge_base,centroid_7,fixed,20,True,1,7,available,structural: single deterministic fixed index,False,nDCG,0.66253292302304778,0.63810335965803144,0.68601640256596708,499,4434,query_macro,2026091701,10000,95% unadjusted paired query-cluster percentile
esci,bge_base,centroid_7,fixed,20,True,1,7,available,structural: single deterministic fixed index,False,cNDCG,0.81480371659129858,0.80015819135327759,0.82879339426351895,499,4434,query_macro,2026091701,10000,95% unadjusted paired query-cluster percentile
esci,bge_base,centroid_7,fixed,20,True,1,7,available,structural: single deterministic fixed index,False,judged_coverage,0.59378757515030067,0.5710395791583166,0.61653557114228441,499,4434,query_macro,2026091701,10000,95% unadjusted paired query-cluster percentile
esci,bge_base,centroid_7,fixed,20,True,1,7,available,structural: single deterministic fixed index,False,persistent_inclusion,0.73696096312393211,0.70938905687999632,0.76389279353577733,499,4434,query_macro,2026091701,10000,95% unadjusted paired query-cluster percentile
esci,bge_base,centroid_7,fixed,20,True,1,7,available,structural: single deterministic fixed index,False,VI,0,0,0,499,4434,query_macro,2026091701,10000,95% unadjusted paired query-cluster percentile
esci,bge_base,centroid_7,fixed,20,True,1,7,available,structural: single deterministic fixed index,False,persistent_omission,0.26303903687606783,0.23610720646422259,0.29061094312000368,499,4434,query_macro,2026091701,10000,95% unadjusted paired query-cluster percentile
esci,bge_base,centroid_7,fixed,100,True,1,7,available,structural: single deterministic fixed index,False,Recall,0.9101283960772889,0.89074320488464342,0.92890871976256184,499,4434,query_macro,2026091701,10000,95% unadjusted paired query-cluster percentile
esci,bge_base,centroid_7,fixed,100,True,1,7,available,structural: single deterministic fixed index,False,nDCG,0.73031361436211917,0.70850324667060927,0.75105520865760755,499,4434,query_macro,2026091701,10000,95% unadjusted paired query-cluster percentile
esci,bge_base,centroid_7,fixed,100,True,1,7,available,structural: single deterministic fixed index,False,cNDCG,0.84481971060662719,0.83175697646817948,0.85716904912380021,499,4434,query_macro,2026091701,10000,95% unadjusted paired query-cluster percentile
esci,bge_base,centroid_7,fixed,100,True,1,7,available,structural: single deterministic fixed index,False,judged_coverage,0.17170340681362728,0.1632059118236473,0.18054108216432865,499,4434,query_macro,2026091701,10000,95% unadjusted paired query-cluster percentile
esci,bge_base,centroid_7,fixed,100,True,1,7,available,structural: single deterministic fixed index,False,persistent_inclusion,0.9101283960772889,0.89074320488464342,0.92890871976256184,499,4434,query_macro,2026091701,10000,95% unadjusted paired query-cluster percentile
esci,bge_base,centroid_7,fixed,100,True,1,7,available,structural: single deterministic fixed index,False,VI,0,0,0,499,4434,query_macro,2026091701,10000,95% unadjusted paired query-cluster percentile
esci,bge_base,centroid_7,fixed,100,True,1,7,available,structural: single deterministic fixed index,False,persistent_omission,0.089871603922711096,0.071091280237438201,0.10925679511535664,499,4434,query_macro,2026091701,10000,95% unadjusted paired query-cluster percentile
esci,bge_base,field_priority_type,fixed,20,True,1,1,available,structural: single deterministic fixed index,False,Recall,0.73818913440476475,0.7108710061726361,0.76508913954720459,499,4434,query_macro,2026091701,10000,95% unadjusted paired query-cluster percentile
esci,bge_base,field_priority_type,fixed,20,True,1,1,available,structural: single deterministic fixed index,False,nDCG,0.66294883963682893,0.63879863665960668,0.68648969586667152,499,4434,query_macro,2026091701,10000,95% unadjusted paired query-cluster percentile
esci,bge_base,field_priority_type,fixed,20,True,1,1,available,structural: single deterministic fixed index,False,cNDCG,0.81499728691454276,0.80051244487074824,0.82886656619424237,499,4434,query_macro,2026091701,10000,95% unadjusted paired query-cluster percentile
esci,bge_base,field_priority_type,fixed,20,True,1,1,available,structural: single deterministic fixed index,False,judged_coverage,0.59248496993987976,0.56953907815631266,0.61523046092184352,499,4434,query_macro,2026091701,10000,95% unadjusted paired query-cluster percentile
esci,bge_base,field_priority_type,fixed,20,True,1,1,available,structural: single deterministic fixed index,False,persistent_inclusion,0.73818913440476475,0.7108710061726361,0.76508913954720459,499,4434,query_macro,2026091701,10000,95% unadjusted paired query-cluster percentile
esci,bge_base,field_priority_type,fixed,20,True,1,1,available,structural: single deterministic fixed index,False,VI,0,0,0,499,4434,query_macro,2026091701,10000,95% unadjusted paired query-cluster percentile
esci,bge_base,field_priority_type,fixed,20,True,1,1,available,structural: single deterministic fixed index,False,persistent_omission,0.2618108655952352,0.23491086045279536,0.28912899382736384,499,4434,query_macro,2026091701,10000,95% unadjusted paired query-cluster percentile
esci,bge_base,field_priority_type,fixed,100,True,1,1,available,structural: single deterministic fixed index,False,Recall,0.91085556775886944,0.89153372238028206,0.92955824215240901,499,4434,query_macro,2026091701,10000,95% unadjusted paired query-cluster percentile
esci,bge_base,field_priority_type,fixed,100,True,1,1,available,structural: single deterministic fixed index,False,nDCG,0.73070595776874625,0.70881781290902501,0.75143901820662018,499,4434,query_macro,2026091701,10000,95% unadjusted paired query-cluster percentile
esci,bge_base,field_priority_type,fixed,100,True,1,1,available,structural: single deterministic fixed index,False,cNDCG,0.84488293767536993,0.83171524071355707,0.85733812830830047,499,4434,query_macro,2026091701,10000,95% unadjusted paired query-cluster percentile
esci,bge_base,field_priority_type,fixed,100,True,1,1,available,structural: single deterministic fixed index,False,judged_coverage,0.17176352705410824,0.16326653306613231,0.18060170340681367,499,4434,query_macro,2026091701,10000,95% unadjusted paired query-cluster percentile
esci,bge_base,field_priority_type,fixed,100,True,1,1,available,structural: single deterministic fixed index,False,persistent_inclusion,0.91085556775886944,0.89153372238028206,0.92955824215240901,499,4434,query_macro,2026091701,10000,95% unadjusted paired query-cluster percentile
esci,bge_base,field_priority_type,fixed,100,True,1,1,available,structural: single deterministic fixed index,False,VI,0,0,0,499,4434,query_macro,2026091701,10000,95% unadjusted paired query-cluster percentile
esci,bge_base,field_priority_type,fixed,100,True,1,1,available,structural: single deterministic fixed index,False,persistent_omission,0.089144432241130611,0.070441757847591116,0.10846627761971797,499,4434,query_macro,2026091701,10000,95% unadjusted paired query-cluster percentile
esci,bge_base,lexical_ascending,fixed,20,True,1,1,available,structural: single deterministic fixed index,False,Recall,0.73841577816848258,0.71114621033757974,0.76522398894425614,499,4434,query_macro,2026091701,10000,95% unadjusted paired query-cluster percentile
esci,bge_base,lexical_ascending,fixed,20,True,1,1,available,structural: single deterministic fixed index,False,nDCG,0.663193879669427,0.63898236030698963,0.68669948042976869,499,4434,query_macro,2026091701,10000,95% unadjusted paired query-cluster percentile
esci,bge_base,lexical_ascending,fixed,20,True,1,1,available,structural: single deterministic fixed index,False,cNDCG,0.8150071685261866,0.80050526959063251,0.8289193113220592,499,4434,query_macro,2026091701,10000,95% unadjusted paired query-cluster percentile
esci,bge_base,lexical_ascending,fixed,20,True,1,1,available,structural: single deterministic fixed index,False,judged_coverage,0.59288577154308619,0.57004008016032059,0.61563126252504996,499,4434,query_macro,2026091701,10000,95% unadjusted paired query-cluster percentile
esci,bge_base,lexical_ascending,fixed,20,True,1,1,available,structural: single deterministic fixed index,False,persistent_inclusion,0.73841577816848258,0.71114621033757974,0.76522398894425614,499,4434,query_macro,2026091701,10000,95% unadjusted paired query-cluster percentile
esci,bge_base,lexical_ascending,fixed,20,True,1,1,available,structural: single deterministic fixed index,False,VI,0,0,0,499,4434,query_macro,2026091701,10000,95% unadjusted paired query-cluster percentile
esci,bge_base,lexical_ascending,fixed,20,True,1,1,available,structural: single deterministic fixed index,False,persistent_omission,0.26158422183151736,0.23477601105574383,0.28885378966242031,499,4434,query_macro,2026091701,10000,95% unadjusted paired query-cluster percentile
esci,bge_base,lexical_ascending,fixed,100,True,1,1,available,structural: single deterministic fixed index,False,Recall,0.91045091229409381,0.89108709840902944,0.92918605772167828,499,4434,query_macro,2026091701,10000,95% unadjusted paired query-cluster percentile
esci,bge_base,lexical_ascending,fixed,100,True,1,1,available,structural: single deterministic fixed index,False,nDCG,0.73064014258579613,0.70867735644838503,0.75144048905512095,499,4434,query_macro,2026091701,10000,95% unadjusted paired query-cluster percentile
esci,bge_base,lexical_ascending,fixed,100,True,1,1,available,structural: single deterministic fixed index,False,cNDCG,0.84488233436434967,0.83170897579448344,0.8573266090566638,499,4434,query_macro,2026091701,10000,95% unadjusted paired query-cluster percentile
esci,bge_base,lexical_ascending,fixed,100,True,1,1,available,structural: single deterministic fixed index,False,judged_coverage,0.1717234468937876,0.16324599198396797,0.18058116232464932,499,4434,query_macro,2026091701,10000,95% unadjusted paired query-cluster percentile
esci,bge_base,lexical_ascending,fixed,100,True,1,1,available,structural: single deterministic fixed index,False,persistent_inclusion,0.91045091229409381,0.89108709840902944,0.92918605772167828,499,4434,query_macro,2026091701,10000,95% unadjusted paired query-cluster percentile
esci,bge_base,lexical_ascending,fixed,100,True,1,1,available,structural: single deterministic fixed index,False,VI,0,0,0,499,4434,query_macro,2026091701,10000,95% unadjusted paired query-cluster percentile
esci,bge_base,lexical_ascending,fixed,100,True,1,1,available,structural: single deterministic fixed index,False,persistent_omission,0.089549087705906319,0.070813942278321745,0.10891290159097057,499,4434,query_macro,2026091701,10000,95% unadjusted paired query-cluster percentile
esci,bge_base,lexical_descending,fixed,20,True,1,1,available,structural: single deterministic fixed index,False,Recall,0.73596201139756645,0.70871754429997302,0.76248075528334269,499,4434,query_macro,2026091701,10000,95% unadjusted paired query-cluster percentile
esci,bge_base,lexical_descending,fixed,20,True,1,1,available,structural: single deterministic fixed index,False,nDCG,0.66123075977553325,0.63679692225398443,0.68469823210308878,499,4434,query_macro,2026091701,10000,95% unadjusted paired query-cluster percentile
esci,bge_base,lexical_descending,fixed,20,True,1,1,available,structural: single deterministic fixed index,False,cNDCG,0.81296613428145792,0.79830695257905449,0.82712416826037349,499,4434,query_macro,2026091701,10000,95% unadjusted paired query-cluster percentile
esci,bge_base,lexical_descending,fixed,20,True,1,1,available,structural: single deterministic fixed index,False,judged_coverage,0.59368737474949895,0.57084168336673335,0.61663326653306605,499,4434,query_macro,2026091701,10000,95% unadjusted paired query-cluster percentile
esci,bge_base,lexical_descending,fixed,20,True,1,1,available,structural: single deterministic fixed index,False,persistent_inclusion,0.73596201139756645,0.70871754429997302,0.76248075528334269,499,4434,query_macro,2026091701,10000,95% unadjusted paired query-cluster percentile
esci,bge_base,lexical_descending,fixed,20,True,1,1,available,structural: single deterministic fixed index,False,VI,0,0,0,499,4434,query_macro,2026091701,10000,95% unadjusted paired query-cluster percentile
esci,bge_base,lexical_descending,fixed,20,True,1,1,available,structural: single deterministic fixed index,False,persistent_omission,0.26403798860243349,0.23751924471665728,0.29128245570002714,499,4434,query_macro,2026091701,10000,95% unadjusted paired query-cluster percentile
esci,bge_base,lexical_descending,fixed,100,True,1,1,available,structural: single deterministic fixed index,False,Recall,0.91012922787205752,0.89066891963808714,0.92879245095587681,499,4434,query_macro,2026091701,10000,95% unadjusted paired query-cluster percentile
esci,bge_base,lexical_descending,fixed,100,True,1,1,available,structural: single deterministic fixed index,False,nDCG,0.72937807455878767,0.70738895403328583,0.75021325425305763,499,4434,query_macro,2026091701,10000,95% unadjusted paired query-cluster percentile
esci,bge_base,lexical_descending,fixed,100,True,1,1,available,structural: single deterministic fixed index,False,cNDCG,0.84321379154105636,0.82997795389796647,0.85593966788159426,499,4434,query_macro,2026091701,10000,95% unadjusted paired query-cluster percentile
esci,bge_base,lexical_descending,fixed,100,True,1,1,available,structural: single deterministic fixed index,False,judged_coverage,0.17166332665330661,0.16318637274549103,0.18050150300601206,499,4434,query_macro,2026091701,10000,95% unadjusted paired query-cluster percentile
esci,bge_base,lexical_descending,fixed,100,True,1,1,available,structural: single deterministic fixed index,False,persistent_inclusion,0.91012922787205752,0.89066891963808714,0.92879245095587681,499,4434,query_macro,2026091701,10000,95% unadjusted paired query-cluster percentile
esci,bge_base,lexical_descending,fixed,100,True,1,1,available,structural: single deterministic fixed index,False,VI,0,0,0,499,4434,query_macro,2026091701,10000,95% unadjusted paired query-cluster percentile
esci,bge_base,lexical_descending,fixed,100,True,1,1,available,structural: single deterministic fixed index,False,persistent_omission,0.089870772127942464,0.071207549044123145,0.10933108036191287,499,4434,query_macro,2026091701,10000,95% unadjusted paired query-cluster percentile
esci,bge_base,max_2,fixed,20,True,2,2,available,structural: single deterministic fixed index,False,Recall,0.73934469621812715,0.71205850084944577,0.76588454320947619,499,4434,query_macro,2026091701,10000,95% unadjusted paired query-cluster percentile
esci,bge_base,max_2,fixed,20,True,2,2,available,structural: single deterministic fixed index,False,nDCG,0.66389730746654951,0.63963126481587451,0.68734150731235188,499,4434,query_macro,2026091701,10000,95% unadjusted paired query-cluster percentile
esci,bge_base,max_2,fixed,20,True,2,2,available,structural: single deterministic fixed index,False,cNDCG,0.81385487940228118,0.79921075487022308,0.82781929875313376,499,4434,query_macro,2026091701,10000,95% unadjusted paired query-cluster percentile
esci,bge_base,max_2,fixed,20,True,2,2,available,structural: single deterministic fixed index,False,judged_coverage,0.59488977955911815,0.57194388777555116,0.61753507014028053,499,4434,query_macro,2026091701,10000,95% unadjusted paired query-cluster percentile
esci,bge_base,max_2,fixed,20,True,2,2,available,structural: single deterministic fixed index,False,persistent_inclusion,0.73934469621812715,0.71205850084944577,0.76588454320947619,499,4434,query_macro,2026091701,10000,95% unadjusted paired query-cluster percentile
esci,bge_base,max_2,fixed,20,True,2,2,available,structural: single deterministic fixed index,False,VI,0,0,0,499,4434,query_macro,2026091701,10000,95% unadjusted paired query-cluster percentile
esci,bge_base,max_2,fixed,20,True,2,2,available,structural: single deterministic fixed index,False,persistent_omission,0.26065530378187296,0.23411545679052381,0.28794149915055417,499,4434,query_macro,2026091701,10000,95% unadjusted paired query-cluster percentile
esci,bge_base,max_2,fixed,100,True,2,2,available,structural: single deterministic fixed index,False,Recall,0.91085385493150517,0.89141668832169552,0.92956783002905885,499,4434,query_macro,2026091701,10000,95% unadjusted paired query-cluster percentile
esci,bge_base,max_2,fixed,100,True,2,2,available,structural: single deterministic fixed index,False,nDCG,0.73118390052615945,0.709335657839261,0.7518341164409611,499,4434,query_macro,2026091701,10000,95% unadjusted paired query-cluster percentile
esci,bge_base,max_2,fixed,100,True,2,2,available,structural: single deterministic fixed index,False,cNDCG,0.84384537628208278,0.83052849428520104,0.85646248176580375,499,4434,query_macro,2026091701,10000,95% unadjusted paired query-cluster percentile
esci,bge_base,max_2,fixed,100,True,2,2,available,structural: single deterministic fixed index,False,judged_coverage,0.17180360721442889,0.16326653306613229,0.18062124248496997,499,4434,query_macro,2026091701,10000,95% unadjusted paired query-cluster percentile
esci,bge_base,max_2,fixed,100,True,2,2,available,structural: single deterministic fixed index,False,persistent_inclusion,0.91085385493150517,0.89141668832169552,0.92956783002905885,499,4434,query_macro,2026091701,10000,95% unadjusted paired query-cluster percentile
esci,bge_base,max_2,fixed,100,True,2,2,available,structural: single deterministic fixed index,False,VI,0,0,0,499,4434,query_macro,2026091701,10000,95% unadjusted paired query-cluster percentile
esci,bge_base,max_2,fixed,100,True,2,2,available,structural: single deterministic fixed index,False,persistent_omission,0.089146145068494748,0.070432169970941261,0.10858331167830466,499,4434,query_macro,2026091701,10000,95% unadjusted paired query-cluster percentile
esci,bge_base,max_4,fixed,20,True,4,4,available,structural: single deterministic fixed index,False,Recall,0.73978063625932255,0.71263300723034761,0.76650647254968129,499,4434,query_macro,2026091701,10000,95% unadjusted paired query-cluster percentile
esci,bge_base,max_4,fixed,20,True,4,4,available,structural: single deterministic fixed index,False,nDCG,0.66510941008879176,0.64078443566457766,0.688475203716578,499,4434,query_macro,2026091701,10000,95% unadjusted paired query-cluster percentile
esci,bge_base,max_4,fixed,20,True,4,4,available,structural: single deterministic fixed index,False,cNDCG,0.81477266584273622,0.80002515963982723,0.82880149084112598,499,4434,query_macro,2026091701,10000,95% unadjusted paired query-cluster percentile
esci,bge_base,max_4,fixed,20,True,4,4,available,structural: single deterministic fixed index,False,judged_coverage,0.59519038076152309,0.57254258517034051,0.61793587174348685,499,4434,query_macro,2026091701,10000,95% unadjusted paired query-cluster percentile
esci,bge_base,max_4,fixed,20,True,4,4,available,structural: single deterministic fixed index,False,persistent_inclusion,0.73978063625932255,0.71263300723034761,0.76650647254968129,499,4434,query_macro,2026091701,10000,95% unadjusted paired query-cluster percentile
esci,bge_base,max_4,fixed,20,True,4,4,available,structural: single deterministic fixed index,False,VI,0,0,0,499,4434,query_macro,2026091701,10000,95% unadjusted paired query-cluster percentile
esci,bge_base,max_4,fixed,20,True,4,4,available,structural: single deterministic fixed index,False,persistent_omission,0.26021936374067756,0.23349352745031857,0.28736699276965239,499,4434,query_macro,2026091701,10000,95% unadjusted paired query-cluster percentile
esci,bge_base,max_4,fixed,100,True,4,4,available,structural: single deterministic fixed index,False,Recall,0.91050419763044521,0.89110577991867623,0.92913569593167999,499,4434,query_macro,2026091701,10000,95% unadjusted paired query-cluster percentile
esci,bge_base,max_4,fixed,100,True,4,4,available,structural: single deterministic fixed index,False,nDCG,0.73197973851565679,0.7100852935513825,0.75264457487710157,499,4434,query_macro,2026091701,10000,95% unadjusted paired query-cluster percentile
esci,bge_base,max_4,fixed,100,True,4,4,available,structural: single deterministic fixed index,False,cNDCG,0.84454241086463222,0.83137492787596123,0.85711614036686457,499,4434,query_macro,2026091701,10000,95% unadjusted paired query-cluster percentile
esci,bge_base,max_4,fixed,100,True,4,4,available,structural: single deterministic fixed index,False,judged_coverage,0.17168336673346696,0.16314629258517038,0.18052154308617238,499,4434,query_macro,2026091701,10000,95% unadjusted paired query-cluster percentile
esci,bge_base,max_4,fixed,100,True,4,4,available,structural: single deterministic fixed index,False,persistent_inclusion,0.91050419763044521,0.89110577991867623,0.92913569593167999,499,4434,query_macro,2026091701,10000,95% unadjusted paired query-cluster percentile
esci,bge_base,max_4,fixed,100,True,4,4,available,structural: single deterministic fixed index,False,VI,0,0,0,499,4434,query_macro,2026091701,10000,95% unadjusted paired query-cluster percentile
esci,bge_base,max_4,fixed,100,True,4,4,available,structural: single deterministic fixed index,False,persistent_omission,0.08949580236955483,0.07086430406831995,0.10889422008132384,499,4434,query_macro,2026091701,10000,95% unadjusted paired query-cluster percentile
esci,bge_base,max_7,fixed,20,True,7,7,available,structural: single deterministic fixed index,False,Recall,0.73969184729277804,0.71267738286641968,0.76641331792889678,499,4434,query_macro,2026091701,10000,95% unadjusted paired query-cluster percentile
esci,bge_base,max_7,fixed,20,True,7,7,available,structural: single deterministic fixed index,False,nDCG,0.66560407590339876,0.64110154288882193,0.68907587488818167,499,4434,query_macro,2026091701,10000,95% unadjusted paired query-cluster percentile
esci,bge_base,max_7,fixed,20,True,7,7,available,structural: single deterministic fixed index,False,cNDCG,0.81527273703188841,0.80055982338595333,0.82928468337239458,499,4434,query_macro,2026091701,10000,95% unadjusted paired query-cluster percentile
esci,bge_base,max_7,fixed,20,True,7,7,available,structural: single deterministic fixed index,False,judged_coverage,0.59509018036072159,0.5723446893787576,0.61783567134268524,499,4434,query_macro,2026091701,10000,95% unadjusted paired query-cluster percentile
esci,bge_base,max_7,fixed,20,True,7,7,available,structural: single deterministic fixed index,False,persistent_inclusion,0.73969184729277804,0.71267738286641968,0.76641331792889678,499,4434,query_macro,2026091701,10000,95% unadjusted paired query-cluster percentile
esci,bge_base,max_7,fixed,20,True,7,7,available,structural: single deterministic fixed index,False,VI,0,0,0,499,4434,query_macro,2026091701,10000,95% unadjusted paired query-cluster percentile
esci,bge_base,max_7,fixed,20,True,7,7,available,structural: single deterministic fixed index,False,persistent_omission,0.26030815270722196,0.23358668207110328,0.2873226171335802,499,4434,query_macro,2026091701,10000,95% unadjusted paired query-cluster percentile
esci,bge_base,max_7,fixed,100,True,7,7,available,structural: single deterministic fixed index,False,Recall,0.91049910085681141,0.89106009364439454,0.9292856597709177,499,4434,query_macro,2026091701,10000,95% unadjusted paired query-cluster percentile
esci,bge_base,max_7,fixed,100,True,7,7,available,structural: single deterministic fixed index,False,nDCG,0.73258335626391835,0.71065088903012019,0.7532459421919947,499,4434,query_macro,2026091701,10000,95% unadjusted paired query-cluster percentile
esci,bge_base,max_7,fixed,100,True,7,7,available,structural: single deterministic fixed index,False,cNDCG,0.84520927477733299,0.83193494583883565,0.85782270239076419,499,4434,query_macro,2026091701,10000,95% unadjusted paired query-cluster percentile
esci,bge_base,max_7,fixed,100,True,7,7,available,structural: single deterministic fixed index,False,judged_coverage,0.17170340681362728,0.1631663326653307,0.180561122244489,499,4434,query_macro,2026091701,10000,95% unadjusted paired query-cluster percentile
esci,bge_base,max_7,fixed,100,True,7,7,available,structural: single deterministic fixed index,False,persistent_inclusion,0.91049910085681141,0.89106009364439454,0.9292856597709177,499,4434,query_macro,2026091701,10000,95% unadjusted paired query-cluster percentile
esci,bge_base,max_7,fixed,100,True,7,7,available,structural: single deterministic fixed index,False,VI,0,0,0,499,4434,query_macro,2026091701,10000,95% unadjusted paired query-cluster percentile
esci,bge_base,max_7,fixed,100,True,7,7,available,structural: single deterministic fixed index,False,persistent_omission,0.089500899143188692,0.070714340229082212,0.10893990635560558,499,4434,query_macro,2026091701,10000,95% unadjusted paired query-cluster percentile
esci,bge_base,set_mean,fixed,20,True,1,one per attribute plus fixed-text atom,available,structural: single deterministic fixed index,False,Recall,0.71975264195202904,0.69279337159307386,0.74588443471708776,499,4434,query_macro,2026091701,10000,95% unadjusted paired query-cluster percentile
esci,bge_base,set_mean,fixed,20,True,1,one per attribute plus fixed-text atom,available,structural: single deterministic fixed index,False,nDCG,0.63706095159450926,0.61374710743501337,0.65921548160052645,499,4434,query_macro,2026091701,10000,95% unadjusted paired query-cluster percentile
esci,bge_base,set_mean,fixed,20,True,1,one per attribute plus fixed-text atom,available,structural: single deterministic fixed index,False,cNDCG,0.80806249944875297,0.79377365084827423,0.82180372696551907,499,4434,query_macro,2026091701,10000,95% unadjusted paired query-cluster percentile
esci,bge_base,set_mean,fixed,20,True,1,one per attribute plus fixed-text atom,available,structural: single deterministic fixed index,False,judged_coverage,0.56172344689378773,0.53897545090180354,0.58466933867735471,499,4434,query_macro,2026091701,10000,95% unadjusted paired query-cluster percentile
esci,bge_base,set_mean,fixed,20,True,1,one per attribute plus fixed-text atom,available,structural: single deterministic fixed index,False,persistent_inclusion,0.71975264195202904,0.69279337159307386,0.74588443471708776,499,4434,query_macro,2026091701,10000,95% unadjusted paired query-cluster percentile
esci,bge_base,set_mean,fixed,20,True,1,one per attribute plus fixed-text atom,available,structural: single deterministic fixed index,False,VI,0,0,0,499,4434,query_macro,2026091701,10000,95% unadjusted paired query-cluster percentile
esci,bge_base,set_mean,fixed,20,True,1,one per attribute plus fixed-text atom,available,structural: single deterministic fixed index,False,persistent_omission,0.28024735804797091,0.25411556528291229,0.30720662840692586,499,4434,query_macro,2026091701,10000,95% unadjusted paired query-cluster percentile
esci,bge_base,set_mean,fixed,100,True,1,one per attribute plus fixed-text atom,available,structural: single deterministic fixed index,False,Recall,0.88950363834090174,0.86863073086662146,0.90910247015548795,499,4434,query_macro,2026091701,10000,95% unadjusted paired query-cluster percentile
esci,bge_base,set_mean,fixed,100,True,1,one per attribute plus fixed-text atom,available,structural: single deterministic fixed index,False,nDCG,0.70565480935536751,0.68413710547566009,0.72636295144613994,499,4434,query_macro,2026091701,10000,95% unadjusted paired query-cluster percentile
esci,bge_base,set_mean,fixed,100,True,1,one per attribute plus fixed-text atom,available,structural: single deterministic fixed index,False,cNDCG,0.83710412864851846,0.82423395649943765,0.84939441030257845,499,4434,query_macro,2026091701,10000,95% unadjusted paired query-cluster percentile
esci,bge_base,set_mean,fixed,100,True,1,one per attribute plus fixed-text atom,available,structural: single deterministic fixed index,False,judged_coverage,0.16587174348697398,0.1575150300601203,0.17450901803607216,499,4434,query_macro,2026091701,10000,95% unadjusted paired query-cluster percentile
esci,bge_base,set_mean,fixed,100,True,1,one per attribute plus fixed-text atom,available,structural: single deterministic fixed index,False,persistent_inclusion,0.88950363834090174,0.86863073086662146,0.90910247015548795,499,4434,query_macro,2026091701,10000,95% unadjusted paired query-cluster percentile
esci,bge_base,set_mean,fixed,100,True,1,one per attribute plus fixed-text atom,available,structural: single deterministic fixed index,False,VI,0,0,0,499,4434,query_macro,2026091701,10000,95% unadjusted paired query-cluster percentile
esci,bge_base,set_mean,fixed,100,True,1,one per attribute plus fixed-text atom,available,structural: single deterministic fixed index,False,persistent_omission,0.11049636165909839,0.09089752984451184,0.13136926913337835,499,4434,query_macro,2026091701,10000,95% unadjusted paired query-cluster percentile
esci,bge_base,BM25,fixed,20,True,0,0,available,structural: single deterministic fixed index,True,Recall,0.67685058322584046,0.64603190473081229,0.70643582836852636,499,4434,query_macro,2026091701,10000,95% unadjusted paired query-cluster percentile
esci,bge_base,BM25,fixed,20,True,0,0,available,structural: single deterministic fixed index,True,nDCG,0.6151040799492089,0.58917565490151502,0.64017815336044703,499,4434,query_macro,2026091701,10000,95% unadjusted paired query-cluster percentile
esci,bge_base,BM25,fixed,20,True,0,0,available,structural: single deterministic fixed index,True,cNDCG,0.79128972145288157,0.77493484749098029,0.80702435263949801,499,4434,query_macro,2026091701,10000,95% unadjusted paired query-cluster percentile
esci,bge_base,BM25,fixed,20,True,0,0,available,structural: single deterministic fixed index,True,judged_coverage,0.54789579158316637,0.52384769539078146,0.57194388777555105,499,4434,query_macro,2026091701,10000,95% unadjusted paired query-cluster percentile
esci,bge_base,BM25,fixed,20,True,0,0,available,structural: single deterministic fixed index,True,persistent_inclusion,0.67685058322584046,0.64603190473081229,0.70643582836852636,499,4434,query_macro,2026091701,10000,95% unadjusted paired query-cluster percentile
esci,bge_base,BM25,fixed,20,True,0,0,available,structural: single deterministic fixed index,True,VI,0,0,0,499,4434,query_macro,2026091701,10000,95% unadjusted paired query-cluster percentile
esci,bge_base,BM25,fixed,20,True,0,0,available,structural: single deterministic fixed index,True,persistent_omission,0.32314941677415954,0.29356417163147364,0.3539680952691876,499,4434,query_macro,2026091701,10000,95% unadjusted paired query-cluster percentile
esci,bge_base,BM25,fixed,100,True,0,0,available,structural: single deterministic fixed index,True,Recall,0.82831914839620868,0.80252952373144126,0.85317099395970353,499,4434,query_macro,2026091701,10000,95% unadjusted paired query-cluster percentile
esci,bge_base,BM25,fixed,100,True,0,0,available,structural: single deterministic fixed index,True,nDCG,0.67377006586625854,0.64954581302041514,0.697258452646766,499,4434,query_macro,2026091701,10000,95% unadjusted paired query-cluster percentile
esci,bge_base,BM25,fixed,100,True,0,0,available,structural: single deterministic fixed index,True,cNDCG,0.82249140298675183,0.80776155452927423,0.83668842602783411,499,4434,query_macro,2026091701,10000,95% unadjusted paired query-cluster percentile
esci,bge_base,BM25,fixed,100,True,0,0,available,structural: single deterministic fixed index,True,judged_coverage,0.15436873747494989,0.14595190380761525,0.1630260521042084,499,4434,query_macro,2026091701,10000,95% unadjusted paired query-cluster percentile
esci,bge_base,BM25,fixed,100,True,0,0,available,structural: single deterministic fixed index,True,persistent_inclusion,0.82831914839620868,0.80252952373144126,0.85317099395970353,499,4434,query_macro,2026091701,10000,95% unadjusted paired query-cluster percentile
esci,bge_base,BM25,fixed,100,True,0,0,available,structural: single deterministic fixed index,True,VI,0,0,0,499,4434,query_macro,2026091701,10000,95% unadjusted paired query-cluster percentile
esci,bge_base,BM25,fixed,100,True,0,0,available,structural: single deterministic fixed index,True,persistent_omission,0.17168085160379132,0.14682900604029636,0.19747047626855868,499,4434,query_macro,2026091701,10000,95% unadjusted paired query-cluster percentile
esci,gte_modernbert,raw,C0,20,False,1,1,available,observed seven catalog schedules,False,Recall,0.72449627308512587,0.69585314130214659,0.75202157448932827,499,4434,query_macro,2026091701,10000,95% unadjusted paired query-cluster percentile
esci,gte_modernbert,raw,C0,20,False,1,1,available,observed seven catalog schedules,False,nDCG,0.64348170644254254,0.61862877483136913,0.6678926311973461,499,4434,query_macro,2026091701,10000,95% unadjusted paired query-cluster percentile
esci,gte_modernbert,raw,C0,20,False,1,1,available,observed seven catalog schedules,False,cNDCG,0.81231045964166915,0.79734545643775723,0.82652610351356115,499,4434,query_macro,2026091701,10000,95% unadjusted paired query-cluster percentile
esci,gte_modernbert,raw,C0,20,False,1,1,available,observed seven catalog schedules,False,judged_coverage,0.56893787575150301,0.54539078156312626,0.59258767535070145,499,4434,query_macro,2026091701,10000,95% unadjusted paired query-cluster percentile
esci,gte_modernbert,raw,C0,20,False,1,1,available,observed seven catalog schedules,False,persistent_inclusion,0.68191742350935203,0.65196450648637538,0.7106749335140532,499,4434,query_macro,2026091701,10000,95% unadjusted paired query-cluster percentile
esci,gte_modernbert,raw,C0,20,False,1,1,available,observed seven catalog schedules,False,VI,0.069095109862151283,0.057857478764513096,0.081082895031497557,499,4434,query_macro,2026091701,10000,95% unadjusted paired query-cluster percentile
esci,gte_modernbert,raw,C0,20,False,1,1,available,observed seven catalog schedules,False,persistent_omission,0.24898746662849666,0.22238716079828039,0.27626552365284118,499,4434,query_macro,2026091701,10000,95% unadjusted paired query-cluster percentile
esci,gte_modernbert,raw,seven_mean,20,False,1,1,available,observed seven catalog schedules,False,Recall,0.71814039885454872,0.68992959590139435,0.7454658144416455,499,4434,query_macro,2026091701,10000,95% unadjusted paired query-cluster percentile
esci,gte_modernbert,raw,seven_mean,20,False,1,1,available,observed seven catalog schedules,False,nDCG,0.64194880589394077,0.61691008301458972,0.66614926912442085,499,4434,query_macro,2026091701,10000,95% unadjusted paired query-cluster percentile
esci,gte_modernbert,raw,seven_mean,20,False,1,1,available,observed seven catalog schedules,False,cNDCG,0.81275613502259125,0.79763998251967105,0.82702495836328138,499,4434,query_macro,2026091701,10000,95% unadjusted paired query-cluster percentile
esci,gte_modernbert,raw,seven_mean,20,False,1,1,available,observed seven catalog schedules,False,judged_coverage,0.56567420555396508,0.54186909533352412,0.58923561408531333,499,4434,query_macro,2026091701,10000,95% unadjusted paired query-cluster percentile
esci,gte_modernbert,raw,seven_mean,20,False,1,1,available,observed seven catalog schedules,False,persistent_inclusion,0.68191742350935203,0.65196450648637538,0.7106749335140532,499,4434,query_macro,2026091701,10000,95% unadjusted paired query-cluster percentile
esci,gte_modernbert,raw,seven_mean,20,False,1,1,available,observed seven catalog schedules,False,VI,0.069095109862151283,0.057857478764513096,0.081082895031497557,499,4434,query_macro,2026091701,10000,95% unadjusted paired query-cluster percentile
esci,gte_modernbert,raw,seven_mean,20,False,1,1,available,observed seven catalog schedules,False,persistent_omission,0.24898746662849666,0.22238716079828039,0.27626552365284118,499,4434,query_macro,2026091701,10000,95% unadjusted paired query-cluster percentile
esci,gte_modernbert,raw,C0,100,False,1,1,available,observed seven catalog schedules,False,Recall,0.89125032971240892,0.86975650289726636,0.91175240344398822,499,4434,query_macro,2026091701,10000,95% unadjusted paired query-cluster percentile
esci,gte_modernbert,raw,C0,100,False,1,1,available,observed seven catalog schedules,False,nDCG,0.71019698760774386,0.68753066086343639,0.73214649785632779,499,4434,query_macro,2026091701,10000,95% unadjusted paired query-cluster percentile
esci,gte_modernbert,raw,C0,100,False,1,1,available,observed seven catalog schedules,False,cNDCG,0.84068455617254312,0.82720439280228564,0.8536477817323187,499,4434,query_macro,2026091701,10000,95% unadjusted paired query-cluster percentile
esci,gte_modernbert,raw,C0,100,False,1,1,available,observed seven catalog schedules,False,judged_coverage,0.16629258517034068,0.15781513026052105,0.17511022044088179,499,4434,query_macro,2026091701,10000,95% unadjusted paired query-cluster percentile
esci,gte_modernbert,raw,C0,100,False,1,1,available,observed seven catalog schedules,False,persistent_inclusion,0.87632842142629042,0.8533464181234528,0.89825843331204236,499,4434,query_macro,2026091701,10000,95% unadjusted paired query-cluster percentile
esci,gte_modernbert,raw,C0,100,False,1,1,available,observed seven catalog schedules,False,VI,0.022433265912752482,0.015062221495784163,0.031514848452058833,499,4434,query_macro,2026091701,10000,95% unadjusted paired query-cluster percentile
esci,gte_modernbert,raw,C0,100,False,1,1,available,observed seven catalog schedules,False,persistent_omission,0.10123831266095708,0.081376177038152822,0.1219891224490096,499,4434,query_macro,2026091701,10000,95% unadjusted paired query-cluster percentile
esci,gte_modernbert,raw,seven_mean,100,False,1,1,available,observed seven catalog schedules,False,Recall,0.88773718098242282,0.86620132259783478,0.90821999187730229,499,4434,query_macro,2026091701,10000,95% unadjusted paired query-cluster percentile
esci,gte_modernbert,raw,seven_mean,100,False,1,1,available,observed seven catalog schedules,False,nDCG,0.70938457558795309,0.68680132664758908,0.73142221084448289,499,4434,query_macro,2026091701,10000,95% unadjusted paired query-cluster percentile
esci,gte_modernbert,raw,seven_mean,100,False,1,1,available,observed seven catalog schedules,False,cNDCG,0.8414314289284015,0.82811730873621536,0.85434615875085462,499,4434,query_macro,2026091701,10000,95% unadjusted paired query-cluster percentile
esci,gte_modernbert,raw,seven_mean,100,False,1,1,available,observed seven catalog schedules,False,judged_coverage,0.16551674778127687,0.15704251359862584,0.17428292298883485,499,4434,query_macro,2026091701,10000,95% unadjusted paired query-cluster percentile
esci,gte_modernbert,raw,seven_mean,100,False,1,1,available,observed seven catalog schedules,False,persistent_inclusion,0.87632842142629042,0.8533464181234528,0.89825843331204236,499,4434,query_macro,2026091701,10000,95% unadjusted paired query-cluster percentile
esci,gte_modernbert,raw,seven_mean,100,False,1,1,available,observed seven catalog schedules,False,VI,0.022433265912752482,0.015062221495784163,0.031514848452058833,499,4434,query_macro,2026091701,10000,95% unadjusted paired query-cluster percentile
esci,gte_modernbert,raw,seven_mean,100,False,1,1,available,observed seven catalog schedules,False,persistent_omission,0.10123831266095708,0.081376177038152822,0.1219891224490096,499,4434,query_macro,2026091701,10000,95% unadjusted paired query-cluster percentile
esci,gte_modernbert,field_priority_type,fixed,20,True,1,1,available,structural: single deterministic fixed index,False,Recall,0.71681476304292568,0.68789830085871584,0.745015104992509,499,4434,query_macro,2026091701,10000,95% unadjusted paired query-cluster percentile
esci,gte_modernbert,field_priority_type,fixed,20,True,1,1,available,structural: single deterministic fixed index,False,nDCG,0.64135983677536212,0.61573165679907504,0.66591901806489062,499,4434,query_macro,2026091701,10000,95% unadjusted paired query-cluster percentile
esci,gte_modernbert,field_priority_type,fixed,20,True,1,1,available,structural: single deterministic fixed index,False,cNDCG,0.81269015433618341,0.79740795309511525,0.82718580942048414,499,4434,query_macro,2026091701,10000,95% unadjusted paired query-cluster percentile
esci,gte_modernbert,field_priority_type,fixed,20,True,1,1,available,structural: single deterministic fixed index,False,judged_coverage,0.56462925851703405,0.54088176352705408,0.58837675350701391,499,4434,query_macro,2026091701,10000,95% unadjusted paired query-cluster percentile
esci,gte_modernbert,field_priority_type,fixed,20,True,1,1,available,structural: single deterministic fixed index,False,persistent_inclusion,0.71681476304292568,0.68789830085871584,0.745015104992509,499,4434,query_macro,2026091701,10000,95% unadjusted paired query-cluster percentile
esci,gte_modernbert,field_priority_type,fixed,20,True,1,1,available,structural: single deterministic fixed index,False,VI,0,0,0,499,4434,query_macro,2026091701,10000,95% unadjusted paired query-cluster percentile
esci,gte_modernbert,field_priority_type,fixed,20,True,1,1,available,structural: single deterministic fixed index,False,persistent_omission,0.28318523695707426,0.25498489500749089,0.31210169914128416,499,4434,query_macro,2026091701,10000,95% unadjusted paired query-cluster percentile
esci,gte_modernbert,field_priority_type,fixed,100,True,1,1,available,structural: single deterministic fixed index,False,Recall,0.888297915241541,0.86664085239279476,0.9090152265147905,499,4434,query_macro,2026091701,10000,95% unadjusted paired query-cluster percentile
esci,gte_modernbert,field_priority_type,fixed,100,True,1,1,available,structural: single deterministic fixed index,False,nDCG,0.70911715634280148,0.68628021942891393,0.73108187797999513,499,4434,query_macro,2026091701,10000,95% unadjusted paired query-cluster percentile
esci,gte_modernbert,field_priority_type,fixed,100,True,1,1,available,structural: single deterministic fixed index,False,cNDCG,0.84090903056358535,0.82727547837353366,0.85395785381820921,499,4434,query_macro,2026091701,10000,95% unadjusted paired query-cluster percentile
esci,gte_modernbert,field_priority_type,fixed,100,True,1,1,available,structural: single deterministic fixed index,False,judged_coverage,0.16545090180360722,0.15699398797595193,0.17426853707414827,499,4434,query_macro,2026091701,10000,95% unadjusted paired query-cluster percentile
esci,gte_modernbert,field_priority_type,fixed,100,True,1,1,available,structural: single deterministic fixed index,False,persistent_inclusion,0.888297915241541,0.86664085239279476,0.9090152265147905,499,4434,query_macro,2026091701,10000,95% unadjusted paired query-cluster percentile
esci,gte_modernbert,field_priority_type,fixed,100,True,1,1,available,structural: single deterministic fixed index,False,VI,0,0,0,499,4434,query_macro,2026091701,10000,95% unadjusted paired query-cluster percentile
esci,gte_modernbert,field_priority_type,fixed,100,True,1,1,available,structural: single deterministic fixed index,False,persistent_omission,0.11170208475845901,0.090984773485209447,0.13335914760720505,499,4434,query_macro,2026091701,10000,95% unadjusted paired query-cluster percentile
esci,gte_modernbert,lexical_ascending,fixed,20,True,1,1,available,structural: single deterministic fixed index,False,Recall,0.71607528875635729,0.687165595808512,0.74436706780994899,499,4434,query_macro,2026091701,10000,95% unadjusted paired query-cluster percentile
esci,gte_modernbert,lexical_ascending,fixed,20,True,1,1,available,structural: single deterministic fixed index,False,nDCG,0.64095279427761354,0.61535703566313016,0.66554612197788532,499,4434,query_macro,2026091701,10000,95% unadjusted paired query-cluster percentile
esci,gte_modernbert,lexical_ascending,fixed,20,True,1,1,available,structural: single deterministic fixed index,False,cNDCG,0.81244746191206796,0.79724117337475009,0.82700562385573562,499,4434,query_macro,2026091701,10000,95% unadjusted paired query-cluster percentile
esci,gte_modernbert,lexical_ascending,fixed,20,True,1,1,available,structural: single deterministic fixed index,False,judged_coverage,0.56452905811623244,0.54078156312625258,0.58837675350701391,499,4434,query_macro,2026091701,10000,95% unadjusted paired query-cluster percentile
esci,gte_modernbert,lexical_ascending,fixed,20,True,1,1,available,structural: single deterministic fixed index,False,persistent_inclusion,0.71607528875635729,0.687165595808512,0.74436706780994899,499,4434,query_macro,2026091701,10000,95% unadjusted paired query-cluster percentile
esci,gte_modernbert,lexical_ascending,fixed,20,True,1,1,available,structural: single deterministic fixed index,False,VI,0,0,0,499,4434,query_macro,2026091701,10000,95% unadjusted paired query-cluster percentile
esci,gte_modernbert,lexical_ascending,fixed,20,True,1,1,available,structural: single deterministic fixed index,False,persistent_omission,0.28392471124364277,0.25563293219005079,0.31283440419148806,499,4434,query_macro,2026091701,10000,95% unadjusted paired query-cluster percentile
esci,gte_modernbert,lexical_ascending,fixed,100,True,1,1,available,structural: single deterministic fixed index,False,Recall,0.88804356037796772,0.86639714131088896,0.90884751051686452,499,4434,query_macro,2026091701,10000,95% unadjusted paired query-cluster percentile
esci,gte_modernbert,lexical_ascending,fixed,100,True,1,1,available,structural: single deterministic fixed index,False,nDCG,0.70898240544719371,0.68609900941963164,0.73102461381955952,499,4434,query_macro,2026091701,10000,95% unadjusted paired query-cluster percentile
esci,gte_modernbert,lexical_ascending,fixed,100,True,1,1,available,structural: single deterministic fixed index,False,cNDCG,0.84074844904317703,0.82709828031424693,0.85375023444697773,499,4434,query_macro,2026091701,10000,95% unadjusted paired query-cluster percentile
esci,gte_modernbert,lexical_ascending,fixed,100,True,1,1,available,structural: single deterministic fixed index,False,judged_coverage,0.1654308617234469,0.15699348697394791,0.17422895791583171,499,4434,query_macro,2026091701,10000,95% unadjusted paired query-cluster percentile
esci,gte_modernbert,lexical_ascending,fixed,100,True,1,1,available,structural: single deterministic fixed index,False,persistent_inclusion,0.88804356037796772,0.86639714131088896,0.90884751051686452,499,4434,query_macro,2026091701,10000,95% unadjusted paired query-cluster percentile
esci,gte_modernbert,lexical_ascending,fixed,100,True,1,1,available,structural: single deterministic fixed index,False,VI,0,0,0,499,4434,query_macro,2026091701,10000,95% unadjusted paired query-cluster percentile
esci,gte_modernbert,lexical_ascending,fixed,100,True,1,1,available,structural: single deterministic fixed index,False,persistent_omission,0.11195643962203232,0.091152489483135257,0.13360285868911095,499,4434,query_macro,2026091701,10000,95% unadjusted paired query-cluster percentile
esci,gte_modernbert,lexical_descending,fixed,20,True,1,1,available,structural: single deterministic fixed index,False,Recall,0.71644750148532677,0.6882218346691763,0.74391768428224048,499,4434,query_macro,2026091701,10000,95% unadjusted paired query-cluster percentile
esci,gte_modernbert,lexical_descending,fixed,20,True,1,1,available,structural: single deterministic fixed index,False,nDCG,0.64262261414675137,0.61766086107070928,0.66688620320453773,499,4434,query_macro,2026091701,10000,95% unadjusted paired query-cluster percentile
esci,gte_modernbert,lexical_descending,fixed,20,True,1,1,available,structural: single deterministic fixed index,False,cNDCG,0.81421671420075714,0.79930596382747343,0.82833603384814003,499,4434,query_macro,2026091701,10000,95% unadjusted paired query-cluster percentile
esci,gte_modernbert,lexical_descending,fixed,20,True,1,1,available,structural: single deterministic fixed index,False,judged_coverage,0.56472945891783566,0.54088176352705408,0.58847695390781551,499,4434,query_macro,2026091701,10000,95% unadjusted paired query-cluster percentile
esci,gte_modernbert,lexical_descending,fixed,20,True,1,1,available,structural: single deterministic fixed index,False,persistent_inclusion,0.71644750148532677,0.6882218346691763,0.74391768428224048,499,4434,query_macro,2026091701,10000,95% unadjusted paired query-cluster percentile
esci,gte_modernbert,lexical_descending,fixed,20,True,1,1,available,structural: single deterministic fixed index,False,VI,0,0,0,499,4434,query_macro,2026091701,10000,95% unadjusted paired query-cluster percentile
esci,gte_modernbert,lexical_descending,fixed,20,True,1,1,available,structural: single deterministic fixed index,False,persistent_omission,0.28355249851467318,0.25608231571775969,0.31177816533082364,499,4434,query_macro,2026091701,10000,95% unadjusted paired query-cluster percentile
esci,gte_modernbert,lexical_descending,fixed,100,True,1,1,available,structural: single deterministic fixed index,False,Recall,0.8870941261125812,0.86486027926449616,0.90825241501236609,499,4434,query_macro,2026091701,10000,95% unadjusted paired query-cluster percentile
esci,gte_modernbert,lexical_descending,fixed,100,True,1,1,available,structural: single deterministic fixed index,False,nDCG,0.7107027671370223,0.68792066314611311,0.73294573777344973,499,4434,query_macro,2026091701,10000,95% unadjusted paired query-cluster percentile
esci,gte_modernbert,lexical_descending,fixed,100,True,1,1,available,structural: single deterministic fixed index,False,cNDCG,0.84280207603027524,0.82959646566818968,0.85544030100193891,499,4434,query_macro,2026091701,10000,95% unadjusted paired query-cluster percentile
esci,gte_modernbert,lexical_descending,fixed,100,True,1,1,available,structural: single deterministic fixed index,False,judged_coverage,0.16557114228456915,0.15711322645290579,0.17426903807615232,499,4434,query_macro,2026091701,10000,95% unadjusted paired query-cluster percentile
esci,gte_modernbert,lexical_descending,fixed,100,True,1,1,available,structural: single deterministic fixed index,False,persistent_inclusion,0.8870941261125812,0.86486027926449616,0.90825241501236609,499,4434,query_macro,2026091701,10000,95% unadjusted paired query-cluster percentile
esci,gte_modernbert,lexical_descending,fixed,100,True,1,1,available,structural: single deterministic fixed index,False,VI,0,0,0,499,4434,query_macro,2026091701,10000,95% unadjusted paired query-cluster percentile
esci,gte_modernbert,lexical_descending,fixed,100,True,1,1,available,structural: single deterministic fixed index,False,persistent_omission,0.11290587388741871,0.091747584987633676,0.13513972073550395,499,4434,query_macro,2026091701,10000,95% unadjusted paired query-cluster percentile
esci,gte_modernbert,BM25,fixed,20,True,0,0,available,structural: single deterministic fixed index,True,Recall,0.67685058322584046,0.64603190473081229,0.70643582836852636,499,4434,query_macro,2026091701,10000,95% unadjusted paired query-cluster percentile
esci,gte_modernbert,BM25,fixed,20,True,0,0,available,structural: single deterministic fixed index,True,nDCG,0.6151040799492089,0.58917565490151502,0.64017815336044703,499,4434,query_macro,2026091701,10000,95% unadjusted paired query-cluster percentile
esci,gte_modernbert,BM25,fixed,20,True,0,0,available,structural: single deterministic fixed index,True,cNDCG,0.79128972145288157,0.77493484749098029,0.80702435263949801,499,4434,query_macro,2026091701,10000,95% unadjusted paired query-cluster percentile
esci,gte_modernbert,BM25,fixed,20,True,0,0,available,structural: single deterministic fixed index,True,judged_coverage,0.54789579158316637,0.52384769539078146,0.57194388777555105,499,4434,query_macro,2026091701,10000,95% unadjusted paired query-cluster percentile
esci,gte_modernbert,BM25,fixed,20,True,0,0,available,structural: single deterministic fixed index,True,persistent_inclusion,0.67685058322584046,0.64603190473081229,0.70643582836852636,499,4434,query_macro,2026091701,10000,95% unadjusted paired query-cluster percentile
esci,gte_modernbert,BM25,fixed,20,True,0,0,available,structural: single deterministic fixed index,True,VI,0,0,0,499,4434,query_macro,2026091701,10000,95% unadjusted paired query-cluster percentile
esci,gte_modernbert,BM25,fixed,20,True,0,0,available,structural: single deterministic fixed index,True,persistent_omission,0.32314941677415954,0.29356417163147364,0.3539680952691876,499,4434,query_macro,2026091701,10000,95% unadjusted paired query-cluster percentile
esci,gte_modernbert,BM25,fixed,100,True,0,0,available,structural: single deterministic fixed index,True,Recall,0.82831914839620868,0.80252952373144126,0.85317099395970353,499,4434,query_macro,2026091701,10000,95% unadjusted paired query-cluster percentile
esci,gte_modernbert,BM25,fixed,100,True,0,0,available,structural: single deterministic fixed index,True,nDCG,0.67377006586625854,0.64954581302041514,0.697258452646766,499,4434,query_macro,2026091701,10000,95% unadjusted paired query-cluster percentile
esci,gte_modernbert,BM25,fixed,100,True,0,0,available,structural: single deterministic fixed index,True,cNDCG,0.82249140298675183,0.80776155452927423,0.83668842602783411,499,4434,query_macro,2026091701,10000,95% unadjusted paired query-cluster percentile
esci,gte_modernbert,BM25,fixed,100,True,0,0,available,structural: single deterministic fixed index,True,judged_coverage,0.15436873747494989,0.14595190380761525,0.1630260521042084,499,4434,query_macro,2026091701,10000,95% unadjusted paired query-cluster percentile
esci,gte_modernbert,BM25,fixed,100,True,0,0,available,structural: single deterministic fixed index,True,persistent_inclusion,0.82831914839620868,0.80252952373144126,0.85317099395970353,499,4434,query_macro,2026091701,10000,95% unadjusted paired query-cluster percentile
esci,gte_modernbert,BM25,fixed,100,True,0,0,available,structural: single deterministic fixed index,True,VI,0,0,0,499,4434,query_macro,2026091701,10000,95% unadjusted paired query-cluster percentile
esci,gte_modernbert,BM25,fixed,100,True,0,0,available,structural: single deterministic fixed index,True,persistent_omission,0.17168085160379132,0.14682900604029636,0.19747047626855868,499,4434,query_macro,2026091701,10000,95% unadjusted paired query-cluster percentile
