query_id,query,query_type,n_judged,n_highest,cNDCG@10,RelevantRecall@10,HighestRecall@10,RelevantHidden@10,JudgedCoverage@10,cNDCG@20,RelevantRecall@20,HighestRecall@20,RelevantHidden@20,JudgedCoverage@20,cNDCG@50,RelevantRecall@50,HighestRecall@50,RelevantHidden@50,JudgedCoverage@50,RelevanceVisibilitySpearman
165,"(8 pck, one without packaging ) umbra single",multi_constraint,40,6,0.3494769181670997,0.125,0.0,1.0,0.2,0.5065937750586074,0.125,0.0,1.0,0.15,0.5660487321188222,0.375,0.3333333333333333,0.6666666666666667,0.12,0.2694574160541153
433,0.35x 0.5 stainless steel u not h trowel,long_descriptive,40,7,0.20857354922754343,0.28,0.2857142857142857,0.7142857142857143,1.0,0.4222383166336195,0.64,0.7142857142857143,0.2857142857142857,1.0,0.5412079600777638,0.96,1.0,0.0,0.66,0.3355451163778385
500,02cool spray water bottle for drinking not flap to drink,long_descriptive,40,22,0.9223857137111114,0.25,0.4090909090909091,0.5909090909090908,1.0,0.9192535988247448,0.45,0.7272727272727273,0.2727272727272727,0.9,0.9751766450844946,0.625,0.9090909090909091,0.09090909090909094,0.5,0.7271939520358554
541,06 honda odyssey a/c compressor,multi_constraint,16,7,0.6742297860715859,0.625,0.5714285714285714,0.4285714285714286,1.0,0.8756286839347496,0.8125,0.8571428571428571,0.1428571428571429,0.65,0.8756286839347496,0.8125,0.8571428571428571,0.1428571428571429,0.26,0.051923775203393564
598,0rganic potting without fertelizer for roses,multi_constraint,39,14,0.6352316716700637,0.21739130434782608,0.2857142857142857,0.7142857142857143,0.5,0.6788780368516019,0.34782608695652173,0.42857142857142855,0.5714285714285714,0.55,0.8731586551521759,0.5217391304347826,0.6428571428571429,0.3571428571428571,0.4,0.26908153722895994
600,0sxk ofrece fidget toys not expensive,multi_constraint,39,26,0.8067628892172455,0.25,0.23076923076923078,0.7692307692307692,0.8,0.836066221804816,0.53125,0.5384615384615384,0.46153846153846156,0.85,0.9316478844248717,0.875,0.9230769230769231,0.07692307692307687,0.56,0.5147499425909753
602,0ver charge on items.with prime not happy,long_descriptive,10,3,0.5253984689259608,0.0,0.0,1.0,0.1,0.5253984689259608,0.0,0.0,1.0,0.05,0.5253984689259608,0.0,0.0,1.0,0.02,-0.2149980144655904
622,1 1/2 sink drain without overflow,multi_constraint,40,26,0.465542310997186,0.23684210526315788,0.19230769230769232,0.8076923076923077,1.0,0.5861298672846085,0.5,0.5,0.5,1.0,0.8080204786595062,1.0,1.0,0.0,0.8,-0.11776775960052799
637,1 1/4” npt,attribute_constraint,16,13,0.7821091513649008,0.375,0.38461538461538464,0.6153846153846154,0.6,0.859754620512863,0.5,0.5384615384615384,0.46153846153846156,0.4,0.859754620512863,0.6875,0.7692307692307693,0.23076923076923073,0.22,0.10587327484685351
861,1 pint mason jars without words,multi_constraint,40,24,0.22590150921766258,0.21621621621621623,0.08333333333333333,0.9166666666666666,0.9,0.3572226491413585,0.43243243243243246,0.3333333333333333,0.6666666666666667,0.85,0.6914375937203441,0.7567567567567568,0.625,0.375,0.62,-0.4645806576038725
933,1'' oil hose,attribute_constraint,16,4,0.392345422868762,0.4375,0.5,0.5,0.7,0.5958684965855743,0.625,0.5,0.5,0.5,0.5958684965855743,0.9375,1.0,0.0,0.3,-0.006293790933744675
978,1.25 sunglasses for women,multi_constraint,16,12,0.6400125300017646,0.5625,0.4166666666666667,0.5833333333333333,0.9,0.8760504312802717,1.0,1.0,0.0,0.8,0.8760504312802717,1.0,1.0,0.0,0.32,-0.3444233600968322
1210,10 hottest models without cloth,multi_constraint,35,2,0.0,0.0,0.0,1.0,0.0,0.142711488234041,0.0,0.0,1.0,0.0,0.2658337257045992,0.0,0.0,1.0,0.0,-0.2150392856438949
1293,10 qt stainless steel pot without aluminum,multi_constraint,39,10,0.22219287584135905,0.27586206896551724,0.2,0.8,1.0,0.3265763059650357,0.4827586206896552,0.3,0.7,0.9,0.5925224554817793,0.896551724137931,0.9,0.09999999999999998,0.7,0.0031814238148788884
1310,10 succulent plants without plastic containers,multi_constraint,40,1,0.15395025893203285,0.17391304347826086,0.0,1.0,0.8,0.1991001214944227,0.391304347826087,0.0,1.0,0.65,0.44647131473563173,0.43478260869565216,0.0,1.0,0.4,-0.03137486508852828
1458,100% cranberry juice not from concentrate,multi_constraint,39,15,0.5462574254588146,0.21212121212121213,0.4666666666666667,0.5333333333333333,1.0,0.561192749343999,0.48484848484848486,0.6666666666666666,0.33333333333333337,1.0,0.7389917081654005,0.7575757575757576,0.9333333333333333,0.06666666666666665,0.6,0.14911448454337534
1476,100% remy hair bundles without weft for box braids,long_descriptive,40,17,0.42764056381633403,0.22857142857142856,0.29411764705882354,0.7058823529411764,1.0,0.457027460928285,0.4857142857142857,0.5294117647058824,0.47058823529411764,1.0,0.7101953135459783,0.9428571428571428,0.8823529411764706,0.11764705882352944,0.76,-0.10164044254814208
1530,104 bcd crank arms without chainring,multi_constraint,40,17,0.3956025023996426,0.25,0.29411764705882354,0.7058823529411764,1.0,0.43989039210037173,0.4642857142857143,0.5294117647058824,0.47058823529411764,1.0,0.7099168119966057,1.0,1.0,0.0,0.78,0.11525214640604665
1659,10×6 patio gazebo without cover,multi_constraint,40,5,0.12808223105584918,0.14285714285714285,0.2,0.8,1.0,0.3016830115251865,0.42857142857142855,0.6,0.4,1.0,0.4637371285457308,0.7619047619047619,0.8,0.19999999999999996,0.56,-0.05532400999871546
1816,12 hp engine,attribute_constraint,16,4,0.7527421125137548,0.6428571428571429,0.75,0.25,1.0,0.8576164038990145,0.9285714285714286,1.0,0.0,0.75,0.8576164038990145,1.0,1.0,0.0,0.32,0.19639960837957132
2286,16x48 frame,attribute_constraint,39,13,0.45586789764712876,0.15,0.07692307692307693,0.9230769230769231,0.3,0.6576414785975225,0.25,0.15384615384615385,0.8461538461538461,0.3,0.7759989247873562,0.45,0.38461538461538464,0.6153846153846154,0.24,0.4341251579396784
2390,18x13 setting ring,attribute_constraint,16,2,0.19016317819658102,0.625,0.5,0.5,1.0,0.36611647735590785,0.6875,0.5,0.5,0.55,0.36611647735590785,0.75,0.5,0.5,0.24,-0.44160843198797867
2692,2 ton jack handle replacement,multi_constraint,16,7,0.5734208373634808,0.5,0.5714285714285714,0.4285714285714286,1.0,0.7838067399679752,0.875,0.8571428571428571,0.1428571428571429,0.75,0.7838067399679752,0.875,0.8571428571428571,0.1428571428571429,0.3,-0.13532016420681217
2855,20lb maxima chameleon,attribute_constraint,40,7,0.5013612366715858,0.2647058823529412,0.5714285714285714,0.4285714285714286,1.0,0.5749942373544963,0.5,0.7142857142857143,0.2857142857142857,0.9,0.691940595574566,0.5588235294117647,0.7142857142857143,0.2857142857142857,0.42,0.3246959539528702
3012,24 rims 6 lug,attribute_constraint,17,5,0.22466320365243897,0.38461538461538464,0.0,1.0,0.6,0.48092485001388097,0.8461538461538461,0.8,0.19999999999999996,0.75,0.48092485001388097,0.8461538461538461,0.8,0.19999999999999996,0.3,-0.22593445972338472
3492,3.5 ft christmas tree with lights,multi_constraint,15,1,1.0,0.6666666666666666,1.0,0.0,1.0,1.0,0.9333333333333333,1.0,0.0,0.7,1.0,1.0,1.0,0.0,0.3,0.4330127018922193
3494,3.5 mm male to male rca cable,long_descriptive,16,11,0.7529694065526482,0.5833333333333334,0.6363636363636364,0.36363636363636365,1.0,0.9255699845708271,1.0,1.0,0.0,0.8,0.9255699845708271,1.0,1.0,0.0,0.32,0.1066574750941726
3986,3w landscape light,attribute_constraint,16,14,0.9009587051658641,0.625,0.6428571428571429,0.3571428571428571,1.0,0.9556054514784129,0.9375,0.9285714285714286,0.0714285714285714,0.75,0.9556054514784129,1.0,1.0,0.0,0.32,-0.058800649144965064
4299,49ers gym apparel,attribute_constraint,16,1,0.5219403281436985,0.375,1.0,0.0,0.6,0.5290468604310943,0.375,1.0,0.0,0.3,0.5290468604310943,0.5,1.0,0.0,0.16,0.30806161848616215
4321,4exls,attribute_constraint,32,5,0.2766578211163281,0.0,0.0,1.0,0.0,0.44132062000888683,0.0,0.0,1.0,0.0,0.508342955497575,0.0,0.0,1.0,0.0,0.1685869883660614
4860,6 gallon water dispenser,attribute_constraint,16,2,0.4299889757571464,0.5625,0.5,0.5,0.9,0.5691640845387563,0.6875,0.5,0.5,0.55,0.5691640845387563,0.8125,0.5,0.5,0.26,0.3856812155135378
4956,60 watt speaker amp,attribute_constraint,16,7,0.7198923178917105,0.4375,0.5714285714285714,0.4285714285714286,0.7,0.8746886897928973,0.6875,0.8571428571428571,0.1428571428571429,0.55,0.8746886897928973,0.9375,1.0,0.0,0.3,0.2711213516680616
5079,6x6 square mold,attribute_constraint,16,10,0.438724379715645,0.3125,0.2,0.8,0.5,0.7228895806272454,0.375,0.2,0.8,0.3,0.7228895806272454,0.375,0.2,0.8,0.12,-0.3920784235278428
5094,7 1/8 baseball helmet,multi_constraint,16,11,0.795648227087262,0.4375,0.5454545454545454,0.4545454545454546,0.7,0.9630310523169041,0.6875,0.7272727272727273,0.2727272727272727,0.55,0.9630310523169041,1.0,1.0,0.0,0.32,0.2486326242032244
5419,8x12 rustic picture frame,style,16,5,0.6891894998119791,0.5,0.6,0.4,0.8,0.8656272022056465,0.875,1.0,0.0,0.7,0.8656272022056465,1.0,1.0,0.0,0.32,0.2486326242032244
5787,a big idea not the savior,multi_constraint,13,2,0.6974197706720918,0.6666666666666666,0.5,0.5,0.2,0.6974197706720918,0.6666666666666666,0.5,0.5,0.1,0.6974197706720918,1.0,1.0,0.0,0.06,0.7151842500282787
5921,a world without you,product_type,17,2,0.799141460900504,0.6666666666666666,0.5,0.5,0.7,0.799141460900504,0.6666666666666666,0.5,0.5,0.4,0.799141460900504,1.0,1.0,0.0,0.24,0.45941272187392446
6138,abu garcia baitcasting combo,product_type,15,3,0.6522732641669732,0.6,1.0,0.0,0.9,0.6543866447465413,0.8,1.0,0.0,0.6,0.6543866447465413,0.9333333333333333,1.0,0.0,0.28,0.42433421239575275
6685,adidas joggers for men,product_type,16,8,0.5256855432814297,0.26666666666666666,0.25,0.75,0.5,0.7270392318284683,0.6,0.625,0.375,0.5,0.7270392318284683,0.9333333333333333,1.0,0.0,0.3,-0.02475368857441686
7034,aeramax 290 small room,attribute_constraint,15,1,0.4556588443449323,0.0,0.0,1.0,0.0,0.46249955940103243,0.13333333333333333,0.0,1.0,0.1,0.46249955940103243,0.26666666666666666,1.0,0.0,0.08,0.24743582965269673
7126,afx slot car race track sets,multi_constraint,14,7,0.9378908244458891,0.7692307692307693,1.0,0.0,1.0,0.9379897034769318,0.9230769230769231,1.0,0.0,0.65,0.9379897034769318,1.0,1.0,0.0,0.28,0.6044755191922508
7303,air force ones for men,multi_constraint,16,12,0.5567541033631607,0.5714285714285714,0.5833333333333334,0.41666666666666663,1.0,0.7551855563837578,0.7857142857142857,0.8333333333333334,0.16666666666666663,0.65,0.7551855563837578,0.8571428571428571,0.9166666666666666,0.08333333333333337,0.28,-0.3796283011826483
7340,air intake gasket kit,product_type,16,2,0.5917669332789812,0.5625,1.0,0.0,0.9,0.5955733830724063,0.875,1.0,0.0,0.7,0.5955733830724063,0.9375,1.0,0.0,0.3,0.28697202159177576
7545,airpods case anti-lost strap,multi_constraint,16,12,0.7006202078110878,0.625,0.5833333333333334,0.41666666666666663,1.0,0.8825507975736591,0.9375,1.0,0.0,0.75,0.8825507975736591,0.9375,1.0,0.0,0.3,-0.15655607277128736
7581,airpods pro soft tips,product_type,16,10,0.6673371797745199,0.6666666666666666,0.7,0.30000000000000004,1.0,0.8455308787031455,0.9166666666666666,1.0,0.0,0.75,0.8455308787031455,1.0,1.0,0.0,0.32,0.1127390084824833
8063,all boots,brand_entity_proxy,16,12,0.77990823370192,0.08333333333333333,0.08333333333333333,0.9166666666666666,0.2,0.8516811396432227,0.25,0.25,0.75,0.2,0.8516811396432227,0.75,0.75,0.25,0.2,0.2818009309883173
8519,amazon basics wireless charger,product_type,16,8,0.5308435417359856,0.5,0.375,0.625,0.7,0.7323622357809847,0.7857142857142857,0.75,0.25,0.55,0.7323622357809847,1.0,1.0,0.0,0.3,0.05597313933813011
8605,amazon rewards points,product_type,16,6,0.8363700718155498,0.6666666666666666,0.6666666666666666,0.33333333333333337,0.7,0.9120206751902531,0.8333333333333334,0.8333333333333334,0.16666666666666663,0.55,0.9120206751902531,0.8333333333333334,0.8333333333333334,0.16666666666666663,0.26,0.44808962688896314
8740,amelia bedelia hat,product_type,16,1,0.519148606204007,0.3333333333333333,1.0,0.0,0.4,0.5240143237929284,0.4166666666666667,1.0,0.0,0.25,0.5240143237929284,0.6666666666666666,1.0,0.0,0.16,0.6074052818922372
9096,angel halos,brand_entity_proxy,16,11,0.7185362303666606,0.5333333333333333,0.5454545454545454,0.4545454545454546,0.9,0.8962645655075292,0.9333333333333333,1.0,0.0,0.75,0.8962645655075292,1.0,1.0,0.0,0.32,0.09942645983355074
9695,apple fast charger,product_type,16,9,0.6355812596551695,0.5,0.5555555555555556,0.4444444444444444,0.8,0.7562066934530082,0.8125,0.8888888888888888,0.11111111111111116,0.65,0.7562066934530082,1.0,1.0,0.0,0.32,0.09565734053059191
9776,apple plastic container,attribute_constraint,16,9,0.47075135900377646,0.5,0.4444444444444444,0.5555555555555556,0.8,0.7145286081131732,0.6875,0.6666666666666666,0.33333333333333337,0.55,0.7145286081131732,0.9375,0.8888888888888888,0.11111111111111116,0.3,-0.23231068414572317
9967,aprilia helmet vaisor,product_type,16,3,0.2920782154400332,0.0,0.0,1.0,0.4,0.4229802056082304,0.0,0.0,1.0,0.3,0.4229802056082304,0.6666666666666666,0.6666666666666666,0.33333333333333337,0.2,-0.08684168428648434
10312,arm and bra fat workout,multi_constraint,39,20,0.585150768811166,0.21875,0.2,0.8,0.8,0.5577573983163925,0.375,0.3,0.7,0.7,0.8354110822535197,0.65625,0.6,0.4,0.46,0.06239206120933079
10370,armor of god book,product_type,16,10,0.6547216238913565,0.6,0.6,0.4,1.0,0.8813174347897664,1.0,1.0,0.0,0.8,0.8813174347897664,1.0,1.0,0.0,0.32,0.028005601680560196
11509,award winning childrens books ages 9-12,multi_constraint,14,5,0.3848873119749194,0.07142857142857142,0.0,1.0,0.1,0.5673170948958158,0.21428571428571427,0.0,1.0,0.15,0.5673170948958158,0.2857142857142857,0.2,0.8,0.08,-0.20339007194925068
11621,b'patriot supply',product_type,15,1,0.6471247982008933,0.06666666666666667,0.0,1.0,0.1,0.6515593677365488,0.06666666666666667,0.0,1.0,0.05,0.6515593677365488,0.06666666666666667,0.0,1.0,0.02,0.3711537444790451
11875,baby cribs with mattress included,multi_constraint,16,5,0.5973434849460619,0.6153846153846154,0.8,0.19999999999999996,0.9,0.6988010929818504,0.9230769230769231,1.0,0.0,0.7,0.6988010929818504,0.9230769230769231,1.0,0.0,0.3,0.32563663136427773
11925,baby fleece suit,product_type,40,28,1.0,0.16666666666666666,0.21428571428571427,0.7857142857142857,0.6,0.8966367009218507,0.3055555555555556,0.39285714285714285,0.6071428571428572,0.55,0.9748395786941457,0.5277777777777778,0.6428571428571429,0.3571428571428571,0.42,0.32992314377821436
12176,baby shower gifts,product_type,51,27,0.5801689677287333,0.11627906976744186,0.14814814814814814,0.8518518518518519,0.5,0.6590179605682456,0.13953488372093023,0.18518518518518517,0.8148148148148149,0.35,0.8381375604096544,0.3023255813953488,0.3333333333333333,0.6666666666666667,0.28,0.23670874572184303
12432,backless tanks,brand_entity_proxy,16,12,0.7411712079974003,0.0,0.0,1.0,0.0,0.9175692567341002,0.13333333333333333,0.16666666666666666,0.8333333333333334,0.1,0.9175692567341002,0.4,0.3333333333333333,0.6666666666666667,0.12,-0.007767356373806174
12557,badges without borders,product_type,40,8,0.6183268551147932,0.3333333333333333,0.375,0.625,0.7,0.6189218517325168,0.4444444444444444,0.5,0.5,0.65,0.8190981325229566,0.5555555555555556,0.5,0.5,0.38,0.1163189190209873
12664,baking soda bulk,product_type,18,5,0.3930144621809342,0.5555555555555556,0.4,0.6,1.0,0.6377011141946065,1.0,1.0,0.0,0.9,0.6377011141946065,1.0,1.0,0.0,0.36,-0.17930563858025497
12809,balloons co,brand_entity_proxy,16,4,0.6170647376214621,0.2,0.0,1.0,0.2,0.6170647376214621,0.4,0.25,0.75,0.2,0.6170647376214621,1.0,1.0,0.0,0.22,0.7004968517497664
13089,bar stools,brand_entity_proxy,38,32,0.8594011333941494,0.2631578947368421,0.25,0.75,1.0,0.8732693571534554,0.5,0.5,0.5,0.95,0.9636041932945445,0.9736842105263158,1.0,0.0,0.74,0.03290613290579102
13169,barbie holder,brand_entity_proxy,16,11,0.7963900946146455,0.5,0.5454545454545454,0.4545454545454546,0.8,0.9589805259232212,0.6875,0.7272727272727273,0.2727272727272727,0.55,0.9589805259232212,0.8125,0.8181818181818182,0.18181818181818177,0.26,0.1797793663241549
13471,bass amp headphones,product_type,40,21,0.7389759084627113,0.2962962962962963,0.3333333333333333,0.6666666666666667,1.0,0.6933102322103859,0.5555555555555556,0.6190476190476191,0.38095238095238093,1.0,0.8873056225935955,0.9259259259259259,0.9047619047619048,0.09523809523809523,0.74,0.1556684034724028
13639,bath salts unicorn,product_type,16,15,0.77990823370192,0.6,0.6,0.4,1.0,0.8711304194636228,0.9333333333333333,0.9333333333333333,0.06666666666666665,0.75,0.8711304194636228,1.0,1.0,0.0,0.32,-0.42008402520840293
13785,bathroom storage shelf,product_type,16,8,0.8892710715073034,0.38461538461538464,0.625,0.375,0.5,0.9648699578227958,0.5384615384615384,0.625,0.375,0.4,0.9648699578227958,0.8461538461538461,1.0,0.0,0.24,0.5658926448954749
13954,battery powered inverter generator,product_type,16,13,0.8560100498014795,0.6,0.6153846153846154,0.3846153846153846,1.0,0.9697644126521513,0.9333333333333333,0.9230769230769231,0.07692307692307687,0.75,0.9697644126521513,1.0,1.0,0.0,0.32,0.09723055853282467
14346,beat belle,brand_entity_proxy,16,10,0.7389255649939181,0.08333333333333333,0.1,0.9,0.1,0.9170445988349184,0.3333333333333333,0.4,0.6,0.25,0.9170445988349184,0.3333333333333333,0.4,0.6,0.1,0.25622501927837116
14880,ben 10 ver,attribute_constraint,16,4,0.7315682114753617,0.75,0.75,0.25,0.5,0.7315682114753617,0.75,0.75,0.25,0.25,0.7315682114753617,1.0,1.0,0.0,0.14,0.5636018619766346
14882,ben affleck batman funko pop,multi_constraint,39,11,0.41517998800889777,0.30303030303030304,0.45454545454545453,0.5454545454545454,1.0,0.5481192227668501,0.6060606060606061,0.7272727272727273,0.2727272727272727,1.0,0.678871554304483,0.8787878787878788,0.9090909090909091,0.09090909090909094,0.64,0.4611221651347317
15154,best sellers,brand_entity_proxy,32,28,0.9061595192741448,0.03225806451612903,0.03571428571428571,0.9642857142857143,0.1,0.9394384177757484,0.03225806451612903,0.03571428571428571,0.9642857142857143,0.05,0.9728207363896184,0.03225806451612903,0.03571428571428571,0.9642857142857143,0.02,0.25095191928121297
15164,best sleep aid for insomnia,multi_constraint,16,7,0.6341457845148766,0.5625,0.8571428571428571,0.1428571428571429,0.9,0.7066990286797606,0.875,1.0,0.0,0.7,0.7066990286797606,0.875,1.0,0.0,0.28,0.31430269031480196
15311,beyblade',brand_entity_proxy,16,10,0.6960554169609594,0.7692307692307693,0.7,0.30000000000000004,1.0,0.8731724948779841,0.8461538461538461,0.8,0.19999999999999996,0.55,0.8731724948779841,0.9230769230769231,0.9,0.09999999999999998,0.24,0.35424595421603816
15647,big joe bean bag covers only without filling,long_descriptive,40,21,0.39667131574207054,0.21875,0.23809523809523808,0.7619047619047619,1.0,0.43662516912942373,0.46875,0.47619047619047616,0.5238095238095238,1.0,0.7274962113537543,0.96875,0.9523809523809523,0.04761904761904767,0.78,-0.18417500651127894
15716,big&j deer attractant,product_type,40,14,0.7531309230915304,0.2564102564102564,0.5,0.5,1.0,0.782501823350516,0.5128205128205128,0.7857142857142857,0.2142857142857143,1.0,0.8931368938650576,0.8974358974358975,0.9285714285714286,0.0714285714285714,0.7,0.4199473479091534
15777,bike rear wheel parts,product_type,16,12,0.8630152897016883,0.46153846153846156,0.5,0.5,0.7,0.9717629572279933,0.7692307692307693,0.75,0.25,0.6,0.9717629572279933,0.9230769230769231,0.9166666666666666,0.08333333333333337,0.3,0.2446717257748945
15807,biker jeans for boys size 8,multi_constraint,16,15,0.9216017310213247,0.6,0.6,0.4,1.0,0.9809674080045071,0.8,0.8,0.19999999999999996,0.65,0.9809674080045071,0.9333333333333333,0.9333333333333333,0.06666666666666665,0.3,-0.14002800840280097
16613,black laced up shorts,attribute_constraint,16,9,0.8034367372939261,0.38461538461538464,0.4444444444444444,0.5555555555555556,0.5,0.9265281612189374,0.46153846153846156,0.5555555555555556,0.4444444444444444,0.3,0.9265281612189374,0.6153846153846154,0.6666666666666666,0.33333333333333337,0.16,0.49891068583593606
16684,black nike pants,attribute_constraint,16,13,0.7972140949565951,0.4375,0.38461538461538464,0.6153846153846154,0.7,0.9152657775873454,0.6875,0.6153846153846154,0.3846153846153846,0.55,0.9152657775873454,0.875,0.8461538461538461,0.15384615384615385,0.28,-0.26052505285945304
17384,blue friends coffee mug big,multi_constraint,16,11,0.5064133678318701,0.5,0.45454545454545453,0.5454545454545454,0.8,0.7488938552239065,0.75,0.7272727272727273,0.2727272727272727,0.6,0.7488938552239065,0.9375,1.0,0.0,0.3,-0.2193817272381392
17607,bluetooth mouse for laptop without usb receiver,multi_constraint,27,17,0.38841364083036506,0.38461538461538464,0.29411764705882354,0.7058823529411764,1.0,0.5252149690071488,0.7692307692307693,0.6470588235294118,0.3529411764705882,1.0,0.7274914242382218,1.0,1.0,0.0,0.54,-0.1610849562431275
17689,blush ruffle sleeve dress,product_type,16,3,0.5087690606497626,0.4375,0.6666666666666666,0.33333333333333337,0.7,0.6395246963230127,0.625,0.6666666666666666,0.33333333333333337,0.5,0.6395246963230127,0.75,1.0,0.0,0.24,0.29526172657404676
17742,bmx stuff for kids,product_type,16,12,0.8285452329852562,0.21428571428571427,0.25,0.75,0.3,0.945420366934095,0.2857142857142857,0.25,0.75,0.2,0.945420366934095,0.42857142857142855,0.3333333333333333,0.6666666666666667,0.12,0.2285517323446556
18356,book prepared not scared,product_type,16,7,0.791363466583497,0.6666666666666666,0.7142857142857143,0.2857142857142857,0.7,0.7920786347238948,0.8888888888888888,1.0,0.0,0.45,0.7920786347238948,0.8888888888888888,1.0,0.0,0.18,0.592132903418386
18553,boppy nursing pillow without cover,multi_constraint,39,21,0.3908385751900121,0.22580645161290322,0.19047619047619047,0.8095238095238095,1.0,0.39505366553394533,0.41935483870967744,0.38095238095238093,0.6190476190476191,1.0,0.7465621127122379,1.0,1.0,0.0,0.78,-0.21525347610697787
18679,bose sunglasses,brand_entity_proxy,28,8,0.9211211415486211,0.391304347826087,0.875,0.125,0.9,0.9198724510612635,0.7391304347826086,0.875,0.125,0.9,0.97496414893271,0.9130434782608695,1.0,0.0,0.52,0.6298844100846704
18682,bose wireless headphones,product_type,16,8,0.8864830184548508,0.5625,0.75,0.25,0.9,0.9564019767564677,0.8125,1.0,0.0,0.65,0.9564019767564677,1.0,1.0,0.0,0.32,0.5965587590013045
18932,bounce pro 14 ft trampoline enclosure,multi_constraint,16,10,0.5847959801106839,0.6666666666666666,0.6,0.4,1.0,0.8132711748547543,1.0,1.0,0.0,0.8,0.8132711748547543,1.0,1.0,0.0,0.32,0.13481150152530055
19053,boxer briefs spandex,product_type,16,14,0.934408318780155,0.625,0.6428571428571429,0.3571428571428571,1.0,0.9849599811489134,0.9375,0.9285714285714286,0.0714285714285714,0.75,0.9849599811489134,1.0,1.0,0.0,0.32,0.12298800925361818
19134,boyfriend shirts for men,product_type,15,2,0.6237353213132497,0.13333333333333333,0.5,0.5,0.2,0.7917404540151419,0.2,0.5,0.5,0.15,0.7917404540151419,0.4666666666666667,0.5,0.5,0.14,0.18156825980064073
19268,boys shoes size 1,attribute_constraint,32,21,0.546064365181052,0.13043478260869565,0.09523809523809523,0.9047619047619048,0.4,0.7070447629854146,0.21739130434782608,0.19047619047619047,0.8095238095238095,0.35,0.8604747455011029,0.43478260869565216,0.42857142857142855,0.5714285714285714,0.28,0.13251780728936027
19369,bracelet for men tommy hilfiger,multi_constraint,16,11,0.7294741704294521,0.5833333333333334,0.5454545454545454,0.4545454545454546,0.7,0.8984605215806756,0.6666666666666666,0.6363636363636364,0.36363636363636365,0.45,0.8984605215806756,0.9166666666666666,0.9090909090909091,0.09090909090909094,0.3,0.10484972127901714
19372,bracelet making kit age 8,multi_constraint,16,15,0.862526180565181,0.5,0.4666666666666667,0.5333333333333333,0.8,0.9347834547894404,0.875,0.8666666666666667,0.1333333333333333,0.7,0.9347834547894404,0.9375,0.9333333333333333,0.06666666666666665,0.3,-0.36407282184728257
19380,braces,brand_entity_proxy,16,2,0.6131471927654584,0.5,0.5,0.5,0.5,0.7741900178546666,0.5,0.5,0.5,0.45,0.7741900178546666,1.0,1.0,0.0,0.26,0.12298800925361818
19619,breaking the habit of being yourself,multi_constraint,16,2,0.9197207891481876,1.0,1.0,0.0,0.3,0.9197207891481876,1.0,1.0,0.0,0.25,0.9197207891481876,1.0,1.0,0.0,0.16,0.5329480400990121
19694,brene brown the gifts of imperfection,multi_constraint,17,7,0.8964130125062558,0.6666666666666666,1.0,0.0,1.0,0.8967393135003642,0.8,1.0,0.0,0.6,0.8967393135003642,0.9333333333333333,1.0,0.0,0.3,0.7235321215599702
19953,brooks ghost 12 women,attribute_constraint,16,3,0.8436597467494126,0.38461538461538464,0.6666666666666666,0.33333333333333337,0.7,0.8477164256374495,0.5384615384615384,1.0,0.0,0.5,0.8477164256374495,0.6153846153846154,1.0,0.0,0.22,0.17712297710801908
20037,brown belt without buckle,attribute_constraint,41,32,0.3924839401037983,0.25,0.15625,0.84375,1.0,0.5748258548070901,0.5,0.4375,0.5625,1.0,0.8014749906669234,1.0,1.0,0.0,0.82,-0.27695040086067835
20185,bt21 folder,attribute_constraint,16,4,0.6661665384052078,0.7142857142857143,0.75,0.25,1.0,0.7723050635350346,1.0,1.0,0.0,0.6,0.7723050635350346,1.0,1.0,0.0,0.26,0.4365468501064442
20307,budesonide,brand_entity_proxy,16,5,0.9284591831945489,0.8,0.8,0.19999999999999996,0.6,0.9284591831945489,0.8,0.8,0.19999999999999996,0.3,0.9284591831945489,0.8,0.8,0.19999999999999996,0.14,0.5996433877842472
20315,budhas statues,brand_entity_proxy,16,10,0.7408100065151952,0.625,0.7,0.30000000000000004,1.0,0.9179825142814471,0.875,1.0,0.0,0.7,0.9179825142814471,1.0,1.0,0.0,0.32,0.28005601680560194
20385,bug outdoor repellent,product_type,16,2,0.32555261828105275,0.6666666666666666,0.5,0.5,1.0,0.49072382564715916,1.0,1.0,0.0,0.8,0.49072382564715916,1.0,1.0,0.0,0.32,0.26144216849937296
20500,bulk pens,brand_entity_proxy,16,5,0.4736831819520781,0.5714285714285714,0.4,0.6,0.8,0.7184448500285231,0.9285714285714286,1.0,0.0,0.65,0.7184448500285231,0.9285714285714286,1.0,0.0,0.26,0.2890608062893002
20523,bulldogs and barbell,product_type,16,3,0.46927872602275644,0.3333333333333333,0.3333333333333333,0.6666666666666667,0.2,0.7126502210135313,0.3333333333333333,0.3333333333333333,0.6666666666666667,0.3,0.7126502210135313,0.3333333333333333,0.3333333333333333,0.6666666666666667,0.16,-0.08684168428648434
20788,business notepad,brand_entity_proxy,15,5,0.7156592199708963,0.38461538461538464,0.4,0.6,0.5,0.8131146900028128,0.7692307692307693,0.8,0.19999999999999996,0.5,0.8131146900028128,0.9230769230769231,1.0,0.0,0.26,0.38455850147011816
21481,calcium for chameleons without d3,multi_constraint,40,17,0.59397325767516,0.3333333333333333,0.35294117647058826,0.6470588235294117,1.0,0.6663439654168845,0.6666666666666666,0.7058823529411765,0.2941176470588235,1.0,0.8266839794414027,0.9047619047619048,0.8823529411764706,0.11764705882352944,0.7,0.35286381613396794
21645,calligraphy pens for beginners,product_type,16,13,0.7618417995453056,0.625,0.5384615384615384,0.46153846153846156,1.0,0.9251373010975716,0.9375,0.9230769230769231,0.07692307692307687,0.75,0.9251373010975716,1.0,1.0,0.0,0.32,-0.32999840028864047
22173,camping house for 4 people,multi_constraint,16,9,0.5572859396868206,0.6,0.6666666666666666,0.33333333333333337,1.0,0.7385590143475294,0.9333333333333333,0.8888888888888888,0.11111111111111116,0.75,0.7385590143475294,1.0,1.0,0.0,0.32,-0.1054402535032211
22211,can coke pack 12,attribute_constraint,11,3,0.3519258224157946,0.9090909090909091,0.6666666666666666,0.33333333333333337,1.0,0.4807400846588596,1.0,1.0,0.0,0.55,0.4807400846588596,1.0,1.0,0.0,0.22,-0.3227486121839514
22441,canon eos rebel t3 remote,multi_constraint,16,7,0.8537096684519153,0.625,1.0,0.0,1.0,0.8602942730837307,1.0,1.0,0.0,0.8,0.8602942730837307,1.0,1.0,0.0,0.32,0.43566491890973674
22639,captain hook coat women,product_type,16,9,0.8189539866379648,0.45454545454545453,0.5555555555555556,0.4444444444444444,0.7,0.9427784646673205,0.45454545454545453,0.5555555555555556,0.4444444444444444,0.35,0.9427784646673205,0.5454545454545454,0.6666666666666666,0.33333333333333337,0.18,0.23290042106737902
23148,cargill uncertain,brand_entity_proxy,12,4,0.8790163858486522,0.6,0.75,0.25,0.6,0.8790163858486522,0.6,0.75,0.25,0.3,0.8790163858486522,0.8,1.0,0.0,0.16,0.6870429186215168
23260,carol berkin,brand_entity_proxy,16,15,0.8910545756824505,0.0,0.0,1.0,0.0,0.956888672828683,0.0,0.0,1.0,0.0,0.956888672828683,0.0,0.0,1.0,0.0,-0.30806161848616215
23744,cat and jack shoe,product_type,16,1,0.04388065628739695,0.0625,0.0,1.0,0.1,0.29357029064664153,0.1875,0.0,1.0,0.15,0.29357029064664153,0.25,0.0,1.0,0.08,-0.36407282184728257
24082,cbd tea,brand_entity_proxy,15,5,0.6156475529120836,0.5555555555555556,0.6,0.4,0.6,0.7098366839349561,0.8888888888888888,0.8,0.19999999999999996,0.5,0.7098366839349561,1.0,1.0,0.0,0.3,0.5698028822981898
24402,ceramic plates,brand_entity_proxy,16,6,0.2527709758675433,0.5625,0.3333333333333333,0.6666666666666667,0.9,0.5621109399889743,0.6875,0.5,0.5,0.55,0.5621109399889743,0.875,0.6666666666666666,0.33333333333333337,0.28,-0.4760952285695233
24504,cetaphil night,brand_entity_proxy,16,4,0.8734804792661254,0.625,1.0,0.0,1.0,0.8742416469033001,1.0,1.0,0.0,0.8,0.8742416469033001,1.0,1.0,0.0,0.32,0.5322906474223771
24668,chamarra polo hombre,product_type,35,8,0.7953043526575202,0.06060606060606061,0.25,0.75,0.2,0.7965870404526003,0.15151515151515152,0.5,0.5,0.25,0.8950841255794852,0.21212121212121213,0.75,0.25,0.16,0.309046925208115
24697,champion hoodie boys,product_type,16,2,0.8495269815005081,0.5,1.0,0.0,0.5,0.8495269815005081,0.75,1.0,0.0,0.4,0.8495269815005081,1.0,1.0,0.0,0.22,0.4377346738126455
24831,changing table,product_type,39,19,0.7754860251058023,0.2564102564102564,0.3684210526315789,0.631578947368421,1.0,0.7509748800779823,0.5128205128205128,0.6842105263157895,0.3157894736842105,1.0,0.9188951483173284,0.8717948717948718,0.9473684210526315,0.052631578947368474,0.68,0.344681489685253
25132,cheap white dress shoes,attribute_constraint,16,12,0.8486026589039901,0.16666666666666666,0.16666666666666666,0.8333333333333334,0.2,0.9610782856284747,0.25,0.25,0.75,0.15,0.9610782856284747,0.5,0.5,0.5,0.14,0.21917850187980234
25426,chicago cubs shorts mens,product_type,16,5,0.941098781285025,0.6363636363636364,1.0,0.0,0.9,0.9438127065873588,0.8181818181818182,1.0,0.0,0.6,0.9438127065873588,1.0,1.0,0.0,0.3,0.6173949065130317
25497,chiefs football costumes for boys,multi_constraint,16,1,0.49233973542264414,0.5333333333333333,1.0,0.0,0.8,0.5676047977946139,0.8666666666666667,1.0,0.0,0.65,0.5676047977946139,0.9333333333333333,1.0,0.0,0.28,-0.11819169831503576
25516,child fitted pajamas beige,product_type,15,5,0.8659852060789984,0.75,1.0,0.0,0.9,0.8661849374630359,0.75,1.0,0.0,0.45,0.8661849374630359,0.9166666666666666,1.0,0.0,0.24,0.6557892373388905
25591,childrens memoirs disability,product_type,16,3,0.8218185268357401,0.4375,1.0,0.0,0.7,0.823101063470038,0.5625,1.0,0.0,0.45,0.823101063470038,0.75,1.0,0.0,0.24,0.46894509514701554
26321,cinnamon sticks for potpourri,product_type,16,9,0.9772606664728632,0.6666666666666666,1.0,0.0,1.0,0.977304356620886,0.8666666666666667,1.0,0.0,0.7,0.977304356620886,0.9333333333333333,1.0,0.0,0.3,0.7297135004349904
26642,claypool lennon delirium vinyl,product_type,16,10,0.7906642236767398,0.5,0.6,0.4,0.8,0.9662128580928092,0.5,0.6,0.4,0.4,0.9662128580928092,0.5625,0.7,0.30000000000000004,0.18,0.4760952285695233
26872,clinical terms psychotherapy notes,product_type,16,5,0.9615236894301382,0.5625,1.0,0.0,0.9,0.961725421644045,0.9375,1.0,0.0,0.75,0.961725421644045,0.9375,1.0,0.0,0.3,0.6873960786795028
27927,colorful wands,brand_entity_proxy,16,8,0.9851514063429595,0.75,0.75,0.25,0.8,0.9851514063429595,0.875,0.875,0.125,0.45,0.9851514063429595,0.875,0.875,0.125,0.18,0.7592566023652968
28198,compact projector,brand_entity_proxy,16,15,0.934408318780155,0.625,0.6,0.4,1.0,0.9904813071164753,1.0,1.0,0.0,0.8,0.9904813071164753,1.0,1.0,0.0,0.32,0.028005601680560196
28637,controle de play,product_type,15,4,0.3764290720714305,0.0,0.0,1.0,0.0,0.5908184173747731,0.0,0.0,1.0,0.0,0.5908184173747731,0.0,0.0,1.0,0.02,0.0
29049,cordless wall hanging fountains,product_type,16,4,1.0,0.5,0.5,0.5,0.2,1.0,1.0,1.0,0.0,0.2,1.0,1.0,1.0,0.0,0.08,0.7514691493021795
29123,corn hole cover for boards,multi_constraint,16,11,0.7818641591500688,0.5714285714285714,0.6363636363636364,0.36363636363636365,1.0,0.9527303299141751,0.9285714285714286,1.0,0.0,0.75,0.9527303299141751,1.0,1.0,0.0,0.32,0.1941617156300873
29488,cotton paper deckled edges,product_type,16,7,0.657693459367635,0.4375,0.42857142857142855,0.5714285714285714,0.7,0.8037341581503432,0.625,0.7142857142857143,0.2857142857142857,0.5,0.8037341581503432,0.9375,1.0,0.0,0.3,0.12298800925361816
29596,couple earmuffs,brand_entity_proxy,16,12,0.9305687780632229,0.4166666666666667,0.4166666666666667,0.5833333333333333,0.5,0.9851160169048131,0.5833333333333334,0.5833333333333334,0.41666666666666663,0.4,0.9851160169048131,0.75,0.75,0.25,0.2,0.5009794328681196
29729,cowitness riser,brand_entity_proxy,16,9,0.8491303455351932,0.4375,0.6666666666666666,0.33333333333333337,0.7,0.9642860168081139,0.625,0.7777777777777778,0.2222222222222222,0.5,0.9642860168081139,0.75,0.7777777777777778,0.2222222222222222,0.24,0.4236253652069069
29868,crank brothers pedals,product_type,16,10,0.7125523635307983,0.5,0.5,0.5,0.8,0.9391481744292084,0.7,0.7,0.30000000000000004,0.65,0.9391481744292084,0.9,0.9,0.09999999999999998,0.3,0.11202240672224079
29928,crazy rings for women,product_type,15,5,0.7836464804233537,0.3333333333333333,0.4,0.6,0.4,0.8732773545964108,0.4166666666666667,0.6,0.4,0.25,0.8732773545964108,0.5833333333333334,0.6,0.4,0.16,0.30474911617513145
29941,cream colored flower girl dress size 24 month,long_descriptive,14,2,0.409077630387085,0.5,0.5,0.5,0.6,0.4259829595471907,0.7,1.0,0.0,0.4,0.4259829595471907,0.8,1.0,0.0,0.22,0.026180089326617178
29945,cream flat shoelaces,product_type,16,5,0.5647851742144834,0.625,0.6,0.4,1.0,0.7447669581338334,0.875,1.0,0.0,0.7,0.7447669581338334,0.9375,1.0,0.0,0.3,0.014625448482542613
29952,cream v neck t shirt women,multi_constraint,16,4,0.6274166163708256,0.25,0.25,0.75,0.4,0.7297806080486774,0.3125,0.25,0.75,0.25,0.7297806080486774,0.625,0.75,0.25,0.2,0.03131121455425748
30020,creme hoodie men,product_type,16,1,0.9939066248291566,0.07692307692307693,1.0,0.0,0.2,0.9963496877960089,0.07692307692307693,1.0,0.0,0.1,0.9963496877960089,0.23076923076923078,1.0,0.0,0.08,0.378658623223051
30318,cross necklace for women 14k gold,multi_constraint,16,12,0.7898958976868146,0.625,0.6666666666666666,0.33333333333333337,1.0,0.9061207782637705,0.875,0.8333333333333334,0.16666666666666663,0.7,0.9061207782637705,1.0,1.0,0.0,0.32,0.0
31573,dark green flannel for women,multi_constraint,16,2,0.5760228564616069,0.3125,0.5,0.5,0.5,0.5799761072930528,0.5,0.5,0.5,0.4,0.5799761072930528,0.8125,1.0,0.0,0.26,0.20498001542269695
31659,dash phone mount bag,product_type,16,7,1.0,0.625,1.0,0.0,1.0,1.0,1.0,1.0,0.0,0.8,1.0,1.0,1.0,0.0,0.32,0.8609160647753271
31724,david yurman medium braclet 11 mm,multi_constraint,16,6,0.7147647699379323,0.21428571428571427,0.3333333333333333,0.6666666666666667,0.4,0.7164152072353493,0.21428571428571427,0.3333333333333333,0.6666666666666667,0.2,0.7164152072353493,0.35714285714285715,0.5,0.5,0.12,0.3111377873050389
31889,deadliest catch season 5,attribute_constraint,16,2,0.5317847194141466,0.6666666666666666,0.5,0.5,1.0,0.6639053670993865,0.8666666666666667,0.5,0.5,0.65,0.6639053670993865,0.8666666666666667,0.5,0.5,0.28,0.2205231156686979
32142,deer plush pillow,product_type,16,10,0.8643851368046714,0.625,0.8,0.19999999999999996,1.0,0.9805633265227661,0.8125,1.0,0.0,0.65,0.9805633265227661,0.875,1.0,0.0,0.28,0.6161232369723243
32164,defribilator portable,brand_entity_proxy,40,13,0.28728434391310714,0.1111111111111111,0.07692307692307693,0.9230769230769231,0.3,0.3845893450775738,0.1111111111111111,0.07692307692307693,0.9230769230769231,0.15,0.6478755914301653,0.16666666666666666,0.07692307692307693,0.9230769230769231,0.1,0.13882300609830686
32311,demi moore,brand_entity_proxy,14,11,0.8364586133797037,0.09090909090909091,0.09090909090909091,0.9090909090909091,0.1,0.9516522311444985,0.18181818181818182,0.18181818181818182,0.8181818181818181,0.1,0.9516522311444985,0.36363636363636365,0.36363636363636365,0.6363636363636364,0.08,-0.021591675854376526
32350,denin dress for women,product_type,16,9,0.7643558216417364,0.0,0.0,1.0,0.0,0.9436344335771443,0.0,0.0,1.0,0.0,0.9436344335771443,0.0,0.0,1.0,0.0,0.2928895930645031
32351,denis daily backpack,product_type,16,4,0.955815285249323,0.08333333333333333,0.25,0.75,0.1,0.9559090857235135,0.3333333333333333,0.75,0.25,0.2,0.9559090857235135,0.6666666666666666,1.0,0.0,0.16,0.8436614877321076
32430,depends night defense large for women,multi_constraint,40,19,0.5434870066790534,0.24324324324324326,0.3157894736842105,0.6842105263157895,1.0,0.5476740011547186,0.3783783783783784,0.42105263157894735,0.5789473684210527,0.75,0.7898232121596525,0.4864864864864865,0.5789473684210527,0.42105263157894735,0.4,0.18972868471017199
32612,desk gadgets for office,product_type,16,2,0.5857285890950182,0.3125,0.5,0.5,0.5,0.6168709334247653,0.375,0.5,0.5,0.3,0.6168709334247653,0.5625,1.0,0.0,0.18,0.20498001542269695
32812,dewalt 20v xr oscillating,attribute_constraint,16,4,0.9322801189069635,0.625,1.0,0.0,1.0,0.9422209507239871,0.875,1.0,0.0,0.7,0.9422209507239871,1.0,1.0,0.0,0.32,0.591135497555838
32917,diabetic shoes for men,product_type,16,7,0.39825834891604966,0.1875,0.0,1.0,0.3,0.6147879075481957,0.1875,0.0,1.0,0.15,0.6147879075481957,0.1875,0.0,1.0,0.06,-0.15031867797664442
33004,diamond watch,product_type,16,10,0.8714237384631928,0.1875,0.3,0.7,0.3,0.9911158253138835,0.6875,0.9,0.09999999999999998,0.55,0.9911158253138835,1.0,1.0,0.0,0.32,0.7281456436945651
33735,disinfecting wipes,brand_entity_proxy,32,20,0.6733411487949206,0.3225806451612903,0.35,0.65,1.0,0.6514331223511133,0.5806451612903226,0.65,0.35,0.9,0.8577971100964442,0.9032258064516129,0.95,0.050000000000000044,0.56,0.27553541161306705
34128,do not grow up party decorations,multi_constraint,40,26,1.0,0.2222222222222222,0.3076923076923077,0.6923076923076923,0.8,0.8238373953773218,0.4722222222222222,0.5,0.5,0.85,0.9662589100627705,0.75,0.7692307692307693,0.23076923076923073,0.54,0.4391138343622034
34229,dodge cummins exhaust system,product_type,16,6,0.8848582685321188,0.5333333333333333,0.8333333333333334,0.16666666666666663,0.8,0.9652356412090416,0.8666666666666667,1.0,0.0,0.65,0.9652356412090416,1.0,1.0,0.0,0.32,0.7430663774083118
34443,dog hip joint c.f.,multi_constraint,16,7,0.5879717540271855,0.6666666666666666,0.7142857142857143,0.2857142857142857,1.0,0.7301663675688252,0.8,0.8571428571428571,0.1428571428571429,0.6,0.7301663675688252,0.8666666666666667,0.8571428571428571,0.1428571428571429,0.26,0.29704426289300234
34775,donkey and diddy kong,product_type,16,3,0.5406151964038277,0.625,0.6666666666666666,0.33333333333333337,1.0,0.6555015887977089,0.8125,0.6666666666666666,0.33333333333333337,0.65,0.6555015887977089,0.9375,0.6666666666666666,0.33333333333333337,0.3,0.15631503171567185
34817,door cat toy,product_type,16,10,0.8280699953654882,0.625,0.8,0.19999999999999996,1.0,0.9443726376259045,1.0,1.0,0.0,0.8,0.9443726376259045,1.0,1.0,0.0,0.32,0.5041008302500836
35117,dr adorable jojoba oil organic,multi_constraint,16,8,0.8887043065931854,0.5625,0.875,0.125,0.9,0.9586145337337383,0.8125,1.0,0.0,0.65,0.9586145337337383,0.8125,1.0,0.0,0.26,0.6507913734559686
35242,dragon ball z dvd season 1,multi_constraint,16,2,0.21335650061462758,0.2,0.0,1.0,0.3,0.36893116273865284,0.26666666666666666,0.0,1.0,0.2,0.36893116273865284,0.3333333333333333,0.0,1.0,0.12,-0.2700848848134018
35755,drywall sander dustless,product_type,16,15,0.9157083135347952,0.5625,0.5333333333333333,0.4666666666666667,0.9,0.9759916138973349,1.0,1.0,0.0,0.8,0.9759916138973349,1.0,1.0,0.0,0.32,-0.1960392117639214
36669,ed fowler,brand_entity_proxy,16,2,0.7977228895450266,0.5,0.5,0.5,0.4,0.7977228895450266,0.5,0.5,0.5,0.2,0.7977228895450266,0.5,0.5,0.5,0.1,0.28697202159177576
36678,ed219rbk,attribute_constraint,29,2,0.3856704434857621,0.0,0.0,1.0,0.0,0.5286703448550839,0.0,0.0,1.0,0.0,0.5286703448550839,0.0,0.0,1.0,0.02,0.13841619459989438
36753,educational baking game,product_type,16,12,0.8006937664098821,0.3333333333333333,0.3333333333333333,0.6666666666666667,0.4,0.9731083606982557,0.5833333333333334,0.5833333333333334,0.41666666666666663,0.35,0.9731083606982557,0.6666666666666666,0.6666666666666666,0.33333333333333337,0.22,0.2818009309883173
36912,el juego de las llaves,multi_constraint,16,1,0.3055695710055502,0.3333333333333333,0.0,1.0,0.6,0.31896749062048063,0.5,1.0,0.0,0.5,0.31896749062048063,0.6666666666666666,1.0,0.0,0.24,-0.3037026409461186
36960,elago black xs max case,multi_constraint,16,2,0.8764317641491268,1.0,1.0,0.0,0.9,0.8764317641491268,1.0,1.0,0.0,0.6,0.8764317641491268,1.0,1.0,0.0,0.32,0.4997148046179758
37451,embellished wedge sandals for women,multi_constraint,16,1,0.04388065628739695,0.375,0.0,1.0,0.6,0.2991821916262656,0.5,0.0,1.0,0.4,0.2991821916262656,0.625,0.0,1.0,0.2,-0.30806161848616215
37466,embroidery hoop without screw,product_type,40,24,0.5367161485716387,0.24324324324324326,0.20833333333333334,0.7916666666666666,1.0,0.5643576697435113,0.5135135135135135,0.4583333333333333,0.5416666666666667,1.0,0.8309635543629214,0.972972972972973,0.9583333333333334,0.04166666666666663,0.78,-0.1067160865386658
37498,emergency go bag,product_type,16,2,0.8788346261700335,0.6363636363636364,1.0,0.0,0.7,0.8805771588032718,0.8181818181818182,1.0,0.0,0.45,0.8805771588032718,0.8181818181818182,1.0,0.0,0.2,0.7614687525678137
37670,energen-c electrolutes,product_type,16,13,0.610654384350157,0.3125,0.23076923076923078,0.7692307692307692,0.5,0.8087017881367663,0.4375,0.3076923076923077,0.6923076923076923,0.35,0.8087017881367663,0.4375,0.3076923076923077,0.6923076923076923,0.14,-0.5036817688616092
37789,entertainment stand for tv up to 90,multi_constraint,16,1,0.43067655807339306,1.0,1.0,0.0,0.7,0.43067655807339306,1.0,1.0,0.0,0.55,0.43067655807339306,1.0,1.0,0.0,0.32,0.2520504151250418
38679,exploding kitten party pack,product_type,16,2,0.5670226419854811,0.5625,1.0,0.0,0.9,0.5843420869520238,0.625,1.0,0.0,0.5,0.5843420869520238,0.625,1.0,0.0,0.2,0.20094315430117096
39022,ez up tent light,product_type,16,3,0.6308237113234916,0.0,0.0,1.0,0.1,0.6417052738901464,0.16666666666666666,0.3333333333333333,0.6666666666666667,0.2,0.6417052738901464,0.6666666666666666,1.0,0.0,0.14,0.27249688785849085
39107,fabric shelves,brand_entity_proxy,16,12,0.8603818544462509,0.42857142857142855,0.5,0.5,0.7,0.9772465650467134,0.7857142857142857,0.9166666666666666,0.08333333333333337,0.65,0.9772465650467134,1.0,1.0,0.0,0.32,0.34476447760465
39157,face make for 10,attribute_constraint,16,2,0.03311465983402819,0.18181818181818182,0.0,1.0,0.4,0.3377983596139044,0.36363636363636365,0.0,1.0,0.35,0.3377983596139044,0.5454545454545454,0.0,1.0,0.18,-0.3950104404719467
39263,facial dark spot cream,product_type,16,2,0.32555261828105275,0.1875,0.5,0.5,0.3,0.49149929659503067,0.625,0.5,0.5,0.5,0.49149929659503067,1.0,1.0,0.0,0.32,0.08199200616907878
40165,fiestaware clearance,brand_entity_proxy,16,1,0.3317012581794504,0.7142857142857143,1.0,0.0,1.0,0.33852271523563887,1.0,1.0,0.0,0.7,0.33852271523563887,1.0,1.0,0.0,0.28,0.4386178529369646
40292,film for lights,product_type,16,7,0.6638770243845314,0.3125,0.2857142857142857,0.7142857142857143,0.5,0.7448021237016345,0.5,0.7142857142857143,0.2857142857142857,0.4,0.7448021237016345,0.6875,0.8571428571428571,0.1428571428571429,0.22,0.1594370348044233
40356,financial software for windows 10,multi_constraint,16,1,0.3625871041915979,0.5625,1.0,0.0,0.9,0.3720624805747924,0.875,1.0,0.0,0.7,0.3720624805747924,0.9375,1.0,0.0,0.3,0.08401680504168059
40483,fire screen for fire pit,multi_constraint,40,29,0.8701249883466594,0.25,0.27586206896551724,0.7241379310344828,1.0,0.7743595779572192,0.46875,0.4827586206896552,0.5172413793103448,1.0,0.94844804145855,1.0,1.0,0.0,0.8,0.04379827963736311
40528,fireball cotton,brand_entity_proxy,15,3,0.996201363682969,0.6666666666666666,1.0,0.0,0.8,0.9987531243412534,1.0,1.0,0.0,0.6,0.9987531243412534,1.0,1.0,0.0,0.24,0.6095579107524127
40573,firestick,brand_entity_proxy,79,23,0.9363792118010483,0.2,0.391304347826087,0.6086956521739131,1.0,0.7508105181333574,0.35555555555555557,0.5652173913043478,0.4347826086956522,0.95,0.9532859316923061,0.6,1.0,0.0,0.74,0.5010030412078403
40615,first grade team shirts women,multi_constraint,16,1,0.4556588443449323,0.625,1.0,0.0,1.0,0.46375067518897795,0.875,1.0,0.0,0.7,0.46375067518897795,0.9375,1.0,0.0,0.3,0.2520504151250418
40834,fitbit charge 3,attribute_constraint,72,7,0.10978941357319323,0.14705882352941177,0.0,1.0,1.0,0.15984233544911347,0.27941176470588236,0.0,1.0,1.0,0.4099246487823619,0.7058823529411765,0.5714285714285714,0.4285714285714286,1.0,0.2697712265086032
41423,floral,brand_entity_proxy,31,24,0.5697889165740998,0.1111111111111111,0.08333333333333333,0.9166666666666666,0.4,0.6876056411124791,0.2222222222222222,0.20833333333333334,0.7916666666666666,0.4,0.8226248626393483,0.48148148148148145,0.5,0.5,0.3,-0.12393974059304497
41492,flourite substrate black,attribute_constraint,40,13,0.8026868287457832,0.2702702702702703,0.5384615384615384,0.46153846153846156,1.0,0.7300299256770855,0.4594594594594595,0.6153846153846154,0.3846153846153846,0.85,0.9264487009895307,0.6486486486486487,0.7692307692307693,0.23076923076923073,0.48,0.3914342383809324
41502,flower centerpiece,brand_entity_proxy,16,11,0.818424292804084,0.3125,0.36363636363636365,0.6363636363636364,0.5,0.9332470710573717,0.5625,0.6363636363636364,0.36363636363636365,0.45,0.9332470710573717,0.8125,0.9090909090909091,0.09090909090909094,0.26,0.2486326242032244
41795,foldable beach hat,product_type,16,11,0.7269113173698524,0.625,0.6363636363636364,0.36363636363636365,1.0,0.9036807987123056,0.9375,1.0,0.0,0.75,0.9036807987123056,1.0,1.0,0.0,0.32,0.19013083027305397
42118,ford sport trac sunshade small,multi_constraint,16,3,0.9335817617525629,1.0,1.0,0.0,0.8,0.9335817617525629,1.0,1.0,0.0,0.55,0.9335817617525629,1.0,1.0,0.0,0.26,0.8402706287763135
42332,fox racing hats,product_type,16,13,0.697817464899696,0.625,0.6153846153846154,0.3846153846153846,1.0,0.8373852811938142,0.9375,1.0,0.0,0.75,0.8373852811938142,1.0,1.0,0.0,0.32,-0.1215783580010781
42405,france shorts,brand_entity_proxy,16,1,1.0,0.3333333333333333,1.0,0.0,0.3,1.0,0.5555555555555556,1.0,0.0,0.25,1.0,0.7777777777777778,1.0,0.0,0.14,0.8911327886790069
42445,freddy krueger jack in the box,multi_constraint,16,6,1.0,1.0,1.0,0.0,1.0,1.0,1.0,1.0,0.0,0.7,1.0,1.0,1.0,0.0,0.3,0.8401680504168059
42964,fuel bladder marine,product_type,40,12,0.6380401738307129,0.4444444444444444,0.4166666666666667,0.5833333333333333,1.0,0.7117484266946815,0.7777777777777778,0.6666666666666666,0.33333333333333337,1.0,0.8736458821645751,0.9444444444444444,0.9166666666666666,0.08333333333333337,0.58,0.4981552898134671
42968,fuel filter 5.7 chevy,multi_constraint,16,4,0.7399346935323928,0.6428571428571429,0.75,0.25,1.0,0.8451823029291359,0.9285714285714286,1.0,0.0,0.7,0.8451823029291359,1.0,1.0,0.0,0.32,0.4338743659780418
43579,funny sweatshirts for women,product_type,16,11,0.7535807562476313,0.1875,0.09090909090909091,0.9090909090909091,0.3,0.8705341342132789,0.1875,0.09090909090909091,0.9090909090909091,0.15,0.8705341342132789,0.3125,0.2727272727272727,0.7272727272727273,0.1,0.07312724241271305
43948,galaxy note 10,attribute_constraint,16,2,0.5749925738415197,0.5,1.0,0.0,0.8,0.6185121383446489,0.6875,1.0,0.0,0.55,0.6185121383446489,0.9375,1.0,0.0,0.3,-0.03236028593834788
43961,galaxy note 10 plus screen protector and camera,long_descriptive,16,1,0.38445723825083145,0.5,1.0,0.0,0.8,0.39360750707325204,0.875,1.0,0.0,0.7,0.39360750707325204,1.0,1.0,0.0,0.32,0.14002800840280097
43983,galaxy s10 case black and gold,multi_constraint,16,4,0.8573094267085266,0.4666666666666667,1.0,0.0,0.7,0.8580135286855366,0.8,1.0,0.0,0.6,0.8580135286855366,0.9333333333333333,1.0,0.0,0.3,0.6019820204467708
44424,garden wall,brand_entity_proxy,13,4,0.6310710807396247,0.3333333333333333,0.75,0.25,0.5,0.6510103121791824,0.5,0.75,0.25,0.35,0.6510103121791824,0.5833333333333334,1.0,0.0,0.16,0.005735959423324133
44706,gear america shackles,product_type,16,3,0.48046805727450836,0.5625,0.3333333333333333,0.6666666666666667,0.9,0.7190371116755023,0.625,0.3333333333333333,0.6666666666666667,0.5,0.7190371116755023,0.8125,0.6666666666666666,0.33333333333333337,0.26,-0.1215783580010781
44816,gem frost,brand_entity_proxy,16,12,0.8364747259130397,0.0,0.0,1.0,0.0,0.953275828277685,0.06666666666666667,0.08333333333333333,0.9166666666666666,0.05,0.953275828277685,0.06666666666666667,0.08333333333333333,0.9166666666666666,0.02,0.16894000113028426
44845,gene winfield,brand_entity_proxy,15,7,0.5870577746335781,0.2857142857142857,0.2857142857142857,0.7142857142857143,0.4,0.7337227425206797,0.35714285714285715,0.42857142857142855,0.5714285714285714,0.25,0.7337227425206797,0.42857142857142855,0.5714285714285714,0.4285714285714286,0.12,0.15173318418748571
44960,georgia bulldogs t shirts for men,multi_constraint,16,12,0.8431749389571827,0.625,0.6666666666666666,0.33333333333333337,1.0,0.9587846114585399,1.0,1.0,0.0,0.8,0.9587846114585399,1.0,1.0,0.0,0.32,0.2818009309883173
45294,gifts from poland,product_type,16,1,0.38685280723454163,1.0,1.0,0.0,0.6,0.38685280723454163,1.0,1.0,0.0,0.45,0.38685280723454163,1.0,1.0,0.0,0.22,0.1960392117639214
45464,girl scout patches,product_type,40,16,0.6342450652648612,0.2916666666666667,0.375,0.625,1.0,0.6392240857857787,0.5833333333333334,0.625,0.375,1.0,0.8416170736609953,0.875,0.8125,0.1875,0.64,0.2704803497223238
45588,girls electric ride on scooter,multi_constraint,16,4,0.8673185042584678,0.06666666666666667,0.25,0.75,0.1,0.8768761402147659,0.26666666666666666,0.75,0.25,0.2,0.8768761402147659,0.7333333333333333,1.0,0.0,0.24,0.47269349268997785
45713,girls trumk,brand_entity_proxy,16,12,0.6843830725976621,0.0,0.0,1.0,0.0,0.917379230121559,0.0,0.0,1.0,0.0,0.917379230121559,0.0,0.0,1.0,0.0,-0.2504897164340598
45745,girls zero exposure winter coat,multi_constraint,16,10,0.9370154196830378,0.6666666666666666,0.9,0.09999999999999998,1.0,0.9977760980747138,1.0,1.0,0.0,0.8,0.9977760980747138,1.0,1.0,0.0,0.32,0.8066567963922299
45843,glass dome lamp shade,product_type,15,3,0.8551896200226312,0.7142857142857143,0.6666666666666666,0.33333333333333337,0.5,0.8551896200226312,0.7142857142857143,0.6666666666666666,0.33333333333333337,0.25,0.8551896200226312,0.7142857142857143,0.6666666666666666,0.33333333333333337,0.1,0.6744242168814146
45928,glass water bottle hot and cold 32,multi_constraint,15,0,1.0,0.13333333333333333,,,0.2,1.0,0.2,,,0.15,1.0,0.7333333333333333,,,0.22,
45990,glitter pink htv,product_type,16,9,0.6199698645751918,0.5625,0.5555555555555556,0.4444444444444444,0.9,0.8640631032053812,0.6875,0.6666666666666666,0.33333333333333337,0.55,0.8640631032053812,0.9375,1.0,0.0,0.3,0.06832667180756563
46008,globe walking stick,product_type,16,8,0.5544863077504261,0.625,0.625,0.375,1.0,0.7520428112470557,0.9375,1.0,0.0,0.75,0.7520428112470557,0.9375,1.0,0.0,0.3,0.07426106572325059
46089,glow worm,brand_entity_proxy,21,7,0.9529550222986923,0.3157894736842105,0.5714285714285714,0.4285714285714286,0.6,0.9532358017466649,0.47368421052631576,1.0,0.0,0.45,0.9538468626952362,0.47368421052631576,1.0,0.0,0.2,0.6599341065490624
46097,glowstrike darts,brand_entity_proxy,16,6,0.8318437876492264,0.625,0.8333333333333334,0.16666666666666663,1.0,0.9131869643846734,0.9375,1.0,0.0,0.75,0.9131869643846734,0.9375,1.0,0.0,0.3,0.33454155088866083
46149,gm original equipment ignition knock,multi_constraint,16,15,0.9339724701105759,0.625,0.6,0.4,1.0,0.9864395094806119,1.0,1.0,0.0,0.8,0.9864395094806119,1.0,1.0,0.0,0.32,-0.08401680504168059
46177,gnc women's ultra mega without iron & iodine,long_descriptive,35,9,0.4061099779897135,0.30434782608695654,0.4444444444444444,0.5555555555555556,1.0,0.530150884575668,0.5652173913043478,0.6666666666666666,0.33333333333333337,0.9,0.6848029042319567,0.9130434782608695,1.0,0.0,0.66,0.29392108806553496
46471,gold rhinestone sandals for women,multi_constraint,16,10,0.6898480312672766,0.5,0.6,0.4,0.8,0.9214812198434866,0.8125,0.9,0.09999999999999998,0.65,0.9214812198434866,0.9375,1.0,0.0,0.3,0.22404481344448157
46910,goumikids mittens,brand_entity_proxy,16,7,0.7815485019859035,0.5,0.5714285714285714,0.4285714285714286,0.7,0.93077806060329,0.7857142857142857,0.8571428571428571,0.1428571428571429,0.55,0.93077806060329,0.8571428571428571,1.0,0.0,0.24,0.5540034340678952
47106,graphic novels for kids 9-12,multi_constraint,16,9,0.7790821501160035,0.35714285714285715,0.4444444444444444,0.5555555555555556,0.6,0.9002249835514154,0.42857142857142855,0.5555555555555556,0.4444444444444444,0.35,0.9002249835514154,0.5714285714285714,0.7777777777777778,0.2222222222222222,0.2,0.1734364837735801
47213,gray swim shorts for women tummy tuck swim bottom shorts,long_descriptive,16,8,0.5922022176069877,0.4375,0.625,0.375,0.7,0.7265246748415723,0.5625,0.75,0.25,0.45,0.7265246748415723,0.75,0.875,0.125,0.24,0.2711630722733202
47217,gray throw blanket sherpa,attribute_constraint,16,15,0.934408318780155,0.625,0.6,0.4,1.0,0.9904813071164753,0.9375,0.9333333333333333,0.06666666666666665,0.75,0.9904813071164753,1.0,1.0,0.0,0.32,0.028005601680560196
47526,grid mirror,product_type,40,24,0.934408318780155,0.2777777777777778,0.375,0.625,1.0,0.855276979935391,0.5,0.6666666666666666,0.33333333333333337,0.95,0.9621762561963582,1.0,1.0,0.0,0.8,0.39433062704787814
47631,groceries ebt eligible snacks,product_type,40,28,1.0,0.08571428571428572,0.10714285714285714,0.8928571428571429,0.3,0.8596782096800918,0.11428571428571428,0.14285714285714285,0.8571428571428572,0.2,0.9712217238331406,0.34285714285714286,0.39285714285714285,0.6071428571428572,0.24,0.3815014535751397
47857,gucci cologne for men gift set,multi_constraint,40,26,0.9312630902825905,0.2564102564102564,0.34615384615384615,0.6538461538461539,1.0,0.880421861340434,0.5128205128205128,0.6538461538461539,0.34615384615384615,1.0,0.966801458025615,0.9743589743589743,1.0,0.0,0.78,0.4731218580173826
47892,gues book,brand_entity_proxy,16,9,0.5164449672450436,0.0,0.0,1.0,0.0,0.7529716499094803,0.0,0.0,1.0,0.0,0.7529716499094803,0.0,0.0,1.0,0.0,-0.17764934669967067
48397,hair salon kit for women,multi_constraint,16,12,0.8120392201968388,0.125,0.08333333333333333,0.9166666666666666,0.2,0.9262488052315028,0.25,0.25,0.75,0.2,0.9262488052315028,0.5,0.5833333333333334,0.41666666666666663,0.16,0.18641655297134818
48914,handheld laser welding machine,product_type,40,22,0.3405781838904256,0.2571428571428571,0.18181818181818182,0.8181818181818181,1.0,0.4662029816269955,0.4857142857142857,0.5,0.5,1.0,0.7364412353641988,0.9428571428571428,0.9090909090909091,0.09090909090909094,0.76,-0.06900008222007566
48929,handicraftworldart,brand_entity_proxy,40,19,0.9363792118010483,0.2857142857142857,0.3157894736842105,0.6842105263157895,0.6,0.7369587556369779,0.42857142857142855,0.47368421052631576,0.5263157894736843,0.45,0.9477446295202834,0.5238095238095238,0.5789473684210527,0.42105263157894735,0.28,0.3584617246816195
49077,hangover relief,brand_entity_proxy,16,11,0.8357804136936722,0.2727272727272727,0.2727272727272727,0.7272727272727273,0.4,0.9457073811187517,0.5454545454545454,0.5454545454545454,0.4545454545454546,0.35,0.9457073811187517,0.6363636363636364,0.6363636363636364,0.36363636363636365,0.18,0.2193817272381392
49201,hardbody supplements,brand_entity_proxy,16,10,0.8223176659650407,0.2,0.2,0.8,0.3,0.9385318209779949,0.26666666666666666,0.3,0.7,0.2,0.9385318209779949,0.4666666666666667,0.6,0.4,0.14,0.4395245364957663
49481,hawaii baby pool,product_type,16,1,0.5005780025047877,0.5,1.0,0.0,0.6,0.5005780025047877,0.5,1.0,0.0,0.3,0.5005780025047877,1.0,1.0,0.0,0.24,0.2669490347568448
49972,heavy duty bicycle tubes,product_type,16,6,0.6702667611238531,0.4375,0.6666666666666666,0.33333333333333337,0.7,0.833406328214805,0.875,1.0,0.0,0.7,0.833406328214805,1.0,1.0,0.0,0.32,0.14728162394100724
50118,hellboy toy,product_type,16,13,0.934408318780155,0.625,0.6923076923076923,0.3076923076923077,1.0,0.9853123008706237,0.8125,0.8461538461538461,0.15384615384615385,0.65,0.9853123008706237,0.875,0.9230769230769231,0.07692307692307687,0.28,0.3068164291480245
50311,heroine make long and curl mascara,multi_constraint,41,18,0.8405678380542997,0.24390243902439024,0.4444444444444444,0.5555555555555556,1.0,0.8029189546972614,0.4878048780487805,0.7777777777777778,0.2222222222222222,1.0,0.9287847408720545,1.0,1.0,0.0,0.82,0.5092472157018645
50356,hex wrench socket sets,product_type,16,5,0.7336331938610655,0.625,0.8,0.19999999999999996,1.0,0.8248058266241319,1.0,1.0,0.0,0.8,0.8248058266241319,1.0,1.0,0.0,0.32,0.3948871090286506
50494,high heel shoe chair,product_type,16,7,0.9782637159210662,0.4444444444444444,0.5714285714285714,0.4285714285714286,0.4,0.9796558047384034,0.5555555555555556,0.7142857142857143,0.2857142857142857,0.3,0.9796558047384034,0.5555555555555556,0.7142857142857143,0.2857142857142857,0.12,0.6232538633263821
51056,homegoing yaa gyasi paperback,product_type,16,1,0.44598817859864426,0.6666666666666666,0.0,1.0,0.2,0.44598817859864426,0.6666666666666666,0.0,1.0,0.2,0.44598817859864426,1.0,1.0,0.0,0.14,0.5120809416062099
51227,hooey hats for men,product_type,16,13,0.9061595192741448,0.5625,0.6153846153846154,0.3846153846153846,0.9,0.9640106541884874,0.75,0.7692307692307693,0.23076923076923073,0.6,0.9640106541884874,0.875,0.9230769230769231,0.07692307692307687,0.28,0.22578837914485933
51454,"hot tub heater element, balboa",multi_constraint,16,11,0.8486026589039901,0.7272727272727273,0.7272727272727273,0.2727272727272727,1.0,0.9607491078635351,1.0,1.0,0.0,0.8,0.9607491078635351,1.0,1.0,0.0,0.32,0.3363853150984801
52230,hydro flask 16 oz wide mouth,multi_constraint,40,13,0.1161907728219149,0.16666666666666666,0.07692307692307693,0.9230769230769231,0.8,0.19845714986342472,0.4166666666666667,0.23076923076923078,0.7692307692307692,0.9,0.5765209434587065,0.9444444444444444,0.9230769230769231,0.07692307692307687,0.76,-0.3480900410781527
52255,hydro flask wide mouth 20 ounce,multi_constraint,14,9,0.6722544402027082,0.21428571428571427,0.1111111111111111,0.8888888888888888,0.3,0.8463828196983182,0.35714285714285715,0.2222222222222222,0.7777777777777778,0.25,0.8463828196983182,0.7857142857142857,0.6666666666666666,0.33333333333333337,0.22,-0.23404271669405072
52348,i am blessed hands edge control,multi_constraint,16,1,0.04388065628739695,0.25,0.0,1.0,0.4,0.3054849671263478,0.4375,0.0,1.0,0.35,0.3054849671263478,0.4375,0.0,1.0,0.14,-0.2520504151250418
52482,i was not the blossom,multi_constraint,15,1,0.9930757761527121,0.3333333333333333,1.0,0.0,0.2,0.9957479374300368,0.3333333333333333,1.0,0.0,0.1,0.9957479374300368,0.3333333333333333,1.0,0.0,0.06,0.30434882146675896
52830,im not your perfect mexican daughter,multi_constraint,16,3,0.911924077066216,0.6,0.6666666666666666,0.33333333333333337,0.4,0.9131874005050437,0.6,0.6666666666666666,0.33333333333333337,0.2,0.9131874005050437,0.6,0.6666666666666666,0.33333333333333337,0.08,0.49259546372818436
53042,indian wedding clothes for men,multi_constraint,16,8,0.9664954236830917,0.5454545454545454,0.75,0.25,0.7,0.9671599373532593,0.8181818181818182,1.0,0.0,0.5,0.9671599373532593,0.8181818181818182,1.0,0.0,0.2,0.7006949156875791
53114,induro gimbal head,product_type,16,2,0.8805759217511043,0.4375,1.0,0.0,0.7,0.881689456628697,0.5,1.0,0.0,0.4,0.881689456628697,0.625,1.0,0.0,0.2,0.4919520370144727
53284,inflatable travel pillow with pump,multi_constraint,16,6,0.9876712785649565,1.0,1.0,0.0,1.0,0.9876712785649565,1.0,1.0,0.0,0.7,0.9876712785649565,1.0,1.0,0.0,0.3,0.7841568470556856
53328,ink cartridges hp 67xl black and color,multi_constraint,16,13,0.7179315886177119,0.6,0.5384615384615384,0.46153846153846156,1.0,0.8999998838734359,1.0,1.0,0.0,0.8,0.8999998838734359,1.0,1.0,0.0,0.32,-0.31761982454056054
53451,instant pot 3 quart,attribute_constraint,16,3,0.5709299783885434,0.625,0.3333333333333333,0.6666666666666667,1.0,0.7929258809692034,0.875,1.0,0.0,0.7,0.7929258809692034,1.0,1.0,0.0,0.32,0.05210501057189061
54039,iphone 11 max screen protector,multi_constraint,16,13,0.7742580157525283,0.6,0.5384615384615384,0.46153846153846156,1.0,0.9477426079561084,1.0,1.0,0.0,0.8,0.9477426079561084,1.0,1.0,0.0,0.32,-0.16853296812356275
54044,iphone 11 pri,attribute_constraint,15,2,1.0,0.4666666666666667,1.0,0.0,0.7,1.0,0.6,1.0,0.0,0.45,1.0,0.8666666666666667,1.0,0.0,0.26,0.5900968443520823
54558,iphone x refurbished,product_type,16,7,0.7170046019838311,0.7777777777777778,1.0,0.0,1.0,0.7184907930369604,1.0,1.0,0.0,0.7,0.7184907930369604,1.0,1.0,0.0,0.3,0.2608969660436018
54634,iphone xs bee case,product_type,16,5,0.8356005609317593,0.75,0.8,0.19999999999999996,0.8,0.9278310168254219,1.0,1.0,0.0,0.65,0.9278310168254219,1.0,1.0,0.0,0.3,0.577231509490912
54889,iron chest master,product_type,16,1,1.0,0.1875,1.0,0.0,0.3,1.0,0.1875,1.0,0.0,0.15,1.0,0.1875,1.0,0.0,0.06,0.42008402520840293
55280,jabra elite 65t,attribute_constraint,16,5,0.5612077910986425,0.625,0.8,0.19999999999999996,1.0,0.6473650814573546,0.8125,1.0,0.0,0.65,0.6473650814573546,0.8125,1.0,0.0,0.26,0.49091569283208464
55365,jade oil,brand_entity_proxy,16,3,0.9474621838079725,1.0,1.0,0.0,1.0,0.9474621838079725,1.0,1.0,0.0,0.8,0.9474621838079725,1.0,1.0,0.0,0.32,0.7877537144777939
55531,jars without lids,product_type,40,5,0.4925718902663196,0.1724137931034483,0.4,0.6,0.5,0.49344899331823644,0.27586206896551724,0.4,0.6,0.4,0.6289504976055523,0.7241379310344828,0.6,0.4,0.54,0.20120984543096784
55677,jeans cintura elastica mujer,product_type,25,12,0.3464430782914883,0.2916666666666667,0.25,0.75,0.7,0.5974229804290827,0.375,0.3333333333333333,0.6666666666666667,0.45,0.68289531260143,0.6666666666666666,0.6666666666666666,0.33333333333333337,0.34,-0.11496966808237434
56281,joovy vent,brand_entity_proxy,16,5,0.8683653613511567,0.7142857142857143,1.0,0.0,0.7,0.8849560149531234,0.7142857142857143,1.0,0.0,0.6,0.8849560149531234,0.8571428571428571,1.0,0.0,0.3,0.40303335276908137
56758,jvc lt-22mar400,attribute_constraint,16,3,0.6359145731500383,0.6666666666666666,0.6666666666666666,0.33333333333333337,1.0,0.7649323286975044,0.8333333333333334,1.0,0.0,0.65,0.7649323286975044,1.0,1.0,0.0,0.32,0.28867513459481287
57100,kayak storage,product_type,16,14,1.0,0.6666666666666666,0.7142857142857143,0.2857142857142857,1.0,0.9948959223326393,1.0,1.0,0.0,0.8,0.9948959223326393,1.0,1.0,0.0,0.32,0.42183074386605374
57276,kerastase shampoo without sulfates,product_type,40,24,0.7244100002223508,0.25,0.25,0.75,1.0,0.7143971320203041,0.4722222222222222,0.5,0.5,0.95,0.9165111589180094,0.9444444444444444,0.9166666666666666,0.08333333333333337,0.74,0.1289963190524238
57921,kids nylon backpack,product_type,40,29,0.862526180565181,0.23684210526315788,0.27586206896551724,0.7241379310344828,0.9,0.8045482418406863,0.47368421052631576,0.4827586206896552,0.5172413793103448,0.9,0.9261043779343833,0.9210526315789473,0.9310344827586207,0.06896551724137934,0.7,0.23283506034192256
58044,kids toothbrush batman,product_type,16,3,0.922497782547865,0.625,1.0,0.0,1.0,0.9230373484010033,0.875,1.0,0.0,0.7,0.9230373484010033,1.0,1.0,0.0,0.32,0.5950697025329527
58233,kindle unlimited audiobooks,product_type,16,13,0.73162241373675,0.0,0.0,1.0,0.0,0.9111884694924881,0.0,0.0,1.0,0.0,0.9111884694924881,0.0,0.0,1.0,0.0,-0.32999840028864047
58514,kitchen aid mixer bowl,product_type,16,11,0.7867852221523095,0.625,0.6363636363636364,0.36363636363636365,1.0,0.9414132006265516,1.0,1.0,0.0,0.8,0.9414132006265516,1.0,1.0,0.0,0.32,0.15281246137553164
58597,kitchen pans set,product_type,16,15,1.0,0.375,0.4,0.6,0.6,0.9947563466753427,0.8125,0.8,0.19999999999999996,0.65,0.9947563466753427,1.0,1.0,0.0,0.32,0.14002800840280097
59963,laptop under 300 dollars,attribute_constraint,16,11,0.6882686706390454,0.5,0.5454545454545454,0.4545454545454546,0.8,0.8132605313239688,0.8125,0.9090909090909091,0.09090909090909094,0.65,0.8132605313239688,1.0,1.0,0.0,0.32,0.16087993330796874
60628,leanmode stimulant free fat burner & weight loss support,long_descriptive,16,4,0.48538274607242526,0.5,0.5,0.5,0.8,0.5837792184922809,0.75,0.75,0.25,0.6,0.5837792184922809,0.875,0.75,0.25,0.28,0.06262242910851495
61329,lego ninjago costume,product_type,16,14,0.9223857137111114,0.625,0.6428571428571429,0.3571428571428571,1.0,0.9792853592292103,1.0,1.0,0.0,0.8,0.9792853592292103,1.0,1.0,0.0,0.32,0.12298800925361818
61522,lens filter for olympus tg6 water camera,multi_constraint,16,9,0.6308633055867208,0.4444444444444444,0.4444444444444444,0.5555555555555556,0.9,0.8728548065114062,0.6666666666666666,0.6666666666666666,0.33333333333333337,0.55,0.8728548065114062,0.7777777777777778,0.7777777777777778,0.2222222222222222,0.28,-0.09565734053059191
61574,leopard scrunchie,brand_entity_proxy,16,10,0.7145017691196215,0.625,0.6,0.4,1.0,0.9398978248483353,0.8125,0.8,0.19999999999999996,0.65,0.9398978248483353,1.0,1.0,0.0,0.32,0.16803361008336118
61598,lepower-reading-gooseneck-temperature-changeable,multi_constraint,16,3,0.8166029287531842,0.3125,0.6666666666666666,0.33333333333333337,0.5,0.8179230068641119,0.3125,0.6666666666666666,0.33333333333333337,0.25,0.8179230068641119,0.4375,0.6666666666666666,0.33333333333333337,0.14,0.399471747717828
61723,levis jeans for men 559,multi_constraint,16,2,0.2261583839369871,0.375,0.0,1.0,0.6,0.38459506599620524,0.6875,0.5,0.5,0.55,0.38459506599620524,0.875,1.0,0.0,0.28,-0.16398401233815757
61798,lg aristo 3 phone case wallet,multi_constraint,16,11,0.823699893396571,0.7272727272727273,0.7272727272727273,0.2727272727272727,1.0,0.937286766923445,1.0,1.0,0.0,0.8,0.937286766923445,1.0,1.0,0.0,0.32,0.2778835211683096
61830,lg internal 24x super multi with m-disc support dvd burner,long_descriptive,16,3,1.0,0.625,1.0,0.0,1.0,1.0,1.0,1.0,0.0,0.8,1.0,1.0,1.0,0.0,0.32,0.6773651374345779
61961,library kit,brand_entity_proxy,16,8,0.792178636428324,0.5,0.625,0.375,0.8,0.9193422713320605,0.6875,0.75,0.25,0.55,0.9193422713320605,0.75,0.75,0.25,0.24,0.2711630722733202
62478,lightweight mechanics gloves,product_type,16,8,0.8518203946983945,0.875,0.875,0.125,0.9,0.9201751638701843,1.0,1.0,0.0,0.8,0.9201751638701843,1.0,1.0,0.0,0.32,0.5152098373193084
62513,lil peep hoodies,product_type,16,13,0.7937892708477715,0.5,0.46153846153846156,0.5384615384615384,0.8,0.9123641939299092,0.75,0.6923076923076923,0.3076923076923077,0.6,0.9123641939299092,0.8125,0.7692307692307693,0.23076923076923073,0.26,-0.15631503171567185
62558,lime green fitted hat,attribute_constraint,16,3,0.6263362223925112,0.3125,1.0,0.0,0.5,0.6290258257232123,0.3125,1.0,0.0,0.25,0.6290258257232123,0.375,1.0,0.0,0.12,0.46894509514701554
62858,liquor opener,brand_entity_proxy,16,10,0.8656714090627453,0.5,0.6,0.4,0.6,0.980297967081155,0.8333333333333334,0.8,0.19999999999999996,0.5,0.980297967081155,0.9166666666666666,0.9,0.09999999999999998,0.26,0.6456870485814953
62937,little girl book,product_type,16,2,0.8315546295836225,0.5,0.5,0.5,0.2,0.8315546295836225,0.5,0.5,0.5,0.2,0.8315546295836225,1.0,1.0,0.0,0.14,0.4099600308453939
62954,little girls princess dress up clothes,multi_constraint,40,34,0.9294415579191924,0.25,0.2647058823529412,0.7352941176470589,1.0,0.9544638853228447,0.45,0.5,0.5,0.9,0.9774424650024677,0.9,0.8823529411764706,0.11764705882352944,0.72,0.16933071581171336
63291,logitech computer headset with microphone usb,multi_constraint,16,5,0.7843082764240016,0.625,0.8,0.19999999999999996,1.0,0.8684918826683555,1.0,1.0,0.0,0.8,0.8684918826683555,1.0,1.0,0.0,0.32,0.30713441813339487
63701,loreal hair color 8 1/2,multi_constraint,16,3,0.19879755455040385,0.2,0.0,1.0,0.3,0.4469550360945401,0.6,0.3333333333333333,0.6666666666666667,0.45,0.4469550360945401,0.9333333333333333,1.0,0.0,0.3,0.03301126458867624
63917,low calorie cookbooks,product_type,40,28,1.0,0.225,0.32142857142857145,0.6785714285714286,0.9,0.9294628873543697,0.475,0.6071428571428571,0.3928571428571429,0.95,0.9789367643156301,0.9,0.9285714285714286,0.0714285714285714,0.72,0.42221132197761985
63927,low card flour,product_type,14,7,0.7082164419788195,0.6666666666666666,0.7142857142857143,0.2857142857142857,0.7,0.7830752273285089,0.6666666666666666,0.7142857142857143,0.2857142857142857,0.4,0.7830752273285089,0.7777777777777778,0.8571428571428571,0.1428571428571429,0.22,0.36651519951599365
64191,lululemon tee shirts women,product_type,16,1,0.6316765834065482,0.6666666666666666,1.0,0.0,0.5,0.6316765834065482,0.6666666666666666,1.0,0.0,0.35,0.6316765834065482,0.6666666666666666,1.0,0.0,0.18,0.382440196895777
64212,lumi spa - nu skin,product_type,38,8,0.4997116376929922,0.2647058823529412,0.5,0.5,1.0,0.6825772886495795,0.5294117647058824,0.75,0.25,0.95,0.7494956547948757,0.7352941176470589,1.0,0.0,0.52,0.40084199036419316
64296,lus brand hair products curls,multi_constraint,16,2,0.19975817777485652,0.625,0.5,0.5,1.0,0.35844102083249496,0.75,0.5,0.5,0.6,0.35844102083249496,0.8125,0.5,0.5,0.26,-0.28697202159177576
64880,magnet phone case for samsung galaxy note 10 plus,long_descriptive,16,2,0.836164965095981,0.5625,1.0,0.0,0.9,0.83769259694554,0.8125,1.0,0.0,0.65,0.83769259694554,1.0,1.0,0.0,0.32,0.4099600308453939
65197,makita impact drill,product_type,16,7,0.32486200188045183,0.5625,0.42857142857142855,0.5714285714285714,0.9,0.6098833666896729,0.875,0.7142857142857143,0.2857142857142857,0.7,0.6098833666896729,1.0,1.0,0.0,0.32,-0.28697202159177565
65347,mamoru hosoda,brand_entity_proxy,16,4,0.5675621452976986,0.1875,0.0,1.0,0.3,0.570163780983475,0.1875,0.0,1.0,0.15,0.570163780983475,0.1875,0.0,1.0,0.06,0.2504897164340598
65397,mandalorian this is the way,multi_constraint,16,13,0.7437783089002834,0.25,0.23076923076923078,0.7692307692307692,0.4,0.9214872018148703,0.3125,0.23076923076923078,0.7692307692307692,0.25,0.9214872018148703,0.375,0.3076923076923077,0.6923076923076923,0.12,-0.26052505285945304
65683,maraschino cherries without stems,product_type,40,21,0.7782344940999762,0.2564102564102564,0.38095238095238093,0.6190476190476191,1.0,0.7237418783928137,0.48717948717948717,0.6666666666666666,0.33333333333333337,1.0,0.9022232442790178,0.9743589743589743,1.0,0.0,0.78,0.4676304902513817
65798,marinator injector,brand_entity_proxy,16,6,0.39133377428125266,0.625,0.5,0.5,1.0,0.6257595590259349,1.0,1.0,0.0,0.8,0.6257595590259349,1.0,1.0,0.0,0.32,-0.22404481344448157
66004,marvel lego minifigures set,product_type,16,14,0.7821091513649008,0.625,0.6428571428571429,0.3571428571428571,1.0,0.8617505761098017,1.0,1.0,0.0,0.8,0.8617505761098017,1.0,1.0,0.0,0.32,-0.20498001542269695
66062,mary trump,brand_entity_proxy,16,1,0.04388065628739695,0.4375,0.0,1.0,0.7,0.28853160267781536,0.5,0.0,1.0,0.4,0.28853160267781536,0.6875,0.0,1.0,0.22,-0.42008402520840293
66396,matrix black and decker,attribute_constraint,40,23,0.8010758470928326,0.2631578947368421,0.30434782608695654,0.6956521739130435,1.0,0.7752485043225382,0.5,0.6086956521739131,0.3913043478260869,0.95,0.9327101774311304,0.868421052631579,0.9130434782608695,0.08695652173913049,0.7,0.2253740077899938
66421,matte texture clay,product_type,15,11,0.787132051997988,0.6666666666666666,0.6363636363636364,0.36363636363636365,1.0,0.9588767993866952,0.8,0.8181818181818182,0.18181818181818177,0.6,0.9588767993866952,0.8666666666666667,0.8181818181818182,0.18181818181818177,0.26,0.17446578944971328
66476,matx case,brand_entity_proxy,16,13,0.7987934555848263,0.0625,0.07692307692307693,0.9230769230769231,0.1,0.9680972014700514,0.125,0.15384615384615385,0.8461538461538461,0.1,0.9680972014700514,0.375,0.46153846153846156,0.5384615384615384,0.12,0.01736833685729687
66494,maven rifle scopes,product_type,39,10,0.2511167475080223,0.1891891891891892,0.2,0.8,0.7,0.3681249332211526,0.35135135135135137,0.4,0.6,0.65,0.5923799820372843,0.8648648648648649,0.9,0.09999999999999998,0.66,0.07046644419018405
67075,membrain gaming keyboard,product_type,16,10,0.765560652668294,0.625,0.7,0.30000000000000004,1.0,0.9352019453468374,1.0,1.0,0.0,0.8,0.9352019453468374,1.0,1.0,0.0,0.32,0.2520504151250418
67189,men in black costumes,attribute_constraint,16,1,0.9247349466429932,0.2,1.0,0.0,0.3,0.9617785911914837,0.5333333333333333,1.0,0.0,0.4,0.9617785911914837,0.6666666666666666,1.0,0.0,0.2,0.2673398366037021
67570,mens dragon alliance nfx2,attribute_constraint,16,3,0.6536441355172967,0.5,0.3333333333333333,0.6666666666666667,0.8,0.7719918754444441,0.875,1.0,0.0,0.7,0.7719918754444441,1.0,1.0,0.0,0.32,0.45624069296838893
67637,mens grizzley bear hat,product_type,16,8,0.567685469177705,0.5,0.5,0.5,0.7,0.7027831193644278,0.8,0.75,0.25,0.5,0.7027831193644278,1.0,1.0,0.0,0.28,0.18473806121236683
67712,mens lee x-treme comfort pants,multi_constraint,16,7,0.65526413524104,0.6666666666666666,0.5714285714285714,0.4285714285714286,1.0,0.8709201206963022,0.9166666666666666,1.0,0.0,0.75,0.8709201206963022,1.0,1.0,0.0,0.32,0.2785002488182019
67844,mens safety magnetic rubber bracelets,multi_constraint,16,1,0.3318674133593534,0.2,0.0,1.0,0.2,0.3318674133593534,0.4,0.0,1.0,0.15,0.3318674133593534,0.6,0.0,1.0,0.1,0.5604036826981952
67894,mens slippers size 9,attribute_constraint,16,15,0.9337457765456111,0.26666666666666666,0.26666666666666666,0.7333333333333334,0.4,0.9903811455035839,0.4,0.4,0.6,0.3,0.9903811455035839,0.5333333333333333,0.5333333333333333,0.4666666666666667,0.16,0.028005601680560196
68340,metal bed frame queen,attribute_constraint,25,19,0.849755430832745,0.4,0.42105263157894735,0.5789473684210527,1.0,0.8269600913331107,0.8,0.7894736842105263,0.21052631578947367,1.0,0.9546892426487898,1.0,1.0,0.0,0.5,0.14286919170318604
68572,mg mug,brand_entity_proxy,16,7,0.4661582875534718,0.15384615384615385,0.14285714285714285,0.8571428571428572,0.4,0.6726990847773969,0.38461538461538464,0.42857142857142855,0.5714285714285714,0.35,0.6726990847773969,0.9230769230769231,0.8571428571428571,0.1428571428571429,0.3,-0.29807493633681625
69025,mighty sight,brand_entity_proxy,16,2,0.9219180243454468,0.06666666666666667,0.5,0.5,0.1,0.9225010037010569,0.06666666666666667,0.5,0.5,0.05,0.9225010037010569,0.13333333333333333,0.5,0.5,0.04,0.6179542164530634
69269,mineral drops for reverse osmosis water,multi_constraint,16,5,0.6636174220150818,0.5625,0.8,0.19999999999999996,0.9,0.6653810838935573,0.75,1.0,0.0,0.6,0.6653810838935573,0.875,1.0,0.0,0.28,0.2778835211683096
69657,minnie mouse shirts for women,multi_constraint,16,13,0.8067628892172455,0.6666666666666666,0.6153846153846154,0.3846153846153846,1.0,0.9275446371765691,1.0,1.0,0.0,0.8,0.9275446371765691,1.0,1.0,0.0,0.32,-0.07778444682625973
69695,miracle noodles,brand_entity_proxy,16,9,0.9205037211201347,0.625,1.0,0.0,1.0,0.9207944017306632,0.9375,1.0,0.0,0.75,0.9207944017306632,1.0,1.0,0.0,0.32,0.642270714991117
69739,mirror lifht with tv,product_type,16,13,0.9009587051658641,0.0625,0.07692307692307693,0.9230769230769231,0.1,0.958566975920068,0.0625,0.07692307692307693,0.9230769230769231,0.05,0.958566975920068,0.1875,0.15384615384615385,0.8461538461538461,0.06,0.26052505285945304
70263,molle gear,brand_entity_proxy,16,11,0.7165174701450555,0.4375,0.5454545454545454,0.4545454545454546,0.7,0.8390433083602921,0.75,0.9090909090909091,0.09090909090909094,0.6,0.8390433083602921,0.875,0.9090909090909091,0.09090909090909094,0.28,0.2778835211683096
70625,moped headlight assembly,product_type,16,3,0.9496103141040652,0.6428571428571429,1.0,0.0,1.0,0.9613564463005281,1.0,1.0,0.0,0.8,0.9613564463005281,1.0,1.0,0.0,0.32,0.44999359216250245
70787,mother goose gyo fujikawa,product_type,16,5,0.9673425412970539,0.5,0.8,0.19999999999999996,0.8,0.9675137651318536,0.625,1.0,0.0,0.5,0.9675137651318536,0.625,1.0,0.0,0.2,0.6581451817144176
71186,mp3 player without radio,attribute_constraint,23,8,0.27031851481995944,0.43478260869565216,0.375,0.625,1.0,0.5182174439823161,0.8260869565217391,0.75,0.25,0.95,0.5731212990687711,1.0,1.0,0.0,0.46,-0.20643070596119262
71356,mtb jump,brand_entity_proxy,16,7,0.8045041182639493,0.25,0.5714285714285714,0.4285714285714286,0.4,0.9517272212635681,0.375,0.7142857142857143,0.2857142857142857,0.3,0.9517272212635681,0.5625,0.7142857142857143,0.2857142857142857,0.18,0.532948040099012
71655,muse hummingbird feeder,product_type,41,20,0.5419174746327474,0.24390243902439024,0.3,0.7,1.0,0.6348109144466918,0.4878048780487805,0.7,0.30000000000000004,1.0,0.8047160486030165,1.0,1.0,0.0,0.82,0.19962762894672337
71902,myo storm,brand_entity_proxy,16,1,0.3597178307201251,0.0,0.0,1.0,0.0,0.37111377552075014,0.0,0.0,1.0,0.0,0.37111377552075014,0.0,0.0,1.0,0.0,-0.5084695618284355
72088,nail swatch sticks,product_type,16,11,0.8643851368046714,0.5625,0.7272727272727273,0.2727272727272727,0.9,0.9738446079527644,0.875,0.8181818181818182,0.18181818181818177,0.7,0.9738446079527644,0.9375,0.9090909090909091,0.09090909090909094,0.3,0.3948871090286506
72127,name letters,brand_entity_proxy,16,3,0.3956954259401249,0.25,0.3333333333333333,0.6666666666666667,0.4,0.5198338878287303,0.4375,0.3333333333333333,0.6666666666666667,0.35,0.5198338878287303,0.5,0.6666666666666666,0.33333333333333337,0.16,0.05210501057189061
72915,nesoresso vertuoline pods,product_type,16,15,0.8611375561264456,0.6,0.6,0.4,1.0,0.9340972056966884,1.0,1.0,0.0,0.8,0.9340972056966884,1.0,1.0,0.0,0.32,-0.36407282184728257
73215,newborn bed prop,product_type,16,3,0.5657209700991402,0.6153846153846154,1.0,0.0,0.8,0.589621720875371,0.6923076923076923,1.0,0.0,0.45,0.589621720875371,0.7692307692307693,1.0,0.0,0.22,0.3844337547655677
73282,nf the search,product_type,16,7,0.788549467832173,0.42857142857142855,0.5714285714285714,0.4285714285714286,0.7,0.9364227237345868,0.42857142857142855,0.5714285714285714,0.4285714285714286,0.35,0.9364227237345868,0.5,0.5714285714285714,0.4285714285714286,0.16,0.4299968514422326
73400,night quil cold and flu,multi_constraint,41,13,0.34145907488096616,0.24390243902439024,0.3076923076923077,0.6923076923076923,1.0,0.38324237385845167,0.4878048780487805,0.46153846153846156,0.5384615384615384,1.0,0.654911362511263,0.975609756097561,1.0,0.0,0.8,0.11074529874036472
73401,night reading lamp for bed,multi_constraint,16,13,0.9157083135347952,0.5,0.5384615384615384,0.46153846153846156,0.8,0.9758365940383888,0.8125,0.9230769230769231,0.07692307692307687,0.65,0.9758365940383888,1.0,1.0,0.0,0.32,0.36473507400323424
73522,nike cortez black and pink,multi_constraint,16,7,0.7911723730804661,0.21428571428571427,0.2857142857142857,0.7142857142857143,0.3,0.7924654793733817,0.6428571428571429,1.0,0.0,0.5,0.7924654793733817,0.9285714285714286,1.0,0.0,0.28,0.5411196332756185
73746,nikon lens cleaning kit,product_type,15,3,0.6253878277382111,0.6666666666666666,0.6666666666666666,0.33333333333333337,1.0,0.7418128096239838,1.0,1.0,0.0,0.75,0.7418128096239838,1.0,1.0,0.0,0.3,0.0
73944,nipple suckers,brand_entity_proxy,16,9,0.822339355247181,0.5,0.6666666666666666,0.33333333333333337,0.8,0.9422819022733023,0.8125,0.8888888888888888,0.11111111111111116,0.65,0.9422819022733023,1.0,1.0,0.0,0.32,0.3962946964838807
74270,nook tablet 10.1,attribute_constraint,16,3,0.723867323350984,0.4,0.6666666666666666,0.33333333333333337,0.6,0.8335060590643396,0.8666666666666667,0.6666666666666666,0.33333333333333337,0.65,0.8335060590643396,0.9333333333333333,0.6666666666666666,0.33333333333333337,0.3,0.38207003108137
74336,north carolina food gifts,product_type,16,4,0.8749197512560482,0.25,0.5,0.5,0.4,0.8756722599348781,0.3125,0.5,0.5,0.25,0.8756722599348781,0.5,0.75,0.25,0.16,0.4070457892053472
74620,nude heel sandal,product_type,16,7,0.5759783011379508,0.375,0.42857142857142855,0.5714285714285714,0.6,0.7855370513928656,0.6875,0.5714285714285714,0.4285714285714286,0.55,0.7855370513928656,0.9375,1.0,0.0,0.3,-0.09565734053059191
74628,nude racerback sports bra,product_type,40,24,0.7341326063388792,0.25,0.2916666666666667,0.7083333333333333,1.0,0.762778427778199,0.45,0.5833333333333334,0.41666666666666663,0.9,0.9025020948676116,0.775,0.7916666666666666,0.20833333333333337,0.62,0.16799036572631346
74654,nugo dark chocolate pretzel with sea salt,multi_constraint,40,16,0.8431749389571827,0.24324324324324326,0.5,0.5,0.9,0.7874179191553667,0.4864864864864865,0.6875,0.3125,0.9,0.9149901667437759,0.8918918918918919,0.875,0.125,0.66,0.4454274953397317
74782,nut free food coloring,product_type,12,6,0.6194790157221095,0.16666666666666666,0.16666666666666666,0.8333333333333334,0.2,0.7856625420537818,0.3333333333333333,0.3333333333333333,0.6666666666666667,0.3,0.7856625420537818,0.3333333333333333,0.3333333333333333,0.6666666666666667,0.14,-0.28968272975116055
75417,old toy trucks metal,attribute_constraint,16,6,0.6496895275747668,0.5,0.5,0.5,0.8,0.888250828767664,0.875,1.0,0.0,0.7,0.888250828767664,0.9375,1.0,0.0,0.3,0.1960392117639214
75512,om wall decal,product_type,40,28,0.6778254261982332,0.25,0.21428571428571427,0.7857142857142857,1.0,0.5857678868148055,0.475,0.35714285714285715,0.6428571428571428,0.95,0.8847928786970117,0.9,0.8571428571428571,0.1428571428571429,0.72,-0.3024661138414275
75831,opi meet a boy as cute as can be,long_descriptive,32,6,0.25007975803939475,0.13793103448275862,0.16666666666666666,0.8333333333333334,0.4,0.4763011339665637,0.1724137931034483,0.16666666666666666,0.8333333333333334,0.3,0.5411654957298928,0.3103448275862069,0.3333333333333333,0.6666666666666667,0.2,0.20089193257150875
75925,orange and white polka dot fabric,multi_constraint,16,5,0.34499314294741196,0.25,0.2,0.8,0.4,0.6159033669744532,0.375,0.4,0.6,0.3,0.6159033669744532,0.4375,0.4,0.6,0.14,-0.07312724241271305
76144,organic orthopedic pillow,product_type,16,12,0.818424292804084,0.375,0.4166666666666667,0.5833333333333333,0.6,0.935448615416702,0.6875,0.75,0.25,0.55,0.935448615416702,0.9375,0.9166666666666666,0.08333333333333337,0.3,0.1252448582170299
76820,ovenware,brand_entity_proxy,12,7,0.7640814291585591,0.42857142857142855,0.42857142857142855,0.5714285714285714,0.3,0.9150383160539596,0.42857142857142855,0.42857142857142855,0.5714285714285714,0.15,0.9150383160539596,0.42857142857142855,0.42857142857142855,0.5714285714285714,0.1,0.07344797747116932
76904,oversized shirts for women,product_type,16,7,0.5139898554840739,0.0625,0.0,1.0,0.1,0.6600993927350468,0.0625,0.0,1.0,0.05,0.6600993927350468,0.25,0.14285714285714285,0.8571428571428572,0.08,0.06832667180756563
76950,oxford button down shirts for men short sleeve,long_descriptive,40,22,0.6322257836798508,0.225,0.2727272727272727,0.7272727272727273,0.9,0.6494321559038919,0.425,0.5,0.5,0.85,0.8239308255924599,0.875,0.9090909090909091,0.09090909090909094,0.7,0.17413208073612899
76969,oxo pancake spatula,product_type,16,6,0.9406159107221019,0.5,0.8333333333333334,0.16666666666666663,0.8,0.9408943174080516,0.75,1.0,0.0,0.6,0.9408943174080516,0.9375,1.0,0.0,0.3,0.6721344403334447
77343,palm heart lasagna noodles,product_type,40,12,0.6862529696136114,0.29411764705882354,0.5,0.5,1.0,0.759349721835156,0.5882352941176471,0.75,0.25,1.0,0.877278252230229,0.8529411764705882,1.0,0.0,0.68,0.44219228536255667
78347,pc video card,product_type,16,2,0.5401510038102194,0.375,0.0,1.0,0.6,0.5699318891232343,0.875,1.0,0.0,0.7,0.5699318891232343,1.0,1.0,0.0,0.32,0.26144216849937296
79143,personalized premature baby boy,product_type,16,7,0.4563173296815932,0.15384615384615385,0.14285714285714285,0.8571428571428572,0.2,0.6731843783504511,0.23076923076923078,0.14285714285714285,0.8571428571428572,0.2,0.6731843783504511,0.3076923076923077,0.2857142857142857,0.7142857142857143,0.1,0.0063420199220599206
79505,phone case galaxy j3 orbit,multi_constraint,16,14,0.7821091513649008,0.5625,0.5714285714285714,0.4285714285714286,0.9,0.8682375371621084,0.875,0.9285714285714286,0.0714285714285714,0.7,0.8682375371621084,1.0,1.0,0.0,0.32,-0.03834824944236852
80305,pink scrunchies,brand_entity_proxy,16,8,0.570429902427183,0.4375,0.25,0.75,0.7,0.8320922298715522,0.75,0.75,0.25,0.6,0.8320922298715522,0.9375,0.875,0.125,0.3,-0.1898141505913242
80453,pioneer mvh-210ex,attribute_constraint,16,4,0.8943320737536162,0.625,1.0,0.0,1.0,0.9033255168170329,0.9375,1.0,0.0,0.75,0.9033255168170329,1.0,1.0,0.0,0.32,0.48267026864650997
80880,plant cover cloth,product_type,16,12,0.7094788684865343,0.5625,0.5833333333333334,0.41666666666666663,0.9,0.8380100218981551,0.875,0.9166666666666666,0.08333333333333337,0.7,0.8380100218981551,0.9375,1.0,0.0,0.3,0.06262242910851495
81029,plastic cup drink sleeve with handle,multi_constraint,16,1,0.034604310199737566,0.21428571428571427,0.0,1.0,0.4,0.2948972332416043,0.35714285714285715,0.0,1.0,0.3,0.2948972332416043,0.5,0.0,1.0,0.18,-0.4391118180420563
81301,playset without swing,product_type,40,10,0.21002553214381411,0.2222222222222222,0.2,0.8,1.0,0.42896629413335613,0.4444444444444444,0.6,0.4,1.0,0.6208123318517698,1.0,1.0,0.0,0.78,0.09559811278104417
81478,plus size bohemian clothing for women,style,16,5,0.652954415924597,0.0625,0.0,1.0,0.1,0.654773984198298,0.0625,0.0,1.0,0.05,0.654773984198298,0.1875,0.2,0.8,0.06,0.36563621206356534
81547,plus size pinup clothing for women,multi_constraint,16,1,0.3202611283168535,0.125,0.0,1.0,0.2,0.3303656958488882,0.125,0.0,1.0,0.1,0.3303656958488882,0.25,0.0,1.0,0.08,-0.08401680504168059
82738,potato shreds,brand_entity_proxy,16,1,0.99104548471279,0.4375,1.0,0.0,0.7,0.9911668444961357,0.6875,1.0,0.0,0.55,0.9911668444961357,0.75,1.0,0.0,0.24,0.6157935373745561
82799,powdered lemonade drink mix,product_type,16,14,0.8285452329852562,0.5625,0.5,0.5,0.9,0.9484872328444294,0.9375,0.9285714285714286,0.0714285714285714,0.75,0.9484872328444294,1.0,1.0,0.0,0.32,-0.28697202159177576
82836,power fusion razor,product_type,16,7,0.733814679040162,0.5625,0.7142857142857143,0.2857142857142857,0.9,0.8137560541782655,0.9375,1.0,0.0,0.75,0.8137560541782655,1.0,1.0,0.0,0.32,0.39605901719066977
82977,prach lift leggings,product_type,42,35,0.77183092833689,0.23809523809523808,0.2,0.8,1.0,0.7783673650256245,0.4523809523809524,0.4,0.6,0.95,0.9342425085826035,0.9761904761904762,0.9714285714285714,0.02857142857142858,0.82,-0.2556366768463417
83182,pressed flower frame,product_type,16,8,0.93346124679609,0.4,0.5,0.5,0.6,0.9336819719252376,0.6,0.875,0.125,0.45,0.9336819719252376,0.9333333333333333,1.0,0.0,0.28,0.6435959029348384
83573,professional fake beard short,attribute_constraint,16,5,0.7606319603192695,0.625,0.8,0.19999999999999996,1.0,0.8491420156952023,0.875,1.0,0.0,0.7,0.8491420156952023,0.9375,1.0,0.0,0.3,0.36563621206356534
83860,prusa i3 mk3,attribute_constraint,16,1,0.48587040700692413,0.375,0.0,1.0,0.6,0.49242032771547195,0.5,1.0,0.0,0.4,0.49242032771547195,0.625,1.0,0.0,0.2,0.6688689116075233
84011,psp,brand_entity_proxy,24,14,0.9375119002569006,0.4166666666666667,0.6428571428571429,0.3571428571428571,1.0,0.9402543484377841,0.8333333333333334,0.9285714285714286,0.0714285714285714,1.0,0.9743267009866694,0.9583333333333334,0.9285714285714286,0.0714285714285714,0.46,0.512792864360582
84333,punsher,brand_entity_proxy,16,7,0.7943765920395706,0.1875,0.2857142857142857,0.7142857142857143,0.3,0.8682974754069018,0.1875,0.2857142857142857,0.7142857142857143,0.15,0.8682974754069018,0.25,0.42857142857142855,0.5714285714285714,0.08,0.4236253652069069
84543,purple chair covers,product_type,16,13,0.85011663231495,0.625,0.6153846153846154,0.3846153846153846,1.0,0.9630937219135325,1.0,1.0,0.0,0.8,0.9630937219135325,1.0,1.0,0.0,0.32,0.05210501057189061
84692,put out more flags evelyn waugh,multi_constraint,12,6,0.6560216424698185,0.6666666666666666,0.6666666666666666,0.33333333333333337,0.8,0.7397052070254235,0.9166666666666666,1.0,0.0,0.55,0.7397052070254235,0.9166666666666666,1.0,0.0,0.22,0.0965609099170535
84752,pvc sheet white,attribute_constraint,16,11,0.6273386885700823,0.625,0.45454545454545453,0.5454545454545454,1.0,0.912612612908012,0.75,0.6363636363636364,0.36363636363636365,0.6,0.912612612908012,0.8125,0.7272727272727273,0.2727272727272727,0.26,-0.19013083027305397
84990,queen trifold mattress,attribute_constraint,16,2,0.9743685699376277,0.5625,1.0,0.0,0.9,0.9874856692082817,0.75,1.0,0.0,0.6,0.9874856692082817,0.9375,1.0,0.0,0.3,0.6579267794054469
85202,rachel held evans monkey town,multi_constraint,12,3,0.6855349668675305,0.5,0.6666666666666666,0.33333333333333337,0.6,0.6863342930754607,0.5,0.6666666666666666,0.33333333333333337,0.3,0.6863342930754607,0.5,0.6666666666666666,0.33333333333333337,0.12,0.3623715376697393
85743,raw rolling papers organix,product_type,16,9,0.5078364195480358,0.5,0.5555555555555556,0.4444444444444444,0.8,0.7528584618115024,0.875,0.8888888888888888,0.11111111111111116,0.7,0.7528584618115024,0.9375,0.8888888888888888,0.11111111111111116,0.3,-0.013665334361513128
85956,real braces for kids,product_type,15,9,0.8790675970681487,0.4,0.4444444444444444,0.5555555555555556,0.5,0.943197943189258,0.8,0.8888888888888888,0.11111111111111116,0.5,0.943197943189258,1.0,1.0,0.0,0.24,0.5237391727648747
87048,remove stain from bath tub,multi_constraint,16,12,0.823699893396571,0.5,0.5,0.5,0.7,0.9410098683835375,0.75,0.75,0.25,0.55,0.9410098683835375,0.75,0.75,0.25,0.22,0.18786728732554486
87098,replacement backing for samsung galaxy s7,multi_constraint,16,6,0.9812608277582799,0.7142857142857143,1.0,0.0,1.0,0.9877935463495118,0.9285714285714286,1.0,0.0,0.75,0.9877935463495118,1.0,1.0,0.0,0.32,0.7885326126511327
87123,replacement spring,brand_entity_proxy,16,10,0.6220144471846564,0.5333333333333333,0.6,0.4,0.9,0.7972751229425735,0.8666666666666667,0.9,0.09999999999999998,0.7,0.7972751229425735,1.0,1.0,0.0,0.32,0.16029718389845593
87931,roads not taken dvd,product_type,12,2,0.9184387394332417,0.5714285714285714,1.0,0.0,0.6,0.920075553972146,0.5714285714285714,1.0,0.0,0.3,0.920075553972146,0.5714285714285714,1.0,0.0,0.12,0.44577524622183956
88180,rog flow x13 gv301,attribute_constraint,16,2,0.5562582497546309,0.0,0.0,1.0,0.0,0.5603957898787626,0.0,0.0,1.0,0.0,0.5603957898787626,0.125,0.0,1.0,0.04,0.3689640277608545
88972,rubberband holder for bathroom,product_type,16,1,0.3788146552077084,0.07692307692307693,0.0,1.0,0.3,0.4278508225284235,0.15384615384615385,0.0,1.0,0.2,0.4278508225284235,0.3076923076923077,1.0,0.0,0.12,-0.18280750757349779
89016,ruby glasses palstic,product_type,16,1,0.30975491522822723,0.25,0.0,1.0,0.1,0.31234102571402683,0.25,0.0,1.0,0.1,0.31234102571402683,0.5,0.0,1.0,0.12,0.14175425382196266
89094,ruger sr22 accessories,attribute_constraint,16,5,0.9561427167557868,0.4375,0.8,0.19999999999999996,0.7,0.9719354282185682,0.8125,1.0,0.0,0.65,0.9719354282185682,0.875,1.0,0.0,0.28,0.5649074042910895
89443,s j parris,product_type,15,7,0.8901376521102846,0.06666666666666667,0.14285714285714285,0.8571428571428572,0.1,0.9659801628015467,0.06666666666666667,0.14285714285714285,0.8571428571428572,0.05,0.9659801628015467,0.06666666666666667,0.14285714285714285,0.8571428571428572,0.02,0.6495190528383289
90070,samsung galaxy j4 core case with screen protector,long_descriptive,16,4,0.4200308419249821,0.7142857142857143,0.5,0.5,1.0,0.6193215684637724,0.8571428571428571,0.75,0.25,0.65,0.6193215684637724,1.0,1.0,0.0,0.3,0.32494840722209
90523,santa sack medium,product_type,16,15,0.9273697171216337,0.125,0.13333333333333333,0.8666666666666667,0.2,0.9850274488214884,0.125,0.13333333333333333,0.8666666666666667,0.1,0.9850274488214884,0.25,0.26666666666666666,0.7333333333333334,0.08,-0.08401680504168059
90653,satin rope crafts,product_type,16,6,0.53584570956887,0.6666666666666666,0.6666666666666666,0.33333333333333337,1.0,0.6880918132058711,1.0,1.0,0.0,0.75,0.6880918132058711,1.0,1.0,0.0,0.3,0.17573375583870182
90835,scarfs england,brand_entity_proxy,16,5,0.9761591519871146,0.7272727272727273,1.0,0.0,0.8,0.976084021518469,0.8181818181818182,1.0,0.0,0.45,0.976084021518469,0.9090909090909091,1.0,0.0,0.2,0.8231932086840423
90983,science fiction books,product_type,32,13,0.675516636802642,0.03125,0.07692307692307693,0.9230769230769231,0.1,0.6718340248004818,0.03125,0.07692307692307693,0.9230769230769231,0.05,0.8686110971191418,0.09375,0.23076923076923078,0.7692307692307692,0.06,0.2032948352896487
91113,scrapbook zebra,brand_entity_proxy,16,5,0.8903796685717896,0.6,1.0,0.0,0.9,0.8908648143652346,0.7333333333333333,1.0,0.0,0.55,0.8908648143652346,0.8,1.0,0.0,0.24,0.6980683814932759
91245,scx 10.2,attribute_constraint,16,3,0.4722240303384318,0.75,0.6666666666666666,0.33333333333333337,0.9,0.6120799240087665,0.9166666666666666,1.0,0.0,0.65,0.6120799240087665,0.9166666666666666,1.0,0.0,0.26,0.33909536133210605
91267,sdi to usb blackmagic,product_type,16,8,0.5768106113508545,0.7272727272727273,0.75,0.25,1.0,0.714074670530127,0.9090909090909091,0.875,0.125,0.7,0.714074670530127,1.0,1.0,0.0,0.32,0.1503278599366923
91452,secret lives of monarchs,product_type,16,2,0.8805759217511043,0.42857142857142855,1.0,0.0,0.6,0.8810127903448557,0.7142857142857143,1.0,0.0,0.5,0.8810127903448557,0.7142857142857143,1.0,0.0,0.2,0.4880935300919764
91498,security light with socket,product_type,16,2,0.07858395037810544,0.3333333333333333,0.0,1.0,0.5,0.3786292784700051,0.4666666666666667,0.0,1.0,0.35,0.3786292784700051,0.7333333333333333,0.0,1.0,0.22,0.08959480095737891
91539,sega genesis,brand_entity_proxy,16,8,0.7526428730133286,0.625,0.625,0.375,1.0,0.9313690269988715,0.9375,1.0,0.0,0.75,0.9313690269988715,0.9375,1.0,0.0,0.3,0.2169304578186562
91847,serta sheep,brand_entity_proxy,16,14,1.0,0.6666666666666666,0.7142857142857143,0.2857142857142857,1.0,0.996385429563943,0.9333333333333333,1.0,0.0,0.75,0.996385429563943,1.0,1.0,0.0,0.32,0.4397265936058257
92217,shampoo,brand_entity_proxy,43,33,0.7143165524820748,0.07894736842105263,0.09090909090909091,0.9090909090909091,0.4,0.7088985871484578,0.18421052631578946,0.21212121212121213,0.7878787878787878,0.4,0.8827670604578551,0.5526315789473685,0.5151515151515151,0.48484848484848486,0.44,0.0497001940541801
92320,sharon tate recollection,product_type,16,10,0.7821091513649008,0.7142857142857143,0.9,0.09999999999999998,1.0,0.8432004472543794,0.7857142857142857,1.0,0.0,0.6,0.8432004472543794,0.8571428571428571,1.0,0.0,0.26,0.5807767103643079
92627,shirt without stripes,product_type,40,16,0.0007336392209936006,0.0,0.0,1.0,0.3,0.21065032188324972,0.0,0.0,1.0,0.15,0.5701153725519359,0.041666666666666664,0.0,1.0,0.14,-0.4455323354299843
92663,shock wave 1 aerosol,attribute_constraint,42,4,0.6284222459503205,0.35714285714285715,0.5,0.5,0.6,0.6384465159047112,0.35714285714285715,0.5,0.5,0.45,0.8088442447368771,0.42857142857142855,0.5,0.5,0.22,0.4185366563047174
92720,shoe tree rack,product_type,16,10,0.7095177657090994,0.625,0.6,0.4,1.0,0.9360925050891398,0.9375,1.0,0.0,0.75,0.9360925050891398,1.0,1.0,0.0,0.32,0.16803361008336118
92810,short bridal off the shoulder sheath dreses,multi_constraint,8,1,0.3589336666793308,0.125,0.0,1.0,0.1,0.3589336666793308,0.125,0.0,1.0,0.05,0.3589336666793308,0.125,0.0,1.0,0.02,-0.4123930494211612
92928,show tights for women,product_type,16,5,0.7420427805456776,0.2,0.2,0.8,0.1,0.8268328318640816,0.2,0.2,0.8,0.05,0.8268328318640816,0.4,0.4,0.6,0.06,0.2778835211683096
93169,sigma 105mm f1.4 art nikon,multi_constraint,16,5,0.5973114423043181,0.7692307692307693,0.6,0.4,1.0,0.7611812030805217,1.0,1.0,0.0,0.8,0.7611812030805217,1.0,1.0,0.0,0.32,0.12837597967245565
93559,silver signet ring women,attribute_constraint,40,21,0.6055563448020718,0.2631578947368421,0.23809523809523808,0.7619047619047619,1.0,0.5689932326579853,0.42105263157894735,0.38095238095238093,0.6190476190476191,0.8,0.8590886734862939,0.7631578947368421,0.7142857142857143,0.2857142857142857,0.62,0.04039126689811447
93654,simple modern straw lid water bottle,style,16,10,0.5615089229018159,0.375,0.4,0.6,0.6,0.7863508199916782,0.625,0.6,0.4,0.5,0.7863508199916782,0.9375,1.0,0.0,0.3,0.10249000771134846
93758,sink caddy for single sink,multi_constraint,16,9,0.9068745433454979,0.5,0.6666666666666666,0.33333333333333337,0.8,0.9680674953254387,0.625,0.8888888888888888,0.11111111111111116,0.5,0.9680674953254387,0.8125,1.0,0.0,0.26,0.5876093775450646
94456,slimfast meal replacement bar,product_type,40,13,0.7250725424568947,0.2564102564102564,0.46153846153846156,0.5384615384615384,1.0,0.7552996369453157,0.5128205128205128,0.6923076923076923,0.3076923076923077,1.0,0.9095875957996312,0.8974358974358975,1.0,0.0,0.72,0.4051105908885258
94846,small plastic containers with lids 1 oz,multi_constraint,16,3,0.2921638475775953,0.25,0.0,1.0,0.4,0.4244785910301871,0.5625,0.3333333333333333,0.6666666666666667,0.45,0.4244785910301871,0.9375,1.0,0.0,0.3,-0.15631503171567185
94878,small round serving tray with sides,multi_constraint,16,13,0.8643851368046714,0.1875,0.23076923076923078,0.7692307692307692,0.3,0.9721745095649089,0.375,0.46153846153846156,0.5384615384615384,0.3,0.9721745095649089,0.875,0.8461538461538461,0.15384615384615385,0.28,0.08684168428648434
94932,small tablr and chairs,attribute_constraint,16,13,0.7972140949565951,0.1875,0.15384615384615385,0.8461538461538461,0.3,0.9206086960179963,0.3125,0.23076923076923078,0.7692307692307692,0.25,0.9206086960179963,0.75,0.7692307692307693,0.23076923076923073,0.24,-0.1215783580010781
95116,smartthings hub,brand_entity_proxy,16,8,0.8170533903747244,0.6428571428571429,0.75,0.25,1.0,0.9456804352519469,0.9285714285714286,0.875,0.125,0.75,0.9456804352519469,0.9285714285714286,0.875,0.125,0.3,0.4205981613122348
95136,smartwool mens large socks heavy,multi_constraint,16,2,0.40363459393560613,0.5,0.5,0.5,0.8,0.5537359362733587,0.9375,0.5,0.5,0.75,0.5537359362733587,0.9375,0.5,0.5,0.3,-0.04099600308453939
95453,snowflake jumbo,brand_entity_proxy,16,11,0.8364586133797037,0.4166666666666667,0.45454545454545453,0.5454545454545454,0.7,0.9550140954203572,0.6666666666666666,0.7272727272727273,0.2727272727272727,0.5,0.9550140954203572,0.75,0.8181818181818182,0.18181818181818177,0.22,0.32539568672798425
95494,snuggie,brand_entity_proxy,27,18,0.853648803993702,0.15384615384615385,0.2222222222222222,0.7777777777777778,0.4,0.8936802975355066,0.15384615384615385,0.2222222222222222,0.7777777777777778,0.2,0.9589179718184522,0.15384615384615385,0.2222222222222222,0.7777777777777778,0.08,0.4287377071535926
95886,solar survival gear,product_type,16,2,0.40363459393560613,0.0625,0.0,1.0,0.1,0.5604164509991099,0.125,0.5,0.5,0.1,0.5604164509991099,0.25,0.5,0.5,0.08,0.04099600308453939
95917,sole e95 elliptical,attribute_constraint,16,3,0.8166029287531842,0.375,0.6666666666666666,0.33333333333333337,0.6,0.8179230068641119,0.5625,1.0,0.0,0.45,0.8179230068641119,0.8125,1.0,0.0,0.26,0.399471747717828
96045,sonnect egpu,brand_entity_proxy,16,11,0.7972140949565951,0.5,0.5454545454545454,0.4545454545454546,0.8,0.9152102276391576,0.75,0.9090909090909091,0.09090909090909094,0.6,0.9152102276391576,0.875,0.9090909090909091,0.09090909090909094,0.28,0.10247423880476829
96401,sp 41,attribute_constraint,16,1,0.012878487491150009,0.0,0.0,1.0,0.0,0.2679054961816893,0.0,0.0,1.0,0.0,0.2679054961816893,0.0,0.0,1.0,0.04,-0.21200595289795784
96535,sparkly 2 piece outfits for women sexy,multi_constraint,41,28,0.8067628892172455,0.24390243902439024,0.2857142857142857,0.7142857142857143,1.0,0.8752910781900735,0.36585365853658536,0.4642857142857143,0.5357142857142857,0.75,0.9360618466901665,0.6829268292682927,0.8214285714285714,0.1785714285714286,0.56,0.3944658828694722
96819,spigen iphone xs max slim,multi_constraint,16,8,0.9634467452882588,0.6666666666666666,0.75,0.25,0.7,0.9640651001457823,0.8888888888888888,1.0,0.0,0.7,0.9640651001457823,1.0,1.0,0.0,0.32,0.6303939356951493
98201,stitch pajamas,brand_entity_proxy,13,6,0.9489415452074045,0.5,0.5,0.5,0.4,0.9489415452074045,0.6666666666666666,0.6666666666666666,0.33333333333333337,0.3,0.9489415452074045,1.0,1.0,0.0,0.22,0.6185895741317419
98425,stranger things lego sets,product_type,16,1,0.9370496145157959,0.2857142857142857,1.0,0.0,0.5,0.9576290249755314,0.5,1.0,0.0,0.4,0.9576290249755314,0.5714285714285714,1.0,0.0,0.18,0.24222618366813795
98526,street/dirt bike,product_type,16,6,0.7851924149729294,0.3333333333333333,0.5,0.5,0.6,0.8877761581002972,0.4,0.6666666666666666,0.33333333333333337,0.35,0.8877761581002972,0.5333333333333333,0.8333333333333334,0.16666666666666663,0.18,0.08256293082314575
99391,superhero workout shirts for women,multi_constraint,16,6,0.8227286033360879,0.5,0.5,0.5,0.4,0.8983792067107912,0.6666666666666666,0.6666666666666666,0.33333333333333337,0.3,0.8983792067107912,0.6666666666666666,0.6666666666666666,0.33333333333333337,0.14,0.3920784235278428
99846,swimsuit padded push up bra,multi_constraint,16,4,0.5393960059656142,0.4375,0.5,0.5,0.7,0.6361303399419405,0.5625,0.5,0.5,0.45,0.6361303399419405,0.625,0.75,0.25,0.2,0.26094341792076925
100084,t150 stand,attribute_constraint,16,6,0.8777140067011467,0.4666666666666667,0.8333333333333334,0.16666666666666663,0.7,0.9542882001892691,0.6666666666666666,0.8333333333333334,0.16666666666666663,0.5,0.9542882001892691,0.8666666666666667,0.8333333333333334,0.16666666666666663,0.26,0.6276205565667922
100330,tactacam reveal trail camera,product_type,40,10,0.6241934600725181,0.25,0.5,0.5,1.0,0.7207275662742278,0.5,0.7,0.30000000000000004,1.0,0.8647978001548086,0.975,1.0,0.0,0.78,0.09468461674476737
100469,tales from a not so perfect pet sitter,long_descriptive,16,9,0.6527035226484612,0.06666666666666667,0.1111111111111111,0.8888888888888888,0.1,0.8312862180995756,0.2,0.2222222222222222,0.7777777777777778,0.2,0.8312862180995756,0.5333333333333333,0.6666666666666666,0.33333333333333337,0.18,-0.08870370532810663
100474,talkbox keyboard,brand_entity_proxy,16,4,0.24636751260230583,0.25,0.0,1.0,0.4,0.4480725909623911,0.3333333333333333,0.0,1.0,0.25,0.4480725909623911,0.3333333333333333,0.0,1.0,0.14,-0.40265661914486955
100637,tanning lotion outdoor,product_type,16,7,0.7780801169126,0.625,0.7142857142857143,0.2857142857142857,1.0,0.925415940378587,0.9375,1.0,0.0,0.75,0.925415940378587,1.0,1.0,0.0,0.32,0.4509560339299332
100807,tascam multitrack recorder,product_type,40,27,0.8422265994800127,0.24324324324324326,0.2962962962962963,0.7037037037037037,1.0,0.7220219258455288,0.4594594594594595,0.48148148148148145,0.5185185185185186,1.0,0.9252321233546985,1.0,1.0,0.0,0.8,-0.00793792131363349
101683,texas home t shirt women,multi_constraint,40,14,0.5900752076537291,0.2222222222222222,0.2857142857142857,0.7142857142857143,0.9,0.6183766221732016,0.4166666666666667,0.5,0.5,0.8,0.8344922804519583,0.6944444444444444,0.7142857142857143,0.2857142857142857,0.52,0.2583292791237388
101841,the bible james earl jones audio cd,multi_constraint,16,5,0.9821265354663393,0.625,1.0,0.0,1.0,0.9822202464671381,0.8125,1.0,0.0,0.65,0.9822202464671381,1.0,1.0,0.0,0.32,0.7458978726096732
102215,the mule clint eastwood,product_type,16,1,0.5121932132740001,0.45454545454545453,1.0,0.0,0.7,0.5209800024687159,0.6363636363636364,1.0,0.0,0.45,0.5209800024687159,0.6363636363636364,1.0,0.0,0.2,0.3240416190635453
102308,the phantom of the opera costume,multi_constraint,16,3,0.7432520922530367,0.4,0.6666666666666666,0.33333333333333337,0.6,0.7445776744576201,0.4666666666666667,1.0,0.0,0.35,0.7445776744576201,0.5333333333333333,1.0,0.0,0.16,0.7788955738032619
102732,things for ten year old girls,multi_constraint,16,9,0.6138108994447865,0.1875,0.2222222222222222,0.7777777777777778,0.3,0.7991433416096109,0.1875,0.2222222222222222,0.7777777777777778,0.15,0.7991433416096109,0.4375,0.5555555555555556,0.4444444444444444,0.14,0.20498001542269692
102895,thrive hangover,brand_entity_proxy,16,4,0.5055999836994155,0.23076923076923078,0.25,0.75,0.4,0.6157248845812225,0.46153846153846156,0.5,0.5,0.35,0.6157248845812225,0.6153846153846154,0.75,0.25,0.2,0.19693842861944846
102991,ti-nspire cas cx calculator,multi_constraint,16,4,0.8129681474942646,0.625,1.0,0.0,1.0,0.8479713204209431,1.0,1.0,0.0,0.8,0.8479713204209431,1.0,1.0,0.0,0.32,0.1195820277411488
103099,tiger shark jet ski parts,multi_constraint,16,7,0.4534767042376847,0.3333333333333333,0.42857142857142855,0.5714285714285714,0.9,0.745775795691209,0.4444444444444444,0.42857142857142855,0.5714285714285714,0.5,0.745775795691209,0.7777777777777778,0.7142857142857143,0.2857142857142857,0.26,-0.3333683455001578
103248,tin ceiling tiles bronze,product_type,16,13,1.0,0.7692307692307693,0.7692307692307693,0.23076923076923073,1.0,0.9952220823437465,0.9230769230769231,0.9230769230769231,0.07692307692307687,0.65,0.9952220823437465,0.9230769230769231,0.9230769230769231,0.07692307692307687,0.28,0.5384184425762029
103500,toad keychain,brand_entity_proxy,16,7,0.8912901199753849,0.5625,0.7142857142857143,0.2857142857142857,0.9,0.9671504381499755,0.8125,1.0,0.0,0.65,0.9671504381499755,0.9375,1.0,0.0,0.3,0.642270714991117
103612,toddler boy pants cotton,product_type,16,15,0.77990823370192,0.3333333333333333,0.3333333333333333,0.6666666666666667,0.6,0.8711304194636228,0.4,0.4,0.6,0.35,0.8711304194636228,0.7333333333333333,0.7333333333333333,0.2666666666666667,0.24,-0.42008402520840293
103705,toddler jogger outfits for girls,multi_constraint,16,5,0.7065613459224237,0.5,0.4,0.6,0.4,0.8010535353840501,0.5,0.4,0.6,0.25,0.8010535353840501,0.8333333333333334,0.8,0.19999999999999996,0.16,0.46020804409556704
104116,tool wrap,brand_entity_proxy,40,32,0.9363792118010483,0.25,0.28125,0.71875,1.0,0.8936925685575385,0.5277777777777778,0.53125,0.46875,1.0,0.9758096499923958,0.8055555555555556,0.8125,0.1875,0.62,0.22582048586923095
104212,top water fishing baits popin pickle,multi_constraint,10,3,0.9339437668910776,0.8,1.0,0.0,0.8,0.9339437668910776,1.0,1.0,0.0,0.5,0.9339437668910776,1.0,1.0,0.0,0.2,0.5698028822981897
104375,tote to carry shoes,product_type,16,10,0.8318477135310892,0.2,0.2,0.8,0.2,0.9491319063438369,0.2,0.2,0.8,0.1,0.9491319063438369,0.2,0.2,0.8,0.04,0.44808962688896314
104485,toxozers,brand_entity_proxy,37,16,0.8910545756824505,0.08108108108108109,0.125,0.875,0.3,0.8260403528269411,0.08108108108108109,0.125,0.875,0.15,0.9268560520032157,0.08108108108108109,0.125,0.875,0.06,0.5416064165450531
104556,toy story girls clothes,product_type,16,10,0.6378891765242929,0.6,0.6,0.4,0.8,0.8121121637872649,0.9,0.9,0.09999999999999998,0.65,0.8121121637872649,0.9,0.9,0.09999999999999998,0.28,0.22404481344448157
104929,trash can 30 gallon outdoor,multi_constraint,16,2,0.23979955903158698,0.5625,0.5,0.5,0.9,0.3914285332188986,0.9375,0.5,0.5,0.75,0.3914285332188986,0.9375,0.5,0.5,0.3,-0.20498001542269695
105336,trivial pursuit ps4,attribute_constraint,16,12,0.7044948650760122,0.3125,0.3333333333333333,0.6666666666666667,0.5,0.8374986742036145,0.5,0.5,0.5,0.4,0.8374986742036145,0.75,0.8333333333333334,0.16666666666666663,0.24,0.1252448582170299
105354,troll hair wig light blue,multi_constraint,8,3,0.6604706179429548,1.0,1.0,0.0,0.7,0.6604706179429548,1.0,1.0,0.0,0.35,0.6604706179429548,1.0,1.0,0.0,0.14,0.2738612787525831
106080,twin rollaway bed with mattress,multi_constraint,16,8,0.6947033114040194,0.4,0.5,0.5,0.7,0.8850591313777173,0.6666666666666666,0.625,0.375,0.55,0.8850591313777173,1.0,1.0,0.0,0.32,-0.02310344266945574
106387,ugly christmas shirt size 3xl,multi_constraint,16,6,0.8758783111476058,0.6363636363636364,0.6666666666666666,0.33333333333333337,0.8,0.8767475313743739,0.9090909090909091,1.0,0.0,0.6,0.8767475313743739,1.0,1.0,0.0,0.26,0.5456773163625281
106839,unicorn tails book,product_type,16,3,0.9471792405745539,0.6,0.6666666666666666,0.33333333333333337,0.4,0.9471792405745539,0.8,1.0,0.0,0.25,0.9471792405745539,1.0,1.0,0.0,0.16,0.7299042272760689
107789,vampire dolls,brand_entity_proxy,16,8,0.5634810838194696,0.5,0.5,0.5,0.8,0.7046614416563867,0.625,0.75,0.25,0.5,0.7046614416563867,0.8125,1.0,0.0,0.26,0.0412561476240281
107880,vans hoodie for women,product_type,16,3,0.35579502556643433,0.2,0.0,1.0,0.3,0.48639160365883083,0.4,0.6666666666666666,0.33333333333333337,0.3,0.48639160365883083,0.5,0.6666666666666666,0.33333333333333337,0.14,0.24099675703827694
107900,vans toddler girls,product_type,16,13,0.7261776781488589,0.6,0.5384615384615384,0.46153846153846156,1.0,0.9069893344257366,1.0,1.0,0.0,0.8,0.9069893344257366,1.0,1.0,0.0,0.32,-0.22038926600773587
108093,vegetarian womens multivitamin age 50+,multi_constraint,16,6,0.7233056100704898,0.38461538461538464,0.3333333333333333,0.6666666666666667,0.5,0.7974754337295318,0.6923076923076923,0.8333333333333334,0.16666666666666663,0.5,0.7974754337295318,1.0,1.0,0.0,0.32,0.27429236162909154
108571,video doorbell wedge,product_type,16,4,0.9048193390813287,0.5333333333333333,1.0,0.0,0.8,0.905290610842521,0.6,1.0,0.0,0.45,0.905290610842521,0.6,1.0,0.0,0.18,0.8232416917910365
108769,vintage shoes for women,style,16,8,0.3371781172260638,0.125,0.125,0.875,0.2,0.6594474887363976,0.1875,0.125,0.875,0.15,0.6594474887363976,0.5,0.375,0.625,0.16,-0.4880935300919765
108964,vitamin k oil,product_type,16,2,0.9219180243454468,0.5625,1.0,0.0,0.9,0.9226460768829047,0.9375,1.0,0.0,0.75,0.9226460768829047,0.9375,1.0,0.0,0.3,0.5329480400990121
109159,voodoo pins,brand_entity_proxy,16,8,0.9017912708845,0.6428571428571429,0.75,0.25,0.9,0.971109822721056,0.8571428571428571,1.0,0.0,0.6,0.971109822721056,0.8571428571428571,1.0,0.0,0.26,0.7340477416057635
109658,walter wenderley summer samba,product_type,16,9,0.6005000851687916,0.625,0.5555555555555556,0.4444444444444444,1.0,0.8464226987552026,1.0,1.0,0.0,0.8,0.8464226987552026,1.0,1.0,0.0,0.32,-0.15031867797664442
110355,weaver high ring 30mm,attribute_constraint,13,8,0.7614629857097233,0.7692307692307693,0.75,0.25,1.0,0.8970938045215303,0.9230769230769231,0.875,0.125,0.6,0.8970938045215303,1.0,1.0,0.0,0.26,0.0
110443,wedding heels for women,product_type,9,3,0.8542829896459395,0.125,0.3333333333333333,0.6666666666666667,0.1,0.8542829896459395,0.375,0.6666666666666666,0.33333333333333337,0.15,0.8542829896459395,0.5,0.6666666666666666,0.33333333333333337,0.1,0.22360679774997896
110695,west the american cowboy,product_type,16,5,0.48718193220482126,0.6363636363636364,0.4,0.6,0.9,0.662878137107307,0.8181818181818182,0.8,0.19999999999999996,0.7,0.662878137107307,0.9090909090909091,1.0,0.0,0.3,0.15434872662825794
110785,what to expect the first year,multi_constraint,16,5,0.7797809839328667,0.8181818181818182,1.0,0.0,1.0,0.7808212974317051,1.0,1.0,0.0,0.7,0.7808212974317051,1.0,1.0,0.0,0.28,0.4973458969132756
110848,where the crawdads sing,product_type,58,22,0.7924006464090361,0.2903225806451613,0.36363636363636365,0.6363636363636364,1.0,0.8316194846591215,0.6129032258064516,0.7727272727272727,0.2272727272727273,1.0,0.925409773192914,0.8064516129032258,1.0,0.0,0.54,0.7422743770838846
110909,whisper ride 2 ride on push car pink,long_descriptive,16,6,0.683155638463815,0.625,0.6666666666666666,0.33333333333333337,1.0,0.8455255979990162,0.8125,1.0,0.0,0.65,0.8455255979990162,0.9375,1.0,0.0,0.3,0.33606722016672236
111397,white whirlpool dishwasher,attribute_constraint,16,1,0.6798201126395613,0.6,1.0,0.0,1.0,0.737290061464511,0.9333333333333333,1.0,0.0,0.75,0.737290061464511,1.0,1.0,0.0,0.32,0.33665016461206926
111447,whole house fan,product_type,16,14,0.8019174103317279,0.5625,0.5714285714285714,0.4285714285714286,0.9,0.8758011600246504,0.8125,0.7857142857142857,0.2142857142857143,0.65,0.8758011600246504,0.8125,0.7857142857142857,0.2142857142857143,0.26,-0.1354971480297021
111629,wigwam thermal,brand_entity_proxy,16,14,0.7782344940999762,0.5625,0.5,0.5,0.9,0.9077860503604035,0.875,0.8571428571428571,0.1428571428571429,0.7,0.9077860503604035,1.0,1.0,0.0,0.32,-0.4099600308453939
111828,window mount planter,product_type,16,2,0.09542688451674829,0.5625,0.0,1.0,0.9,0.40535644770166235,0.8125,0.5,0.5,0.65,0.40535644770166235,0.8125,0.5,0.5,0.26,-0.41160936445562435
111876,windows tablet with keyboard,product_type,16,4,0.37335764997380533,0.5,0.5,0.5,0.7,0.5768096851351389,0.5714285714285714,0.5,0.5,0.45,0.5768096851351389,0.7857142857142857,0.75,0.25,0.26,0.10249000771134846
111913,wine decorker,brand_entity_proxy,16,11,0.793041126184379,0.0,0.0,1.0,0.0,0.9587990287946877,0.0625,0.09090909090909091,0.9090909090909091,0.05,0.9587990287946877,0.625,0.6363636363636364,0.36363636363636365,0.2,0.19013083027305397
111950,wine vacuum pump,product_type,16,13,0.9146904720674044,0.5625,0.6153846153846154,0.3846153846153846,0.9,0.9621756850088398,0.9375,0.9230769230769231,0.07692307692307687,0.75,0.9621756850088398,0.9375,0.9230769230769231,0.07692307692307687,0.3,0.12099802839640403
112070,wipes floor,brand_entity_proxy,16,3,0.3109227946057415,0.5,0.3333333333333333,0.6666666666666667,0.8,0.5546822882559407,0.6875,0.6666666666666666,0.33333333333333337,0.55,0.5546822882559407,0.9375,0.6666666666666666,0.33333333333333337,0.3,-0.1215783580010781
112116,wired router gigabit without wifi,multi_constraint,19,12,0.5353275241329032,0.4117647058823529,0.4166666666666667,0.5833333333333333,0.9,0.8183067132847989,0.5882352941176471,0.5,0.5,0.6,0.8183067132847989,0.8235294117647058,0.75,0.25,0.32,-0.372504650188532
112141,wireless charger samsung galaxy 10+,multi_constraint,16,10,0.762478314145643,0.5,0.7,0.30000000000000004,0.8,0.9262825513515177,0.625,0.7,0.30000000000000004,0.5,0.9262825513515177,1.0,1.0,0.0,0.32,0.1960392117639214
112578,women on women toys,product_type,16,12,0.684149534310854,0.06666666666666667,0.08333333333333333,0.9166666666666666,0.1,0.86480810099301,0.06666666666666667,0.08333333333333333,0.9166666666666666,0.05,0.86480810099301,0.06666666666666667,0.08333333333333333,0.9166666666666666,0.02,-0.23690436940108828
112716,women's canvas slip on sneakers,multi_constraint,16,6,0.8251567905452482,0.375,0.6666666666666666,0.33333333333333337,0.6,0.8986519604564639,0.625,0.8333333333333334,0.16666666666666663,0.5,0.8986519604564639,0.625,0.8333333333333334,0.16666666666666663,0.2,0.36407282184728257
113321,womens sweatshirts without hoods,product_type,43,32,0.41840104449483195,0.05128205128205128,0.03125,0.96875,0.4,0.5530190489259055,0.10256410256410256,0.0625,0.9375,0.35,0.8040608944131493,0.48717948717948717,0.46875,0.53125,0.46,-0.3351174819863956
113679,wooden serving trays with handles extra large,multi_constraint,40,33,0.7057011195223637,0.225,0.21212121212121213,0.7878787878787878,0.9,0.7720683200676891,0.45,0.42424242424242425,0.5757575757575757,0.9,0.9073570118236162,0.95,0.9393939393939394,0.06060606060606055,0.76,-0.19094364478522383
114588,xsmall top fin fish filter,multi_constraint,15,3,0.8878747599446625,0.5333333333333333,1.0,0.0,0.8,0.8885562240956565,0.6666666666666666,1.0,0.0,0.5,0.8885562240956565,0.8666666666666667,1.0,0.0,0.26,0.5786375623578446
114599,xtend elite series,product_type,16,2,0.5562582497546309,0.2,0.5,0.5,0.3,0.5597530261503404,0.26666666666666666,0.5,0.5,0.2,0.5597530261503404,0.4,1.0,0.0,0.12,0.5185629788417315
114650,xylophone with harmonica,product_type,16,4,0.9626679988523777,0.5,1.0,0.0,0.8,0.962892595902222,0.9375,1.0,0.0,0.75,0.962892595902222,0.9375,1.0,0.0,0.3,0.657535505639407
114793,ye speaker,brand_entity_proxy,17,1,0.413758108453865,0.4117647058823529,1.0,0.0,0.7,0.42378750988096103,0.5882352941176471,1.0,0.0,0.5,0.42378750988096103,0.9411764705882353,1.0,0.0,0.32,0.2041241452319315
114905,yellow tie,brand_entity_proxy,16,7,0.7385972969934216,0.5625,0.7142857142857143,0.2857142857142857,0.9,0.8788836774654983,0.75,0.8571428571428571,0.1428571428571429,0.6,0.8788836774654983,0.875,0.8571428571428571,0.1428571428571429,0.28,0.23231068414572317
114954,yeti coffee travel mug,product_type,27,9,0.978408098688003,0.34615384615384615,0.8888888888888888,0.11111111111111116,0.9,0.9842700442717237,0.5384615384615384,1.0,0.0,0.7,0.9843171566846793,0.8846153846153846,1.0,0.0,0.46,0.8399397941584841
115094,yorktend not a day over fabulous wine tumbler,long_descriptive,40,26,0.7937892708477715,0.2564102564102564,0.3076923076923077,0.6923076923076923,1.0,0.7300391265481732,0.48717948717948717,0.5384615384615384,0.46153846153846156,0.95,0.9119579601752241,0.9487179487179487,0.9615384615384616,0.038461538461538436,0.74,0.2903800225416501
115539,zario chapstick holder,product_type,16,4,1.0,0.625,1.0,0.0,1.0,1.0,1.0,1.0,0.0,0.8,1.0,1.0,1.0,0.0,0.32,0.7514691493021795
