query_id,query,query_type,n_judged,n_highest,cNDCG@10,RelevantRecall@10,HighestRecall@10,RelevantHidden@10,JudgedCoverage@10,cNDCG@20,RelevantRecall@20,HighestRecall@20,RelevantHidden@20,JudgedCoverage@20,cNDCG@50,RelevantRecall@50,HighestRecall@50,RelevantHidden@50,JudgedCoverage@50,RelevanceVisibilitySpearman
165,"(8 pck, one without packaging ) umbra single",multi_constraint,40,6,0.4715984322151122,0.0,0.0,1.0,0.2,0.5532129179548623,0.125,0.16666666666666666,0.8333333333333334,0.15,0.6131605612836722,0.25,0.3333333333333333,0.6666666666666667,0.1,0.3031395930608797
433,0.35x 0.5 stainless steel u not h trowel,long_descriptive,40,7,0.1462203869150261,0.32,0.14285714285714285,0.8571428571428572,0.9,0.36102873632611354,0.6,0.5714285714285714,0.4285714285714286,0.95,0.5343621485279002,0.88,0.8571428571428571,0.1428571428571429,0.6,0.3428045059148591
500,02cool spray water bottle for drinking not flap to drink,long_descriptive,40,22,0.7821091513649008,0.225,0.36363636363636365,0.6363636363636364,0.9,0.8274213518451065,0.45,0.7272727272727273,0.2727272727272727,0.9,0.8906622194091366,0.625,0.9545454545454546,0.045454545454545414,0.5,0.7133960235062689
541,06 honda odyssey a/c compressor,multi_constraint,16,7,0.6373582054646891,0.625,0.5714285714285714,0.4285714285714286,1.0,0.8480721708944818,0.8125,0.8571428571428571,0.1428571428571429,0.65,0.8480721708944818,0.875,0.8571428571428571,0.1428571428571429,0.28,0.10384755040678713
598,0rganic potting without fertelizer for roses,multi_constraint,39,14,0.459029492672956,0.043478260869565216,0.0,1.0,0.2,0.504721186454085,0.08695652173913043,0.07142857142857142,0.9285714285714286,0.15,0.730856503491692,0.34782608695652173,0.42857142857142855,0.5714285714285714,0.24,0.285595566589582
600,0sxk ofrece fidget toys not expensive,multi_constraint,39,26,0.9157083135347952,0.28125,0.3076923076923077,0.6923076923076923,0.9,0.8706664231622246,0.5625,0.5769230769230769,0.42307692307692313,0.9,0.9596341544514762,0.875,0.8846153846153846,0.11538461538461542,0.56,0.5442579010834516
602,0ver charge on items.with prime not happy,long_descriptive,10,3,0.5527950761466396,0.0,0.0,1.0,0.0,0.5527950761466396,0.0,0.0,1.0,0.0,0.5527950761466396,0.0,0.0,1.0,0.0,-0.20806259464411972
622,1 1/2 sink drain without overflow,multi_constraint,40,26,0.4856093532242834,0.23684210526315788,0.23076923076923078,0.7692307692307692,1.0,0.6022174873780465,0.5,0.5384615384615384,0.46153846153846156,1.0,0.7928751170581583,1.0,1.0,0.0,0.8,-0.07229197387243037
637,1 1/4” npt,attribute_constraint,16,13,0.8285452329852562,0.625,0.6153846153846154,0.3846153846153846,1.0,0.9472795731762512,0.875,0.9230769230769231,0.07692307692307687,0.7,0.9472795731762512,0.9375,0.9230769230769231,0.07692307692307687,0.3,-0.060499014198202014
861,1 pint mason jars without words,multi_constraint,40,24,0.17195352806210912,0.1891891891891892,0.08333333333333333,0.9166666666666666,0.7,0.28204983289277125,0.2702702702702703,0.125,0.875,0.65,0.6806952512695327,0.6756756756756757,0.5416666666666666,0.45833333333333337,0.56,-0.5713188453569088
933,1'' oil hose,attribute_constraint,16,4,0.42300721232406585,0.5625,0.5,0.5,0.9,0.6230071771478356,0.8125,0.75,0.25,0.65,0.6230071771478356,0.9375,1.0,0.0,0.3,-0.04405653653621273
978,1.25 sunglasses for women,multi_constraint,16,12,0.7504557090765996,0.5,0.5,0.5,0.8,0.9269239489908836,0.9375,1.0,0.0,0.75,0.9269239489908836,1.0,1.0,0.0,0.32,0.03131121455425748
1210,10 hottest models without cloth,multi_constraint,35,2,0.3877061302720891,0.0,0.0,1.0,0.0,0.3877061302720891,0.0,0.0,1.0,0.0,0.5219902241841949,0.0,0.0,1.0,0.0,0.17852318053455427
1293,10 qt stainless steel pot without aluminum,multi_constraint,39,10,0.17751715284138297,0.20689655172413793,0.2,0.8,1.0,0.2845759818668427,0.5172413793103449,0.4,0.6,1.0,0.5473342735318485,0.9655172413793104,0.9,0.09999999999999998,0.74,-0.16543403837370224
1310,10 succulent plants without plastic containers,multi_constraint,40,1,0.16117051606500427,0.2608695652173913,0.0,1.0,1.0,0.394386280277072,0.4782608695652174,1.0,0.0,0.75,0.494828349491185,0.8260869565217391,1.0,0.0,0.66,0.1370207222882612
1458,100% cranberry juice not from concentrate,multi_constraint,39,15,0.694765116060299,0.24242424242424243,0.5333333333333333,0.4666666666666667,1.0,0.7083106488157267,0.48484848484848486,0.8,0.19999999999999996,1.0,0.8189121331160526,0.9393939393939394,1.0,0.0,0.72,0.3349609828745616
1476,100% remy hair bundles without weft for box braids,long_descriptive,40,17,0.7037654363086521,0.2857142857142857,0.35294117647058826,0.6470588235294117,1.0,0.6524710585051793,0.4857142857142857,0.5882352941176471,0.4117647058823529,0.95,0.8787601785336607,0.8857142857142857,0.8823529411764706,0.11764705882352944,0.72,0.16552288937056875
1530,104 bcd crank arms without chainring,multi_constraint,40,17,0.7293518884704697,0.2857142857142857,0.35294117647058826,0.6470588235294117,1.0,0.7113598430477048,0.5357142857142857,0.6470588235294118,0.3529411764705882,1.0,0.9090459198789533,0.9285714285714286,1.0,0.0,0.74,0.2513689055235328
1659,10×6 patio gazebo without cover,multi_constraint,40,5,0.5468040010912224,0.23809523809523808,0.6,0.4,1.0,0.5527213992681995,0.38095238095238093,0.6,0.4,0.95,0.7012167640689649,0.5714285714285714,0.6,0.4,0.6,-0.14840564725932798
1816,12 hp engine,attribute_constraint,16,4,0.014359049121506111,0.42857142857142855,0.0,1.0,0.8,0.4116689263187363,0.9285714285714286,0.75,0.25,0.75,0.4116689263187363,1.0,1.0,0.0,0.32,-0.7561384922613495
2286,16x48 frame,attribute_constraint,39,13,0.48572398766599256,0.25,0.15384615384615385,0.8461538461538461,0.5,0.7388282565913894,0.35,0.3076923076923077,0.6923076923076923,0.4,0.8179970840229804,0.55,0.5384615384615384,0.46153846153846156,0.26,0.4941261960289023
2390,18x13 setting ring,attribute_constraint,16,2,0.04443943538962297,0.625,0.0,1.0,1.0,0.37472572086009154,0.75,1.0,0.0,0.6,0.37472572086009154,0.9375,1.0,0.0,0.3,-0.31764817037731796
2692,2 ton jack handle replacement,multi_constraint,16,7,0.44747016530899203,0.75,0.7142857142857143,0.2857142857142857,1.0,0.5888782617002692,0.875,0.8571428571428571,0.1428571428571429,0.7,0.5888782617002692,0.875,0.8571428571428571,0.1428571428571429,0.3,-0.17327582002091801
2855,20lb maxima chameleon,attribute_constraint,40,7,0.7855784755954566,0.2647058823529412,0.7142857142857143,0.2857142857142857,1.0,0.8489275771083268,0.5588235294117647,0.8571428571428571,0.1428571428571429,1.0,0.9073432902561188,0.6764705882352942,0.8571428571428571,0.1428571428571429,0.5,0.3902776682961316
3012,24 rims 6 lug,attribute_constraint,17,5,0.36373258061301633,0.3076923076923077,0.2,0.8,0.4,0.5508838295938864,0.5384615384615384,0.6,0.4,0.5,0.5508838295938864,0.9230769230769231,1.0,0.0,0.3,0.06474145337102837
3492,3.5 ft christmas tree with lights,multi_constraint,15,1,1.0,0.6666666666666666,1.0,0.0,1.0,1.0,1.0,1.0,0.0,0.75,1.0,1.0,1.0,0.0,0.3,0.4330127018922193
3494,3.5 mm male to male rca cable,long_descriptive,16,11,0.7072575287674151,0.6666666666666666,0.6363636363636364,0.36363636363636365,1.0,0.8807314646457836,1.0,1.0,0.0,0.8,0.8807314646457836,1.0,1.0,0.0,0.32,-0.041578337748575764
3986,3w landscape light,attribute_constraint,16,14,0.875023800513801,0.625,0.6428571428571429,0.3571428571428571,1.0,0.934707939050441,1.0,1.0,0.0,0.8,0.934707939050441,1.0,1.0,0.0,0.32,-0.09714889858733358
4299,49ers gym apparel,attribute_constraint,16,1,0.5219403281436985,0.5,1.0,0.0,0.8,0.5290468604310943,0.5,1.0,0.0,0.4,0.5290468604310943,0.625,1.0,0.0,0.2,0.30806161848616215
4321,4exls,attribute_constraint,32,5,0.35625487025027147,0.0,0.0,1.0,0.0,0.6109567087939859,0.0,0.0,1.0,0.0,0.6814340181500883,0.0,0.0,1.0,0.0,0.20830219235614314
4860,6 gallon water dispenser,attribute_constraint,16,2,0.6550504351528956,0.5625,1.0,0.0,0.9,0.6698482811814119,0.6875,1.0,0.0,0.55,0.6698482811814119,0.9375,1.0,0.0,0.3,0.49263482989964485
4956,60 watt speaker amp,attribute_constraint,16,7,0.7434265962580807,0.4375,0.5714285714285714,0.4285714285714286,0.7,0.8955190622966379,0.6875,0.7142857142857143,0.2857142857142857,0.55,0.8955190622966379,0.9375,1.0,0.0,0.3,0.1966026175838575
5079,6x6 square mold,attribute_constraint,16,10,0.3534816799500095,0.3125,0.2,0.8,0.5,0.6949718145594683,0.375,0.3,0.7,0.3,0.6949718145594683,0.375,0.3,0.7,0.12,-0.4760952285695233
5094,7 1/8 baseball helmet,multi_constraint,16,11,0.7880571227738568,0.625,0.6363636363636364,0.36363636363636365,1.0,0.9582131412099361,0.9375,1.0,0.0,0.75,0.9582131412099361,1.0,1.0,0.0,0.32,0.2486326242032244
5419,8x12 rustic picture frame,style,16,5,0.6565320411090328,0.625,0.6,0.4,1.0,0.8382557867698632,0.875,1.0,0.0,0.7,0.8382557867698632,1.0,1.0,0.0,0.32,0.16087993330796874
5787,a big idea not the savior,multi_constraint,13,2,0.9195423961796817,0.3333333333333333,0.5,0.5,0.1,0.9195423961796817,0.3333333333333333,0.5,0.5,0.05,0.9195423961796817,0.3333333333333333,0.5,0.5,0.04,0.6444108086192303
5921,a world without you,product_type,17,2,0.6974197706720918,1.0,1.0,0.0,0.5,0.6974197706720918,1.0,1.0,0.0,0.35,0.6974197706720918,1.0,1.0,0.0,0.2,0.6531409780858203
6138,abu garcia baitcasting combo,product_type,15,3,0.5488236938055158,0.6666666666666666,1.0,0.0,1.0,0.5515658103735399,1.0,1.0,0.0,0.75,0.5515658103735399,1.0,1.0,0.0,0.3,0.23145502494313785
6685,adidas joggers for men,product_type,16,8,0.5648111514242792,0.26666666666666666,0.375,0.625,0.5,0.6986888322777006,0.5333333333333333,0.625,0.375,0.45,0.6986888322777006,1.0,1.0,0.0,0.32,-0.02475368857441686
7034,aeramax 290 small room,attribute_constraint,15,1,0.3625871041915979,0.0,0.0,1.0,0.0,0.37059744834435926,0.13333333333333333,0.0,1.0,0.1,0.37059744834435926,0.26666666666666666,0.0,1.0,0.08,0.06185895741317418
7126,afx slot car race track sets,multi_constraint,14,7,0.9806216120774026,0.7692307692307693,1.0,0.0,1.0,0.9806255840895117,0.9230769230769231,1.0,0.0,0.65,0.9806255840895117,1.0,1.0,0.0,0.28,0.7641946604422358
7303,air force ones for men,multi_constraint,16,12,0.7570839376718662,0.5714285714285714,0.5833333333333334,0.41666666666666663,1.0,0.9337307917678473,0.9285714285714286,1.0,0.0,0.75,0.9337307917678473,0.9285714285714286,1.0,0.0,0.3,-0.03486382357799832
7340,air intake gasket kit,product_type,16,2,0.6024230626237375,0.5625,1.0,0.0,0.9,0.6061301524567633,0.8125,1.0,0.0,0.65,0.6061301524567633,0.875,1.0,0.0,0.28,0.32796802467631514
7545,airpods case anti-lost strap,multi_constraint,16,12,0.684394013374121,0.625,0.5833333333333334,0.41666666666666663,1.0,0.8681031174180845,0.9375,1.0,0.0,0.75,0.8681031174180845,0.9375,1.0,0.0,0.3,-0.21917850187980234
7581,airpods pro soft tips,product_type,16,10,0.7225354696030427,0.6666666666666666,0.7,0.30000000000000004,1.0,0.9006625307724149,1.0,1.0,0.0,0.8,0.9006625307724149,1.0,1.0,0.0,0.32,0.18448201388042723
8063,all boots,brand_entity_proxy,16,12,0.9216017310213247,0.4166666666666667,0.4166666666666667,0.5833333333333333,0.5,0.9759460354971371,0.6666666666666666,0.6666666666666666,0.33333333333333337,0.45,0.9759460354971371,0.9166666666666666,0.9166666666666666,0.08333333333333337,0.26,0.4070457892053472
8519,amazon basics wireless charger,product_type,16,8,0.3676609532558247,0.5714285714285714,0.375,0.625,0.9,0.6208726720113973,0.8571428571428571,0.75,0.25,0.7,0.6208726720113973,0.9285714285714286,0.875,0.125,0.3,-0.43339202173237884
8605,amazon rewards points,product_type,16,6,0.81383546042969,0.6666666666666666,0.6666666666666666,0.33333333333333337,0.7,0.8894860638043934,0.8333333333333334,0.8333333333333334,0.16666666666666663,0.55,0.8894860638043934,1.0,1.0,0.0,0.3,0.3920784235278428
8740,amelia bedelia hat,product_type,16,1,0.34550272724414516,0.5833333333333334,0.0,1.0,0.7,0.3489557781556439,0.9166666666666666,1.0,0.0,0.55,0.3489557781556439,1.0,1.0,0.0,0.24,0.6616378963469012
9096,angel halos,brand_entity_proxy,16,11,0.843078030656429,0.6666666666666666,0.7272727272727273,0.2727272727272727,1.0,0.9590413860167227,1.0,1.0,0.0,0.8,0.9590413860167227,1.0,1.0,0.0,0.32,0.40674460840998033
9695,apple fast charger,product_type,16,9,0.51030597606132,0.625,0.6666666666666666,0.33333333333333337,1.0,0.6948617133993228,1.0,1.0,0.0,0.8,0.6948617133993228,1.0,1.0,0.0,0.32,-0.09565734053059191
9776,apple plastic container,attribute_constraint,16,9,0.7099274946147465,0.5,0.6666666666666666,0.33333333333333337,0.8,0.8975282781871881,0.8125,0.8888888888888888,0.11111111111111116,0.65,0.8975282781871881,0.9375,1.0,0.0,0.3,0.36896402776085446
9967,aprilia helmet vaisor,product_type,16,3,0.5780136823717549,0.6666666666666666,0.6666666666666666,0.33333333333333337,0.4,0.5780136823717549,0.6666666666666666,0.6666666666666666,0.33333333333333337,0.4,0.5780136823717549,1.0,1.0,0.0,0.28,0.32999840028864047
10312,arm and bra fat workout,multi_constraint,39,20,0.6503596200271414,0.28125,0.25,0.75,0.9,0.5966314529083054,0.375,0.3,0.7,0.65,0.8765417242503387,0.625,0.6,0.4,0.48,0.07467309961960326
10370,armor of god book,product_type,16,10,0.7254521107352793,0.7,0.7,0.30000000000000004,1.0,0.9041293491527734,1.0,1.0,0.0,0.8,0.9041293491527734,1.0,1.0,0.0,0.32,0.36407282184728257
11509,award winning childrens books ages 9-12,multi_constraint,14,5,0.5953226283675689,0.07142857142857142,0.0,1.0,0.1,0.5967750556814615,0.2857142857142857,0.2,0.8,0.2,0.5967750556814615,0.5,0.6,0.4,0.14,0.1294300457858868
11621,b'patriot supply',product_type,15,1,1.0,0.13333333333333333,1.0,0.0,0.2,1.0,0.13333333333333333,1.0,0.0,0.1,1.0,0.13333333333333333,1.0,0.0,0.04,0.4330127018922193
11875,baby cribs with mattress included,multi_constraint,16,5,0.9309519948950151,0.5384615384615384,0.8,0.19999999999999996,0.8,0.940005484161698,0.8461538461538461,1.0,0.0,0.6,0.940005484161698,0.8461538461538461,1.0,0.0,0.26,0.4915860685018423
11925,baby fleece suit,product_type,40,28,1.0,0.19444444444444445,0.25,0.75,0.7,0.9002938610919319,0.3055555555555556,0.39285714285714285,0.6071428571428572,0.55,0.9736097117625222,0.6111111111111112,0.6428571428571429,0.3571428571428571,0.46,0.3229332466642692
12176,baby shower gifts,product_type,51,27,0.6969660337232797,0.11627906976744186,0.14814814814814814,0.8518518518518519,0.6,0.6265417169377614,0.18604651162790697,0.25925925925925924,0.7407407407407407,0.45,0.8363478444905837,0.27906976744186046,0.3333333333333333,0.6666666666666667,0.26,0.17904571441045306
12432,backless tanks,brand_entity_proxy,16,12,0.7165174701450555,0.06666666666666667,0.0,1.0,0.1,0.8414640063232153,0.26666666666666666,0.25,0.75,0.2,0.8414640063232153,0.4666666666666667,0.5,0.5,0.14,0.10874298923328644
12557,badges without borders,product_type,40,8,0.5396815646300145,0.4444444444444444,0.375,0.625,0.6,0.5972252769702578,0.4444444444444444,0.375,0.625,0.45,0.7934320737552323,0.4444444444444444,0.375,0.625,0.34,0.0629414595146898
12664,baking soda bulk,product_type,18,5,0.38819376203254696,0.5555555555555556,0.6,0.4,1.0,0.5629717018688303,1.0,1.0,0.0,0.9,0.5629717018688303,1.0,1.0,0.0,0.36,-0.03586112771605099
12809,balloons co,brand_entity_proxy,16,4,0.6902347891759517,0.5,0.75,0.25,0.5,0.6902347891759516,0.7,0.75,0.25,0.35,0.6902347891759516,1.0,1.0,0.0,0.2,0.7530727743976519
13089,bar stools,brand_entity_proxy,38,32,0.6357579553586026,0.2631578947368421,0.21875,0.78125,1.0,0.7279963945893732,0.5,0.46875,0.53125,0.95,0.877720898532638,0.9736842105263158,1.0,0.0,0.74,-0.17769311769127152
13169,barbie holder,brand_entity_proxy,16,11,0.583979541849831,0.5625,0.45454545454545453,0.5454545454545454,0.9,0.8161335604659876,0.75,0.7272727272727273,0.2727272727272727,0.6,0.8161335604659876,0.9375,0.9090909090909091,0.09090909090909094,0.3,-0.478213114422252
13471,bass amp headphones,product_type,40,21,0.8572048559638626,0.2962962962962963,0.38095238095238093,0.6190476190476191,1.0,0.6648892264610878,0.48148148148148145,0.5238095238095238,0.47619047619047616,1.0,0.9250137743491501,0.9259259259259259,0.9047619047619048,0.09523809523809523,0.74,0.20911144817749913
13639,bath salts unicorn,product_type,16,15,0.77990823370192,0.6,0.6,0.4,1.0,0.8711304194636228,0.9333333333333333,0.9333333333333333,0.06666666666666665,0.75,0.8711304194636228,1.0,1.0,0.0,0.32,-0.42008402520840293
13785,bathroom storage shelf,product_type,16,8,0.8891102665860803,0.46153846153846156,0.625,0.375,0.6,0.9640687158481042,0.6153846153846154,0.75,0.25,0.4,0.9640687158481042,0.9230769230769231,1.0,0.0,0.28,0.6771636705771693
13954,battery powered inverter generator,product_type,16,13,0.718651925024011,0.6,0.5384615384615384,0.46153846153846156,1.0,0.9006104466952234,0.9333333333333333,0.9230769230769231,0.07692307692307687,0.75,0.9006104466952234,0.9333333333333333,0.9230769230769231,0.07692307692307687,0.3,-0.43429649477995014
14346,beat belle,brand_entity_proxy,16,10,0.7605591431973849,0.3333333333333333,0.4,0.6,0.5,0.9377584638360817,0.4166666666666667,0.5,0.5,0.35,0.9377584638360817,0.4166666666666667,0.5,0.5,0.14,0.25622501927837116
14880,ben 10 ver,attribute_constraint,16,4,0.7397466333385988,0.5,0.5,0.5,0.3,0.7397466333385988,0.5,0.5,0.5,0.15,0.7397466333385988,0.75,0.75,0.25,0.1,0.5636018619766346
14882,ben affleck batman funko pop,multi_constraint,39,11,0.49877745551392444,0.2727272727272727,0.36363636363636365,0.6363636363636364,1.0,0.6192101232534166,0.5757575757575758,0.6363636363636364,0.36363636363636365,1.0,0.790583924165455,1.0,1.0,0.0,0.78,0.34226571341241163
15154,best sellers,brand_entity_proxy,32,28,0.8910545756824505,0.03225806451612903,0.03571428571428571,0.9642857142857143,0.1,0.896252688996626,0.06451612903225806,0.07142857142857142,0.9285714285714286,0.1,0.9589542876425459,0.06451612903225806,0.07142857142857142,0.9285714285714286,0.04,0.03160844784839705
15164,best sleep aid for insomnia,multi_constraint,16,7,0.9767032364607517,0.5625,1.0,0.0,0.9,0.9768026166422804,0.875,1.0,0.0,0.7,0.9768026166422804,0.875,1.0,0.0,0.28,0.7515933898832221
15311,beyblade',brand_entity_proxy,16,10,0.729148602928357,0.7692307692307693,0.7,0.30000000000000004,1.0,0.9062066563179865,0.9230769230769231,0.9,0.09999999999999998,0.6,0.9062066563179865,1.0,1.0,0.0,0.26,0.3763863263545405
15647,big joe bean bag covers only without filling,long_descriptive,40,21,0.6518017798031852,0.28125,0.2857142857142857,0.7142857142857143,1.0,0.6023904765640937,0.5,0.5238095238095238,0.47619047619047616,1.0,0.8573476106615596,1.0,1.0,0.0,0.8,0.030233083145905087
15716,big&j deer attractant,product_type,40,14,0.8682785099656284,0.2564102564102564,0.5714285714285714,0.4285714285714286,1.0,0.8785630607550036,0.5128205128205128,0.8571428571428571,0.1428571428571429,1.0,0.9526442074080191,0.9230769230769231,0.9285714285714286,0.0714285714285714,0.72,0.5572064032568922
15777,bike rear wheel parts,product_type,16,12,0.9305687780632229,0.6153846153846154,0.6666666666666666,0.33333333333333337,0.9,0.9843495066314708,1.0,1.0,0.0,0.8,0.9843495066314708,1.0,1.0,0.0,0.32,0.4602158651480158
15807,biker jeans for boys size 8,multi_constraint,16,15,0.9052116356304495,0.6,0.6,0.4,1.0,0.9682622468384057,0.9333333333333333,0.9333333333333333,0.06666666666666665,0.75,0.9682622468384057,1.0,1.0,0.0,0.32,-0.2520504151250418
16613,black laced up shorts,attribute_constraint,16,9,0.8000800918946133,0.46153846153846156,0.5555555555555556,0.4444444444444444,0.6,0.9261612382773036,0.6153846153846154,0.5555555555555556,0.4444444444444444,0.4,0.9261612382773036,0.7692307692307693,0.7777777777777778,0.2222222222222222,0.2,0.5547099072781131
16684,black nike pants,attribute_constraint,16,13,0.6910714135504372,0.625,0.5384615384615384,0.46153846153846156,1.0,0.8768328016699695,1.0,1.0,0.0,0.8,0.8768328016699695,1.0,1.0,0.0,0.32,-0.46894509514701554
17384,blue friends coffee mug big,multi_constraint,16,11,0.5888720405821463,0.375,0.2727272727272727,0.7272727272727273,0.6,0.7739712018168192,0.625,0.6363636363636364,0.36363636363636365,0.5,0.7739712018168192,0.9375,1.0,0.0,0.3,-0.1023781393777983
17607,bluetooth mouse for laptop without usb receiver,multi_constraint,27,17,0.5626778393241352,0.38461538461538464,0.29411764705882354,0.7058823529411764,1.0,0.6404800511734349,0.7307692307692307,0.6470588235294118,0.3529411764705882,1.0,0.8414740800405316,1.0,1.0,0.0,0.54,-0.267271003632095
17689,blush ruffle sleeve dress,product_type,16,3,0.32300802780215443,0.5,0.3333333333333333,0.6666666666666667,0.8,0.4551007572013749,0.625,0.6666666666666666,0.33333333333333337,0.5,0.4551007572013749,0.875,1.0,0.0,0.28,-0.01736833685729687
17742,bmx stuff for kids,product_type,16,12,0.7686856998393259,0.42857142857142855,0.3333333333333333,0.6666666666666667,0.6,0.8888740925548227,0.42857142857142855,0.3333333333333333,0.6666666666666667,0.3,0.8888740925548227,0.42857142857142855,0.3333333333333333,0.6666666666666667,0.12,0.0503588562793309
18356,book prepared not scared,product_type,16,7,0.9128893806759801,0.8888888888888888,1.0,0.0,0.9,0.9136489141268584,0.8888888888888888,1.0,0.0,0.45,0.9136489141268584,1.0,1.0,0.0,0.22,0.6983306524010313
18553,boppy nursing pillow without cover,multi_constraint,39,21,0.5931930325025321,0.25806451612903225,0.23809523809523808,0.7619047619047619,1.0,0.5662608386119478,0.4838709677419355,0.47619047619047616,0.5238095238095238,1.0,0.8505200625638775,0.967741935483871,0.9523809523809523,0.04761904761904767,0.76,-0.05300769649098008
18679,bose sunglasses,brand_entity_proxy,28,8,0.9203243854026477,0.34782608695652173,0.875,0.125,0.9,0.9838204878725288,0.6086956521739131,1.0,0.0,0.75,0.9848360387745952,0.8260869565217391,1.0,0.0,0.48,0.6389605543222018
18682,bose wireless headphones,product_type,16,8,0.9963907013789741,0.625,1.0,0.0,1.0,0.9964048883577117,0.9375,1.0,0.0,0.75,0.9964048883577117,1.0,1.0,0.0,0.32,0.8406055240472926
18932,bounce pro 14 ft trampoline enclosure,multi_constraint,16,10,0.6592587607659991,0.6666666666666666,0.7,0.30000000000000004,1.0,0.827072685648645,1.0,1.0,0.0,0.8,0.827072685648645,1.0,1.0,0.0,0.32,0.3515337887874926
19053,boxer briefs spandex,product_type,16,14,1.0,0.625,0.7142857142857143,0.2857142857142857,1.0,0.9948981457120716,0.9375,1.0,0.0,0.75,0.9948981457120716,1.0,1.0,0.0,0.32,0.4099600308453939
19134,boyfriend shirts for men,product_type,15,2,1.0,0.26666666666666666,1.0,0.0,0.4,1.0,0.3333333333333333,1.0,0.0,0.25,1.0,0.3333333333333333,1.0,0.0,0.1,0.5900968443520823
19268,boys shoes size 1,attribute_constraint,32,21,0.6969660337232797,0.30434782608695654,0.2857142857142857,0.7142857142857143,0.8,0.6567705620846901,0.4782608695652174,0.42857142857142855,0.5714285714285714,0.65,0.8418233801154208,0.7391304347826086,0.7142857142857143,0.2857142857142857,0.42,0.20657833972139084
19369,bracelet for men tommy hilfiger,multi_constraint,16,11,0.7821091513649008,0.8333333333333334,0.8181818181818182,0.18181818181818177,1.0,0.8502728325049258,1.0,1.0,0.0,0.75,0.8502728325049258,1.0,1.0,0.0,0.32,0.5748657132194388
19372,bracelet making kit age 8,multi_constraint,16,15,0.934408318780155,0.5625,0.5333333333333333,0.4666666666666667,0.9,0.9904813071164753,0.8125,0.8,0.19999999999999996,0.65,0.9904813071164753,1.0,1.0,0.0,0.32,0.028005601680560196
19380,braces,brand_entity_proxy,16,2,0.8175295903539445,1.0,1.0,0.0,0.9,0.8175295903539445,1.0,1.0,0.0,0.55,0.8175295903539445,1.0,1.0,0.0,0.3,0.3689640277608545
19619,breaking the habit of being yourself,multi_constraint,16,2,1.0,1.0,1.0,0.0,0.3,1.0,1.0,1.0,0.0,0.2,1.0,1.0,1.0,0.0,0.18,0.5739440431835515
19694,brene brown the gifts of imperfection,multi_constraint,17,7,0.8196955252667463,0.6666666666666666,0.8571428571428571,0.1428571428571429,1.0,0.8951365567821106,0.8,1.0,0.0,0.65,0.8951365567821106,0.9333333333333333,1.0,0.0,0.3,0.6693992438520162
19953,brooks ghost 12 women,attribute_constraint,16,3,0.9434809250838891,0.46153846153846156,1.0,0.0,0.8,0.9471629791045909,0.6153846153846154,1.0,0.0,0.55,0.9471629791045909,0.9230769230769231,1.0,0.0,0.3,0.33210558207753577
20037,brown belt without buckle,attribute_constraint,41,32,0.5871099926434097,0.225,0.15625,0.84375,0.9,0.6966005878838909,0.475,0.4375,0.5625,0.95,0.8730545714221085,1.0,1.0,0.0,0.82,-0.11443731036875426
20185,bt21 folder,attribute_constraint,16,4,0.803838897006197,0.42857142857142855,0.75,0.25,0.7,0.9132980394283962,0.7142857142857143,0.75,0.25,0.45,0.9132980394283962,0.8571428571428571,1.0,0.0,0.22,0.41028839295718433
20307,budesonide,brand_entity_proxy,16,5,0.830419897363192,0.8,0.8,0.19999999999999996,0.8,0.9195001675814264,0.8,0.8,0.19999999999999996,0.45,0.9195001675814264,0.8,0.8,0.19999999999999996,0.2,0.5118906968889915
20315,budhas statues,brand_entity_proxy,16,10,0.7161749845588831,0.625,0.7,0.30000000000000004,1.0,0.8919788947309162,0.875,1.0,0.0,0.7,0.8919788947309162,1.0,1.0,0.0,0.32,0.2520504151250418
20385,bug outdoor repellent,product_type,16,2,0.6604751943734606,0.6666666666666666,1.0,0.0,1.0,0.6630816108854573,1.0,1.0,0.0,0.8,0.6630816108854573,1.0,1.0,0.0,0.32,0.5228843369987459
20500,bulk pens,brand_entity_proxy,16,5,0.6373063954800899,0.2857142857142857,0.4,0.6,0.4,0.7274461707492857,0.6428571428571429,0.8,0.19999999999999996,0.45,0.7274461707492857,0.9285714285714286,1.0,0.0,0.26,0.4740597223144522
20523,bulldogs and barbell,product_type,16,3,0.2960819109658652,0.3333333333333333,0.3333333333333333,0.6666666666666667,0.5,0.53945340595664,0.3333333333333333,0.3333333333333333,0.6666666666666667,0.3,0.53945340595664,0.3333333333333333,0.3333333333333333,0.6666666666666667,0.16,-0.1215783580010781
20788,business notepad,brand_entity_proxy,15,5,0.814702376882467,0.3076923076923077,0.6,0.4,0.4,0.9145348763598187,0.46153846153846156,0.6,0.4,0.3,0.9145348763598187,0.9230769230769231,1.0,0.0,0.26,0.41532318158772763
21481,calcium for chameleons without d3,multi_constraint,40,17,0.793584067764911,0.3333333333333333,0.4117647058823529,0.5882352941176471,1.0,0.7625922957683386,0.6666666666666666,0.7058823529411765,0.2941176470588235,1.0,0.9236498458502115,0.9523809523809523,0.9411764705882353,0.05882352941176472,0.7,0.4038665048951627
21645,calligraphy pens for beginners,product_type,16,13,0.8669534581760927,0.625,0.6153846153846154,0.3846153846153846,1.0,0.9682951762852074,0.9375,0.9230769230769231,0.07692307692307687,0.75,0.9682951762852074,1.0,1.0,0.0,0.32,0.01736833685729687
22173,camping house for 4 people,multi_constraint,16,9,0.6506899330564969,0.5333333333333333,0.6666666666666666,0.33333333333333337,0.9,0.7796516078837157,1.0,1.0,0.0,0.8,0.7796516078837157,1.0,1.0,0.0,0.32,0.1857756847437705
22211,can coke pack 12,attribute_constraint,11,3,0.3378476902328905,0.8181818181818182,0.6666666666666666,0.33333333333333337,0.9,0.4666801511639469,1.0,1.0,0.0,0.55,0.4666801511639469,1.0,1.0,0.0,0.22,-0.38729833462074176
22441,canon eos rebel t3 remote,multi_constraint,16,7,0.6183306997976272,0.625,0.5714285714285714,0.4285714285714286,1.0,0.8308283309891455,1.0,1.0,0.0,0.8,0.8308283309891455,1.0,1.0,0.0,0.32,-0.0627093443885227
22639,captain hook coat women,product_type,16,9,0.7729136121439703,0.5454545454545454,0.6666666666666666,0.33333333333333337,0.7,0.9545276237409777,0.5454545454545454,0.6666666666666666,0.33333333333333337,0.4,0.9545276237409777,0.6363636363636364,0.6666666666666666,0.33333333333333337,0.2,0.3088821187205665
23148,cargill uncertain,brand_entity_proxy,12,4,0.6891815090184357,0.8,1.0,0.0,0.8,0.6891815090184357,0.8,1.0,0.0,0.4,0.6891815090184357,0.9,1.0,0.0,0.18,0.5725357655179306
23260,carol berkin,brand_entity_proxy,16,15,0.862526180565181,0.125,0.06666666666666667,0.9333333333333333,0.2,0.9347834547894404,0.125,0.06666666666666667,0.9333333333333333,0.1,0.9347834547894404,0.125,0.06666666666666667,0.9333333333333333,0.04,-0.36407282184728257
23744,cat and jack shoe,product_type,16,1,0.04388065628739695,0.0625,0.0,1.0,0.1,0.28853160267781536,0.25,0.0,1.0,0.2,0.28853160267781536,0.3125,0.0,1.0,0.1,-0.42008402520840293
24082,cbd tea,brand_entity_proxy,15,5,0.5866497220308848,0.6666666666666666,0.6,0.4,0.7,0.7617650858192014,0.7777777777777778,0.6,0.4,0.6,0.7617650858192014,0.8888888888888888,0.8,0.19999999999999996,0.26,0.20892772350933625
24402,ceramic plates,brand_entity_proxy,16,6,0.2491998813850121,0.625,0.3333333333333333,0.6666666666666667,1.0,0.5613175069953108,0.875,0.8333333333333334,0.16666666666666663,0.7,0.5613175069953108,1.0,1.0,0.0,0.32,-0.44808962688896314
24504,cetaphil night,brand_entity_proxy,16,4,0.9456906287363039,0.5625,0.75,0.25,0.9,0.9460173651605449,1.0,1.0,0.0,0.8,0.9460173651605449,1.0,1.0,0.0,0.32,0.5636018619766346
24668,chamarra polo hombre,product_type,35,8,0.6656576658014054,0.12121212121212122,0.375,0.625,0.5,0.7951324493169595,0.21212121212121213,0.625,0.375,0.4,0.8455151890078406,0.24242424242424243,0.625,0.375,0.18,0.38192029655667226
24697,champion hoodie boys,product_type,16,2,0.8291948748241297,0.75,1.0,0.0,0.9,0.8307961654427104,0.75,1.0,0.0,0.6,0.8307961654427104,1.0,1.0,0.0,0.28,0.3215219285526511
24831,changing table,product_type,39,19,0.6470672817857154,0.2564102564102564,0.3684210526315789,0.631578947368421,1.0,0.733188177473497,0.48717948717948717,0.7894736842105263,0.21052631578947367,0.95,0.8461439498980146,0.8974358974358975,0.8947368421052632,0.10526315789473684,0.7,0.3378335130689897
25132,cheap white dress shoes,attribute_constraint,16,12,0.7951657524814092,0.08333333333333333,0.08333333333333333,0.9166666666666666,0.1,0.9151130598736505,0.16666666666666666,0.16666666666666666,0.8333333333333334,0.1,0.9151130598736505,0.3333333333333333,0.3333333333333333,0.6666666666666667,0.12,0.03131121455425748
25426,chicago cubs shorts mens,product_type,16,5,0.9562411235029563,0.7272727272727273,1.0,0.0,0.9,0.9571674372215492,0.9090909090909091,1.0,0.0,0.6,0.9571674372215492,1.0,1.0,0.0,0.28,0.8060433501697915
25497,chiefs football costumes for boys,multi_constraint,16,1,0.4177498820413211,0.6,1.0,0.0,0.9,0.5118774351074918,0.8666666666666667,1.0,0.0,0.65,0.5118774351074918,1.0,1.0,0.0,0.3,-0.26876468383967034
25516,child fitted pajamas beige,product_type,15,5,0.7465214263381856,0.5833333333333334,0.8,0.19999999999999996,0.7,0.7469420648480412,0.9166666666666666,1.0,0.0,0.6,0.7469420648480412,0.9166666666666666,1.0,0.0,0.26,0.6789347398332044
25591,childrens memoirs disability,product_type,16,3,0.9339437668910776,0.625,1.0,0.0,1.0,0.9344192346116065,0.75,1.0,0.0,0.6,0.9344192346116065,0.9375,1.0,0.0,0.3,0.5731551162907967
26321,cinnamon sticks for potpourri,product_type,16,9,0.9938610088162763,0.6666666666666666,1.0,0.0,1.0,0.9938378055528064,0.8,1.0,0.0,0.65,0.9938378055528064,0.9333333333333333,1.0,0.0,0.3,0.7933123835004254
26642,claypool lennon delirium vinyl,product_type,16,10,0.7839868235004236,0.5,0.6,0.4,0.8,0.9491703729067784,0.6875,0.7,0.30000000000000004,0.55,0.9491703729067784,0.6875,0.7,0.30000000000000004,0.22,0.2520504151250418
26872,clinical terms psychotherapy notes,product_type,16,5,0.3894368369964983,0.625,0.6,0.4,1.0,0.5649251275391297,0.9375,1.0,0.0,0.75,0.5649251275391297,0.9375,1.0,0.0,0.3,-0.04387634544762784
27927,colorful wands,brand_entity_proxy,16,8,0.9165542635924873,1.0,1.0,0.0,0.9,0.9165542635924872,1.0,1.0,0.0,0.5,0.9165542635924872,1.0,1.0,0.0,0.24,0.6779076806833007
28198,compact projector,brand_entity_proxy,16,15,1.0,0.625,0.6666666666666666,0.33333333333333337,1.0,0.9942103224323964,1.0,1.0,0.0,0.8,0.9942103224323964,1.0,1.0,0.0,0.32,0.14002800840280097
28637,controle de play,product_type,15,4,0.6816587806335841,0.25,0.25,0.75,0.3,0.7905525417018162,0.5,0.5,0.5,0.3,0.7905525417018162,0.75,0.75,0.25,0.18,0.27914526311954124
29049,cordless wall hanging fountains,product_type,16,4,1.0,1.0,1.0,0.0,0.4,1.0,1.0,1.0,0.0,0.3,1.0,1.0,1.0,0.0,0.2,0.7514691493021795
29123,corn hole cover for boards,multi_constraint,16,11,0.8641479781575406,0.6428571428571429,0.7272727272727273,0.2727272727272727,1.0,0.9756782905659492,1.0,1.0,0.0,0.8,0.9756782905659492,1.0,1.0,0.0,0.32,0.4602351777898365
29488,cotton paper deckled edges,product_type,16,7,0.6852802397372787,0.3125,0.2857142857142857,0.7142857142857143,0.5,0.8350630899067041,0.625,0.7142857142857143,0.2857142857142857,0.5,0.8350630899067041,0.75,1.0,0.0,0.24,0.2596413528687494
29596,couple earmuffs,brand_entity_proxy,16,12,1.0,0.8333333333333334,0.8333333333333334,0.16666666666666663,1.0,0.9939966427500778,0.8333333333333334,0.8333333333333334,0.16666666666666663,0.5,0.9939966427500778,0.8333333333333334,0.8333333333333334,0.16666666666666663,0.24,0.6262242910851494
29729,cowitness riser,brand_entity_proxy,16,9,0.606340686800555,0.5,0.4444444444444444,0.5555555555555556,0.8,0.9104745851834267,0.625,0.4444444444444444,0.5555555555555556,0.5,0.9104745851834267,0.875,0.7777777777777778,0.2222222222222222,0.28,-0.013665334361513128
29868,crank brothers pedals,product_type,16,10,0.8486026589039901,0.8,0.8,0.19999999999999996,1.0,0.9574711704190932,0.8,0.8,0.19999999999999996,0.65,0.9574711704190932,1.0,1.0,0.0,0.32,0.36407282184728257
29928,crazy rings for women,product_type,15,5,0.7878784937610954,0.25,0.4,0.6,0.5,0.7900169505065358,0.4166666666666667,0.6,0.4,0.35,0.7900169505065358,0.5833333333333334,0.8,0.19999999999999996,0.18,0.13115784746777812
29941,cream colored flower girl dress size 24 month,long_descriptive,14,2,0.3851463492812361,0.5,0.5,0.5,0.7,0.4036366008520729,0.7,1.0,0.0,0.45,0.4036366008520729,0.8,1.0,0.0,0.24,-0.20944071461293742
29945,cream flat shoelaces,product_type,16,5,0.7567845813899053,0.625,0.8,0.19999999999999996,1.0,0.8430918159127165,1.0,1.0,0.0,0.8,0.8430918159127165,1.0,1.0,0.0,0.32,0.36563621206356534
29952,cream v neck t shirt women,multi_constraint,16,4,0.5377186073225203,0.125,0.25,0.75,0.2,0.7444049545662016,0.375,0.5,0.5,0.3,0.7444049545662016,0.75,0.75,0.25,0.24,0.06262242910851495
30020,creme hoodie men,product_type,16,1,0.99655983250542,0.07692307692307693,1.0,0.0,0.1,0.9987619987047865,0.15384615384615385,1.0,0.0,0.1,0.9987619987047865,0.23076923076923078,1.0,0.0,0.06,0.4077862096248241
30318,cross necklace for women 14k gold,multi_constraint,16,12,0.7744380292397731,0.625,0.5833333333333334,0.41666666666666663,1.0,0.9460838784059654,1.0,1.0,0.0,0.8,0.9460838784059654,1.0,1.0,0.0,0.32,0.06262242910851495
31573,dark green flannel for women,multi_constraint,16,2,0.9219180243454468,0.3125,1.0,0.0,0.5,0.9226460768829047,0.5,1.0,0.0,0.4,0.9226460768829047,0.75,1.0,0.0,0.24,0.5329480400990121
31659,dash phone mount bag,product_type,16,7,0.7863989281066865,0.5,0.7142857142857143,0.2857142857142857,0.8,0.9210111447381604,0.8125,0.7142857142857143,0.2857142857142857,0.65,0.9210111447381604,1.0,1.0,0.0,0.32,0.28697202159177565
31724,david yurman medium braclet 11 mm,multi_constraint,16,6,0.7444450840904511,0.2857142857142857,0.5,0.5,0.5,0.7459394678361428,0.35714285714285715,0.6666666666666666,0.33333333333333337,0.3,0.7459394678361428,0.5,1.0,0.0,0.16,0.39864528998458104
31889,deadliest catch season 5,attribute_constraint,16,2,0.5317847194141466,0.6666666666666666,0.5,0.5,1.0,0.6641986532508785,0.9333333333333333,0.5,0.5,0.7,0.6641986532508785,0.9333333333333333,0.5,0.5,0.28,0.2495393150987897
32142,deer plush pillow,product_type,16,10,0.8617780359017885,0.5,0.7,0.30000000000000004,0.8,0.9784023323515728,0.875,1.0,0.0,0.7,0.9784023323515728,0.9375,1.0,0.0,0.3,0.5881176352917641
32164,defribilator portable,brand_entity_proxy,40,13,0.6475240399506749,0.0,0.0,1.0,0.0,0.7231167643406581,0.0,0.0,1.0,0.0,0.8438444014238984,0.0,0.0,1.0,0.0,0.49443235429722
32311,demi moore,brand_entity_proxy,14,11,1.0,0.2727272727272727,0.2727272727272727,0.7272727272727273,0.3,0.9981949637943852,0.2727272727272727,0.2727272727272727,0.7272727272727273,0.15,0.9981949637943852,0.45454545454545453,0.45454545454545453,0.5454545454545454,0.1,0.6693419514856722
32350,denin dress for women,product_type,16,9,0.9938610088162763,0.0,0.0,1.0,0.0,0.993861008816276,0.1,0.1111111111111111,0.8888888888888888,0.05,0.993861008816276,0.5,0.5555555555555556,0.4444444444444444,0.1,0.8451956828432802
32351,denis daily backpack,product_type,16,4,0.7146398068407369,0.25,0.25,0.75,0.3,0.8219956247308751,0.5833333333333334,0.75,0.25,0.35,0.8219956247308751,1.0,1.0,0.0,0.24,0.7094426146838176
32430,depends night defense large for women,multi_constraint,40,19,0.7800934503394668,0.2702702702702703,0.3684210526315789,0.631578947368421,1.0,0.7339410329515007,0.5135135135135135,0.6842105263157895,0.3157894736842105,1.0,0.9113727794778171,0.7837837837837838,0.7894736842105263,0.21052631578947367,0.62,0.30800791443837977
32612,desk gadgets for office,product_type,16,2,0.7129151150988925,0.1875,0.5,0.5,0.3,0.7344963686010965,0.1875,0.5,0.5,0.15,0.7344963686010965,0.4375,1.0,0.0,0.14,0.4099600308453939
32812,dewalt 20v xr oscillating,attribute_constraint,16,4,0.9322801189069635,0.625,1.0,0.0,1.0,0.9422209507239871,1.0,1.0,0.0,0.8,0.9422209507239871,1.0,1.0,0.0,0.32,0.591135497555838
32917,diabetic shoes for men,product_type,16,7,0.22605923071924722,0.25,0.14285714285714285,0.8571428571428572,0.4,0.5806859674586814,0.4375,0.2857142857142857,0.7142857142857143,0.35,0.5806859674586814,0.6875,0.42857142857142855,0.5714285714285714,0.22,-0.5056173713759857
33004,diamond watch,product_type,16,10,0.6817187993591901,0.5625,0.6,0.4,0.9,0.9044804305008071,0.9375,0.9,0.09999999999999998,0.75,0.9044804305008071,1.0,1.0,0.0,0.32,0.0
33735,disinfecting wipes,brand_entity_proxy,32,20,0.8664569776022302,0.3225806451612903,0.4,0.6,1.0,0.8134141593957351,0.6129032258064516,0.7,0.30000000000000004,0.95,0.9615530825067282,0.9032258064516129,1.0,0.0,0.56,0.5532100733162976
34128,do not grow up party decorations,multi_constraint,40,26,0.862526180565181,0.2777777777777778,0.34615384615384615,0.6538461538461539,1.0,0.8448613064599734,0.4722222222222222,0.5769230769230769,0.42307692307692313,0.85,0.9387492856182168,0.8055555555555556,0.9230769230769231,0.07692307692307687,0.6,0.554294885790544
34229,dodge cummins exhaust system,product_type,16,6,0.8982141907304173,0.6,0.8333333333333334,0.16666666666666663,0.9,0.9734055872969549,0.8666666666666667,1.0,0.0,0.65,0.9734055872969549,1.0,1.0,0.0,0.32,0.6589456554375596
34443,dog hip joint c.f.,multi_constraint,16,7,0.6901073492975274,0.6666666666666666,0.8571428571428571,0.1428571428571429,1.0,0.7622630729979665,0.9333333333333333,1.0,0.0,0.7,0.7622630729979665,1.0,1.0,0.0,0.3,0.44556639433950346
34775,donkey and diddy kong,product_type,16,3,0.8484490645072493,0.625,1.0,0.0,1.0,0.8495399165654337,1.0,1.0,0.0,0.8,0.8495399165654337,1.0,1.0,0.0,0.32,0.4342084214324218
34817,door cat toy,product_type,16,10,0.6840957018668293,0.625,0.6,0.4,1.0,0.9170423538974191,1.0,1.0,0.0,0.8,0.9170423538974191,1.0,1.0,0.0,0.32,0.1960392117639214
35117,dr adorable jojoba oil organic,multi_constraint,16,8,0.9109339316074107,0.5625,0.875,0.125,0.9,0.9807567813235569,0.8125,1.0,0.0,0.65,0.9807567813235569,0.9375,1.0,0.0,0.3,0.7321402951379647
35242,dragon ball z dvd season 1,multi_constraint,16,2,0.2842105156867104,0.2,0.0,1.0,0.3,0.4343949578653617,0.26666666666666666,0.5,0.5,0.2,0.4343949578653617,0.5333333333333333,0.5,0.5,0.16,-0.021606790785072143
35755,drywall sander dustless,product_type,16,15,0.9273697171216337,0.625,0.6,0.4,1.0,0.9850274488214884,1.0,1.0,0.0,0.8,0.9850274488214884,1.0,1.0,0.0,0.32,-0.08401680504168059
36669,ed fowler,brand_entity_proxy,16,2,0.6131471927654584,0.5,0.5,0.5,0.4,0.778842958530688,0.5,0.5,0.5,0.25,0.778842958530688,0.5,0.5,0.5,0.12,0.16398401233815757
36678,ed219rbk,attribute_constraint,29,2,0.0018401156590421549,0.0,0.0,1.0,0.0,0.14327541424361095,0.0,0.0,1.0,0.0,0.26784986289924173,0.0,0.0,1.0,0.0,-0.17616606585441102
36753,educational baking game,product_type,16,12,0.9305687780632229,0.4166666666666667,0.4166666666666667,0.5833333333333333,0.5,0.9821211211919533,0.5833333333333334,0.5833333333333334,0.41666666666666663,0.35,0.9821211211919533,0.75,0.75,0.25,0.2,0.4070457892053472
36912,el juego de las llaves,multi_constraint,16,1,0.5088958553962188,0.16666666666666666,1.0,0.0,0.4,0.5185412952844799,0.4166666666666667,1.0,0.0,0.35,0.5185412952844799,0.5833333333333334,1.0,0.0,0.22,-0.07050239879106325
36960,elago black xs max case,multi_constraint,16,2,0.9201111718808527,1.0,1.0,0.0,1.0,0.9201111718808526,1.0,1.0,0.0,0.6,0.9201111718808526,1.0,1.0,0.0,0.3,0.5888112426506381
37451,embellished wedge sandals for women,multi_constraint,16,1,0.3625871041915979,0.375,0.0,1.0,0.6,0.3720624805747924,0.6875,1.0,0.0,0.55,0.3720624805747924,1.0,1.0,0.0,0.32,0.08401680504168059
37466,embroidery hoop without screw,product_type,40,24,0.5225413208007624,0.21621621621621623,0.20833333333333334,0.7916666666666666,1.0,0.47246138221916434,0.4594594594594595,0.375,0.625,1.0,0.8013104822438344,0.972972972972973,0.9583333333333334,0.04166666666666663,0.78,-0.3604511877300925
37498,emergency go bag,product_type,16,2,0.701817296967803,0.7272727272727273,1.0,0.0,0.8,0.702265150789751,0.9090909090909091,1.0,0.0,0.5,0.702265150789751,1.0,1.0,0.0,0.26,0.8308433460772456
37670,energen-c electrolutes,product_type,16,13,0.6226769894192002,0.25,0.15384615384615385,0.8461538461538461,0.4,0.8188875942627716,0.375,0.3076923076923077,0.6923076923076923,0.3,0.8188875942627716,0.4375,0.38461538461538464,0.6153846153846154,0.14,-0.399471747717828
37789,entertainment stand for tv up to 90,multi_constraint,16,1,0.6309297535714575,1.0,1.0,0.0,1.0,0.6309297535714575,1.0,1.0,0.0,0.8,0.6309297535714575,1.0,1.0,0.0,0.32,0.36407282184728257
38679,exploding kitten party pack,product_type,16,2,0.8318904666086389,0.625,1.0,0.0,1.0,0.8462133806426572,0.625,1.0,0.0,0.5,0.8462133806426572,0.75,1.0,0.0,0.24,0.1771756844375916
39022,ez up tent light,product_type,16,3,0.9328042746075993,0.3333333333333333,0.6666666666666666,0.33333333333333337,0.3,0.9553679586356033,0.5,1.0,0.0,0.25,0.9553679586356033,0.6666666666666666,1.0,0.0,0.12,0.3883080651983495
39107,fabric shelves,brand_entity_proxy,16,12,0.92663607790064,0.35714285714285715,0.4166666666666667,0.5833333333333333,0.5,0.9836181782854219,0.7142857142857143,0.8333333333333334,0.16666666666666663,0.55,0.9836181782854219,0.9285714285714286,1.0,0.0,0.3,0.4571034646893112
39157,face make for 10,attribute_constraint,16,2,0.027793180369186758,0.09090909090909091,0.0,1.0,0.3,0.340411871228951,0.09090909090909091,0.0,1.0,0.25,0.340411871228951,0.36363636363636365,0.0,1.0,0.18,-0.6796738348201513
39263,facial dark spot cream,product_type,16,2,0.5562582497546309,0.3125,1.0,0.0,0.5,0.5603957898787626,0.375,1.0,0.0,0.3,0.5603957898787626,1.0,1.0,0.0,0.32,0.3689640277608545
40165,fiestaware clearance,brand_entity_proxy,16,1,0.4556588443449323,0.7142857142857143,1.0,0.0,1.0,0.4612150418728548,1.0,1.0,0.0,0.7,0.4612150418728548,1.0,1.0,0.0,0.28,0.5898653884324696
40292,film for lights,product_type,16,7,0.8491595266907522,0.4375,0.5714285714285714,0.4285714285714286,0.7,0.9257779377104443,0.75,0.8571428571428571,0.1428571428571429,0.6,0.9257779377104443,0.875,1.0,0.0,0.28,0.39134544906540264
40356,financial software for windows 10,multi_constraint,16,1,0.4556588443449323,0.5625,1.0,0.0,0.9,0.46375067518897795,1.0,1.0,0.0,0.8,0.46375067518897795,1.0,1.0,0.0,0.32,0.2520504151250418
40483,fire screen for fire pit,multi_constraint,40,29,0.865127004332055,0.3125,0.27586206896551724,0.7241379310344828,1.0,0.8043888040579855,0.53125,0.5172413793103449,0.48275862068965514,1.0,0.947062378702387,1.0,1.0,0.0,0.8,0.11627543279069821
40528,fireball cotton,brand_entity_proxy,15,3,0.9944906570790212,0.4444444444444444,1.0,0.0,0.7,0.9981964619631193,0.5555555555555556,1.0,0.0,0.45,0.9981964619631193,0.7777777777777778,1.0,0.0,0.24,0.37953605763829473
40573,firestick,brand_entity_proxy,79,23,0.862526180565181,0.2222222222222222,0.391304347826087,0.6086956521739131,1.0,0.6981369886879977,0.37777777777777777,0.5652173913043478,0.4347826086956522,1.0,0.8711806084854206,0.7555555555555555,0.9130434782608695,0.08695652173913049,0.88,0.5686144719382002
40615,first grade team shirts women,multi_constraint,16,1,0.5219403281436985,0.625,1.0,0.0,1.0,0.5290468604310943,1.0,1.0,0.0,0.8,0.5290468604310943,1.0,1.0,0.0,0.32,0.30806161848616215
40834,fitbit charge 3,attribute_constraint,72,7,0.8335584785522917,0.14705882352941177,0.7142857142857143,0.2857142857142857,1.0,0.8982573649076712,0.29411764705882354,0.8571428571428571,0.1428571428571429,1.0,0.9484310421702473,0.7352941176470589,1.0,0.0,1.0,0.7253467024580464
41423,floral,brand_entity_proxy,31,24,0.6906849105522288,0.1111111111111111,0.08333333333333333,0.9166666666666666,0.5,0.7340814063649567,0.18518518518518517,0.16666666666666666,0.8333333333333334,0.35,0.8824884152321286,0.48148148148148145,0.4166666666666667,0.5833333333333333,0.3,-0.25809277829509364
41492,flourite substrate black,attribute_constraint,40,13,0.7250725424568947,0.2702702702702703,0.46153846153846156,0.5384615384615384,1.0,0.7983179612576933,0.5405405405405406,0.7692307692307693,0.23076923076923073,1.0,0.9198533354573045,0.918918918918919,0.9230769230769231,0.07692307692307687,0.72,0.4030322898885156
41502,flower centerpiece,brand_entity_proxy,16,11,0.8026868287457832,0.5,0.6363636363636364,0.36363636363636365,0.8,0.9696449248688357,0.8125,0.8181818181818182,0.18181818181818177,0.65,0.9696449248688357,1.0,1.0,0.0,0.32,0.30713441813339487
41795,foldable beach hat,product_type,16,11,0.7972140949565951,0.625,0.7272727272727273,0.2727272727272727,1.0,0.9138496385388308,0.9375,1.0,0.0,0.75,0.9138496385388308,1.0,1.0,0.0,0.32,0.19013083027305397
42118,ford sport trac sunshade small,multi_constraint,16,3,0.5327128382228582,1.0,1.0,0.0,1.0,0.5327128382228582,1.0,1.0,0.0,0.7,0.5327128382228582,1.0,1.0,0.0,0.3,0.6942079608835559
42332,fox racing hats,product_type,16,13,0.8643851368046714,0.625,0.6153846153846154,0.3846153846153846,1.0,0.9785049472845442,0.9375,1.0,0.0,0.75,0.9785049472845442,1.0,1.0,0.0,0.32,0.26052505285945304
42405,france shorts,brand_entity_proxy,16,1,1.0,0.4444444444444444,1.0,0.0,0.4,1.0,0.7777777777777778,1.0,0.0,0.35,1.0,1.0,1.0,0.0,0.18,0.8911327886790069
42445,freddy krueger jack in the box,multi_constraint,16,6,0.9833032486989473,0.8333333333333334,0.8333333333333334,0.16666666666666663,0.8,0.9833032486989473,1.0,1.0,0.0,0.5,0.9833032486989473,1.0,1.0,0.0,0.22,0.7561512453751253
42964,fuel bladder marine,product_type,40,12,0.6934268503637903,0.5555555555555556,0.5,0.5,1.0,0.6596095920009775,0.6111111111111112,0.5,0.5,0.9,0.8624608754054096,0.8888888888888888,0.8333333333333334,0.16666666666666663,0.64,0.43041035218510887
42968,fuel filter 5.7 chevy,multi_constraint,16,4,0.6149924154562363,0.5,0.75,0.25,0.8,0.7109126177849167,0.8571428571428571,0.75,0.25,0.7,0.7109126177849167,1.0,1.0,0.0,0.32,0.23572701773610144
43579,funny sweatshirts for women,product_type,16,11,0.7094975843825668,0.25,0.2727272727272727,0.7272727272727273,0.4,0.8862225971167805,0.25,0.2727272727272727,0.7272727272727273,0.2,0.8862225971167805,0.5625,0.5454545454545454,0.4545454545454546,0.18,0.04387634544762784
43948,galaxy note 10,attribute_constraint,16,2,0.5904522843133743,0.375,0.5,0.5,0.6,0.5940186241375619,0.5625,0.5,0.5,0.45,0.5940186241375619,0.9375,1.0,0.0,0.3,0.3092205100775464
43961,galaxy note 10 plus screen protector and camera,long_descriptive,16,1,1.0,0.5625,1.0,0.0,0.9,1.0,0.9375,1.0,0.0,0.75,1.0,1.0,1.0,0.0,0.32,0.42008402520840293
43983,galaxy s10 case black and gold,multi_constraint,16,4,0.8817724648591027,0.5333333333333333,0.75,0.25,0.8,0.8823729376919589,0.8,1.0,0.0,0.6,0.8823729376919589,1.0,1.0,0.0,0.32,0.5423261445466404
44424,garden wall,brand_entity_proxy,13,4,0.5735850386374659,0.25,0.5,0.5,0.4,0.6859521051491687,0.6666666666666666,0.75,0.25,0.45,0.6859521051491687,0.8333333333333334,1.0,0.0,0.22,-0.06309555365656547
44706,gear america shackles,product_type,16,3,0.9030995866665184,0.5625,0.6666666666666666,0.33333333333333337,0.9,0.9037970684404188,0.9375,1.0,0.0,0.75,0.9037970684404188,1.0,1.0,0.0,0.32,0.4342084214324218
44816,gem frost,brand_entity_proxy,16,12,0.7493552502451093,0.0,0.0,1.0,0.0,0.9253499161496969,0.0,0.0,1.0,0.0,0.9253499161496969,0.0,0.0,1.0,0.0,-0.042720460055933954
44845,gene winfield,brand_entity_proxy,15,7,0.6116401587801783,0.5,0.7142857142857143,0.2857142857142857,0.7,0.7496608695313154,0.5,0.7142857142857143,0.2857142857142857,0.35,0.7496608695313154,0.5,0.7142857142857143,0.2857142857142857,0.14,0.17569105537498347
44960,georgia bulldogs t shirts for men,multi_constraint,16,12,0.8469714038173858,0.625,0.6666666666666666,0.33333333333333337,1.0,0.9593944904491145,1.0,1.0,0.0,0.8,0.9593944904491145,1.0,1.0,0.0,0.32,0.18786728732554486
45294,gifts from poland,product_type,16,1,0.3333333333333333,1.0,1.0,0.0,0.9,0.3333333333333333,1.0,1.0,0.0,0.6,0.3333333333333333,1.0,1.0,0.0,0.28,0.08401680504168059
45464,girl scout patches,product_type,40,16,0.8422265994800127,0.375,0.5,0.5,1.0,0.7504618550072847,0.625,0.6875,0.3125,1.0,0.9154066506378588,0.9166666666666666,0.875,0.125,0.74,0.3719230730632475
45588,girls electric ride on scooter,multi_constraint,16,4,0.8814615175870748,0.4,1.0,0.0,0.6,0.8915430516323171,0.6,1.0,0.0,0.5,0.8915430516323171,0.9333333333333333,1.0,0.0,0.3,0.3959021310616421
45713,girls trumk,brand_entity_proxy,16,12,0.6399441431116328,0.0,0.0,1.0,0.0,0.8777324200214986,0.0,0.0,1.0,0.0,0.8777324200214986,0.08333333333333333,0.08333333333333333,0.9166666666666666,0.02,-0.3444233600968322
45745,girls zero exposure winter coat,multi_constraint,16,10,0.7782344940999762,0.6666666666666666,0.8,0.19999999999999996,1.0,0.8931223334209507,0.9333333333333333,1.0,0.0,0.75,0.8931223334209507,0.9333333333333333,1.0,0.0,0.3,0.3102526139970115
45843,glass dome lamp shade,product_type,15,3,0.8005206683141505,0.42857142857142855,0.3333333333333333,0.6666666666666667,0.4,0.8005206683141505,0.42857142857142855,0.3333333333333333,0.6666666666666667,0.25,0.8005206683141505,0.42857142857142855,0.3333333333333333,0.6666666666666667,0.1,0.6159481287125058
45928,glass water bottle hot and cold 32,multi_constraint,15,0,1.0,0.13333333333333333,,,0.2,1.0,0.4666666666666667,,,0.35,1.0,0.7333333333333333,,,0.22,
45990,glitter pink htv,product_type,16,9,0.7531371466235632,0.625,0.7777777777777778,0.2222222222222222,1.0,0.8745721325645721,0.9375,1.0,0.0,0.75,0.8745721325645721,1.0,1.0,0.0,0.32,0.28697202159177565
46008,globe walking stick,product_type,16,8,0.6206926957646072,0.625,0.75,0.25,1.0,0.7622251174170417,1.0,1.0,0.0,0.8,0.7622251174170417,1.0,1.0,0.0,0.32,0.29044327927315783
46089,glow worm,brand_entity_proxy,21,7,0.766755543835793,0.3157894736842105,0.5714285714285714,0.4285714285714286,0.6,0.9125770740032005,0.42105263157894735,0.7142857142857143,0.2857142857142857,0.4,0.9125770740032005,0.7368421052631579,1.0,0.0,0.3,0.5442983311827646
46097,glowstrike darts,brand_entity_proxy,16,6,0.8174426661342894,0.625,0.8333333333333334,0.16666666666666663,1.0,0.9099031542064202,0.9375,1.0,0.0,0.75,0.9099031542064202,0.9375,1.0,0.0,0.3,0.3757646803820503
46149,gm original equipment ignition knock,multi_constraint,16,15,1.0,0.625,0.6666666666666666,0.33333333333333337,1.0,0.9972477729952797,0.9375,0.9333333333333333,0.06666666666666665,0.75,0.9972477729952797,1.0,1.0,0.0,0.32,0.2520504151250418
46177,gnc women's ultra mega without iron & iodine,long_descriptive,35,9,0.3937126936404651,0.30434782608695654,0.3333333333333333,0.6666666666666667,1.0,0.6252798270600157,0.6521739130434783,0.6666666666666666,0.33333333333333337,0.9,0.728563250167191,0.7391304347826086,0.8888888888888888,0.11111111111111116,0.48,0.3329014762693483
46471,gold rhinestone sandals for women,multi_constraint,16,10,0.7165174701450555,0.5625,0.7,0.30000000000000004,0.9,0.8311842232343386,0.8125,0.9,0.09999999999999998,0.65,0.8311842232343386,1.0,1.0,0.0,0.32,0.36407282184728257
46910,goumikids mittens,brand_entity_proxy,16,7,0.7914769489804453,0.6428571428571429,0.7142857142857143,0.2857142857142857,0.9,0.8652281903396618,0.7857142857142857,0.8571428571428571,0.1428571428571429,0.55,0.8652281903396618,0.9285714285714286,1.0,0.0,0.26,0.43965970203644006
47106,graphic novels for kids 9-12,multi_constraint,16,9,0.8227004897677772,0.35714285714285715,0.5555555555555556,0.4444444444444444,0.6,0.945120157688366,0.6428571428571429,0.7777777777777778,0.2222222222222222,0.5,0.945120157688366,0.7142857142857143,0.8888888888888888,0.11111111111111116,0.24,0.3468729675471602
47213,gray swim shorts for women tummy tuck swim bottom shorts,long_descriptive,16,8,0.8755253249250756,0.5,0.75,0.25,0.8,0.9454873543553083,0.5625,0.75,0.25,0.45,0.9454873543553083,0.5625,0.75,0.25,0.18,0.5694424517739725
47217,gray throw blanket sherpa,attribute_constraint,16,15,0.9312630902825905,0.5,0.4666666666666667,0.5333333333333333,0.8,0.9880442277982696,0.875,0.8666666666666667,0.1333333333333333,0.7,0.9880442277982696,1.0,1.0,0.0,0.32,-0.028005601680560196
47526,grid mirror,product_type,40,24,0.7923074869633854,0.2222222222222222,0.25,0.75,0.9,0.7613739286818493,0.4722222222222222,0.5416666666666666,0.45833333333333337,0.9,0.9328954677207709,0.9722222222222222,0.9583333333333334,0.04166666666666663,0.78,0.20398634180439132
47631,groceries ebt eligible snacks,product_type,40,28,1.0,0.05714285714285714,0.07142857142857142,0.9285714285714286,0.2,0.8648033447703355,0.14285714285714285,0.17857142857142858,0.8214285714285714,0.25,0.975489882537418,0.2571428571428571,0.32142857142857145,0.6785714285714286,0.18,0.40174581250227426
47857,gucci cologne for men gift set,multi_constraint,40,26,0.697817464899696,0.2564102564102564,0.3076923076923077,0.6923076923076923,1.0,0.7040890979918237,0.5128205128205128,0.5769230769230769,0.42307692307692313,1.0,0.86263598385963,0.9743589743589743,1.0,0.0,0.78,0.2584439371475408
47892,gues book,brand_entity_proxy,16,9,0.557290433159975,0.0,0.0,1.0,0.0,0.8642234800377305,0.0,0.0,1.0,0.0,0.8642234800377305,0.0,0.0,1.0,0.0,-0.15031867797664442
48397,hair salon kit for women,multi_constraint,16,12,0.7224803502559506,0.5,0.5833333333333334,0.41666666666666663,0.8,0.847572802328014,0.625,0.6666666666666666,0.33333333333333337,0.5,0.847572802328014,0.8125,0.8333333333333334,0.16666666666666663,0.26,0.05825517280354631
48914,handheld laser welding machine,product_type,40,22,0.4774309291048663,0.2571428571428571,0.2727272727272727,0.7272727272727273,1.0,0.5175177028147554,0.5428571428571428,0.5454545454545454,0.4545454545454546,1.0,0.7599455749138799,0.9142857142857143,0.9545454545454546,0.045454545454545414,0.7,0.14398647294326292
48929,handicraftworldart,brand_entity_proxy,40,19,0.8669479898642711,0.38095238095238093,0.42105263157894735,0.5789473684210527,0.9,0.6926472406933841,0.47619047619047616,0.5263157894736842,0.4736842105263158,0.7,0.9336613677404121,0.5238095238095238,0.5789473684210527,0.42105263157894735,0.38,0.33730105616440464
49077,hangover relief,brand_entity_proxy,16,11,0.8318477135310892,0.36363636363636365,0.36363636363636365,0.6363636363636364,0.5,0.9467683374423934,0.45454545454545453,0.45454545454545453,0.5454545454545454,0.35,0.9467683374423934,0.5454545454545454,0.5454545454545454,0.4545454545454546,0.16,0.2778835211683096
49201,hardbody supplements,brand_entity_proxy,16,10,0.8527237332178331,0.3333333333333333,0.4,0.6,0.5,0.9668942070903808,0.4,0.5,0.5,0.3,0.9668942070903808,0.4666666666666667,0.6,0.4,0.14,0.5326003206948697
49481,hawaii baby pool,product_type,16,1,0.04590881800174574,0.5,0.0,1.0,0.8,0.30601979621512826,0.75,0.0,1.0,0.45,0.30601979621512826,1.0,1.0,0.0,0.3,0.0560979855648442
49972,heavy duty bicycle tubes,product_type,16,6,0.6061297627420893,0.5625,0.6666666666666666,0.33333333333333337,0.9,0.767972708922036,0.875,0.8333333333333334,0.16666666666666663,0.7,0.767972708922036,1.0,1.0,0.0,0.32,-0.06359888306543494
50118,hellboy toy,product_type,16,13,0.8594011333941494,0.625,0.6153846153846154,0.3846153846153846,1.0,0.9684731117122555,1.0,1.0,0.0,0.8,0.9684731117122555,1.0,1.0,0.0,0.32,0.03889222341312987
50311,heroine make long and curl mascara,multi_constraint,41,18,0.47540072263703337,0.24390243902439024,0.2777777777777778,0.7222222222222222,1.0,0.6302439090264986,0.4878048780487805,0.7222222222222222,0.2777777777777778,1.0,0.7853334149164867,0.975609756097561,1.0,0.0,0.8,0.303791271786076
50356,hex wrench socket sets,product_type,16,5,0.7087632621563829,0.625,0.8,0.19999999999999996,1.0,0.7953222736011551,1.0,1.0,0.0,0.8,0.7953222736011551,1.0,1.0,0.0,0.32,0.2778835211683096
50494,high heel shoe chair,product_type,16,7,0.8893279104797603,0.6666666666666666,0.7142857142857143,0.2857142857142857,0.7,0.9620732637846104,0.7777777777777778,0.8571428571428571,0.1428571428571429,0.5,0.9620732637846104,0.7777777777777778,0.8571428571428571,0.1428571428571429,0.2,0.5362882079785148
51056,homegoing yaa gyasi paperback,product_type,16,1,0.5957211033017134,1.0,1.0,0.0,0.5,0.5957211033017134,1.0,1.0,0.0,0.25,0.5957211033017134,1.0,1.0,0.0,0.1,0.6676498352587293
51227,hooey hats for men,product_type,16,13,0.862526180565181,0.5625,0.6153846153846154,0.3846153846153846,0.9,0.9270435637644497,0.875,0.9230769230769231,0.07692307692307687,0.7,0.9270435637644497,1.0,1.0,0.0,0.32,0.15631503171567185
51454,"hot tub heater element, balboa",multi_constraint,16,11,0.77523873680463,0.6363636363636364,0.6363636363636364,0.36363636363636365,1.0,0.945813738960839,1.0,1.0,0.0,0.8,0.945813738960839,1.0,1.0,0.0,0.32,0.16087993330796874
52230,hydro flask 16 oz wide mouth,multi_constraint,40,13,0.19795594763747087,0.25,0.15384615384615385,0.8461538461538461,0.9,0.3512859092847357,0.4444444444444444,0.38461538461538464,0.6153846153846154,0.85,0.611131700676397,0.9166666666666666,0.9230769230769231,0.07692307692307687,0.74,0.020100974203104596
52255,hydro flask wide mouth 20 ounce,multi_constraint,14,9,0.5760368204847877,0.21428571428571427,0.1111111111111111,0.8888888888888888,0.3,0.7482349671682851,0.2857142857142857,0.2222222222222222,0.7777777777777778,0.2,0.7482349671682851,0.7142857142857143,0.6666666666666666,0.33333333333333337,0.2,-0.1950355972450423
52348,i am blessed hands edge control,multi_constraint,16,1,0.04388065628739695,0.625,0.0,1.0,1.0,0.3126327353798947,0.75,1.0,0.0,0.6,0.3126327353798947,0.8125,1.0,0.0,0.26,-0.1960392117639214
52482,i was not the blossom,multi_constraint,15,1,0.9919365432635417,0.3333333333333333,1.0,0.0,0.1,0.994694779011308,0.3333333333333333,1.0,0.0,0.05,0.994694779011308,0.3333333333333333,1.0,0.0,0.04,0.19693159036084404
52830,im not your perfect mexican daughter,multi_constraint,16,3,0.7647729856437189,0.6,0.6666666666666666,0.33333333333333337,0.3,0.8924093465779709,0.6,0.6666666666666666,0.33333333333333337,0.15,0.8924093465779709,0.6,0.6666666666666666,0.33333333333333337,0.1,0.40989695521907316
53042,indian wedding clothes for men,multi_constraint,16,8,0.9701659744919963,0.6363636363636364,0.875,0.125,0.9,0.9714958809820975,0.8181818181818182,1.0,0.0,0.55,0.9714958809820975,1.0,1.0,0.0,0.28,0.6317478187206091
53114,induro gimbal head,product_type,16,2,0.836164965095981,0.625,1.0,0.0,1.0,0.83769259694554,1.0,1.0,0.0,0.8,0.83769259694554,1.0,1.0,0.0,0.32,0.4099600308453939
53284,inflatable travel pillow with pump,multi_constraint,16,6,0.5547450991557723,0.6666666666666666,0.6666666666666666,0.33333333333333337,1.0,0.7166074238001119,1.0,1.0,0.0,0.8,0.7166074238001119,1.0,1.0,0.0,0.32,0.22404481344448157
53328,ink cartridges hp 67xl black and color,multi_constraint,16,13,0.862526180565181,0.6666666666666666,0.6923076923076923,0.3076923076923077,1.0,0.9274138287912722,1.0,1.0,0.0,0.8,0.9274138287912722,1.0,1.0,0.0,0.32,0.18797907983012765
53451,instant pot 3 quart,attribute_constraint,16,3,0.7060734963550095,0.625,0.6666666666666666,0.33333333333333337,1.0,0.8177270007840372,1.0,1.0,0.0,0.8,0.8177270007840372,1.0,1.0,0.0,0.32,0.19105170543026556
54039,iphone 11 max screen protector,multi_constraint,16,13,0.8423443914354353,0.6,0.6153846153846154,0.3846153846153846,1.0,0.9555439527371046,1.0,1.0,0.0,0.8,0.9555439527371046,1.0,1.0,0.0,0.32,-0.0583383351196948
54044,iphone 11 pri,attribute_constraint,15,2,1.0,0.3333333333333333,1.0,0.0,0.5,1.0,0.5333333333333333,1.0,0.0,0.4,1.0,0.8666666666666667,1.0,0.0,0.26,0.5900968443520823
54558,iphone x refurbished,product_type,16,7,0.8396943648808529,0.6666666666666666,0.7142857142857143,0.2857142857142857,0.8,0.8404359289565091,1.0,1.0,0.0,0.65,0.8404359289565091,1.0,1.0,0.0,0.28,0.43482827673933633
54634,iphone xs bee case,product_type,16,5,0.9747984028319804,0.75,1.0,0.0,0.8,0.9757118296244579,1.0,1.0,0.0,0.6,0.9757118296244579,1.0,1.0,0.0,0.28,0.7375735954606097
54889,iron chest master,product_type,16,1,0.6471247982008933,0.1875,1.0,0.0,0.3,0.6523704174460165,0.1875,1.0,0.0,0.15,0.6523704174460165,0.1875,1.0,0.0,0.06,0.36407282184728257
55280,jabra elite 65t,attribute_constraint,16,5,0.9163060144728374,0.625,1.0,0.0,1.0,0.9167281726128197,0.875,1.0,0.0,0.7,0.9167281726128197,1.0,1.0,0.0,0.32,0.7898707621849568
55365,jade oil,brand_entity_proxy,16,3,0.9076185359985859,1.0,1.0,0.0,1.0,0.9076185359985859,1.0,1.0,0.0,0.8,0.9076185359985859,1.0,1.0,0.0,0.32,0.8730937002128883
55531,jars without lids,product_type,40,5,0.38914975471139795,0.2413793103448276,0.4,0.6,0.7,0.3901475464359441,0.41379310344827586,0.6,0.4,0.7,0.5319694200412652,0.8275862068965517,0.8,0.19999999999999996,0.66,0.15230467466649647
55677,jeans cintura elastica mujer,product_type,25,12,0.3723643725058746,0.3333333333333333,0.25,0.75,0.8,0.5771341225735012,0.5833333333333334,0.5,0.5,0.7,0.7038664943746435,0.75,0.75,0.25,0.36,-0.10103395073905623
56281,joovy vent,brand_entity_proxy,16,5,0.9440602745768347,0.8571428571428571,1.0,0.0,0.9,0.9440602745768345,1.0,1.0,0.0,0.75,0.9440602745768345,1.0,1.0,0.0,0.32,0.6210677895130106
56758,jvc lt-22mar400,attribute_constraint,16,3,0.6154807275102915,0.6666666666666666,0.6666666666666666,0.33333333333333337,1.0,0.7339618434147853,0.8333333333333334,1.0,0.0,0.7,0.7339618434147853,1.0,1.0,0.0,0.32,0.07471591718924568
57100,kayak storage,product_type,16,14,0.9312630902825905,0.6666666666666666,0.6428571428571429,0.3571428571428571,1.0,0.9884552934028848,1.0,1.0,0.0,0.8,0.9884552934028848,1.0,1.0,0.0,0.32,0.30678599553894814
57276,kerastase shampoo without sulfates,product_type,40,24,1.0,0.2777777777777778,0.4166666666666667,0.5833333333333333,1.0,0.783536831841544,0.4722222222222222,0.5833333333333334,0.41666666666666663,0.95,0.9503121126838479,0.9722222222222222,1.0,0.0,0.76,0.26489545116450913
57921,kids nylon backpack,product_type,40,29,0.7094975843825668,0.21052631578947367,0.1724137931034483,0.8275862068965517,0.8,0.7425035262912032,0.42105263157894735,0.41379310344827586,0.5862068965517242,0.8,0.9024023623626316,0.868421052631579,0.8620689655172413,0.13793103448275867,0.66,0.13609119030837954
58044,kids toothbrush batman,product_type,16,3,0.9543072179869642,0.625,1.0,0.0,1.0,0.9546253284323116,1.0,1.0,0.0,0.8,0.9546253284323116,1.0,1.0,0.0,0.32,0.8000181801424893
58233,kindle unlimited audiobooks,product_type,16,13,0.8285452329852562,0.0,0.0,1.0,0.0,0.9434171022479895,0.0,0.0,1.0,0.0,0.9434171022479895,0.0625,0.07692307692307693,0.9230769230769231,0.02,-0.1215783580010781
58514,kitchen aid mixer bowl,product_type,16,11,0.9312630902825905,0.625,0.8181818181818182,0.18181818181818177,1.0,0.9801698552850615,1.0,1.0,0.0,0.8,0.9801698552850615,1.0,1.0,0.0,0.32,0.42607709818824707
58597,kitchen pans set,product_type,16,15,0.9294415579191924,0.4375,0.4,0.6,0.7,0.9829418672322847,0.8125,0.8,0.19999999999999996,0.65,0.9829418672322847,1.0,1.0,0.0,0.32,-0.14002800840280097
59963,laptop under 300 dollars,attribute_constraint,16,11,0.7243042164669694,0.375,0.45454545454545453,0.5454545454545454,0.6,0.8965250229053572,0.75,0.7272727272727273,0.2727272727272727,0.6,0.8965250229053572,1.0,1.0,0.0,0.32,0.07312724241271305
60628,leanmode stimulant free fat burner & weight loss support,long_descriptive,16,4,0.7585248870351926,0.5625,0.75,0.25,0.9,0.8629928989229172,0.875,1.0,0.0,0.7,0.8629928989229172,0.875,1.0,0.0,0.28,0.3131121455425747
61329,lego ninjago costume,product_type,16,14,1.0,0.625,0.7142857142857143,0.2857142857142857,1.0,0.9980067982799286,1.0,1.0,0.0,0.8,0.9980067982799286,1.0,1.0,0.0,0.32,0.4919520370144727
61522,lens filter for olympus tg6 water camera,multi_constraint,16,9,0.5588027712252335,0.4444444444444444,0.4444444444444444,0.5555555555555556,0.8,0.8017214666268353,0.6666666666666666,0.6666666666666666,0.33333333333333337,0.6,0.8017214666268353,1.0,1.0,0.0,0.32,-0.17764934669967067
61574,leopard scrunchie,brand_entity_proxy,16,10,0.762953551765411,0.625,0.7,0.30000000000000004,1.0,0.9323123602248827,0.875,0.9,0.09999999999999998,0.7,0.9323123602248827,1.0,1.0,0.0,0.32,0.22404481344448157
61598,lepower-reading-gooseneck-temperature-changeable,multi_constraint,16,3,0.9080067251166157,0.4375,1.0,0.0,0.7,0.9086688856827606,0.75,1.0,0.0,0.6,0.9086688856827606,0.9375,1.0,0.0,0.3,0.6078917900053905
61723,levis jeans for men 559,multi_constraint,16,2,0.9219180243454468,0.5,1.0,0.0,0.8,0.9226460768829047,0.8125,1.0,0.0,0.65,0.9226460768829047,1.0,1.0,0.0,0.32,0.5329480400990121
61798,lg aristo 3 phone case wallet,multi_constraint,16,11,0.88995411685096,0.8181818181818182,0.8181818181818182,0.18181818181818177,1.0,0.9460165344696839,1.0,1.0,0.0,0.75,0.9460165344696839,1.0,1.0,0.0,0.32,0.42413800599373574
61830,lg internal 24x super multi with m-disc support dvd burner,long_descriptive,16,3,0.9080067251166157,0.625,1.0,0.0,1.0,0.9086688856827606,1.0,1.0,0.0,0.8,0.9086688856827606,1.0,1.0,0.0,0.32,0.6078917900053905
61961,library kit,brand_entity_proxy,16,8,0.7951704081552233,0.5,0.625,0.375,0.8,0.9251384938005327,0.625,0.75,0.25,0.5,0.9251384938005327,0.6875,0.75,0.25,0.22,0.35251199395531635
62478,lightweight mechanics gloves,product_type,16,8,0.9120345678990496,0.875,0.875,0.125,1.0,0.9767772824895153,1.0,1.0,0.0,0.8,0.9767772824895153,1.0,1.0,0.0,0.32,0.6507913734559686
62513,lil peep hoodies,product_type,16,13,0.7686856998393259,0.625,0.6153846153846154,0.3846153846153846,1.0,0.8941037080111189,0.8125,0.7692307692307693,0.23076923076923073,0.65,0.8941037080111189,0.875,0.8461538461538461,0.15384615384615385,0.28,-0.22578837914485933
62558,lime green fitted hat,attribute_constraint,16,3,0.6724052293389264,0.3125,0.6666666666666666,0.33333333333333337,0.5,0.6747632314763876,0.4375,1.0,0.0,0.35,0.6747632314763876,0.625,1.0,0.0,0.2,0.46894509514701554
62858,liquor opener,brand_entity_proxy,16,10,0.843078030656429,0.75,0.7,0.30000000000000004,0.9,0.9627845490111867,0.9166666666666666,0.9,0.09999999999999998,0.55,0.9627845490111867,0.9166666666666666,0.9,0.09999999999999998,0.22,0.6354380478103605
62937,little girl book,product_type,16,2,0.6934264036172708,1.0,1.0,0.0,0.3,0.6934264036172708,1.0,1.0,0.0,0.3,0.6934264036172708,1.0,1.0,0.0,0.16,0.4919520370144727
62954,little girls princess dress up clothes,multi_constraint,40,34,0.934408318780155,0.225,0.23529411764705882,0.7647058823529411,0.9,0.8295222210096643,0.475,0.4411764705882353,0.5588235294117647,0.95,0.9687447425208132,0.95,0.9411764705882353,0.05882352941176472,0.76,-0.08345585279291587
63291,logitech computer headset with microphone usb,multi_constraint,16,5,0.8275088955091366,0.625,0.8,0.19999999999999996,1.0,0.9156683135189783,1.0,1.0,0.0,0.8,0.9156683135189783,1.0,1.0,0.0,0.32,0.42413800599373574
63701,loreal hair color 8 1/2,multi_constraint,16,3,0.3956954259401249,0.5333333333333333,0.6666666666666666,0.33333333333333337,0.8,0.5192399464638161,0.7333333333333333,0.6666666666666666,0.33333333333333337,0.55,0.5192399464638161,0.9333333333333333,1.0,0.0,0.3,0.18253287478444508
63917,low calorie cookbooks,product_type,40,28,0.934408318780155,0.25,0.32142857142857145,0.6785714285714286,1.0,0.9184444142248611,0.475,0.6071428571428571,0.3928571428571429,0.95,0.9704054688132235,0.975,0.9642857142857143,0.0357142857142857,0.78,0.3668335629546572
63927,low card flour,product_type,14,7,0.7835602895344896,0.6666666666666666,0.7142857142857143,0.2857142857142857,0.7,0.9266136365489056,0.6666666666666666,0.7142857142857143,0.2857142857142857,0.5,0.9266136365489056,0.6666666666666666,0.7142857142857143,0.2857142857142857,0.22,0.27247511542965314
64191,lululemon tee shirts women,product_type,16,1,0.36143916158099787,0.0,0.0,1.0,0.1,0.36143916158099787,0.3333333333333333,0.0,1.0,0.15,0.36143916158099787,1.0,1.0,0.0,0.22,0.291691675598474
64212,lumi spa - nu skin,product_type,38,8,0.6614907679788034,0.2647058823529412,0.625,0.375,1.0,0.7335492008966145,0.5294117647058824,0.75,0.25,0.95,0.8462092985357977,0.8235294117647058,0.875,0.125,0.62,0.31836326381663294
64296,lus brand hair products curls,multi_constraint,16,2,0.02736991524885581,0.625,0.0,1.0,1.0,0.35246096543989475,0.8125,0.5,0.5,0.65,0.35246096543989475,0.8125,0.5,0.5,0.26,-0.32796802467631514
64880,magnet phone case for samsung galaxy note 10 plus,long_descriptive,16,2,0.9219180243454468,0.625,1.0,0.0,1.0,0.9226460768829047,0.9375,1.0,0.0,0.75,0.9226460768829047,0.9375,1.0,0.0,0.3,0.5329480400990121
65197,makita impact drill,product_type,16,7,0.4850443506274853,0.5625,0.5714285714285714,0.4285714285714286,0.9,0.6225525144052415,0.875,0.8571428571428571,0.1428571428571429,0.7,0.6225525144052415,1.0,1.0,0.0,0.32,-0.15031867797664442
65347,mamoru hosoda,brand_entity_proxy,16,4,0.44198978121585825,0.25,0.25,0.75,0.4,0.5406473146983727,0.375,0.5,0.5,0.3,0.5406473146983727,0.375,0.5,0.5,0.12,0.0
65397,mandalorian this is the way,multi_constraint,16,13,0.843078030656429,0.25,0.3076923076923077,0.6923076923076923,0.4,0.9594655955444518,0.4375,0.38461538461538464,0.6153846153846154,0.35,0.9594655955444518,0.4375,0.38461538461538464,0.6153846153846154,0.14,0.05210501057189061
65683,maraschino cherries without stems,product_type,40,21,0.934408318780155,0.2564102564102564,0.42857142857142855,0.5714285714285714,1.0,0.7857048821593413,0.48717948717948717,0.6666666666666666,0.33333333333333337,1.0,0.9593479239647809,0.9743589743589743,1.0,0.0,0.78,0.4762128346469107
65798,marinator injector,brand_entity_proxy,16,6,0.5126206274840558,0.625,0.5,0.5,1.0,0.7507198211204599,1.0,1.0,0.0,0.8,0.7507198211204599,1.0,1.0,0.0,0.32,-0.08401680504168059
66004,marvel lego minifigures set,product_type,16,14,1.0,0.625,0.7142857142857143,0.2857142857142857,1.0,0.9989497622394784,0.9375,1.0,0.0,0.75,0.9989497622394784,1.0,1.0,0.0,0.32,0.5329480400990121
66062,mary trump,brand_entity_proxy,16,1,0.04388065628739695,0.625,0.0,1.0,1.0,0.29357029064664153,0.875,0.0,1.0,0.7,0.29357029064664153,0.875,0.0,1.0,0.28,-0.36407282184728257
66396,matrix black and decker,attribute_constraint,40,23,0.7239246104088892,0.2631578947368421,0.30434782608695654,0.6956521739130435,1.0,0.7223549127146404,0.5263157894736842,0.6086956521739131,0.3913043478260869,1.0,0.8918635768885884,0.9210526315789473,0.9130434782608695,0.08695652173913049,0.74,0.3070312569892669
66421,matte texture clay,product_type,15,11,0.7219273139593304,0.6666666666666666,0.6363636363636364,0.36363636363636365,1.0,0.8975756832871691,1.0,1.0,0.0,0.75,0.8975756832871691,1.0,1.0,0.0,0.3,-0.034893157889942655
66476,matx case,brand_entity_proxy,16,13,0.7339499190283737,0.4375,0.46153846153846156,0.5384615384615384,0.7,0.9131603813636328,0.75,0.6923076923076923,0.3076923076923077,0.6,0.9131603813636328,1.0,1.0,0.0,0.32,-0.15631503171567185
66494,maven rifle scopes,product_type,39,10,0.24131430016067426,0.16216216216216217,0.2,0.8,0.6,0.35692061724617824,0.35135135135135137,0.3,0.7,0.65,0.6246113759678492,0.8648648648648649,0.8,0.19999999999999996,0.66,0.012413128069089362
67075,membrain gaming keyboard,product_type,16,10,0.734229514639633,0.5625,0.7,0.30000000000000004,0.9,0.9064335331347558,1.0,1.0,0.0,0.8,0.9064335331347558,1.0,1.0,0.0,0.32,0.22404481344448157
67189,men in black costumes,attribute_constraint,16,1,0.9255248868656905,0.3333333333333333,1.0,0.0,0.5,0.9656573560304085,0.6,1.0,0.0,0.45,0.9656573560304085,0.8666666666666667,1.0,0.0,0.26,0.4059604926204365
67570,mens dragon alliance nfx2,attribute_constraint,16,3,0.7638978809288128,0.625,1.0,0.0,1.0,0.7760429543202119,1.0,1.0,0.0,0.8,0.7760429543202119,1.0,1.0,0.0,0.32,0.3200249465066038
67637,mens grizzley bear hat,product_type,16,8,0.7356050783051282,0.6,0.625,0.375,0.7,0.8009146645229255,0.8,0.875,0.125,0.6,0.8009146645229255,1.0,1.0,0.0,0.28,0.4278144575444285
67712,mens lee x-treme comfort pants,multi_constraint,16,7,0.8791451406955386,0.5833333333333334,0.7142857142857143,0.2857142857142857,0.7,0.9477021866909375,0.75,0.8571428571428571,0.1428571428571429,0.5,0.9477021866909375,0.8333333333333334,0.8571428571428571,0.1428571428571429,0.28,0.5333987816348612
67844,mens safety magnetic rubber bracelets,multi_constraint,16,1,0.44714200452004216,1.0,1.0,0.0,0.5,0.44714200452004216,1.0,1.0,0.0,0.25,0.44714200452004216,1.0,1.0,0.0,0.12,0.7863729095926286
67894,mens slippers size 9,attribute_constraint,16,15,0.9052116356304495,0.4666666666666667,0.4666666666666667,0.5333333333333333,0.8,0.9682622468384057,0.6666666666666666,0.6666666666666666,0.33333333333333337,0.55,0.9682622468384057,0.8,0.8,0.19999999999999996,0.26,-0.2520504151250418
68340,metal bed frame queen,attribute_constraint,25,19,0.8285452329852562,0.4,0.42105263157894735,0.5789473684210527,1.0,0.8520766172439591,0.8,0.8421052631578947,0.1578947368421053,1.0,0.9485333373190071,1.0,1.0,0.0,0.5,0.25976216673306557
68572,mg mug,brand_entity_proxy,16,7,0.5508140655273448,0.38461538461538464,0.42857142857142855,0.5714285714285714,0.6,0.6940081032418055,0.46153846153846156,0.5714285714285714,0.4285714285714286,0.35,0.6940081032418055,0.8461538461538461,0.8571428571428571,0.1428571428571429,0.28,-0.012684039844119841
69025,mighty sight,brand_entity_proxy,16,2,0.876775268431036,0.4,1.0,0.0,0.7,0.8792078911937048,0.5333333333333333,1.0,0.0,0.45,0.8792078911937048,0.9333333333333333,1.0,0.0,0.3,0.1923004379871421
69269,mineral drops for reverse osmosis water,multi_constraint,16,5,0.604439100088451,0.5625,0.6,0.4,0.9,0.7889569924920949,0.75,1.0,0.0,0.6,0.7889569924920949,0.875,1.0,0.0,0.28,0.2193817272381392
69657,minnie mouse shirts for women,multi_constraint,16,13,0.8067628892172455,0.6,0.5384615384615384,0.46153846153846156,0.9,0.9296540652345775,1.0,1.0,0.0,0.8,0.9296540652345775,1.0,1.0,0.0,0.32,0.0
69695,miracle noodles,brand_entity_proxy,16,9,0.9972176542155894,0.625,1.0,0.0,1.0,0.9972278279492872,0.9375,1.0,0.0,0.75,0.9972278279492872,1.0,1.0,0.0,0.32,0.8335853960523008
69739,mirror lifht with tv,product_type,16,13,0.9009587051658641,0.0,0.0,1.0,0.0,0.9574579779025398,0.0625,0.07692307692307693,0.9230769230769231,0.05,0.9574579779025398,0.375,0.38461538461538464,0.6153846153846154,0.12,0.22578837914485933
70263,molle gear,brand_entity_proxy,16,11,0.7496873830866745,0.5625,0.5454545454545454,0.4545454545454546,0.9,0.9226171919730898,0.8125,0.8181818181818182,0.18181818181818177,0.65,0.9226171919730898,0.9375,0.9090909090909091,0.09090909090909094,0.3,0.1023781393777983
70625,moped headlight assembly,product_type,16,3,0.9823317572555034,0.7142857142857143,1.0,0.0,1.0,0.9934499930976212,1.0,1.0,0.0,0.8,0.9934499930976212,1.0,1.0,0.0,0.32,0.7165935694059473
70787,mother goose gyo fujikawa,product_type,16,5,1.0,0.625,1.0,0.0,1.0,1.0,0.625,1.0,0.0,0.5,1.0,0.625,1.0,0.0,0.2,0.8043996665398437
71186,mp3 player without radio,attribute_constraint,23,8,0.1700917218064426,0.43478260869565216,0.25,0.75,1.0,0.36059619678900307,0.782608695652174,0.625,0.375,0.9,0.526225393081019,1.0,1.0,0.0,0.46,-0.4403855060505442
71356,mtb jump,brand_entity_proxy,16,7,0.7982949676562214,0.1875,0.42857142857142855,0.5714285714285714,0.3,0.9359127814450647,0.25,0.5714285714285714,0.4285714285714286,0.2,0.9359127814450647,0.375,0.5714285714285714,0.4285714285714286,0.12,0.36896402776085446
71655,muse hummingbird feeder,product_type,41,20,0.765560652668294,0.24390243902439024,0.35,0.65,1.0,0.6013733168802694,0.4634146341463415,0.5,0.5,0.95,0.8873282497483455,1.0,1.0,0.0,0.82,0.06469143270894306
71902,myo storm,brand_entity_proxy,16,1,0.5185001606491183,0.0,0.0,1.0,0.0,0.5221753197785172,0.18181818181818182,0.0,1.0,0.1,0.5221753197785172,0.2727272727272727,1.0,0.0,0.06,0.5825854640610548
72088,nail swatch sticks,product_type,16,11,0.9273697171216337,0.625,0.8181818181818182,0.18181818181818177,1.0,0.9759169891228165,0.9375,0.9090909090909091,0.09090909090909094,0.75,0.9759169891228165,0.9375,0.9090909090909091,0.09090909090909094,0.3,0.42413800599373574
72127,name letters,brand_entity_proxy,16,3,0.5527004296002407,0.25,0.3333333333333333,0.6666666666666667,0.4,0.5559200577431431,0.375,0.6666666666666666,0.33333333333333337,0.3,0.5559200577431431,0.75,1.0,0.0,0.24,0.26052505285945304
72915,nesoresso vertuoline pods,product_type,16,15,1.0,0.6666666666666666,0.6666666666666666,0.33333333333333337,1.0,1.0,1.0,1.0,0.0,0.8,1.0,1.0,1.0,0.0,0.32,0.42008402520840293
73215,newborn bed prop,product_type,16,3,0.6867348592002988,0.6153846153846154,1.0,0.0,0.9,0.6994028272569494,0.9230769230769231,1.0,0.0,0.65,0.6994028272569494,1.0,1.0,0.0,0.28,0.536347093342284
73282,nf the search,product_type,16,7,0.8742457203715155,0.42857142857142855,0.5714285714285714,0.4285714285714286,0.7,0.9507948552382174,0.5,0.7142857142857143,0.2857142857142857,0.4,0.9507948552382174,0.5,0.7142857142857143,0.2857142857142857,0.16,0.5717186601572756
73400,night quil cold and flu,multi_constraint,41,13,0.6499378281744281,0.24390243902439024,0.46153846153846156,0.5384615384615384,1.0,0.7463884978148595,0.4878048780487805,0.7692307692307693,0.23076923076923073,1.0,0.862988746275479,0.975609756097561,1.0,0.0,0.8,0.46070044275991723
73401,night reading lamp for bed,multi_constraint,16,13,0.862526180565181,0.5,0.5384615384615384,0.46153846153846156,0.8,0.9270435637644497,0.8125,0.8461538461538461,0.15384615384615385,0.65,0.9270435637644497,1.0,1.0,0.0,0.32,0.15631503171567185
73522,nike cortez black and pink,multi_constraint,16,7,0.9413554356376006,0.6428571428571429,1.0,0.0,1.0,0.9421792040973984,0.7857142857142857,1.0,0.0,0.6,0.9421792040973984,0.8571428571428571,1.0,0.0,0.26,0.5942653115437597
73746,nikon lens cleaning kit,product_type,15,3,0.6253878277382111,0.6666666666666666,0.6666666666666666,0.33333333333333337,1.0,0.7418128096239838,1.0,1.0,0.0,0.75,0.7418128096239838,1.0,1.0,0.0,0.3,0.0
73944,nipple suckers,brand_entity_proxy,16,9,0.8566420700070296,0.625,0.7777777777777778,0.2222222222222222,1.0,0.9790789828125998,0.9375,1.0,0.0,0.75,0.9790789828125998,1.0,1.0,0.0,0.32,0.6149400462680908
74270,nook tablet 10.1,attribute_constraint,16,3,0.890272630424962,0.4,0.6666666666666666,0.33333333333333337,0.6,0.9009037201340896,0.8,1.0,0.0,0.6,0.9009037201340896,0.9333333333333333,1.0,0.0,0.3,0.32942927124349236
74336,north carolina food gifts,product_type,16,4,0.7796858356252161,0.375,0.75,0.25,0.6,0.8840265388640838,0.5,0.75,0.25,0.4,0.8840265388640838,0.6875,0.75,0.25,0.22,0.4070457892053472
74620,nude heel sandal,product_type,16,7,1.0,0.625,1.0,0.0,1.0,1.0,0.8125,1.0,0.0,0.65,1.0,1.0,1.0,0.0,0.32,0.8609160647753271
74628,nude racerback sports bra,product_type,40,24,0.8714237384631928,0.25,0.3333333333333333,0.6666666666666667,1.0,0.8126027080246528,0.5,0.625,0.375,1.0,0.952273498764045,0.95,0.9583333333333334,0.04166666666666663,0.76,0.3359807314526269
74654,nugo dark chocolate pretzel with sea salt,multi_constraint,40,16,0.8026868287457832,0.2702702702702703,0.4375,0.5625,1.0,0.7654834756551699,0.5405405405405406,0.6875,0.3125,1.0,0.925697742732813,0.918918918918919,0.875,0.125,0.68,0.4114720849468828
74782,nut free food coloring,product_type,12,6,0.38722074301564835,0.0,0.0,1.0,0.2,0.5534042693473207,0.0,0.0,1.0,0.2,0.5534042693473207,0.0,0.0,1.0,0.08,-0.772487279336428
75417,old toy trucks metal,attribute_constraint,16,6,0.4851036534689158,0.625,0.6666666666666666,0.33333333333333337,1.0,0.64382852918645,1.0,1.0,0.0,0.8,0.64382852918645,1.0,1.0,0.0,0.32,0.08401680504168059
75512,om wall decal,product_type,40,28,0.8335292363957784,0.25,0.2857142857142857,0.7142857142857143,1.0,0.8194095031035822,0.475,0.5357142857142857,0.4642857142857143,0.95,0.9416733907792345,1.0,1.0,0.0,0.8,0.2977400808126553
75831,opi meet a boy as cute as can be,long_descriptive,32,6,0.34008138879621985,0.2413793103448276,0.3333333333333333,0.6666666666666667,0.7,0.41100838427205577,0.3448275862068966,0.3333333333333333,0.6666666666666667,0.55,0.6031856231072432,0.4482758620689655,0.3333333333333333,0.6666666666666667,0.3,0.07129869928319173
75925,orange and white polka dot fabric,multi_constraint,16,5,0.6671847956139767,0.5625,1.0,0.0,0.9,0.668929753667598,0.75,1.0,0.0,0.6,0.668929753667598,0.8125,1.0,0.0,0.26,0.42413800599373574
76144,organic orthopedic pillow,product_type,16,12,0.853648803993702,0.625,0.6666666666666666,0.33333333333333337,1.0,0.9611970790873727,0.9375,0.9166666666666666,0.08333333333333337,0.75,0.9611970790873727,1.0,1.0,0.0,0.32,0.1252448582170299
76820,ovenware,brand_entity_proxy,12,7,0.5652618475225637,0.0,0.0,1.0,0.2,0.6419366615154566,0.14285714285714285,0.14285714285714285,0.8571428571428572,0.2,0.6419366615154566,0.7142857142857143,0.7142857142857143,0.2857142857142857,0.18,-0.4162052056699595
76904,oversized shirts for women,product_type,16,7,0.4454511119612667,0.0,0.0,1.0,0.0,0.5923972018717069,0.0625,0.0,1.0,0.05,0.5923972018717069,0.375,0.14285714285714285,0.8571428571428572,0.12,-0.15031867797664442
76950,oxford button down shirts for men short sleeve,long_descriptive,40,22,0.9312630902825905,0.25,0.4090909090909091,0.5909090909090908,1.0,0.8193650794184554,0.45,0.6818181818181818,0.31818181818181823,0.9,0.9569516514402242,0.85,0.8636363636363636,0.13636363636363635,0.68,0.41791699376670954
76969,oxo pancake spatula,product_type,16,6,0.9718668639099534,0.625,1.0,0.0,1.0,0.9719987587201532,1.0,1.0,0.0,0.8,0.9719987587201532,1.0,1.0,0.0,0.32,0.7281456436945651
77343,palm heart lasagna noodles,product_type,40,12,0.7024791640505781,0.29411764705882354,0.5,0.5,1.0,0.7698399234967314,0.5,0.75,0.25,1.0,0.8851175537938661,0.8823529411764706,1.0,0.0,0.7,0.27770428900904526
78347,pc video card,product_type,16,2,0.7129151150988925,0.625,1.0,0.0,1.0,0.7311586824760936,0.9375,1.0,0.0,0.75,0.7311586824760936,0.9375,1.0,0.0,0.3,0.49047415082113766
79143,personalized premature baby boy,product_type,16,7,0.597844424746435,0.15384615384615385,0.14285714285714285,0.8571428571428572,0.2,0.7410278247091824,0.3076923076923077,0.2857142857142857,0.7142857142857143,0.2,0.7410278247091824,0.46153846153846156,0.5714285714285714,0.4285714285714286,0.12,0.21245766738900734
79505,phone case galaxy j3 orbit,multi_constraint,16,14,0.9157083135347952,0.625,0.6428571428571429,0.3571428571428571,1.0,0.9758874471682326,0.9375,1.0,0.0,0.75,0.9758874471682326,1.0,1.0,0.0,0.32,0.1354971480297021
80305,pink scrunchies,brand_entity_proxy,16,8,0.6585575947234514,0.4375,0.5,0.5,0.7,0.8540526413850338,0.75,0.75,0.25,0.6,0.8540526413850338,1.0,1.0,0.0,0.32,0.1084652289093281
80453,pioneer mvh-210ex,attribute_constraint,16,4,0.9866920778969432,0.625,1.0,0.0,1.0,0.9951372147886944,1.0,1.0,0.0,0.8,0.9951372147886944,1.0,1.0,0.0,0.32,0.5748657132194388
80880,plant cover cloth,product_type,16,12,0.6905961759306691,0.5625,0.5833333333333334,0.41666666666666663,0.9,0.8736254758021149,0.9375,1.0,0.0,0.75,0.8736254758021149,1.0,1.0,0.0,0.32,-0.09393364366277243
81029,plastic cup drink sleeve with handle,multi_constraint,16,1,0.3437364669162118,0.14285714285714285,0.0,1.0,0.2,0.3707451988587841,0.35714285714285715,0.0,1.0,0.25,0.3707451988587841,0.5714285714285714,1.0,0.0,0.16,0.17603160987589042
81301,playset without swing,product_type,40,10,0.3642755347729531,0.2222222222222222,0.3,0.7,1.0,0.4708538511567245,0.5555555555555556,0.5,0.5,1.0,0.6996305019566811,0.8888888888888888,0.9,0.09999999999999998,0.68,0.03449844939489855
81478,plus size bohemian clothing for women,style,16,5,0.8466254350067487,0.25,0.4,0.6,0.4,0.8474295815087074,0.3125,0.6,0.4,0.25,0.8474295815087074,0.5625,1.0,0.0,0.18,0.5411415938540767
81547,plus size pinup clothing for women,multi_constraint,16,1,0.3625871041915979,0.1875,0.0,1.0,0.3,0.3720624805747924,0.25,0.0,1.0,0.2,0.3720624805747924,0.5,1.0,0.0,0.16,0.08401680504168059
82738,potato shreds,brand_entity_proxy,16,1,0.9945137143456967,0.5625,1.0,0.0,0.9,0.9945880695080952,0.8125,1.0,0.0,0.65,0.9945880695080952,0.875,1.0,0.0,0.28,0.6482037235521644
82799,powdered lemonade drink mix,product_type,16,14,0.849755430832745,0.625,0.5714285714285714,0.4285714285714286,1.0,0.9656461963627632,0.8125,0.7857142857142857,0.2142857142857143,0.65,0.9656461963627632,1.0,1.0,0.0,0.32,-0.16398401233815757
82836,power fusion razor,product_type,16,7,0.6968100506743415,0.5625,0.7142857142857143,0.2857142857142857,0.9,0.7700473948764001,0.9375,0.8571428571428571,0.1428571428571429,0.75,0.7700473948764001,1.0,1.0,0.0,0.32,0.11881770515720094
82977,prach lift leggings,product_type,42,35,0.9370154196830378,0.23809523809523808,0.2571428571428571,0.7428571428571429,1.0,0.8178525040718511,0.47619047619047616,0.42857142857142855,0.5714285714285714,1.0,0.9620866954953207,0.9285714285714286,0.9428571428571428,0.05714285714285716,0.78,-0.09751089735375922
83182,pressed flower frame,product_type,16,8,0.9100522411553235,0.5333333333333333,0.75,0.25,0.8,0.9776833721302807,0.8,1.0,0.0,0.6,0.9776833721302807,0.9333333333333333,1.0,0.0,0.28,0.7046550014183999
83573,professional fake beard short,attribute_constraint,16,5,0.7221556497494078,0.625,0.8,0.19999999999999996,1.0,0.8108674373392469,0.875,1.0,0.0,0.7,0.8108674373392469,0.875,1.0,0.0,0.28,0.2486326242032244
83860,prusa i3 mk3,attribute_constraint,16,1,0.5191830845914365,0.625,1.0,0.0,1.0,0.5253086076388854,0.9375,1.0,0.0,0.75,0.5253086076388854,1.0,1.0,0.0,0.32,0.7411790642137418
84011,psp,brand_entity_proxy,24,14,0.8831124895119933,0.4166666666666667,0.5714285714285714,0.4285714285714286,1.0,0.857333363995406,0.8333333333333334,0.7857142857142857,0.2142857142857143,1.0,0.9603086395224966,1.0,1.0,0.0,0.48,0.2686057860936383
84333,punsher,brand_entity_proxy,16,7,0.568166692121775,0.0625,0.14285714285714285,0.8571428571428572,0.1,0.7839714495615765,0.0625,0.14285714285714285,0.8571428571428572,0.05,0.7839714495615765,0.125,0.14285714285714285,0.8571428571428572,0.04,-0.040996003084539386
84543,purple chair covers,product_type,16,13,0.7447033796761523,0.625,0.5384615384615384,0.46153846153846156,1.0,0.9222709414055598,1.0,1.0,0.0,0.8,0.9222709414055598,1.0,1.0,0.0,0.32,-0.29526172657404676
84692,put out more flags evelyn waugh,multi_constraint,12,6,0.958654596153428,0.75,0.8333333333333334,0.16666666666666663,0.9,0.9587229356352904,0.8333333333333334,1.0,0.0,0.5,0.9587229356352904,0.9166666666666666,1.0,0.0,0.22,0.5310850045437944
84752,pvc sheet white,attribute_constraint,16,11,0.7598083232678466,0.625,0.6363636363636364,0.36363636363636365,1.0,0.9279837916672872,0.8125,0.7272727272727273,0.2727272727272727,0.65,0.9279837916672872,1.0,1.0,0.0,0.32,0.014625448482542613
84990,queen trifold mattress,attribute_constraint,16,2,0.8360641025268537,0.625,1.0,0.0,1.0,0.850743435064715,0.8125,1.0,0.0,0.65,0.850743435064715,1.0,1.0,0.0,0.32,0.6060704815212736
85202,rachel held evans monkey town,multi_constraint,12,3,0.5415635910581278,0.5,0.6666666666666666,0.33333333333333337,0.6,0.5427288724017685,0.5,0.6666666666666666,0.33333333333333337,0.3,0.5427288724017685,0.5833333333333334,0.6666666666666666,0.33333333333333337,0.14,0.13937366833451512
85743,raw rolling papers organix,product_type,16,9,0.7518498098081674,0.625,0.8888888888888888,0.11111111111111116,1.0,0.8120592798032779,1.0,1.0,0.0,0.8,0.8120592798032779,1.0,1.0,0.0,0.32,0.3962946964838807
85956,real braces for kids,product_type,15,9,0.6682764361676741,0.6,0.5555555555555556,0.4444444444444444,0.8,0.7934442726291285,0.8,0.7777777777777778,0.2222222222222222,0.55,0.7934442726291285,1.0,1.0,0.0,0.26,0.23506403817006188
87048,remove stain from bath tub,multi_constraint,16,12,0.8572048559638626,0.5833333333333334,0.5833333333333334,0.41666666666666663,0.9,0.9697318821030817,0.8333333333333334,0.8333333333333334,0.16666666666666663,0.6,0.9697318821030817,0.8333333333333334,0.8333333333333334,0.16666666666666663,0.26,0.2504897164340598
87098,replacement backing for samsung galaxy s7,multi_constraint,16,6,0.9739354207808896,0.7142857142857143,1.0,0.0,1.0,0.9739467720768552,0.9285714285714286,1.0,0.0,0.75,0.9739467720768552,0.9285714285714286,1.0,0.0,0.3,0.8578372368099237
87123,replacement spring,brand_entity_proxy,16,10,0.7969344993453359,0.5333333333333333,0.7,0.30000000000000004,0.8,0.9093620288762151,0.8666666666666667,0.9,0.09999999999999998,0.65,0.9093620288762151,1.0,1.0,0.0,0.32,0.39298664439621456
87931,roads not taken dvd,product_type,12,2,0.9967633695956568,0.5714285714285714,1.0,0.0,0.6,0.9984529084764049,0.5714285714285714,1.0,0.0,0.3,0.9984529084764049,0.7142857142857143,1.0,0.0,0.16,0.4722195404892367
88180,rog flow x13 gv301,attribute_constraint,16,2,0.5149161471602886,0.25,0.5,0.5,0.4,0.5194391696245549,0.25,0.5,0.5,0.2,0.5194391696245549,0.5,1.0,0.0,0.16,0.32796802467631514
88972,rubberband holder for bathroom,product_type,16,1,0.06291166779270206,0.23076923076923078,0.0,1.0,0.4,0.3227451488954754,0.3076923076923077,0.0,1.0,0.25,0.3227451488954754,0.5384615384615384,0.0,1.0,0.2,-0.48313412715852977
89016,ruby glasses palstic,product_type,16,1,0.341561558351051,0.25,0.0,1.0,0.3,0.3443080976761103,0.25,0.0,1.0,0.2,0.3443080976761103,0.75,1.0,0.0,0.18,0.27379931217666764
89094,ruger sr22 accessories,attribute_constraint,16,5,0.8900994462431033,0.375,0.8,0.19999999999999996,0.6,0.890663902768557,0.4375,1.0,0.0,0.35,0.890663902768557,0.8125,1.0,0.0,0.26,0.6210677895130106
89443,s j parris,product_type,15,7,0.8719117320527875,0.2,0.42857142857142855,0.5714285714285714,0.3,0.9478198612715093,0.2,0.42857142857142855,0.5714285714285714,0.15,0.9478198612715093,0.2,0.42857142857142855,0.5714285714285714,0.06,0.5258011380119805
90070,samsung galaxy j4 core case with screen protector,long_descriptive,16,4,0.6509804393293939,0.5714285714285714,0.75,0.25,1.0,0.7481590704017997,0.8571428571428571,0.75,0.25,0.7,0.7481590704017997,0.8571428571428571,0.75,0.25,0.28,-0.09354575359423803
90523,santa sack medium,product_type,16,15,0.8910545756824505,0.25,0.2,0.8,0.4,0.956888672828683,0.25,0.2,0.8,0.2,0.956888672828683,0.3125,0.26666666666666666,0.7333333333333334,0.1,-0.30806161848616215
90653,satin rope crafts,product_type,16,6,0.8120772636035302,0.6666666666666666,0.8333333333333334,0.16666666666666663,1.0,0.8909004133676776,0.9333333333333333,1.0,0.0,0.7,0.8909004133676776,1.0,1.0,0.0,0.3,0.5020964452534338
90835,scarfs england,brand_entity_proxy,16,5,0.9424726095923713,0.8181818181818182,0.8,0.19999999999999996,0.9,0.9424492270696013,0.9090909090909091,1.0,0.0,0.5,0.9424492270696013,0.9090909090909091,1.0,0.0,0.2,0.7717436331412897
90983,science fiction books,product_type,32,13,0.5280187854874044,0.15625,0.15384615384615385,0.8461538461538461,0.5,0.6368947057229956,0.25,0.3076923076923077,0.6923076923076923,0.4,0.789759607809778,0.40625,0.46153846153846156,0.5384615384615384,0.26,0.09992458005762395
91113,scrapbook zebra,brand_entity_proxy,16,5,0.9527070787400777,0.6,0.8,0.19999999999999996,0.9,0.9529163826302418,0.6666666666666666,1.0,0.0,0.5,0.9529163826302418,0.7333333333333333,1.0,0.0,0.22,0.6980683814932759
91245,scx 10.2,attribute_constraint,16,3,0.7764020443541796,0.75,1.0,0.0,0.9,0.7971307401313408,0.8333333333333334,1.0,0.0,0.6,0.7971307401313408,0.9166666666666666,1.0,0.0,0.26,0.44705845843784386
91267,sdi to usb blackmagic,product_type,16,8,0.7676156001577075,0.7272727272727273,0.75,0.25,1.0,0.9045968893381768,1.0,1.0,0.0,0.8,0.9045968893381768,1.0,1.0,0.0,0.32,0.3054534175309386
91452,secret lives of monarchs,product_type,16,2,0.8032591969149627,0.42857142857142855,0.5,0.5,0.6,0.8042356280294092,0.5,0.5,0.5,0.35,0.8042356280294092,0.6428571428571429,1.0,0.0,0.18,0.3796283011826483
91498,security light with socket,product_type,16,2,0.10841999417274739,0.6,0.0,1.0,1.0,0.39857345352080553,0.8666666666666667,0.5,0.5,0.7,0.39857345352080553,0.9333333333333333,0.5,0.5,0.3,-0.08063532086164103
91539,sega genesis,brand_entity_proxy,16,8,0.7837152892253042,0.625,0.75,0.25,1.0,0.9068687627022013,0.9375,1.0,0.0,0.75,0.9068687627022013,0.9375,1.0,0.0,0.3,0.4338609156373124
91847,serta sheep,brand_entity_proxy,16,14,1.0,0.6666666666666666,0.7142857142857143,0.2857142857142857,1.0,0.9948348369531547,1.0,1.0,0.0,0.8,0.9948348369531547,1.0,1.0,0.0,0.32,0.39626524423780807
92217,shampoo,brand_entity_proxy,43,33,0.4830022523214004,0.18421052631578946,0.15151515151515152,0.8484848484848485,0.8,0.5951067697988057,0.3157894736842105,0.24242424242424243,0.7575757575757576,0.65,0.8241378829851609,0.7368421052631579,0.696969696969697,0.303030303030303,0.58,0.011453542662691711
92320,sharon tate recollection,product_type,16,10,0.7133722416474912,0.7142857142857143,0.8,0.19999999999999996,1.0,0.8333974720997049,1.0,1.0,0.0,0.75,0.8333974720997049,1.0,1.0,0.0,0.32,0.5056173713759857
92627,shirt without stripes,product_type,40,16,0.1645456784260399,0.20833333333333334,0.0625,0.9375,0.8,0.29577615241676036,0.3333333333333333,0.1875,0.8125,0.55,0.6230968973466986,0.5833333333333334,0.4375,0.5625,0.42,-0.08474799858722527
92663,shock wave 1 aerosol,attribute_constraint,42,4,0.6430916900614992,0.42857142857142855,0.5,0.5,0.6,0.7383359647116007,0.42857142857142855,0.5,0.5,0.45,0.8207031145841667,0.42857142857142855,0.5,0.5,0.24,0.41941245958459245
92720,shoe tree rack,product_type,16,10,0.7024791640505781,0.5625,0.6,0.4,0.9,0.9326160433531958,1.0,1.0,0.0,0.8,0.9326160433531958,1.0,1.0,0.0,0.32,0.16803361008336118
92810,short bridal off the shoulder sheath dreses,multi_constraint,8,1,0.5192002500094981,0.375,1.0,0.0,0.3,0.5192002500094981,0.375,1.0,0.0,0.15,0.5192002500094981,0.625,1.0,0.0,0.1,0.24743582965269675
92928,show tights for women,product_type,16,5,0.8297197050122157,0.4,0.4,0.6,0.2,0.9243260517188799,0.4,0.4,0.6,0.1,0.9243260517188799,0.6,0.6,0.4,0.06,0.5118906968889915
93169,sigma 105mm f1.4 art nikon,multi_constraint,16,5,0.611890756039389,0.5384615384615384,0.6,0.4,1.0,0.7867786072573865,1.0,1.0,0.0,0.8,0.7867786072573865,1.0,1.0,0.0,0.32,-0.034442336009683217
93559,silver signet ring women,attribute_constraint,40,21,0.8026868287457832,0.2631578947368421,0.3333333333333333,0.6666666666666667,1.0,0.766780791400304,0.5,0.6666666666666666,0.33333333333333337,1.0,0.9435041829797449,0.8947368421052632,1.0,0.0,0.72,0.44632349922416487
93654,simple modern straw lid water bottle,style,16,10,0.6565516947368596,0.625,0.7,0.30000000000000004,1.0,0.8207208914543177,0.9375,1.0,0.0,0.75,0.8207208914543177,1.0,1.0,0.0,0.32,0.266474020049506
93758,sink caddy for single sink,multi_constraint,16,9,0.7571688294377569,0.625,0.8888888888888888,0.11111111111111116,1.0,0.818909185006035,0.75,0.8888888888888888,0.11111111111111116,0.6,0.818909185006035,0.875,1.0,0.0,0.28,0.4509560339299332
94456,slimfast meal replacement bar,product_type,40,13,0.7751094469289446,0.2564102564102564,0.5384615384615384,0.46153846153846156,1.0,0.7550786271640522,0.5128205128205128,0.6923076923076923,0.3076923076923077,1.0,0.9095761412312695,0.8717948717948718,0.9230769230769231,0.07692307692307687,0.7,0.45079975527444976
94846,small plastic containers with lids 1 oz,multi_constraint,16,3,0.30429162957669337,0.25,0.0,1.0,0.4,0.42908800901008165,0.5,0.3333333333333333,0.6666666666666667,0.4,0.42908800901008165,0.875,1.0,0.0,0.28,-0.15631503171567185
94878,small round serving tray with sides,multi_constraint,16,13,0.7995416002482189,0.5,0.5384615384615384,0.46153846153846156,0.8,0.9188446091557894,0.75,0.6923076923076923,0.3076923076923077,0.6,0.9188446091557894,0.9375,0.9230769230769231,0.07692307692307687,0.3,-0.05210501057189061
94932,small tablr and chairs,attribute_constraint,16,13,0.9273697171216337,0.25,0.3076923076923077,0.6923076923076923,0.4,0.9836290015060627,0.5625,0.6153846153846154,0.3846153846153846,0.45,0.9836290015060627,0.75,0.8461538461538461,0.15384615384615385,0.24,0.36473507400323424
95116,smartthings hub,brand_entity_proxy,16,8,0.7215153829706434,0.6428571428571429,0.625,0.375,1.0,0.9181432002765149,0.9285714285714286,0.875,0.125,0.75,0.9181432002765149,0.9285714285714286,0.875,0.125,0.3,0.1535263250417283
95136,smartwool mens large socks heavy,multi_constraint,16,2,0.6237353213132497,0.0625,0.5,0.5,0.1,0.7784649135394421,0.5,0.5,0.5,0.4,0.7784649135394421,0.875,1.0,0.0,0.28,0.08199200616907878
95453,snowflake jumbo,brand_entity_proxy,16,11,0.9148568823583791,0.75,0.8181818181818182,0.18181818181818177,1.0,0.9724258608811757,0.9166666666666666,1.0,0.0,0.65,0.9724258608811757,1.0,1.0,0.0,0.28,0.5188253449496193
95494,snuggie,brand_entity_proxy,27,18,0.7813797225975406,0.23076923076923078,0.2777777777777778,0.7222222222222222,0.6,0.7315528879617593,0.4230769230769231,0.3888888888888889,0.6111111111111112,0.55,0.9273882083477704,0.5384615384615384,0.5,0.5,0.28,0.06262460891007532
95886,solar survival gear,product_type,16,2,0.32555261828105275,0.3125,0.5,0.5,0.5,0.4830625278820145,0.5,0.5,0.5,0.4,0.4830625278820145,0.75,0.5,0.5,0.24,0.0
95917,sole e95 elliptical,attribute_constraint,16,3,0.7703075982019137,0.625,0.6666666666666666,0.33333333333333337,1.0,0.8835406822316062,0.9375,0.6666666666666666,0.33333333333333337,0.75,0.8835406822316062,1.0,1.0,0.0,0.32,0.22578837914485933
96045,sonnect egpu,brand_entity_proxy,16,11,0.7995353231122098,0.625,0.6363636363636364,0.36363636363636365,1.0,0.9605658138250922,1.0,1.0,0.0,0.8,0.9605658138250922,1.0,1.0,0.0,0.32,0.20674627127277811
96401,sp 41,attribute_constraint,16,1,0.40028060580875274,0.0,0.0,1.0,0.0,0.402782525164457,0.16666666666666666,0.0,1.0,0.05,0.402782525164457,0.16666666666666666,0.0,1.0,0.02,0.3723031367964138
96535,sparkly 2 piece outfits for women sexy,multi_constraint,41,28,0.8380940272459068,0.24390243902439024,0.2857142857142857,0.7142857142857143,1.0,0.8211314054692753,0.4634146341463415,0.5357142857142857,0.4642857142857143,0.95,0.9391943920211753,0.8048780487804879,0.8928571428571429,0.1071428571428571,0.66,0.2551667591095714
96819,spigen iphone xs max slim,multi_constraint,16,8,0.811412565592527,0.6666666666666666,0.75,0.25,0.8,0.946608919753375,0.8888888888888888,0.875,0.125,0.65,0.946608919753375,1.0,1.0,0.0,0.32,0.5264284436825986
98201,stitch pajamas,brand_entity_proxy,13,6,0.7668878296761484,0.5,0.5,0.5,0.4,0.7668878296761484,0.5,0.5,0.5,0.25,0.7668878296761484,1.0,1.0,0.0,0.18,0.41239304942116123
98425,stranger things lego sets,product_type,16,1,0.9680497362740244,0.42857142857142855,1.0,0.0,0.7,0.9902872766442683,0.7142857142857143,1.0,0.0,0.55,0.9902872766442683,0.9285714285714286,1.0,0.0,0.28,0.5695588643007568
98526,street/dirt bike,product_type,16,6,0.8146193718738802,0.4,0.6666666666666666,0.33333333333333337,0.7,0.8447656109562967,0.5333333333333333,0.8333333333333334,0.16666666666666663,0.45,0.8447656109562967,0.6,1.0,0.0,0.2,0.04206036098537615
99391,superhero workout shirts for women,multi_constraint,16,6,0.5240185826326422,0.3333333333333333,0.3333333333333333,0.6666666666666667,0.6,0.7658527123390179,0.3333333333333333,0.3333333333333333,0.6666666666666667,0.4,0.7658527123390179,0.5,0.5,0.5,0.18,-0.028005601680560196
99846,swimsuit padded push up bra,multi_constraint,16,4,0.6519963354262285,0.5625,0.75,0.25,0.9,0.7533254572016854,0.625,0.75,0.25,0.5,0.7533254572016854,0.875,1.0,0.0,0.28,0.6515379680160087
100084,t150 stand,attribute_constraint,16,6,0.7782281746933386,0.6666666666666666,0.6666666666666666,0.33333333333333337,1.0,0.9332755690218508,0.8666666666666667,0.8333333333333334,0.16666666666666663,0.65,0.9332755690218508,1.0,1.0,0.0,0.3,0.4769916229907621
100330,tactacam reveal trail camera,product_type,40,10,0.645764859402212,0.25,0.5,0.5,1.0,0.7463934177421783,0.5,0.7,0.30000000000000004,1.0,0.8873114341869179,1.0,1.0,0.0,0.8,0.2013997494994581
100469,tales from a not so perfect pet sitter,long_descriptive,16,9,0.5262341345429575,0.26666666666666666,0.2222222222222222,0.7777777777777778,0.5,0.8295855883117099,0.4,0.2222222222222222,0.7777777777777778,0.35,0.8295855883117099,0.4666666666666667,0.2222222222222222,0.7777777777777778,0.16,-0.3799196435750982
100474,talkbox keyboard,brand_entity_proxy,16,4,0.12406559698369746,0.25,0.0,1.0,0.4,0.4271570187114411,0.4166666666666667,0.0,1.0,0.35,0.4271570187114411,0.5,0.0,1.0,0.18,-0.36430836970250097
100637,tanning lotion outdoor,product_type,16,7,0.7863989281066865,0.625,0.7142857142857143,0.2857142857142857,1.0,0.9258761629210114,0.9375,1.0,0.0,0.75,0.9258761629210114,0.9375,1.0,0.0,0.3,0.36896402776085446
100807,tascam multitrack recorder,product_type,40,27,1.0,0.2702702702702703,0.37037037037037035,0.6296296296296297,1.0,0.8268523890112253,0.5135135135135135,0.5555555555555556,0.4444444444444444,1.0,0.9656831872815715,1.0,1.0,0.0,0.8,0.30787794809307034
101683,texas home t shirt women,multi_constraint,40,14,0.5994718825600593,0.19444444444444445,0.35714285714285715,0.6428571428571428,0.8,0.621872707254763,0.3888888888888889,0.5,0.5,0.75,0.8413297859126845,0.8055555555555556,0.8571428571428571,0.1428571428571429,0.6,0.29800730565581635
101841,the bible james earl jones audio cd,multi_constraint,16,5,0.9383723019012984,0.625,1.0,0.0,1.0,0.9386954173921365,0.9375,1.0,0.0,0.75,0.9386954173921365,1.0,1.0,0.0,0.32,0.6581451817144176
102215,the mule clint eastwood,product_type,16,1,0.51193824762827,0.45454545454545453,1.0,0.0,0.7,0.5205437179296885,0.45454545454545453,1.0,0.0,0.4,0.5205437179296885,0.6363636363636364,1.0,0.0,0.2,0.19476969656479054
102308,the phantom of the opera costume,multi_constraint,16,3,0.8776357963378082,0.5333333333333333,1.0,0.0,0.8,0.8879745754307332,0.6666666666666666,1.0,0.0,0.5,0.8879745754307332,0.8,1.0,0.0,0.26,0.6386943705186747
102732,things for ten year old girls,multi_constraint,16,9,0.7835831718628485,0.1875,0.2222222222222222,0.7777777777777778,0.3,0.9036674320761359,0.3125,0.3333333333333333,0.6666666666666667,0.25,0.9036674320761359,0.375,0.4444444444444444,0.5555555555555556,0.12,0.28697202159177565
102895,thrive hangover,brand_entity_proxy,16,4,0.691236121123801,0.3076923076923077,0.5,0.5,0.5,0.7920124159570094,0.46153846153846156,0.75,0.25,0.4,0.7920124159570094,0.5384615384615384,0.75,0.25,0.18,0.20022073576310595
102991,ti-nspire cas cx calculator,multi_constraint,16,4,0.7396662494325413,0.625,0.75,0.25,1.0,0.8473928120687589,1.0,1.0,0.0,0.8,0.8473928120687589,1.0,1.0,0.0,0.32,0.18251993707859557
103099,tiger shark jet ski parts,multi_constraint,16,7,0.6541146192789798,0.4444444444444444,0.5714285714285714,0.4285714285714286,1.0,0.8851106272418736,0.7777777777777778,1.0,0.0,0.7,0.8851106272418736,1.0,1.0,0.0,0.32,-0.014494275891311212
103248,tin ceiling tiles bronze,product_type,16,13,0.9363792118010483,0.6923076923076923,0.6923076923076923,0.3076923076923077,1.0,0.990039015608143,1.0,1.0,0.0,0.75,0.990039015608143,1.0,1.0,0.0,0.32,0.4342084214324218
103500,toad keychain,brand_entity_proxy,16,7,0.9889404232714891,0.625,1.0,0.0,1.0,0.9889876016162862,0.9375,1.0,0.0,0.75,0.9889876016162862,1.0,1.0,0.0,0.32,0.8062547273292745
103612,toddler boy pants cotton,product_type,16,15,0.77990823370192,0.4,0.4,0.6,0.7,0.8711304194636228,0.8,0.8,0.19999999999999996,0.65,0.8711304194636228,0.9333333333333333,0.9333333333333333,0.06666666666666665,0.3,-0.42008402520840293
103705,toddler jogger outfits for girls,multi_constraint,16,5,0.9188020362949422,0.5,0.4,0.6,0.4,0.9188020362949422,1.0,1.0,0.0,0.4,0.9188020362949422,1.0,1.0,0.0,0.22,0.7342645197929271
104116,tool wrap,brand_entity_proxy,40,32,0.688349111487302,0.25,0.21875,0.78125,1.0,0.7308508120584676,0.4722222222222222,0.4375,0.5625,0.9,0.8952514840459112,0.75,0.71875,0.28125,0.58,-0.08038133961297625
104212,top water fishing baits popin pickle,multi_constraint,10,3,0.4761362956675452,0.8,0.6666666666666666,0.33333333333333337,0.8,0.4761362956675452,0.9,1.0,0.0,0.45,0.4761362956675452,0.9,1.0,0.0,0.18,-0.4178554470186724
104375,tote to carry shoes,product_type,16,10,0.823699893396571,0.1,0.1,0.9,0.1,0.9409840862093185,0.2,0.2,0.8,0.1,0.9409840862093185,0.3,0.3,0.7,0.08,0.4760952285695233
104485,toxozers,brand_entity_proxy,37,16,0.8527237332178331,0.13513513513513514,0.25,0.75,0.5,0.7621713803997642,0.1891891891891892,0.375,0.625,0.35,0.9313450967236244,0.24324324324324326,0.5,0.5,0.18,0.424088043143768
104556,toy story girls clothes,product_type,16,10,0.7721596254947204,0.7,0.7,0.30000000000000004,0.9,0.9468754337690923,0.9,0.9,0.09999999999999998,0.6,0.9468754337690923,0.9,0.9,0.09999999999999998,0.3,0.36407282184728257
104929,trash can 30 gallon outdoor,multi_constraint,16,2,0.2842105156867104,0.625,0.5,0.5,1.0,0.4354253929020557,0.9375,0.5,0.5,0.75,0.4354253929020557,1.0,1.0,0.0,0.32,-0.12298800925361818
105336,trivial pursuit ps4,attribute_constraint,16,12,0.6202031786108073,0.5,0.4166666666666667,0.5833333333333333,0.8,0.807456131193909,0.5,0.4166666666666667,0.5833333333333333,0.4,0.807456131193909,0.6875,0.6666666666666666,0.33333333333333337,0.22,-0.2818009309883173
105354,troll hair wig light blue,multi_constraint,8,3,0.841283561743602,1.0,1.0,0.0,0.7,0.841283561743602,1.0,1.0,0.0,0.4,0.841283561743602,1.0,1.0,0.0,0.16,0.45643546458763845
106080,twin rollaway bed with mattress,multi_constraint,16,8,0.6548802737141014,0.5333333333333333,0.625,0.375,0.9,0.8500773056864379,0.7333333333333333,0.75,0.25,0.6,0.8500773056864379,0.9333333333333333,1.0,0.0,0.3,0.1171674592522398
106387,ugly christmas shirt size 3xl,multi_constraint,16,6,0.8692694623106509,0.6363636363636364,0.8333333333333334,0.16666666666666663,0.9,0.9523422929410986,0.9090909090909091,1.0,0.0,0.65,0.9523422929410986,0.9090909090909091,1.0,0.0,0.26,0.5082594432405262
106839,unicorn tails book,product_type,16,3,0.9676661965076964,0.8,1.0,0.0,0.4,0.9676661965076964,0.8,1.0,0.0,0.3,0.9676661965076964,1.0,1.0,0.0,0.14,0.7622645132144167
107789,vampire dolls,brand_entity_proxy,16,8,0.6343237619798258,0.625,0.75,0.25,1.0,0.7772250514901733,0.75,1.0,0.0,0.6,0.7772250514901733,0.8125,1.0,0.0,0.26,0.2788915579384299
107880,vans hoodie for women,product_type,16,3,0.5875601082259564,0.0,0.0,1.0,0.1,0.5900421827437201,0.3,0.6666666666666666,0.33333333333333337,0.2,0.5900421827437201,0.6,0.6666666666666666,0.33333333333333337,0.14,0.49626305890118877
107900,vans toddler girls,product_type,16,13,0.8494540900804062,0.6,0.6153846153846154,0.3846153846153846,1.0,0.9662958632402523,1.0,1.0,0.0,0.8,0.9662958632402523,1.0,1.0,0.0,0.32,0.1490868564169978
108093,vegetarian womens multivitamin age 50+,multi_constraint,16,6,0.7057645584737227,0.6923076923076923,0.6666666666666666,0.33333333333333337,0.9,0.859726000346349,0.9230769230769231,0.8333333333333334,0.16666666666666663,0.6,0.859726000346349,1.0,1.0,0.0,0.32,0.3852777102651401
108571,video doorbell wedge,product_type,16,4,0.9981248556046675,0.3333333333333333,1.0,0.0,0.5,0.9981341400810848,0.4666666666666667,1.0,0.0,0.35,0.9981341400810848,0.6,1.0,0.0,0.18,0.8445183160321567
108769,vintage shoes for women,style,16,8,0.7101049751588937,0.25,0.25,0.75,0.4,0.8422974259443129,0.25,0.25,0.75,0.2,0.8422974259443129,0.625,0.75,0.25,0.2,0.1898141505913242
108964,vitamin k oil,product_type,16,2,1.0,0.5,1.0,0.0,0.8,1.0,0.6875,1.0,0.0,0.55,1.0,0.875,1.0,0.0,0.28,0.5739440431835515
109159,voodoo pins,brand_entity_proxy,16,8,0.8916625323309302,0.6428571428571429,0.875,0.125,1.0,0.9576297277296781,0.8571428571428571,1.0,0.0,0.65,0.9576297277296781,1.0,1.0,0.0,0.3,0.6716776720575612
109658,walter wenderley summer samba,product_type,16,9,0.4454753516314611,0.625,0.5555555555555556,0.4444444444444444,1.0,0.6907254190748556,1.0,1.0,0.0,0.8,0.6907254190748556,1.0,1.0,0.0,0.32,-0.3416333590378282
110355,weaver high ring 30mm,attribute_constraint,13,8,0.9166533115032484,0.7692307692307693,0.875,0.125,1.0,0.9823623827196577,1.0,1.0,0.0,0.65,0.9823623827196577,1.0,1.0,0.0,0.26,0.5916079783099616
110443,wedding heels for women,product_type,9,3,0.9140688022364483,0.375,0.6666666666666666,0.33333333333333337,0.4,0.9140688022364483,0.375,0.6666666666666666,0.33333333333333337,0.2,0.9140688022364483,0.75,0.6666666666666666,0.33333333333333337,0.14,0.1863389981249825
110695,west the american cowboy,product_type,16,5,0.6422598468922647,0.6363636363636364,0.6,0.4,1.0,0.8236370760041651,0.9090909090909091,1.0,0.0,0.75,0.8236370760041651,1.0,1.0,0.0,0.32,0.291547594742265
110785,what to expect the first year,multi_constraint,16,5,0.9515826279396843,0.8181818181818182,1.0,0.0,1.0,0.9524706898306895,0.9090909090909091,1.0,0.0,0.7,0.9524706898306895,0.9090909090909091,1.0,0.0,0.28,0.7031441990842862
110848,where the crawdads sing,product_type,58,22,0.8611375561264456,0.2903225806451613,0.4090909090909091,0.5909090909090908,1.0,0.8408251320154464,0.5806451612903226,0.7272727272727273,0.2727272727272727,0.95,0.9344886159955595,0.8064516129032258,1.0,0.0,0.56,0.7552549547581487
110909,whisper ride 2 ride on push car pink,long_descriptive,16,6,0.8507712519882878,0.625,0.8333333333333334,0.16666666666666663,1.0,0.9343331768391072,0.8125,1.0,0.0,0.65,0.9343331768391072,0.875,1.0,0.0,0.28,0.6161232369723243
111397,white whirlpool dishwasher,attribute_constraint,16,1,0.44912254510567323,0.6,1.0,0.0,1.0,0.5229043658716324,0.9333333333333333,1.0,0.0,0.75,0.5229043658716324,1.0,1.0,0.0,0.32,-0.25413786936401306
111447,whole house fan,product_type,16,14,1.0,0.625,0.7142857142857143,0.2857142857142857,1.0,0.9944412561284368,0.9375,0.9285714285714286,0.0714285714285714,0.75,0.9944412561284368,1.0,1.0,0.0,0.32,0.3783693944980361
111629,wigwam thermal,brand_entity_proxy,16,14,0.853648803993702,0.5,0.42857142857142855,0.5714285714285714,0.8,0.9687959193645234,0.9375,0.9285714285714286,0.0714285714285714,0.75,0.9687959193645234,1.0,1.0,0.0,0.32,-0.12298800925361818
111828,window mount planter,product_type,16,2,0.11544599941819794,0.5625,0.0,1.0,0.9,0.4037463847276341,0.875,0.5,0.5,0.7,0.4037463847276341,0.9375,1.0,0.0,0.3,-0.39216325274905944
111876,windows tablet with keyboard,product_type,16,4,0.7981208518553771,0.6428571428571429,0.75,0.25,0.9,0.7988307718555742,0.7857142857142857,1.0,0.0,0.6,0.7988307718555742,0.9285714285714286,1.0,0.0,0.3,0.44753970033955487
111913,wine decorker,brand_entity_proxy,16,11,0.7839868235004236,0.25,0.36363636363636365,0.6363636363636364,0.4,0.9532931928456797,0.5,0.5454545454545454,0.4545454545454546,0.4,0.9532931928456797,0.9375,0.9090909090909091,0.09090909090909094,0.3,0.2193817272381392
111950,wine vacuum pump,product_type,16,13,0.8773866185740877,0.625,0.6153846153846154,0.3846153846153846,1.0,0.9832093396336653,0.875,0.8461538461538461,0.15384615384615385,0.7,0.9832093396336653,0.9375,0.9230769230769231,0.07692307692307687,0.3,0.27224556389190907
112070,wipes floor,brand_entity_proxy,16,3,0.6253878277382111,0.4375,0.3333333333333333,0.6666666666666667,0.7,0.7478729812626277,0.625,0.6666666666666666,0.33333333333333337,0.5,0.7478729812626277,0.9375,1.0,0.0,0.3,0.1215783580010781
112116,wired router gigabit without wifi,multi_constraint,19,12,0.43842228855468046,0.17647058823529413,0.16666666666666666,0.8333333333333334,0.5,0.7822308733303818,0.47058823529411764,0.3333333333333333,0.6666666666666667,0.5,0.7822308733303818,0.9411764705882353,0.9166666666666666,0.08333333333333337,0.36,-0.5890293917581746
112141,wireless charger samsung galaxy 10+,multi_constraint,16,10,0.6067797270852324,0.375,0.2,0.8,0.6,0.8360829664187971,0.8125,0.8,0.19999999999999996,0.65,0.8360829664187971,1.0,1.0,0.0,0.32,-0.16803361008336118
112578,women on women toys,product_type,16,12,0.6848438465302218,0.06666666666666667,0.08333333333333333,0.9166666666666666,0.1,0.8684405710004595,0.06666666666666667,0.08333333333333333,0.9166666666666666,0.05,0.8684405710004595,0.06666666666666667,0.08333333333333333,0.9166666666666666,0.02,-0.08738275920531946
112716,women's canvas slip on sneakers,multi_constraint,16,6,0.8714613528814282,0.375,0.8333333333333334,0.16666666666666663,0.6,0.9500861854851466,0.6875,0.8333333333333334,0.16666666666666663,0.55,0.9500861854851466,0.8125,1.0,0.0,0.26,0.5881176352917641
113321,womens sweatshirts without hoods,product_type,43,32,0.5140079037199949,0.1282051282051282,0.125,0.875,0.6,0.5790946789431483,0.23076923076923078,0.21875,0.78125,0.6,0.8249771153438303,0.5384615384615384,0.53125,0.46875,0.5,-0.20379968438299245
113679,wooden serving trays with handles extra large,multi_constraint,40,33,0.9223857137111114,0.25,0.2727272727272727,0.7272727272727273,1.0,0.8058799576290999,0.45,0.3939393939393939,0.6060606060606061,0.9,0.9541989060751719,0.925,0.9090909090909091,0.09090909090909094,0.74,-0.1168461109879728
114588,xsmall top fin fish filter,multi_constraint,15,3,0.9080067251166157,0.6666666666666666,1.0,0.0,1.0,0.9085658331188339,0.9333333333333333,1.0,0.0,0.7,0.9085658331188339,1.0,1.0,0.0,0.3,0.6172133998483676
114599,xtend elite series,product_type,16,2,0.8544409527868279,0.2,0.5,0.5,0.3,0.8555873320087543,0.2,0.5,0.5,0.15,0.8555873320087543,0.26666666666666666,0.5,0.5,0.08,0.583383351196948
114650,xylophone with harmonica,product_type,16,4,0.9714403272568198,0.625,1.0,0.0,1.0,0.9716121481623554,0.9375,1.0,0.0,0.75,0.9716121481623554,0.9375,1.0,0.0,0.3,0.6888467201936644
114793,ye speaker,brand_entity_proxy,17,1,0.34550272724414516,0.11764705882352941,0.0,1.0,0.2,0.3566998388393191,0.35294117647058826,0.0,1.0,0.3,0.3566998388393191,0.8823529411764706,1.0,0.0,0.3,0.05103103630798288
114905,yellow tie,brand_entity_proxy,16,7,0.7982949676562214,0.625,0.7142857142857143,0.2857142857142857,1.0,0.9437358834092658,0.9375,1.0,0.0,0.75,0.9437358834092658,1.0,1.0,0.0,0.32,0.47828670265295953
114954,yeti coffee travel mug,product_type,27,9,0.6497350466979451,0.2692307692307692,0.4444444444444444,0.5555555555555556,0.7,0.8933223074728729,0.5384615384615384,0.8888888888888888,0.11111111111111116,0.7,0.8981579608651991,0.8076923076923077,1.0,0.0,0.42,0.4969672363150851
115094,yorktend not a day over fabulous wine tumbler,long_descriptive,40,26,0.7937892708477715,0.2564102564102564,0.3076923076923077,0.6923076923076923,1.0,0.7619770122947647,0.5128205128205128,0.5769230769230769,0.42307692307692313,1.0,0.9130593270272346,0.9743589743589743,1.0,0.0,0.78,0.306399433264616
115539,zario chapstick holder,product_type,16,4,1.0,0.625,1.0,0.0,1.0,1.0,0.9375,1.0,0.0,0.75,1.0,1.0,1.0,0.0,0.32,0.7514691493021795
