query_id,query,query_type,n_judged,n_highest,cNDCG@10,RelevantRecall@10,HighestRecall@10,RelevantHidden@10,JudgedCoverage@10,cNDCG@20,RelevantRecall@20,HighestRecall@20,RelevantHidden@20,JudgedCoverage@20,cNDCG@50,RelevantRecall@50,HighestRecall@50,RelevantHidden@50,JudgedCoverage@50,RelevanceVisibilitySpearman
165,"(8 pck, one without packaging ) umbra single",multi_constraint,40,6,0.23161123673056194,0.0,0.0,1.0,0.0,0.31662766949296517,0.0,0.0,1.0,0.0,0.504935735516434,0.0,0.0,1.0,0.0,0.17406949077095846
433,0.35x 0.5 stainless steel u not h trowel,long_descriptive,40,7,0.18395047570216103,0.32,0.2857142857142857,0.7142857142857143,1.0,0.25359269547970775,0.52,0.42857142857142855,0.5714285714285714,0.8,0.47959364621281925,0.68,0.42857142857142855,0.5714285714285714,0.46,0.2450043968744434
500,02cool spray water bottle for drinking not flap to drink,long_descriptive,40,22,0.7115507092840929,0.25,0.36363636363636365,0.6363636363636364,1.0,0.7746193897002664,0.5,0.7727272727272727,0.2272727272727273,1.0,0.8718194943795603,0.775,1.0,0.0,0.62,0.6645642920695297
541,06 honda odyssey a/c compressor,multi_constraint,16,7,0.7629995395209928,0.625,0.7142857142857143,0.2857142857142857,1.0,0.9018340634189337,0.9375,1.0,0.0,0.75,0.9018340634189337,0.9375,1.0,0.0,0.3,0.22657647361480832
598,0rganic potting without fertelizer for roses,multi_constraint,39,14,0.37106044520327125,0.13043478260869565,0.14285714285714285,0.8571428571428572,0.6,0.4728909449894148,0.21739130434782608,0.2857142857142857,0.7142857142857143,0.5,0.7009096308181534,0.4782608695652174,0.5714285714285714,0.4285714285714286,0.4,0.04662784760646237
600,0sxk ofrece fidget toys not expensive,multi_constraint,39,26,0.9157083135347952,0.25,0.2692307692307692,0.7307692307692308,0.8,0.878775438804445,0.5,0.5769230769230769,0.42307692307692313,0.8,0.9676816705387126,0.96875,1.0,0.0,0.62,0.6095882783219383
602,0ver charge on items.with prime not happy,long_descriptive,10,3,0.5605155533833456,0.0,0.0,1.0,0.0,0.5605155533833456,0.0,0.0,1.0,0.0,0.5605155533833456,0.0,0.0,1.0,0.0,0.10403129732205986
622,1 1/2 sink drain without overflow,multi_constraint,40,26,0.7744732390469551,0.23684210526315788,0.2692307692307692,0.7307692307692308,1.0,0.6450937761262894,0.5,0.4230769230769231,0.5769230769230769,1.0,0.9070142803646053,1.0,1.0,0.0,0.8,-0.056984399806707095
637,1 1/4” npt,attribute_constraint,16,13,0.7165174701450555,0.5625,0.5384615384615384,0.46153846153846156,0.9,0.8527732256376219,0.9375,0.9230769230769231,0.07692307692307687,0.75,0.8527732256376219,0.9375,0.9230769230769231,0.07692307692307687,0.3,-0.060499014198202014
861,1 pint mason jars without words,multi_constraint,40,24,0.37799511977520445,0.10810810810810811,0.08333333333333333,0.9166666666666666,0.5,0.41820015252440346,0.21621621621621623,0.16666666666666666,0.8333333333333334,0.45,0.7479982398347949,0.6756756756756757,0.5833333333333334,0.41666666666666663,0.56,-0.37272112632550175
933,1'' oil hose,attribute_constraint,16,4,0.27478065652031974,0.5625,0.25,0.75,0.9,0.5591929669626187,0.8125,0.5,0.5,0.65,0.5591929669626187,0.8125,0.5,0.5,0.26,-0.12587581867489347
978,1.25 sunglasses for women,multi_constraint,16,12,0.643887187266689,0.5625,0.5,0.5,0.9,0.828544192426707,0.875,0.8333333333333334,0.16666666666666663,0.7,0.828544192426707,1.0,1.0,0.0,0.32,-0.1252448582170299
1210,10 hottest models without cloth,multi_constraint,35,2,0.20498506018528367,0.0,0.0,1.0,0.0,0.35119108825987266,0.0,0.0,1.0,0.0,0.35248813323521155,0.0,0.0,1.0,0.0,0.12095959817469087
1293,10 qt stainless steel pot without aluminum,multi_constraint,39,10,0.34739626458069933,0.27586206896551724,0.3,0.7,1.0,0.4068033821783972,0.4827586206896552,0.4,0.6,0.9,0.675911210601183,0.896551724137931,0.9,0.09999999999999998,0.68,0.12407552878027665
1310,10 succulent plants without plastic containers,multi_constraint,40,1,0.19424420816439736,0.21739130434782608,0.0,1.0,0.8,0.217297308553606,0.43478260869565216,0.0,1.0,0.85,0.48280186115515034,0.6956521739130435,1.0,0.0,0.62,-0.11120075134655431
1458,100% cranberry juice not from concentrate,multi_constraint,39,15,0.826813366651774,0.24242424242424243,0.5333333333333333,0.4666666666666667,1.0,0.8476209821461722,0.48484848484848486,0.8666666666666667,0.1333333333333333,1.0,0.9196365018054643,0.8181818181818182,1.0,0.0,0.64,0.32982287380305236
1476,100% remy hair bundles without weft for box braids,long_descriptive,40,17,0.6345241395127149,0.2571428571428571,0.35294117647058826,0.6470588235294117,1.0,0.6966386793992622,0.5428571428571428,0.7058823529411765,0.2941176470588235,1.0,0.8596637134631048,1.0,1.0,0.0,0.8,0.37104884448297654
1530,104 bcd crank arms without chainring,multi_constraint,40,17,0.3214250991907952,0.21428571428571427,0.23529411764705882,0.7647058823529411,1.0,0.4560513835777164,0.5,0.5882352941176471,0.4117647058823529,1.0,0.6816855563498005,0.9642857142857143,1.0,0.0,0.76,-0.021858165697698505
1659,10×6 patio gazebo without cover,multi_constraint,40,5,0.6317070270685883,0.3333333333333333,0.6,0.4,1.0,0.6289518938225905,0.47619047619047616,0.6,0.4,0.95,0.7840472561292927,0.7619047619047619,0.8,0.19999999999999996,0.6,0.03210407879487503
1816,12 hp engine,attribute_constraint,16,4,0.6266431501876684,0.5,1.0,0.0,0.8,0.6386692192820809,0.9285714285714286,1.0,0.0,0.7,0.6386692192820809,1.0,1.0,0.0,0.32,0.3027827295851725
2286,16x48 frame,attribute_constraint,39,13,0.42267106584821096,0.15,0.07692307692307693,0.9230769230769231,0.4,0.6324988212122717,0.25,0.15384615384615385,0.8461538461538461,0.4,0.7537544179192575,0.55,0.5384615384615384,0.46153846153846156,0.32,0.3633151093123223
2390,18x13 setting ring,attribute_constraint,16,2,0.21529530127038102,0.5625,0.5,0.5,0.9,0.39683416913207525,0.8125,1.0,0.0,0.65,0.39683416913207525,0.9375,1.0,0.0,0.3,-0.3757545430073152
2692,2 ton jack handle replacement,multi_constraint,16,7,0.5752782711219084,0.75,0.7142857142857143,0.2857142857142857,1.0,0.7127644986530225,1.0,1.0,0.0,0.8,0.7127644986530225,1.0,1.0,0.0,0.32,0.006600983619844496
2855,20lb maxima chameleon,attribute_constraint,40,7,0.3973534108107285,0.23529411764705882,0.5714285714285714,0.4285714285714286,0.9,0.6054360211323113,0.38235294117647056,0.8571428571428571,0.1428571428571429,0.7,0.6134892031311611,0.5882352941176471,1.0,0.0,0.42,0.40689465672770125
3012,24 rims 6 lug,attribute_constraint,17,5,0.24255250868265785,0.38461538461538464,0.0,1.0,0.5,0.5175100892116221,0.5384615384615384,0.4,0.6,0.4,0.5175100892116221,0.7692307692307693,1.0,0.0,0.26,0.042280132813732815
3492,3.5 ft christmas tree with lights,multi_constraint,15,1,0.6471247982008933,0.6666666666666666,1.0,0.0,1.0,0.6515593677365488,1.0,1.0,0.0,0.75,0.6515593677365488,1.0,1.0,0.0,0.3,0.3711537444790451
3494,3.5 mm male to male rca cable,long_descriptive,16,11,0.6182214937983116,0.5833333333333334,0.5454545454545454,0.4545454545454546,1.0,0.8528979605772026,1.0,1.0,0.0,0.8,0.8528979605772026,1.0,1.0,0.0,0.32,-0.24404676504598818
3986,3w landscape light,attribute_constraint,16,14,0.9009587051658641,0.625,0.6428571428571429,0.3571428571428571,1.0,0.958112605855597,1.0,1.0,0.0,0.8,0.958112605855597,1.0,1.0,0.0,0.32,0.028122049591070248
4299,49ers gym apparel,attribute_constraint,16,1,0.6471247982008933,0.25,1.0,0.0,0.4,0.6523704174460165,0.4375,1.0,0.0,0.35,0.6523704174460165,0.5625,1.0,0.0,0.18,0.36407282184728257
4321,4exls,attribute_constraint,32,5,0.1415758119549891,0.0,0.0,1.0,0.0,0.30933558856080207,0.0,0.0,1.0,0.0,0.45239863819512166,0.0,0.0,1.0,0.0,0.054304462598683226
4860,6 gallon water dispenser,attribute_constraint,16,2,0.49977322679601405,0.5625,0.5,0.5,0.9,0.6504433409497635,0.8125,1.0,0.0,0.65,0.6504433409497635,0.9375,1.0,0.0,0.3,0.6190345559923168
4956,60 watt speaker amp,attribute_constraint,16,7,0.7924164117758147,0.4375,0.5714285714285714,0.4285714285714286,0.7,0.9369915556789573,0.75,0.8571428571428571,0.1428571428571429,0.6,0.9369915556789573,1.0,1.0,0.0,0.32,0.3868632152456551
5079,6x6 square mold,attribute_constraint,16,10,0.4716146970460046,0.25,0.2,0.8,0.4,0.8126999880082386,0.375,0.3,0.7,0.3,0.8126999880082386,0.5,0.3,0.7,0.16,-0.42008402520840293
5094,7 1/8 baseball helmet,multi_constraint,16,11,0.9273697171216337,0.5,0.6363636363636364,0.36363636363636365,0.8,0.9818428459421157,1.0,1.0,0.0,0.8,0.9818428459421157,1.0,1.0,0.0,0.32,0.5411415938540767
5419,8x12 rustic picture frame,style,16,5,0.4426764613479176,0.5625,0.6,0.4,0.9,0.5328535649876064,1.0,1.0,0.0,0.8,0.5328535649876064,1.0,1.0,0.0,0.32,-0.07312724241271305
5787,a big idea not the savior,multi_constraint,13,2,0.8783909287498268,0.3333333333333333,0.5,0.5,0.1,0.8783909287498268,0.6666666666666666,0.5,0.5,0.1,0.8783909287498268,0.6666666666666666,0.5,0.5,0.04,0.6742101523704086
5921,a world without you,product_type,17,2,0.5846183971342575,0.6666666666666666,0.5,0.5,0.3,0.5846183971342575,0.6666666666666666,0.5,0.5,0.25,0.5846183971342575,1.0,1.0,0.0,0.16,0.4870881870470524
6138,abu garcia baitcasting combo,product_type,15,3,0.5935416919841462,0.6666666666666666,1.0,0.0,1.0,0.596012025743519,0.9333333333333333,1.0,0.0,0.7,0.596012025743519,1.0,1.0,0.0,0.3,0.3471825374147068
6685,adidas joggers for men,product_type,16,8,0.7525974066503568,0.3333333333333333,0.375,0.625,0.6,0.8851676317336825,0.6,0.75,0.25,0.5,0.8851676317336825,1.0,1.0,0.0,0.32,0.21453196764494611
7034,aeramax 290 small room,attribute_constraint,15,1,0.04388065628739695,0.4,0.0,1.0,0.6,0.2919221293874042,0.5333333333333333,0.0,1.0,0.4,0.2919221293874042,0.6666666666666666,0.0,1.0,0.2,-0.4330127018922193
7126,afx slot car race track sets,multi_constraint,14,7,0.8912901199753849,0.7692307692307693,0.8571428571428571,0.1428571428571429,1.0,0.967043911628847,0.9230769230769231,1.0,0.0,0.65,0.967043911628847,1.0,1.0,0.0,0.28,0.6044755191922508
7303,air force ones for men,multi_constraint,16,12,0.8176906535830902,0.6428571428571429,0.6666666666666666,0.33333333333333337,1.0,0.9347374864677676,0.9285714285714286,1.0,0.0,0.75,0.9347374864677676,0.9285714285714286,1.0,0.0,0.3,0.12396026161066068
7340,air intake gasket kit,product_type,16,2,0.4705051905051651,0.5,1.0,0.0,0.8,0.47544230994139786,0.8125,1.0,0.0,0.65,0.47544230994139786,1.0,1.0,0.0,0.32,0.24597601850723635
7545,airpods case anti-lost strap,multi_constraint,16,12,0.6477805604276461,0.625,0.5833333333333334,0.41666666666666663,1.0,0.8355027772941721,0.9375,1.0,0.0,0.75,0.8355027772941721,0.9375,1.0,0.0,0.3,0.0
7581,airpods pro soft tips,product_type,16,10,0.6037163915755682,0.5833333333333334,0.6,0.4,1.0,0.8369434117704622,0.9166666666666666,1.0,0.0,0.75,0.8369434117704622,1.0,1.0,0.0,0.32,-0.040996003084539386
8063,all boots,brand_entity_proxy,16,12,0.8603818544462509,0.16666666666666666,0.16666666666666666,0.8333333333333334,0.2,0.9722461053777408,0.25,0.25,0.75,0.15,0.9722461053777408,0.5,0.5,0.5,0.12,0.2818009309883173
8519,amazon basics wireless charger,product_type,16,8,0.655866612134773,0.42857142857142855,0.25,0.75,0.6,0.7935056534929453,0.7857142857142857,0.875,0.125,0.55,0.7935056534929453,1.0,1.0,0.0,0.3,0.09435472059856218
8605,amazon rewards points,product_type,16,6,0.8480740740411332,0.6666666666666666,0.6666666666666666,0.33333333333333337,0.7,0.9324828826236334,0.8333333333333334,0.8333333333333334,0.16666666666666663,0.5,0.9324828826236334,1.0,1.0,0.0,0.28,0.5601120336112039
8740,amelia bedelia hat,product_type,16,1,0.3317012581794504,0.0,0.0,1.0,0.0,0.3352271240243609,0.08333333333333333,0.0,1.0,0.05,0.3352271240243609,0.5833333333333334,0.0,1.0,0.14,0.6399448505650357
9096,angel halos,brand_entity_proxy,16,11,0.6251871820213295,0.6666666666666666,0.6363636363636364,0.36363636363636365,1.0,0.8066271074965716,1.0,1.0,0.0,0.8,0.8066271074965716,1.0,1.0,0.0,0.32,0.05423261445466404
9695,apple fast charger,product_type,16,9,0.5550977283177277,0.625,0.6666666666666666,0.33333333333333337,1.0,0.7353195537698065,1.0,1.0,0.0,0.8,0.7353195537698065,1.0,1.0,0.0,0.32,-0.09565734053059191
9776,apple plastic container,attribute_constraint,16,9,0.7906059931924999,0.4375,0.4444444444444444,0.5555555555555556,0.7,0.910145790029689,0.75,0.7777777777777778,0.2222222222222222,0.6,0.910145790029689,0.875,0.8888888888888888,0.11111111111111116,0.28,0.2596413528687494
9967,aprilia helmet vaisor,product_type,16,3,0.43734888382569426,0.3333333333333333,0.3333333333333333,0.6666666666666667,0.5,0.5682508739938915,0.3333333333333333,0.3333333333333333,0.6666666666666667,0.35,0.5682508739938915,1.0,1.0,0.0,0.22,0.1215783580010781
10312,arm and bra fat workout,multi_constraint,39,20,0.6149941229651449,0.28125,0.25,0.75,0.9,0.5754337990522386,0.40625,0.35,0.65,0.75,0.8582737792950265,0.65625,0.65,0.35,0.52,0.010636256480325283
10370,armor of god book,product_type,16,10,0.8389574121760603,0.8,0.8,0.19999999999999996,1.0,0.9581574578645122,1.0,1.0,0.0,0.8,0.9581574578645122,1.0,1.0,0.0,0.32,0.5321064319306437
11509,award winning childrens books ages 9-12,multi_constraint,14,5,0.5186309307691127,0.14285714285714285,0.0,1.0,0.2,0.6077587291188697,0.14285714285714285,0.0,1.0,0.1,0.6077587291188697,0.35714285714285715,0.4,0.6,0.1,0.09245003270420486
11621,b'patriot supply',product_type,15,1,1.0,0.06666666666666667,1.0,0.0,0.1,1.0,0.13333333333333333,1.0,0.0,0.1,1.0,0.13333333333333333,1.0,0.0,0.04,0.4330127018922193
11875,baby cribs with mattress included,multi_constraint,16,5,0.717204055849749,0.6153846153846154,1.0,0.0,1.0,0.7196343098574649,0.9230769230769231,1.0,0.0,0.7,0.7196343098574649,0.9230769230769231,1.0,0.0,0.28,0.2911942953545945
11925,baby fleece suit,product_type,40,28,1.0,0.19444444444444445,0.25,0.75,0.7,0.96559732902812,0.3888888888888889,0.5,0.5,0.7,0.9873288355511939,0.6388888888888888,0.75,0.25,0.46,0.5885493369941875
12176,baby shower gifts,product_type,51,27,0.6432467074913462,0.13953488372093023,0.18518518518518517,0.8148148148148149,0.7,0.5934150257081725,0.16279069767441862,0.2222222222222222,0.7777777777777778,0.4,0.7873545630596421,0.23255813953488372,0.3333333333333333,0.6666666666666667,0.22,0.20322214160090563
12432,backless tanks,brand_entity_proxy,16,12,0.85011663231495,0.13333333333333333,0.16666666666666666,0.8333333333333334,0.2,0.9646881432715984,0.3333333333333333,0.3333333333333333,0.6666666666666667,0.25,0.9646881432715984,0.5333333333333333,0.5833333333333334,0.41666666666666663,0.16,0.3204034504195047
12557,badges without borders,product_type,40,8,0.6146784352984601,0.3333333333333333,0.375,0.625,0.5,0.6152632443113227,0.3333333333333333,0.375,0.625,0.35,0.8109442584023767,0.4444444444444444,0.5,0.5,0.22,0.04859545950210136
12664,baking soda bulk,product_type,18,5,0.4606095437588605,0.5555555555555556,0.4,0.6,1.0,0.7068109057477263,0.9444444444444444,0.8,0.19999999999999996,0.85,0.7068109057477263,1.0,1.0,0.0,0.36,-0.22712047553498962
12809,balloons co,brand_entity_proxy,16,4,0.7161862599890197,0.6,0.75,0.25,0.6,0.7161862599890197,0.8,1.0,0.0,0.4,0.7161862599890197,0.9,1.0,0.0,0.18,0.7685362810587945
13089,bar stools,brand_entity_proxy,38,32,0.712281611397926,0.2631578947368421,0.21875,0.78125,1.0,0.7812128299738458,0.47368421052631576,0.4375,0.5625,0.9,0.9162721328516753,0.9736842105263158,1.0,0.0,0.74,-0.15794943794779692
13169,barbie holder,brand_entity_proxy,16,11,0.818424292804084,0.4375,0.45454545454545453,0.5454545454545454,0.7,0.933779339987999,0.5625,0.6363636363636364,0.36363636363636365,0.45,0.933779339987999,0.5625,0.6363636363636364,0.36363636363636365,0.18,0.1941617156300873
13471,bass amp headphones,product_type,40,21,0.857980942822373,0.2962962962962963,0.38095238095238093,0.6190476190476191,1.0,0.8362385569396882,0.6296296296296297,0.7619047619047619,0.23809523809523814,1.0,0.9498108772419107,0.8888888888888888,0.9047619047619048,0.09523809523809523,0.7,0.42920150631379717
13639,bath salts unicorn,product_type,16,15,0.77990823370192,0.6,0.6,0.4,1.0,0.8711304194636228,0.8,0.8,0.19999999999999996,0.65,0.8711304194636228,0.9333333333333333,0.9333333333333333,0.06666666666666665,0.3,-0.42008402520840293
13785,bathroom storage shelf,product_type,16,8,0.9089433193822426,0.46153846153846156,0.75,0.25,0.6,0.9812424919643097,0.46153846153846156,0.75,0.25,0.3,0.9812424919643097,0.46153846153846156,0.75,0.25,0.12,0.6294760881421574
13954,battery powered inverter generator,product_type,16,13,0.849755430832745,0.6666666666666666,0.6153846153846154,0.3846153846153846,1.0,0.9650969332531989,1.0,1.0,0.0,0.8,0.9650969332531989,1.0,1.0,0.0,0.32,0.12315870747491123
14346,beat belle,brand_entity_proxy,16,10,0.8669479898642711,0.16666666666666666,0.2,0.8,0.2,0.9842198268204452,0.25,0.3,0.7,0.15,0.9842198268204452,0.3333333333333333,0.4,0.6,0.08,0.6251890470392255
14880,ben 10 ver,attribute_constraint,16,4,0.5716190970674814,0.5,0.5,0.5,0.4,0.6692141095655068,0.5,0.5,0.5,0.2,0.6692141095655068,0.5,0.5,0.5,0.08,0.21917850187980234
14882,ben affleck batman funko pop,multi_constraint,39,11,0.513389079515478,0.30303030303030304,0.45454545454545453,0.5454545454545454,1.0,0.6310941647020725,0.5454545454545454,0.7272727272727273,0.2727272727272727,1.0,0.7644360590843073,1.0,1.0,0.0,0.72,0.3773436920009474
15154,best sellers,brand_entity_proxy,32,28,0.9157083135347952,0.03225806451612903,0.03571428571428571,0.9642857142857143,0.1,0.9104459879994038,0.03225806451612903,0.03571428571428571,0.9642857142857143,0.05,0.973466389427793,0.03225806451612903,0.03571428571428571,0.9642857142857143,0.02,0.16698200226981472
15164,best sleep aid for insomnia,multi_constraint,16,7,0.7135701677534838,0.5625,0.8571428571428571,0.1428571428571429,0.9,0.7878357581055733,0.875,1.0,0.0,0.7,0.7878357581055733,0.9375,1.0,0.0,0.3,0.47828670265295953
15311,beyblade',brand_entity_proxy,16,10,0.6985487808766725,0.23076923076923078,0.3,0.7,0.3,0.9255583479115272,0.23076923076923078,0.3,0.7,0.15,0.9255583479115272,0.38461538461538464,0.4,0.6,0.12,0.13454533838012986
15647,big joe bean bag covers only without filling,long_descriptive,40,21,0.6296211800193254,0.25,0.23809523809523808,0.7619047619047619,1.0,0.6205427314112201,0.5,0.5238095238095238,0.47619047619047616,1.0,0.88062928601998,1.0,1.0,0.0,0.8,0.05511881825239839
15716,big&j deer attractant,product_type,40,14,0.934408318780155,0.2564102564102564,0.6428571428571429,0.3571428571428571,1.0,0.8915293144153363,0.5128205128205128,0.8571428571428571,0.1428571428571429,1.0,0.9655094120657206,0.8717948717948718,0.9285714285714286,0.0714285714285714,0.7,0.5871637367653273
15777,bike rear wheel parts,product_type,16,12,0.9052116356304495,0.6923076923076923,0.75,0.25,1.0,0.959012176077733,0.9230769230769231,0.9166666666666666,0.08333333333333337,0.75,0.959012176077733,0.9230769230769231,0.9166666666666666,0.08333333333333337,0.3,0.2776829903635707
15807,biker jeans for boys size 8,multi_constraint,16,15,0.9337457765456111,0.5333333333333333,0.5333333333333333,0.4666666666666667,0.9,0.9903811455035839,0.8,0.8,0.19999999999999996,0.65,0.9903811455035839,0.8666666666666667,0.8666666666666667,0.1333333333333333,0.28,0.028005601680560196
16613,black laced up shorts,attribute_constraint,16,9,0.8339027364798929,0.3076923076923077,0.4444444444444444,0.5555555555555556,0.4,0.9531545646921,0.38461538461538464,0.4444444444444444,0.5555555555555556,0.25,0.9531545646921,0.6153846153846154,0.6666666666666666,0.33333333333333337,0.16,0.5202456822697097
16684,black nike pants,attribute_constraint,16,13,0.8067628892172455,0.5625,0.5384615384615384,0.46153846153846156,0.9,0.9249626384011946,1.0,1.0,0.0,0.8,0.9249626384011946,1.0,1.0,0.0,0.32,-0.19105170543026556
17384,blue friends coffee mug big,multi_constraint,16,11,0.625004494710824,0.5625,0.5454545454545454,0.4545454545454546,0.9,0.8566436961173872,0.875,0.8181818181818182,0.18181818181818177,0.7,0.8566436961173872,1.0,1.0,0.0,0.32,-0.16087993330796874
17607,bluetooth mouse for laptop without usb receiver,multi_constraint,27,17,0.615677284983244,0.38461538461538464,0.29411764705882354,0.7058823529411764,1.0,0.7137588490956349,0.7307692307692307,0.7058823529411765,0.2941176470588235,1.0,0.8820686011848884,1.0,1.0,0.0,0.54,-0.14663787496571698
17689,blush ruffle sleeve dress,product_type,16,3,0.2987950126066434,0.5625,0.3333333333333333,0.6666666666666667,0.9,0.43106202543984595,0.6875,1.0,0.0,0.55,0.43106202543984595,0.875,1.0,0.0,0.28,-0.1215783580010781
17742,bmx stuff for kids,product_type,16,12,0.7309598715022061,0.2857142857142857,0.16666666666666666,0.8333333333333334,0.4,0.9077495947950917,0.35714285714285715,0.25,0.75,0.25,0.9077495947950917,0.42857142857142855,0.3333333333333333,0.6666666666666667,0.12,-0.06198013080533034
18356,book prepared not scared,product_type,16,7,0.8088578573932211,0.8888888888888888,1.0,0.0,0.9,0.8096173908440994,0.8888888888888888,1.0,0.0,0.45,0.8096173908440994,1.0,1.0,0.0,0.22,0.6564951755290801
18553,boppy nursing pillow without cover,multi_constraint,39,21,0.6617400662055873,0.25806451612903225,0.2857142857142857,0.7142857142857143,1.0,0.5399564220038912,0.5161290322580645,0.42857142857142855,0.5714285714285714,1.0,0.8567840411855925,0.9354838709677419,0.9523809523809523,0.04761904761904767,0.74,-0.005667489561928688
18679,bose sunglasses,brand_entity_proxy,28,8,0.9211211415486211,0.391304347826087,0.875,0.125,0.9,0.9831318415920924,0.6086956521739131,0.875,0.125,0.7,0.9836522853754395,0.8695652173913043,1.0,0.0,0.44,0.7711697220489074
18682,bose wireless headphones,product_type,16,8,0.7002094615949709,0.5625,0.875,0.125,0.9,0.7668026087850776,0.875,1.0,0.0,0.7,0.7668026087850776,1.0,1.0,0.0,0.32,0.3796283011826484
18932,bounce pro 14 ft trampoline enclosure,multi_constraint,16,10,0.7191245710479386,0.6666666666666666,0.8,0.19999999999999996,1.0,0.8396699379780992,1.0,1.0,0.0,0.8,0.8396699379780992,1.0,1.0,0.0,0.32,0.4999970879356083
19053,boxer briefs spandex,product_type,16,14,0.9157083135347952,0.625,0.6428571428571429,0.3571428571428571,1.0,0.9698317532037993,1.0,1.0,0.0,0.8,0.9698317532037993,1.0,1.0,0.0,0.32,-0.04099600308453939
19134,boyfriend shirts for men,product_type,15,2,0.9219180243454468,0.3333333333333333,1.0,0.0,0.5,0.9225329744719494,0.4,1.0,0.0,0.3,0.9225329744719494,0.5333333333333333,1.0,0.0,0.16,0.5447047794019222
19268,boys shoes size 1,attribute_constraint,32,21,0.7298594126707157,0.2608695652173913,0.23809523809523808,0.7619047619047619,0.7,0.7567125841507605,0.34782608695652173,0.3333333333333333,0.6666666666666667,0.5,0.9113471728897188,0.6086956521739131,0.6190476190476191,0.38095238095238093,0.34,0.3197568981857699
19369,bracelet for men tommy hilfiger,multi_constraint,16,11,0.7266824141883275,0.5,0.45454545454545453,0.5454545454545454,0.7,0.8995619220701049,0.8333333333333334,0.8181818181818182,0.18181818181818177,0.65,0.8995619220701049,1.0,1.0,0.0,0.32,0.025308553412176554
19372,bracelet making kit age 8,multi_constraint,16,15,0.934408318780155,0.625,0.6,0.4,1.0,0.9904813071164753,0.9375,0.9333333333333333,0.06666666666666665,0.75,0.9904813071164753,1.0,1.0,0.0,0.32,0.028005601680560196
19380,braces,brand_entity_proxy,16,2,0.6131471927654584,0.5,0.5,0.5,0.4,0.778842958530688,0.5,0.5,0.5,0.3,0.778842958530688,0.5,0.5,0.5,0.12,0.16398401233815757
19619,breaking the habit of being yourself,multi_constraint,16,2,0.9197207891481876,1.0,1.0,0.0,0.3,0.9197207891481876,1.0,1.0,0.0,0.2,0.9197207891481876,1.0,1.0,0.0,0.08,0.5329480400990121
19694,brene brown the gifts of imperfection,multi_constraint,17,7,0.7965787229523534,0.6666666666666666,0.8571428571428571,0.1428571428571429,1.0,0.8720892247572124,0.8666666666666667,1.0,0.0,0.7,0.8720892247572124,0.9333333333333333,1.0,0.0,0.3,0.5730163152500494
19953,brooks ghost 12 women,attribute_constraint,16,3,0.9104886699366053,0.3076923076923077,0.6666666666666666,0.33333333333333337,0.4,0.9142945425638779,0.38461538461538464,0.6666666666666666,0.33333333333333337,0.35,0.9142945425638779,0.46153846153846156,1.0,0.0,0.18,0.22140372138502382
20037,brown belt without buckle,attribute_constraint,41,32,0.7044948650760122,0.25,0.25,0.75,1.0,0.6712550542203354,0.475,0.4375,0.5625,1.0,0.8717093974360278,0.975,0.96875,0.03125,0.8,-0.1571847924430085
20185,bt21 folder,attribute_constraint,16,4,0.8575280950501637,0.5714285714285714,0.75,0.25,0.7,0.8596335170117086,0.7142857142857143,1.0,0.0,0.45,0.8596335170117086,0.8571428571428571,1.0,0.0,0.24,0.44147031082193033
20307,budesonide,brand_entity_proxy,16,5,0.8539316501572937,0.8,0.8,0.19999999999999996,0.5,0.9387217014756977,0.8,0.8,0.19999999999999996,0.3,0.9387217014756977,0.8,0.8,0.19999999999999996,0.14,0.48263979992390627
20315,budhas statues,brand_entity_proxy,16,10,0.8910545756824505,0.625,0.9,0.09999999999999998,1.0,0.9519987575056202,0.875,1.0,0.0,0.7,0.9519987575056202,0.9375,1.0,0.0,0.3,0.6161232369723243
20385,bug outdoor repellent,product_type,16,2,0.6585748677134267,0.6,1.0,0.0,1.0,0.662725971122869,1.0,1.0,0.0,0.8,0.662725971122869,1.0,1.0,0.0,0.32,0.34138729440413995
20500,bulk pens,brand_entity_proxy,16,5,0.40842093508458016,0.35714285714285715,0.0,1.0,0.5,0.5772575160756196,0.5,0.0,1.0,0.35,0.5772575160756196,0.8571428571428571,0.8,0.19999999999999996,0.24,0.03468729675471602
20523,bulldogs and barbell,product_type,16,3,0.37590633587120725,0.3333333333333333,0.3333333333333333,0.6666666666666667,0.6,0.5068083260394044,0.3333333333333333,0.3333333333333333,0.6666666666666667,0.3,0.5068083260394044,0.3333333333333333,0.3333333333333333,0.6666666666666667,0.12,0.08684168428648434
20788,business notepad,brand_entity_proxy,15,5,0.9425142477297541,0.38461538461538464,0.8,0.19999999999999996,0.5,0.9501160216284159,0.6153846153846154,0.8,0.19999999999999996,0.4,0.9501160216284159,0.9230769230769231,1.0,0.0,0.24,0.5941428847713326
21481,calcium for chameleons without d3,multi_constraint,40,17,0.8013299742918716,0.38095238095238093,0.4117647058823529,0.5882352941176471,1.0,0.7334718826910217,0.6190476190476191,0.6470588235294118,0.3529411764705882,1.0,0.9221991065985599,0.8095238095238095,0.8235294117647058,0.17647058823529416,0.62,0.3265834082794216
21645,calligraphy pens for beginners,product_type,16,13,0.9339724701105759,0.5625,0.6153846153846154,0.3846153846153846,0.9,0.9781389642307794,0.9375,0.9230769230769231,0.07692307692307687,0.75,0.9781389642307794,1.0,1.0,0.0,0.32,0.15631503171567185
22173,camping house for 4 people,multi_constraint,16,9,0.6409002792847589,0.5333333333333333,0.5555555555555556,0.4444444444444444,0.8,0.7675001794037924,0.8,1.0,0.0,0.65,0.7675001794037924,0.9333333333333333,1.0,0.0,0.3,0.2543955322617398
22211,can coke pack 12,attribute_constraint,11,3,0.32300802780215443,0.8181818181818182,0.6666666666666666,0.33333333333333337,0.9,0.4518596718452149,1.0,1.0,0.0,0.55,0.4518596718452149,1.0,1.0,0.0,0.22,-0.5163977794943223
22441,canon eos rebel t3 remote,multi_constraint,16,7,0.6366000154950496,0.625,0.5714285714285714,0.4285714285714286,1.0,0.8538148113303548,1.0,1.0,0.0,0.8,0.8538148113303548,1.0,1.0,0.0,0.32,0.10231524610758967
22639,captain hook coat women,product_type,16,9,0.9229732451556727,0.45454545454545453,0.5555555555555556,0.4444444444444444,0.5,0.987844095491822,0.5454545454545454,0.6666666666666666,0.33333333333333337,0.3,0.987844095491822,0.6363636363636364,0.7777777777777778,0.2222222222222222,0.14,0.6260231176208272
23148,cargill uncertain,brand_entity_proxy,12,4,0.41679680169457106,0.6,0.5,0.5,0.6,0.5248545041946812,0.6,0.5,0.5,0.3,0.5248545041946812,0.6,0.5,0.5,0.12,0.02290143062071722
23260,carol berkin,brand_entity_proxy,16,15,0.9273697171216337,0.0625,0.06666666666666667,0.9333333333333333,0.1,0.9850274488214884,0.0625,0.06666666666666667,0.9333333333333333,0.05,0.9850274488214884,0.0625,0.06666666666666667,0.9333333333333333,0.02,-0.08401680504168059
23744,cat and jack shoe,product_type,16,1,0.04388065628739695,0.0625,0.0,1.0,0.1,0.29357029064664153,0.125,0.0,1.0,0.1,0.29357029064664153,0.3125,0.0,1.0,0.1,-0.36407282184728257
24082,cbd tea,brand_entity_proxy,15,5,0.893518635537065,0.6666666666666666,0.6,0.4,0.7,0.8944605268472936,0.8888888888888888,1.0,0.0,0.5,0.8944605268472936,0.8888888888888888,1.0,0.0,0.2,0.6362798852329785
24402,ceramic plates,brand_entity_proxy,16,6,0.20985493298563884,0.5625,0.3333333333333333,0.6666666666666667,0.9,0.5205679164079071,0.8125,0.6666666666666666,0.33333333333333337,0.65,0.5205679164079071,1.0,1.0,0.0,0.32,-0.5321064319306437
24504,cetaphil night,brand_entity_proxy,16,4,0.8348316710979752,0.625,0.75,0.25,1.0,0.9421588869034925,1.0,1.0,0.0,0.8,0.9421588869034925,1.0,1.0,0.0,0.32,0.5322906474223771
24668,chamarra polo hombre,product_type,35,8,0.7946078463697529,0.0,0.0,1.0,0.0,0.7958948986939577,0.0,0.0,1.0,0.0,0.9000622568993015,0.030303030303030304,0.125,0.875,0.02,0.3377707358126559
24697,champion hoodie boys,product_type,16,2,0.8307038676972471,0.75,1.0,0.0,0.8,0.8307038676972471,1.0,1.0,0.0,0.5,0.8307038676972471,1.0,1.0,0.0,0.3,0.3757545430073152
24831,changing table,product_type,39,19,0.3677408174800208,0.1794871794871795,0.10526315789473684,0.8947368421052632,0.7,0.5419112741642359,0.3076923076923077,0.2631578947368421,0.736842105263158,0.6,0.7521467325737335,0.48717948717948717,0.5789473684210527,0.42105263157894735,0.38,0.062430720151600456
25132,cheap white dress shoes,attribute_constraint,16,12,0.8318477135310892,0.08333333333333333,0.08333333333333333,0.9166666666666666,0.1,0.9478393825068653,0.16666666666666666,0.16666666666666666,0.8333333333333334,0.1,0.9478393825068653,0.3333333333333333,0.3333333333333333,0.6666666666666667,0.1,0.15655607277128736
25426,chicago cubs shorts mens,product_type,16,5,0.7994459548513394,0.8181818181818182,0.8,0.19999999999999996,1.0,0.8935884074061209,1.0,1.0,0.0,0.7,0.8935884074061209,1.0,1.0,0.0,0.32,0.6688444820557843
25497,chiefs football costumes for boys,multi_constraint,16,1,0.1422787832644165,0.6666666666666666,0.0,1.0,1.0,0.39718932752465524,0.8666666666666667,1.0,0.0,0.65,0.39718932752465524,0.9333333333333333,1.0,0.0,0.28,-0.35457509494510725
25516,child fitted pajamas beige,product_type,15,5,0.6708278804582578,0.6666666666666666,0.8,0.19999999999999996,0.8,0.671368426765744,0.8333333333333334,1.0,0.0,0.5,0.671368426765744,0.9166666666666666,1.0,0.0,0.22,0.5670648111106877
25591,childrens memoirs disability,product_type,16,3,0.803102128610279,0.625,1.0,0.0,1.0,0.8045193844494414,0.9375,1.0,0.0,0.75,0.8045193844494414,0.9375,1.0,0.0,0.3,0.399471747717828
26321,cinnamon sticks for potpourri,product_type,16,9,0.6138108994447865,0.6666666666666666,0.6666666666666666,0.33333333333333337,1.0,0.7998903807540938,0.9333333333333333,1.0,0.0,0.7,0.7998903807540938,1.0,1.0,0.0,0.3,0.3012578671520603
26642,claypool lennon delirium vinyl,product_type,16,10,0.793041126184379,0.5,0.6,0.4,0.8,0.9598414705386845,0.625,0.7,0.30000000000000004,0.5,0.9598414705386845,0.8125,0.8,0.19999999999999996,0.26,0.30806161848616215
26872,clinical terms psychotherapy notes,product_type,16,5,0.6015611869736018,0.5,0.8,0.19999999999999996,0.8,0.603650211172326,0.9375,1.0,0.0,0.75,0.603650211172326,0.9375,1.0,0.0,0.3,0.2486326242032244
27927,colorful wands,brand_entity_proxy,16,8,0.7470572972323428,0.75,0.75,0.25,0.7,0.8176138798233114,0.875,0.875,0.125,0.4,0.8176138798233114,0.875,0.875,0.125,0.2,0.5965587590013045
28198,compact projector,brand_entity_proxy,16,15,0.9273697171216337,0.625,0.6,0.4,1.0,0.9850274488214884,1.0,1.0,0.0,0.8,0.9850274488214884,1.0,1.0,0.0,0.32,-0.08401680504168059
28637,controle de play,product_type,15,4,0.6955762265703532,0.0,0.0,1.0,0.0,0.6955762265703532,0.0,0.0,1.0,0.0,0.6955762265703532,0.0,0.0,1.0,0.02,0.4885042104591972
29049,cordless wall hanging fountains,product_type,16,4,1.0,0.75,0.75,0.25,0.3,1.0,0.75,0.75,0.25,0.15,1.0,1.0,1.0,0.0,0.1,0.7514691493021795
29123,corn hole cover for boards,multi_constraint,16,11,0.9216017310213247,0.5714285714285714,0.7272727272727273,0.2727272727272727,0.9,0.9751086766797213,0.9285714285714286,1.0,0.0,0.75,0.9751086766797213,1.0,1.0,0.0,0.32,0.442257241157421
29488,cotton paper deckled edges,product_type,16,7,0.8209828631274216,0.375,0.5714285714285714,0.4285714285714286,0.6,0.8893199985921127,0.5,0.7142857142857143,0.2857142857142857,0.4,0.8893199985921127,0.8125,0.8571428571428571,0.1428571428571429,0.26,0.3416333590378282
29596,couple earmuffs,brand_entity_proxy,16,12,0.9363792118010483,0.75,0.75,0.25,0.9,0.9920091311559465,0.75,0.75,0.25,0.45,0.9920091311559465,0.8333333333333334,0.8333333333333334,0.16666666666666663,0.22,0.594913076530892
29729,cowitness riser,brand_entity_proxy,16,9,0.7295993794232157,0.25,0.3333333333333333,0.6666666666666667,0.4,0.911199919580871,0.4375,0.4444444444444444,0.5555555555555556,0.35,0.911199919580871,0.5625,0.5555555555555556,0.4444444444444444,0.18,0.15031867797664442
29868,crank brothers pedals,product_type,16,10,0.8630152897016883,0.8,0.8,0.19999999999999996,0.9,0.980299482514436,0.9,0.9,0.09999999999999998,0.6,0.980299482514436,1.0,1.0,0.0,0.3,0.6161232369723243
29928,crazy rings for women,product_type,15,5,0.9688318486225906,0.3333333333333333,0.8,0.19999999999999996,0.5,0.9705382402323067,0.4166666666666667,0.8,0.19999999999999996,0.35,0.9705382402323067,0.6666666666666666,1.0,0.0,0.22,0.4474797148900665
29941,cream colored flower girl dress size 24 month,long_descriptive,14,2,0.4745582160562089,0.4,0.5,0.5,0.6,0.49274631450521605,0.5,0.5,0.5,0.4,0.49274631450521605,0.7,1.0,0.0,0.2,-0.20230069025113273
29945,cream flat shoelaces,product_type,16,5,0.6979751785287711,0.625,0.8,0.19999999999999996,1.0,0.7845907521532786,1.0,1.0,0.0,0.8,0.7845907521532786,1.0,1.0,0.0,0.32,0.2193817272381392
29952,cream v neck t shirt women,multi_constraint,16,4,0.39617685236200845,0.3125,0.25,0.75,0.5,0.6062655592814583,0.625,0.5,0.5,0.5,0.6062655592814583,0.8125,1.0,0.0,0.26,0.06262242910851495
30020,creme hoodie men,product_type,16,1,0.6408929087666216,0.0,0.0,1.0,0.0,0.6485349880398161,0.07692307692307693,0.0,1.0,0.05,0.6485349880398161,0.38461538461538464,1.0,0.0,0.1,0.3534147150081809
30318,cross necklace for women 14k gold,multi_constraint,16,12,0.843078030656429,0.625,0.6666666666666666,0.33333333333333337,1.0,0.9574001161529799,1.0,1.0,0.0,0.8,0.9574001161529799,1.0,1.0,0.0,0.32,0.18786728732554486
31573,dark green flannel for women,multi_constraint,16,2,0.8805759217511043,0.4375,1.0,0.0,0.7,0.881689456628697,0.75,1.0,0.0,0.6,0.881689456628697,0.9375,1.0,0.0,0.3,0.4919520370144727
31659,dash phone mount bag,product_type,16,7,0.8767621581735705,0.625,0.8571428571428571,0.1428571428571429,1.0,0.9526844502561964,1.0,1.0,0.0,0.8,0.9526844502561964,1.0,1.0,0.0,0.32,0.5876093775450646
31724,david yurman medium braclet 11 mm,multi_constraint,16,6,0.8754959575075147,0.5,1.0,0.0,0.8,0.8766467228800509,0.7857142857142857,1.0,0.0,0.6,0.8766467228800509,0.9285714285714286,1.0,0.0,0.28,0.5250450160772531
31889,deadliest catch season 5,attribute_constraint,16,2,0.5317847194141466,0.6666666666666666,0.5,0.5,1.0,0.6664462981212492,0.9333333333333333,0.5,0.5,0.7,0.6664462981212492,0.9333333333333333,0.5,0.5,0.28,0.280489927824221
32142,deer plush pillow,product_type,16,10,0.8469714038173858,0.5,0.6,0.4,0.8,0.9667472891910004,0.6875,0.9,0.09999999999999998,0.55,0.9667472891910004,1.0,1.0,0.0,0.32,0.5601120336112039
32164,defribilator portable,brand_entity_proxy,40,13,0.7898234123654433,0.05555555555555555,0.07692307692307693,0.9230769230769231,0.1,0.8033430238462577,0.16666666666666666,0.23076923076923078,0.7692307692307692,0.15,0.9231384737348312,0.2777777777777778,0.38461538461538464,0.6153846153846154,0.1,0.459070787362126
32311,demi moore,brand_entity_proxy,14,11,0.88995411685096,0.18181818181818182,0.18181818181818182,0.8181818181818181,0.2,0.9507827159018454,0.18181818181818182,0.18181818181818182,0.8181818181818181,0.15,0.9507827159018454,0.5454545454545454,0.5454545454545454,0.4545454545454546,0.14,0.2806917861068948
32350,denin dress for women,product_type,16,9,0.8545150374160662,0.3,0.3333333333333333,0.6666666666666667,0.3,0.9793732358218926,0.7,0.7777777777777778,0.2222222222222222,0.35,0.9793732358218926,0.7,0.7777777777777778,0.2222222222222222,0.16,0.5874528409465175
32351,denis daily backpack,product_type,16,4,0.8238705503758929,0.4166666666666667,0.5,0.5,0.5,0.8242444585472334,0.5833333333333334,0.75,0.25,0.35,0.8242444585472334,1.0,1.0,0.0,0.24,0.7477908641261862
32430,depends night defense large for women,multi_constraint,40,19,0.6990880804579083,0.24324324324324326,0.3157894736842105,0.6842105263157895,1.0,0.6866391134435541,0.4864864864864865,0.631578947368421,0.368421052631579,1.0,0.8971142081451733,0.7837837837837838,0.8421052631578947,0.1578947368421053,0.62,0.24127286631006412
32612,desk gadgets for office,product_type,16,2,0.5277900967729386,0.25,0.0,1.0,0.4,0.5632878960782027,0.4375,0.5,0.5,0.35,0.5632878960782027,0.625,1.0,0.0,0.2,0.0
32812,dewalt 20v xr oscillating,attribute_constraint,16,4,0.9701089393834625,0.625,1.0,0.0,1.0,0.9795275246211771,0.9375,1.0,0.0,0.75,0.9795275246211771,1.0,1.0,0.0,0.32,0.6309060814892583
32917,diabetic shoes for men,product_type,16,7,0.38395080447520363,0.3125,0.14285714285714285,0.8571428571428572,0.5,0.6025925543619663,0.5625,0.42857142857142855,0.5714285714285714,0.45,0.6025925543619663,0.9375,1.0,0.0,0.3,-0.20498001542269692
33004,diamond watch,product_type,16,10,0.8682785099656284,0.4375,0.7,0.30000000000000004,0.7,0.9829903348453196,0.75,0.9,0.09999999999999998,0.6,0.9829903348453196,1.0,1.0,0.0,0.32,0.6161232369723243
33735,disinfecting wipes,brand_entity_proxy,32,20,0.9146904720674044,0.3225806451612903,0.45,0.55,1.0,0.8062497500120114,0.6129032258064516,0.7,0.30000000000000004,0.95,0.953366229554899,0.9032258064516129,1.0,0.0,0.56,0.5273251472253185
34128,do not grow up party decorations,multi_constraint,40,26,0.862526180565181,0.2777777777777778,0.34615384615384615,0.6538461538461539,1.0,0.8395557513515383,0.5555555555555556,0.6538461538461539,0.34615384615384615,1.0,0.9337724302897793,0.8611111111111112,0.9615384615384616,0.038461538461538436,0.64,0.5291199171031117
34229,dodge cummins exhaust system,product_type,16,6,0.879358895178755,0.6,0.8333333333333334,0.16666666666666663,0.9,0.9597236908072478,0.8666666666666667,1.0,0.0,0.65,0.9597236908072478,1.0,1.0,0.0,0.32,0.722815092489427
34443,dog hip joint c.f.,multi_constraint,16,7,0.7015533983037147,0.6666666666666666,0.8571428571428571,0.1428571428571429,1.0,0.7718580295645732,0.9333333333333333,1.0,0.0,0.7,0.7718580295645732,1.0,1.0,0.0,0.3,0.42081270576508667
34775,donkey and diddy kong,product_type,16,3,0.19879755455040385,0.375,0.3333333333333333,0.6666666666666667,0.6,0.4353209671432107,0.5,0.3333333333333333,0.6666666666666667,0.4,0.4353209671432107,0.9375,1.0,0.0,0.3,-0.29526172657404676
34817,door cat toy,product_type,16,10,0.6184411306720707,0.625,0.6,0.4,1.0,0.8433098096937367,1.0,1.0,0.0,0.8,0.8433098096937367,1.0,1.0,0.0,0.32,-0.1960392117639214
35117,dr adorable jojoba oil organic,multi_constraint,16,8,0.9832117197108644,0.625,1.0,0.0,1.0,0.9832777089792819,1.0,1.0,0.0,0.8,0.9832777089792819,1.0,1.0,0.0,0.32,0.7592566023652968
35242,dragon ball z dvd season 1,multi_constraint,16,2,0.2261583839369871,0.4,0.0,1.0,0.6,0.38358768657353726,0.5333333333333333,0.5,0.5,0.4,0.38358768657353726,0.7333333333333333,0.5,0.5,0.22,0.006482037235521644
35755,drywall sander dustless,product_type,16,15,0.9061595192741448,0.5625,0.5333333333333333,0.4666666666666667,0.9,0.9685927336492213,1.0,1.0,0.0,0.8,0.9685927336492213,1.0,1.0,0.0,0.32,-0.2520504151250418
36669,ed fowler,brand_entity_proxy,16,2,0.6131471927654584,0.5,0.5,0.5,0.3,0.778842958530688,0.5,0.5,0.5,0.15,0.778842958530688,0.5,0.5,0.5,0.08,0.16398401233815757
36678,ed219rbk,attribute_constraint,29,2,0.21773990376443328,0.0,0.0,1.0,0.0,0.21926808674083687,0.0,0.0,1.0,0.0,0.34384253539646764,0.0,0.0,1.0,0.0,-0.06990716898984564
36753,educational baking game,product_type,16,12,0.9305687780632229,0.4166666666666667,0.4166666666666667,0.5833333333333333,0.5,0.9883153573800957,0.5833333333333334,0.5833333333333334,0.41666666666666663,0.35,0.9883153573800957,0.9166666666666666,0.9166666666666666,0.08333333333333337,0.24,0.5636018619766346
36912,el juego de las llaves,multi_constraint,16,1,0.5086408897504886,0.4166666666666667,1.0,0.0,0.8,0.5182876748076176,0.5,1.0,0.0,0.45,0.5182876748076176,0.6666666666666666,1.0,0.0,0.24,-0.12473501324572728
36960,elago black xs max case,multi_constraint,16,2,0.996358188482178,0.75,1.0,0.0,0.9,0.9980057444978618,0.75,1.0,0.0,0.55,0.9980057444978618,1.0,1.0,0.0,0.3,0.4338609156373124
37451,embellished wedge sandals for women,multi_constraint,16,1,0.5219403281436985,0.375,1.0,0.0,0.6,0.5290468604310943,0.5,1.0,0.0,0.4,0.5290468604310943,1.0,1.0,0.0,0.32,0.30806161848616215
37466,embroidery hoop without screw,product_type,40,24,0.6099644156756427,0.21621621621621623,0.25,0.75,1.0,0.5358508664756381,0.4864864864864865,0.4166666666666667,0.5833333333333333,1.0,0.8320254120388524,0.8918918918918919,0.8333333333333334,0.16666666666666663,0.72,-0.1924139793834218
37498,emergency go bag,product_type,16,2,0.7000760013867323,0.7272727272727273,1.0,0.0,0.8,0.7021184022758674,0.9090909090909091,1.0,0.0,0.55,0.7021184022758674,0.9090909090909091,1.0,0.0,0.22,0.7614687525678137
37670,energen-c electrolutes,product_type,16,13,0.7044948650760122,0.5625,0.5384615384615384,0.46153846153846156,0.9,0.8430425163130846,0.8125,0.8461538461538461,0.15384615384615385,0.65,0.8430425163130846,0.9375,1.0,0.0,0.3,-0.08684168428648434
37789,entertainment stand for tv up to 90,multi_constraint,16,1,1.0,1.0,1.0,0.0,1.0,1.0,1.0,1.0,0.0,0.75,1.0,1.0,1.0,0.0,0.32,0.42008402520840293
38679,exploding kitten party pack,product_type,16,2,0.5670226419854811,0.5625,1.0,0.0,0.9,0.5855443106920638,0.625,1.0,0.0,0.5,0.5855443106920638,0.625,1.0,0.0,0.2,0.291691675598474
39022,ez up tent light,product_type,16,3,0.9166246017041458,0.3333333333333333,0.6666666666666666,0.33333333333333337,0.2,0.9403263711083849,0.5,0.6666666666666666,0.33333333333333337,0.2,0.9403263711083849,0.6666666666666666,1.0,0.0,0.12,0.48879129259616794
39107,fabric shelves,brand_entity_proxy,16,12,0.823699893396571,0.5,0.5833333333333334,0.41666666666666663,0.8,0.9420970379066799,0.5,0.5833333333333334,0.41666666666666663,0.45,0.9420970379066799,0.8571428571428571,0.9166666666666666,0.08333333333333337,0.28,0.1510765688379927
39157,face make for 10,attribute_constraint,16,2,0.22417521560214432,0.0,0.0,1.0,0.0,0.37006178414766155,0.18181818181818182,0.0,1.0,0.1,0.37006178414766155,0.5454545454545454,0.0,1.0,0.12,0.16472095290935432
39263,facial dark spot cream,product_type,16,2,0.2842105156867104,0.375,0.5,0.5,0.6,0.4421059076278069,0.6875,0.5,0.5,0.55,0.4421059076278069,1.0,1.0,0.0,0.32,-0.04099600308453939
40165,fiestaware clearance,brand_entity_proxy,16,1,0.45286712240524085,0.21428571428571427,0.0,1.0,0.3,0.4608416136830314,0.35714285714285715,1.0,0.0,0.25,0.4608416136830314,0.42857142857142855,1.0,0.0,0.12,0.4278144575444285
40292,film for lights,product_type,16,7,0.4005416271651486,0.125,0.0,1.0,0.2,0.6184062924075138,0.25,0.14285714285714285,0.8571428571428572,0.2,0.6184062924075138,0.4375,0.2857142857142857,0.7142857142857143,0.14,-0.3333683455001578
40356,financial software for windows 10,multi_constraint,16,1,0.4556588443449323,0.5,1.0,0.0,0.8,0.46375067518897795,0.875,1.0,0.0,0.7,0.46375067518897795,1.0,1.0,0.0,0.32,0.2520504151250418
40483,fire screen for fire pit,multi_constraint,40,29,0.8263333286520084,0.25,0.27586206896551724,0.7241379310344828,1.0,0.745208300303288,0.5,0.4827586206896552,0.5172413793103448,1.0,0.9237981622923506,1.0,1.0,0.0,0.8,0.014279439114647149
40528,fireball cotton,brand_entity_proxy,15,3,0.9949429607202184,0.5555555555555556,1.0,0.0,0.8,0.9987151179841561,0.8888888888888888,1.0,0.0,0.6,0.9987151179841561,1.0,1.0,0.0,0.26,0.49454698419535376
40573,firestick,brand_entity_proxy,79,23,0.3985841044255858,0.13333333333333333,0.21739130434782608,0.782608695652174,1.0,0.4012995356192398,0.2,0.34782608695652173,0.6521739130434783,0.9,0.6272542006494795,0.4444444444444444,0.7391304347826086,0.26086956521739135,0.76,0.11097008757704983
40615,first grade team shirts women,multi_constraint,16,1,0.6471247982008933,0.625,1.0,0.0,1.0,0.6523704174460165,0.9375,1.0,0.0,0.75,0.6523704174460165,1.0,1.0,0.0,0.32,0.36407282184728257
40834,fitbit charge 3,attribute_constraint,72,7,0.6721399286491235,0.14705882352941177,0.5714285714285714,0.4285714285714286,1.0,0.7965674177593102,0.29411764705882354,0.8571428571428571,0.1428571428571429,1.0,0.8614832162878181,0.7352941176470589,1.0,0.0,1.0,0.6923763978008626
41423,floral,brand_entity_proxy,31,24,0.5501729069012247,0.07407407407407407,0.08333333333333333,0.9166666666666666,0.3,0.6790396066310155,0.14814814814814814,0.125,0.875,0.25,0.8391421298766296,0.18518518518518517,0.125,0.875,0.14,-0.12090335496604386
41492,flourite substrate black,attribute_constraint,40,13,0.8682785099656284,0.2702702702702703,0.6153846153846154,0.3846153846153846,1.0,0.780139428434854,0.4864864864864865,0.6923076923076923,0.3076923076923077,0.95,0.9408676015121028,0.8918918918918919,0.9230769230769231,0.07692307692307687,0.7,0.411316612393932
41502,flower centerpiece,brand_entity_proxy,16,11,0.7535807562476313,0.4375,0.45454545454545453,0.5454545454545454,0.7,0.8749653535304285,0.625,0.7272727272727273,0.2727272727272727,0.5,0.8749653535304285,1.0,1.0,0.0,0.32,0.16087993330796874
41795,foldable beach hat,product_type,16,11,0.7898958976868146,0.625,0.7272727272727273,0.2727272727272727,1.0,0.9020680174868284,1.0,1.0,0.0,0.8,0.9020680174868284,1.0,1.0,0.0,0.32,0.13162903634288353
42118,ford sport trac sunshade small,multi_constraint,16,3,0.9147863849047074,1.0,1.0,0.0,0.9,0.9147863849047074,1.0,1.0,0.0,0.55,0.9147863849047074,1.0,1.0,0.0,0.28,0.8172944787707113
42332,fox racing hats,product_type,16,13,0.9157083135347952,0.625,0.6923076923076923,0.3076923076923077,1.0,0.9704936756077382,0.9375,1.0,0.0,0.75,0.9704936756077382,1.0,1.0,0.0,0.32,0.22578837914485933
42405,france shorts,brand_entity_proxy,16,1,1.0,0.3333333333333333,1.0,0.0,0.3,1.0,0.3333333333333333,1.0,0.0,0.15,1.0,0.6666666666666666,1.0,0.0,0.12,0.8911327886790069
42445,freddy krueger jack in the box,multi_constraint,16,6,0.9045395669105326,0.16666666666666666,0.16666666666666666,0.8333333333333334,0.2,0.9045395669105326,0.3333333333333333,0.3333333333333333,0.6666666666666667,0.15,0.9045395669105326,0.8333333333333334,0.8333333333333334,0.16666666666666663,0.12,0.6721344403334447
42964,fuel bladder marine,product_type,40,12,0.6168204945098532,0.4444444444444444,0.4166666666666667,0.5833333333333333,1.0,0.7434444937787188,0.7222222222222222,0.75,0.25,0.95,0.8652905798575461,0.9444444444444444,0.9166666666666666,0.08333333333333337,0.6,0.5136278990248822
42968,fuel filter 5.7 chevy,multi_constraint,16,4,0.9545240092113998,0.42857142857142855,0.75,0.25,0.7,0.9555770964468823,0.7857142857142857,1.0,0.0,0.65,0.9555770964468823,1.0,1.0,0.0,0.32,0.5192827057374988
43579,funny sweatshirts for women,product_type,16,11,0.7969344993453359,0.1875,0.18181818181818182,0.8181818181818181,0.3,0.9146077468580591,0.25,0.2727272727272727,0.7272727272727273,0.2,0.9146077468580591,0.5,0.6363636363636364,0.36363636363636365,0.16,0.30713441813339487
43948,galaxy note 10,attribute_constraint,16,2,0.8047127350719204,0.4375,1.0,0.0,0.7,0.8199684437804855,0.625,1.0,0.0,0.5,0.8199684437804855,0.875,1.0,0.0,0.28,0.3200072720569957
43961,galaxy note 10 plus screen protector and camera,long_descriptive,16,1,1.0,0.5625,1.0,0.0,0.9,1.0,0.875,1.0,0.0,0.7,1.0,1.0,1.0,0.0,0.32,0.42008402520840293
43983,galaxy s10 case black and gold,multi_constraint,16,4,0.9063942984723409,0.6666666666666666,1.0,0.0,1.0,0.9068697180156885,0.9333333333333333,1.0,0.0,0.7,0.9068697180156885,1.0,1.0,0.0,0.32,0.7321402951379646
44424,garden wall,brand_entity_proxy,13,4,0.6594136068940124,0.25,0.5,0.5,0.4,0.6700391234071109,0.5,0.5,0.5,0.35,0.6700391234071109,0.9166666666666666,1.0,0.0,0.24,-0.017207878269972398
44706,gear america shackles,product_type,16,3,0.613260045739113,0.5625,0.3333333333333333,0.6666666666666667,0.9,0.7300633171075527,0.9375,1.0,0.0,0.75,0.7300633171075527,1.0,1.0,0.0,0.32,-0.01736833685729687
44816,gem frost,brand_entity_proxy,16,12,0.77990823370192,0.0,0.0,1.0,0.0,0.8462867817111981,0.0,0.0,1.0,0.0,0.8462867817111981,0.0,0.0,1.0,0.0,0.08738275920531946
44845,gene winfield,brand_entity_proxy,15,7,0.6892423641071603,0.42857142857142855,0.5714285714285714,0.4285714285714286,0.6,0.761921607110928,0.5,0.7142857142857143,0.2857142857142857,0.35,0.761921607110928,0.5,0.7142857142857143,0.2857142857142857,0.14,0.2795084971874737
44960,georgia bulldogs t shirts for men,multi_constraint,16,12,0.9370154196830378,0.625,0.75,0.25,1.0,0.9896506328537923,1.0,1.0,0.0,0.8,0.9896506328537923,1.0,1.0,0.0,0.32,0.5322906474223771
45294,gifts from poland,product_type,16,1,0.5,1.0,1.0,0.0,0.9,0.5,1.0,1.0,0.0,0.5,0.5,1.0,1.0,0.0,0.24,0.30806161848616215
45464,girl scout patches,product_type,40,16,0.7981529758094834,0.375,0.5,0.5,1.0,0.7133532172741621,0.5833333333333334,0.6875,0.3125,1.0,0.8792138626125151,1.0,1.0,0.0,0.78,0.28317328233499156
45588,girls electric ride on scooter,multi_constraint,16,4,0.8815849898435717,0.2,0.5,0.5,0.3,0.8923586181385178,0.4,1.0,0.0,0.3,0.8923586181385178,1.0,1.0,0.0,0.32,0.4897582397184969
45713,girls trumk,brand_entity_proxy,16,12,0.7123736502858729,0.0,0.0,1.0,0.0,0.8907780934549119,0.08333333333333333,0.08333333333333333,0.9166666666666666,0.05,0.8907780934549119,0.08333333333333333,0.08333333333333333,0.9166666666666666,0.02,-0.1252448582170299
45745,girls zero exposure winter coat,multi_constraint,16,10,0.7528326115842388,0.6666666666666666,0.7,0.30000000000000004,1.0,0.9268120645543994,0.9333333333333333,1.0,0.0,0.75,0.9268120645543994,1.0,1.0,0.0,0.32,0.351619629196613
45843,glass dome lamp shade,product_type,15,3,0.817966230856726,0.8571428571428571,0.6666666666666666,0.33333333333333337,0.6,0.817966230856726,0.8571428571428571,0.6666666666666666,0.33333333333333337,0.35,0.817966230856726,0.8571428571428571,0.6666666666666666,0.33333333333333337,0.14,0.6997638550879418
45928,glass water bottle hot and cold 32,multi_constraint,15,0,1.0,0.2,,,0.3,1.0,0.3333333333333333,,,0.25,1.0,0.7333333333333333,,,0.22,
45990,glitter pink htv,product_type,16,9,0.7571688294377569,0.625,0.8888888888888888,0.11111111111111116,1.0,0.8226841535174072,1.0,1.0,0.0,0.8,0.8226841535174072,1.0,1.0,0.0,0.32,0.5056173713759857
46008,globe walking stick,product_type,16,8,0.5690417494018963,0.5625,0.625,0.375,0.9,0.6958836868471822,0.9375,1.0,0.0,0.75,0.6958836868471822,0.9375,1.0,0.0,0.3,0.04620688533891148
46089,glow worm,brand_entity_proxy,21,7,0.8976310576656873,0.2631578947368421,0.7142857142857143,0.2857142857142857,0.5,0.9710717804377851,0.3684210526315789,0.7142857142857143,0.2857142857142857,0.35,0.9716828413863564,0.42105263157894735,0.8571428571428571,0.1428571428571429,0.18,0.5877538136452587
46097,glowstrike darts,brand_entity_proxy,16,6,0.7252753257086081,0.5625,0.6666666666666666,0.33333333333333337,0.9,0.8898336919029869,0.8125,1.0,0.0,0.65,0.8898336919029869,0.8125,1.0,0.0,0.26,0.35198210567432553
46149,gm original equipment ignition knock,multi_constraint,16,15,0.94037119889105,0.625,0.6,0.4,1.0,0.9913790146338419,0.9375,0.9333333333333333,0.06666666666666665,0.75,0.9913790146338419,1.0,1.0,0.0,0.32,0.028005601680560196
46177,gnc women's ultra mega without iron & iodine,long_descriptive,35,9,0.47845697426416445,0.34782608695652173,0.4444444444444444,0.5555555555555556,1.0,0.6537414735771059,0.6521739130434783,0.7777777777777778,0.2222222222222222,0.95,0.7540618962241292,0.8695652173913043,0.8888888888888888,0.11111111111111116,0.56,0.3384274316852145
46471,gold rhinestone sandals for women,multi_constraint,16,10,0.9061595192741448,0.5625,0.8,0.19999999999999996,0.9,0.9670519362257733,0.875,1.0,0.0,0.7,0.9670519362257733,0.9375,1.0,0.0,0.3,0.6441288386528845
46910,goumikids mittens,brand_entity_proxy,16,7,0.7914769489804453,0.6428571428571429,0.7142857142857143,0.2857142857142857,0.9,0.8652281903396618,0.8571428571428571,1.0,0.0,0.6,0.8652281903396618,0.8571428571428571,1.0,0.0,0.24,0.43965970203644006
47106,graphic novels for kids 9-12,multi_constraint,16,9,0.8609921163198653,0.7142857142857143,0.8888888888888888,0.11111111111111116,1.0,0.9179601223870668,0.7142857142857143,0.8888888888888888,0.11111111111111116,0.55,0.9179601223870668,0.7857142857142857,0.8888888888888888,0.11111111111111116,0.26,0.38156026430187623
47213,gray swim shorts for women tummy tuck swim bottom shorts,long_descriptive,16,8,0.9257986139326656,0.4375,0.625,0.375,0.7,0.9260902754428265,0.5625,0.875,0.125,0.45,0.9260902754428265,0.75,1.0,0.0,0.24,0.5694424517739725
47217,gray throw blanket sherpa,attribute_constraint,16,15,0.9273697171216337,0.5625,0.5333333333333333,0.4666666666666667,0.9,0.9850274488214884,0.9375,0.9333333333333333,0.06666666666666665,0.75,0.9850274488214884,1.0,1.0,0.0,0.32,-0.08401680504168059
47526,grid mirror,product_type,40,24,0.8597504059235895,0.2222222222222222,0.2916666666666667,0.7083333333333333,0.8,0.765936393674731,0.4166666666666667,0.4166666666666667,0.5833333333333333,0.8,0.9332344777562863,0.8888888888888888,0.9166666666666666,0.08333333333333337,0.72,0.22439571776165007
47631,groceries ebt eligible snacks,product_type,40,28,1.0,0.05714285714285714,0.07142857142857142,0.9285714285714286,0.2,0.8994560457926086,0.11428571428571428,0.14285714285714285,0.8571428571428572,0.2,0.9810769065880829,0.37142857142857144,0.4642857142857143,0.5357142857142857,0.26,0.49447428413978145
47857,gucci cologne for men gift set,multi_constraint,40,26,0.7821091513649008,0.2564102564102564,0.34615384615384615,0.6538461538461539,1.0,0.7876572264455275,0.5128205128205128,0.6538461538461539,0.34615384615384615,1.0,0.8880601618342082,0.8717948717948718,0.9615384615384616,0.038461538461538436,0.7,0.4547176870698374
47892,gues book,brand_entity_proxy,16,9,0.5911749882292981,0.0,0.0,1.0,0.0,0.7778295981975646,0.0,0.0,1.0,0.0,0.7778295981975646,0.0625,0.0,1.0,0.02,0.15031867797664442
48397,hair salon kit for women,multi_constraint,16,12,0.9273697171216337,0.625,0.75,0.25,1.0,0.9755035648539757,0.9375,0.9166666666666666,0.08333333333333337,0.75,0.9755035648539757,0.9375,0.9166666666666666,0.08333333333333337,0.3,0.2504972430552491
48914,handheld laser welding machine,product_type,40,22,0.2930091476101527,0.22857142857142856,0.18181818181818182,0.8181818181818181,1.0,0.4355577407228555,0.4857142857142857,0.5,0.5,0.95,0.7114541651447739,0.9428571428571428,0.9545454545454546,0.045454545454545414,0.72,0.005251147809747006
48929,handicraftworldart,brand_entity_proxy,40,19,0.5766692999492191,0.2857142857142857,0.3157894736842105,0.6842105263157895,0.9,0.572964974948891,0.47619047619047616,0.5263157894736842,0.4736842105263158,0.8,0.8209215012245622,0.6666666666666666,0.7368421052631579,0.26315789473684215,0.48,0.29371007901894214
49077,hangover relief,brand_entity_proxy,16,11,0.8205228949141828,0.2727272727272727,0.2727272727272727,0.7272727272727273,0.4,0.935820278816765,0.5454545454545454,0.5454545454545454,0.4545454545454546,0.35,0.935820278816765,0.7272727272727273,0.7272727272727273,0.2727272727272727,0.2,0.2778835211683096
49201,hardbody supplements,brand_entity_proxy,16,10,0.9312630902825905,0.4,0.6,0.4,0.6,0.9857209005188086,0.5333333333333333,0.7,0.30000000000000004,0.4,0.9857209005188086,0.6,0.8,0.19999999999999996,0.18,0.6308469817939233
49481,hawaii baby pool,product_type,16,1,0.9765456971097846,0.5,1.0,0.0,0.4,0.9765456971097846,1.0,1.0,0.0,0.45,0.9765456971097846,1.0,1.0,0.0,0.22,0.6074057747365889
49972,heavy duty bicycle tubes,product_type,16,6,0.6544112367301425,0.625,0.8333333333333334,0.16666666666666663,1.0,0.7370847323203086,1.0,1.0,0.0,0.8,0.7370847323203086,1.0,1.0,0.0,0.32,0.2711320804368542
50118,hellboy toy,product_type,16,13,0.7808353178668502,0.625,0.5384615384615384,0.46153846153846156,1.0,0.9488071025277108,0.8125,0.7692307692307693,0.23076923076923073,0.65,0.9488071025277108,0.9375,0.9230769230769231,0.07692307692307687,0.3,-0.17501500535908437
50311,heroine make long and curl mascara,multi_constraint,41,18,0.7593330856480787,0.24390243902439024,0.3888888888888889,0.6111111111111112,1.0,0.749040491278722,0.4878048780487805,0.7222222222222222,0.2777777777777778,1.0,0.9085407403781691,0.975609756097561,1.0,0.0,0.8,0.462725121501302
50356,hex wrench socket sets,product_type,16,5,0.5855078659589799,0.625,0.8,0.19999999999999996,1.0,0.6803489500285139,0.9375,1.0,0.0,0.75,0.6803489500285139,1.0,1.0,0.0,0.32,0.3363853150984801
50494,high heel shoe chair,product_type,16,7,0.9791784203074345,0.5555555555555556,0.7142857142857143,0.2857142857142857,0.6,0.9799199843830909,0.7777777777777778,0.8571428571428571,0.1428571428571429,0.4,0.9799199843830909,0.8888888888888888,1.0,0.0,0.18,0.7681966222394941
51056,homegoing yaa gyasi paperback,product_type,16,1,0.533441093040788,0.6666666666666666,0.0,1.0,0.3,0.533441093040788,1.0,1.0,0.0,0.25,0.533441093040788,1.0,1.0,0.0,0.12,0.6287576118455994
51227,hooey hats for men,product_type,16,13,0.7969344993453359,0.625,0.6153846153846154,0.3846153846153846,1.0,0.921359335972293,0.8125,0.8461538461538461,0.15384615384615385,0.65,0.921359335972293,0.9375,1.0,0.0,0.3,0.05210501057189061
51454,"hot tub heater element, balboa",multi_constraint,16,11,0.7818048722226502,0.6363636363636364,0.6363636363636364,0.36363636363636365,1.0,0.9496553427822773,0.9090909090909091,0.9090909090909091,0.09090909090909094,0.75,0.9496553427822773,1.0,1.0,0.0,0.32,0.16087993330796874
52230,hydro flask 16 oz wide mouth,multi_constraint,40,13,0.5141634336448633,0.16666666666666666,0.23076923076923078,0.7692307692307692,0.7,0.5669279801830766,0.3333333333333333,0.38461538461538464,0.6153846153846154,0.7,0.7956294183227395,0.8611111111111112,0.8461538461538461,0.15384615384615385,0.68,-0.027454989155459936
52255,hydro flask wide mouth 20 ounce,multi_constraint,14,9,0.5570008205578652,0.21428571428571427,0.2222222222222222,0.7777777777777778,0.3,0.7908250368516606,0.2857142857142857,0.2222222222222222,0.7777777777777778,0.2,0.7908250368516606,0.7142857142857143,0.5555555555555556,0.4444444444444444,0.2,-0.2210403435443813
52348,i am blessed hands edge control,multi_constraint,16,1,0.04388065628739695,0.3125,0.0,1.0,0.5,0.3054849671263478,0.375,0.0,1.0,0.3,0.3054849671263478,0.375,0.0,1.0,0.12,-0.2520504151250418
52482,i was not the blossom,multi_constraint,15,1,0.9888171723890286,0.3333333333333333,1.0,0.0,0.1,0.9941725318424425,0.3333333333333333,1.0,0.0,0.05,0.9941725318424425,0.3333333333333333,1.0,0.0,0.04,0.01790287185098582
52830,im not your perfect mexican daughter,multi_constraint,16,3,0.766331269720351,0.4,0.6666666666666666,0.33333333333333337,0.2,0.8891160461753354,0.6,0.6666666666666666,0.33333333333333337,0.15,0.8891160461753354,0.6,0.6666666666666666,0.33333333333333337,0.08,0.47102193976928575
53042,indian wedding clothes for men,multi_constraint,16,8,0.9955939452330007,0.7272727272727273,1.0,0.0,0.9,0.9962379730122003,0.8181818181818182,1.0,0.0,0.5,0.9962379730122003,1.0,1.0,0.0,0.26,0.8225549010245496
53114,induro gimbal head,product_type,16,2,0.811867660656625,0.625,1.0,0.0,1.0,0.8136218456127385,0.9375,1.0,0.0,0.75,0.8136218456127385,1.0,1.0,0.0,0.32,0.32796802467631514
53284,inflatable travel pillow with pump,multi_constraint,16,6,0.8878428156094799,1.0,1.0,0.0,1.0,0.8878428156094799,1.0,1.0,0.0,0.75,0.8878428156094799,1.0,1.0,0.0,0.32,0.5881176352917641
53328,ink cartridges hp 67xl black and color,multi_constraint,16,13,0.862526180565181,0.6666666666666666,0.6923076923076923,0.3076923076923077,1.0,0.9254026134037344,1.0,1.0,0.0,0.8,0.9254026134037344,1.0,1.0,0.0,0.32,0.1620509308880411
53451,instant pot 3 quart,attribute_constraint,16,3,0.3179994314903174,0.625,0.3333333333333333,0.6666666666666667,1.0,0.5474435853696622,1.0,1.0,0.0,0.8,0.5474435853696622,1.0,1.0,0.0,0.32,-0.26052505285945304
54039,iphone 11 max screen protector,multi_constraint,16,13,0.8399052958197558,0.6,0.6153846153846154,0.3846153846153846,1.0,0.9518689029532678,1.0,1.0,0.0,0.8,0.9518689029532678,1.0,1.0,0.0,0.32,-0.04537426064865151
54044,iphone 11 pri,attribute_constraint,15,2,0.550860891673415,0.4666666666666667,0.5,0.5,0.7,0.5796767930235984,0.6666666666666666,1.0,0.0,0.5,0.5796767930235984,0.8666666666666667,1.0,0.0,0.26,0.09078412990032037
54558,iphone x refurbished,product_type,16,7,0.9747575176497723,0.7777777777777778,1.0,0.0,1.0,0.9762437087029014,1.0,1.0,0.0,0.65,0.9762437087029014,1.0,1.0,0.0,0.32,0.6957252427829381
54634,iphone xs bee case,product_type,16,5,0.9747579595930144,0.75,1.0,0.0,0.9,0.9756713863854918,1.0,1.0,0.0,0.65,0.9756713863854918,1.0,1.0,0.0,0.3,0.7199359660039429
54889,iron chest master,product_type,16,1,1.0,0.1875,1.0,0.0,0.3,1.0,0.25,1.0,0.0,0.2,1.0,0.375,1.0,0.0,0.12,0.42008402520840293
55280,jabra elite 65t,attribute_constraint,16,5,0.8834574766339135,0.625,1.0,0.0,1.0,0.8921500015039686,0.75,1.0,0.0,0.6,0.8921500015039686,0.8125,1.0,0.0,0.26,0.7867238667180844
55365,jade oil,brand_entity_proxy,16,3,0.9998494718972085,1.0,1.0,0.0,1.0,0.9998494718972085,1.0,1.0,0.0,0.7,0.9998494718972085,1.0,1.0,0.0,0.32,0.8533998573509434
55531,jars without lids,product_type,40,5,0.6703005550196178,0.1724137931034483,0.4,0.6,0.5,0.6688446797974843,0.3448275862068966,0.6,0.4,0.6,0.8036462575719614,0.7586206896551724,0.8,0.19999999999999996,0.58,0.16853474232679358
55677,jeans cintura elastica mujer,product_type,25,12,0.4379560537257198,0.2916666666666667,0.25,0.75,0.7,0.5855683442174746,0.3333333333333333,0.25,0.75,0.4,0.7132252664321855,0.5833333333333334,0.5833333333333334,0.41666666666666663,0.28,-0.04964599303557074
56281,joovy vent,brand_entity_proxy,16,5,0.28405639699687146,0.14285714285714285,0.2,0.8,0.4,0.5454875201442825,0.42857142857142855,0.4,0.6,0.3,0.5454875201442825,0.5714285714285714,0.4,0.6,0.22,-0.12057965062353664
56758,jvc lt-22mar400,attribute_constraint,16,3,0.8983028696482319,0.5,1.0,0.0,0.6,0.9006631982694157,0.5,1.0,0.0,0.4,0.9006631982694157,0.6666666666666666,1.0,0.0,0.2,0.3022598468110394
57100,kayak storage,product_type,16,14,1.0,0.6666666666666666,0.7142857142857143,0.2857142857142857,1.0,0.9954781050762682,1.0,1.0,0.0,0.8,0.9954781050762682,1.0,1.0,0.0,0.32,0.4167176439404046
57276,kerastase shampoo without sulfates,product_type,40,24,0.7183951422805784,0.2777777777777778,0.25,0.75,1.0,0.6733316892655903,0.4722222222222222,0.5,0.5,1.0,0.899447936759276,1.0,1.0,0.0,0.8,-0.048751117233859165
57921,kids nylon backpack,product_type,40,29,0.9312630902825905,0.21052631578947367,0.2413793103448276,0.7586206896551724,0.8,0.9556394428343449,0.42105263157894735,0.5172413793103449,0.48275862068965514,0.8,0.9771442122580264,0.8157894736842105,0.8620689655172413,0.13793103448275867,0.62,0.4542389420107275
58044,kids toothbrush batman,product_type,16,3,0.8654028919761145,0.625,1.0,0.0,1.0,0.8663399490798764,1.0,1.0,0.0,0.8,0.8663399490798764,1.0,1.0,0.0,0.32,0.6418123377772329
58233,kindle unlimited audiobooks,product_type,16,13,0.7281975896279264,0.0,0.0,1.0,0.0,0.9082868858350519,0.0,0.0,1.0,0.0,0.9082868858350519,0.0625,0.07692307692307693,0.9230769230769231,0.02,-0.22578837914485933
58514,kitchen aid mixer bowl,product_type,16,11,0.9427412906209435,0.625,0.8181818181818182,0.18181818181818177,1.0,0.9910052760997906,1.0,1.0,0.0,0.8,0.9910052760997906,1.0,1.0,0.0,0.32,0.6490035124301992
58597,kitchen pans set,product_type,16,15,0.875023800513801,0.375,0.3333333333333333,0.6666666666666667,0.6,0.94093402436959,0.75,0.7333333333333333,0.2666666666666667,0.6,0.94093402436959,1.0,1.0,0.0,0.32,-0.36407282184728257
59963,laptop under 300 dollars,attribute_constraint,16,11,0.6466899301780809,0.3125,0.36363636363636365,0.6363636363636364,0.5,0.8754668567337692,0.375,0.36363636363636365,0.6363636363636364,0.3,0.8754668567337692,0.8125,0.7272727272727273,0.2727272727272727,0.26,-0.19013083027305397
60628,leanmode stimulant free fat burner & weight loss support,long_descriptive,16,4,0.7640607936177193,0.4375,0.5,0.5,0.7,0.863051890461548,0.6875,0.75,0.25,0.55,0.863051890461548,0.875,1.0,0.0,0.28,0.2818009309883173
61329,lego ninjago costume,product_type,16,14,0.934408318780155,0.625,0.6428571428571429,0.3571428571428571,1.0,0.9900618354368418,1.0,1.0,0.0,0.8,0.9900618354368418,1.0,1.0,0.0,0.32,0.28697202159177576
61522,lens filter for olympus tg6 water camera,multi_constraint,16,9,0.5887903698774912,0.5555555555555556,0.5555555555555556,0.4444444444444444,1.0,0.8367961251955727,0.8888888888888888,0.8888888888888888,0.11111111111111116,0.7,0.8367961251955727,1.0,1.0,0.0,0.3,-0.013665334361513128
61574,leopard scrunchie,brand_entity_proxy,16,10,0.6759664699587428,0.625,0.7,0.30000000000000004,1.0,0.8428139568944277,0.8125,0.8,0.19999999999999996,0.65,0.8428139568944277,1.0,1.0,0.0,0.32,-0.05601120336112039
61598,lepower-reading-gooseneck-temperature-changeable,multi_constraint,16,3,0.7101604590725946,0.375,0.6666666666666666,0.33333333333333337,0.6,0.8354964294438961,0.5625,0.6666666666666666,0.33333333333333337,0.45,0.8354964294438961,0.75,1.0,0.0,0.24,0.32999840028864047
61723,levis jeans for men 559,multi_constraint,16,2,0.9219180243454468,0.5625,1.0,0.0,0.9,0.9226460768829047,0.875,1.0,0.0,0.7,0.9226460768829047,1.0,1.0,0.0,0.32,0.5329480400990121
61798,lg aristo 3 phone case wallet,multi_constraint,16,11,0.9305687780632229,0.8181818181818182,0.8181818181818182,0.18181818181818177,1.0,0.9872431096238607,1.0,1.0,0.0,0.75,0.9872431096238607,1.0,1.0,0.0,0.32,0.6288942847493324
61830,lg internal 24x super multi with m-disc support dvd burner,long_descriptive,16,3,1.0,0.625,1.0,0.0,1.0,1.0,1.0,1.0,0.0,0.8,1.0,1.0,1.0,0.0,0.32,0.6773651374345779
61961,library kit,brand_entity_proxy,16,8,0.6954499351723104,0.5625,0.5,0.5,0.9,0.8937988603212113,0.75,0.75,0.25,0.6,0.8937988603212113,0.8125,0.875,0.125,0.26,0.1355815361366601
62478,lightweight mechanics gloves,product_type,16,8,0.7533947601864397,0.75,0.75,0.25,1.0,0.888694057367874,1.0,1.0,0.0,0.8,0.888694057367874,1.0,1.0,0.0,0.32,0.29827937950065225
62513,lil peep hoodies,product_type,16,13,0.843078030656429,0.5625,0.5384615384615384,0.46153846153846156,0.9,0.9594655955444518,0.875,0.9230769230769231,0.07692307692307687,0.7,0.9594655955444518,1.0,1.0,0.0,0.32,0.05210501057189061
62558,lime green fitted hat,attribute_constraint,16,3,0.8878747599446625,0.375,1.0,0.0,0.6,0.8886818288584312,0.5,1.0,0.0,0.4,0.8886818288584312,0.75,1.0,0.0,0.24,0.5731551162907967
62858,liquor opener,brand_entity_proxy,16,10,0.8682785099656284,0.6666666666666666,0.7,0.30000000000000004,0.8,0.9862864288968187,0.8333333333333334,0.8,0.19999999999999996,0.5,0.9862864288968187,0.8333333333333334,0.8,0.19999999999999996,0.2,0.727679054750574
62937,little girl book,product_type,16,2,0.8175295903539445,0.5,0.5,0.5,0.4,0.8175295903539445,1.0,1.0,0.0,0.35,0.8175295903539445,1.0,1.0,0.0,0.18,0.3689640277608545
62954,little girls princess dress up clothes,multi_constraint,40,34,1.0,0.225,0.2647058823529412,0.7352941176470589,0.9,0.9017109765416225,0.45,0.47058823529411764,0.5294117647058824,0.9,0.9776269091796466,0.85,0.8235294117647058,0.17647058823529416,0.68,0.016328319024700933
63291,logitech computer headset with microphone usb,multi_constraint,16,5,1.0,0.625,1.0,0.0,1.0,1.0,1.0,1.0,0.0,0.8,1.0,1.0,1.0,0.0,0.32,0.8043996665398437
63701,loreal hair color 8 1/2,multi_constraint,16,3,0.627687231160296,0.6666666666666666,1.0,0.0,1.0,0.6299253664407186,0.8666666666666667,1.0,0.0,0.65,0.6299253664407186,0.9333333333333333,1.0,0.0,0.28,0.46992506061527356
63917,low calorie cookbooks,product_type,40,28,0.9273697171216337,0.25,0.32142857142857145,0.6785714285714286,1.0,0.8143316479950661,0.5,0.5357142857142857,0.4642857142857143,1.0,0.9599255452071981,0.95,0.9642857142857143,0.0357142857142857,0.76,0.2868826582081293
63927,low card flour,product_type,14,7,0.831495106865035,0.1111111111111111,0.14285714285714285,0.8571428571428572,0.1,0.9035691113978765,0.1111111111111111,0.14285714285714285,0.8571428571428572,0.05,0.9035691113978765,0.5555555555555556,0.5714285714285714,0.4285714285714286,0.12,0.43885372573625553
64191,lululemon tee shirts women,product_type,16,1,0.4320991181173981,0.6666666666666666,1.0,0.0,0.8,0.4345711610483707,0.6666666666666666,1.0,0.0,0.5,0.4345711610483707,0.6666666666666666,1.0,0.0,0.22,0.17501500535908437
64212,lumi spa - nu skin,product_type,38,8,0.6501775265801277,0.2647058823529412,0.625,0.375,1.0,0.7622623822065191,0.5588235294117647,0.875,0.125,1.0,0.8289106168647808,0.8235294117647058,1.0,0.0,0.62,0.4385003445021548
64296,lus brand hair products curls,multi_constraint,16,2,0.19975817777485652,0.375,0.0,1.0,0.6,0.35844102083249496,0.5,0.0,1.0,0.4,0.35844102083249496,0.6875,0.5,0.5,0.22,-0.28697202159177576
64880,magnet phone case for samsung galaxy note 10 plus,long_descriptive,16,2,0.9219180243454468,0.625,1.0,0.0,1.0,0.9226460768829047,0.9375,1.0,0.0,0.75,0.9226460768829047,1.0,1.0,0.0,0.32,0.5329480400990121
65197,makita impact drill,product_type,16,7,0.5342047062276952,0.5,0.5714285714285714,0.4285714285714286,0.8,0.6784193357657257,0.75,0.8571428571428571,0.1428571428571429,0.6,0.6784193357657257,1.0,1.0,0.0,0.32,0.09565734053059191
65347,mamoru hosoda,brand_entity_proxy,16,4,0.4855533140615109,0.3125,0.5,0.5,0.5,0.5887707847439795,0.3125,0.5,0.5,0.25,0.5887707847439795,0.3125,0.5,0.5,0.1,0.18786728732554486
65397,mandalorian this is the way,multi_constraint,16,13,0.9273697171216337,0.1875,0.23076923076923078,0.7692307692307692,0.3,0.9833812562938561,0.1875,0.23076923076923078,0.7692307692307692,0.15,0.9833812562938561,0.1875,0.23076923076923078,0.7692307692307692,0.06,0.36473507400323424
65683,maraschino cherries without stems,product_type,40,21,1.0,0.2564102564102564,0.47619047619047616,0.5238095238095238,1.0,0.7546056974303034,0.5128205128205128,0.6190476190476191,0.38095238095238093,1.0,0.96201433850618,0.9743589743589743,1.0,0.0,0.78,0.5092548605696969
65798,marinator injector,brand_entity_proxy,16,6,0.44600105083505587,0.625,0.5,0.5,1.0,0.6715728014555579,1.0,1.0,0.0,0.8,0.6715728014555579,1.0,1.0,0.0,0.32,-0.14002800840280097
66004,marvel lego minifigures set,product_type,16,14,1.0,0.625,0.7142857142857143,0.2857142857142857,1.0,0.9929049439920001,1.0,1.0,0.0,0.8,0.9929049439920001,1.0,1.0,0.0,0.32,0.32796802467631514
66062,mary trump,brand_entity_proxy,16,1,0.04388065628739695,0.625,0.0,1.0,1.0,0.28853160267781536,0.75,0.0,1.0,0.6,0.28853160267781536,0.8125,0.0,1.0,0.26,-0.42008402520840293
66396,matrix black and decker,attribute_constraint,40,23,0.8010758470928326,0.2631578947368421,0.30434782608695654,0.6956521739130435,1.0,0.7117730261694524,0.47368421052631576,0.5217391304347826,0.4782608695652174,0.9,0.9283170874553264,0.6842105263157895,0.6956521739130435,0.30434782608695654,0.54,0.17964594823840085
66421,matte texture clay,product_type,15,11,0.8910545756824505,0.6666666666666666,0.8181818181818182,0.18181818181818177,1.0,0.9440800369545355,1.0,1.0,0.0,0.75,0.9440800369545355,1.0,1.0,0.0,0.3,0.2442521052295986
66476,matx case,brand_entity_proxy,16,13,0.9061595192741448,0.125,0.15384615384615385,0.8461538461538461,0.2,0.9590810888918396,0.1875,0.23076923076923078,0.7692307692307692,0.15,0.9590810888918396,0.5625,0.6153846153846154,0.3846153846153846,0.18,0.08684168428648434
66494,maven rifle scopes,product_type,39,10,0.3005211315134659,0.2702702702702703,0.2,0.8,1.0,0.4709331500157547,0.5135135135135135,0.5,0.5,0.95,0.698116660150491,0.8918918918918919,0.9,0.09999999999999998,0.68,0.14356597615259917
67075,membrain gaming keyboard,product_type,16,10,0.7987934555848263,0.625,0.7,0.30000000000000004,1.0,0.9663816159675023,0.9375,1.0,0.0,0.75,0.9663816159675023,1.0,1.0,0.0,0.32,0.3920784235278428
67189,men in black costumes,attribute_constraint,16,1,0.6220598394014653,0.26666666666666666,1.0,0.0,0.4,0.6631854424384983,0.4,1.0,0.0,0.3,0.6631854424384983,0.4666666666666667,1.0,0.0,0.14,0.25743836117393537
67570,mens dragon alliance nfx2,attribute_constraint,16,3,0.5156760295857777,0.4375,0.3333333333333333,0.6666666666666667,0.7,0.7514388873559237,0.6875,0.6666666666666666,0.33333333333333337,0.55,0.7514388873559237,0.9375,1.0,0.0,0.3,0.3151014857911176
67637,mens grizzley bear hat,product_type,16,8,0.8610460539214512,0.5,0.625,0.375,0.7,0.9306087736318063,0.7,0.875,0.125,0.5,0.9306087736318063,0.9,1.0,0.0,0.26,0.45374260648651504
67712,mens lee x-treme comfort pants,multi_constraint,16,7,0.8928805046133395,0.6666666666666666,0.8571428571428571,0.1428571428571429,1.0,0.962135984686292,0.9166666666666666,1.0,0.0,0.75,0.962135984686292,1.0,1.0,0.0,0.32,0.5286784384345526
67844,mens safety magnetic rubber bracelets,multi_constraint,16,1,0.44684140537032097,0.8,1.0,0.0,0.4,0.44684140537032097,0.8,1.0,0.0,0.25,0.44684140537032097,1.0,1.0,0.0,0.14,0.7592566023652966
67894,mens slippers size 9,attribute_constraint,16,15,0.88995411685096,0.4,0.4,0.6,0.7,0.9564350286029252,0.8,0.8,0.19999999999999996,0.65,0.9564350286029252,0.8,0.8,0.19999999999999996,0.26,-0.30806161848616215
68340,metal bed frame queen,attribute_constraint,25,19,0.7987934555848263,0.4,0.3684210526315789,0.631578947368421,1.0,0.898926929084245,0.8,0.8947368421052632,0.10526315789473684,1.0,0.9627848200006838,1.0,1.0,0.0,0.5,0.23378595005975897
68572,mg mug,brand_entity_proxy,16,7,0.446367639445993,0.23076923076923078,0.2857142857142857,0.7142857142857143,0.5,0.6609320142255493,0.3076923076923077,0.2857142857142857,0.7142857142857143,0.3,0.6609320142255493,0.6153846153846154,0.5714285714285714,0.4285714285714286,0.22,-0.24099675703827694
69025,mighty sight,brand_entity_proxy,16,2,0.49414022748698533,0.0,0.0,1.0,0.0,0.49958636860469513,0.0,0.0,1.0,0.0,0.49958636860469513,0.06666666666666667,0.0,1.0,0.04,-0.06698105143372364
69269,mineral drops for reverse osmosis water,multi_constraint,16,5,0.6481646477494784,0.5625,0.8,0.19999999999999996,0.9,0.7426772208178367,0.8125,1.0,0.0,0.65,0.7426772208178367,0.875,1.0,0.0,0.28,0.45338890295882095
69657,minnie mouse shirts for women,multi_constraint,16,13,0.7835012073783559,0.5333333333333333,0.46153846153846156,0.5384615384615384,0.9,0.9555772101114862,0.9333333333333333,0.9230769230769231,0.07692307692307687,0.75,0.9555772101114862,1.0,1.0,0.0,0.32,-0.11019463300386793
69695,miracle noodles,brand_entity_proxy,16,9,0.9670700185282645,0.625,1.0,0.0,1.0,0.9671904280273476,0.75,1.0,0.0,0.6,0.9671904280273476,0.875,1.0,0.0,0.28,0.6969320524371695
69739,mirror lifht with tv,product_type,16,13,0.8019174103317279,0.375,0.38461538461538464,0.6153846153846154,0.6,0.8766883637018599,0.5,0.5384615384615384,0.46153846153846156,0.4,0.8766883637018599,0.75,0.8461538461538461,0.15384615384615385,0.24,0.22578837914485933
70263,molle gear,brand_entity_proxy,16,11,0.6477805604276461,0.25,0.2727272727272727,0.7272727272727273,0.4,0.8293250151711213,0.4375,0.5454545454545454,0.4545454545454546,0.35,0.8293250151711213,0.5625,0.5454545454545454,0.4545454545454546,0.18,0.16087993330796874
70625,moped headlight assembly,product_type,16,3,0.9823317572555034,0.7142857142857143,1.0,0.0,1.0,0.9931401825519213,1.0,1.0,0.0,0.75,0.9931401825519213,1.0,1.0,0.0,0.3,0.6979145901086358
70787,mother goose gyo fujikawa,product_type,16,5,0.9082531331054503,0.4375,1.0,0.0,0.7,0.9087341641165713,0.5625,1.0,0.0,0.45,0.9087341641165713,0.625,1.0,0.0,0.2,0.6873960786795028
71186,mp3 player without radio,attribute_constraint,23,8,0.25575152266915857,0.43478260869565216,0.375,0.625,1.0,0.46047074263138094,0.8695652173913043,0.75,0.25,1.0,0.5703079506118475,1.0,1.0,0.0,0.46,-0.1376204706407951
71356,mtb jump,brand_entity_proxy,16,7,0.8045041182639493,0.375,0.7142857142857143,0.2857142857142857,0.6,0.9420954448322183,0.375,0.7142857142857143,0.2857142857142857,0.3,0.9420954448322183,0.375,0.7142857142857143,0.2857142857142857,0.12,0.3962946964838807
71655,muse hummingbird feeder,product_type,41,20,0.7906642236767398,0.24390243902439024,0.35,0.65,1.0,0.620463950576653,0.4878048780487805,0.5,0.5,1.0,0.9122153317023571,1.0,1.0,0.0,0.82,0.17897313537097653
71902,myo storm,brand_entity_proxy,16,1,0.02908374539834988,0.0,0.0,1.0,0.0,0.3076845008947384,0.0,0.0,1.0,0.0,0.3076845008947384,0.0,0.0,1.0,0.0,-0.11203566616558747
72088,nail swatch sticks,product_type,16,11,0.8682785099656284,0.5625,0.7272727272727273,0.2727272727272727,0.9,0.9775030439792592,0.9375,0.9090909090909091,0.09090909090909094,0.75,0.9775030439792592,0.9375,0.9090909090909091,0.09090909090909094,0.3,0.42413800599373574
72127,name letters,brand_entity_proxy,16,3,0.5734097268121927,0.1875,0.3333333333333333,0.6666666666666667,0.3,0.5764802910155441,0.25,0.3333333333333333,0.6666666666666667,0.2,0.5764802910155441,0.5,1.0,0.0,0.16,0.32999840028864047
72915,nesoresso vertuoline pods,product_type,16,15,1.0,0.6666666666666666,0.6666666666666666,0.33333333333333337,1.0,0.9969292058882927,1.0,1.0,0.0,0.8,0.9969292058882927,1.0,1.0,0.0,0.32,0.2520504151250418
73215,newborn bed prop,product_type,16,3,0.6510189081037209,0.6153846153846154,1.0,0.0,0.9,0.6751546527639477,0.7692307692307693,1.0,0.0,0.55,0.6751546527639477,0.9230769230769231,1.0,0.0,0.26,0.39683484362897314
73282,nf the search,product_type,16,7,0.7077430435460863,0.35714285714285715,0.5714285714285714,0.4285714285714286,0.6,0.7769445621187815,0.42857142857142855,0.5714285714285714,0.4285714285714286,0.35,0.7769445621187815,0.42857142857142855,0.5714285714285714,0.4285714285714286,0.14,0.37685117317409145
73400,night quil cold and flu,multi_constraint,41,13,0.3196767311129555,0.24390243902439024,0.3076923076923077,0.6923076923076923,1.0,0.46224413299447736,0.4878048780487805,0.6153846153846154,0.3846153846153846,1.0,0.6515705982983658,0.9512195121951219,1.0,0.0,0.78,0.16833285408535437
73401,night reading lamp for bed,multi_constraint,16,13,0.7094788684865343,0.4375,0.38461538461538464,0.6153846153846154,0.7,0.8472650697596453,0.875,0.9230769230769231,0.07692307692307687,0.7,0.8472650697596453,1.0,1.0,0.0,0.32,-0.05210501057189061
73522,nike cortez black and pink,multi_constraint,16,7,0.9767032364607517,0.5714285714285714,0.8571428571428571,0.1428571428571429,0.8,0.9766774926918754,0.7142857142857143,1.0,0.0,0.5,0.9766774926918754,0.8571428571428571,1.0,0.0,0.26,0.7504813961501138
73746,nikon lens cleaning kit,product_type,15,3,0.9480218990739817,0.6666666666666666,1.0,0.0,1.0,0.9483378066466241,1.0,1.0,0.0,0.75,0.9483378066466241,1.0,1.0,0.0,0.3,0.6172133998483676
73944,nipple suckers,brand_entity_proxy,16,9,0.8438113259056037,0.5625,0.7777777777777778,0.2222222222222222,0.9,0.971620457969991,0.75,1.0,0.0,0.6,0.971620457969991,1.0,1.0,0.0,0.32,0.6149400462680908
74270,nook tablet 10.1,attribute_constraint,16,3,0.9518130332026935,0.6,1.0,0.0,0.9,0.9626406427867891,0.9333333333333333,1.0,0.0,0.7,0.9626406427867891,1.0,1.0,0.0,0.32,0.6537642754058998
74336,north carolina food gifts,product_type,16,4,0.8622095837216639,0.5,1.0,0.0,0.8,0.8630385594004802,0.5,1.0,0.0,0.4,0.8630385594004802,0.5625,1.0,0.0,0.18,0.5322906474223771
74620,nude heel sandal,product_type,16,7,0.8415693550847874,0.5625,0.7142857142857143,0.2857142857142857,0.9,0.9114290897683445,0.8125,0.8571428571428571,0.1428571428571429,0.65,0.9114290897683445,1.0,1.0,0.0,0.32,0.36896402776085446
74628,nude racerback sports bra,product_type,40,24,0.6535328898280934,0.25,0.2916666666666667,0.7083333333333333,1.0,0.7081434134995813,0.45,0.5416666666666666,0.45833333333333337,0.9,0.8602541556374879,0.9,0.875,0.125,0.72,0.26966874498171367
74654,nugo dark chocolate pretzel with sea salt,multi_constraint,40,16,0.7898958976868146,0.2702702702702703,0.5,0.5,1.0,0.7090200781077366,0.4864864864864865,0.5625,0.4375,0.9,0.873504011203632,0.918918918918919,0.8125,0.1875,0.68,0.42549714576132036
74782,nut free food coloring,product_type,12,6,0.6620586166096418,0.16666666666666666,0.16666666666666666,0.8333333333333334,0.1,0.8282421429413142,0.16666666666666666,0.16666666666666666,0.8333333333333334,0.1,0.8282421429413142,0.5,0.5,0.5,0.12,-0.0965609099170535
75417,old toy trucks metal,attribute_constraint,16,6,0.2783854373105829,0.5625,0.3333333333333333,0.6666666666666667,0.9,0.5887771334852474,0.9375,0.8333333333333334,0.16666666666666663,0.75,0.5887771334852474,1.0,1.0,0.0,0.32,-0.33606722016672236
75512,om wall decal,product_type,40,28,1.0,0.25,0.35714285714285715,0.6428571428571428,1.0,0.894189064794467,0.5,0.6071428571428571,0.3928571428571429,1.0,0.9744220963921567,1.0,1.0,0.0,0.8,0.3733566092730122
75831,opi meet a boy as cute as can be,long_descriptive,32,6,0.3027795482875907,0.0,0.0,1.0,0.0,0.5254715427233393,0.0,0.0,1.0,0.0,0.5894247388914367,0.0,0.0,1.0,0.0,0.22398553642738533
75925,orange and white polka dot fabric,multi_constraint,16,5,0.6966799635856243,0.625,1.0,0.0,1.0,0.6982702777701654,0.625,1.0,0.0,0.5,0.6982702777701654,0.6875,1.0,0.0,0.22,0.3948871090286506
76144,organic orthopedic pillow,product_type,16,12,0.8682785099656284,0.5625,0.6666666666666666,0.33333333333333337,0.9,0.9811366402168359,0.875,0.9166666666666666,0.08333333333333337,0.7,0.9811366402168359,1.0,1.0,0.0,0.32,0.4070457892053472
76820,ovenware,brand_entity_proxy,12,7,0.682230146374314,0.0,0.0,1.0,0.0,0.682230146374314,0.14285714285714285,0.14285714285714285,0.8571428571428572,0.15,0.682230146374314,0.42857142857142855,0.42857142857142855,0.5714285714285714,0.12,-0.1224132957852822
76904,oversized shirts for women,product_type,16,7,0.4355226649667248,0.0625,0.0,1.0,0.1,0.6477317335956967,0.125,0.0,1.0,0.1,0.6477317335956967,0.25,0.14285714285714285,0.8571428571428572,0.08,-0.09565734053059191
76950,oxford button down shirts for men short sleeve,long_descriptive,40,22,0.818424292804084,0.25,0.36363636363636365,0.6363636363636364,1.0,0.8091894399450954,0.45,0.6363636363636364,0.36363636363636365,0.9,0.927789907418977,0.925,1.0,0.0,0.74,0.4919231280795644
76969,oxo pancake spatula,product_type,16,6,0.9079920011288071,0.625,1.0,0.0,1.0,0.9084233564355577,1.0,1.0,0.0,0.8,0.9084233564355577,1.0,1.0,0.0,0.32,0.5601120336112039
77343,palm heart lasagna noodles,product_type,40,12,0.679111698456307,0.29411764705882354,0.5,0.5,1.0,0.7099885101956277,0.5294117647058824,0.6666666666666666,0.33333333333333337,1.0,0.8687276293203173,0.8235294117647058,0.8333333333333334,0.16666666666666663,0.66,0.3551350252059909
78347,pc video card,product_type,16,2,0.6985663674726267,0.5625,1.0,0.0,0.9,0.7177464982826094,0.75,1.0,0.0,0.6,0.7177464982826094,0.9375,1.0,0.0,0.3,0.4580639646435295
79143,personalized premature baby boy,product_type,16,7,0.57220120379801,0.15384615384615385,0.14285714285714285,0.8571428571428572,0.2,0.722565828013134,0.15384615384615385,0.14285714285714285,0.8571428571428572,0.1,0.722565828013134,0.23076923076923078,0.14285714285714285,0.8571428571428572,0.06,0.3678371554794754
79505,phone case galaxy j3 orbit,multi_constraint,16,14,0.8910545756824505,0.625,0.6428571428571429,0.3571428571428571,1.0,0.9560222577612472,1.0,1.0,0.0,0.8,0.9560222577612472,1.0,1.0,0.0,0.32,0.04857444929366679
80305,pink scrunchies,brand_entity_proxy,16,8,0.8105959317303713,0.4375,0.625,0.375,0.7,0.9481179461872786,0.8125,1.0,0.0,0.65,0.9481179461872786,1.0,1.0,0.0,0.32,0.5152098373193084
80453,pioneer mvh-210ex,attribute_constraint,16,4,0.8943320737536162,0.625,1.0,0.0,1.0,0.9035084482538472,1.0,1.0,0.0,0.8,0.9035084482538472,1.0,1.0,0.0,0.32,0.5043633144283757
80880,plant cover cloth,product_type,16,12,0.843078030656429,0.5625,0.5833333333333334,0.41666666666666663,0.9,0.9569657001122645,0.875,0.9166666666666666,0.08333333333333337,0.7,0.9569657001122645,0.9375,1.0,0.0,0.3,0.18786728732554486
81029,plastic cup drink sleeve with handle,multi_constraint,16,1,0.30361098744445014,0.14285714285714285,0.0,1.0,0.2,0.33040731312406485,0.2857142857142857,0.0,1.0,0.2,0.33040731312406485,0.5714285714285714,0.0,1.0,0.16,0.009672066476697275
81301,playset without swing,product_type,40,10,0.2189029087152932,0.2222222222222222,0.2,0.8,1.0,0.3228982850331272,0.4444444444444444,0.4,0.6,0.85,0.6020030163576975,0.7222222222222222,0.9,0.09999999999999998,0.62,-0.08354443769126034
81478,plus size bohemian clothing for women,style,16,5,0.7625747473528075,0.25,0.6,0.4,0.4,0.7638195736145887,0.3125,0.8,0.19999999999999996,0.25,0.7638195736145887,0.5625,0.8,0.19999999999999996,0.18,0.5411415938540767
81547,plus size pinup clothing for women,multi_constraint,16,1,0.34550272724414516,0.0625,0.0,1.0,0.1,0.35523206915410255,0.1875,0.0,1.0,0.15,0.35523206915410255,0.4375,0.0,1.0,0.14,0.028005601680560196
82738,potato shreds,brand_entity_proxy,16,1,0.9625117754759134,0.3125,1.0,0.0,0.5,0.9630198501913322,0.4375,1.0,0.0,0.35,0.9630198501913322,0.5,1.0,0.0,0.16,0.3565120479536904
82799,powdered lemonade drink mix,product_type,16,14,0.7849118942762925,0.5625,0.5,0.5,0.9,0.9131880398584077,0.875,0.8571428571428571,0.1428571428571429,0.7,0.9131880398584077,1.0,1.0,0.0,0.32,-0.3689640277608545
82836,power fusion razor,product_type,16,7,0.6442671287452965,0.625,0.7142857142857143,0.2857142857142857,1.0,0.78432194087852,1.0,1.0,0.0,0.8,0.78432194087852,1.0,1.0,0.0,0.32,0.16832508230603463
82977,prach lift leggings,product_type,42,35,0.862526180565181,0.23809523809523808,0.2571428571428571,0.7428571428571429,1.0,0.8407417730230596,0.47619047619047616,0.4857142857142857,0.5142857142857142,1.0,0.9378063997331545,0.9047619047619048,0.9142857142857143,0.08571428571428574,0.76,0.01317714829104854
83182,pressed flower frame,product_type,16,8,0.8842364765478127,0.6666666666666666,0.875,0.125,1.0,0.9541360371691728,0.8,1.0,0.0,0.6,0.9541360371691728,0.9333333333333333,1.0,0.0,0.28,0.6683495915092552
83573,professional fake beard short,attribute_constraint,16,5,0.9713384518387274,0.625,1.0,0.0,1.0,0.9714887250192616,0.9375,1.0,0.0,0.75,0.9714887250192616,0.9375,1.0,0.0,0.3,0.6873960786795028
83860,prusa i3 mk3,attribute_constraint,16,1,0.5611359285887519,0.625,1.0,0.0,1.0,0.5667269797726369,0.9375,1.0,0.0,0.75,0.5667269797726369,1.0,1.0,0.0,0.32,0.5965587590013044
84011,psp,brand_entity_proxy,24,14,0.8778830991479504,0.041666666666666664,0.07142857142857142,0.9285714285714286,0.1,0.9000043892526941,0.041666666666666664,0.07142857142857142,0.9285714285714286,0.05,0.9682819615524717,0.25,0.42857142857142855,0.5714285714285714,0.12,0.43953674088049893
84333,punsher,brand_entity_proxy,16,7,0.7482025615518794,0.1875,0.2857142857142857,0.7142857142857143,0.3,0.8977169953915598,0.25,0.42857142857142855,0.5714285714285714,0.2,0.8977169953915598,0.3125,0.42857142857142855,0.5714285714285714,0.1,0.3962946964838807
84543,purple chair covers,product_type,16,13,0.6731637270473511,0.625,0.6153846153846154,0.3846153846153846,1.0,0.8155105920607554,1.0,1.0,0.0,0.8,0.8155105920607554,1.0,1.0,0.0,0.32,-0.22578837914485933
84692,put out more flags evelyn waugh,multi_constraint,12,6,0.8994032476903373,0.75,1.0,0.0,0.9,0.8995695232443358,0.8333333333333334,1.0,0.0,0.5,0.8995695232443358,0.9166666666666666,1.0,0.0,0.22,0.3379631847096873
84752,pvc sheet white,attribute_constraint,16,11,0.699872063147695,0.625,0.5454545454545454,0.4545454545454546,1.0,0.9269935439902256,0.875,0.8181818181818182,0.18181818181818177,0.7,0.9269935439902256,0.9375,0.9090909090909091,0.09090909090909094,0.3,-0.07312724241271305
84990,queen trifold mattress,attribute_constraint,16,2,0.8309272510271464,0.4375,1.0,0.0,0.7,0.8575873537170748,0.6875,1.0,0.0,0.55,0.8575873537170748,0.875,1.0,0.0,0.28,0.5153219602239706
85202,rachel held evans monkey town,multi_constraint,12,3,0.6128475687295599,0.5,0.6666666666666666,0.33333333333333337,0.6,0.6138316561547841,0.5,0.6666666666666666,0.33333333333333337,0.3,0.6138316561547841,0.5,0.6666666666666666,0.33333333333333337,0.12,0.13937366833451512
85743,raw rolling papers organix,product_type,16,9,0.8305460910805801,0.625,0.8888888888888888,0.11111111111111116,1.0,0.8937763235183988,1.0,1.0,0.0,0.8,0.8937763235183988,1.0,1.0,0.0,0.32,0.4509560339299332
85956,real braces for kids,product_type,15,9,0.8386556777766545,0.8,0.7777777777777778,0.2222222222222222,0.8,0.9638235142381091,0.9,0.8888888888888888,0.11111111111111116,0.6,0.9638235142381091,1.0,1.0,0.0,0.26,0.5649784777069908
87048,remove stain from bath tub,multi_constraint,16,12,0.8415908474314977,0.5,0.5,0.5,0.7,0.9565318551653345,0.75,0.75,0.25,0.6,0.9565318551653345,0.9166666666666666,0.9166666666666666,0.08333333333333337,0.28,0.2504897164340598
87098,replacement backing for samsung galaxy s7,multi_constraint,16,6,0.9689578555067705,0.5714285714285714,1.0,0.0,1.0,0.9845554139553016,1.0,1.0,0.0,0.8,0.9845554139553016,1.0,1.0,0.0,0.32,0.5852390484520126
87123,replacement spring,brand_entity_proxy,16,10,0.8561314902567224,0.6,0.8,0.19999999999999996,1.0,0.9670092538793853,0.8666666666666667,0.9,0.09999999999999998,0.7,0.9670092538793853,0.9333333333333333,1.0,0.0,0.3,0.4188410288959655
87931,roads not taken dvd,product_type,12,2,0.9967991254138507,0.5714285714285714,1.0,0.0,0.6,0.9984886642945988,0.7142857142857143,1.0,0.0,0.4,0.9984886642945988,0.7142857142857143,1.0,0.0,0.18,0.4722195404892367
88180,rog flow x13 gv301,attribute_constraint,16,2,0.9219180243454468,0.125,0.5,0.5,0.2,0.9226460768829047,0.125,0.5,0.5,0.1,0.9226460768829047,0.125,0.5,0.5,0.04,0.5329480400990121
88972,rubberband holder for bathroom,product_type,16,1,0.3347213882162518,0.23076923076923078,0.0,1.0,0.5,0.38138930666349274,0.46153846153846156,1.0,0.0,0.4,0.38138930666349274,0.6923076923076923,1.0,0.0,0.22,-0.31338429869742473
89016,ruby glasses palstic,product_type,16,1,0.43084387808430663,0.5,1.0,0.0,0.6,0.4334299885701062,0.75,1.0,0.0,0.45,0.4334299885701062,0.75,1.0,0.0,0.22,0.1514634492892204
89094,ruger sr22 accessories,attribute_constraint,16,5,0.8910986933814687,0.375,0.8,0.19999999999999996,0.6,0.8990542409054274,0.375,0.8,0.19999999999999996,0.3,0.8990542409054274,0.5,1.0,0.0,0.16,0.5417825397879454
89443,s j parris,product_type,15,7,0.8839285015025565,0.13333333333333333,0.2857142857142857,0.7142857142857143,0.2,0.9553864135941366,0.2,0.42857142857142855,0.5714285714285714,0.15,0.9553864135941366,0.26666666666666666,0.5714285714285714,0.4285714285714286,0.08,0.5567306167185676
90070,samsung galaxy j4 core case with screen protector,long_descriptive,16,4,0.7556669411323754,0.8571428571428571,0.75,0.25,1.0,0.8507739898168394,0.8571428571428571,0.75,0.25,0.7,0.8507739898168394,0.8571428571428571,0.75,0.25,0.28,0.3741830143769521
90523,santa sack medium,product_type,16,15,0.862526180565181,0.125,0.06666666666666667,0.9333333333333333,0.2,0.9347834547894404,0.125,0.06666666666666667,0.9333333333333333,0.1,0.9347834547894404,0.1875,0.13333333333333333,0.8666666666666667,0.06,-0.36407282184728257
90653,satin rope crafts,product_type,16,6,0.7613352075035759,0.6,0.8333333333333334,0.16666666666666663,0.9,0.8383699172864387,0.9333333333333333,1.0,0.0,0.7,0.8383699172864387,1.0,1.0,0.0,0.3,0.42678197846541877
90835,scarfs england,brand_entity_proxy,16,5,0.9713384518387274,0.6363636363636364,0.8,0.19999999999999996,0.7,0.9712678532536865,0.8181818181818182,1.0,0.0,0.45,0.9712678532536865,0.9090909090909091,1.0,0.0,0.2,0.8060433501697915
90983,science fiction books,product_type,32,13,0.5948200119911023,0.09375,0.15384615384615385,0.8461538461538461,0.3,0.6980696697421949,0.21875,0.3076923076923077,0.6923076923076923,0.35,0.851914462135318,0.28125,0.3076923076923077,0.6923076923076923,0.18,0.1757294338944421
91113,scrapbook zebra,brand_entity_proxy,16,5,0.8239312703247008,0.6,1.0,0.0,0.9,0.824692530501958,0.8,1.0,0.0,0.6,0.824692530501958,0.8666666666666667,1.0,0.0,0.26,0.5239821925282859
91245,scx 10.2,attribute_constraint,16,3,0.4162696358620693,0.4166666666666667,0.3333333333333333,0.6666666666666667,0.6,0.5353228072083784,0.5,0.3333333333333333,0.6666666666666667,0.35,0.5353228072083784,0.9166666666666666,1.0,0.0,0.24,0.42576996041699416
91267,sdi to usb blackmagic,product_type,16,8,0.5467187487141031,0.6363636363636364,0.625,0.375,1.0,0.7525283538827375,1.0,1.0,0.0,0.75,0.7525283538827375,1.0,1.0,0.0,0.32,0.11514474378129623
91452,secret lives of monarchs,product_type,16,2,0.811867660656625,0.42857142857142855,0.5,0.5,0.6,0.8129168879598363,0.7142857142857143,1.0,0.0,0.5,0.8129168879598363,0.7857142857142857,1.0,0.0,0.24,0.4880935300919764
91498,security light with socket,product_type,16,2,0.3518655254149029,0.4,0.5,0.5,0.7,0.5103880872069768,0.6,0.5,0.5,0.5,0.5103880872069768,0.8666666666666667,1.0,0.0,0.28,0.23832217054662794
91539,sega genesis,brand_entity_proxy,16,8,0.8135721185250715,0.625,0.75,0.25,1.0,0.9360412100855976,0.9375,1.0,0.0,0.75,0.9360412100855976,0.9375,1.0,0.0,0.3,0.3796283011826484
91847,serta sheep,brand_entity_proxy,16,14,0.9148568823583791,0.6,0.6428571428571429,0.3571428571428571,1.0,0.9756127522758369,1.0,1.0,0.0,0.8,0.9756127522758369,1.0,1.0,0.0,0.32,0.1354971480297021
92217,shampoo,brand_entity_proxy,43,33,0.4921898450998458,0.07894736842105263,0.06060606060606061,0.9393939393939394,0.4,0.6391727903401885,0.23684210526315788,0.18181818181818182,0.8181818181818181,0.5,0.8328471598297906,0.5263157894736842,0.48484848484848486,0.5151515151515151,0.42,-0.00981732228230718
92320,sharon tate recollection,product_type,16,10,0.7821091513649008,0.7142857142857143,0.9,0.09999999999999998,1.0,0.841324862673197,0.8571428571428571,1.0,0.0,0.6,0.841324862673197,0.8571428571428571,1.0,0.0,0.24,0.5671113760027947
92627,shirt without stripes,product_type,40,16,0.3245506528670075,0.20833333333333334,0.1875,0.8125,0.8,0.40043039133606956,0.25,0.1875,0.8125,0.55,0.6993066013920424,0.4583333333333333,0.4375,0.5625,0.4,-0.07990525581081241
92663,shock wave 1 aerosol,attribute_constraint,42,4,0.5787606004641,0.2857142857142857,0.5,0.5,0.4,0.6769717174932338,0.2857142857142857,0.5,0.5,0.25,0.7623136644596609,0.35714285714285715,0.5,0.5,0.14,0.3717298365691747
92720,shoe tree rack,product_type,16,10,0.7024791640505781,0.625,0.6,0.4,1.0,0.9326160433531958,1.0,1.0,0.0,0.8,0.9326160433531958,1.0,1.0,0.0,0.32,0.16803361008336118
92810,short bridal off the shoulder sheath dreses,multi_constraint,8,1,0.4103979660219791,0.25,0.0,1.0,0.2,0.4103979660219791,0.25,0.0,1.0,0.1,0.4103979660219791,0.625,1.0,0.0,0.1,-0.08247860988423225
92928,show tights for women,product_type,16,5,0.7484853057448934,0.2,0.2,0.8,0.2,0.7484853057448934,0.4,0.4,0.6,0.15,0.7484853057448934,0.6,0.6,0.4,0.08,0.5118906968889915
93169,sigma 105mm f1.4 art nikon,multi_constraint,16,5,0.8125371675631945,0.6153846153846154,0.8,0.19999999999999996,1.0,0.9093267937320537,1.0,1.0,0.0,0.8,0.9093267937320537,1.0,1.0,0.0,0.32,0.30684990263172324
93559,silver signet ring women,attribute_constraint,40,21,0.6446353319300818,0.2631578947368421,0.38095238095238093,0.6190476190476191,1.0,0.6294656903575069,0.5,0.6666666666666666,0.33333333333333337,1.0,0.8108520784409646,0.9473684210526315,0.9523809523809523,0.04761904761904767,0.74,0.3938148522566161
93654,simple modern straw lid water bottle,style,16,10,0.8053962085737687,0.5625,0.7,0.30000000000000004,0.9,0.9740217250600256,0.875,1.0,0.0,0.7,0.9740217250600256,1.0,1.0,0.0,0.32,0.532948040099012
93758,sink caddy for single sink,multi_constraint,16,9,0.8203554431359812,0.5625,0.7777777777777778,0.2222222222222222,0.9,0.8803144201570686,0.8125,0.8888888888888888,0.11111111111111116,0.65,0.8803144201570686,0.9375,1.0,0.0,0.3,0.36896402776085446
94456,slimfast meal replacement bar,product_type,40,13,0.7598083232678466,0.2564102564102564,0.5384615384615384,0.46153846153846156,1.0,0.7447276619163467,0.5128205128205128,0.6923076923076923,0.3076923076923077,1.0,0.8963385823870422,0.8461538461538461,1.0,0.0,0.68,0.4017262083414203
94846,small plastic containers with lids 1 oz,multi_constraint,16,3,0.34371732501410657,0.375,0.3333333333333333,0.6666666666666667,0.6,0.46822992130307933,0.75,0.6666666666666666,0.33333333333333337,0.6,0.46822992130307933,0.9375,1.0,0.0,0.3,-0.01736833685729687
94878,small round serving tray with sides,multi_constraint,16,13,1.0,0.25,0.3076923076923077,0.6923076923076923,0.4,0.9973638630758211,0.375,0.46153846153846156,0.5384615384615384,0.3,0.9973638630758211,0.9375,1.0,0.0,0.3,0.6078917900053905
94932,small tablr and chairs,attribute_constraint,16,13,0.9061595192741448,0.25,0.23076923076923078,0.7692307692307692,0.4,0.9624037344911881,0.375,0.38461538461538464,0.6153846153846154,0.3,0.9624037344911881,0.5625,0.6153846153846154,0.3846153846153846,0.18,0.19105170543026556
95116,smartthings hub,brand_entity_proxy,16,8,0.7173390377947222,0.6428571428571429,0.625,0.375,1.0,0.9102928652387293,0.9285714285714286,0.875,0.125,0.75,0.9102928652387293,1.0,1.0,0.0,0.32,0.2079002318273404
95136,smartwool mens large socks heavy,multi_constraint,16,2,1.0,0.125,1.0,0.0,0.2,1.0,0.4375,1.0,0.0,0.35,1.0,0.9375,1.0,0.0,0.3,0.5739440431835515
95453,snowflake jumbo,brand_entity_proxy,16,11,0.9148568823583791,0.6666666666666666,0.7272727272727273,0.2727272727272727,0.9,0.9758025903142636,0.8333333333333334,0.9090909090909091,0.09090909090909094,0.55,0.9758025903142636,0.9166666666666666,1.0,0.0,0.26,0.5802889746649051
95494,snuggie,brand_entity_proxy,27,18,0.7743411209390193,0.19230769230769232,0.2222222222222222,0.7777777777777778,0.5,0.7617404321314559,0.2692307692307692,0.2777777777777778,0.7222222222222222,0.35,0.9238736536694204,0.38461538461538464,0.3888888888888889,0.6111111111111112,0.2,0.07225916412701
95886,solar survival gear,product_type,16,2,0.4979408808070535,0.3125,0.5,0.5,0.5,0.5026221841759575,0.5625,0.5,0.5,0.45,0.5026221841759575,0.8125,1.0,0.0,0.26,0.16398401233815757
95917,sole e95 elliptical,attribute_constraint,16,3,0.6441042259636722,0.4375,0.6666666666666666,0.33333333333333337,0.7,0.7738857294539209,0.75,1.0,0.0,0.6,0.7738857294539209,0.9375,1.0,0.0,0.3,0.26052505285945304
96045,sonnect egpu,brand_entity_proxy,16,11,0.8380940272459068,0.4375,0.45454545454545453,0.5454545454545454,0.7,0.9516001479115941,0.625,0.7272727272727273,0.2727272727272727,0.5,0.9516001479115941,0.6875,0.8181818181818182,0.18181818181818177,0.22,0.20854406493601965
96401,sp 41,attribute_constraint,16,1,0.296013416725714,0.0,0.0,1.0,0.0,0.3009721355747459,0.0,0.0,1.0,0.0,0.3009721355747459,0.0,0.0,1.0,0.0,-0.06722139969935248
96535,sparkly 2 piece outfits for women sexy,multi_constraint,41,28,1.0,0.24390243902439024,0.35714285714285715,0.6428571428571428,1.0,0.9276720271438761,0.4878048780487805,0.6428571428571429,0.3571428571428571,1.0,0.976681078738144,0.8048780487804879,0.8928571428571429,0.1071428571428571,0.66,0.4433710536339435
96819,spigen iphone xs max slim,multi_constraint,16,8,0.9708747894648035,0.7777777777777778,0.875,0.125,0.9,0.9715386368219783,1.0,1.0,0.0,0.8,0.9715386368219783,1.0,1.0,0.0,0.32,0.6699998374142163
98201,stitch pajamas,brand_entity_proxy,13,6,0.8148744686404846,0.3333333333333333,0.3333333333333333,0.6666666666666667,0.5,0.8148744686404846,0.3333333333333333,0.3333333333333333,0.6666666666666667,0.25,0.8148744686404846,0.6666666666666666,0.6666666666666666,0.33333333333333337,0.14,0.24743582965269675
98425,stranger things lego sets,product_type,16,1,0.6941573739874479,0.42857142857142855,1.0,0.0,0.7,0.7182300859376048,0.5714285714285714,1.0,0.0,0.45,0.7182300859376048,0.8571428571428571,1.0,0.0,0.26,0.5761055179134092
98526,street/dirt bike,product_type,16,6,0.6954534657320425,0.26666666666666666,0.3333333333333333,0.6666666666666667,0.5,0.7277366120156565,0.5333333333333333,1.0,0.0,0.45,0.7277366120156565,0.6,1.0,0.0,0.2,0.035829196394950046
99391,superhero workout shirts for women,multi_constraint,16,6,0.7488703302951167,0.6666666666666666,0.6666666666666666,0.33333333333333337,0.6,0.8283487135017126,0.8333333333333334,0.8333333333333334,0.16666666666666663,0.45,0.8283487135017126,0.8333333333333334,0.8333333333333334,0.16666666666666663,0.22,0.36407282184728257
99846,swimsuit padded push up bra,multi_constraint,16,4,0.592704678525273,0.5625,0.75,0.25,0.9,0.6975766372982067,0.6875,1.0,0.0,0.55,0.6975766372982067,0.8125,1.0,0.0,0.26,0.5382983715598259
100084,t150 stand,attribute_constraint,16,6,0.8433282167913816,0.6666666666666666,0.8333333333333334,0.16666666666666663,1.0,0.926871352937997,0.8666666666666667,1.0,0.0,0.65,0.926871352937997,1.0,1.0,0.0,0.3,0.6025157343041206
100330,tactacam reveal trail camera,product_type,40,10,0.6407808559916899,0.25,0.5,0.5,1.0,0.6868562963444389,0.5,0.6,0.4,1.0,0.8794937473993447,0.95,1.0,0.0,0.76,0.11963679809868251
100469,tales from a not so perfect pet sitter,long_descriptive,16,9,0.44430092183193587,0.13333333333333333,0.1111111111111111,0.8888888888888888,0.3,0.6874132914776113,0.2,0.1111111111111111,0.8888888888888888,0.2,0.6874132914776113,0.4,0.2222222222222222,0.7777777777777778,0.14,-0.40335081102025844
100474,talkbox keyboard,brand_entity_proxy,16,4,0.2469300593878783,0.08333333333333333,0.0,1.0,0.4,0.4563789804867866,0.16666666666666666,0.0,1.0,0.3,0.4563789804867866,0.4166666666666667,0.25,0.75,0.18,-0.5560496169143435
100637,tanning lotion outdoor,product_type,16,7,0.8862192764936336,0.625,0.8571428571428571,0.1428571428571429,1.0,0.9576972163850632,0.875,1.0,0.0,0.7,0.9576972163850632,1.0,1.0,0.0,0.32,0.5876093775450646
100807,tascam multitrack recorder,product_type,40,27,0.92663607790064,0.24324324324324326,0.3333333333333333,0.6666666666666667,1.0,0.8453914296139784,0.4864864864864865,0.5925925925925926,0.40740740740740744,1.0,0.9636675838709077,1.0,1.0,0.0,0.8,0.3676391556971396
101683,texas home t shirt women,multi_constraint,40,14,0.6871780403894802,0.2777777777777778,0.42857142857142855,0.5714285714285714,1.0,0.7383286309252798,0.4166666666666667,0.6428571428571429,0.3571428571428571,0.8,0.8823716394060818,0.7777777777777778,0.7857142857142857,0.2142857142857143,0.58,0.41429769192802235
101841,the bible james earl jones audio cd,multi_constraint,16,5,0.9082531331054503,0.625,1.0,0.0,1.0,0.9087341641165713,0.9375,1.0,0.0,0.75,0.9087341641165713,1.0,1.0,0.0,0.32,0.6873960786795028
102215,the mule clint eastwood,product_type,16,1,0.5090309688212796,0.45454545454545453,1.0,0.0,0.8,0.520356048030423,0.45454545454545453,1.0,0.0,0.4,0.520356048030423,0.5454545454545454,1.0,0.0,0.2,0.16891531206503957
102308,the phantom of the opera costume,multi_constraint,16,3,0.8717179880333392,0.4666666666666667,1.0,0.0,0.7,0.883052381970769,0.7333333333333333,1.0,0.0,0.55,0.883052381970769,0.9333333333333333,1.0,0.0,0.28,0.7508553331463443
102732,things for ten year old girls,multi_constraint,16,9,0.7206053508956711,0.25,0.3333333333333333,0.6666666666666667,0.4,0.9067866947265675,0.25,0.3333333333333333,0.6666666666666667,0.2,0.9067866947265675,0.4375,0.4444444444444444,0.5555555555555556,0.14,0.23231068414572317
102895,thrive hangover,brand_entity_proxy,16,4,0.4914352187987473,0.38461538461538464,0.75,0.25,0.6,0.5884713040804859,0.46153846153846156,0.75,0.25,0.35,0.5884713040804859,0.5384615384615384,0.75,0.25,0.18,0.09518690716606676
102991,ti-nspire cas cx calculator,multi_constraint,16,4,0.8686768553678874,0.625,1.0,0.0,1.0,0.8941852541225875,1.0,1.0,0.0,0.8,0.8941852541225875,1.0,1.0,0.0,0.32,0.298955069352872
103099,tiger shark jet ski parts,multi_constraint,16,7,0.6272136071905935,0.4444444444444444,0.5714285714285714,0.4285714285714286,1.0,0.8537936988619951,1.0,1.0,0.0,0.8,0.8537936988619951,1.0,1.0,0.0,0.32,-0.04348282767393363
103248,tin ceiling tiles bronze,product_type,16,13,1.0,0.7692307692307693,0.7692307692307693,0.23076923076923073,1.0,0.9952220823437465,0.9230769230769231,0.9230769230769231,0.07692307692307687,0.75,0.9952220823437465,0.9230769230769231,0.9230769230769231,0.07692307692307687,0.3,0.5384184425762029
103500,toad keychain,brand_entity_proxy,16,7,1.0,0.5625,1.0,0.0,0.9,1.0,0.8125,1.0,0.0,0.65,1.0,1.0,1.0,0.0,0.32,0.8609160647753271
103612,toddler boy pants cotton,product_type,16,15,0.77990823370192,0.4666666666666667,0.4666666666666667,0.5333333333333333,0.8,0.8711304194636228,0.8,0.8,0.19999999999999996,0.65,0.8711304194636228,0.9333333333333333,0.9333333333333333,0.06666666666666665,0.3,-0.42008402520840293
103705,toddler jogger outfits for girls,multi_constraint,16,5,0.8664978384208201,0.3333333333333333,0.4,0.6,0.3,0.8664978384208201,0.3333333333333333,0.4,0.6,0.2,0.8664978384208201,0.6666666666666666,0.6,0.4,0.16,0.4429717877623997
104116,tool wrap,brand_entity_proxy,40,32,1.0,0.2777777777777778,0.3125,0.6875,1.0,0.9300401992986981,0.5555555555555556,0.5625,0.4375,1.0,0.9781972642032135,0.8888888888888888,0.875,0.125,0.7,0.2478648666326559
104212,top water fishing baits popin pickle,multi_constraint,10,3,0.6415610491143672,0.7,0.6666666666666666,0.33333333333333337,0.7,0.6415610491143672,0.9,0.6666666666666666,0.33333333333333337,0.45,0.6415610491143672,1.0,1.0,0.0,0.2,0.037986858819879316
104375,tote to carry shoes,product_type,16,10,0.6316243658611128,0.1,0.1,0.9,0.1,0.8666358580571671,0.2,0.2,0.8,0.1,0.8666358580571671,0.2,0.2,0.8,0.04,-0.05601120336112039
104485,toxozers,brand_entity_proxy,37,16,0.7969344993453359,0.13513513513513514,0.25,0.75,0.5,0.8027648858444731,0.21621621621621623,0.4375,0.5625,0.4,0.9052804532877533,0.21621621621621623,0.4375,0.5625,0.16,0.5569349000321773
104556,toy story girls clothes,product_type,16,10,0.769526190239283,0.6,0.6,0.4,0.7,0.9403605783214054,0.7,0.7,0.30000000000000004,0.5,0.9403605783214054,0.9,0.9,0.09999999999999998,0.28,0.28005601680560194
104929,trash can 30 gallon outdoor,multi_constraint,16,2,0.21550225459223096,0.625,0.5,0.5,1.0,0.36735778188609713,0.9375,0.5,0.5,0.75,0.36735778188609713,0.9375,0.5,0.5,0.3,-0.28697202159177576
105336,trivial pursuit ps4,attribute_constraint,16,12,0.7849118942762925,0.125,0.08333333333333333,0.9166666666666666,0.2,0.9034862123029501,0.3125,0.3333333333333333,0.6666666666666667,0.25,0.9034862123029501,0.5625,0.5833333333333334,0.41666666666666663,0.18,0.03131121455425748
105354,troll hair wig light blue,multi_constraint,8,3,0.7373578337929073,1.0,1.0,0.0,0.7,0.7373578337929073,1.0,1.0,0.0,0.35,0.7373578337929073,1.0,1.0,0.0,0.14,0.6390096504226939
106080,twin rollaway bed with mattress,multi_constraint,16,8,0.7911788491911983,0.5333333333333333,0.75,0.25,0.9,0.9293491767260376,0.7333333333333333,1.0,0.0,0.6,0.9293491767260376,0.8,1.0,0.0,0.26,0.41421172214524216
106387,ugly christmas shirt size 3xl,multi_constraint,16,6,0.9776888296379347,0.7272727272727273,1.0,0.0,0.9,0.9784523496296428,0.9090909090909091,1.0,0.0,0.65,0.9784523496296428,0.9090909090909091,1.0,0.0,0.26,0.7670663990010395
106839,unicorn tails book,product_type,16,3,0.8865835927806677,0.4,0.3333333333333333,0.6666666666666667,0.2,0.8865835927806677,0.6,0.6666666666666666,0.33333333333333337,0.2,0.8865835927806677,0.6,0.6666666666666666,0.33333333333333337,0.08,0.7209152589598611
107789,vampire dolls,brand_entity_proxy,16,8,0.7400352562205579,0.5625,0.75,0.25,0.9,0.8773972042481829,0.75,0.875,0.125,0.6,0.8773972042481829,0.9375,1.0,0.0,0.3,0.23763541031440188
107880,vans hoodie for women,product_type,16,3,0.5533196134715256,0.0,0.0,1.0,0.1,0.55577404126144,0.1,0.0,1.0,0.1,0.55577404126144,0.3,0.6666666666666666,0.33333333333333337,0.1,0.33137054092763085
107900,vans toddler girls,product_type,16,13,0.9223857137111114,0.6,0.6153846153846154,0.3846153846153846,0.9,0.9803850191689185,1.0,1.0,0.0,0.75,0.9803850191689185,1.0,1.0,0.0,0.32,0.38892223413129867
108093,vegetarian womens multivitamin age 50+,multi_constraint,16,6,0.7359630918260496,0.38461538461538464,0.5,0.5,0.5,0.8932513741190508,0.9230769230769231,0.8333333333333334,0.16666666666666663,0.6,0.8932513741190508,1.0,1.0,0.0,0.32,0.47882250411552396
108571,video doorbell wedge,product_type,16,4,0.9552767514787783,0.4666666666666667,1.0,0.0,0.7,0.9554981914634708,0.6,1.0,0.0,0.45,0.9554981914634708,0.6666666666666666,1.0,0.0,0.2,0.7888717603246114
108769,vintage shoes for women,style,16,8,0.5544804985586884,0.1875,0.25,0.75,0.3,0.8121475260543277,0.25,0.25,0.75,0.2,0.8121475260543277,0.5,0.5,0.5,0.16,-0.16269784336399215
108964,vitamin k oil,product_type,16,2,1.0,0.4375,1.0,0.0,0.7,1.0,0.5,1.0,0.0,0.4,1.0,0.9375,1.0,0.0,0.3,0.5739440431835515
109159,voodoo pins,brand_entity_proxy,16,8,0.8226571463526994,0.6428571428571429,0.75,0.25,1.0,0.9547635236185756,0.9285714285714286,0.875,0.125,0.7,0.9547635236185756,1.0,1.0,0.0,0.3,0.510155184253243
109658,walter wenderley summer samba,product_type,16,9,0.5407719752472868,0.625,0.5555555555555556,0.4444444444444444,1.0,0.7872239223628291,1.0,1.0,0.0,0.8,0.7872239223628291,1.0,1.0,0.0,0.32,-0.23231068414572317
110355,weaver high ring 30mm,attribute_constraint,13,8,0.7823046002412575,0.7692307692307693,0.75,0.25,1.0,0.9157206798301513,1.0,1.0,0.0,0.65,0.9157206798301513,1.0,1.0,0.0,0.26,0.1267731382092775
110443,wedding heels for women,product_type,9,3,0.9328365901902395,0.25,0.6666666666666666,0.33333333333333337,0.3,0.9328365901902395,0.375,0.6666666666666666,0.33333333333333337,0.2,0.9328365901902395,0.875,1.0,0.0,0.16,0.33541019662496846
110695,west the american cowboy,product_type,16,5,0.7770197476072864,0.6363636363636364,0.8,0.19999999999999996,0.7,0.8642614647216748,0.7272727272727273,0.8,0.19999999999999996,0.5,0.8642614647216748,0.8181818181818182,0.8,0.19999999999999996,0.26,0.4801960383990247
110785,what to expect the first year,multi_constraint,16,5,0.9809249230963907,0.8181818181818182,1.0,0.0,1.0,0.9817854006402572,0.9090909090909091,1.0,0.0,0.7,0.9817854006402572,1.0,1.0,0.0,0.3,0.7545937746270388
110848,where the crawdads sing,product_type,58,22,0.88995411685096,0.2903225806451613,0.4090909090909091,0.5909090909090908,1.0,0.8929872550745178,0.5806451612903226,0.7727272727272727,0.2272727272727273,0.95,0.9532546948104635,0.7741935483870968,0.9545454545454546,0.045454545454545414,0.56,0.750257264645835
110909,whisper ride 2 ride on push car pink,long_descriptive,16,6,0.7835611494923401,0.5625,0.8333333333333334,0.16666666666666663,0.9,0.864852341129527,0.875,1.0,0.0,0.7,0.864852341129527,1.0,1.0,0.0,0.32,0.44808962688896314
111397,white whirlpool dishwasher,attribute_constraint,16,1,0.8748942450737404,0.6,1.0,0.0,1.0,0.9623581133619495,0.8666666666666667,1.0,0.0,0.7,0.9623581133619495,0.9333333333333333,1.0,0.0,0.3,-0.06600983619844496
111447,whole house fan,product_type,16,14,0.9146904720674044,0.625,0.6428571428571429,0.3571428571428571,1.0,0.9711624706012966,1.0,1.0,0.0,0.8,0.9711624706012966,1.0,1.0,0.0,0.32,0.15339299776947407
111629,wigwam thermal,brand_entity_proxy,16,14,0.8335292363957784,0.625,0.5714285714285714,0.4285714285714286,1.0,0.9525192712681788,0.875,0.8571428571428571,0.1428571428571429,0.7,0.9525192712681788,1.0,1.0,0.0,0.32,-0.24597601850723635
111828,window mount planter,product_type,16,2,0.2704458979453582,0.5,0.0,1.0,0.8,0.4428047466337644,0.6875,0.5,0.5,0.55,0.4428047466337644,0.875,0.5,0.5,0.28,-0.32086084315832136
111876,windows tablet with keyboard,product_type,16,4,0.4011099511636755,0.7142857142857143,0.25,0.75,1.0,0.7110136849156031,0.8571428571428571,0.75,0.25,0.65,0.7110136849156031,0.9285714285714286,1.0,0.0,0.28,0.1298206764343747
111913,wine decorker,brand_entity_proxy,16,11,0.9157083135347952,0.1875,0.2727272727272727,0.7272727272727273,0.3,0.9727880443318531,0.5625,0.7272727272727273,0.2727272727272727,0.45,0.9727880443318531,0.8125,1.0,0.0,0.26,0.5411415938540767
111950,wine vacuum pump,product_type,16,13,0.94037119889105,0.5625,0.6153846153846154,0.3846153846153846,0.9,0.9850698646713161,0.875,0.8461538461538461,0.15384615384615385,0.7,0.9850698646713161,0.9375,0.9230769230769231,0.07692307692307687,0.3,0.3089771082265317
112070,wipes floor,brand_entity_proxy,16,3,0.6783143233185295,0.5,0.6666666666666666,0.33333333333333337,0.8,0.8004185159702957,0.6875,0.6666666666666666,0.33333333333333337,0.55,0.8004185159702957,1.0,1.0,0.0,0.32,0.26052505285945304
112116,wired router gigabit without wifi,multi_constraint,19,12,0.5714721107091234,0.23529411764705882,0.16666666666666666,0.8333333333333334,0.5,0.8566346586267297,0.47058823529411764,0.4166666666666667,0.5833333333333333,0.45,0.8566346586267297,0.9411764705882353,0.9166666666666666,0.08333333333333337,0.36,-0.1918963349456074
112141,wireless charger samsung galaxy 10+,multi_constraint,16,10,0.6731637270473511,0.4375,0.5,0.5,0.7,0.786088859727388,0.625,0.8,0.19999999999999996,0.5,0.786088859727388,0.9375,0.9,0.09999999999999998,0.3,0.16803361008336118
112578,women on women toys,product_type,16,12,0.684394013374121,0.13333333333333333,0.08333333333333333,0.9166666666666666,0.2,0.8680398508584344,0.13333333333333333,0.08333333333333333,0.9166666666666666,0.1,0.8680398508584344,0.2,0.16666666666666666,0.8333333333333334,0.06,-0.14563793200886577
112716,women's canvas slip on sneakers,multi_constraint,16,6,0.8845408798231462,0.25,0.6666666666666666,0.33333333333333337,0.4,0.9577576430484122,0.3125,0.6666666666666666,0.33333333333333337,0.25,0.9577576430484122,0.6875,0.8333333333333334,0.16666666666666663,0.22,0.5321064319306437
113321,womens sweatshirts without hoods,product_type,43,32,0.689339547216955,0.20512820512820512,0.21875,0.78125,1.0,0.7278260317543922,0.358974358974359,0.375,0.625,0.85,0.8917213370825671,0.6666666666666666,0.71875,0.28125,0.58,-0.07614059047787684
113679,wooden serving trays with handles extra large,multi_constraint,40,33,0.6652130093109643,0.25,0.18181818181818182,0.8181818181818181,1.0,0.7487844977108032,0.475,0.42424242424242425,0.5757575757575757,0.95,0.9108009065322376,0.95,0.9393939393939394,0.06060606060606055,0.76,-0.28784041975085983
114588,xsmall top fin fish filter,multi_constraint,15,3,0.6536888311134653,0.6666666666666666,1.0,0.0,1.0,0.6557936082944866,0.8666666666666667,1.0,0.0,0.65,0.6557936082944866,1.0,1.0,0.0,0.3,0.38575837490522974
114599,xtend elite series,product_type,16,2,0.8544409527868279,0.13333333333333333,0.5,0.5,0.2,0.8555873320087543,0.13333333333333333,0.5,0.5,0.1,0.8555873320087543,0.2,0.5,0.5,0.06,0.583383351196948
114650,xylophone with harmonica,product_type,16,4,0.9448541645272408,0.5625,1.0,0.0,0.9,0.9451859332933834,0.875,1.0,0.0,0.7,0.9451859332933834,0.9375,1.0,0.0,0.3,0.657535505639407
114793,ye speaker,brand_entity_proxy,17,1,0.4556588443449323,0.0,0.0,1.0,0.0,0.4649714097587678,0.058823529411764705,0.0,1.0,0.05,0.4649714097587678,0.17647058823529413,0.0,1.0,0.06,0.2551551815399144
114905,yellow tie,brand_entity_proxy,16,7,0.7510853951176693,0.625,0.7142857142857143,0.2857142857142857,1.0,0.8874586713282763,0.8125,0.7142857142857143,0.2857142857142857,0.65,0.8874586713282763,1.0,1.0,0.0,0.32,0.12298800925361816
114954,yeti coffee travel mug,product_type,27,9,0.7465096133055886,0.2692307692307692,0.5555555555555556,0.4444444444444444,0.7,0.9114365163045822,0.34615384615384615,0.5555555555555556,0.4444444444444444,0.45,0.920798634300598,0.7307692307692307,1.0,0.0,0.38,0.456496474489564
115094,yorktend not a day over fabulous wine tumbler,long_descriptive,40,26,0.8285452329852562,0.2564102564102564,0.3076923076923077,0.6923076923076923,1.0,0.788456531051288,0.5128205128205128,0.5769230769230769,0.42307692307692313,1.0,0.9346822804692855,0.9743589743589743,1.0,0.0,0.78,0.3136194493651077
115539,zario chapstick holder,product_type,16,4,1.0,0.625,1.0,0.0,1.0,1.0,1.0,1.0,0.0,0.8,1.0,1.0,1.0,0.0,0.32,0.7514691493021795
