query_id,query,query_type,n_judged,n_highest,cNDCG@10,RelevantRecall@10,HighestRecall@10,RelevantHidden@10,JudgedCoverage@10,cNDCG@20,RelevantRecall@20,HighestRecall@20,RelevantHidden@20,JudgedCoverage@20,cNDCG@50,RelevantRecall@50,HighestRecall@50,RelevantHidden@50,JudgedCoverage@50,RelevanceVisibilitySpearman
0,salon chair,product_type,3301,39,0.420235475836781,0.002321724709784411,0.02564102564102564,0.9743589743589743,0.9,0.3894171386162715,0.005306799336650083,0.02564102564102564,0.9743589743589743,0.9,0.3878009729353168,0.013266998341625208,0.02564102564102564,0.9743589743589743,0.9,0.19209453439312427
1,smart coffee table,product_type,1436,8,0.3649302102017378,0.007052186177715092,0.0,1.0,1.0,0.47100925925184517,0.012693935119887164,0.0,1.0,0.9,0.6199443599094665,0.031029619181946404,0.0,1.0,0.88,0.06674660000878356
2,dinosaur,brand_entity_proxy,165,151,1.0,0.06329113924050633,0.06622516556291391,0.9337748344370861,1.0,1.0,0.12658227848101267,0.13245033112582782,0.8675496688741722,1.0,0.9890034391588551,0.31645569620253167,0.32450331125827814,0.6754966887417219,1.0,0.18801773181755185
3,turquoise pillows,brand_entity_proxy,997,55,0.5882196917171932,0.010362694300518135,0.05454545454545454,0.9454545454545454,0.9,0.5675246346502164,0.023316062176165803,0.10909090909090909,0.8909090909090909,0.95,0.4959001223458634,0.04922279792746114,0.18181818181818182,0.8181818181818181,0.82,0.45812004000026624
4,chair and a half recliner,multi_constraint,239,23,0.4270263730805316,0.005263157894736842,0.0,1.0,0.1,0.3819630919946632,0.010526315789473684,0.0,1.0,0.1,0.5031679672370636,0.015789473684210527,0.043478260869565216,0.9565217391304348,0.06,0.09339480576847163
5,sofa with ottoman,product_type,1344,179,0.6949093436133567,0.006111535523300229,0.0223463687150838,0.9776536312849162,0.8,0.6377308858537869,0.009931245225362872,0.027932960893854747,0.9720670391061452,0.65,0.5806145728666126,0.023682200152788387,0.05027932960893855,0.9497206703910615,0.62,0.2814442478033144
6,acrylic clear chair,attribute_constraint,109,43,0.8056273000821932,0.030303030303030304,0.06976744186046512,0.9302325581395349,0.3,0.7338487457203365,0.050505050505050504,0.09302325581395349,0.9069767441860466,0.25,0.7622937905159937,0.08080808080808081,0.11627906976744186,0.8837209302325582,0.16,0.3395395563521118
7,driftwood mirror,product_type,603,23,0.8590331472570637,0.018691588785046728,0.30434782608695654,0.6956521739130435,1.0,0.7204842480312407,0.037383177570093455,0.391304347826087,0.6086956521739131,1.0,0.7836618149204156,0.09345794392523364,0.5217391304347826,0.4782608695652174,1.0,0.4196284455760168
8,home sweet home sign,product_type,105,25,0.6564746593503457,0.06382978723404255,0.12,0.88,0.6,0.5650449758820082,0.09574468085106383,0.16,0.84,0.45,0.6681321190570786,0.24468085106382978,0.2,0.8,0.48,0.1560423191601438
9,coffee table fire pit,product_type,1516,74,0.8103670991788406,0.005960264900662252,0.08108108108108109,0.9189189189189189,0.9,0.8329984890672415,0.011258278145695364,0.16216216216216217,0.8378378378378378,0.85,0.7698910533209103,0.026490066225165563,0.35135135135135137,0.6486486486486487,0.8,0.3267045621187784
10,king poster bed,attribute_constraint,177,21,0.7224117241296841,0.03977272727272727,0.14285714285714285,0.8571428571428572,0.7,0.6568617032597462,0.07954545454545454,0.2857142857142857,0.7142857142857143,0.7,0.8047271584260179,0.10795454545454546,0.38095238095238093,0.6190476190476191,0.38,0.3084830710457427
11,ombre rug,product_type,1428,65,0.8645073774981994,0.007042253521126761,0.1076923076923077,0.8923076923076922,1.0,0.724892258362925,0.01267605633802817,0.13846153846153847,0.8615384615384616,0.9,0.5964266917873791,0.0323943661971831,0.2,0.8,0.92,0.07482489582170575
12,large spoon and fork wall decor,multi_constraint,225,27,1.0,0.05113636363636364,0.3333333333333333,0.6666666666666667,0.9,0.8841521132901065,0.10227272727272728,0.5555555555555556,0.4444444444444444,0.9,0.8691790571597552,0.18181818181818182,0.5925925925925926,0.40740740740740744,0.64,0.5878070608791764
13,outdoor privacy wall,product_type,122,46,1.0,0.14035087719298245,0.17391304347826086,0.8260869565217391,0.8,0.9436453668208752,0.2807017543859649,0.34782608695652173,0.6521739130434783,0.8,0.9249327000142273,0.43859649122807015,0.5,0.5,0.52,0.7849725279550368
14,beds that have leds,product_type,2692,20,0.310058774088276,0.0006365372374283895,0.05,0.95,0.2,0.25976441843124587,0.0006365372374283895,0.05,0.95,0.15,0.33129573397247375,0.004455760661998727,0.1,0.9,0.26,0.10511195221019586
15,black 5 drawer dresser by guilford,multi_constraint,613,2,0.5821032065260975,0.015050167224080268,0.0,1.0,0.9,0.6833800218492042,0.030100334448160536,0.0,1.0,0.9,0.798147164547621,0.07190635451505016,0.0,1.0,0.86,0.18532719800373235
16,blk 18x18 seat cushions,attribute_constraint,493,4,0.4709008291698296,0.011278195488721804,0.0,1.0,0.3,0.5203221060712967,0.022556390977443608,0.0,1.0,0.3,0.6453211360977126,0.02631578947368421,0.25,0.75,0.16,0.10765252295629149
17,closet storage with zipper,product_type,103,21,0.5380098202283101,0.019417475728155338,0.047619047619047616,0.9523809523809523,0.2,0.5866664928731298,0.05825242718446602,0.09523809523809523,0.9047619047619048,0.3,0.7838201428956276,0.11650485436893204,0.23809523809523808,0.7619047619047619,0.24,0.37040214584144576
18,chrome bathroom 4 light vanity light,multi_constraint,1053,34,0.589088768612251,0.032846715328467155,0.08823529411764706,0.9117647058823529,0.9,0.4862707777906607,0.058394160583941604,0.08823529411764706,0.9117647058823529,0.85,0.544875906061039,0.13138686131386862,0.17647058823529413,0.8235294117647058,0.76,0.5508122382354824
19,gurney  slade 56,attribute_constraint,14,0,0.7000949683025057,0.0,,,0.0,0.8756292677695179,0.0,,,0.0,0.8756292677695179,0.0,,,0.0,-0.11766968108291041
20,foutains with brick look,product_type,94,12,0.23551477053418657,0.011111111111111112,0.0,1.0,0.2,0.36497248559044965,0.03333333333333333,0.0,1.0,0.2,0.6291048323850155,0.044444444444444446,0.0,1.0,0.1,-0.044469403107100694
21,living curtains pearl,product_type,127,1,0.8471779732814125,0.023622047244094488,1.0,0.0,0.3,0.8893838149761623,0.03937007874015748,1.0,0.0,0.25,0.932875691891381,0.047244094488188976,1.0,0.0,0.12,0.14823301022795027
22,light and navy blue decorative pillow,multi_constraint,251,22,0.5124916370179302,0.01020408163265306,0.045454545454545456,0.9545454545454546,0.2,0.5093167020948364,0.04081632653061224,0.045454545454545456,0.9545454545454546,0.4,0.6773060019141249,0.09183673469387756,0.2727272727272727,0.7272727272727273,0.38,0.6033161942883971
23,stoneford end tables white and wood,multi_constraint,1266,0,1.0,0.0024429967426710096,,,0.3,1.0,0.005700325732899023,,,0.35,1.0,0.016286644951140065,,,0.4,0.21910988145382887
24,wood coffee table set by storage,multi_constraint,2559,84,0.3333333333333333,0.004764173415912339,0.0,1.0,1.0,0.3333333333333334,0.009051929490233444,0.0,1.0,0.95,0.35382173414915236,0.02096236303001429,0.011904761904761904,0.9880952380952381,0.88,0.4062344845182713
25,sunflower,brand_entity_proxy,242,227,1.0,0.04329004329004329,0.04405286343612335,0.9559471365638766,1.0,1.0,0.08658008658008658,0.0881057268722467,0.9118942731277533,1.0,1.0,0.21645021645021645,0.22026431718061673,0.7797356828193833,1.0,0.2565209501953517
26,leather chairs,attribute_constraint,3746,876,1.0,0.0027380590203833284,0.010273972602739725,0.9897260273972602,0.9,0.9310368321095154,0.005780346820809248,0.019406392694063926,0.980593607305936,0.95,0.8547421720736113,0.013994523881959233,0.03995433789954338,0.9600456621004566,0.94,0.38948201039817987
27,outdoor welcome rug,product_type,344,100,0.6444156112001193,0.029239766081871343,0.05,0.95,1.0,0.720430061203652,0.05555555555555555,0.12,0.88,0.95,0.6774787340527542,0.13157894736842105,0.24,0.76,0.9,0.29704562836594306
28,rooster decor,brand_entity_proxy,725,175,1.0,0.03333333333333333,0.05714285714285714,0.9428571428571428,1.0,0.9777083390768576,0.06666666666666667,0.10857142857142857,0.8914285714285715,1.0,0.9878320260463271,0.16666666666666666,0.28,0.72,1.0,0.7420369389406012
29,bathroom vanity knobs,product_type,802,138,1.0,0.07246376811594203,0.07246376811594203,0.927536231884058,1.0,1.0,0.13043478260869565,0.13043478260869565,0.8695652173913043,0.9,0.9431237950967644,0.2536231884057971,0.2536231884057971,0.7463768115942029,0.7,0.6157636766677705
30,3 1/2 inch drawer pull,multi_constraint,549,88,0.42590829591570295,0.023529411764705882,0.011363636363636364,0.9886363636363636,0.8,0.4194922361727728,0.047058823529411764,0.022727272727272728,0.9772727272727273,0.8,0.4224451840089349,0.10588235294117647,0.056818181818181816,0.9431818181818182,0.72,0.6511203721482455
31,burnt orange curtains,product_type,168,1,0.6943559465628248,0.03571428571428571,0.0,1.0,0.6,0.7787676299523247,0.06547619047619048,0.0,1.0,0.55,0.865751383782762,0.10714285714285714,0.0,1.0,0.36,-0.13323467750529827
32,dark gray dresser,attribute_constraint,211,3,0.9520896899080846,0.01098901098901099,0.6666666666666666,0.33333333333333337,0.2,0.9626733698729122,0.02197802197802198,0.6666666666666666,0.33333333333333337,0.2,0.9754148966813614,0.04945054945054945,0.6666666666666666,0.33333333333333337,0.18,0.5781772550668357
33,non slip shower floor tile,multi_constraint,669,125,0.632020018650559,0.01038961038961039,0.008,0.992,0.4,0.6173507962704278,0.03116883116883117,0.032,0.968,0.6,0.618099523248801,0.06493506493506493,0.08,0.92,0.5,0.72335949408046
34,bar stool with backrest,product_type,740,374,0.5773497457952017,0.009523809523809525,0.008021390374331552,0.9919786096256684,0.7,0.5414651284541268,0.01904761904761905,0.016042780748663103,0.983957219251337,0.7,0.5970858237649022,0.04897959183673469,0.0374331550802139,0.9625668449197861,0.72,-0.005135729857247324
35,enclosed shoe rack,product_type,174,51,0.38224261473290666,0.05232558139534884,0.0196078431372549,0.9803921568627451,0.9,0.36489778658525723,0.10465116279069768,0.0196078431372549,0.9803921568627451,0.9,0.4185852358040483,0.2616279069767442,0.13725490196078433,0.8627450980392157,0.9,-0.13945122586862616
36,laundry basket with wheels,product_type,157,37,0.6210280302749897,0.04487179487179487,0.05405405405405406,0.9459459459459459,0.7,0.5883163845678798,0.07051282051282051,0.10810810810810811,0.8918918918918919,0.55,0.690320977276762,0.19230769230769232,0.35135135135135137,0.6486486486486487,0.6,0.28238975036384506
37,bar stool 24 inches height,multi_constraint,875,110,0.581235971584077,0.012150668286755772,0.02727272727272727,0.9727272727272728,1.0,0.4933216016574402,0.024301336573511544,0.02727272727272727,0.9727272727272728,1.0,0.45273691795383925,0.054678007290400975,0.05454545454545454,0.9454545454545454,0.9,0.08197256314945116
38,calvin patio chair,product_type,255,1,0.6943559465628248,0.0330188679245283,0.0,1.0,0.7,0.6928186999837613,0.05188679245283019,0.0,1.0,0.65,0.7739474969054762,0.10377358490566038,0.0,1.0,0.52,0.2154163909105616
39,door jewelry organizer,product_type,149,31,0.45298473672387823,0.06711409395973154,0.06451612903225806,0.935483870967742,1.0,0.43614220105592233,0.1342281879194631,0.0967741935483871,0.9032258064516129,1.0,0.5360072434143972,0.3288590604026846,0.25806451612903225,0.7419354838709677,0.98,0.005766118246630304
40,elegant executive chair,product_type,166,40,0.3333333333333333,0.036585365853658534,0.0,1.0,0.6,0.3846185449481736,0.07317073170731707,0.025,0.975,0.6,0.5078197599392332,0.12804878048780488,0.05,0.95,0.42,0.10001929874235913
41,closet pull out valet rod,multi_constraint,143,19,0.797893645217303,0.125,0.3157894736842105,0.6842105263157895,1.0,0.7449074603060858,0.2,0.47368421052631576,0.5263157894736843,0.8,0.8273832659845566,0.2875,0.5789473684210527,0.42105263157894735,0.46,0.5556829829267387
42,toddler couch fold out,product_type,149,3,0.5159958223394444,0.08,0.0,1.0,0.6,0.5982347308964026,0.10666666666666667,0.0,1.0,0.4,0.642050076827746,0.18666666666666668,0.0,1.0,0.3,0.44238084312535747
43,solid teak end table,product_type,1231,22,0.6293982185421705,0.007611798287345386,0.13636363636363635,0.8636363636363636,0.8,0.5729484501225639,0.014272121788772598,0.22727272727272727,0.7727272727272727,0.75,0.6501100428955431,0.030447193149381543,0.2727272727272727,0.7272727272727273,0.66,-0.09938541616448775
44,chrome shower head and valve,multi_constraint,219,33,0.484774783212832,0.03686635944700461,0.06060606060606061,0.9393939393939394,0.8,0.48152962597687976,0.07373271889400922,0.15151515151515152,0.8484848484848485,0.8,0.5774671128737915,0.17050691244239632,0.2727272727272727,0.7272727272727273,0.74,0.19676686445021505
45,70s inspired furniture,attribute_constraint,169,20,0.505873192659742,0.009345794392523364,0.0,1.0,0.1,0.4669765857736115,0.009345794392523364,0.0,1.0,0.05,0.7004238935580166,0.018691588785046728,0.0,1.0,0.04,0.4636918597216146
46,beach blue headboard,attribute_constraint,104,5,0.7225301029848981,0.029411764705882353,0.4,0.6,0.3,0.8147264696551433,0.0392156862745098,0.4,0.6,0.2,0.8927452593091189,0.09803921568627451,0.4,0.6,0.2,0.24682863525436904
47,porcelain loaf pan,product_type,105,0,1.0,0.1,,,1.0,1.0,0.2,,,1.0,1.0,0.49,,,0.98,0.2832939156962906
48,arwen table lamp,product_type,282,1,0.6943559465628248,0.014184397163120567,0.0,1.0,0.4,0.7787676299523247,0.0425531914893617,0.0,1.0,0.6,0.865751383782762,0.12056737588652482,0.0,1.0,0.68,-0.06998330637193498
49,moen matte black hooks,attribute_constraint,135,0,1.0,0.034482758620689655,,,0.4,1.0,0.06896551724137931,,,0.4,1.0,0.10344827586206896,,,0.24,0.46350969961871125
50,tufted chair with gold legs,multi_constraint,404,28,0.3333333333333333,0.010230179028132993,0.0,1.0,0.4,0.3333333333333334,0.01278772378516624,0.0,1.0,0.25,0.48843994285251024,0.030690537084398978,0.0,1.0,0.24,0.21588484186012205
51,kohen 5 drawer dresser,attribute_constraint,595,1,0.6943559465628248,0.015306122448979591,0.0,1.0,0.9,0.7787676299523247,0.03231292517006803,0.0,1.0,0.95,0.865751383782762,0.07653061224489796,0.0,1.0,0.9,0.13714927380334208
52,westling coffee table,product_type,1433,0,1.0,0.004929577464788733,,,0.7,0.9652498273011313,0.011267605633802818,,,0.85,0.9810315078027004,0.02676056338028169,,,0.78,0.004910636325273759
53,carolyn console table,product_type,610,0,1.0,0.014754098360655738,,,0.9,1.0,0.029508196721311476,,,0.9,1.0,0.07049180327868852,,,0.86,
54,wayfair sleep zippered,product_type,143,5,0.5913991047635396,0.028985507246376812,0.2,0.8,0.4,0.6702537723544031,0.043478260869565216,0.2,0.8,0.3,0.8178004166032874,0.050724637681159424,0.2,0.8,0.14,0.27738634775716553
55,tollette teal outdoor rug,product_type,171,1,0.6943559465628248,0.041176470588235294,0.0,1.0,0.7,0.7787676299523247,0.052941176470588235,0.0,1.0,0.45,0.865751383782762,0.11764705882352941,0.0,1.0,0.4,0.12926200652422723
56,royal blue counter height chairs,multi_constraint,344,0,0.3948600843628045,0.012987012987012988,,,0.7,0.4629616576112928,0.021645021645021644,,,0.5,0.3858914663568981,0.03463203463203463,,,0.34,-0.24498336992756087
57,jordanna solid wood rocking,attribute_constraint,1406,1,0.6943559465628248,0.04736842105263158,0.0,1.0,0.9,0.7787676299523247,0.07894736842105263,0.0,1.0,0.75,0.65773124182211,0.13157894736842105,0.0,1.0,0.6,0.14440432553335433
58,medium size chandelier,product_type,164,63,0.48006117753205346,0.018518518518518517,0.015873015873015872,0.9841269841269842,0.3,0.4998440334964157,0.024691358024691357,0.015873015873015872,0.9841269841269842,0.2,0.5367394439953351,0.05555555555555555,0.015873015873015872,0.9841269841269842,0.18,-0.013516559294435846
59,broadway lever,brand_entity_proxy,165,43,1.0,0.06451612903225806,0.23255813953488372,0.7674418604651163,1.0,1.0,0.12903225806451613,0.46511627906976744,0.5348837209302326,1.0,0.9143616938516165,0.3225806451612903,0.813953488372093,0.18604651162790697,1.0,0.6318377351861671
60,capricorn chest,brand_entity_proxy,332,3,0.3277893086118764,0.015432098765432098,0.0,1.0,0.7,0.4762847538080861,0.030864197530864196,0.0,1.0,0.65,0.6317952372223139,0.05864197530864197,0.0,1.0,0.46,-0.12052900730334788
61,overstreet rustic pub stools,style,162,1,0.6943559465628248,0.024691358024691357,0.0,1.0,0.4,0.7787676299523247,0.043209876543209874,0.0,1.0,0.35,0.8943122470779794,0.05555555555555555,0.0,1.0,0.18,0.09521807399257119
62,7qt slow cooker,attribute_constraint,157,9,0.6746130028613155,0.06756756756756757,0.3333333333333333,0.6666666666666667,1.0,0.7904032369508033,0.13513513513513514,0.5555555555555556,0.4444444444444444,1.0,0.8833891604769722,0.33783783783783783,0.7777777777777778,0.2222222222222222,1.0,0.42917482662493583
63,monthly calendar,brand_entity_proxy,115,72,1.0,0.09433962264150944,0.1388888888888889,0.8611111111111112,1.0,0.9013104812602216,0.1792452830188679,0.20833333333333334,0.7916666666666666,0.95,0.8840736668631866,0.3584905660377358,0.4305555555555556,0.5694444444444444,0.76,0.38248519964325506
64,zachary 72.5,attribute_constraint,77,1,0.8032285550939751,0.0,0.0,1.0,0.0,0.857572190184248,0.0,0.0,1.0,0.0,0.9012765965042971,0.0,0.0,1.0,0.0,0.20558997562499826
65,gnome fairy garden,product_type,156,38,0.6756856998333554,0.06535947712418301,0.10526315789473684,0.8947368421052632,1.0,0.5791475392514022,0.13071895424836602,0.13157894736842105,0.868421052631579,1.0,0.6442932156739675,0.3137254901960784,0.39473684210526316,0.6052631578947368,0.98,0.21135680153683967
66,novara pergola,brand_entity_proxy,69,1,0.6943559465628248,0.0625,0.0,1.0,0.4,0.7214012401575269,0.109375,0.0,1.0,0.35,0.8139719846214316,0.140625,0.0,1.0,0.18,-0.17984857112553101
67,osgood mirror,product_type,587,0,0.7951657524814092,0.013888888888888888,,,0.9,0.8678066648051393,0.03373015873015873,,,0.95,0.8824759843444103,0.08531746031746032,,,0.96,0.17441954240177457
68,nautical platters,brand_entity_proxy,204,89,0.7893454817437576,0.05952380952380952,0.06741573033707865,0.9325842696629214,1.0,0.7693584395578794,0.1130952380952381,0.12359550561797752,0.8764044943820225,0.95,0.7819296887674417,0.2857142857142857,0.3595505617977528,0.6404494382022472,0.96,0.4816901639869979
69,wall sconce with usb port,multi_constraint,235,13,0.35849929030456373,0.03980099502487562,0.07692307692307693,0.9230769230769231,0.9,0.402674162829257,0.06467661691542288,0.07692307692307693,0.9230769230769231,0.7,0.5351578880678313,0.11940298507462686,0.07692307692307693,0.9230769230769231,0.52,0.26883311797961024
70,annex dresser,product_type,504,1,0.7863639746437393,0.017892644135188866,1.0,0.0,0.9,0.8453652093485086,0.033797216699801194,1.0,0.0,0.85,0.9061642441405326,0.06560636182902585,1.0,0.0,0.66,0.0539051206582062
71,infant girl crib bedding,product_type,139,47,0.785151833918697,0.07246376811594203,0.14893617021276595,0.851063829787234,1.0,0.7425911145587607,0.14492753623188406,0.2553191489361702,0.7446808510638299,1.0,0.6750379598768446,0.3188405797101449,0.40425531914893614,0.5957446808510638,0.88,0.1716455843656042
72,fold in half table,product_type,174,85,0.8421283856352149,0.05521472392638037,0.08235294117647059,0.9176470588235294,0.9,0.7573957612194516,0.09815950920245399,0.11764705882352941,0.8823529411764706,0.8,0.7214028659277228,0.15950920245398773,0.17647058823529413,0.8235294117647058,0.52,0.18998368620110304
73,certified international melamine,product_type,181,0,1.0,0.03773584905660377,,,0.6,1.0,0.09433962264150944,,,0.75,1.0,0.23270440251572327,,,0.74,0.46986748234383086
74,serta kleinmon,brand_entity_proxy,87,3,0.5159958223394444,0.0,0.0,1.0,0.0,0.6229152997582164,0.0,0.0,1.0,0.0,0.7767322846368224,0.0,0.0,1.0,0.0,0.06971477036167185
75,sheffield home bath set,product_type,231,4,0.4700182601018591,0.051094890510948905,0.0,1.0,0.7,0.5788037469624102,0.10948905109489052,0.0,1.0,0.75,0.6634080981832934,0.23357664233576642,0.0,1.0,0.66,0.28293037993920317
76,46 inch closet door,attribute_constraint,135,2,0.4994334579551876,0.12727272727272726,0.0,1.0,0.8,0.5007130304150788,0.18181818181818182,0.0,1.0,0.7,0.5151258153423692,0.2545454545454545,0.5,0.5,0.46,0.23282700145384563
77,sancroft armchair,brand_entity_proxy,661,1,0.6943559465628248,0.0030257186081694403,0.0,1.0,0.2,0.7787676299523247,0.009077155824508321,0.0,1.0,0.3,0.865751383782762,0.01664145234493192,0.0,1.0,0.22,-0.00571183593101164
78,dorel vanity,brand_entity_proxy,948,3,0.5159958223394444,0.011723329425556858,0.0,1.0,1.0,0.6229152997582164,0.022274325908558032,0.0,1.0,0.95,0.6929162278879595,0.041031652989449004,0.0,1.0,0.8,-0.14258361346112516
79,palram harmony greenhouses,product_type,122,0,0.92663607790064,0.08571428571428572,,,1.0,0.9171433102136999,0.1619047619047619,,,0.95,0.8917656239043256,0.4095238095238095,,,0.98,0.13273741994549376
80,7 draw white dresser,attribute_constraint,198,39,0.4532876546741145,0.02040816326530612,0.02564102564102564,0.9743589743589743,0.4,0.4810125020259113,0.025510204081632654,0.05128205128205128,0.9487179487179487,0.25,0.5064293527067523,0.09693877551020408,0.10256410256410256,0.8974358974358975,0.38,0.08034932539309572
81,orren ellis l shape desk,multi_constraint,233,75,0.7469316229444566,0.0091324200913242,0.02666666666666667,0.9733333333333334,0.2,0.7642988869546409,0.0228310502283105,0.05333333333333334,0.9466666666666667,0.25,0.6818698935162925,0.0684931506849315,0.10666666666666667,0.8933333333333333,0.3,0.23266509329532734
82,bathroom vanity with counter space,multi_constraint,668,53,0.3333333333333333,0.0061162079510703364,0.0,1.0,0.4,0.3333333333333334,0.012232415902140673,0.0,1.0,0.4,0.3434933429400017,0.02599388379204893,0.0,1.0,0.34,-0.027999637901686546
83,wall art fiji,product_type,103,0,1.0,0.0,,,0.0,1.0,0.020618556701030927,,,0.1,1.0,0.030927835051546393,,,0.06,0.2537369780156863
84,full metal bed rose gold,multi_constraint,299,1,0.2939290621815447,0.004784688995215311,0.0,1.0,0.4,0.40258671937748086,0.009569377990430622,0.0,1.0,0.3,0.49134100040300727,0.03349282296650718,0.0,1.0,0.28,0.17547609850758866
85,3/4 size mattress,attribute_constraint,152,0,1.0,0.009433962264150943,,,0.1,1.0,0.018867924528301886,,,0.1,1.0,0.02830188679245283,,,0.06,0.7957163590675893
86,aloe vera plant pot,product_type,142,15,0.5975945819343397,0.07246376811594203,0.2,0.8,1.0,0.6758449025743317,0.14492753623188406,0.4666666666666667,0.5333333333333333,1.0,0.8825472871339947,0.3115942028985507,0.8,0.19999999999999996,0.86,0.44017406924748315
87,vlad modular sectional,product_type,221,0,1.0,0.03167420814479638,,,0.7,1.0,0.05429864253393665,,,0.6,1.0,0.07692307692307693,,,0.34,
88,rose gold lounge,attribute_constraint,159,1,0.14059543626880525,0.009259259259259259,0.0,1.0,0.5,0.2096976767615359,0.018518518518518517,0.0,1.0,0.5,0.35083569128600467,0.037037037037037035,0.0,1.0,0.3,-0.2918971606802412
89,whimsical solar lights,product_type,142,68,0.8545365814817667,0.02962962962962963,0.058823529411764705,0.9411764705882353,0.4,0.7990673015017061,0.05185185185185185,0.08823529411764706,0.9117647058823529,0.35,0.7379414543123856,0.1111111111111111,0.16176470588235295,0.8382352941176471,0.32,0.14749440113687376
90,filaret outdoor sofa,product_type,242,0,0.8611375561264456,0.024896265560165973,,,0.7,0.9103827127966565,0.03734439834024896,,,0.5,0.9510821189928905,0.08298755186721991,,,0.42,-0.11018902720147535
91,industrial pipe dining  table,style,686,8,0.3649302102017378,0.013432835820895522,0.0,1.0,0.9,0.5740800707872644,0.023880597014925373,0.25,0.75,0.8,0.7311608988622211,0.05970149253731343,0.5,0.5,0.8,0.20134215063550254
92,antique silver entry table,attribute_constraint,170,0,1.0,0.012048192771084338,,,0.2,1.0,0.012048192771084338,,,0.1,1.0,0.04216867469879518,,,0.14,0.2404023780894838
93,outdoor sectional dining,product_type,233,58,0.7175489032751208,0.01809954751131222,0.05172413793103448,0.9482758620689655,0.4,0.5674799624692745,0.027149321266968326,0.06896551724137931,0.9310344827586207,0.3,0.5555233065226698,0.03167420814479638,0.06896551724137931,0.9310344827586207,0.14,0.05857974401255474
94,kohler whitehaven farmhouse kitchen sink,style,197,4,0.4700182601018591,0.06666666666666667,0.0,1.0,1.0,0.616238795136428,0.12666666666666668,0.0,1.0,0.95,0.7842305032752506,0.30666666666666664,0.75,0.25,0.92,0.7014410365938116
95,entertainment stand end table,product_type,820,49,0.3333333333333333,0.00245398773006135,0.0,1.0,0.2,0.3333333333333334,0.0098159509202454,0.0,1.0,0.4,0.3744431530077036,0.0196319018404908,0.0,1.0,0.32,0.1751275174573559
96,bar room wall decor,product_type,384,75,0.8878984756873929,0.03546099290780142,0.10666666666666667,0.8933333333333333,1.0,0.8834516951945278,0.06382978723404255,0.2,0.8,0.9,0.8498255133181294,0.1347517730496454,0.4266666666666667,0.5733333333333333,0.76,0.6740480846524561
97,regner power loom red,attribute_constraint,197,1,0.6943559465628248,0.030612244897959183,0.0,1.0,0.6,0.7787676299523247,0.04591836734693878,0.0,1.0,0.45,0.865751383782762,0.10204081632653061,0.0,1.0,0.4,0.11782393482871055
98,gracie oaks 62 oller 14 ceiling fan,multi_constraint,124,0,0.9337457765456111,0.07079646017699115,,,0.9,0.9572416874849684,0.1504424778761062,,,0.9,0.9766602392356607,0.3893805309734513,,,0.9,0.38233566714181577
99,arched christmas tree,product_type,121,0,1.0,0.08108108108108109,,,0.9,1.0,0.15315315315315314,,,0.85,0.9856215795673516,0.35135135135135137,,,0.78,0.318810418125971
100,tufted upholstered bed diamond,product_type,887,211,0.4535442817745454,0.0049261083743842365,0.004739336492890996,0.995260663507109,0.5,0.4815050281345441,0.0049261083743842365,0.004739336492890996,0.995260663507109,0.25,0.4892195306822405,0.009852216748768473,0.014218009478672985,0.985781990521327,0.18,0.07105138512602603
101,48 in entry table with side by side drawer,long_descriptive,283,4,0.5292198521240337,0.007722007722007722,0.0,1.0,0.2,0.625853459917412,0.019305019305019305,0.25,0.75,0.25,0.7252890258351062,0.023166023166023165,0.25,0.75,0.12,0.14276261959383416
102,flamingo,brand_entity_proxy,68,57,0.9052116356304494,0.15789473684210525,0.15789473684210525,0.8421052631578947,1.0,0.9388266846219682,0.3157894736842105,0.3157894736842105,0.6842105263157895,0.95,0.9524066885881307,0.543859649122807,0.543859649122807,0.45614035087719296,0.64,0.4282989464118527
103,kitchen anti fatigue mats,product_type,368,230,1.0,0.027247956403269755,0.043478260869565216,0.9565217391304348,1.0,0.975128833089037,0.05449591280653951,0.08260869565217391,0.9173913043478261,1.0,0.8945811949761132,0.1362397820163488,0.17391304347826086,0.8260869565217391,1.0,0.14711869280642545
104,flour and sugar containers,product_type,179,12,0.3333333333333333,0.056179775280898875,0.0,1.0,1.0,0.4656347790240249,0.10674157303370786,0.08333333333333333,0.9166666666666666,0.95,0.684353711067664,0.25280898876404495,0.4166666666666667,0.5833333333333333,0.9,0.1066232661406186
105,outdoor movie screen,product_type,149,62,1.0,0.07352941176470588,0.16129032258064516,0.8387096774193549,1.0,0.9676617088516802,0.13970588235294118,0.3064516129032258,0.6935483870967742,0.95,0.8414583489124691,0.2867647058823529,0.5,0.5,0.84,0.3122027415162037
106,bed risers,product_type,2245,36,1.0,0.10526315789473684,0.2777777777777778,0.7222222222222222,1.0,0.9215142031476031,0.2,0.4722222222222222,0.5277777777777778,1.0,0.8243094915589527,0.35789473684210527,0.8333333333333334,0.16666666666666663,0.98,0.11492246761458273
107,front porch furniture sets,product_type,309,43,0.3333333333333333,0.0231023102310231,0.0,1.0,0.7,0.3208977498778518,0.036303630363036306,0.0,1.0,0.55,0.35942410222344395,0.066006600660066,0.0,1.0,0.42,-0.02550340799084497
108,ayesha curry kitchen,product_type,131,81,1.0,0.07936507936507936,0.12345679012345678,0.8765432098765432,1.0,1.0,0.15873015873015872,0.24691358024691357,0.7530864197530864,1.0,0.9485978461721817,0.25396825396825395,0.35802469135802467,0.6419753086419753,0.64,0.44448641126907157
109,hillsby oriental rug,product_type,247,39,0.3333333333333333,0.004048582995951417,0.0,1.0,0.1,0.3565001151325791,0.012145748987854251,0.0,1.0,0.15,0.4074875601347905,0.020242914979757085,0.0,1.0,0.1,-0.23886835441765358
110,mila task chair,product_type,348,0,1.0,0.025936599423631124,,,0.9,1.0,0.04899135446685879,,,0.85,1.0,0.09510086455331412,,,0.66,0.09271455408231195
111,delta trinsic,brand_entity_proxy,161,69,0.9537125187088151,0.025806451612903226,0.057971014492753624,0.9420289855072463,0.4,0.946454230993276,0.03870967741935484,0.08695652173913043,0.9130434782608696,0.3,0.8117695967312382,0.07096774193548387,0.14492753623188406,0.855072463768116,0.22,0.4010575656500842
112,pineapple,brand_entity_proxy,271,266,1.0,0.03759398496240601,0.03759398496240601,0.9624060150375939,1.0,1.0,0.07518796992481203,0.07518796992481203,0.924812030075188,1.0,1.0,0.18796992481203006,0.18796992481203006,0.8120300751879699,1.0,0.16368743714761616
113,led light strip,product_type,432,75,1.0,0.023809523809523808,0.12,0.88,0.9,1.0,0.047619047619047616,0.24,0.76,0.9,0.8705659873722764,0.10052910052910052,0.4533333333333333,0.5466666666666666,0.78,0.6167748315448677
114,geralyn upholstered storage platform bed,multi_constraint,1252,3,0.5159958223394444,0.006509357200976403,0.0,1.0,0.8,0.6229152997582164,0.011391375101708706,0.0,1.0,0.7,0.7411424013055968,0.025223759153783564,0.0,1.0,0.62,-0.03629676665000835
115,peacock,brand_entity_proxy,224,202,1.0,0.04878048780487805,0.04950495049504951,0.9504950495049505,1.0,1.0,0.0975609756097561,0.09900990099009901,0.900990099009901,1.0,1.0,0.24390243902439024,0.24752475247524752,0.7524752475247525,1.0,0.31577820126813516
116,brockham solid blackout thermal grommet curtain panels,multi_constraint,595,0,1.0,0.01721170395869191,,,1.0,1.0,0.03442340791738382,,,1.0,1.0,0.08433734939759036,,,0.98,0.25092083683270244
117,tall storage cabinet,attribute_constraint,430,128,0.6082998090952606,0.0166270783847981,0.03125,0.96875,0.7,0.6047256250426923,0.0332541567695962,0.0390625,0.9609375,0.7,0.5165707846217805,0.07600950118764846,0.0703125,0.9296875,0.64,0.04884221772852589
118,body pillow case,product_type,216,94,0.9074250374176304,0.046296296296296294,0.09574468085106383,0.9042553191489362,1.0,0.9165818019254948,0.09259259259259259,0.19148936170212766,0.8085106382978724,1.0,0.8436224474906874,0.23148148148148148,0.39361702127659576,0.6063829787234043,1.0,0.49316178372174624
119,welcome sign,brand_entity_proxy,441,158,1.0,0.0273972602739726,0.06329113924050633,0.9367088607594937,1.0,0.9565311588560688,0.0547945205479452,0.11392405063291139,0.8860759493670887,1.0,0.7831861975536896,0.12602739726027398,0.17721518987341772,0.8227848101265822,0.92,0.05753310073456814
120,zodiac pillow,brand_entity_proxy,979,33,1.0,0.012077294685990338,0.30303030303030304,0.696969696969697,1.0,0.9280026349787953,0.024154589371980676,0.5151515151515151,0.48484848484848486,1.0,0.8264478111753518,0.05676328502415459,0.6363636363636364,0.36363636363636365,0.96,0.5514423915192157
121,upholstered bed,product_type,2977,726,0.6367870568425016,0.004315659679408138,0.006887052341597796,0.9931129476584022,0.9,0.6342363732195099,0.009247842170160296,0.013774104683195593,0.9862258953168044,0.9,0.6648986412923834,0.02342786683107275,0.0371900826446281,0.9628099173553719,0.88,0.3690963921185761
122,king size bed,attribute_constraint,448,375,0.7799082337019199,0.007142857142857143,0.008,0.992,0.4,0.8342866204274,0.011904761904761904,0.013333333333333334,0.9866666666666667,0.3,0.8587173535414165,0.030952380952380953,0.034666666666666665,0.9653333333333334,0.28,0.1128828306877604
123,entrance table,product_type,4329,187,0.21106643148289572,0.0021929824561403508,0.0,1.0,0.9,0.1945311441433373,0.003947368421052632,0.0,1.0,0.85,0.2127622105082588,0.011403508771929825,0.0053475935828877,0.9946524064171123,0.9,0.02817684552587997
124,unique coffee tables,product_type,1467,324,0.49565503909970815,0.00696594427244582,0.009259259259259259,0.9907407407407407,1.0,0.42427605372420607,0.010061919504643963,0.015432098765432098,0.9845679012345679,0.95,0.40352536057303073,0.02786377708978328,0.030864197530864196,0.9691358024691358,0.96,-0.03134035056008203
125,boho bed frame,product_type,283,1,0.6434152709899624,0.036,0.0,1.0,1.0,0.6890575076674675,0.052,0.0,1.0,0.75,0.7568896852791948,0.076,0.0,1.0,0.48,-0.07772910363086512
126,leather dining chairs,attribute_constraint,719,241,0.806493476686957,0.01327433628318584,0.024896265560165973,0.975103734439834,0.9,0.8063955195401076,0.017699115044247787,0.03734439834024896,0.9626556016597511,0.6,0.7456988114369031,0.04424778761061947,0.0912863070539419,0.9087136929460581,0.6,0.16923487964266656
127,wine bar,brand_entity_proxy,1580,159,0.7601933920987803,0.035842293906810034,0.0440251572327044,0.9559748427672956,1.0,0.7664066738859547,0.06810035842293907,0.0880503144654088,0.9119496855345912,1.0,0.6851117020850849,0.13978494623655913,0.1761006289308176,0.8238993710691824,0.96,0.5233204532026527
128,block coffee table,product_type,1455,113,0.3472490792745496,0.003663003663003663,0.008849557522123894,0.9911504424778761,0.5,0.3746041605025691,0.007326007326007326,0.008849557522123894,0.9911504424778761,0.6,0.35598576984904706,0.017582417582417582,0.035398230088495575,0.9646017699115044,0.56,0.0021620667231295764
129,wainscoting ideas,brand_entity_proxy,185,28,0.6319547605355733,0.042105263157894736,0.07142857142857142,0.9285714285714286,0.4,0.5931006776075499,0.05263157894736842,0.07142857142857142,0.9285714285714286,0.25,0.6000818931310947,0.10526315789473684,0.14285714285714285,0.8571428571428572,0.2,0.20553496347035252
130,entertainment console,brand_entity_proxy,875,187,0.5349358869959006,0.004608294930875576,0.0053475935828877,0.9946524064171123,0.4,0.532191140949871,0.008064516129032258,0.016042780748663103,0.983957219251337,0.35,0.5424544518349985,0.024193548387096774,0.03208556149732621,0.9679144385026738,0.42,0.35266885117239083
131,kids chair,product_type,3479,173,0.8796171333733009,0.004424778761061947,0.04046242774566474,0.9595375722543352,0.8,0.9223088285651203,0.008849557522123894,0.08670520231213873,0.9132947976878613,0.85,0.8186149693553557,0.01991150442477876,0.17341040462427745,0.8265895953757225,0.84,0.21910866341023041
132,farmhouse cabinet,style,1260,42,0.44804405445733747,0.005076142131979695,0.047619047619047616,0.9523809523809523,0.4,0.3986926870547479,0.01353637901861252,0.07142857142857142,0.9285714285714286,0.5,0.3321853063013953,0.018612521150592216,0.09523809523809523,0.9047619047619048,0.3,0.20769049812803977
133,outdoor light fixtures,product_type,227,170,0.9363792118010482,0.045,0.052941176470588235,0.9470588235294117,1.0,0.8994181508253264,0.085,0.09411764705882353,0.9058823529411765,0.95,0.860235263180211,0.16,0.17647058823529413,0.8235294117647058,0.72,0.10507455435024857
134,black hanging bookshelf,attribute_constraint,150,3,0.5159958223394444,0.0,0.0,1.0,0.0,0.6229152997582164,0.00819672131147541,0.0,1.0,0.05,0.7179657952311741,0.03278688524590164,0.0,1.0,0.08,0.4604043416558285
135,low profile loveseat recliner,product_type,552,10,0.3023832700332744,0.02027027027027027,0.0,1.0,0.4,0.4401223175288318,0.04054054054054054,0.0,1.0,0.35,0.5461285721241279,0.07432432432432433,0.1,0.9,0.24,0.5871638094464594
136,black fluffy stool,attribute_constraint,166,0,0.77990823370192,0.006060606060606061,,,0.2,0.8579599603663427,0.01818181818181818,,,0.2,0.9224669929889917,0.03636363636363636,,,0.14,-0.13403011548263108
137,orren ellis l shaped desk,multi_constraint,233,80,0.5854153786843236,0.014778325123152709,0.0125,0.9875,0.3,0.6476259563873402,0.024630541871921183,0.025,0.975,0.25,0.6098913036360091,0.059113300492610835,0.0875,0.9125,0.28,0.20173495952547366
138,glass doors for bath,product_type,172,142,1.0,0.06535947712418301,0.07042253521126761,0.9295774647887324,1.0,1.0,0.13071895424836602,0.14084507042253522,0.8591549295774648,1.0,1.0,0.30718954248366015,0.33098591549295775,0.6690140845070423,0.94,0.5984397705154645
139,auburn throw pillows,product_type,339,0,0.8364586133797037,0.0321285140562249,,,1.0,0.894455728953397,0.05622489959839357,,,0.8,0.8359635464745393,0.14859437751004015,,,0.88,0.024300873465530864
140,wire basket with dividers,product_type,131,3,0.5159958223394444,0.08,0.0,1.0,1.0,0.6229152997582164,0.152,0.0,1.0,0.95,0.741022551498667,0.352,0.0,1.0,0.9,0.18729649715512806
141,podium with locking cabinet,product_type,161,3,0.11592536346048775,0.027777777777777776,0.0,1.0,0.8,0.11046075933718161,0.08333333333333333,0.0,1.0,0.65,0.2580253982438206,0.1111111111111111,0.0,1.0,0.46,0.2143878862242377
142,kitchen wooden stand,attribute_constraint,203,5,0.5167766096902352,0.02666666666666667,0.0,1.0,0.2,0.5337387927580366,0.02666666666666667,0.0,1.0,0.1,0.594463009404541,0.02666666666666667,0.0,1.0,0.06,0.45287783875805826
143,queen wingback chair,attribute_constraint,244,3,0.40242939039832576,0.037914691943127965,0.0,1.0,0.9,0.464397142976298,0.061611374407582936,0.0,1.0,0.85,0.5815215786630165,0.14691943127962084,0.0,1.0,0.76,-0.11519057366067366
144,rug plum,product_type,1423,116,1.0,0.007558578987150416,0.08620689655172414,0.9137931034482758,1.0,1.0,0.015117157974300832,0.1724137931034483,0.8275862068965517,1.0,0.9149927704022336,0.03779289493575208,0.35344827586206895,0.646551724137931,1.0,0.18274720305324788
145,liberty hardware francisco,product_type,143,32,0.5960101309206757,0.06923076923076923,0.15625,0.84375,0.9,0.6131430094053222,0.13076923076923078,0.28125,0.71875,0.85,0.6613373888189836,0.2153846153846154,0.375,0.625,0.6,0.2556291556741915
146,laundry vanity cabinet,product_type,111,4,0.5389830261406382,0.045454545454545456,0.0,1.0,0.5,0.6336126184015103,0.09090909090909091,0.25,0.75,0.5,0.7769075206593293,0.12727272727272726,0.25,0.75,0.28,0.1235262811325989
147,drum picture,brand_entity_proxy,425,12,0.3532813900927127,0.02702702702702703,0.08333333333333333,0.9166666666666666,0.4,0.36514745744918153,0.05405405405405406,0.16666666666666666,0.8333333333333334,0.45,0.39191170645416223,0.10810810810810811,0.25,0.75,0.4,0.18460679691362966
148,industrial,style,249,194,1.0,0.01015228426395939,0.010309278350515464,0.9896907216494846,0.2,1.0,0.02030456852791878,0.020618556701030927,0.979381443298969,0.2,0.9745144311672718,0.08121827411167512,0.08247422680412371,0.9175257731958762,0.32,0.31509538681580845
149,mid century modern,style,173,155,0.8532721558012799,0.005917159763313609,0.0,1.0,0.1,0.9053066402442285,0.011834319526627219,0.0064516129032258064,0.9935483870967742,0.1,0.9177550339004779,0.023668639053254437,0.01935483870967742,0.9806451612903225,0.08,0.19819205933246528
150,dumbbells,brand_entity_proxy,54,21,0.9363792118010482,0.42857142857142855,0.42857142857142855,0.5714285714285714,1.0,0.7864058194387036,0.5714285714285714,0.5714285714285714,0.4285714285714286,0.75,0.934947755298216,0.6666666666666666,0.6666666666666666,0.33333333333333337,0.34,0.5910394493020179
151,leather chair,attribute_constraint,3042,630,0.44281305753755196,0.002831858407079646,0.0031746031746031746,0.9968253968253968,0.8,0.5237631858443438,0.006371681415929204,0.009523809523809525,0.9904761904761905,0.9,0.6324199241715058,0.016283185840707964,0.03968253968253968,0.9603174603174603,0.92,0.3624639376287411
152,wishbone chair,product_type,3286,46,0.38224261473290666,0.0025188916876574307,0.021739130434782608,0.9782608695652174,0.8,0.36489778658525723,0.005037783375314861,0.021739130434782608,0.9782608695652174,0.8,0.37456812318853333,0.012909319899244332,0.043478260869565216,0.9565217391304348,0.82,0.1806783754984214
153,bohemian,style,178,145,1.0,0.0392156862745098,0.041379310344827586,0.9586206896551724,0.6,0.942324983289594,0.06535947712418301,0.06896551724137931,0.9310344827586207,0.5,0.8900810101818752,0.09803921568627451,0.09655172413793103,0.903448275862069,0.3,0.038656915908929466
155,floating bed,product_type,2376,8,0.2846120756629077,0.004241281809613572,0.0,1.0,1.0,0.40410708539989354,0.00706880301602262,0.0,1.0,0.8,0.5240785167297068,0.018378887841658812,0.0,1.0,0.88,0.21572015987510376
156,papasan chair frame only,product_type,150,19,0.589088768612251,0.037037037037037035,0.05263157894736842,0.9473684210526316,0.4,0.5583375267168097,0.08333333333333333,0.15789473684210525,0.8421052631578947,0.45,0.7316889355046794,0.12962962962962962,0.21052631578947367,0.7894736842105263,0.28,0.3591001605853456
157,velvet chaise,brand_entity_proxy,1085,51,0.4950359229673992,0.014705882352941176,0.0392156862745098,0.9607843137254902,1.0,0.4127290307542604,0.01838235294117647,0.0392156862745098,0.9607843137254902,0.75,0.3296795993419778,0.04411764705882353,0.09803921568627451,0.9019607843137255,0.72,0.153021096180697
158,led nightstand,brand_entity_proxy,834,44,0.8354476510703749,0.011826544021024968,0.1590909090909091,0.8409090909090909,1.0,0.8033882722481539,0.023653088042049936,0.29545454545454547,0.7045454545454546,0.95,0.6893221012014629,0.05913272010512484,0.4318181818181818,0.5681818181818181,0.92,0.1640741330150175
159,meditation,brand_entity_proxy,122,93,1.0,0.09375,0.0967741935483871,0.9032258064516129,0.9,0.9676617088516802,0.1875,0.1935483870967742,0.8064516129032258,0.9,0.9241377101773507,0.3854166666666667,0.3978494623655914,0.6021505376344086,0.8,0.3553108530122516
160,marble,brand_entity_proxy,242,226,1.0,0.008733624454148471,0.008849557522123894,0.9911504424778761,0.2,1.0,0.034934497816593885,0.035398230088495575,0.9646017699115044,0.4,1.0,0.1091703056768559,0.11061946902654868,0.8893805309734513,0.5,0.345606279428124
161,accent chair recliner,product_type,205,38,0.5652745409093872,0.004975124378109453,0.0,1.0,0.1,0.5057292636359436,0.009950248756218905,0.02631578947368421,0.9736842105263158,0.1,0.5466507404504306,0.01990049751243781,0.02631578947368421,0.9736842105263158,0.08,0.11649419631700869
162,turquoise chair,product_type,3354,23,0.23682567058838086,0.0018975332068311196,0.0,1.0,0.7,0.29664019769847894,0.004111321948134092,0.043478260869565216,0.9565217391304348,0.75,0.42077223250113593,0.01170145477545857,0.043478260869565216,0.9565217391304348,0.8,0.16407740742370772
163,dual monitor stand,product_type,94,47,0.9575861412006988,0.0967741935483871,0.19148936170212766,0.8085106382978724,0.9,0.9483899550830481,0.20430107526881722,0.3617021276595745,0.6382978723404256,0.95,0.8613977406322905,0.4946236559139785,0.6808510638297872,0.3191489361702128,0.92,0.5101487248114018
164,modern outdoor furniture,style,195,128,0.7162016780927033,0.0,0.0,1.0,0.0,0.698769585822591,0.0,0.0,1.0,0.0,0.6643711505701508,0.005555555555555556,0.0078125,0.9921875,0.02,-0.05186870975968735
165,kitchen storage shelves,product_type,193,69,0.9575861412006988,0.031413612565445025,0.08695652173913043,0.9130434782608696,0.6,0.8790968727566743,0.04712041884816754,0.13043478260869565,0.8695652173913043,0.45,0.7910586362259104,0.08900523560209424,0.18840579710144928,0.8115942028985508,0.34,0.3848279959366273
166,feather wall art,product_type,111,26,0.9575861412006988,0.045871559633027525,0.19230769230769232,0.8076923076923077,0.5,0.830786848312289,0.09174311926605505,0.34615384615384615,0.6538461538461539,0.5,0.8846938864073468,0.11009174311926606,0.38461538461538464,0.6153846153846154,0.24,0.47797374644716967
167,camper,brand_entity_proxy,136,87,1.0,0.08045977011494253,0.08045977011494253,0.9195402298850575,0.7,0.967135029432423,0.10344827586206896,0.10344827586206896,0.896551724137931,0.45,0.9390717932969397,0.16091954022988506,0.16091954022988506,0.8390804597701149,0.28,0.5463725876924631
168,printers,brand_entity_proxy,68,0,0.7948833326720566,0.14583333333333334,,,0.8,0.8676244002816249,0.3125,,,0.85,0.8967021782298646,0.5833333333333334,,,0.6,0.5952530513247283
169,coffee bar buffet,product_type,126,27,0.34556065368322664,0.008,0.0,1.0,0.1,0.38584307519535405,0.016,0.0,1.0,0.1,0.5450181236071338,0.016,0.0,1.0,0.06,-0.048067777724346165
170,zen,brand_entity_proxy,127,99,0.7799082337019199,0.07,0.0707070707070707,0.9292929292929293,0.8,0.754103208737108,0.12,0.12121212121212122,0.8787878787878788,0.65,0.8264930008360089,0.24,0.24242424242424243,0.7575757575757576,0.56,0.1504512877363448
171,nectar queen mattress,attribute_constraint,99,0,1.0,0.04040404040404041,,,0.4,1.0,0.06060606060606061,,,0.3,1.0,0.12121212121212122,,,0.24,
172,picasso,brand_entity_proxy,59,42,1.0,0.23809523809523808,0.23809523809523808,0.7619047619047619,1.0,1.0,0.47619047619047616,0.47619047619047616,0.5238095238095238,1.0,0.9482114461467591,0.7380952380952381,0.7380952380952381,0.26190476190476186,0.62,0.6175302194318294
173,bedroom accessories,brand_entity_proxy,316,4,0.4700182601018591,0.029411764705882353,0.0,1.0,0.6,0.5788037469624102,0.058823529411764705,0.0,1.0,0.6,0.7157078870808333,0.10784313725490197,0.0,1.0,0.44,0.4319853691479862
174,star wars rug,product_type,90,0,0.0,0.0,,,0.4,0.0,0.0,,,0.5,0.10774017560918256,0.0,,,0.38,-0.13334395518875006
175,basket planter,brand_entity_proxy,564,70,0.955830517697074,0.0297029702970297,0.11428571428571428,0.8857142857142857,0.9,0.8120277887977536,0.0594059405940594,0.18571428571428572,0.8142857142857143,0.9,0.687363570214882,0.132013201320132,0.35714285714285715,0.6428571428571428,0.92,0.29592074091655235
176,mexican art,brand_entity_proxy,397,23,0.6996229492941352,0.01272264631043257,0.13043478260869565,0.8695652173913043,0.5,0.6188473844288989,0.022900763358778626,0.21739130434782608,0.782608695652174,0.45,0.7365724383563256,0.04834605597964377,0.34782608695652173,0.6521739130434783,0.38,0.24984183531571413
177,rustic storage cabinet,style,378,16,0.5481814994146365,0.002652519893899204,0.0,1.0,0.1,0.5997622311880503,0.007957559681697613,0.125,0.875,0.15,0.707898659604454,0.026525198938992044,0.1875,0.8125,0.2,0.16231752743831107
178,almost heaven sauna,product_type,74,24,0.6847114710111615,0.18867924528301888,0.25,0.75,1.0,0.7028452722553344,0.37735849056603776,0.5,0.5,1.0,0.8801507298759457,0.5849056603773585,0.875,0.125,0.62,0.7715417533638568
179,promo codes or discounts,product_type,1,0,1.0,0.0,,,0.0,1.0,0.0,,,0.0,1.0,0.0,,,0.0,
180,outdoor lounge cushions,product_type,403,72,0.6252045707171097,0.01990049751243781,0.06944444444444445,0.9305555555555556,0.8,0.6878547011962294,0.03482587064676617,0.1111111111111111,0.8888888888888888,0.7,0.6892705629126497,0.07462686567164178,0.25,0.75,0.6,0.4140540638943392
181,e12/candelabra,attribute_constraint,122,104,1.0,0.01639344262295082,0.019230769230769232,0.9807692307692307,0.2,0.9757624746743075,0.01639344262295082,0.019230769230769232,0.9807692307692307,0.1,0.9562924567951804,0.040983606557377046,0.04807692307692308,0.9519230769230769,0.1,0.17916579748183228
182,penny round tile,attribute_constraint,98,58,0.9477344873475497,0.09183673469387756,0.13793103448275862,0.8620689655172413,0.9,0.9156179746540191,0.1836734693877551,0.25862068965517243,0.7413793103448276,0.9,0.8271112856963503,0.3163265306122449,0.4482758620689655,0.5517241379310345,0.62,0.3221867577101307
183,farmhouse bread box,style,78,6,0.7329479320933886,0.13513513513513514,0.5,0.5,1.0,0.8169339948922965,0.25675675675675674,0.6666666666666666,0.33333333333333337,0.95,0.9126232034203283,0.5540540540540541,0.8333333333333334,0.16666666666666663,0.82,0.4248512659980163
184,sugar canister,brand_entity_proxy,185,59,0.6719958531284241,0.043478260869565216,0.0847457627118644,0.9152542372881356,0.8,0.6233602545030766,0.08695652173913043,0.13559322033898305,0.864406779661017,0.8,0.6313378405500936,0.22826086956521738,0.3389830508474576,0.6610169491525424,0.84,0.23939443529031926
185,lunch bag,brand_entity_proxy,124,34,1.0,0.21739130434782608,0.29411764705882354,0.7058823529411764,1.0,1.0,0.43478260869565216,0.5882352941176471,0.4117647058823529,1.0,0.9560377458451653,0.8043478260869565,0.9705882352941176,0.02941176470588236,0.82,0.7549712758887954
186,board game storage cabinet,product_type,385,4,0.5734654091600279,0.0,0.0,1.0,0.0,0.6610170541210604,0.002617801047120419,0.0,1.0,0.05,0.7925028284694617,0.020942408376963352,0.25,0.75,0.16,0.13609028650398045
188,"bedroom wall decor floral, multicolored with some teal (prints)",long_descriptive,277,8,0.5212609959884229,0.011235955056179775,0.125,0.875,0.2,0.601227291196507,0.011235955056179775,0.125,0.875,0.1,0.734466924360744,0.028089887640449437,0.25,0.75,0.1,0.37068271786281903
189,big basket for dirty cloths,multi_constraint,73,31,0.5837799102804883,0.013888888888888888,0.0,1.0,0.1,0.5943714872343251,0.027777777777777776,0.03225806451612903,0.967741935483871,0.1,0.7553893085386056,0.09722222222222222,0.0967741935483871,0.9032258064516129,0.14,0.07103068143287324
190,benjiamino faux leather power lift chair,multi_constraint,792,5,0.43518692560571737,0.007032348804500703,0.0,1.0,0.5,0.5859654740733974,0.011251758087201125,0.0,1.0,0.4,0.6836606604519593,0.01828410689170183,0.2,0.8,0.26,0.12763769094342153
191,biycicle plant stands,product_type,217,0,1.0,0.04608294930875576,,,1.0,1.0,0.09216589861751152,,,1.0,1.0,0.2304147465437788,,,1.0,
193,belchertown table lamp,product_type,278,0,1.0,0.02158273381294964,,,0.6,1.0,0.050359712230215826,,,0.7,1.0,0.09712230215827339,,,0.54,
194,black frame 22 x 36,multi_constraint,293,0,1.0,0.06741573033707865,,,0.6,0.9252590738460782,0.11235955056179775,,,0.5,0.8992904047135624,0.16853932584269662,,,0.34,0.6400018126741737
195,black freestanding tub  with faucet,multi_constraint,110,3,0.5159958223394444,0.09803921568627451,0.0,1.0,1.0,0.6229152997582164,0.16666666666666666,0.0,1.0,0.85,0.8146711839261133,0.3333333333333333,1.0,0.0,0.68,0.2025735991474702
196,chabely 5 draw chest,attribute_constraint,165,0,1.0,0.0,,,0.0,1.0,0.0,,,0.0,1.0,0.025,,,0.08,0.1722097143557346
197,desk for kids tjat ate 10 year old,long_descriptive,41,23,0.8842222191013388,0.07317073170731707,0.08695652173913043,0.9130434782608696,0.3,0.8773699352662194,0.21951219512195122,0.34782608695652173,0.6521739130434783,0.45,0.962697523709922,0.43902439024390244,0.6086956521739131,0.3913043478260869,0.36,0.5150596124885344
198,cake plates with tops,product_type,82,10,0.32888778494820764,0.125,0.2,0.8,0.8,0.3916721682085058,0.20833333333333334,0.3,0.7,0.7,0.6023838522837772,0.375,0.4,0.6,0.58,0.22425968698781767
199,blue faux throw with pillows,multi_constraint,384,0,1.0,0.02680965147453083,,,1.0,1.0,0.04825737265415549,,,0.9,1.0,0.11528150134048257,,,0.86,0.019364790860305573
200,ceramic tile sea shell,product_type,247,3,0.9376014767060817,0.03278688524590164,1.0,0.0,0.8,0.9513856914096326,0.05737704918032787,1.0,0.0,0.7,0.9679802919419982,0.13934426229508196,1.0,0.0,0.68,0.1941781397884516
201,delta trinsic double towel hook in champagne bronze,long_descriptive,124,0,1.0,0.05102040816326531,,,0.5,0.9626932496335552,0.10204081632653061,,,0.5,0.9796359917585232,0.19387755102040816,,,0.4,0.5767014826311101
202,full mattress padded liner,product_type,83,45,0.8943286401726792,0.060240963855421686,0.08888888888888889,0.9111111111111111,0.5,0.8859277247301849,0.07228915662650602,0.1111111111111111,0.8888888888888888,0.3,0.8558160752299085,0.13253012048192772,0.2,0.8,0.22,0.3603414441252912
203,ge top loading washer 4.5,multi_constraint,87,5,0.43518692560571737,0.12048192771084337,0.0,1.0,1.0,0.5441885155473163,0.24096385542168675,0.0,1.0,1.0,0.7478863456915757,0.5903614457831325,0.4,0.6,0.98,0.2206194270541572
204,fleur de lis living candle wall sconce bronze,long_descriptive,191,7,0.44987000995377063,0.05747126436781609,0.14285714285714285,0.8571428571428572,1.0,0.580736138322834,0.11494252873563218,0.2857142857142857,0.7142857142857143,1.0,0.7581752575793762,0.23563218390804597,0.42857142857142855,0.5714285714285714,0.82,0.31183267333848164
205,ines shag rug w003096809,attribute_constraint,93,12,0.3333333333333333,0.043010752688172046,0.0,1.0,0.4,0.40870607579224955,0.08602150537634409,0.0,1.0,0.4,0.5771824084994887,0.22580645161290322,0.0,1.0,0.42,-0.2222350700366591
206,grill cover 73,attribute_constraint,67,2,0.6924564282078567,0.1694915254237288,0.5,0.5,1.0,0.7669892650484594,0.3389830508474576,0.5,0.5,1.0,0.8792037127352409,0.847457627118644,1.0,0.0,1.0,0.501200250225052
207,dull bed with shirt head board,multi_constraint,34,0,1.0,0.0,,,0.0,1.0,0.0,,,0.0,1.0,0.0,,,0.0,
208,"fawkes 36"" blue vanity",attribute_constraint,118,0,1.0,0.025423728813559324,,,0.3,1.0,0.0423728813559322,,,0.25,1.0,0.059322033898305086,,,0.14,
209,door pulls bronze matte 4 inch,multi_constraint,198,0,1.0,0.03968253968253968,,,0.5,0.9626932496335552,0.07142857142857142,,,0.45,0.9636760678541746,0.1349206349206349,,,0.36,0.7165646859600487
210,love seat wide faux leather tuxedo arm sofa,long_descriptive,1045,9,0.3480974911723065,0.0038461538461538464,0.0,1.0,0.4,0.4527720005104149,0.009615384615384616,0.0,1.0,0.5,0.6764716775935095,0.021153846153846155,0.1111111111111111,0.8888888888888888,0.44,0.10532672560910346
211,memory foam rug galveston,product_type,332,0,1.0,0.07563025210084033,,,0.9,1.0,0.13445378151260504,,,0.8,1.0,0.25210084033613445,,,0.6,0.5949185141005127
212,nettie 5 pc bar set,multi_constraint,358,2,0.5031202736849779,0.030927835051546393,0.0,1.0,0.6,0.6289508071176229,0.041237113402061855,0.0,1.0,0.5,0.5780542347474786,0.06701030927835051,1.0,0.0,0.38,0.1646386885954677
213,kraus kitchen sink faucet oletto kpf 2820 sfs,long_descriptive,271,1,0.6352363165194673,0.02877697841726619,0.0,1.0,0.5,0.571312198051598,0.06474820143884892,0.0,1.0,0.55,0.6210336541632515,0.10071942446043165,0.0,1.0,0.44,0.07040820158488686
214,light wood nightstand with silver accents,multi_constraint,225,0,1.0,0.029850746268656716,,,0.4,1.0,0.06716417910447761,,,0.45,0.9860416298881254,0.17164179104477612,,,0.46,0.6767668396922754
215,king adjustable bed including mattress,multi_constraint,250,30,0.37962081462451813,0.024691358024691357,0.0,1.0,0.6,0.43604983478150133,0.0411522633744856,0.03333333333333333,0.9666666666666667,0.5,0.509414409659985,0.07818930041152264,0.1,0.9,0.38,-0.06840938832017404
216,music plug wall plate,product_type,189,8,0.3649302102017378,0.054945054945054944,0.0,1.0,1.0,0.4552598912034913,0.09340659340659341,0.0,1.0,0.9,0.6260332010457745,0.22527472527472528,0.0,1.0,0.84,0.040771927316580865
218,wand bunk beds,product_type,65,0,1.0,0.015384615384615385,,,0.1,1.0,0.046153846153846156,,,0.15,1.0,0.2153846153846154,,,0.28,
219,trinaic towel rod,product_type,38,0,1.0,0.07894736842105263,,,0.3,1.0,0.21052631578947367,,,0.4,1.0,0.39473684210526316,,,0.3,
220,sheets for twinxl,product_type,127,52,0.8527809579781418,0.10309278350515463,0.1346153846153846,0.8653846153846154,1.0,0.772763807875325,0.17525773195876287,0.21153846153846154,0.7884615384615384,0.9,0.7454938420413025,0.27835051546391754,0.34615384615384615,0.6538461538461539,0.56,0.6100621894218119
221,small space dining table and chairs sets,multi_constraint,1719,73,0.3861821099549281,0.004432624113475178,0.0136986301369863,0.9863013698630136,0.6,0.4071217034760756,0.0070921985815602835,0.0273972602739726,0.9726027397260274,0.55,0.34282784173246705,0.016843971631205674,0.0547945205479452,0.9452054794520548,0.48,0.29125957589847523
222,small loving roomtables,attribute_constraint,77,31,0.7819835854675755,0.0,0.0,1.0,0.0,0.7666211020083554,0.0,0.0,1.0,0.0,0.8179260810701893,0.0,0.0,1.0,0.0,0.5051304222207285
223,wisdom stone river 3-3/4,multi_constraint,207,1,0.0,0.0,0.0,1.0,0.0,0.07191164338269229,0.0,0.0,1.0,0.0,0.24643372031858013,0.0,0.0,1.0,0.06,0.16993515571941412
224,twin over full bunk beds cool desins,multi_constraint,73,22,0.5187987797453005,0.0821917808219178,0.09090909090909091,0.9090909090909091,0.6,0.526386894915389,0.136986301369863,0.13636363636363635,0.8636363636363636,0.5,0.7168208777951928,0.2328767123287671,0.2727272727272727,0.7272727272727273,0.34,-0.0850086925832477
225,white splashproof shiplap wallpaper,attribute_constraint,45,2,0.6924564282078567,0.06060606060606061,0.0,1.0,0.2,0.7978638016645014,0.12121212121212122,0.5,0.5,0.2,0.8437586517362502,0.21212121212121213,0.5,0.5,0.14,0.41598223605226614
226,power lift chair,product_type,316,197,0.6743021319895849,0.006369426751592357,0.005076142131979695,0.9949238578680203,0.2,0.7206665546758976,0.01592356687898089,0.01015228426395939,0.9898477157360406,0.25,0.7066582143169227,0.028662420382165606,0.030456852791878174,0.9695431472081218,0.18,-0.02965215998530146
227,owl,brand_entity_proxy,203,176,1.0,0.056818181818181816,0.056818181818181816,0.9431818181818182,1.0,1.0,0.11363636363636363,0.11363636363636363,0.8863636363636364,1.0,1.0,0.2840909090909091,0.2840909090909091,0.7159090909090908,1.0,0.4634122213034431
228,bee,brand_entity_proxy,244,178,1.0,0.055248618784530384,0.056179775280898875,0.9438202247191011,1.0,1.0,0.09944751381215469,0.10112359550561797,0.898876404494382,0.9,1.0,0.2430939226519337,0.24719101123595505,0.752808988764045,0.88,0.6500617105978753
229,waterfall faucet,brand_entity_proxy,556,133,1.0,0.019417475728155338,0.07518796992481203,0.924812030075188,1.0,1.0,0.03495145631067961,0.13533834586466165,0.8646616541353384,0.9,0.8993037135659832,0.0854368932038835,0.2781954887218045,0.7218045112781954,0.92,0.49136698341230456
230,gold,attribute_constraint,274,228,1.0,0.021645021645021644,0.021929824561403508,0.9780701754385965,0.5,1.0,0.03463203463203463,0.03508771929824561,0.9649122807017544,0.4,0.9847599855899974,0.06926406926406926,0.07017543859649122,0.9298245614035088,0.32,0.10829989548540227
231,anti fatigue mat,product_type,359,307,1.0,0.027855153203342618,0.03257328990228013,0.9674267100977199,1.0,1.0,0.055710306406685235,0.06514657980456026,0.9348534201954397,1.0,1.0,0.13370473537604458,0.1563517915309446,0.8436482084690554,0.96,0.3535201562824533
232,storage dresser,product_type,2329,423,0.6283577909046217,0.012195121951219513,0.014184397163120567,0.9858156028368794,0.9,0.6383137364490495,0.020905923344947737,0.02364066193853428,0.9763593380614657,0.75,0.7394336085573431,0.05226480836236934,0.06382978723404255,0.9361702127659575,0.72,0.47678973836547744
233,kelly clarkson light fixtures,product_type,156,81,0.7162247929657479,0.0,0.0,1.0,0.0,0.6503869084728554,0.0,0.0,1.0,0.0,0.6050088856394781,0.033112582781456956,0.024691358024691357,0.9753086419753086,0.1,-0.1451700312170001
234,artificial orchid arrangement,product_type,144,107,0.9368077570869662,0.06944444444444445,0.08411214953271028,0.9158878504672897,1.0,0.9369261288248365,0.1388888888888889,0.16822429906542055,0.8317757009345794,1.0,0.9255761531424396,0.3402777777777778,0.40186915887850466,0.5981308411214954,0.98,0.39973289551814123
235,bathroom wastebasket,brand_entity_proxy,1368,133,1.0,0.06535947712418301,0.07518796992481203,0.924812030075188,1.0,0.9521185802999358,0.12418300653594772,0.12781954887218044,0.8721804511278195,0.95,0.9531837086676235,0.3137254901960784,0.3308270676691729,0.6691729323308271,0.96,0.517026665745464
236,3 piece rug set with runners,multi_constraint,2202,29,0.470077778218629,0.03932584269662921,0.034482758620689655,0.9655172413793104,0.7,0.4358790151866142,0.06179775280898876,0.10344827586206896,0.896551724137931,0.55,0.588377075994405,0.08426966292134831,0.10344827586206896,0.896551724137931,0.32,0.4060448319260044
237,cloud modular sectional,product_type,205,4,0.42999944008829655,0.020833333333333332,0.0,1.0,0.5,0.5469992982960508,0.036458333333333336,0.0,1.0,0.4,0.6838835178190902,0.0625,0.0,1.0,0.26,0.008637739251703937
238,outdoor seat/back cushion,product_type,318,54,0.7559835875381318,0.025236593059936908,0.09259259259259259,0.9074074074074074,0.8,0.6297713471543478,0.0473186119873817,0.12962962962962962,0.8703703703703703,0.75,0.6354815517422601,0.0914826498422713,0.18518518518518517,0.8148148148148149,0.58,0.42943592741484665
239,bathroom single faucet,product_type,573,146,0.9074250374176304,0.022222222222222223,0.03424657534246575,0.9657534246575342,0.6,0.8941076361603605,0.040740740740740744,0.0684931506849315,0.9315068493150684,0.55,0.8187394144042982,0.11851851851851852,0.17123287671232876,0.8287671232876712,0.66,0.6354104458850001
240,eiffel tower wall art,product_type,68,33,1.0,0.09375,0.18181818181818182,0.8181818181818181,0.6,0.8374920161658119,0.09375,0.18181818181818182,0.8181818181818181,0.3,0.9010472322311741,0.125,0.24242424242424243,0.7575757575757576,0.16,0.339727156110899
241,decorative wall clocks,product_type,243,148,0.7520973617492562,0.042328042328042326,0.033783783783783786,0.9662162162162162,0.8,0.8163383917369504,0.06878306878306878,0.06756756756756757,0.9324324324324325,0.65,0.8467040323461331,0.164021164021164,0.17567567567567569,0.8243243243243243,0.62,0.6409405248202393
242,accent leather chair,attribute_constraint,283,175,0.8400527367984127,0.010676156583629894,0.011428571428571429,0.9885714285714285,0.3,0.8008914881201081,0.014234875444839857,0.017142857142857144,0.9828571428571429,0.2,0.7593791734661648,0.03558718861209965,0.04,0.96,0.2,-0.026036278743268526
243,indoor multi tiered plant stand,multi_constraint,209,135,0.9537125187088151,0.041237113402061855,0.05185185185185185,0.9481481481481482,0.8,0.9701275709322188,0.08762886597938144,0.11851851851851852,0.8814814814814815,0.85,0.863885740489866,0.21649484536082475,0.24444444444444444,0.7555555555555555,0.84,0.2214465002847473
244,pull out sleeper loveseat,product_type,143,9,0.4690033563652694,0.013986013986013986,0.0,1.0,0.2,0.62020306521163,0.027972027972027972,0.1111111111111111,0.8888888888888888,0.2,0.757709798036496,0.04895104895104895,0.1111111111111111,0.8888888888888888,0.14,0.11998307767434191
245,anchor decor,brand_entity_proxy,485,57,0.9537125187088151,0.058823529411764705,0.15789473684210525,0.8421052631578947,1.0,0.9701275709322188,0.11176470588235295,0.3157894736842105,0.6842105263157895,0.95,0.8362308342669983,0.21176470588235294,0.5263157894736842,0.4736842105263158,0.74,0.6960196235209997
246,clear shower curtain,attribute_constraint,252,12,0.6847376644270303,0.048,0.3333333333333333,0.6666666666666667,0.6,0.7181472222350332,0.096,0.4166666666666667,0.5833333333333333,0.65,0.8067506642013409,0.248,0.5,0.5,0.66,0.6785478386081587
247,beaded curtains,brand_entity_proxy,961,40,1.0,0.014771048744460856,0.25,0.75,1.0,1.0,0.029542097488921712,0.5,0.5,1.0,0.8602029899333714,0.0723781388478582,0.7,0.30000000000000004,0.98,0.594015164340866
248,surge protector,brand_entity_proxy,104,39,1.0,0.22727272727272727,0.2564102564102564,0.7435897435897436,1.0,1.0,0.45454545454545453,0.5128205128205128,0.4871794871794872,1.0,0.9906398861407522,0.8181818181818182,0.8974358974358975,0.10256410256410253,0.74,0.830841799578264
249,bistro table and chairs,product_type,197,124,0.9074250374176304,0.04145077720207254,0.056451612903225805,0.9435483870967742,0.8,0.917088360065192,0.07253886010362694,0.10483870967741936,0.8951612903225806,0.7,0.8962895429885731,0.12435233160621761,0.1774193548387097,0.8225806451612903,0.48,0.3461649362704308
250,multi color rug,product_type,131,96,0.9477344873475497,0.02564102564102564,0.03125,0.96875,0.3,0.899252241195654,0.03418803418803419,0.041666666666666664,0.9583333333333334,0.2,0.8939528547947655,0.05128205128205128,0.052083333333333336,0.9479166666666666,0.12,0.37653641755448053
251,coffee container,brand_entity_proxy,1483,90,1.0,0.0661764705882353,0.1,0.9,0.9,0.9501727158973856,0.11764705882352941,0.15555555555555556,0.8444444444444444,0.8,0.8718199149511671,0.2867647058823529,0.3888888888888889,0.6111111111111112,0.82,0.3456402401255501
252,accent chairs living room,product_type,443,100,0.7305730125941942,0.00558659217877095,0.02,0.98,0.2,0.5896988518409931,0.019553072625698324,0.05,0.95,0.35,0.5276664665980446,0.025139664804469275,0.05,0.95,0.18,0.31844425937153936
253,antique brass faucet,product_type,117,5,0.4990409650233131,0.008620689655172414,0.0,1.0,0.1,0.5957195544249976,0.017241379310344827,0.0,1.0,0.1,0.7424621748574595,0.06896551724137931,0.2,0.8,0.16,0.10008171161306069
254,comfortable accent chair,product_type,201,131,0.718283334419609,0.015151515151515152,0.007633587786259542,0.9923664122137404,0.3,0.6978454509817137,0.020202020202020204,0.015267175572519083,0.9847328244274809,0.2,0.6907347709015097,0.020202020202020204,0.015267175572519083,0.9847328244274809,0.08,-0.0712177790147371
255,desk and chair set,product_type,217,107,0.9477344873475497,0.029556650246305417,0.04672897196261682,0.9532710280373832,0.6,0.9662695446835886,0.054187192118226604,0.09345794392523364,0.9065420560747663,0.55,0.9402019977550394,0.09359605911330049,0.16822429906542055,0.8317757009345794,0.38,0.6194246497191122
256,high weight capacity bunk beds,multi_constraint,138,68,0.9008240627729516,0.047244094488188976,0.07352941176470588,0.9264705882352942,0.6,0.8524785477636035,0.08661417322834646,0.11764705882352941,0.8823529411764706,0.55,0.7989158941803245,0.1889763779527559,0.27941176470588236,0.7205882352941176,0.5,0.3801201349135312
257,living room coffee table sets,multi_constraint,1834,132,0.4484650560755365,0.002982848620432513,0.007575757575757576,0.9924242424242424,0.5,0.454065615639604,0.007457121551081283,0.007575757575757576,0.9924242424242424,0.55,0.3946792982889242,0.020879940343027592,0.022727272727272728,0.9772727272727273,0.58,0.4267969582050475
258,breakfast bar table,product_type,126,58,0.44643653810140266,0.04,0.017241379310344827,0.9827586206896551,0.6,0.4985048228976614,0.064,0.034482758620689655,0.9655172413793104,0.45,0.5539582766948964,0.112,0.06896551724137931,0.9310344827586207,0.3,-0.21306635541449995
259,nursery end table,product_type,634,0,1.0,0.00631911532385466,,,0.4,1.0,0.01263823064770932,,,0.4,1.0,0.02843601895734597,,,0.36,-0.038547694439388956
260,retractable side awning,product_type,68,26,1.0,0.20833333333333334,0.38461538461538464,0.6153846153846154,1.0,1.0,0.4166666666666667,0.7692307692307693,0.23076923076923073,1.0,0.9388490449117967,0.8333333333333334,0.9230769230769231,0.07692307692307687,0.82,0.7995293937901344
261,semi flush foyer light,product_type,175,125,0.9477344873475497,0.017142857142857144,0.024,0.976,0.3,0.917945519601327,0.045714285714285714,0.056,0.944,0.4,0.8447607415178193,0.08571428571428572,0.104,0.896,0.3,-0.05683888024240126
262,bathroom freestanding cabinet,product_type,138,87,0.955830517697074,0.04411764705882353,0.06896551724137931,0.9310344827586207,0.6,0.9267688157585201,0.08088235294117647,0.11494252873563218,0.8850574712643678,0.55,0.8924292535464577,0.19117647058823528,0.26436781609195403,0.735632183908046,0.52,0.4272231158909969
263,small curtain rods,attribute_constraint,291,75,0.4959004568459929,0.024,0.02666666666666667,0.9733333333333334,0.5,0.5908346778595508,0.056,0.06666666666666667,0.9333333333333333,0.55,0.6271119747125146,0.184,0.2,0.8,0.6,0.44068428984516567
264,cortez pillow,brand_entity_proxy,897,15,0.4484650560755365,0.015025041736227046,0.06666666666666667,0.9333333333333333,1.0,0.4439942809883798,0.03005008347245409,0.06666666666666667,0.9333333333333333,1.0,0.6062679392648516,0.07512520868113523,0.2,0.8,0.94,0.48323536691708857
265,candace wingback upholstered bed,product_type,690,0,0.77990823370192,0.011851851851851851,,,0.9,0.8579599603663427,0.022222222222222223,,,0.8,0.879247065660376,0.03851851851851852,,,0.54,-0.045727445598479174
266,champagne velvet desk chair,product_type,353,1,0.6943559465628248,0.008571428571428572,0.0,1.0,0.3,0.8308477017867739,0.014285714285714285,0.0,1.0,0.25,0.8973547046474368,0.02857142857142857,0.0,1.0,0.2,0.12416650414672964
267,dolomite subway tile,product_type,154,2,0.7102193294182025,0.05844155844155844,0.5,0.5,0.9,0.7804473472375147,0.11038961038961038,0.5,0.5,0.85,0.860029914252308,0.2532467532467532,0.5,0.5,0.78,0.05676686926356679
268,betty resin free standing umbrella,multi_constraint,311,1,0.6943559465628248,0.11904761904761904,0.0,1.0,1.0,0.7787676299523247,0.23809523809523808,0.0,1.0,1.0,0.8780868997033469,0.5833333333333334,1.0,0.0,0.98,0.6764333336909212
269,donaldson teak couch,product_type,99,0,1.0,0.06451612903225806,,,0.6,0.9626932496335552,0.10752688172043011,,,0.5,0.9659675867400694,0.1827956989247312,,,0.36,0.08295613557843402
270,edge chair mat,product_type,95,42,0.811178322335156,0.10638297872340426,0.16666666666666666,0.8333333333333334,1.0,0.6648856686595558,0.2127659574468085,0.19047619047619047,0.8095238095238095,1.0,0.750363958889763,0.5212765957446809,0.5952380952380952,0.40476190476190477,0.98,0.1392766990350296
271,chinese flower stand,product_type,96,1,0.6943559465628248,0.07608695652173914,0.0,1.0,0.7,0.7787676299523247,0.16304347826086957,0.0,1.0,0.75,0.8538580424481207,0.30434782608695654,0.0,1.0,0.56,0.14477044362136712
272,oliver parsons,brand_entity_proxy,115,0,1.0,0.046511627906976744,,,0.4,1.0,0.08139534883720931,,,0.35,0.957436259470135,0.1744186046511628,,,0.3,0.4505900320003152
273,stainless steel free standing shower caddy,multi_constraint,542,4,0.8694642314741198,0.10869565217391304,0.75,0.25,1.0,0.8962583567481968,0.21739130434782608,0.75,0.25,1.0,0.888072006392538,0.4782608695652174,0.75,0.25,0.94,0.5036544147285361
274,gowdy height adjustable standing desk,multi_constraint,331,1,0.26923678610520674,0.010416666666666666,0.0,1.0,0.4,0.3893465869258512,0.0625,0.0,1.0,0.55,0.44600627244693214,0.14583333333333334,0.0,1.0,0.46,0.50993050323439
275,hinged square ottoman,attribute_constraint,127,13,0.48317417546358005,0.056,0.15384615384615385,0.8461538461538461,0.7,0.5116712256307037,0.112,0.23076923076923078,0.7692307692307692,0.7,0.6815281428685812,0.176,0.23076923076923078,0.7692307692307692,0.44,0.18698564111944102
276,chaves l-shape floating desk with hutch,multi_constraint,377,0,1.0,0.021917808219178082,,,0.8,1.0,0.03287671232876712,,,0.6,1.0,0.06301369863013699,,,0.46,0.2822611613127898
277,barstool patio sets,product_type,256,44,0.0965076627449525,0.00510204081632653,0.0,1.0,0.1,0.08691444376970878,0.00510204081632653,0.0,1.0,0.2,0.14154752446447189,0.02040816326530612,0.0,1.0,0.38,-0.5141437765050891
278,parakeet toy,product_type,112,7,0.44468443219739945,0.12987012987012986,0.14285714285714285,0.8571428571428572,1.0,0.5772872512382892,0.24675324675324675,0.2857142857142857,0.7142857142857143,0.95,0.7178704363183054,0.5194805194805194,0.2857142857142857,0.7142857142857143,0.8,0.6148228953708326
279,marlon tufted queen bed,attribute_constraint,374,1,0.6943559465628248,0.0,0.0,1.0,0.0,0.7517053203191928,0.002702702702702703,0.0,1.0,0.05,0.8757175125433356,0.013513513513513514,0.0,1.0,0.1,0.043066724074013234
280,johan desk by laurel foundry,multi_constraint,116,0,1.0,0.0,,,0.0,1.0,0.009433962264150943,,,0.05,1.0,0.04716981132075472,,,0.1,0.4246946893761247
281,brunk ship wheel,product_type,90,1,0.6943559465628248,0.19607843137254902,0.0,1.0,1.0,0.7527275940351001,0.35294117647058826,0.0,1.0,0.95,0.6725768025993872,0.49019607843137253,1.0,0.0,0.66,0.23605875297612436
282,grantola wall mirror,product_type,130,1,0.6943559465628248,0.03875968992248062,0.0,1.0,0.5,0.7787676299523247,0.07751937984496124,0.0,1.0,0.5,0.865751383782762,0.17054263565891473,0.0,1.0,0.44,-0.009915730086604376
283,gaia driftwood table,product_type,115,1,0.7962372977085499,0.018867924528301886,0.0,1.0,0.2,0.8525117533015497,0.02830188679245283,0.0,1.0,0.15,0.9105009225218412,0.02830188679245283,0.0,1.0,0.06,0.3946667865042888
284,family lamp,product_type,331,0,0.857980942822373,0.01824817518248175,,,0.6,0.8049007858027666,0.040145985401459854,,,0.65,0.7710259145933684,0.07664233576642336,,,0.58,0.023531966523585482
285,"48"" sliding single track , barn door for laundry",long_descriptive,183,7,0.38441023776109734,0.0782608695652174,0.0,1.0,0.9,0.49176702677307027,0.1565217391304348,0.0,1.0,0.9,0.7294631647671432,0.3652173913043478,0.7142857142857143,0.2857142857142857,0.86,0.7190600027852561
286,hitchcock mid-century wall shelf,multi_constraint,256,0,1.0,0.04093567251461988,,,0.7,1.0,0.05847953216374269,,,0.5,0.9856215795673516,0.14035087719298245,,,0.48,0.7154718949496346
287,cover set for outdoor furniture,multi_constraint,406,45,0.9368077570869662,0.08571428571428572,0.17777777777777778,0.8222222222222222,0.9,0.8707486395102503,0.18095238095238095,0.3333333333333333,0.6666666666666667,0.95,0.8301039686548849,0.4380952380952381,0.6666666666666666,0.33333333333333337,0.92,0.7468330034180337
288,round outdoor patio cover,attribute_constraint,272,0,1.0,0.07766990291262135,,,0.8,1.0,0.13592233009708737,,,0.7,0.9546647249552309,0.32038834951456313,,,0.68,0.7649526599855648
289,coma inducer comforter king set,multi_constraint,251,27,0.3333333333333333,0.03017241379310345,0.0,1.0,0.7,0.3565001151325791,0.0603448275862069,0.0,1.0,0.7,0.48545873286405417,0.1206896551724138,0.07407407407407407,0.9259259259259259,0.56,0.3159645648927225
290,mission double vanity,product_type,168,0,1.0,0.023809523809523808,,,0.4,1.0,0.05952380952380952,,,0.5,1.0,0.07142857142857142,,,0.24,
291,front door cabinet with doors,multi_constraint,218,15,0.42590829591570295,0.009478672985781991,0.06666666666666667,0.9333333333333333,0.2,0.43034018920048656,0.018957345971563982,0.06666666666666667,0.9333333333333333,0.2,0.5945426143771267,0.02843601895734597,0.06666666666666667,0.9333333333333333,0.12,-0.01779668100024747
292,decorative white pillow,attribute_constraint,204,12,0.3900954117610807,0.00684931506849315,0.0,1.0,0.1,0.542559348094723,0.03424657534246575,0.08333333333333333,0.9166666666666666,0.25,0.6579102013941308,0.0821917808219178,0.16666666666666666,0.8333333333333334,0.24,0.47007109946384856
293,wood floor protector mat,attribute_constraint,102,13,0.48006117753205346,0.0410958904109589,0.07692307692307693,0.9230769230769231,0.3,0.5092808162487412,0.0547945205479452,0.07692307692307693,0.9230769230769231,0.2,0.6822507137846145,0.1643835616438356,0.07692307692307693,0.9230769230769231,0.24,0.33371705063496415
294,moen multi function dual shower head,multi_constraint,136,0,0.88995411685096,0.05102040816326531,,,0.6,0.8916732298167266,0.07142857142857142,,,0.4,0.8363685873234283,0.23469387755102042,,,0.5,0.21788589763638566
295,end table between recliners,product_type,139,6,0.4073884476270398,0.0,0.0,1.0,0.0,0.5157856544722926,0.0,0.0,1.0,0.0,0.6506302032218454,0.0,0.0,1.0,0.0,-0.03257947771223973
296,zakariyah twin platform,attribute_constraint,171,1,0.6943559465628248,0.01764705882352941,0.0,1.0,0.3,0.7787676299523247,0.029411764705882353,0.0,1.0,0.25,0.8529607520644947,0.041176470588235294,0.0,1.0,0.14,-0.09749422525979848
297,seat cushions desk,product_type,487,8,0.07123036308760312,0.020202020202020204,0.0,1.0,0.7,0.11182315817270501,0.04040404040404041,0.0,1.0,0.6,0.18373266733670193,0.09090909090909091,0.125,0.875,0.62,0.20851435847126282
298,small woven pouf,attribute_constraint,98,9,0.3480974911723065,0.10204081632653061,0.0,1.0,1.0,0.5184112970380482,0.20408163265306123,0.2222222222222222,0.7777777777777778,1.0,0.7418255164212063,0.4387755102040816,0.7777777777777778,0.2222222222222222,0.86,0.1355191405484022
300,animal print handmade tufted wool beige/black area rug by allmodern,long_descriptive,1114,2,0.5821032065260975,0.008992805755395683,0.0,1.0,1.0,0.6833800218492042,0.017985611510791366,0.0,1.0,1.0,0.787006331021122,0.04316546762589928,0.0,1.0,0.98,0.023757634256452536
301,circle cabinet pulls,product_type,148,2,0.5821032065260975,0.0273972602739726,0.0,1.0,0.4,0.6833800218492042,0.07534246575342465,0.0,1.0,0.55,0.8203076534306516,0.1095890410958904,0.0,1.0,0.32,0.0057720384900665665
302,mattress foam topper queen,attribute_constraint,238,59,0.47481757731527635,0.04265402843601896,0.03389830508474576,0.9661016949152542,0.9,0.44693430564396197,0.09004739336492891,0.05084745762711865,0.9491525423728814,0.95,0.4888269811206649,0.1990521327014218,0.2033898305084746,0.7966101694915254,0.84,0.07150462556843201
303,hawaii vintage art,style,72,8,0.6058846138182283,0.07575757575757576,0.25,0.75,0.5,0.737254818394089,0.18181818181818182,0.25,0.75,0.6,0.8676558389527635,0.19696969696969696,0.25,0.75,0.26,0.4209525286272185
304,merlyn 6,attribute_constraint,759,0,0.06943122193677728,0.0,,,0.1,0.04480864360167173,0.0,,,0.1,0.10746539693391688,0.0,,,0.12,0.018750966897141612
305,ligth bulb,brand_entity_proxy,299,193,1.0,0.020477815699658702,0.031088082901554404,0.9689119170984456,0.6,1.0,0.03754266211604096,0.05699481865284974,0.9430051813471503,0.55,0.9704225241595511,0.09215017064846416,0.13989637305699482,0.8601036269430051,0.54,0.6301517865134917
306,mobley zero gravity adjustable bed with wireless remote,long_descriptive,114,2,0.5821032065260975,0.1111111111111111,0.0,1.0,1.0,0.6371731837664434,0.18888888888888888,0.0,1.0,0.95,0.7551580210155688,0.34444444444444444,0.0,1.0,0.7,0.2946072472591796
307,real touch roses floral arrangements in glass vase,long_descriptive,189,6,0.7564269999724091,0.057803468208092484,0.5,0.5,1.0,0.8694776556818994,0.11560693641618497,0.8333333333333334,0.16666666666666663,1.0,0.9086701206938558,0.2832369942196532,0.8333333333333334,0.16666666666666663,0.98,0.482509251533668
308,led 60,attribute_constraint,776,2,0.5821032065260975,0.018480492813141684,0.0,1.0,0.9,0.6833800218492042,0.03285420944558522,0.0,1.0,0.8,0.7870669201061056,0.08213552361396304,0.0,1.0,0.8,0.7388176142182282
309,moen 5995 arbor one,attribute_constraint,72,0,0.3764459522792427,0.038461538461538464,,,0.2,0.45549626544361116,0.038461538461538464,,,0.1,0.6637016389913939,0.07692307692307693,,,0.08,0.23513708687081314
310,meade mirror,product_type,589,4,0.6769125582181964,0.020594965675057208,0.25,0.75,0.9,0.7843370148590356,0.043478260869565216,0.5,0.5,0.95,0.8544353486480138,0.11212814645308924,0.5,0.5,0.98,0.5381072124955741
311,odum velvet,brand_entity_proxy,571,4,0.43738431797038907,0.005545286506469501,0.0,1.0,0.3,0.5528683361494594,0.0073937153419593345,0.0,1.0,0.2,0.6764858940793781,0.014787430683918669,0.0,1.0,0.18,0.0036355681489192103
312,coat rack for bedroom,product_type,119,10,0.4891005388287368,0.08403361344537816,0.2,0.8,1.0,0.6296755916742637,0.15966386554621848,0.4,0.6,0.95,0.8176833103365796,0.37815126050420167,0.8,0.19999999999999996,0.9,0.2927411880881034
313,malachi sled,brand_entity_proxy,105,3,0.4592126063688851,0.0273972602739726,0.0,1.0,0.2,0.5972881024500992,0.0547945205479452,0.0,1.0,0.25,0.6800344308286963,0.1095890410958904,0.0,1.0,0.18,0.3424953315931015
314,body pillow and case,product_type,145,11,0.7222887023717682,0.04964539007092199,0.45454545454545453,0.5454545454545454,0.7,0.7977645817927993,0.09219858156028368,0.45454545454545453,0.5454545454545454,0.65,0.8871138562664539,0.2553191489361702,0.7272727272727273,0.2727272727272727,0.72,0.38058916643401386
315,medium clips,brand_entity_proxy,316,4,0.949501871501245,0.16129032258064516,1.0,0.0,1.0,0.9598672540809157,0.3225806451612903,1.0,0.0,1.0,0.8033657226876488,0.43548387096774194,1.0,0.0,0.58,0.36641436000390715
316,rolande heavy duty power lift assist recliner,multi_constraint,406,1,0.6943559465628248,0.027190332326283987,0.0,1.0,0.9,0.840478838926804,0.054380664652567974,1.0,0.0,0.9,0.9031990882399865,0.1299093655589124,1.0,0.0,0.86,0.6630078726776322
317,hulmeville writing desk with hutch,multi_constraint,340,2,0.6592367983634904,0.01775147928994083,0.0,1.0,0.6,0.7418203749307188,0.029585798816568046,0.5,0.5,0.5,0.8244396703050064,0.07396449704142012,0.5,0.5,0.5,0.02127329954813287
318,sunjoy lantern,brand_entity_proxy,156,1,0.6943559465628248,0.06428571428571428,0.0,1.0,0.9,0.7517053203191928,0.10714285714285714,0.0,1.0,0.8,0.8778902487098948,0.25,1.0,0.0,0.72,0.30368650673688175
319,landis wall mounted bathroom shelves,multi_constraint,673,1,0.6943559465628248,0.05325443786982249,0.0,1.0,0.9,0.7517053203191928,0.08875739644970414,0.0,1.0,0.75,0.7727037163938932,0.17159763313609466,0.0,1.0,0.6,0.4667750568824229
320,blaylock bookcase headboard,product_type,93,1,0.6943559465628248,0.1282051282051282,0.0,1.0,1.0,0.7488749162616919,0.19230769230769232,0.0,1.0,0.8,0.840327720729478,0.3333333333333333,1.0,0.0,0.54,0.3536387895976911
321,hussain handmade tufted magenta rug,multi_constraint,297,1,0.6943559465628248,0.03367003367003367,0.0,1.0,1.0,0.7787676299523247,0.06397306397306397,0.0,1.0,0.95,0.865751383782762,0.1111111111111111,0.0,1.0,0.66,-0.09355561679240866
322,cream queen duvet cover,attribute_constraint,242,0,1.0,0.04149377593360996,,,1.0,1.0,0.07053941908713693,,,0.85,1.0,0.15352697095435686,,,0.74,0.10834485938220378
323,hub leaning full length mirror,multi_constraint,126,1,0.8871958738785231,0.072,1.0,0.0,0.9,0.9183497146685337,0.088,1.0,0.0,0.55,0.9504528301300131,0.192,1.0,0.0,0.48,0.21476087800309424
324,chase utility laundry cart,product_type,113,1,0.8871958738785231,0.08571428571428572,1.0,0.0,0.9,0.9183497146685337,0.17142857142857143,1.0,0.0,0.9,0.9504528301300131,0.34285714285714286,1.0,0.0,0.72,0.3649339501797952
325,outdoor waterproof chest,product_type,120,46,0.5044896248159714,0.023255813953488372,0.0,1.0,0.3,0.5541637858466951,0.03488372093023256,0.0,1.0,0.2,0.651068917544341,0.08139534883720931,0.08695652173913043,0.9130434782608696,0.18,0.36556316534681677
326,bowersville ladder writing desk,product_type,284,1,0.6943559465628248,0.02120141342756184,0.0,1.0,0.6,0.7787676299523247,0.04240282685512368,0.0,1.0,0.6,0.865751383782762,0.0812720848056537,0.0,1.0,0.46,0.027125432843890004
327,kohler purist brushed bronze,product_type,115,8,0.4184756332276246,0.03409090909090909,0.125,0.875,0.3,0.5182779470879375,0.045454545454545456,0.125,0.875,0.2,0.5781973582962256,0.06818181818181818,0.125,0.875,0.14,0.04695026139564364
328,golub dining table,product_type,659,1,0.6943559465628248,0.012364760432766615,0.0,1.0,0.8,0.7787676299523247,0.02009273570324575,0.0,1.0,0.65,0.851296950793123,0.04945904173106646,0.0,1.0,0.66,-0.07943848845165402
329,wayfair tension rod,product_type,83,2,0.6592367983634904,0.0975609756097561,0.0,1.0,0.8,0.7883762843798032,0.15853658536585366,0.5,0.5,0.65,0.865084801987574,0.3170731707317073,1.0,0.0,0.52,0.25688921038058116
330,kari 2 piece,attribute_constraint,600,1,0.0,0.0,0.0,1.0,0.1,0.08460906957972401,0.0,0.0,1.0,0.1,0.09020027540050962,0.0,0.0,1.0,0.14,-0.11097487423948461
331,upholstered girls bed,product_type,533,52,0.5726361401144231,0.0037735849056603774,0.038461538461538464,0.9615384615384616,0.2,0.5133613100015892,0.005660377358490566,0.038461538461538464,0.9615384615384616,0.15,0.4620950277283699,0.022641509433962263,0.057692307692307696,0.9423076923076923,0.24,-0.012137765298211206
332,attleboro drum coffee table,product_type,1410,1,0.6943559465628248,0.006405693950177936,0.0,1.0,0.9,0.7787676299523247,0.012811387900355872,0.0,1.0,0.9,0.8923648110925042,0.03202846975088968,1.0,0.0,0.9,0.023300530354953084
333,stainless steel colander set,product_type,315,21,0.92663607790064,0.12048192771084337,0.42857142857142855,0.5714285714285714,1.0,0.8613030592781187,0.24096385542168675,0.7142857142857143,0.2857142857142857,1.0,0.9500906575010156,0.5903614457831325,0.9523809523809523,0.04761904761904767,0.98,0.6775119388062545
334,itchington butterfly,brand_entity_proxy,122,6,0.11584705384085252,0.02,0.16666666666666666,0.8333333333333334,0.8,0.11340900731984602,0.04,0.16666666666666666,0.8333333333333334,0.7,0.24074004996226334,0.06,0.16666666666666666,0.8333333333333334,0.46,-0.09852657545656217
335,canadian,brand_entity_proxy,81,42,1.0,0.07142857142857142,0.07142857142857142,0.9285714285714286,0.3,0.9676617088516802,0.07142857142857142,0.07142857142857142,0.9285714285714286,0.15,0.8228880882693375,0.19047619047619047,0.19047619047619047,0.8095238095238095,0.16,0.47660467334260864
336,mystic swivel,brand_entity_proxy,360,1,0.3752767370732437,0.0058309037900874635,0.0,1.0,0.4,0.48706225910328493,0.0058309037900874635,0.0,1.0,0.2,0.6492024383568568,0.008746355685131196,0.0,1.0,0.12,-0.16708901839603482
337,iittala bowl,brand_entity_proxy,201,39,0.7708688724052365,0.08264462809917356,0.1794871794871795,0.8205128205128205,1.0,0.8521262517345307,0.1652892561983471,0.4358974358974359,0.5641025641025641,1.0,0.8134691061601997,0.35537190082644626,0.6666666666666666,0.33333333333333337,0.86,0.8378772260836508
338,mahone porch rocking chair,product_type,204,1,0.6943559465628248,0.05714285714285714,0.0,1.0,1.0,0.8353938304137217,0.11428571428571428,1.0,0.0,1.0,0.9001133944231772,0.28,1.0,0.0,0.98,0.2487001960079314
339,ruckus chair,product_type,3044,6,0.02828547772167217,0.0,0.0,1.0,0.6,0.02311165556610396,0.009615384615384616,0.0,1.0,0.6,0.016171826551576354,0.009615384615384616,0.0,1.0,0.56,-0.0010286065727023138
340,berenice 4 storage cabinet,attribute_constraint,505,3,0.5159958223394444,0.009876543209876543,0.0,1.0,0.4,0.6229152997582164,0.022222222222222223,0.0,1.0,0.45,0.7516339866803449,0.056790123456790124,0.0,1.0,0.46,0.4690803130566196
341,canvas map art,product_type,199,22,0.5874229027480133,0.020100502512562814,0.09090909090909091,0.9090909090909091,0.4,0.5669112544935694,0.04522613065326633,0.13636363636363635,0.8636363636363636,0.45,0.6817999353081533,0.1306532663316583,0.3181818181818182,0.6818181818181819,0.52,0.14254958477152824
342,brendon counter stool,product_type,478,2,0.5821032065260975,0.0041928721174004195,0.0,1.0,0.2,0.6833800218492042,0.008385744234800839,0.0,1.0,0.2,0.8461785597981548,0.027253668763102725,0.0,1.0,0.26,0.07462692013348066
343,navy and peach bedding,product_type,116,0,1.0,0.0,,,0.0,1.0,0.017391304347826087,,,0.1,1.0,0.06086956521739131,,,0.14,0.15177364143264782
344,ottoman bed queen,attribute_constraint,116,0,1.0,0.03508771929824561,,,0.4,1.0,0.07894736842105263,,,0.45,1.0,0.14035087719298245,,,0.32,0.0019777953362832036
345,oriental vanity,brand_entity_proxy,1148,0,0.7759944384848245,0.010568031704095112,,,1.0,0.7477081141137046,0.015852047556142668,,,0.85,0.7415045823019455,0.04491413474240423,,,0.88,0.040291952137428595
346,nesting tray set,product_type,110,19,0.7729868713934952,0.07954545454545454,0.2631578947368421,0.736842105263158,0.7,0.7512523025379819,0.14772727272727273,0.42105263157894735,0.5789473684210527,0.65,0.8798282525008698,0.32954545454545453,0.6842105263157895,0.3157894736842105,0.6,0.5782010564269722
347,olive green console table,attribute_constraint,577,0,1.0,0.012259194395796848,,,0.7,1.0,0.024518388791593695,,,0.7,1.0,0.05779334500875657,,,0.66,0.04779777708296771
348,one alium way,product_type,2,0,1.0,0.0,,,0.0,1.0,0.0,,,0.0,1.0,0.0,,,0.0,
349,mud room sign,product_type,98,5,0.4990409650233131,0.06315789473684211,0.0,1.0,0.6,0.5957195544249976,0.11578947368421053,0.2,0.8,0.55,0.7605920575120769,0.28421052631578947,0.2,0.8,0.54,0.07666723747870449
351,white bathroom vanity black hardware,multi_constraint,727,0,1.0,0.005673758865248227,,,0.4,1.0,0.01276595744680851,,,0.45,1.0,0.02127659574468085,,,0.3,0.19891637746451915
352,amarillo,brand_entity_proxy,81,29,1.0,0.3448275862068966,0.3448275862068966,0.6551724137931034,1.0,0.8646512353025699,0.3793103448275862,0.3793103448275862,0.6206896551724138,0.55,0.8015627449963003,0.3793103448275862,0.3793103448275862,0.6206896551724138,0.22,0.37336854793684915
353,pennfield playhouse,brand_entity_proxy,54,1,0.6943559465628248,0.24,0.0,1.0,0.6,0.7261111450818278,0.4,0.0,1.0,0.5,0.8181936661245197,0.6,0.0,1.0,0.32,0.5614716042787425
354,tressler rug,product_type,1402,0,1.0,0.007288629737609329,,,1.0,1.0,0.014577259475218658,,,1.0,1.0,0.034256559766763846,,,0.94,0.21349462860591384
355,argenteuil,brand_entity_proxy,59,30,0.914856882358379,0.13333333333333333,0.13333333333333333,0.8666666666666667,0.4,0.9109884396720316,0.16666666666666666,0.16666666666666666,0.8333333333333334,0.3,0.9421912691346165,0.26666666666666666,0.26666666666666666,0.7333333333333334,0.18,0.6211492551281491
356,platform bed side table,product_type,960,0,0.9052116356304495,0.004246284501061571,,,0.5,0.938826684621968,0.008492569002123142,,,0.45,0.9666083514034188,0.020169851380042462,,,0.4,-0.01064116423277094
357,tall free standing pet gate,multi_constraint,355,34,0.6996229492941352,0.1694915254237288,0.17647058823529413,0.8235294117647058,1.0,0.7079951500628624,0.3389830508474576,0.35294117647058826,0.6470588235294117,1.0,0.8681711482258069,0.8305084745762712,0.9411764705882353,0.05882352941176472,1.0,0.6076870565629153
358,sliding closet mirror,product_type,116,4,0.6769125582181964,0.02654867256637168,0.25,0.75,0.3,0.7432303612797106,0.04424778761061947,0.25,0.75,0.25,0.8151954846603935,0.08849557522123894,0.25,0.75,0.2,-0.06833176560137123
359,french molding,brand_entity_proxy,203,8,0.3005929752403597,0.041379310344827586,0.0,1.0,0.7,0.4697061924965446,0.07586206896551724,0.125,0.875,0.65,0.6520967011551481,0.2206896551724138,0.5,0.5,0.72,0.31663152655554727
360,huntsville sectional sofa,product_type,125,0,1.0,0.008,,,0.1,1.0,0.016,,,0.1,1.0,0.048,,,0.12,
361,kisner,brand_entity_proxy,98,25,0.7125523635307982,0.08,0.08,0.92,0.2,0.6003747381776914,0.12,0.12,0.88,0.15,0.7333076477761357,0.12,0.12,0.88,0.06,0.29913279288182115
362,brushed gold wall decor,attribute_constraint,245,0,1.0,0.03125,,,0.7,1.0,0.05803571428571429,,,0.65,1.0,0.10267857142857142,,,0.46,0.45931400343892914
363,fortunat coffee table,product_type,1380,1,0.6943559465628248,0.005797101449275362,0.0,1.0,0.8,0.7787676299523247,0.011594202898550725,0.0,1.0,0.8,0.865751383782762,0.03260869565217391,0.0,1.0,0.9,0.03430564302413604
364,croscill ashton,brand_entity_proxy,114,0,0.8669479898642711,0.022222222222222223,,,0.1,0.7767236543717412,0.044444444444444446,,,0.1,0.6490108681468686,0.044444444444444446,,,0.04,0.28003487879129113
365,gas detector,brand_entity_proxy,130,9,0.835500095269222,0.43478260869565216,0.7777777777777778,0.2222222222222222,1.0,0.8164990202966591,0.6521739130434783,0.8888888888888888,0.11111111111111116,0.9,0.8986649567543409,0.8260869565217391,1.0,0.0,0.56,0.6020151806613538
366,drudge report,brand_entity_proxy,1,0,,,,,0.0,,,,,0.0,,,,,0.0,
367,wooden chair outdoor,attribute_constraint,202,42,0.5515377306675132,0.00510204081632653,0.0,1.0,0.1,0.5648459700900704,0.01020408163265306,0.023809523809523808,0.9761904761904762,0.1,0.5990451787006658,0.04081632653061224,0.07142857142857142,0.9285714285714286,0.16,0.20823558595825517
368,pasta tools,brand_entity_proxy,143,81,1.0,0.08333333333333333,0.12345679012345678,0.8765432098765432,1.0,1.0,0.15833333333333333,0.2345679012345679,0.7654320987654322,0.95,0.9615525004552936,0.4083333333333333,0.5679012345679012,0.4320987654320988,0.98,0.717591952854524
369,wrought tv stand,product_type,362,2,0.5821032065260975,0.027777777777777776,0.0,1.0,1.0,0.6833800218492042,0.05,0.0,1.0,0.9,0.798147164547621,0.12222222222222222,0.0,1.0,0.88,0.0344524408508068
370,rug for teen room,product_type,3,1,1.0,0.0,0.0,1.0,0.0,1.0,0.0,0.0,1.0,0.0,1.0,0.0,0.0,1.0,0.0,0.8660254037844387
371,milk cow chair,product_type,112,8,0.4969565825015578,0.041237113402061855,0.125,0.875,0.4,0.5635174486035016,0.061855670103092786,0.125,0.875,0.35,0.7252250076239416,0.09278350515463918,0.125,0.875,0.2,0.24182887524346058
372,verden callan,brand_entity_proxy,120,1,0.6461459647339004,0.020833333333333332,0.0,1.0,0.1,0.6101537718421813,0.041666666666666664,0.0,1.0,0.1,0.5524424982905446,0.0625,0.0,1.0,0.06,0.15194380782169492
373,togo chair,product_type,3233,0,1.0,0.0019120458891013384,,,0.6,1.0,0.0041427660930529,,,0.65,1.0,0.010834926704907584,,,0.68,0.22176175003779933
374,sinks bed frame,product_type,170,0,0.9216017310213247,0.0,,,0.0,0.841934948912833,0.014184397163120567,,,0.1,0.7763138477825594,0.03546099290780142,,,0.1,-0.21398664872589604
375,pastel pink desk chair,product_type,211,0,1.0,0.024154589371980676,,,0.5,1.0,0.03864734299516908,,,0.4,1.0,0.07246376811594203,,,0.3,0.2196638576844198
376,island estate coffee table,product_type,1430,3,0.5159958223394444,0.006306937631394534,0.0,1.0,0.9,0.6229152997582164,0.013314646110721794,0.0,1.0,0.95,0.7516339866803449,0.0322354590049054,0.0,1.0,0.92,0.009441005480261114
377,glinda upholstered bench,product_type,134,0,1.0,0.05970149253731343,,,0.8,1.0,0.09701492537313433,,,0.65,1.0,0.208955223880597,,,0.56,
378,cliffside 5 light candle style drum chandelier,multi_constraint,580,0,1.0,0.012477718360071301,,,0.7,1.0,0.016042780748663103,,,0.45,1.0,0.030303030303030304,,,0.34,0.18341413474925483
379,urban outfitters duvet,product_type,71,0,1.0,0.014084507042253521,,,0.1,1.0,0.028169014084507043,,,0.1,1.0,0.07042253521126761,,,0.1,
380,gravity feeder,brand_entity_proxy,124,6,0.6616388259327027,0.2222222222222222,0.5,0.5,1.0,0.761034072255479,0.4444444444444444,0.6666666666666666,0.33333333333333337,1.0,0.858720078500557,0.8888888888888888,1.0,0.0,0.82,0.8230777811982456
381,farmhouse hood vent,style,80,0,1.0,0.125,,,1.0,1.0,0.2,,,0.8,1.0,0.3875,,,0.62,
382,counter top one cup hot water dispenser,multi_constraint,89,4,0.4700182601018591,0.18181818181818182,0.0,1.0,1.0,0.5788037469624102,0.32727272727272727,0.0,1.0,0.9,0.760357602316484,0.5636363636363636,0.25,0.75,0.62,0.7500540676529271
383,minnestrista,brand_entity_proxy,3,0,1.0,0.0,,,0.0,1.0,0.0,,,0.0,1.0,0.0,,,0.0,
384,dining table vinyl cloth,product_type,687,20,0.955830517697074,0.16393442622950818,0.45,0.55,1.0,0.8313582113385781,0.29508196721311475,0.65,0.35,0.9,0.9027672130010427,0.5737704918032787,0.9,0.09999999999999998,0.7,0.3119692366248848
385,mom urn,brand_entity_proxy,55,0,0.9052116356304495,0.2962962962962963,,,0.9,0.8328043541618502,0.4444444444444444,,,0.7,0.9204920964910801,0.5925925925925926,,,0.4,0.49487165930539356
386,alter furniture,brand_entity_proxy,298,0,0.6442227883107536,0.0,,,0.1,0.7703930042496394,0.0,,,0.05,0.7708993409863936,0.01015228426395939,,,0.06,0.3417154963643103
387,self enclosed planters,product_type,92,0,1.0,0.08695652173913043,,,0.8,1.0,0.13043478260869565,,,0.6,1.0,0.30434782608695654,,,0.56,
388,outdoor sectional doning,product_type,64,0,0.7453016244178956,0.03333333333333333,,,0.2,0.7972413465281397,0.03333333333333333,,,0.15,0.8893235446728834,0.03333333333333333,,,0.06,-0.3494282789073061
389,brush nickel faucet bathroom,product_type,337,157,0.6555432246305962,0.009287925696594427,0.012738853503184714,0.9872611464968153,0.3,0.6785322129058817,0.01238390092879257,0.01910828025477707,0.9808917197452229,0.2,0.6716586658821969,0.04024767801857585,0.03184713375796178,0.9681528662420382,0.26,0.1010889557073595
390,cushion replacement insert,product_type,61,0,1.0,0.04918032786885246,,,0.3,1.0,0.09836065573770492,,,0.3,1.0,0.11475409836065574,,,0.14,
391,"writing desk 48""",attribute_constraint,229,8,0.3649302102017378,0.017467248908296942,0.0,1.0,0.4,0.5037445654553807,0.048034934497816595,0.0,1.0,0.55,0.6996890144392207,0.09606986899563319,0.125,0.875,0.44,0.16081467386361592
392,china clock,brand_entity_proxy,368,0,1.0,0.028985507246376812,,,1.0,1.0,0.057971014492753624,,,1.0,1.0,0.14492753623188406,,,1.0,0.4161997280267817
393,propane gas dryer,product_type,96,0,1.0,0.13333333333333333,,,1.0,0.9626932496335552,0.24,,,0.95,0.892521963853215,0.52,,,0.88,0.2496002540052252
394,gray leather cocktail table,attribute_constraint,117,0,1.0,0.0,,,0.0,0.9603789329441843,0.0,,,0.0,0.9478410964520045,0.009708737864077669,,,0.02,0.25886663494377693
395,pantry grey,attribute_constraint,74,0,0.4034826666009929,0.0,,,0.0,0.4224575602469621,0.0,,,0.0,0.7044512234889924,0.0,,,0.02,0.29660733184737886
396,alyse 8 light,attribute_constraint,136,1,0.6943559465628248,0.022727272727272728,0.0,1.0,0.3,0.7787676299523247,0.03787878787878788,0.0,1.0,0.25,0.865751383782762,0.06060606060606061,0.0,1.0,0.16,0.06383675549905976
397,maryford queen tufted bed,attribute_constraint,493,0,1.0,0.004073319755600814,,,0.2,1.0,0.006109979633401222,,,0.15,1.0,0.012219959266802444,,,0.12,0.07085588648441556
398,super bright lights,product_type,107,19,0.7081287626162236,0.024096385542168676,0.10526315789473684,0.8947368421052632,0.2,0.6862953319589228,0.060240963855421686,0.10526315789473684,0.8947368421052632,0.25,0.8492718965003708,0.13253012048192772,0.3157894736842105,0.6842105263157895,0.22,0.656181397258745
399,12v dirt bike,attribute_constraint,85,0,1.0,0.1323529411764706,,,0.9,1.0,0.17647058823529413,,,0.6,0.971790682921982,0.3088235294117647,,,0.42,0.4639100727624692
400,small ladies rocker swivel recliner,multi_constraint,24,0,1.0,0.0,,,0.0,1.0,0.041666666666666664,,,0.05,1.0,0.08333333333333333,,,0.04,
401,glass lsmp shades,product_type,55,18,0.5418698526013168,0.05555555555555555,0.0,1.0,0.3,0.6351019954778887,0.05555555555555555,0.0,1.0,0.15,0.8368297640356326,0.2037037037037037,0.2777777777777778,0.7222222222222222,0.22,0.2647132044296174
402,modern farmhouse lighting semi flush mount,style,251,7,0.38441023776109734,0.022123893805309734,0.0,1.0,0.5,0.49176702677307027,0.048672566371681415,0.0,1.0,0.55,0.6673247856923078,0.11946902654867257,0.0,1.0,0.54,0.25191202424002296
403,wood rack wide,attribute_constraint,149,31,0.7198551821362814,0.016129032258064516,0.06451612903225806,0.935483870967742,0.2,0.7118211843758192,0.024193548387096774,0.06451612903225806,0.935483870967742,0.15,0.7688644148498218,0.08064516129032258,0.16129032258064516,0.8387096774193549,0.2,0.5843708628071597
404,large cushion outdoor chair,attribute_constraint,564,4,0.4700182601018591,0.011494252873563218,0.0,1.0,0.6,0.5788037469624102,0.02490421455938697,0.0,1.0,0.65,0.6934010278666021,0.04980842911877394,0.0,1.0,0.54,0.1440889609871695
405,queen ann style living room chair,multi_constraint,446,0,1.0,0.020289855072463767,,,0.7,1.0,0.02608695652173913,,,0.45,0.9830897184003546,0.03188405797101449,,,0.22,0.6245709498422511
406,refrigerator with ice an water in door,multi_constraint,98,22,0.6564746593503457,0.12987012987012986,0.18181818181818182,0.8181818181818181,1.0,0.7340324528399328,0.2597402597402597,0.5454545454545454,0.4545454545454546,1.0,0.8604536784403748,0.5844155844155844,0.8636363636363636,0.13636363636363635,0.94,0.5897951734724319
407,huge bookcase,product_type,331,11,0.3333333333333333,0.030211480362537766,0.0,1.0,1.0,0.4219450531779068,0.05740181268882175,0.0,1.0,0.95,0.6417730599200969,0.13595166163141995,0.2727272727272727,0.7272727272727273,0.9,0.10125236403532616
408,girl reading statue,product_type,102,31,0.8532721558012799,0.09803921568627451,0.2903225806451613,0.7096774193548387,1.0,0.8082260745857992,0.19607843137254902,0.4838709677419355,0.5161290322580645,1.0,0.8858835940156949,0.45098039215686275,0.9032258064516129,0.09677419354838712,0.92,0.5715489573802229
409,teal chair,product_type,3393,40,0.2978635893849327,0.000980392156862745,0.0,1.0,0.5,0.3360320775077229,0.00392156862745098,0.05,0.95,0.7,0.3802685555072796,0.010130718954248366,0.1,0.9,0.7,0.3202420286613493
410,pool floats,brand_entity_proxy,281,58,1.0,0.10416666666666667,0.1724137931034483,0.8275862068965517,1.0,0.9310368321095154,0.20833333333333334,0.29310344827586204,0.7068965517241379,1.0,0.8682200088397002,0.46875,0.603448275862069,0.39655172413793105,0.92,0.7206531007271896
411,outdoor clock,brand_entity_proxy,1566,85,0.9432379215722527,0.02865329512893983,0.10588235294117647,0.8941176470588236,1.0,0.8212092480682998,0.05730659025787966,0.15294117647058825,0.8470588235294118,1.0,0.7201036502764087,0.14326647564469913,0.29411764705882354,0.7058823529411764,1.0,0.7050402217217915
412,jennie tufted upholstered low profile platform bed,multi_constraint,1090,1,0.6943559465628248,0.005747126436781609,0.0,1.0,0.6,0.7787676299523247,0.009578544061302681,0.0,1.0,0.5,0.865751383782762,0.028735632183908046,0.0,1.0,0.6,0.23103788175970083
413,burruss patio sectional with cushions,multi_constraint,599,1,0.6943559465628248,0.016042780748663103,0.0,1.0,0.9,0.7787676299523247,0.03208556149732621,0.0,1.0,0.9,0.8392778435288832,0.06060606060606061,0.0,1.0,0.7,0.15568879724570664
414,shower hooks,brand_entity_proxy,914,165,1.0,0.02666666666666667,0.06060606060606061,0.9393939393939394,1.0,1.0,0.05333333333333334,0.12121212121212122,0.8787878787878788,1.0,1.0,0.13333333333333333,0.30303030303030304,0.696969696969697,1.0,0.7031614907293324
415,toilet paper stand,product_type,151,75,0.9008240627729516,0.08130081300813008,0.10666666666666667,0.8933333333333333,1.0,0.9111239214497869,0.16260162601626016,0.22666666666666666,0.7733333333333333,1.0,0.8463803484361931,0.37398373983739835,0.4666666666666667,0.5333333333333333,0.94,0.5655123547400095
416,wayfair coffee table,product_type,1447,0,1.0,0.006237006237006237,,,0.9,1.0,0.012474012474012475,,,0.9,1.0,0.031185031185031187,,,0.9,0.021994518404044944
417,twin bed frame,attribute_constraint,567,188,0.7039351147911628,0.017793594306049824,0.03723404255319149,0.9627659574468085,1.0,0.6914735823170831,0.03202846975088968,0.05851063829787234,0.9414893617021276,0.9,0.6905330159569166,0.0693950177935943,0.11170212765957446,0.8882978723404256,0.78,0.14116704379549705
418,writing desk,product_type,1123,608,1.0,0.01002004008016032,0.01644736842105263,0.9835526315789473,1.0,1.0,0.02004008016032064,0.03289473684210526,0.9671052631578947,1.0,0.980285469655765,0.050100200400801605,0.07894736842105263,0.9210526315789473,1.0,0.4288953746796164
419,living room ideas,product_type,21,16,0.8572775237534388,0.0,0.0,1.0,0.0,0.9694175999022803,0.0,0.0,1.0,0.0,0.969769711990274,0.0,0.0,1.0,0.0,0.05539117094069973
420,tile backsplash,brand_entity_proxy,1013,766,1.0,0.010101010101010102,0.013054830287206266,0.9869451697127938,1.0,1.0,0.020202020202020204,0.02610966057441253,0.9738903394255874,1.0,1.0,0.050505050505050504,0.06527415143603134,0.9347258485639687,1.0,0.36743608180079246
421,dining room tables,product_type,758,649,0.9074250374176304,0.011111111111111112,0.01078582434514638,0.9892141756548536,0.8,0.9402551418644377,0.019444444444444445,0.020030816640986132,0.9799691833590138,0.7,0.9673880793285936,0.05416666666666667,0.05855161787365177,0.9414483821263482,0.78,0.2255338391308952
422,ergonomic chair,product_type,3328,428,0.6219713612221489,0.00293733681462141,0.009345794392523364,0.9906542056074766,0.9,0.7337409988268747,0.00587467362924282,0.028037383177570093,0.9719626168224299,0.9,0.7536924574641334,0.014360313315926894,0.07009345794392523,0.9299065420560748,0.88,0.3884227659326066
423,wall shelves,brand_entity_proxy,3034,285,1.0,0.02386634844868735,0.03508771929824561,0.9649122807017544,1.0,0.9665625086152865,0.0405727923627685,0.05964912280701754,0.9403508771929825,0.85,0.8673645694648442,0.0883054892601432,0.12631578947368421,0.8736842105263158,0.88,0.512904348017058
424,wayfair comforters,brand_entity_proxy,618,4,0.4700182601018591,0.025139664804469275,0.0,1.0,0.9,0.5788037469624102,0.05027932960893855,0.0,1.0,0.9,0.7157078870808333,0.12290502793296089,0.0,1.0,0.88,0.8060297529994466
425,side table with storage,product_type,742,56,0.4280127047850847,0.006954102920723227,0.0,1.0,0.5,0.3944363082410041,0.008344923504867872,0.017857142857142856,0.9821428571428571,0.3,0.40278444647708955,0.015299026425591099,0.03571428571428571,0.9642857142857143,0.22,0.011778534737601529
426,outdoor storage,product_type,3254,223,0.933745776545611,0.007352941176470588,0.04035874439461883,0.9596412556053812,1.0,0.934950026561826,0.015522875816993464,0.08071748878923767,0.9192825112107623,1.0,0.9170090142714392,0.03431372549019608,0.17937219730941703,0.820627802690583,0.88,0.5193665736045865
427,lowes tile,brand_entity_proxy,1125,0,1.0,0.006389776357827476,,,0.4,1.0,0.011182108626198083,,,0.35,1.0,0.036741214057507986,,,0.46,0.8455924801196064
428,kitchen storage cabinet,product_type,537,66,0.4454348576459405,0.012658227848101266,0.015151515151515152,0.9848484848484849,0.6,0.40567999683727846,0.023206751054852322,0.030303030303030304,0.9696969696969697,0.55,0.37745303209941206,0.052742616033755275,0.030303030303030304,0.9696969696969697,0.5,0.06216739009239288
429,gray dresser,attribute_constraint,860,94,0.44911111423199457,0.015594541910331383,0.010638297872340425,0.9893617021276596,0.8,0.45415770731976485,0.029239766081871343,0.0425531914893617,0.9574468085106383,0.8,0.463698087387992,0.06627680311890838,0.0851063829787234,0.9148936170212766,0.74,0.6144241213902444
430,30 inch bathroom vanity,attribute_constraint,662,98,0.49120494769811857,0.006309148264984227,0.01020408163265306,0.9897959183673469,0.4,0.44697217647448817,0.017350157728706624,0.030612244897959183,0.9693877551020408,0.55,0.4376808322154126,0.028391167192429023,0.04081632653061224,0.9591836734693877,0.38,-0.023446680519345085
431,shoe bench entryway,product_type,160,75,0.9510907186004265,0.05844155844155844,0.10666666666666667,0.8933333333333333,0.9,0.942021502044199,0.11688311688311688,0.21333333333333335,0.7866666666666666,0.9,0.8132637520440043,0.2662337662337662,0.4266666666666667,0.5733333333333333,0.82,0.2442020407103528
432,butcher block island,product_type,176,42,0.652601036858462,0.04597701149425287,0.07142857142857142,0.9285714285714286,0.8,0.6358956969255705,0.09770114942528736,0.16666666666666666,0.8333333333333334,0.85,0.6316589612190854,0.20114942528735633,0.30952380952380953,0.6904761904761905,0.72,0.22634515972594058
433,trundle daybed,brand_entity_proxy,273,113,0.8356329630349425,0.04132231404958678,0.061946902654867256,0.9380530973451328,1.0,0.8221055407723331,0.07851239669421488,0.11504424778761062,0.8849557522123894,0.95,0.7949153418232716,0.17355371900826447,0.26548672566371684,0.7345132743362832,0.86,0.42705703329081723
434,bathroom lighting,brand_entity_proxy,3530,226,1.0,0.007288629737609329,0.04424778761061947,0.9557522123893806,1.0,0.942324983289594,0.013848396501457727,0.07964601769911504,0.9203539823008849,1.0,0.8748578742789107,0.03206997084548105,0.17699115044247787,0.8230088495575221,0.98,0.556972183530976
435,shoe closet,brand_entity_proxy,443,47,0.663093103708534,0.028169014084507043,0.0851063829787234,0.9148936170212766,1.0,0.6181693084225679,0.056338028169014086,0.14893617021276595,0.851063829787234,1.0,0.5124170818506514,0.14084507042253522,0.1702127659574468,0.8297872340425532,1.0,0.45040855389058115
436,full bed with trundle,product_type,214,46,0.4342648940640067,0.028846153846153848,0.021739130434782608,0.9782608695652174,0.6,0.42003012782355825,0.057692307692307696,0.043478260869565216,0.9565217391304348,0.6,0.5125349860330307,0.10576923076923077,0.10869565217391304,0.8913043478260869,0.44,0.12825637317060107
437,kitchen islands with seating,product_type,195,47,0.7619616188993971,0.055865921787709494,0.1276595744680851,0.8723404255319149,1.0,0.7310620907218952,0.11173184357541899,0.23404255319148937,0.7659574468085106,1.0,0.6982569101451623,0.24581005586592178,0.44680851063829785,0.5531914893617021,0.88,0.5503355479611143
438,indoor water fountain,product_type,156,101,1.0,0.06451612903225806,0.09900990099009901,0.900990099009901,1.0,1.0,0.12903225806451613,0.19801980198019803,0.801980198019802,1.0,0.98872647893357,0.2838709677419355,0.42574257425742573,0.5742574257425743,0.88,0.4987064663919945
439,parsons chairs,brand_entity_proxy,3276,216,1.0,0.004111842105263158,0.046296296296296294,0.9537037037037037,1.0,0.9036380262075295,0.008223684210526315,0.07407407407407407,0.9259259259259259,1.0,0.858772006972613,0.02055921052631579,0.1712962962962963,0.8287037037037037,1.0,0.27331044453466236
440,wood bar stools,attribute_constraint,777,255,0.7713210055292574,0.009174311926605505,0.01568627450980392,0.9843137254901961,0.7,0.68661578943185,0.022280471821756225,0.03529411764705882,0.9647058823529412,0.85,0.6565024298901502,0.04193971166448231,0.054901960784313725,0.9450980392156862,0.64,0.17088134821354561
441,desk for kids,product_type,1385,78,0.5424205079588525,0.006018054162487462,0.02564102564102564,0.9743589743589743,0.6,0.6092062835953904,0.012036108324974924,0.0641025641025641,0.9358974358974359,0.65,0.5989392909597203,0.033099297893681046,0.23076923076923078,0.7692307692307692,0.68,0.5156571722765724
442,above toilet cabinet,product_type,1137,70,0.9510907186004265,0.02444987775061125,0.12857142857142856,0.8714285714285714,1.0,0.8972958594794068,0.0488997555012225,0.22857142857142856,0.7714285714285715,1.0,0.9004969758984196,0.11491442542787286,0.5714285714285714,0.4285714285714286,0.96,0.4381520889191828
443,patio design,brand_entity_proxy,409,352,1.0,0.008426966292134831,0.008522727272727272,0.9914772727272727,0.3,1.0,0.016853932584269662,0.017045454545454544,0.9829545454545454,0.3,0.9847599855899974,0.06179775280898876,0.0625,0.9375,0.44,0.4083279309085546
444,outdoor lounge chair,product_type,364,114,0.9432379215722527,0.022222222222222223,0.05263157894736842,0.9473684210526316,0.7,0.9633676079520094,0.03492063492063492,0.08771929824561403,0.9122807017543859,0.55,0.8048526642255514,0.08253968253968254,0.20175438596491227,0.7982456140350878,0.52,0.17705818964227132
445,chaise lounge couch,product_type,350,170,0.7544162439074086,0.024691358024691357,0.023529411764705882,0.9764705882352941,0.8,0.6639346969147697,0.04938271604938271,0.047058823529411764,0.9529411764705882,0.8,0.6011580824585238,0.09567901234567901,0.08823529411764706,0.9117647058823529,0.68,-0.36393924487237506
446,card table,product_type,4326,57,1.0,0.002861230329041488,0.17543859649122806,0.8245614035087719,1.0,0.9644899900915856,0.0054363376251788265,0.3333333333333333,0.6666666666666667,1.0,0.857723003680639,0.012303290414878397,0.631578947368421,0.368421052631579,0.9,0.379815276406751
447,tall buffet cabinet,attribute_constraint,212,3,0.5159958223394444,0.03365384615384615,0.0,1.0,0.7,0.6229152997582164,0.052884615384615384,0.0,1.0,0.55,0.7971293853773932,0.08653846153846154,0.0,1.0,0.36,0.1204572360164085
448,bed side table,product_type,203,81,0.523209467475843,0.0,0.0,1.0,0.0,0.516472960010524,0.0,0.0,1.0,0.0,0.5295678220555834,0.0,0.0,1.0,0.0,-0.00829150943275447
449,living room designs,product_type,172,164,0.92663607790064,0.0,0.0,1.0,0.0,0.9262392754182371,0.0,0.0,1.0,0.0,0.9597374740891036,0.006060606060606061,0.006097560975609756,0.9939024390243902,0.02,0.13112731364391012
451,aiden black velvet bed,attribute_constraint,111,0,0.88995411685096,0.0,,,0.0,0.9289799801831714,0.0,,,0.0,0.9147516619556842,0.0,,,0.0,0.13060993796641032
452,day bed indian,product_type,105,0,1.0,0.02857142857142857,,,0.3,1.0,0.02857142857142857,,,0.15,1.0,0.05714285714285714,,,0.12,
453,midcentury tv unit,product_type,118,25,0.579237114759102,0.0423728813559322,0.08,0.92,0.5,0.5814654467343715,0.0423728813559322,0.08,0.92,0.25,0.6747885035174211,0.1271186440677966,0.16,0.84,0.3,0.05875435272733358
454,carpet 5x6,attribute_constraint,110,0,0.9305687780632229,0.025,,,0.2,0.847012938859693,0.0375,,,0.15,0.7840839439060185,0.075,,,0.12,0.029571141913789224
455,deer coat hooks,product_type,110,2,0.6924564282078567,0.07339449541284404,0.5,0.5,0.8,0.7669892650484594,0.11926605504587157,0.5,0.5,0.65,0.8764320168476445,0.27522935779816515,1.0,0.0,0.6,0.22815583575358905
456,wall design shelf,product_type,221,76,0.8319567064488885,0.035897435897435895,0.06578947368421052,0.9342105263157895,0.7,0.7257442635264759,0.06153846153846154,0.10526315789473684,0.8947368421052632,0.6,0.6592577505668753,0.14871794871794872,0.17105263157894737,0.8289473684210527,0.58,0.2522621472935364
457,5 gang light switch,attribute_constraint,329,0,1.0,0.05202312138728324,,,0.9,1.0,0.10404624277456648,,,0.9,0.9851168632159073,0.23121387283236994,,,0.82,0.620805913566777
458,bubble guppies chair,product_type,120,0,0.9052116356304495,0.031578947368421054,,,0.3,0.9004420464565851,0.031578947368421054,,,0.15,0.9307728378974706,0.08421052631578947,,,0.18,0.4996636281225422
459,tye dye duvet cover,product_type,205,19,0.4264120970358327,0.03902439024390244,0.05263157894736842,0.9473684210526316,0.8,0.4020715324477765,0.07317073170731707,0.10526315789473684,0.8947368421052632,0.75,0.5499799517994198,0.15609756097560976,0.15789473684210525,0.8421052631578947,0.64,-0.07817022290627444
460,small wardrobe grey,attribute_constraint,111,7,0.342107473655145,0.0,0.0,1.0,0.0,0.43975273367841056,0.0,0.0,1.0,0.0,0.6460290965424936,0.0,0.0,1.0,0.0,0.24674342900748172
461,luau string lights,product_type,61,4,0.852911566234823,0.15517241379310345,0.75,0.25,0.9,0.8831033363923686,0.2413793103448276,1.0,0.0,0.7,0.9106001001716567,0.3793103448275862,1.0,0.0,0.44,0.44915557961909564
462,large bases,attribute_constraint,2,0,1.0,0.0,,,0.0,1.0,0.0,,,0.0,1.0,0.0,,,0.0,0.9999999999999999
463,bistro sets patio,product_type,274,139,0.866947989864271,0.03349282296650718,0.050359712230215826,0.9496402877697842,0.7,0.6319475358927471,0.0430622009569378,0.06474820143884892,0.935251798561151,0.65,0.49460061730533067,0.06220095693779904,0.07913669064748201,0.920863309352518,0.56,-0.2552674281815954
464,cake cutlery,brand_entity_proxy,157,85,1.0,0.10869565217391304,0.11764705882352941,0.8823529411764706,1.0,1.0,0.21739130434782608,0.23529411764705882,0.7647058823529411,1.0,0.9898399903933316,0.5434782608695652,0.5764705882352941,0.42352941176470593,1.0,0.6577283036452428
465,white abstract,attribute_constraint,2,1,0.7967075809905066,0.0,0.0,1.0,0.0,0.7967075809905066,0.0,0.0,1.0,0.0,0.7967075809905066,0.0,0.0,1.0,0.0,-0.9999999999999999
466,rock climbing wall kids,product_type,93,1,0.6434152709899624,0.2727272727272727,0.0,1.0,1.0,0.6317517063799236,0.45454545454545453,0.0,1.0,1.0,0.7648510729655734,0.696969696969697,0.0,1.0,0.56,0.6805488230495548
467,town & country living curtains,product_type,150,0,1.0,0.02,,,0.3,1.0,0.02,,,0.15,1.0,0.08,,,0.24,
468,glow in the dark silent wall clock,multi_constraint,294,4,0.4700182601018591,0.035211267605633804,0.0,1.0,1.0,0.5788037469624102,0.07042253521126761,0.0,1.0,1.0,0.736422939246091,0.176056338028169,0.25,0.75,1.0,0.2686790265872896
469,garage sports storage rack,product_type,161,64,0.9432379215722527,0.06369426751592357,0.140625,0.859375,1.0,0.9418087471864629,0.12738853503184713,0.28125,0.71875,1.0,0.8876639013874177,0.31210191082802546,0.609375,0.390625,0.98,0.6273012956353347
470,elephant framed,brand_entity_proxy,638,45,1.0,0.03508771929824561,0.2222222222222222,0.7777777777777778,1.0,1.0,0.07017543859649122,0.4444444444444444,0.5555555555555556,1.0,0.8129654352048334,0.11929824561403508,0.5777777777777777,0.4222222222222223,0.72,0.7561396782142443
471,adjustable height artist stool,product_type,310,1,0.8032285550939751,0.04455445544554455,1.0,0.0,0.9,0.857572190184248,0.06435643564356436,1.0,0.0,0.65,0.9004852162844953,0.10891089108910891,1.0,0.0,0.44,0.5126022812146094
472,window wall accent,product_type,108,47,0.9537125187088151,0.07,0.14893617021276595,0.851063829787234,0.7,0.9469607891329731,0.14,0.2765957446808511,0.7234042553191489,0.7,0.8452548588969832,0.24,0.425531914893617,0.574468085106383,0.48,0.5347958122779038
473,chair pillow cushion,product_type,286,126,0.9537125187088151,0.01858736059479554,0.03968253968253968,0.9603174603174603,0.5,0.9485687101666723,0.03345724907063197,0.06349206349206349,0.9365079365079365,0.45,0.8931346071393477,0.09293680297397769,0.1746031746031746,0.8253968253968254,0.5,0.6049947088253809
474,48 inch bathroom vanity with trough sink,multi_constraint,784,0,1.0,0.007052186177715092,,,0.5,1.0,0.012693935119887164,,,0.45,0.9860416298881254,0.0380818053596615,,,0.54,0.3066451771028271
475,rattan truck,brand_entity_proxy,70,0,0.61886564587798,0.0,,,0.0,0.7199653602172966,0.0,,,0.0,0.8194196045672164,0.0,,,0.0,0.4851093520675059
476,hardwood beds,brand_entity_proxy,2224,639,0.9053206285482486,0.005302226935312832,0.012519561815336464,0.9874804381846636,1.0,0.8626556962858377,0.009013785790031814,0.018779342723004695,0.9812206572769953,0.85,0.784805944954811,0.02386002120890774,0.04381846635367762,0.9561815336463224,0.9,0.5052074662662178
478,worn leather office chair,attribute_constraint,445,1,0.6943559465628248,0.01643192488262911,0.0,1.0,0.7,0.747912025465085,0.025821596244131457,0.0,1.0,0.6,0.8727977240858628,0.05868544600938967,0.0,1.0,0.52,0.07281949355915057
479,garage door mail slot,product_type,83,0,1.0,0.18181818181818182,,,1.0,1.0,0.36363636363636365,,,1.0,0.9705583227747094,0.5636363636363636,,,0.62,0.7477200363280148
480,pictures to hang over fireplace,multi_constraint,3,0,1.0,0.0,,,0.0,1.0,0.0,,,0.0,1.0,0.0,,,0.0,
481,emma headboard,brand_entity_proxy,219,1,0.6943559465628248,0.023696682464454975,0.0,1.0,0.5,0.7787676299523247,0.037914691943127965,0.0,1.0,0.4,0.865751383782762,0.08056872037914692,0.0,1.0,0.34,0.16171891591497548
482,48 inch kitchen hood,attribute_constraint,104,12,0.470077778218629,0.10101010101010101,0.16666666666666666,0.8333333333333334,1.0,0.5773138828479168,0.18181818181818182,0.3333333333333333,0.6666666666666667,0.9,0.7718784120844284,0.32323232323232326,0.5833333333333334,0.41666666666666663,0.64,0.3072574865210503
483,rustic twig,style,248,4,0.4700182601018591,0.04784688995215311,0.0,1.0,1.0,0.5586902167967143,0.07177033492822966,0.0,1.0,0.75,0.758267188035475,0.11483253588516747,0.0,1.0,0.5,0.3492632741835697
484,nespresso vertuo next premium by breville with aeroccino,long_descriptive,53,0,1.0,0.38461538461538464,,,1.0,0.9310524987068722,0.6538461538461539,,,0.95,0.9885867335484734,0.9230769230769231,,,0.52,0.7796695942902638
485,pedistole sink,brand_entity_proxy,255,0,1.0,0.02631578947368421,,,0.4,1.0,0.046052631578947366,,,0.35,1.0,0.07894736842105263,,,0.24,0.7728075555178052
486,54 in bench cushion,attribute_constraint,87,0,1.0,0.0,,,0.0,1.0,0.022988505747126436,,,0.1,1.0,0.11494252873563218,,,0.2,
487,rack glass,brand_entity_proxy,946,2,0.5604750204828055,0.0,0.0,1.0,0.0,0.5720805954245574,0.002304147465437788,0.5,0.5,0.1,0.6089595126678604,0.020737327188940093,0.5,0.5,0.24,0.535560075041847
