query_id,query,query_type,n_judged,n_highest,cNDCG@10,RelevantRecall@10,HighestRecall@10,RelevantHidden@10,JudgedCoverage@10,cNDCG@20,RelevantRecall@20,HighestRecall@20,RelevantHidden@20,JudgedCoverage@20,cNDCG@50,RelevantRecall@50,HighestRecall@50,RelevantHidden@50,JudgedCoverage@50,RelevanceVisibilitySpearman
0,salon chair,product_type,3301,39,0.8726924496217513,0.0029850746268656717,0.20512820512820512,0.7948717948717949,1.0,0.7974228694972882,0.006301824212271974,0.3333333333333333,0.6666666666666667,1.0,0.7638944070090439,0.015920398009950248,0.5897435897435898,0.41025641025641024,1.0,0.36408454162774906
1,smart coffee table,product_type,1436,8,0.3649302102017378,0.007052186177715092,0.0,1.0,1.0,0.47100925925184517,0.014104372355430184,0.0,1.0,1.0,0.6199443599094665,0.03526093088857546,0.0,1.0,1.0,0.0909904370213162
2,dinosaur,brand_entity_proxy,165,151,1.0,0.06329113924050633,0.06622516556291391,0.9337748344370861,1.0,0.9757624746743075,0.12658227848101267,0.12582781456953643,0.8741721854304636,1.0,0.9674867588592252,0.31645569620253167,0.31125827814569534,0.6887417218543046,1.0,0.1874979639502799
3,turquoise pillows,brand_entity_proxy,997,55,0.677672074565548,0.010362694300518135,0.09090909090909091,0.9090909090909091,1.0,0.5832138793931804,0.02072538860103627,0.12727272727272726,0.8727272727272728,1.0,0.46667585719464094,0.05569948186528497,0.14545454545454545,0.8545454545454545,1.0,0.5312564253917581
4,chair and a half recliner,multi_constraint,239,23,0.3333333333333333,0.03684210526315789,0.0,1.0,0.7,0.4048241402148408,0.06315789473684211,0.043478260869565216,0.9565217391304348,0.6,0.5719243173003612,0.12631578947368421,0.17391304347826086,0.8260869565217391,0.52,0.43756630419669695
5,sofa with ottoman,product_type,1344,179,0.806493476686957,0.007639419404125287,0.03910614525139665,0.9608938547486033,1.0,0.80667804151254,0.015278838808250574,0.0782122905027933,0.9217877094972067,1.0,0.7618856309954041,0.03819709702062643,0.17318435754189945,0.8268156424581006,1.0,0.44647507906243444
6,acrylic clear chair,attribute_constraint,109,43,0.9432379215722527,0.0707070707070707,0.13953488372093023,0.8604651162790697,0.7,0.8964573184798273,0.10101010101010101,0.20930232558139536,0.7906976744186046,0.5,0.8430571895892944,0.1717171717171717,0.3488372093023256,0.6511627906976745,0.34,0.5348302815742414
7,driftwood mirror,product_type,603,23,0.8148636649541376,0.018691588785046728,0.2608695652173913,0.7391304347826086,1.0,0.7147168000897792,0.037383177570093455,0.391304347826087,0.6086956521739131,1.0,0.7953342393231421,0.09158878504672897,0.5652173913043478,0.4347826086956522,0.98,0.5193288887524218
8,home sweet home sign,product_type,105,25,0.8013151345851657,0.0425531914893617,0.12,0.88,0.4,0.6353535075347362,0.09574468085106383,0.24,0.76,0.45,0.758621693402239,0.2765957446808511,0.36,0.64,0.52,0.32312443437762006
9,coffee table fire pit,product_type,1516,74,1.0,0.006622516556291391,0.13513513513513514,0.8648648648648649,1.0,1.0,0.013245033112582781,0.2702702702702703,0.7297297297297297,1.0,0.9697167363877168,0.033112582781456956,0.6351351351351351,0.3648648648648649,1.0,0.3167597037045527
10,king poster bed,attribute_constraint,177,21,1.0,0.056818181818181816,0.47619047619047616,0.5238095238095238,1.0,0.8622677510464068,0.11363636363636363,0.6666666666666666,0.33333333333333337,1.0,0.9654446681032284,0.2556818181818182,0.9047619047619048,0.09523809523809523,0.9,0.5185171588594072
11,ombre rug,product_type,1428,65,1.0,0.007042253521126761,0.15384615384615385,0.8461538461538461,1.0,0.9547677992955106,0.014084507042253521,0.27692307692307694,0.7230769230769231,1.0,0.8787502965507481,0.035211267605633804,0.5846153846153846,0.41538461538461535,1.0,0.3253567921536287
12,large spoon and fork wall decor,multi_constraint,225,27,0.7991971355969069,0.056818181818181816,0.2222222222222222,0.7777777777777778,1.0,0.7651607885954256,0.10227272727272728,0.4444444444444444,0.5555555555555556,0.95,0.8640308229607955,0.16477272727272727,0.5555555555555556,0.4444444444444444,0.62,0.477774485453171
13,outdoor privacy wall,product_type,122,46,1.0,0.15789473684210525,0.1956521739130435,0.8043478260869565,0.9,0.8471696496150958,0.2631578947368421,0.30434782608695654,0.6956521739130435,0.85,0.7626871862799748,0.40350877192982454,0.45652173913043476,0.5434782608695652,0.58,0.5013145622268482
14,beds that have leds,product_type,2692,20,0.9069212362975005,0.004455760661998727,0.3,0.7,0.7,0.6687098326401392,0.008274984086569064,0.4,0.6,0.7,0.7460334881003721,0.018459579885423297,0.45,0.55,0.68,0.41496429944302987
15,black 5 drawer dresser by guilford,multi_constraint,613,2,0.5821032065260975,0.016722408026755852,0.0,1.0,1.0,0.6833800218492042,0.033444816053511704,0.0,1.0,1.0,0.8231291175537806,0.0802675585284281,0.5,0.5,0.96,0.2410866771320194
16,blk 18x18 seat cushions,attribute_constraint,493,4,0.549107799648206,0.0037593984962406013,0.25,0.75,0.2,0.5406608655488134,0.015037593984962405,0.25,0.75,0.25,0.568508854322783,0.022556390977443608,0.25,0.75,0.16,-0.021174526377007865
17,closet storage with zipper,product_type,103,21,0.8803485966094551,0.08737864077669903,0.3333333333333333,0.6666666666666667,0.9,0.7105966486866541,0.17475728155339806,0.42857142857142855,0.5714285714285714,0.9,0.8309971041133508,0.4077669902912621,0.6190476190476191,0.38095238095238093,0.84,0.2974564278420363
18,chrome bathroom 4 light vanity light,multi_constraint,1053,34,0.717792136596471,0.0364963503649635,0.14705882352941177,0.8529411764705882,1.0,0.7922825007037971,0.072992700729927,0.4117647058823529,0.5882352941176471,1.0,0.8107624607725457,0.18248175182481752,0.7058823529411765,0.2941176470588235,1.0,0.3790937598690865
19,gurney  slade 56,attribute_constraint,14,0,0.92663607790064,0.4,,,0.4,0.9880291235053865,0.4,,,0.2,0.9880291235053865,0.4,,,0.08,0.6275716324421889
20,foutains with brick look,product_type,94,12,0.23424280118598098,0.011111111111111112,0.0,1.0,0.2,0.37168573282550404,0.022222222222222223,0.0,1.0,0.2,0.6302834394703142,0.05555555555555555,0.0,1.0,0.14,-0.135178135813127
21,living curtains pearl,product_type,127,1,0.6943559465628248,0.03937007874015748,0.0,1.0,0.5,0.7787676299523247,0.05511811023622047,0.0,1.0,0.35,0.8936770556738188,0.07086614173228346,0.0,1.0,0.18,0.08991182587596983
22,light and navy blue decorative pillow,multi_constraint,251,22,0.3775028156362593,0.030612244897959183,0.0,1.0,0.6,0.40974974027465655,0.05612244897959184,0.045454545454545456,0.9545454545454546,0.55,0.569839441007823,0.12755102040816327,0.13636363636363635,0.8636363636363636,0.5,0.5878368160421283
23,stoneford end tables white and wood,multi_constraint,1266,0,1.0,0.006514657980456026,,,0.8,1.0,0.013843648208469055,,,0.85,1.0,0.035830618892508145,,,0.88,0.24394942807950573
24,wood coffee table set by storage,multi_constraint,2559,84,0.5323266901845036,0.004764173415912339,0.023809523809523808,0.9761904761904762,1.0,0.5364555994190939,0.009528346831824679,0.05952380952380952,0.9404761904761905,1.0,0.5262149653269822,0.023820867079561697,0.15476190476190477,0.8452380952380952,1.0,0.5985665718409251
25,sunflower,brand_entity_proxy,242,227,1.0,0.04329004329004329,0.04405286343612335,0.9559471365638766,1.0,1.0,0.08658008658008658,0.0881057268722467,0.9118942731277533,1.0,1.0,0.21645021645021645,0.22026431718061673,0.7797356828193833,1.0,0.31382216024420323
26,leather chairs,attribute_constraint,3746,876,1.0,0.0030422878004259203,0.01141552511415525,0.9885844748858448,1.0,0.9744102412230782,0.0060845756008518406,0.021689497716894976,0.978310502283105,1.0,0.8965619583094527,0.015211439002129602,0.045662100456621,0.954337899543379,1.0,0.4248303571677405
27,outdoor welcome rug,product_type,344,100,0.439004693160654,0.023391812865497075,0.02,0.98,0.8,0.4725628518861646,0.038011695906432746,0.03,0.97,0.65,0.45751751248672073,0.08187134502923976,0.05,0.95,0.56,-0.13545262787871823
28,rooster decor,brand_entity_proxy,725,175,1.0,0.03333333333333333,0.05714285714285714,0.9428571428571428,1.0,1.0,0.06666666666666667,0.11428571428571428,0.8857142857142857,1.0,1.0,0.16666666666666666,0.2857142857142857,0.7142857142857143,1.0,0.7372393977851748
29,bathroom vanity knobs,product_type,802,138,0.11004588314904008,0.007246376811594203,0.007246376811594203,0.9927536231884058,1.0,0.11064108687264428,0.014492753623188406,0.014492753623188406,0.9855072463768116,1.0,0.09253053279303176,0.028985507246376812,0.028985507246376812,0.9710144927536232,1.0,-0.15276372809948444
30,3 1/2 inch drawer pull,multi_constraint,549,88,0.3965255762463672,0.023529411764705882,0.011363636363636364,0.9886363636363636,0.8,0.3997053023622765,0.047058823529411764,0.022727272727272728,0.9772727272727273,0.8,0.42955550403240594,0.12058823529411765,0.06818181818181818,0.9318181818181819,0.82,0.7125122170370899
31,burnt orange curtains,product_type,168,1,0.6943559465628248,0.03571428571428571,0.0,1.0,0.6,0.7787676299523247,0.06547619047619048,0.0,1.0,0.55,0.865751383782762,0.11904761904761904,0.0,1.0,0.4,-0.13323467750529827
32,dark gray dresser,attribute_constraint,211,3,0.6295622542805632,0.027472527472527472,0.3333333333333333,0.6666666666666667,0.5,0.7578721047993224,0.04945054945054945,0.3333333333333333,0.6666666666666667,0.45,0.8405229912380094,0.09340659340659341,0.6666666666666666,0.33333333333333337,0.34,0.5601551055784905
33,non slip shower floor tile,multi_constraint,669,125,0.4395055939904898,0.005194805194805195,0.008,0.992,0.4,0.41537028649927593,0.02077922077922078,0.016,0.984,0.5,0.4601333583306869,0.05714285714285714,0.04,0.96,0.5,0.5886634158909742
34,bar stool with backrest,product_type,740,374,0.5460635004263776,0.013605442176870748,0.0106951871657754,0.9893048128342246,1.0,0.6140709903377628,0.02585034013605442,0.026737967914438502,0.9732620320855615,0.95,0.6503593291918423,0.05714285714285714,0.06149732620320856,0.9385026737967914,0.84,0.03784277433857354
35,enclosed shoe rack,product_type,174,51,0.3333333333333333,0.05232558139534884,0.0,1.0,0.9,0.35974737803721046,0.11046511627906977,0.0196078431372549,0.9803921568627451,0.95,0.43936182589172745,0.2616279069767442,0.17647058823529413,0.8235294117647058,0.9,-0.2113854068751761
36,laundry basket with wheels,product_type,157,37,0.955830517697074,0.05128205128205128,0.21621621621621623,0.7837837837837838,0.8,0.8290614319105976,0.08974358974358974,0.2702702702702703,0.7297297297297297,0.7,0.8646966695052916,0.21153846153846154,0.5675675675675675,0.43243243243243246,0.66,0.5017673259281984
37,bar stool 24 inches height,multi_constraint,875,110,0.470077778218629,0.010935601458080195,0.01818181818181818,0.9818181818181818,0.9,0.4442923813162385,0.02187120291616039,0.02727272727272727,0.9727272727272728,0.9,0.42305674054887776,0.05710814094775213,0.05454545454545454,0.9454545454545454,0.94,0.18802526569912784
38,calvin patio chair,product_type,255,1,1.0,0.04245283018867924,1.0,0.0,0.9,1.0,0.08490566037735849,1.0,0.0,0.9,1.0,0.21226415094339623,1.0,0.0,0.9,0.6260963041581674
39,door jewelry organizer,product_type,149,31,0.38559884598578353,0.06711409395973154,0.03225806451612903,0.967741935483871,1.0,0.36706378864974476,0.1342281879194631,0.03225806451612903,0.967741935483871,1.0,0.4804801179681993,0.3288590604026846,0.16129032258064516,0.8387096774193549,0.98,-0.023064472986521214
40,elegant executive chair,product_type,166,40,0.8148636649541376,0.06097560975609756,0.15,0.85,1.0,0.7616591461562403,0.12195121951219512,0.275,0.725,1.0,0.6934267874737248,0.2865853658536585,0.425,0.575,0.94,0.3541359150715069
41,closet pull out valet rod,multi_constraint,143,19,0.7898916330153443,0.125,0.3684210526315789,0.631578947368421,1.0,0.7879249444638701,0.25,0.6842105263157895,0.3157894736842105,1.0,0.8465074853199152,0.4875,0.8421052631578947,0.1578947368421053,0.84,0.5657456345601999
42,toddler couch fold out,product_type,149,3,0.613816622381599,0.09333333333333334,0.3333333333333333,0.6666666666666667,0.7,0.7484880256536651,0.21333333333333335,0.6666666666666666,0.33333333333333337,0.8,0.7828305765860322,0.48,1.0,0.0,0.78,0.579968215525964
43,solid teak end table,product_type,1231,22,0.821029976188305,0.008563273073263558,0.3181818181818182,0.6818181818181819,1.0,0.7938669213007971,0.01807802093244529,0.5909090909090909,0.40909090909090906,1.0,0.8399270721452403,0.04567078972407231,0.6363636363636364,0.36363636363636365,0.98,0.1639989549526913
44,chrome shower head and valve,multi_constraint,219,33,0.4891005388287368,0.04608294930875576,0.06060606060606061,0.9393939393939394,1.0,0.4554192624864636,0.09216589861751152,0.09090909090909091,0.9090909090909091,1.0,0.5148057452979177,0.22119815668202766,0.18181818181818182,0.8181818181818181,0.96,0.06888791754838218
45,70s inspired furniture,attribute_constraint,169,20,0.543441700317989,0.0,0.0,1.0,0.0,0.5052578873884819,0.028037383177570093,0.1,0.9,0.15,0.7264639560113748,0.028037383177570093,0.1,0.9,0.06,0.7170804310251917
46,beach blue headboard,attribute_constraint,104,5,0.530967984732111,0.049019607843137254,0.2,0.8,0.5,0.6990315114832713,0.08823529411764706,0.2,0.8,0.45,0.7818777082791308,0.22549019607843138,0.6,0.4,0.46,0.1324626123793045
47,porcelain loaf pan,product_type,105,0,1.0,0.1,,,1.0,1.0,0.2,,,1.0,0.9835051587382828,0.49,,,1.0,0.21689690420497248
48,arwen table lamp,product_type,282,1,0.6943559465628248,0.031914893617021274,0.0,1.0,0.9,0.7787676299523247,0.0673758865248227,0.0,1.0,0.95,0.865751383782762,0.16666666666666666,0.0,1.0,0.94,-0.003297642708625208
49,moen matte black hooks,attribute_constraint,135,0,0.9337457765456111,0.02586206896551724,,,0.3,0.9199349371185236,0.04310344827586207,,,0.25,0.956296230994184,0.04310344827586207,,,0.1,0.46350969961871125
50,tufted chair with gold legs,multi_constraint,404,28,0.38224261473290666,0.017902813299232736,0.03571428571428571,0.9642857142857143,0.7,0.36489778658525723,0.030690537084398978,0.03571428571428571,0.9642857142857143,0.6,0.4602189087264145,0.08951406649616368,0.07142857142857142,0.9285714285714286,0.7,0.2136901001797913
51,kohen 5 drawer dresser,attribute_constraint,595,1,0.8471779732814125,0.017006802721088437,1.0,0.0,1.0,0.8893838149761623,0.034013605442176874,1.0,0.0,1.0,0.932875691891381,0.08503401360544217,1.0,0.0,1.0,0.16539198684633757
52,westling coffee table,product_type,1433,0,1.0,0.007042253521126761,,,1.0,0.9603789329441843,0.013380281690140845,,,1.0,0.9783727146391596,0.03450704225352113,,,1.0,0.13740885630467117
53,carolyn console table,product_type,610,0,1.0,0.01639344262295082,,,1.0,1.0,0.03278688524590164,,,1.0,1.0,0.08196721311475409,,,1.0,
54,wayfair sleep zippered,product_type,143,5,0.5176882393520761,0.057971014492753624,0.2,0.8,0.8,0.6107681469206743,0.13043478260869565,0.2,0.8,0.9,0.7510271433326745,0.3188405797101449,0.2,0.8,0.88,0.15054455363264183
55,tollette teal outdoor rug,product_type,171,1,0.6943559465628248,0.058823529411764705,0.0,1.0,1.0,0.7787676299523247,0.11764705882352941,0.0,1.0,1.0,0.8954290178068699,0.28823529411764703,1.0,0.0,0.98,0.16322066925516826
56,royal blue counter height chairs,multi_constraint,344,0,0.412449713642891,0.017316017316017316,,,0.6,0.5544129662025303,0.021645021645021644,,,0.55,0.5568036728437268,0.05627705627705628,,,0.48,-0.16239770267046427
57,jordanna solid wood rocking,attribute_constraint,1406,1,0.5830870753439809,0.015789473684210527,1.0,0.0,0.9,0.528526620320695,0.021052631578947368,1.0,0.0,0.75,0.41267157038820695,0.05263157894736842,1.0,0.0,0.64,0.0063767321596700025
58,medium size chandelier,product_type,164,63,0.554462448726138,0.018518518518518517,0.0,1.0,0.3,0.6199351180813772,0.037037037037037035,0.047619047619047616,0.9523809523809523,0.3,0.5996198423256216,0.09876543209876543,0.12698412698412698,0.873015873015873,0.32,0.0516911229247275
59,broadway lever,brand_entity_proxy,165,43,1.0,0.06451612903225806,0.23255813953488372,0.7674418604651163,1.0,1.0,0.12903225806451613,0.46511627906976744,0.5348837209302326,1.0,0.9894606937562924,0.3225806451612903,0.9767441860465116,0.023255813953488413,1.0,0.7324716963989167
60,capricorn chest,brand_entity_proxy,332,3,0.3807884581740843,0.021604938271604937,0.3333333333333333,0.6666666666666667,1.0,0.5432770960132562,0.04938271604938271,0.6666666666666666,0.33333333333333337,1.0,0.6746600237374856,0.12654320987654322,0.6666666666666666,0.33333333333333337,0.94,-0.05001492396165864
61,overstreet rustic pub stools,style,162,1,0.6943559465628248,0.030864197530864196,0.0,1.0,0.5,0.7787676299523247,0.05555555555555555,0.0,1.0,0.45,0.865751383782762,0.1419753086419753,0.0,1.0,0.46,-0.009269016052374186
62,7qt slow cooker,attribute_constraint,157,9,0.7479481606403444,0.06756756756756757,0.5555555555555556,0.4444444444444444,1.0,0.788419553610107,0.13513513513513514,0.5555555555555556,0.4444444444444444,1.0,0.8669675160683585,0.33783783783783783,0.6666666666666666,0.33333333333333337,1.0,0.42004344733504356
63,monthly calendar,brand_entity_proxy,115,72,0.8585157560180571,0.09433962264150944,0.1111111111111111,0.8888888888888888,1.0,0.8855239068132682,0.18867924528301888,0.2361111111111111,0.7638888888888888,1.0,0.8294670672130694,0.4716981132075472,0.5,0.5,1.0,0.38640094122589136
64,zachary 72.5,attribute_constraint,77,1,0.5469953073321132,0.0,0.0,1.0,0.0,0.6721045259196076,0.0,0.0,1.0,0.0,0.8250634055827822,0.0,0.0,1.0,0.0,-0.10077805921890505
65,gnome fairy garden,product_type,156,38,0.6023343810309869,0.06535947712418301,0.07894736842105263,0.9210526315789473,1.0,0.5325275849958366,0.13071895424836602,0.10526315789473684,0.8947368421052632,1.0,0.5662991120717897,0.3202614379084967,0.2631578947368421,0.736842105263158,0.98,0.010227075331995341
66,novara pergola,brand_entity_proxy,69,1,1.0,0.15625,1.0,0.0,1.0,1.0,0.3125,1.0,0.0,1.0,1.0,0.78125,1.0,0.0,1.0,0.4883741565338878
67,osgood mirror,product_type,587,0,1.0,0.01984126984126984,,,1.0,1.0,0.03968253968253968,,,1.0,1.0,0.0992063492063492,,,1.0,0.47034126727730813
68,nautical platters,brand_entity_proxy,204,89,0.7352052034243989,0.05952380952380952,0.06741573033707865,0.9325842696629214,1.0,0.7318740800627263,0.11904761904761904,0.1348314606741573,0.8651685393258427,1.0,0.7661149533328269,0.2976190476190476,0.3707865168539326,0.6292134831460674,1.0,0.5274289102290926
69,wall sconce with usb port,multi_constraint,235,13,0.4826703743434503,0.04975124378109453,0.15384615384615385,0.8461538461538461,1.0,0.4977746031407444,0.0945273631840796,0.15384615384615385,0.8461538461538461,1.0,0.6610621695671733,0.208955223880597,0.38461538461538464,0.6153846153846154,0.92,0.2721537914411237
70,annex dresser,product_type,504,1,1.0,0.019880715705765408,1.0,0.0,1.0,1.0,0.039761431411530816,1.0,0.0,1.0,1.0,0.09940357852882704,1.0,0.0,1.0,0.1075937548880662
71,infant girl crib bedding,product_type,139,47,0.7687644635358548,0.07246376811594203,0.1276595744680851,0.8723404255319149,1.0,0.7081326625035869,0.13768115942028986,0.2127659574468085,0.7872340425531915,0.95,0.665777425822743,0.34782608695652173,0.425531914893617,0.574468085106383,0.96,0.18771400264075874
72,fold in half table,product_type,174,85,0.9537125187088151,0.06134969325153374,0.10588235294117647,0.8941176470588236,1.0,0.9469607891329731,0.12269938650306748,0.21176470588235294,0.788235294117647,1.0,0.9107183686256061,0.3067484662576687,0.49411764705882355,0.5058823529411764,1.0,0.5927826602812993
73,certified international melamine,product_type,181,0,1.0,0.0440251572327044,,,0.7,1.0,0.1069182389937107,,,0.85,1.0,0.27044025157232704,,,0.86,0.5426775260954576
74,serta kleinmon,brand_entity_proxy,87,3,0.7728671361177625,0.09523809523809523,0.6666666666666666,0.33333333333333337,0.8,0.8025700792752156,0.10714285714285714,0.6666666666666666,0.33333333333333337,0.45,0.8805115987949282,0.17857142857142858,0.6666666666666666,0.33333333333333337,0.3,0.10108641702442421
75,sheffield home bath set,product_type,231,4,0.6368937382046338,0.029197080291970802,0.25,0.75,0.4,0.6721550617366795,0.0364963503649635,0.25,0.75,0.3,0.7714075430520831,0.0948905109489051,0.25,0.75,0.3,0.601605872482242
76,46 inch closet door,attribute_constraint,135,2,0.42382093094650053,0.10909090909090909,0.0,1.0,0.7,0.4656889543240825,0.16363636363636364,0.0,1.0,0.65,0.5051321551937747,0.3090909090909091,0.0,1.0,0.52,0.44046871879980903
77,sancroft armchair,brand_entity_proxy,661,1,0.6943559465628248,0.015128593040847202,0.0,1.0,1.0,0.7787676299523247,0.02723146747352496,0.0,1.0,0.9,0.865751383782762,0.059001512859304085,0.0,1.0,0.78,-0.0285591796550582
78,dorel vanity,brand_entity_proxy,948,3,0.5159958223394444,0.011723329425556858,0.0,1.0,1.0,0.6229152997582164,0.023446658851113716,0.0,1.0,1.0,0.7516339866803449,0.05861664712778429,0.0,1.0,1.0,0.39466008378137785
79,palram harmony greenhouses,product_type,122,0,0.8318477135310892,0.0761904761904762,,,1.0,0.8914800047440822,0.17142857142857143,,,1.0,0.9252574143308809,0.4380952380952381,,,0.98,0.30949661713873355
80,7 draw white dresser,attribute_constraint,198,39,0.6607868248473735,0.05102040816326531,0.10256410256410256,0.8974358974358975,1.0,0.6383389306870032,0.08163265306122448,0.15384615384615385,0.8461538461538461,0.8,0.6733207063316159,0.17346938775510204,0.38461538461538464,0.6153846153846154,0.68,0.2733463216488817
81,orren ellis l shape desk,multi_constraint,233,75,0.45298473672387823,0.045662100456621,0.02666666666666667,0.9733333333333334,1.0,0.48014925175475576,0.0867579908675799,0.05333333333333334,0.9466666666666667,0.95,0.5033524373051123,0.2146118721461187,0.16,0.84,0.94,0.17858368959155366
82,bathroom vanity with counter space,multi_constraint,668,53,0.42590829591570295,0.012232415902140673,0.018867924528301886,0.9811320754716981,0.8,0.4402268110113643,0.027522935779816515,0.03773584905660377,0.9622641509433962,0.9,0.4620387649323291,0.07186544342507645,0.18867924528301888,0.8113207547169812,0.94,0.18534087545821304
83,wall art fiji,product_type,103,0,0.77990823370192,0.010309278350515464,,,0.2,0.8579599603663427,0.030927835051546393,,,0.2,0.9224669929889917,0.061855670103092786,,,0.14,0.23282458971769013
84,full metal bed rose gold,multi_constraint,299,1,0.5521280687385698,0.028708133971291867,0.0,1.0,0.8,0.6506357252528446,0.05263157894736842,0.0,1.0,0.65,0.7217305201533156,0.13875598086124402,0.0,1.0,0.7,0.4109496471286444
85,3/4 size mattress,attribute_constraint,152,0,1.0,0.02830188679245283,,,0.3,1.0,0.04716981132075472,,,0.25,1.0,0.11320754716981132,,,0.24,0.7957163590675893
86,aloe vera plant pot,product_type,142,15,0.5690654355727758,0.07246376811594203,0.26666666666666666,0.7333333333333334,1.0,0.5720354994077677,0.14492753623188406,0.3333333333333333,0.6666666666666667,1.0,0.7699551244719057,0.36231884057971014,0.7333333333333333,0.2666666666666667,1.0,0.3908535141610937
87,vlad modular sectional,product_type,221,0,1.0,0.04524886877828054,,,1.0,1.0,0.09049773755656108,,,1.0,1.0,0.2171945701357466,,,0.96,
88,rose gold lounge,attribute_constraint,159,1,0.48241428980087975,0.037037037037037035,0.0,1.0,0.6,0.62535926322644,0.08333333333333333,0.0,1.0,0.55,0.7326814444881232,0.2222222222222222,0.0,1.0,0.54,0.3737309376168758
89,whimsical solar lights,product_type,142,68,0.7053186826349334,0.07407407407407407,0.07352941176470588,0.9264705882352942,1.0,0.6896514051975823,0.13333333333333333,0.11764705882352941,0.8823529411764706,0.9,0.7411053689432567,0.32592592592592595,0.4117647058823529,0.5882352941176471,0.88,0.2697126298458304
90,filaret outdoor sofa,product_type,242,0,1.0,0.03319502074688797,,,0.8,1.0,0.07053941908713693,,,0.85,1.0,0.14937759336099585,,,0.72,0.03457814661134163
91,industrial pipe dining  table,style,686,8,0.445248344740568,0.014925373134328358,0.125,0.875,1.0,0.5379114331037969,0.029850746268656716,0.125,0.875,1.0,0.6892619713826987,0.07313432835820896,0.25,0.75,0.98,0.27011314709711653
92,antique silver entry table,attribute_constraint,170,0,0.88995411685096,0.018072289156626505,,,0.4,0.9289799801831714,0.018072289156626505,,,0.2,0.9612334964944959,0.03614457831325301,,,0.14,0.0395398648173493
93,outdoor sectional dining,product_type,233,58,0.38224261473290666,0.01809954751131222,0.0,1.0,0.4,0.38806456838450293,0.027149321266968326,0.0,1.0,0.3,0.47257629317782895,0.07239819004524888,0.034482758620689655,0.9655172413793104,0.32,0.1495411970024005
94,kohler whitehaven farmhouse kitchen sink,style,197,4,0.4700182601018591,0.06666666666666667,0.0,1.0,1.0,0.5788037469624102,0.13333333333333333,0.0,1.0,1.0,0.7612434895175945,0.3333333333333333,0.5,0.5,1.0,0.5961493553391928
95,entertainment stand end table,product_type,820,49,0.3333333333333333,0.0049079754601227,0.0,1.0,0.4,0.3333333333333334,0.0098159509202454,0.0,1.0,0.4,0.3363986890194633,0.023312883435582823,0.0,1.0,0.38,0.000783891600225553
96,bar room wall decor,product_type,384,75,0.92663607790064,0.031914893617021274,0.10666666666666667,0.8933333333333333,0.9,0.9038967795459466,0.06028368794326241,0.18666666666666668,0.8133333333333334,0.85,0.7658729871680412,0.1276595744680851,0.30666666666666664,0.6933333333333334,0.72,0.6389201636362666
97,regner power loom red,attribute_constraint,197,1,0.6943559465628248,0.025510204081632654,0.0,1.0,0.5,0.7535836155980394,0.03571428571428571,0.0,1.0,0.35,0.8773188991055094,0.061224489795918366,0.0,1.0,0.24,-0.009744836715156512
98,gracie oaks 62 oller 14 ceiling fan,multi_constraint,124,0,1.0,0.08849557522123894,,,1.0,1.0,0.17699115044247787,,,1.0,1.0,0.4424778761061947,,,1.0,0.45682178675079127
99,arched christmas tree,product_type,121,0,1.0,0.09009009009009009,,,1.0,1.0,0.18018018018018017,,,1.0,1.0,0.44144144144144143,,,0.98,0.4554434544656728
100,tufted upholstered bed diamond,product_type,887,211,0.8590331472570637,0.012315270935960592,0.03317535545023697,0.966824644549763,1.0,0.8642989534597559,0.024630541871921183,0.07109004739336493,0.9289099526066351,1.0,0.7671399038456926,0.0603448275862069,0.13270142180094788,0.8672985781990521,0.98,0.37964794143471176
101,48 in entry table with side by side drawer,long_descriptive,283,4,0.4700182601018591,0.03088803088803089,0.0,1.0,0.8,0.5788037469624102,0.05019305019305019,0.0,1.0,0.65,0.6513973370522598,0.10038610038610038,0.0,1.0,0.54,-0.07463114648391098
102,flamingo,brand_entity_proxy,68,57,1.0,0.17543859649122806,0.17543859649122806,0.8245614035087719,1.0,1.0,0.3508771929824561,0.3508771929824561,0.6491228070175439,1.0,0.95401558907713,0.7192982456140351,0.7192982456140351,0.2807017543859649,0.86,0.47916580465554076
103,kitchen anti fatigue mats,product_type,368,230,0.9432379215722527,0.027247956403269755,0.0391304347826087,0.9608695652173913,1.0,0.8667591765600473,0.05449591280653951,0.06521739130434782,0.9347826086956522,1.0,0.7970739650741944,0.1362397820163488,0.1391304347826087,0.8608695652173913,1.0,0.2526082458768782
104,flour and sugar containers,product_type,179,12,0.5432534204450873,0.056179775280898875,0.16666666666666666,0.8333333333333334,1.0,0.6623429949480685,0.10674157303370786,0.3333333333333333,0.6666666666666667,0.95,0.7918583339219678,0.2303370786516854,0.6666666666666666,0.33333333333333337,0.84,0.1533125384358373
105,outdoor movie screen,product_type,149,62,1.0,0.07352941176470588,0.16129032258064516,0.8387096774193549,1.0,1.0,0.14705882352941177,0.3225806451612903,0.6774193548387097,1.0,0.9199567194667708,0.3602941176470588,0.6774193548387096,0.32258064516129037,1.0,0.64864613239474
106,bed risers,product_type,2245,36,1.0,0.10526315789473684,0.2777777777777778,0.7222222222222222,1.0,0.9763266600610571,0.21052631578947367,0.5277777777777778,0.4722222222222222,1.0,0.8812128893877826,0.4,0.8888888888888888,0.11111111111111116,1.0,0.09043731935137618
107,front porch furniture sets,product_type,309,43,0.499272218015063,0.0231023102310231,0.046511627906976744,0.9534883720930233,0.7,0.4635916531460273,0.033003300330033,0.046511627906976744,0.9534883720930233,0.5,0.49687052290933287,0.0924092409240924,0.09302325581395349,0.9069767441860466,0.56,0.14572147334655747
108,ayesha curry kitchen,product_type,131,81,1.0,0.07936507936507936,0.12345679012345678,0.8765432098765432,1.0,0.9433957268160408,0.15079365079365079,0.2222222222222222,0.7777777777777778,1.0,0.9402890927188805,0.3888888888888889,0.5555555555555556,0.4444444444444444,1.0,0.6143383150485159
109,hillsby oriental rug,product_type,247,39,1.0,0.04048582995951417,0.2564102564102564,0.7435897435897436,1.0,0.9512434594238325,0.08097165991902834,0.46153846153846156,0.5384615384615384,1.0,0.95548410640168,0.19433198380566802,0.8974358974358975,0.10256410256410253,0.96,0.5872050616094991
110,mila task chair,product_type,348,0,1.0,0.02881844380403458,,,1.0,1.0,0.05763688760806916,,,1.0,1.0,0.13544668587896252,,,0.94,0.09271455408231195
111,delta trinsic,brand_entity_proxy,161,69,1.0,0.04516129032258064,0.10144927536231885,0.8985507246376812,0.7,1.0,0.09032258064516129,0.2028985507246377,0.7971014492753623,0.7,0.9809655128396021,0.21935483870967742,0.4927536231884058,0.5072463768115942,0.68,0.7709260101367872
112,pineapple,brand_entity_proxy,271,266,1.0,0.03759398496240601,0.03759398496240601,0.9624060150375939,1.0,1.0,0.07518796992481203,0.07518796992481203,0.924812030075188,1.0,1.0,0.18796992481203006,0.18796992481203006,0.8120300751879699,1.0,0.177707774376534
113,led light strip,product_type,432,75,0.9432379215722527,0.026455026455026454,0.12,0.88,1.0,0.9633676079520094,0.05291005291005291,0.25333333333333335,0.7466666666666666,1.0,0.9800040923896373,0.12962962962962962,0.64,0.36,0.98,0.7163536762756275
114,geralyn upholstered storage platform bed,multi_constraint,1252,3,0.5159958223394444,0.008136696501220505,0.0,1.0,1.0,0.6682090758191698,0.01627339300244101,0.3333333333333333,0.6666666666666667,1.0,0.7814666332481828,0.04068348250610252,0.3333333333333333,0.6666666666666667,1.0,0.02043741248879161
115,peacock,brand_entity_proxy,224,202,1.0,0.04878048780487805,0.04950495049504951,0.9504950495049505,1.0,1.0,0.0975609756097561,0.09900990099009901,0.900990099009901,1.0,1.0,0.24390243902439024,0.24752475247524752,0.7524752475247525,1.0,0.3395168610047009
116,brockham solid blackout thermal grommet curtain panels,multi_constraint,595,0,1.0,0.01721170395869191,,,1.0,1.0,0.03442340791738382,,,1.0,1.0,0.08605851979345955,,,1.0,0.2600874843321219
117,tall storage cabinet,attribute_constraint,430,128,0.8314393152098816,0.007125890736342043,0.015625,0.984375,0.3,0.8190060070072933,0.023752969121140142,0.0546875,0.9453125,0.5,0.7215298324817593,0.07363420427553444,0.15625,0.84375,0.62,0.3069221876735626
118,body pillow case,product_type,216,94,0.9510907186004265,0.046296296296296294,0.09574468085106383,0.9042553191489362,1.0,0.9684355467480761,0.09259259259259259,0.20212765957446807,0.7978723404255319,1.0,0.9251556627814618,0.21296296296296297,0.44680851063829785,0.5531914893617021,0.92,0.5133794699660329
119,welcome sign,brand_entity_proxy,441,158,0.7940852808404051,0.0273972602739726,0.0379746835443038,0.9620253164556962,1.0,0.6797962882303826,0.0547945205479452,0.05063291139240506,0.9493670886075949,1.0,0.5948406409136439,0.13424657534246576,0.0949367088607595,0.9050632911392404,0.98,0.12029704359989825
120,zodiac pillow,brand_entity_proxy,979,33,0.9432379215722527,0.012077294685990338,0.2727272727272727,0.7272727272727273,1.0,0.9198987668080781,0.024154589371980676,0.5151515151515151,0.48484848484848486,1.0,0.9478817749954769,0.05676328502415459,0.9393939393939394,0.06060606060606055,0.98,0.5472991343902688
121,upholstered bed,product_type,2977,726,1.0,0.006165228113440197,0.013774104683195593,0.9862258953168044,1.0,0.9399703720725183,0.011713933415536375,0.024793388429752067,0.9752066115702479,1.0,0.8942197031122632,0.027127003699136867,0.05922865013774105,0.940771349862259,1.0,0.6235233799331839
122,king size bed,attribute_constraint,448,375,0.9510907186004265,0.02142857142857143,0.021333333333333333,0.9786666666666667,0.9,0.8717456090182998,0.03571428571428571,0.037333333333333336,0.9626666666666667,0.85,0.8924374018395839,0.08571428571428572,0.088,0.912,0.76,-0.017941651599404158
123,entrance table,product_type,4329,187,0.4181752892981322,0.002631578947368421,0.0213903743315508,0.9786096256684492,1.0,0.4224791508864983,0.005701754385964913,0.0374331550802139,0.9625668449197861,1.0,0.4123550039097157,0.015350877192982455,0.0748663101604278,0.9251336898395722,1.0,0.14030042654534258
124,unique coffee tables,product_type,1467,324,0.6744338774498602,0.00696594427244582,0.015432098765432098,0.9845679012345679,1.0,0.6143200216076934,0.01393188854489164,0.024691358024691357,0.9753086419753086,1.0,0.5332124243532483,0.033281733746130034,0.046296296296296294,0.9537037037037037,1.0,-0.014471370255483774
125,boho bed frame,product_type,283,1,0.7962504244698686,0.004,1.0,0.0,0.2,0.8216656502735562,0.012,1.0,0.0,0.25,0.8789922042671866,0.032,1.0,0.0,0.24,0.18064445211370297
126,leather dining chairs,attribute_constraint,719,241,1.0,0.014749262536873156,0.04149377593360996,0.9585062240663901,1.0,0.9763266600610571,0.028023598820058997,0.07468879668049792,0.9253112033195021,0.95,0.9553156019455726,0.06932153392330384,0.17842323651452283,0.8215767634854771,0.94,0.5609620237260705
127,wine bar,brand_entity_proxy,1580,159,0.8519147813733781,0.035842293906810034,0.0440251572327044,0.9559748427672956,1.0,0.8821389741856839,0.07168458781362007,0.10062893081761007,0.89937106918239,1.0,0.8899420394986621,0.17562724014336917,0.2641509433962264,0.7358490566037736,1.0,0.5771681207054176
128,block coffee table,product_type,1455,113,0.8485585501205013,0.007326007326007326,0.061946902654867256,0.9380530973451328,1.0,0.8799729721211963,0.014652014652014652,0.1415929203539823,0.8584070796460177,1.0,0.7226160721226451,0.03663003663003663,0.22123893805309736,0.7787610619469026,1.0,0.19117749546701332
129,wainscoting ideas,brand_entity_proxy,185,28,0.5726361401144231,0.09473684210526316,0.07142857142857142,0.9285714285714286,0.9,0.6486705819775064,0.14736842105263157,0.10714285714285714,0.8928571428571429,0.7,0.7387831543862982,0.25263157894736843,0.4642857142857143,0.5357142857142857,0.48,0.35352229565918875
130,entertainment console,brand_entity_proxy,875,187,0.3680106706096177,0.008064516129032258,0.0053475935828877,0.9946524064171123,0.7,0.35571295454298013,0.018433179723502304,0.0053475935828877,0.9946524064171123,0.85,0.43737701102296606,0.05069124423963134,0.0481283422459893,0.9518716577540107,0.9,0.007497031462329135
131,kids chair,product_type,3479,173,0.7374943749026187,0.00497787610619469,0.046242774566473986,0.953757225433526,1.0,0.7221532287644168,0.008849557522123894,0.08670520231213873,0.9132947976878613,1.0,0.7775043433068642,0.02267699115044248,0.23121387283236994,0.7687861271676301,1.0,0.30443037634573666
132,farmhouse cabinet,style,1260,42,0.5248232854802735,0.01015228426395939,0.09523809523809523,0.9047619047619048,0.8,0.43370961111108575,0.02030456852791878,0.14285714285714285,0.8571428571428572,0.75,0.4547997254279759,0.04568527918781726,0.2619047619047619,0.7380952380952381,0.76,0.3483681645064162
133,outdoor light fixtures,product_type,227,170,1.0,0.05,0.058823529411764705,0.9411764705882353,1.0,1.0,0.095,0.11176470588235295,0.888235294117647,0.95,0.9638801988953694,0.205,0.22941176470588234,0.7705882352941177,0.84,0.40593235766128427
134,black hanging bookshelf,attribute_constraint,150,3,0.584369627369062,0.03278688524590164,0.0,1.0,0.4,0.6761849138731291,0.05737704918032787,0.0,1.0,0.35,0.7867199015432765,0.13114754098360656,0.3333333333333333,0.6666666666666667,0.32,0.644351621524648
135,low profile loveseat recliner,product_type,552,10,0.3944075772581084,0.0472972972972973,0.1,0.9,0.8,0.5072512737282028,0.08108108108108109,0.3,0.7,0.65,0.7062927637006366,0.21621621621621623,0.6,0.4,0.68,0.7404831940185973
136,black fluffy stool,attribute_constraint,166,0,0.92663607790064,0.03636363636363636,,,0.7,0.9526533201221141,0.06060606060606061,,,0.55,0.9741556643296638,0.14545454545454545,,,0.5,-0.12428247072025793
137,orren ellis l shaped desk,multi_constraint,233,80,0.5211050586064612,0.04926108374384237,0.0375,0.9625,1.0,0.5280156978301582,0.09359605911330049,0.075,0.925,0.95,0.5423375433250764,0.19704433497536947,0.175,0.825,0.84,0.13183115128020087
138,glass doors for bath,product_type,172,142,1.0,0.06535947712418301,0.07042253521126761,0.9295774647887324,1.0,1.0,0.13071895424836602,0.14084507042253522,0.8591549295774648,1.0,1.0,0.32679738562091504,0.352112676056338,0.647887323943662,1.0,0.3807132506257842
139,auburn throw pillows,product_type,339,0,0.8048109992093391,0.0321285140562249,,,1.0,0.8015837816898199,0.060240963855421686,,,0.95,0.802501423008896,0.15261044176706828,,,0.96,0.08054783901496186
140,wire basket with dividers,product_type,131,3,0.7431286862216819,0.08,0.3333333333333333,0.6666666666666667,1.0,0.8492342652139812,0.16,0.6666666666666666,0.33333333333333337,1.0,0.8903728356092031,0.384,0.6666666666666666,0.33333333333333337,0.98,0.2230242081396639
141,podium with locking cabinet,product_type,161,3,0.5532828545496227,0.2222222222222222,0.3333333333333333,0.6666666666666667,1.0,0.6084897859372369,0.3611111111111111,0.3333333333333333,0.6666666666666667,0.8,0.6204033789234444,0.6111111111111112,0.3333333333333333,0.6666666666666667,0.66,0.5225192982855226
142,kitchen wooden stand,attribute_constraint,203,5,0.43833179990375803,0.0,0.0,1.0,0.0,0.5095744283272996,0.04,0.2,0.8,0.25,0.4975118414129953,0.08,0.2,0.8,0.22,0.3846925358097561
143,queen wingback chair,attribute_constraint,244,3,0.5471950839864036,0.04265402843601896,0.3333333333333333,0.6666666666666667,1.0,0.6472224540534,0.09004739336492891,0.3333333333333333,0.6666666666666667,1.0,0.743482710591244,0.21800947867298578,0.3333333333333333,0.6666666666666667,0.98,0.08731490893868614
144,rug plum,product_type,1423,116,0.9575861412006988,0.007558578987150416,0.07758620689655173,0.9224137931034483,1.0,0.9726274804087407,0.015117157974300832,0.16379310344827586,0.8362068965517242,1.0,0.9850586231963062,0.03779289493575208,0.4224137931034483,0.5775862068965517,1.0,0.3245543777366748
145,liberty hardware francisco,product_type,143,32,0.44868482098905127,0.046153846153846156,0.0625,0.9375,0.7,0.4418637873055322,0.07692307692307693,0.0625,0.9375,0.55,0.5877551926940837,0.16153846153846155,0.1875,0.8125,0.48,0.09596526257376688
146,laundry vanity cabinet,product_type,111,4,0.4700182601018591,0.01818181818181818,0.0,1.0,0.2,0.6190308072938022,0.02727272727272727,0.0,1.0,0.15,0.7646744830490392,0.08181818181818182,0.0,1.0,0.18,0.05980938364842522
147,drum picture,brand_entity_proxy,425,12,0.9363792118010482,0.12162162162162163,0.75,0.25,0.9,0.7843717992097795,0.14864864864864866,0.75,0.25,0.8,0.6211130339142593,0.1891891891891892,0.8333333333333334,0.16666666666666663,0.74,0.11898692039626386
148,industrial,style,249,194,0.92663607790064,0.01015228426395939,0.010309278350515464,0.9896907216494846,0.2,0.9526533201221142,0.015228426395939087,0.015463917525773196,0.9845360824742269,0.15,0.9510066173919232,0.030456852791878174,0.030927835051546393,0.9690721649484536,0.14,0.2806391529588687
149,mid century modern,style,173,155,0.9008240627729516,0.029585798816568046,0.025806451612903226,0.9741935483870968,0.5,0.9137034274376076,0.05917159763313609,0.05161290322580645,0.9483870967741935,0.5,0.9339013214936992,0.1242603550295858,0.11612903225806452,0.8838709677419355,0.42,0.08373674157705291
150,dumbbells,brand_entity_proxy,54,21,1.0,0.47619047619047616,0.47619047619047616,0.5238095238095238,1.0,0.8978679294784279,0.8095238095238095,0.8095238095238095,0.19047619047619047,1.0,0.9843673960473811,0.9047619047619048,0.9047619047619048,0.09523809523809523,0.52,0.7421505662369668
151,leather chair,attribute_constraint,3042,630,0.8632555551147044,0.0035398230088495575,0.012698412698412698,0.9873015873015873,1.0,0.7935091252897637,0.006371681415929204,0.01746031746031746,0.9825396825396825,0.9,0.8188018765085019,0.015575221238938054,0.049206349206349205,0.9507936507936507,0.88,0.4565620534151404
152,wishbone chair,product_type,3286,46,0.3333333333333333,0.0028337531486146094,0.0,1.0,0.9,0.41020830372509554,0.005982367758186398,0.06521739130434782,0.9347826086956522,0.95,0.41032668208437656,0.014483627204030227,0.10869565217391304,0.8913043478260869,0.92,0.20490748666063918
153,bohemian,style,178,145,0.9537125187088151,0.05228758169934641,0.04827586206896552,0.9517241379310345,0.8,0.9458900456065263,0.08496732026143791,0.08275862068965517,0.9172413793103449,0.65,0.9409347783316521,0.16339869281045752,0.15862068965517243,0.8413793103448276,0.5,0.307776879729953
155,floating bed,product_type,2376,8,0.6269166809432046,0.00471253534401508,0.25,0.75,1.0,0.7219700572828974,0.00942507068803016,0.375,0.625,1.0,0.8171955102819205,0.022148916116870875,0.375,0.625,0.94,0.3982825625634332
156,papasan chair frame only,product_type,150,19,0.5686307721622641,0.09259259259259259,0.21052631578947367,0.7894736842105263,1.0,0.5434315693171212,0.18518518518518517,0.3157894736842105,0.6842105263157895,1.0,0.7137456735743299,0.37962962962962965,0.5789473684210527,0.42105263157894735,0.84,0.6031335998445025
157,velvet chaise,brand_entity_proxy,1085,51,0.5121716116847531,0.016544117647058824,0.0784313725490196,0.9215686274509804,1.0,0.5697166902074143,0.034926470588235295,0.17647058823529413,0.8235294117647058,1.0,0.5475601078584942,0.08823529411764706,0.35294117647058826,0.6470588235294117,1.0,0.39435219617041245
158,led nightstand,brand_entity_proxy,834,44,0.9074250374176304,0.013140604467805518,0.20454545454545456,0.7954545454545454,1.0,0.9175464936937827,0.026281208935611037,0.4090909090909091,0.5909090909090908,1.0,0.8781377847049726,0.0657030223390276,0.7954545454545454,0.20454545454545459,1.0,0.38168177761087896
159,meditation,brand_entity_proxy,122,93,0.8611375561264455,0.09375,0.0967741935483871,0.9032258064516129,1.0,0.9103827127966565,0.1875,0.1935483870967742,0.8064516129032258,0.95,0.9349541217328455,0.4791666666666667,0.4946236559139785,0.5053763440860215,0.96,0.5100759923893575
160,marble,brand_entity_proxy,242,226,1.0,0.039301310043668124,0.03982300884955752,0.9601769911504425,0.9,1.0,0.07423580786026202,0.0752212389380531,0.9247787610619469,0.85,1.0,0.17903930131004367,0.18141592920353983,0.8185840707964602,0.82,0.3492219447910926
161,accent chair recliner,product_type,205,38,0.6915269189446108,0.014925373134328358,0.05263157894736842,0.9473684210526316,0.3,0.6339895733746458,0.024875621890547265,0.07894736842105263,0.9210526315789473,0.25,0.6640501960167449,0.05472636815920398,0.15789473684210525,0.8421052631578947,0.22,0.31410035194953934
162,turquoise chair,product_type,3354,23,0.29665137228365335,0.0006325110689437065,0.0,1.0,0.3,0.2968651140059296,0.003478810879190386,0.0,1.0,0.65,0.4284562365947618,0.010436432637571158,0.0,1.0,0.7,0.27010214647543807
163,dual monitor stand,product_type,94,47,1.0,0.10752688172043011,0.2127659574468085,0.7872340425531915,1.0,0.9735859552961229,0.21505376344086022,0.40425531914893614,0.5957446808510638,1.0,0.9125577854343176,0.5053763440860215,0.8085106382978723,0.19148936170212771,0.94,0.6872273363973941
164,modern outdoor furniture,style,195,128,0.8698739994728926,0.011111111111111112,0.015625,0.984375,0.2,0.891783402748431,0.022222222222222223,0.0234375,0.9765625,0.2,0.8512877422445773,0.06666666666666667,0.078125,0.921875,0.24,0.2882436705372402
165,kitchen storage shelves,product_type,193,69,0.9477344873475497,0.05235602094240838,0.13043478260869565,0.8695652173913043,1.0,0.921650916134549,0.07329842931937172,0.18840579710144928,0.8115942028985508,0.7,0.8455327980378335,0.16230366492146597,0.34782608695652173,0.6521739130434783,0.62,0.5247985996652271
166,feather wall art,product_type,111,26,1.0,0.07339449541284404,0.3076923076923077,0.6923076923076923,0.8,0.9449530606810254,0.1559633027522936,0.6153846153846154,0.3846153846153846,0.85,0.9434328491627011,0.22018348623853212,0.8076923076923077,0.1923076923076923,0.5,0.5953225446422287
167,camper,brand_entity_proxy,136,87,1.0,0.10344827586206896,0.10344827586206896,0.896551724137931,0.9,1.0,0.20689655172413793,0.20689655172413793,0.7931034482758621,0.9,1.0,0.45977011494252873,0.45977011494252873,0.5402298850574713,0.8,0.7878610787896674
168,printers,brand_entity_proxy,68,0,1.0,0.20833333333333334,,,1.0,1.0,0.3958333333333333,,,0.95,0.9825892933762315,0.7708333333333334,,,0.8,0.7251563415309534
169,coffee bar buffet,product_type,126,27,0.5364579801848728,0.032,0.037037037037037035,0.962962962962963,0.5,0.5337376355820965,0.056,0.07407407407407407,0.9259259259259259,0.4,0.7278772264675053,0.08,0.1111111111111111,0.8888888888888888,0.22,0.23800041120820226
170,zen,brand_entity_proxy,127,99,0.9363792118010482,0.09,0.09090909090909091,0.9090909090909091,1.0,0.9589412206131109,0.19,0.1919191919191919,0.8080808080808081,1.0,0.9604481215755442,0.43,0.43434343434343436,0.5656565656565656,0.9,0.5012652221525542
171,nectar queen mattress,attribute_constraint,99,0,1.0,0.04040404040404041,,,0.4,1.0,0.10101010101010101,,,0.5,1.0,0.1717171717171717,,,0.34,
172,picasso,brand_entity_proxy,59,42,1.0,0.23809523809523808,0.23809523809523808,0.7619047619047619,1.0,1.0,0.47619047619047616,0.47619047619047616,0.5238095238095238,1.0,0.964294595127152,0.7857142857142857,0.7857142857142857,0.2142857142857143,0.68,0.6460992331421987
173,bedroom accessories,brand_entity_proxy,316,4,0.21933041215679006,0.004901960784313725,0.0,1.0,0.1,0.2537567671790659,0.004901960784313725,0.0,1.0,0.05,0.4523969515395784,0.004901960784313725,0.0,1.0,0.04,0.130050974350347
174,star wars rug,product_type,90,0,0.0,0.0,,,0.1,0.0,0.0,,,0.05,0.26362961637533816,0.0,,,0.06,0.04231874026948355
175,basket planter,brand_entity_proxy,564,70,0.9575861412006988,0.033003300330033,0.12857142857142856,0.8714285714285714,1.0,0.9107147524297827,0.0627062706270627,0.24285714285714285,0.7571428571428571,1.0,0.7868053525230099,0.12871287128712872,0.4857142857142857,0.5142857142857142,0.96,0.23996422456387628
176,mexican art,brand_entity_proxy,397,23,0.9575861412006988,0.02544529262086514,0.391304347826087,0.6086956521739131,1.0,0.8334417169006574,0.03816793893129771,0.5217391304347826,0.4782608695652174,0.75,0.8998271621419174,0.06870229007633588,0.6521739130434783,0.34782608695652173,0.54,0.3390686283522133
177,rustic storage cabinet,style,378,16,0.4781738085681532,0.021220159151193633,0.125,0.875,0.8,0.49551785747467464,0.03713527851458886,0.1875,0.8125,0.7,0.6592036362128642,0.09018567639257294,0.25,0.75,0.68,0.1637110274250698
178,almost heaven sauna,product_type,74,24,0.439004693160654,0.18867924528301888,0.08333333333333333,0.9166666666666666,1.0,0.47308493827225506,0.37735849056603776,0.20833333333333334,0.7916666666666666,1.0,0.7797295648495858,0.9433962264150944,0.9166666666666666,0.08333333333333337,1.0,0.5237172972880613
179,promo codes or discounts,product_type,1,0,1.0,0.0,,,0.0,1.0,0.0,,,0.0,1.0,0.0,,,0.0,
180,outdoor lounge cushions,product_type,403,72,0.836179114306529,0.022388059701492536,0.09722222222222222,0.9027777777777778,1.0,0.8446945228745226,0.03731343283582089,0.1527777777777778,0.8472222222222222,0.8,0.6808334730889378,0.09950248756218906,0.25,0.75,0.82,0.360397534345559
181,e12/candelabra,attribute_constraint,122,104,1.0,0.07377049180327869,0.08653846153846154,0.9134615384615384,0.9,1.0,0.13934426229508196,0.16346153846153846,0.8365384615384616,0.85,1.0,0.2786885245901639,0.3269230769230769,0.6730769230769231,0.68,0.5460290970874888
182,penny round tile,attribute_constraint,98,58,0.9510907186004265,0.10204081632653061,0.15517241379310345,0.8448275862068966,1.0,0.9684355467480761,0.20408163265306123,0.3275862068965517,0.6724137931034483,1.0,0.9434542364807115,0.4897959183673469,0.7586206896551724,0.24137931034482762,0.96,0.7045541854253429
183,farmhouse bread box,style,78,6,0.574282659861943,0.13513513513513514,0.3333333333333333,0.6666666666666667,1.0,0.6896566098817085,0.2702702702702703,0.5,0.5,1.0,0.8211373671670954,0.6486486486486487,0.8333333333333334,0.16666666666666663,0.96,0.35016459216000606
184,sugar canister,brand_entity_proxy,185,59,0.6996229492941352,0.05434782608695652,0.1016949152542373,0.8983050847457628,1.0,0.6899250314927801,0.10326086956521739,0.1864406779661017,0.8135593220338984,0.95,0.6736795818316719,0.2391304347826087,0.3898305084745763,0.6101694915254237,0.88,0.20539433235435742
185,lunch bag,brand_entity_proxy,124,34,1.0,0.21739130434782608,0.29411764705882354,0.7058823529411764,1.0,1.0,0.43478260869565216,0.5882352941176471,0.4117647058823529,1.0,0.9045169713479698,0.7391304347826086,0.9117647058823529,0.08823529411764708,0.78,0.713138958277131
186,board game storage cabinet,product_type,385,4,0.4700182601018591,0.013089005235602094,0.0,1.0,0.5,0.5788037469624102,0.028795811518324606,0.0,1.0,0.55,0.7157078870808333,0.0549738219895288,0.0,1.0,0.42,0.10605319990003895
188,"bedroom wall decor floral, multicolored with some teal (prints)",long_descriptive,277,8,0.6018312062458391,0.03932584269662921,0.375,0.625,0.7,0.7108554628033769,0.056179775280898875,0.5,0.5,0.5,0.7084849750071408,0.07865168539325842,0.875,0.125,0.34,0.2462685443815352
189,big basket for dirty cloths,multi_constraint,73,31,0.5205876673674544,0.041666666666666664,0.03225806451612903,0.967741935483871,0.3,0.5487623019734866,0.06944444444444445,0.03225806451612903,0.967741935483871,0.25,0.7512351457539428,0.20833333333333334,0.12903225806451613,0.8709677419354839,0.3,0.0681380292478241
190,benjiamino faux leather power lift chair,multi_constraint,792,5,0.43518692560571737,0.014064697609001406,0.0,1.0,1.0,0.5441885155473163,0.02531645569620253,0.0,1.0,0.9,0.6862448652703705,0.04922644163150492,0.0,1.0,0.7,0.10928848406168508
191,biycicle plant stands,product_type,217,0,1.0,0.04608294930875576,,,1.0,1.0,0.09216589861751152,,,1.0,1.0,0.2304147465437788,,,1.0,
193,belchertown table lamp,product_type,278,0,1.0,0.03237410071942446,,,0.9,1.0,0.0683453237410072,,,0.95,1.0,0.16906474820143885,,,0.94,
194,black frame 22 x 36,multi_constraint,293,0,1.0,0.07865168539325842,,,0.7,0.9665625086152866,0.16853932584269662,,,0.75,0.9650522147711998,0.3258426966292135,,,0.62,0.6587789429061827
195,black freestanding tub  with faucet,multi_constraint,110,3,0.5876482632580441,0.09803921568627451,0.3333333333333333,0.6666666666666667,1.0,0.6787392790800052,0.19607843137254902,0.3333333333333333,0.6666666666666667,1.0,0.8356474563027106,0.46078431372549017,1.0,0.0,0.94,0.2940285378342404
196,chabely 5 draw chest,attribute_constraint,165,0,1.0,0.05,,,0.8,1.0,0.09375,,,0.75,1.0,0.1875,,,0.6,0.230107807975335
197,desk for kids tjat ate 10 year old,long_descriptive,41,23,0.8743705652481897,0.12195121951219512,0.17391304347826086,0.8260869565217391,0.5,0.8738461026280724,0.21951219512195122,0.30434782608695654,0.6956521739130435,0.45,0.9600917582456608,0.4634146341463415,0.6521739130434783,0.34782608695652173,0.38,0.5358281452501689
198,cake plates with tops,product_type,82,10,0.4683221547150041,0.1875,0.1,0.9,0.9,0.4998153496728188,0.20833333333333334,0.2,0.8,0.65,0.65988737836518,0.375,0.3,0.7,0.46,0.3853476311621656
199,blue faux throw with pillows,multi_constraint,384,0,1.0,0.02680965147453083,,,1.0,1.0,0.05093833780160858,,,0.95,0.9846298672989355,0.12064343163538874,,,0.92,0.02809655110277063
200,ceramic tile sea shell,product_type,247,3,1.0,0.040983606557377046,1.0,0.0,1.0,1.0,0.08196721311475409,1.0,0.0,1.0,1.0,0.1885245901639344,1.0,0.0,0.92,0.25356094801643964
201,delta trinsic double towel hook in champagne bronze,long_descriptive,124,0,1.0,0.07142857142857142,,,0.7,1.0,0.1326530612244898,,,0.65,1.0,0.2653061224489796,,,0.52,0.6231918132846737
202,full mattress padded liner,product_type,83,45,0.9510907186004265,0.12048192771084337,0.2,0.8,1.0,0.9684355467480761,0.1686746987951807,0.28888888888888886,0.7111111111111111,0.7,0.9067042236630577,0.3132530120481928,0.5111111111111111,0.48888888888888893,0.52,0.5430355656566014
203,ge top loading washer 4.5,multi_constraint,87,5,0.6949848471577841,0.12048192771084337,0.4,0.6,1.0,0.8365408195160765,0.24096385542168675,0.8,0.19999999999999996,1.0,0.9085791908666382,0.6024096385542169,1.0,0.0,1.0,0.4567287872978869
204,fleur de lis living candle wall sconce bronze,long_descriptive,191,7,0.4408139232357006,0.05747126436781609,0.14285714285714285,0.8571428571428572,1.0,0.5383340987553187,0.11494252873563218,0.14285714285714285,0.8571428571428572,1.0,0.7493374929848544,0.28735632183908044,0.7142857142857143,0.2857142857142857,1.0,0.3465689120406606
205,ines shag rug w003096809,attribute_constraint,93,12,0.44911111423199457,0.10752688172043011,0.16666666666666666,0.8333333333333334,1.0,0.5003206481963675,0.21505376344086022,0.16666666666666666,0.8333333333333334,1.0,0.6631774813801522,0.45161290322580644,0.3333333333333333,0.6666666666666667,0.84,-0.05496136140691569
206,grill cover 73,attribute_constraint,67,2,0.8383354523103075,0.1694915254237288,0.5,0.5,1.0,0.8775146726258255,0.3389830508474576,0.5,0.5,1.0,0.9496663128507512,0.847457627118644,1.0,0.0,1.0,0.4922323883751091
207,dull bed with shirt head board,multi_constraint,34,0,1.0,0.0,,,0.0,1.0,0.058823529411764705,,,0.1,1.0,0.058823529411764705,,,0.04,
208,"fawkes 36"" blue vanity",attribute_constraint,118,0,1.0,0.03389830508474576,,,0.4,1.0,0.0423728813559322,,,0.25,1.0,0.1016949152542373,,,0.24,
209,door pulls bronze matte 4 inch,multi_constraint,198,0,0.9305687780632229,0.0,,,0.0,0.9211283841423458,0.007936507936507936,,,0.05,0.8948014691921398,0.007936507936507936,,,0.02,0.43846190858411593
210,love seat wide faux leather tuxedo arm sofa,long_descriptive,1045,9,0.763376704038094,0.009615384615384616,0.7777777777777778,0.2222222222222222,1.0,0.8013707707388331,0.01826923076923077,0.7777777777777778,0.2222222222222222,0.95,0.8970491227057498,0.04519230769230769,1.0,0.0,0.94,0.1435475099633826
211,memory foam rug galveston,product_type,332,0,1.0,0.08403361344537816,,,1.0,1.0,0.16806722689075632,,,1.0,1.0,0.42016806722689076,,,1.0,0.6509532515894622
212,nettie 5 pc bar set,multi_constraint,358,2,0.6629354803709439,0.041237113402061855,0.5,0.5,0.8,0.7731527969928346,0.05670103092783505,0.5,0.5,0.55,0.7842580378714332,0.10309278350515463,1.0,0.0,0.42,0.4315661351765215
213,kraus kitchen sink faucet oletto kpf 2820 sfs,long_descriptive,271,1,0.4180384581756111,0.02158273381294964,0.0,1.0,0.4,0.4710886889322211,0.03597122302158273,0.0,1.0,0.55,0.5628855887045816,0.12949640287769784,1.0,0.0,0.66,0.20688815103405186
214,light wood nightstand with silver accents,multi_constraint,225,0,1.0,0.04477611940298507,,,0.6,1.0,0.07462686567164178,,,0.5,0.9857983371847122,0.15671641791044777,,,0.42,0.7877487936261549
215,king adjustable bed including mattress,multi_constraint,250,30,0.38224261473290666,0.0411522633744856,0.03333333333333333,0.9666666666666667,1.0,0.3885711265242001,0.0823045267489712,0.06666666666666667,0.9333333333333333,1.0,0.4638056872921365,0.1646090534979424,0.1,0.9,0.8,-0.09285546634995079
216,music plug wall plate,product_type,189,8,0.6431050901314426,0.054945054945054944,0.375,0.625,1.0,0.8020968170998775,0.10989010989010989,0.75,0.25,1.0,0.8578156193307199,0.27472527472527475,0.75,0.25,1.0,0.31888475990098036
218,wand bunk beds,product_type,65,0,1.0,0.03076923076923077,,,0.2,1.0,0.07692307692307693,,,0.25,1.0,0.23076923076923078,,,0.3,
219,trinaic towel rod,product_type,38,0,1.0,0.10526315789473684,,,0.4,1.0,0.21052631578947367,,,0.4,1.0,0.4473684210526316,,,0.34,
220,sheets for twinxl,product_type,127,52,0.7887225384603445,0.10309278350515463,0.11538461538461539,0.8846153846153846,1.0,0.7483327144212936,0.20618556701030927,0.21153846153846154,0.7884615384615384,1.0,0.7826147547644886,0.4845360824742268,0.5961538461538461,0.40384615384615385,0.94,0.6932966464570166
221,small space dining table and chairs sets,multi_constraint,1719,73,0.652601036858462,0.008865248226950355,0.0547945205479452,0.9452054794520548,1.0,0.5636088648963604,0.015957446808510637,0.0821917808219178,0.9178082191780822,1.0,0.5719908844083883,0.0398936170212766,0.2465753424657534,0.7534246575342466,0.98,0.40864908793137067
222,small loving roomtables,attribute_constraint,77,31,0.9368077570869662,0.0,0.0,1.0,0.0,0.8880781024793096,0.027777777777777776,0.03225806451612903,0.967741935483871,0.05,0.9699305802746051,0.08333333333333333,0.0967741935483871,0.9032258064516129,0.06,0.8174922177946964
223,wisdom stone river 3-3/4,multi_constraint,207,1,0.23790339767130594,0.0,0.0,1.0,0.1,0.2555701903950326,0.0,0.0,1.0,0.25,0.2826343021696028,0.25,1.0,0.0,0.22,0.13785779373945586
224,twin over full bunk beds cool desins,multi_constraint,73,22,0.439004693160654,0.1232876712328767,0.09090909090909091,0.9090909090909091,0.9,0.4706688544804126,0.2191780821917808,0.13636363636363635,0.8636363636363636,0.8,0.7075315324225627,0.4657534246575342,0.45454545454545453,0.5454545454545454,0.68,-0.04958840400689449
225,white splashproof shiplap wallpaper,attribute_constraint,45,2,0.8014910969353672,0.21212121212121213,1.0,0.0,0.7,0.8275001629993484,0.36363636363636365,1.0,0.0,0.6,0.8657222745210091,0.42424242424242425,1.0,0.0,0.28,0.37607791035422183
226,power lift chair,product_type,316,197,0.8698739994728926,0.03184713375796178,0.04060913705583756,0.9593908629441624,1.0,0.8196589542816531,0.06050955414012739,0.06598984771573604,0.934010152284264,0.95,0.8494641755620349,0.15605095541401273,0.19289340101522842,0.8071065989847716,0.98,0.07765280527950603
227,owl,brand_entity_proxy,203,176,1.0,0.056818181818181816,0.056818181818181816,0.9431818181818182,1.0,1.0,0.11363636363636363,0.11363636363636363,0.8863636363636364,1.0,1.0,0.2840909090909091,0.2840909090909091,0.7159090909090908,1.0,0.5423804363653011
228,bee,brand_entity_proxy,244,178,1.0,0.049723756906077346,0.05056179775280899,0.949438202247191,0.9,0.9777083390768576,0.10497237569060773,0.10112359550561797,0.898876404494382,0.95,0.9878320260463271,0.2430939226519337,0.24157303370786518,0.7584269662921348,0.88,0.6306890070657487
229,waterfall faucet,brand_entity_proxy,556,133,1.0,0.019417475728155338,0.07518796992481203,0.924812030075188,1.0,0.9784411392344535,0.038834951456310676,0.14285714285714285,0.8571428571428572,1.0,0.9882320273410541,0.0970873786407767,0.3684210526315789,0.631578947368421,1.0,0.618850228075192
230,gold,attribute_constraint,274,228,1.0,0.03896103896103896,0.039473684210526314,0.9605263157894737,0.9,1.0,0.06493506493506493,0.06578947368421052,0.9342105263157895,0.75,0.9742921330308012,0.12554112554112554,0.12719298245614036,0.8728070175438596,0.58,0.19609149886672148
231,anti fatigue mat,product_type,359,307,1.0,0.027855153203342618,0.03257328990228013,0.9674267100977199,1.0,1.0,0.055710306406685235,0.06514657980456026,0.9348534201954397,1.0,1.0,0.1392757660167131,0.16286644951140064,0.8371335504885994,1.0,0.5928660559992838
232,storage dresser,product_type,2329,423,0.8532721558012799,0.013937282229965157,0.016548463356973995,0.983451536643026,0.8,0.848204144350959,0.0313588850174216,0.037825059101654845,0.9621749408983451,0.9,0.8704309819881512,0.07317073170731707,0.08747044917257683,0.9125295508274232,0.88,0.6545764093877465
233,kelly clarkson light fixtures,product_type,156,81,0.4805523753551915,0.026490066225165563,0.0,1.0,0.4,0.6176026359850594,0.033112582781456956,0.012345679012345678,0.9876543209876543,0.25,0.6788658486991,0.059602649006622516,0.037037037037037035,0.962962962962963,0.18,0.17869672213605511
234,artificial orchid arrangement,product_type,144,107,0.9368077570869662,0.06944444444444445,0.08411214953271028,0.9158878504672897,1.0,0.9592177897479789,0.1388888888888889,0.17757009345794392,0.822429906542056,1.0,0.9478293593722372,0.3402777777777778,0.4205607476635514,0.5794392523364487,0.98,0.4433192657611524
235,bathroom wastebasket,brand_entity_proxy,1368,133,1.0,0.06535947712418301,0.07518796992481203,0.924812030075188,1.0,1.0,0.13071895424836602,0.15037593984962405,0.849624060150376,1.0,0.9811088063036514,0.32679738562091504,0.3609022556390977,0.6390977443609023,1.0,0.3661437266115209
236,3 piece rug set with runners,multi_constraint,2202,29,0.514609636006189,0.056179775280898875,0.10344827586206896,0.896551724137931,1.0,0.6397987343249606,0.10112359550561797,0.3103448275862069,0.6896551724137931,0.9,0.7315358786659483,0.16292134831460675,0.5172413793103449,0.48275862068965514,0.58,0.46294134884268234
237,cloud modular sectional,product_type,205,4,0.5635000606326626,0.036458333333333336,0.75,0.25,0.9,0.6989628641547789,0.078125,1.0,0.0,0.85,0.7863840526139171,0.19270833333333334,1.0,0.0,0.8,0.1027567492863383
238,outdoor seat/back cushion,product_type,318,54,0.8468029266168763,0.028391167192429023,0.1111111111111111,0.8888888888888888,0.9,0.7834293456158262,0.056782334384858045,0.2037037037037037,0.7962962962962963,0.9,0.7335508086155281,0.12618296529968454,0.4444444444444444,0.5555555555555556,0.8,0.45854028602264224
239,bathroom single faucet,product_type,573,146,1.0,0.03333333333333333,0.06164383561643835,0.9383561643835616,0.9,1.0,0.07037037037037037,0.13013698630136986,0.8698630136986302,0.95,0.9806678552326398,0.15925925925925927,0.2876712328767123,0.7123287671232876,0.86,0.8226270815158521
240,eiffel tower wall art,product_type,68,33,1.0,0.15625,0.30303030303030304,0.696969696969697,1.0,1.0,0.3125,0.6060606060606061,0.3939393939393939,1.0,0.992947226382848,0.546875,0.9696969696969697,0.030303030303030276,0.7,0.8528374893677206
241,decorative wall clocks,product_type,243,148,0.8988252059479763,0.042328042328042326,0.04054054054054054,0.9594594594594594,0.8,0.9347050914316648,0.08994708994708994,0.10135135135135136,0.8986486486486487,0.85,0.9159588966850202,0.20105820105820105,0.22972972972972974,0.7702702702702703,0.76,0.6542572578169675
242,accent leather chair,attribute_constraint,283,175,1.0,0.014234875444839857,0.022857142857142857,0.9771428571428571,0.4,0.9538524942959229,0.03558718861209965,0.05714285714285714,0.9428571428571428,0.5,0.9638136765220463,0.07473309608540925,0.10857142857142857,0.8914285714285715,0.42,0.44330680315519805
243,indoor multi tiered plant stand,multi_constraint,209,135,1.0,0.04639175257731959,0.06666666666666667,0.9333333333333333,0.9,0.9075953837812646,0.08762886597938144,0.1037037037037037,0.8962962962962963,0.85,0.8695496230113114,0.21649484536082475,0.24444444444444444,0.7555555555555555,0.84,0.3256381427894868
244,pull out sleeper loveseat,product_type,143,9,0.5107640114919196,0.055944055944055944,0.2222222222222222,0.7777777777777778,0.8,0.6530872647590463,0.09090909090909091,0.2222222222222222,0.7777777777777778,0.65,0.7686658414070713,0.18181818181818182,0.5555555555555556,0.4444444444444444,0.52,0.1499788470929274
245,anchor decor,brand_entity_proxy,485,57,1.0,0.058823529411764705,0.17543859649122806,0.8245614035087719,1.0,1.0,0.11764705882352941,0.3508771929824561,0.6491228070175439,1.0,0.9704879166748605,0.27647058823529413,0.7894736842105263,0.21052631578947367,0.94,0.6391923441924919
246,clear shower curtain,attribute_constraint,252,12,0.3333333333333333,0.08,0.0,1.0,1.0,0.4400821454628076,0.16,0.08333333333333333,0.9166666666666666,1.0,0.6647536843391866,0.376,0.4166666666666667,0.5833333333333333,0.94,0.794754557407873
247,beaded curtains,brand_entity_proxy,961,40,0.6460000622137831,0.014771048744460856,0.075,0.925,1.0,0.74883135062527,0.029542097488921712,0.3,0.7,1.0,0.7874416984249305,0.07385524372230429,0.675,0.32499999999999996,1.0,0.6763290667750043
248,surge protector,brand_entity_proxy,104,39,1.0,0.22727272727272727,0.2564102564102564,0.7435897435897436,1.0,1.0,0.45454545454545453,0.5128205128205128,0.4871794871794872,1.0,0.9883378679816887,0.9318181818181818,1.0,0.0,0.84,0.8320203856552425
249,bistro table and chairs,product_type,197,124,1.0,0.046632124352331605,0.07258064516129033,0.9274193548387096,0.9,1.0,0.08290155440414508,0.12903225806451613,0.8709677419354839,0.8,0.9805649759088079,0.18134715025906736,0.27419354838709675,0.7258064516129032,0.7,0.5508715993966768
250,multi color rug,product_type,131,96,1.0,0.03418803418803419,0.041666666666666664,0.9583333333333334,0.4,1.0,0.06837606837606838,0.08333333333333333,0.9166666666666666,0.4,0.9228292722427025,0.1452991452991453,0.17708333333333334,0.8229166666666666,0.34,0.47245115133247206
251,coffee container,brand_entity_proxy,1483,90,0.8796171333733009,0.0661764705882353,0.08888888888888889,0.9111111111111111,1.0,0.8546936852986748,0.11764705882352941,0.16666666666666666,0.8333333333333334,0.9,0.6224667344459983,0.18382352941176472,0.25555555555555554,0.7444444444444445,0.9,0.01958491999825246
252,accent chairs living room,product_type,443,100,0.955830517697074,0.00558659217877095,0.02,0.98,0.2,0.9234565096131035,0.013966480446927373,0.05,0.95,0.25,0.8872260063976877,0.025139664804469275,0.08,0.92,0.18,0.7902411120988825
253,antique brass faucet,product_type,117,5,0.6267490438585046,0.07758620689655173,0.2,0.8,0.9,0.7351742297809071,0.14655172413793102,0.2,0.8,0.85,0.8374429844954849,0.25862068965517243,0.4,0.6,0.6,0.19345732107650013
254,comfortable accent chair,product_type,201,131,0.8353129377017654,0.0,0.0,1.0,0.0,0.8481330269616034,0.015151515151515152,0.015267175572519083,0.9847328244274809,0.15,0.8241817399958509,0.045454545454545456,0.05343511450381679,0.9465648854961832,0.18,0.3438933856211619
255,desk and chair set,product_type,217,107,1.0,0.04926108374384237,0.09345794392523364,0.9065420560747663,1.0,1.0,0.09852216748768473,0.18691588785046728,0.8130841121495327,1.0,1.0,0.2413793103448276,0.45794392523364486,0.5420560747663552,0.98,0.7801019072951781
256,high weight capacity bunk beds,multi_constraint,138,68,0.8340611153182703,0.06299212598425197,0.08823529411764706,0.9117647058823529,0.8,0.870199813815897,0.12598425196850394,0.20588235294117646,0.7941176470588236,0.8,0.8196582805842535,0.2125984251968504,0.3235294117647059,0.6764705882352942,0.54,0.5239407607069486
257,living room coffee table sets,multi_constraint,1834,132,0.8589241543392645,0.006711409395973154,0.06060606060606061,0.9393939393939394,1.0,0.8386246459208359,0.013422818791946308,0.10606060606060606,0.8939393939393939,0.95,0.8113102328898556,0.035048471290082026,0.25,0.75,0.96,0.7696263858054168
258,breakfast bar table,product_type,126,58,0.7376261203628941,0.064,0.08620689655172414,0.9137931034482758,0.8,0.8083808040703107,0.112,0.1724137931034483,0.8275862068965517,0.7,0.7863658486432716,0.2,0.3275862068965517,0.6724137931034483,0.5,0.34607070094092884
259,nursery end table,product_type,634,0,1.0,0.014218009478672985,,,0.9,1.0,0.02843601895734597,,,0.9,1.0,0.06477093206951026,,,0.82,-0.02073974545893885
260,retractable side awning,product_type,68,26,1.0,0.20833333333333334,0.38461538461538464,0.6153846153846154,1.0,0.9784411392344535,0.4166666666666667,0.7307692307692307,0.2692307692307693,1.0,0.993222012869663,1.0,1.0,0.0,0.96,0.8939926717409786
261,semi flush foyer light,product_type,175,125,0.842063127520229,0.045714285714285714,0.04,0.96,0.8,0.8489500065091423,0.09714285714285714,0.096,0.904,0.85,0.8258024821024048,0.22285714285714286,0.224,0.776,0.78,0.019530540347609242
262,bathroom freestanding cabinet,product_type,138,87,1.0,0.07352941176470588,0.11494252873563218,0.8850574712643678,1.0,0.9530538265036527,0.13970588235294118,0.19540229885057472,0.8045977011494253,0.95,0.9034748912952476,0.3161764705882353,0.42528735632183906,0.5747126436781609,0.86,0.39023410152814
263,small curtain rods,attribute_constraint,291,75,0.7685761836629531,0.08,0.08,0.92,1.0,0.6519792257380358,0.152,0.10666666666666667,0.8933333333333333,1.0,0.6310911789023883,0.328,0.29333333333333333,0.7066666666666667,0.96,0.5387360820079187
264,cortez pillow,brand_entity_proxy,897,15,0.9477344873475497,0.01669449081803005,0.6,0.4,1.0,0.9875931416597826,0.0333889816360601,1.0,0.0,1.0,0.973205137445307,0.07846410684474124,1.0,0.0,0.98,0.5758006508445076
265,candace wingback upholstered bed,product_type,690,0,1.0,0.013333333333333334,,,0.9,0.9644899900915856,0.023703703703703703,,,0.85,0.9806167482472479,0.0637037037037037,,,0.88,0.0653855073178472
266,champagne velvet desk chair,product_type,353,1,0.8125952066495404,0.025714285714285714,1.0,0.0,0.9,0.8643519933564188,0.045714285714285714,1.0,0.0,0.8,0.9176858378337531,0.09428571428571429,1.0,0.0,0.66,0.16814657425682653
267,dolomite subway tile,product_type,154,2,1.0,0.05844155844155844,1.0,0.0,0.9,1.0,0.12337662337662338,1.0,0.0,0.95,1.0,0.3116883116883117,1.0,0.0,0.96,0.1961037301832307
268,betty resin free standing umbrella,multi_constraint,311,1,1.0,0.11904761904761904,1.0,0.0,1.0,1.0,0.23809523809523808,1.0,0.0,1.0,1.0,0.5952380952380952,1.0,0.0,1.0,0.6992703982461537
269,donaldson teak couch,product_type,99,0,1.0,0.08602150537634409,,,0.8,0.9665625086152866,0.15053763440860216,,,0.7,0.9817480390694906,0.25806451612903225,,,0.5,0.23998024935189843
270,edge chair mat,product_type,95,42,0.5908982761641739,0.10638297872340426,0.11904761904761904,0.8809523809523809,1.0,0.5958936932020954,0.2127659574468085,0.21428571428571427,0.7857142857142857,1.0,0.6571722778721941,0.5212765957446809,0.5238095238095238,0.47619047619047616,0.98,0.038371821840933566
271,chinese flower stand,product_type,96,1,0.6943559465628248,0.07608695652173914,0.0,1.0,0.7,0.7787676299523247,0.16304347826086957,0.0,1.0,0.75,0.852557320218433,0.34782608695652173,0.0,1.0,0.66,0.15208208218810285
272,oliver parsons,brand_entity_proxy,115,0,1.0,0.06976744186046512,,,0.6,0.9644899900915856,0.16279069767441862,,,0.7,0.9662383278145996,0.32558139534883723,,,0.58,0.662916258592164
273,stainless steel free standing shower caddy,multi_constraint,542,4,0.7569501982453217,0.10869565217391304,0.5,0.5,1.0,0.8470663189438213,0.21739130434782608,0.75,0.25,1.0,0.8869432369968104,0.532608695652174,0.75,0.25,1.0,0.48132518823901105
274,gowdy height adjustable standing desk,multi_constraint,331,1,1.0,0.10416666666666667,1.0,0.0,1.0,0.9748159856457148,0.19791666666666666,1.0,0.0,1.0,0.9337798966772903,0.4270833333333333,1.0,0.0,0.9,0.6502346665688016
275,hinged square ottoman,attribute_constraint,127,13,0.7364570258078941,0.08,0.38461538461538464,0.6153846153846154,1.0,0.7061621039000398,0.152,0.38461538461538464,0.6153846153846154,0.95,0.8413510039214325,0.344,0.5384615384615384,0.46153846153846156,0.86,0.2137539685649473
276,chaves l-shape floating desk with hutch,multi_constraint,377,0,1.0,0.0273972602739726,,,1.0,1.0,0.0547945205479452,,,1.0,1.0,0.136986301369863,,,1.0,0.3040589981677372
277,barstool patio sets,product_type,256,44,0.6993923192697765,0.00510204081632653,0.022727272727272728,0.9772727272727273,0.2,0.6850164384975223,0.02040816326530612,0.06818181818181818,0.9318181818181819,0.25,0.6934415477820046,0.08673469387755102,0.20454545454545456,0.7954545454545454,0.36,0.6135993578075193
278,parakeet toy,product_type,112,7,0.5536212941849071,0.12987012987012986,0.14285714285714285,0.8571428571428572,1.0,0.6314682427198158,0.2597402597402597,0.14285714285714285,0.8571428571428572,1.0,0.8125053925860782,0.5194805194805194,0.42857142857142855,0.5714285714285714,0.8,0.5817505354211223
279,marlon tufted queen bed,attribute_constraint,374,1,0.8871958738785231,0.021621621621621623,1.0,0.0,0.8,0.9183497146685337,0.043243243243243246,1.0,0.0,0.8,0.9504528301300131,0.0891891891891892,1.0,0.0,0.66,0.1707568857151672
280,johan desk by laurel foundry,multi_constraint,116,0,1.0,0.03773584905660377,,,0.4,1.0,0.05660377358490566,,,0.3,1.0,0.09433962264150944,,,0.2,0.45221270380654316
281,brunk ship wheel,product_type,90,1,0.790775910220674,0.19607843137254902,1.0,0.0,1.0,0.823374657956144,0.37254901960784315,1.0,0.0,0.95,0.6867453560901144,0.47058823529411764,1.0,0.0,0.54,0.3322057973004458
282,grantola wall mirror,product_type,130,1,0.7962372977085499,0.06201550387596899,1.0,0.0,0.8,0.8525117533015497,0.12403100775193798,1.0,0.0,0.8,0.9105009225218412,0.18604651162790697,1.0,0.0,0.48,0.2032724667753897
283,gaia driftwood table,product_type,115,1,1.0,0.03773584905660377,1.0,0.0,0.4,1.0,0.03773584905660377,1.0,0.0,0.2,1.0,0.0660377358490566,1.0,0.0,0.14,0.3859879959902511
284,family lamp,product_type,331,0,1.0,0.032846715328467155,,,0.9,1.0,0.05474452554744526,,,0.75,1.0,0.13138686131386862,,,0.72,0.5409002554300307
285,"48"" sliding single track , barn door for laundry",long_descriptive,183,7,0.6349127825251688,0.0782608695652174,0.2857142857142857,0.7142857142857143,1.0,0.7314696796973994,0.14782608695652175,0.42857142857142855,0.5714285714285714,0.9,0.8443592452834842,0.3565217391304348,0.8571428571428571,0.1428571428571429,0.88,0.6188591699377876
286,hitchcock mid-century wall shelf,multi_constraint,256,0,1.0,0.04678362573099415,,,0.8,1.0,0.08187134502923976,,,0.7,1.0,0.21637426900584794,,,0.74,0.7636227213569439
287,cover set for outdoor furniture,multi_constraint,406,45,0.6873332711195501,0.09523809523809523,0.15555555555555556,0.8444444444444444,1.0,0.776656241465234,0.19047619047619047,0.35555555555555557,0.6444444444444444,1.0,0.7779063869938058,0.4666666666666667,0.7111111111111111,0.28888888888888886,0.98,0.7431189189417298
288,round outdoor patio cover,attribute_constraint,272,0,1.0,0.08737864077669903,,,0.9,1.0,0.18446601941747573,,,0.95,0.958421577579628,0.4174757281553398,,,0.86,0.7494113162720593
289,coma inducer comforter king set,multi_constraint,251,27,1.0,0.04310344827586207,0.37037037037037035,0.6296296296296297,1.0,0.9322936335303763,0.08620689655172414,0.6296296296296297,0.37037037037037035,1.0,0.9318324974233464,0.1939655172413793,0.8148148148148148,0.18518518518518523,0.9,0.6024191509504737
290,mission double vanity,product_type,168,0,1.0,0.041666666666666664,,,0.7,1.0,0.08928571428571429,,,0.75,1.0,0.20238095238095238,,,0.68,
291,front door cabinet with doors,multi_constraint,218,15,0.48006117753205346,0.03317535545023697,0.06666666666666667,0.9333333333333333,0.7,0.4818145043512946,0.061611374407582936,0.06666666666666667,0.9333333333333333,0.65,0.6147465249278569,0.16113744075829384,0.13333333333333333,0.8666666666666667,0.68,0.07670023600038128
292,decorative white pillow,attribute_constraint,204,12,0.3072005770071082,0.03424657534246575,0.0,1.0,0.5,0.3588580734882715,0.07534246575342465,0.0,1.0,0.6,0.4801840443965647,0.13013698630136986,0.0,1.0,0.44,0.297782028558643
293,wood floor protector mat,attribute_constraint,102,13,0.5123686152600141,0.0958904109589041,0.23076923076923078,0.7692307692307692,0.7,0.5645366282913973,0.1643835616438356,0.3076923076923077,0.6923076923076923,0.6,0.7606736818756864,0.3013698630136986,0.3076923076923077,0.6923076923076923,0.44,0.6943565270146603
294,moen multi function dual shower head,multi_constraint,136,0,1.0,0.10204081632653061,,,1.0,1.0,0.20408163265306123,,,1.0,0.9417712275100472,0.4387755102040816,,,0.94,0.5543150805768585
295,end table between recliners,product_type,139,6,0.48461981685427485,0.007462686567164179,0.0,1.0,0.1,0.5994431147245818,0.014925373134328358,0.0,1.0,0.1,0.7818147771821536,0.04477611940298507,0.16666666666666666,0.8333333333333334,0.12,0.19588267747002988
296,zakariyah twin platform,attribute_constraint,171,1,1.0,0.052941176470588235,1.0,0.0,0.9,1.0,0.10588235294117647,1.0,0.0,0.9,0.9877774756660044,0.20588235294117646,1.0,0.0,0.7,0.047103951530014995
297,seat cushions desk,product_type,487,8,0.0,0.0,0.0,1.0,0.4,0.0,0.0,0.0,1.0,0.4,0.06349826034960848,0.0,0.0,1.0,0.44,-0.13079762745535028
298,small woven pouf,attribute_constraint,98,9,0.41408867483104067,0.10204081632653061,0.1111111111111111,0.8888888888888888,1.0,0.5081671292735469,0.1836734693877551,0.1111111111111111,0.8888888888888888,0.9,0.7574179553123804,0.37755102040816324,0.6666666666666666,0.33333333333333337,0.74,0.16299767595913817
300,animal print handmade tufted wool beige/black area rug by allmodern,long_descriptive,1114,2,0.5821032065260975,0.008992805755395683,0.0,1.0,1.0,0.6833800218492042,0.017985611510791366,0.0,1.0,1.0,0.8233699603279344,0.044964028776978415,0.5,0.5,1.0,0.08035670410270711
301,circle cabinet pulls,product_type,148,2,0.5821032065260975,0.02054794520547945,0.0,1.0,0.3,0.6833800218492042,0.04794520547945205,0.0,1.0,0.35,0.798147164547621,0.1095890410958904,0.0,1.0,0.32,0.061568410560710045
302,mattress foam topper queen,attribute_constraint,238,59,1.0,0.04739336492890995,0.1694915254237288,0.8305084745762712,1.0,0.9044623121344846,0.0947867298578199,0.2711864406779661,0.728813559322034,1.0,0.8586172307226115,0.23222748815165878,0.6101694915254238,0.38983050847457623,0.98,0.5633569436609396
303,hawaii vintage art,style,72,8,0.8427856098623298,0.15151515151515152,0.75,0.25,1.0,0.9391050418820638,0.2878787878787879,1.0,0.0,0.95,0.9562497592054889,0.5151515151515151,1.0,0.0,0.68,0.639357214153616
304,merlyn 6,attribute_constraint,759,0,0.0,0.0,,,0.0,0.0,0.0,,,0.05,0.019896865785708664,0.0,,,0.06,0.017116708314363214
305,ligth bulb,brand_entity_proxy,299,193,1.0,0.030716723549488054,0.046632124352331605,0.9533678756476685,0.9,1.0,0.051194539249146756,0.07772020725388601,0.9222797927461139,0.75,0.9699472863979931,0.10580204778156997,0.15544041450777202,0.844559585492228,0.62,0.6176649036960395
306,mobley zero gravity adjustable bed with wireless remote,long_descriptive,114,2,0.9296072198274722,0.1111111111111111,1.0,0.0,1.0,0.9466668304991637,0.2222222222222222,1.0,0.0,1.0,0.9659988243626279,0.5555555555555556,1.0,0.0,1.0,0.6131869139435853
307,real touch roses floral arrangements in glass vase,long_descriptive,189,6,0.7567972157929245,0.057803468208092484,0.6666666666666666,0.33333333333333337,1.0,0.8357756722350485,0.11560693641618497,0.8333333333333334,0.16666666666666663,1.0,0.9080790026485828,0.28901734104046245,1.0,0.0,1.0,0.45861526840840217
308,led 60,attribute_constraint,776,2,0.5012709326812512,0.01642710472279261,0.0,1.0,0.9,0.5959060632939838,0.03285420944558522,0.0,1.0,0.9,0.7516683900551302,0.08008213552361396,0.0,1.0,0.84,0.7340366035346051
309,moen 5995 arbor one,attribute_constraint,72,0,0.6172839611614819,0.19230769230769232,,,1.0,0.5751631047914788,0.34615384615384615,,,0.8,0.7477697545770867,0.5,,,0.52,0.27826874185895045
310,meade mirror,product_type,589,4,0.9108954758022454,0.02288329519450801,0.75,0.25,1.0,0.973619656482004,0.04576659038901602,1.0,0.0,1.0,0.9821942300194314,0.11212814645308924,1.0,0.0,0.98,0.6929277926509696
311,odum velvet,brand_entity_proxy,571,4,0.4700182601018591,0.018484288354898338,0.0,1.0,1.0,0.5597813788540873,0.033271719038817,0.0,1.0,0.95,0.7342985054249959,0.08133086876155268,0.5,0.5,0.92,0.124206007781175
312,coat rack for bedroom,product_type,119,10,0.5612126385446018,0.08403361344537816,0.4,0.6,1.0,0.6963063972045717,0.15126050420168066,0.6,0.4,0.9,0.8489242817105569,0.3865546218487395,0.9,0.09999999999999998,0.92,0.3641629839770684
313,malachi sled,brand_entity_proxy,105,3,0.8575709778462989,0.0136986301369863,0.3333333333333333,0.6666666666666667,0.1,0.8682056933201329,0.0136986301369863,0.3333333333333333,0.6666666666666667,0.05,0.8428214937993217,0.0136986301369863,0.3333333333333333,0.6666666666666667,0.02,0.3488150620362867
314,body pillow and case,product_type,145,11,0.3333333333333333,0.07092198581560284,0.0,1.0,1.0,0.4219450531779068,0.1347517730496454,0.0,1.0,0.95,0.655407538255569,0.28368794326241137,0.18181818181818182,0.8181818181818181,0.8,0.11378431312263762
315,medium clips,brand_entity_proxy,316,4,0.9113226067060166,0.16129032258064516,1.0,0.0,1.0,0.9295247685481672,0.3225806451612903,1.0,0.0,1.0,0.8990350453003556,0.5161290322580645,1.0,0.0,0.68,0.6613099935243573
316,rolande heavy duty power lift assist recliner,multi_constraint,406,1,0.6943559465628248,0.030211480362537766,0.0,1.0,1.0,0.7787676299523247,0.06042296072507553,0.0,1.0,1.0,0.865751383782762,0.1510574018126888,0.0,1.0,1.0,0.6693299973992407
317,hulmeville writing desk with hutch,multi_constraint,340,2,1.0,0.026627218934911243,1.0,0.0,0.9,1.0,0.05621301775147929,1.0,0.0,0.95,1.0,0.14201183431952663,1.0,0.0,0.96,0.08840851760263012
318,sunjoy lantern,brand_entity_proxy,156,1,0.6399196422972498,0.03571428571428571,0.0,1.0,0.5,0.7393653498363629,0.1,0.0,1.0,0.75,0.8418412228048185,0.2571428571428571,0.0,1.0,0.74,0.3088677214163774
319,landis wall mounted bathroom shelves,multi_constraint,673,1,1.0,0.05917159763313609,1.0,0.0,1.0,1.0,0.11242603550295859,1.0,0.0,0.95,0.9881066586653587,0.21893491124260356,1.0,0.0,0.74,0.5457990806517803
320,blaylock bookcase headboard,product_type,93,1,1.0,0.1282051282051282,1.0,0.0,1.0,0.9744058247626352,0.24358974358974358,1.0,0.0,1.0,0.9598555053293156,0.48717948717948717,1.0,0.0,0.8,0.3188243719769269
321,hussain handmade tufted magenta rug,multi_constraint,297,1,1.0,0.030303030303030304,1.0,0.0,0.9,1.0,0.06397306397306397,1.0,0.0,0.95,1.0,0.13804713804713806,1.0,0.0,0.82,0.10033500931359768
322,cream queen duvet cover,attribute_constraint,242,0,1.0,0.04149377593360996,,,1.0,1.0,0.08298755186721991,,,1.0,1.0,0.2074688796680498,,,1.0,0.11111111111111112
323,hub leaning full length mirror,multi_constraint,126,1,1.0,0.072,1.0,0.0,0.9,1.0,0.144,1.0,0.0,0.9,1.0,0.32,1.0,0.0,0.8,0.2164928205676353
324,chase utility laundry cart,product_type,113,1,1.0,0.09523809523809523,1.0,0.0,1.0,1.0,0.18095238095238095,1.0,0.0,0.95,1.0,0.38095238095238093,1.0,0.0,0.8,0.41153578602149327
325,outdoor waterproof chest,product_type,120,46,0.30900042284146595,0.046511627906976744,0.043478260869565216,0.9565217391304348,0.8,0.3511684246948004,0.05813953488372093,0.06521739130434782,0.9347826086956522,0.5,0.5176928876077899,0.09302325581395349,0.10869565217391304,0.8913043478260869,0.3,0.11289917798219294
326,bowersville ladder writing desk,product_type,284,1,1.0,0.0353356890459364,1.0,0.0,1.0,1.0,0.06713780918727916,1.0,0.0,0.95,1.0,0.15901060070671377,1.0,0.0,0.9,0.1448395753739787
327,kohler purist brushed bronze,product_type,115,8,0.413286545585664,0.06818181818181818,0.0,1.0,0.6,0.511288381460973,0.125,0.125,0.875,0.55,0.6316051746406208,0.29545454545454547,0.125,0.875,0.52,0.3773147114349225
328,golub dining table,product_type,659,1,1.0,0.013910355486862442,1.0,0.0,0.9,1.0,0.027820710973724884,1.0,0.0,0.9,1.0,0.07109737248840804,1.0,0.0,0.92,0.18364680441802006
329,wayfair tension rod,product_type,83,2,0.7873529212555954,0.12195121951219512,1.0,0.0,1.0,0.8388877003190295,0.24390243902439024,1.0,0.0,1.0,0.8972870420028625,0.43902439024390244,1.0,0.0,0.72,0.2888908226907837
330,kari 2 piece,attribute_constraint,600,1,0.4584660801557625,0.008771929824561403,1.0,0.0,0.3,0.35788859098873727,0.008771929824561403,1.0,0.0,0.2,0.2570159465452342,0.008771929824561403,1.0,0.0,0.24,-0.2733013521120848
331,upholstered girls bed,product_type,533,52,0.3333333333333333,0.01509433962264151,0.0,1.0,0.8,0.35757085865902594,0.022641509433962263,0.0,1.0,0.6,0.3759651480937897,0.06415094339622641,0.038461538461538464,0.9615384615384616,0.68,-0.00919788301968481
332,attleboro drum coffee table,product_type,1410,1,1.0,0.0071174377224199285,1.0,0.0,1.0,1.0,0.014234875444839857,1.0,0.0,1.0,1.0,0.034875444839857654,1.0,0.0,0.98,0.0899293556365748
333,stainless steel colander set,product_type,315,21,0.9008240627729516,0.12048192771084337,0.38095238095238093,0.6190476190476191,1.0,0.7702408736695807,0.24096385542168675,0.5238095238095238,0.47619047619047616,1.0,0.9342447995586189,0.6024096385542169,0.9523809523809523,0.04761904761904767,1.0,0.684245330170283
334,itchington butterfly,brand_entity_proxy,122,6,0.6033574083885548,0.08,0.6666666666666666,0.33333333333333337,0.9,0.5523893665228853,0.1,0.8333333333333334,0.16666666666666663,0.75,0.48601858855375757,0.18,1.0,0.0,0.68,-0.02493550229958149
335,canadian,brand_entity_proxy,81,42,1.0,0.19047619047619047,0.19047619047619047,0.8095238095238095,0.8,1.0,0.2857142857142857,0.2857142857142857,0.7142857142857143,0.6,0.9791450479213901,0.3333333333333333,0.3333333333333333,0.6666666666666667,0.28,0.7904662874950582
336,mystic swivel,brand_entity_proxy,360,1,0.5415339198442375,0.023323615160349854,0.0,1.0,0.9,0.6681514449284871,0.04956268221574344,0.0,1.0,0.9,0.7855405862199895,0.11078717201166181,0.0,1.0,0.8,0.15362824550888612
337,iittala bowl,brand_entity_proxy,201,39,0.9134166588977729,0.08264462809917356,0.20512820512820512,0.7948717948717949,1.0,0.8051918628064393,0.1652892561983471,0.3076923076923077,0.6923076923076923,1.0,0.7546874242908483,0.4132231404958678,0.5128205128205128,0.4871794871794872,1.0,0.7660400074425453
338,mahone porch rocking chair,product_type,204,1,1.0,0.05142857142857143,1.0,0.0,0.9,1.0,0.10857142857142857,1.0,0.0,0.95,1.0,0.28,1.0,0.0,0.98,0.5358380754701842
339,ruckus chair,product_type,3044,6,0.7800519511503494,0.0673076923076923,1.0,0.0,1.0,0.6540488164674951,0.0673076923076923,1.0,0.0,0.9,0.4673540375322566,0.08653846153846154,1.0,0.0,0.86,0.0566692036558577
340,berenice 4 storage cabinet,attribute_constraint,505,3,0.8566951181628006,0.022222222222222223,0.6666666666666666,0.33333333333333337,0.9,0.8883520413564222,0.04691358024691358,0.6666666666666666,0.33333333333333337,0.95,0.9499894097991383,0.10864197530864197,1.0,0.0,0.88,0.5339274190018943
341,canvas map art,product_type,199,22,0.47430018607626956,0.03015075376884422,0.045454545454545456,0.9545454545454546,0.6,0.5425632128446484,0.05025125628140704,0.13636363636363635,0.8636363636363636,0.5,0.681546020759205,0.11055276381909548,0.36363636363636365,0.6363636363636364,0.44,0.27589342336407324
342,brendon counter stool,product_type,478,2,1.0,0.020964360587002098,1.0,0.0,1.0,1.0,0.039832285115303984,1.0,0.0,0.95,1.0,0.09014675052410902,1.0,0.0,0.86,0.12321293693767535
343,navy and peach bedding,product_type,116,0,1.0,0.008695652173913044,,,0.1,1.0,0.034782608695652174,,,0.2,0.9848842407886498,0.0782608695652174,,,0.18,-0.06822851770825451
344,ottoman bed queen,attribute_constraint,116,0,1.0,0.02631578947368421,,,0.3,1.0,0.05263157894736842,,,0.3,1.0,0.13157894736842105,,,0.3,0.13844567353982426
345,oriental vanity,brand_entity_proxy,1148,0,1.0,0.013210039630118891,,,1.0,0.9659370277440175,0.02509907529722589,,,1.0,0.9514099175184593,0.059445178335535004,,,0.96,0.6260435900039983
346,nesting tray set,product_type,110,19,0.7476007959739591,0.11363636363636363,0.3684210526315789,0.631578947368421,1.0,0.6829351936299335,0.2159090909090909,0.47368421052631576,0.5263157894736843,0.95,0.8432218055487555,0.45454545454545453,0.7894736842105263,0.21052631578947367,0.8,0.5333064314175928
347,olive green console table,attribute_constraint,577,0,1.0,0.014010507880910683,,,0.8,1.0,0.03152364273204904,,,0.9,1.0,0.07880910683012259,,,0.9,0.15180409889011204
348,one alium way,product_type,2,0,1.0,0.0,,,0.0,1.0,0.0,,,0.0,1.0,0.0,,,0.0,
349,mud room sign,product_type,98,5,0.5560491656685747,0.10526315789473684,0.2,0.8,1.0,0.6417259125284462,0.18947368421052632,0.2,0.8,0.9,0.8137349548081054,0.3894736842105263,0.4,0.6,0.74,0.11087737305303182
351,white bathroom vanity black hardware,multi_constraint,727,0,1.0,0.01276595744680851,,,0.9,1.0,0.02695035460992908,,,0.95,1.0,0.06950354609929078,,,0.98,0.29628936854880483
352,amarillo,brand_entity_proxy,81,29,1.0,0.3448275862068966,0.3448275862068966,0.6551724137931034,1.0,1.0,0.41379310344827586,0.41379310344827586,0.5862068965517242,0.6,0.9955497572080295,0.5517241379310345,0.5517241379310345,0.4482758620689655,0.32,0.8051103496809343
353,pennfield playhouse,brand_entity_proxy,54,1,1.0,0.4,1.0,0.0,1.0,0.9748159856457148,0.72,1.0,0.0,0.9,0.9868787446606264,0.8,1.0,0.0,0.46,0.7125578717119898
354,tressler rug,product_type,1402,0,1.0,0.007288629737609329,,,1.0,1.0,0.014577259475218658,,,1.0,1.0,0.03498542274052478,,,0.96,0.2503111866364716
355,argenteuil,brand_entity_proxy,59,30,1.0,0.3333333333333333,0.3333333333333333,0.6666666666666667,1.0,0.9659370277440176,0.6333333333333333,0.6333333333333333,0.3666666666666667,1.0,0.9928210389224061,0.8,0.8,0.19999999999999996,0.52,0.8102812398626817
356,platform bed side table,product_type,960,0,1.0,0.004246284501061571,,,0.4,1.0,0.009554140127388535,,,0.45,0.9833041757017094,0.025477707006369428,,,0.5,-0.05739023730747036
357,tall free standing pet gate,multi_constraint,355,34,0.640742871878129,0.1694915254237288,0.17647058823529413,0.8235294117647058,1.0,0.6536301371654134,0.3389830508474576,0.3235294117647059,0.6764705882352942,1.0,0.8458809150597822,0.847457627118644,0.9411764705882353,0.05882352941176472,1.0,0.641771130862346
358,sliding closet mirror,product_type,116,4,0.5500559001289844,0.02654867256637168,0.0,1.0,0.3,0.6424126442951291,0.07079646017699115,0.25,0.75,0.4,0.8207704543794203,0.1415929203539823,0.25,0.75,0.32,0.24358155080832364
359,french molding,brand_entity_proxy,203,8,0.30984158890660773,0.04827586206896552,0.25,0.75,1.0,0.44553205220547326,0.1103448275862069,0.375,0.625,1.0,0.6459487804727457,0.2482758620689655,0.625,0.375,0.84,0.2740650409425667
360,huntsville sectional sofa,product_type,125,0,1.0,0.016,,,0.2,1.0,0.016,,,0.1,1.0,0.096,,,0.24,
361,kisner,brand_entity_proxy,98,25,0.92663607790064,0.2,0.2,0.8,0.5,0.9179031474232456,0.32,0.32,0.6799999999999999,0.45,0.9711015909145235,0.4,0.4,0.6,0.22,0.6954940869078027
362,brushed gold wall decor,attribute_constraint,245,0,1.0,0.044642857142857144,,,1.0,1.0,0.06696428571428571,,,0.75,1.0,0.12946428571428573,,,0.58,0.4244737581152402
363,fortunat coffee table,product_type,1380,1,0.6943559465628248,0.007246376811594203,0.0,1.0,1.0,0.7787676299523247,0.014492753623188406,0.0,1.0,1.0,0.865751383782762,0.034782608695652174,0.0,1.0,0.96,0.023490070839186743
364,croscill ashton,brand_entity_proxy,114,0,0.8482378089219648,0.022222222222222223,,,0.1,0.7174354613304769,0.022222222222222223,,,0.05,0.6517791334039088,0.022222222222222223,,,0.02,0.3547472028310319
365,gas detector,brand_entity_proxy,130,9,0.8952484657709383,0.43478260869565216,0.7777777777777778,0.2222222222222222,1.0,0.9132186103895352,0.782608695652174,0.8888888888888888,0.11111111111111116,1.0,0.9673842394475224,0.9565217391304348,1.0,0.0,0.9,0.6393896967763153
366,drudge report,brand_entity_proxy,1,0,,,,,0.0,,,,,0.0,,,,,0.0,
367,wooden chair outdoor,attribute_constraint,202,42,0.5900320995594102,0.015306122448979591,0.023809523809523808,0.9761904761904762,0.3,0.5934182722654021,0.061224489795918366,0.09523809523809523,0.9047619047619048,0.6,0.635599190322508,0.12755102040816327,0.23809523809523808,0.7619047619047619,0.5,0.3835092575562841
368,pasta tools,brand_entity_proxy,143,81,1.0,0.08333333333333333,0.12345679012345678,0.8765432098765432,1.0,1.0,0.16666666666666666,0.24691358024691357,0.7530864197530864,1.0,0.9904743550716205,0.38333333333333336,0.5555555555555556,0.4444444444444444,0.92,0.7727027568976856
369,wrought tv stand,product_type,362,2,0.5821032065260975,0.027777777777777776,0.0,1.0,1.0,0.6833800218492042,0.05555555555555555,0.0,1.0,1.0,0.798147164547621,0.1388888888888889,0.0,1.0,1.0,0.023890378692165305
370,rug for teen room,product_type,3,1,1.0,0.0,0.0,1.0,0.0,1.0,0.0,0.0,1.0,0.0,1.0,0.0,0.0,1.0,0.0,0.8660254037844387
371,milk cow chair,product_type,112,8,0.4184756332276246,0.07216494845360824,0.125,0.875,0.7,0.5890935273537886,0.08247422680412371,0.125,0.875,0.4,0.7247938181553385,0.13402061855670103,0.375,0.625,0.26,0.4217807214390285
372,verden callan,brand_entity_proxy,120,1,0.8594045637311948,0.020833333333333332,1.0,0.0,0.1,0.8403157952096607,0.020833333333333332,1.0,0.0,0.05,0.6958644412142061,0.020833333333333332,1.0,0.0,0.04,0.32684385960667406
373,togo chair,product_type,3233,0,1.0,0.0031867431485022306,,,1.0,1.0,0.0057361376673040155,,,0.9,1.0,0.014021669853409816,,,0.88,0.27172550459265515
374,sinks bed frame,product_type,170,0,1.0,0.028368794326241134,,,0.4,0.963643712011461,0.0425531914893617,,,0.3,0.9651578739601248,0.10638297872340426,,,0.32,0.2818632774356739
375,pastel pink desk chair,product_type,211,0,1.0,0.01932367149758454,,,0.4,1.0,0.05314009661835749,,,0.55,1.0,0.0966183574879227,,,0.4,0.23392774454704443
376,island estate coffee table,product_type,1430,3,0.7174292402886278,0.00700770847932726,0.6666666666666666,0.33333333333333337,1.0,0.7798508460445887,0.013314646110721794,0.6666666666666666,0.33333333333333337,0.95,0.8549992411027504,0.03433777154870357,0.6666666666666666,0.33333333333333337,0.98,0.09294552209653184
377,glinda upholstered bench,product_type,134,0,1.0,0.07462686567164178,,,1.0,1.0,0.14925373134328357,,,1.0,1.0,0.373134328358209,,,1.0,
378,cliffside 5 light candle style drum chandelier,multi_constraint,580,0,1.0,0.017825311942959002,,,1.0,1.0,0.035650623885918005,,,1.0,1.0,0.08912655971479501,,,1.0,0.2940237627702532
379,urban outfitters duvet,product_type,71,0,1.0,0.11267605633802817,,,0.8,1.0,0.19718309859154928,,,0.7,1.0,0.323943661971831,,,0.46,
380,gravity feeder,brand_entity_proxy,124,6,0.990402583627486,0.2222222222222222,1.0,0.0,1.0,0.9921580896137355,0.4222222222222222,1.0,0.0,0.95,0.9430351964484116,0.7555555555555555,1.0,0.0,0.72,0.798348888435789
381,farmhouse hood vent,style,80,0,1.0,0.0875,,,0.7,1.0,0.2125,,,0.85,1.0,0.55,,,0.88,
382,counter top one cup hot water dispenser,multi_constraint,89,4,0.4700182601018591,0.18181818181818182,0.0,1.0,1.0,0.5788037469624102,0.36363636363636365,0.0,1.0,1.0,0.7712278678640028,0.7090909090909091,0.5,0.5,0.78,0.7210778207167139
383,minnestrista,brand_entity_proxy,3,0,1.0,0.0,,,0.0,1.0,0.0,,,0.0,1.0,0.0,,,0.0,
384,dining table vinyl cloth,product_type,687,20,1.0,0.16393442622950818,0.5,0.5,1.0,0.8835228846625716,0.3114754098360656,0.7,0.30000000000000004,0.95,0.9317504613887462,0.639344262295082,1.0,0.0,0.78,0.37760659654584183
385,mom urn,brand_entity_proxy,55,0,0.9148568823583791,0.3333333333333333,,,1.0,0.945051411928014,0.6666666666666666,,,0.95,0.9660369525527988,0.7037037037037037,,,0.4,0.6827396040417002
386,alter furniture,brand_entity_proxy,298,0,1.0,0.0,,,0.0,1.0,0.005076142131979695,,,0.05,1.0,0.005076142131979695,,,0.02,0.6340258462025374
387,self enclosed planters,product_type,92,0,1.0,0.07608695652173914,,,0.7,1.0,0.16304347826086957,,,0.75,1.0,0.40217391304347827,,,0.74,
388,outdoor sectional doning,product_type,64,0,0.9305687780632229,0.03333333333333333,,,0.2,0.9551913563983283,0.05,,,0.15,0.9464669301732206,0.11666666666666667,,,0.14,0.059402807414242025
389,brush nickel faucet bathroom,product_type,337,157,0.4297683282887096,0.015479876160990712,0.0,1.0,0.5,0.48945105759133695,0.034055727554179564,0.012738853503184714,0.9872611464968153,0.55,0.5489589738062043,0.08978328173374613,0.06369426751592357,0.9363057324840764,0.58,0.05236359424284826
390,cushion replacement insert,product_type,61,0,1.0,0.13114754098360656,,,0.8,1.0,0.26229508196721313,,,0.8,1.0,0.32786885245901637,,,0.4,
391,"writing desk 48""",attribute_constraint,229,8,0.434112485669856,0.03056768558951965,0.125,0.875,0.7,0.5286356551762177,0.06550218340611354,0.125,0.875,0.75,0.6963692235328435,0.13973799126637554,0.125,0.875,0.64,0.023024919747810776
392,china clock,brand_entity_proxy,368,0,1.0,0.028985507246376812,,,1.0,1.0,0.057971014492753624,,,1.0,1.0,0.14492753623188406,,,1.0,0.41926429375301666
393,propane gas dryer,product_type,96,0,1.0,0.13333333333333333,,,1.0,0.9659370277440175,0.24,,,0.95,0.8881908352877733,0.49333333333333335,,,0.86,0.22232153772050112
394,gray leather cocktail table,attribute_constraint,117,0,1.0,0.038834951456310676,,,0.4,0.9665625086152866,0.06796116504854369,,,0.35,0.9338176581236454,0.13592233009708737,,,0.28,0.20584575790709977
395,pantry grey,attribute_constraint,74,0,0.7123736502858729,0.0625,,,0.1,0.6586331285527041,0.0625,,,0.05,0.790897370392699,0.1875,,,0.08,0.41033242281476767
396,alyse 8 light,attribute_constraint,136,1,0.6285390820978636,0.022727272727272728,0.0,1.0,0.3,0.7877540325804457,0.030303030303030304,0.0,1.0,0.25,0.8712045284438992,0.08333333333333333,0.0,1.0,0.24,0.16920691588265224
397,maryford queen tufted bed,attribute_constraint,493,0,1.0,0.020366598778004074,,,1.0,1.0,0.038696537678207736,,,0.95,1.0,0.09572301425661914,,,0.94,0.0977631851493835
398,super bright lights,product_type,107,19,0.911298659909514,0.04819277108433735,0.21052631578947367,0.7894736842105263,0.4,0.8666254822408523,0.0963855421686747,0.3684210526315789,0.631578947368421,0.4,0.9512643405501493,0.1686746987951807,0.5789473684210527,0.42105263157894735,0.28,0.7511255525846736
399,12v dirt bike,attribute_constraint,85,0,1.0,0.14705882352941177,,,1.0,1.0,0.29411764705882354,,,1.0,1.0,0.6470588235294118,,,0.88,0.5909758808059363
400,small ladies rocker swivel recliner,multi_constraint,24,0,1.0,0.0,,,0.0,1.0,0.0,,,0.0,1.0,0.2916666666666667,,,0.14,
401,glass lsmp shades,product_type,55,18,0.7196669022633796,0.07407407407407407,0.16666666666666666,0.8333333333333334,0.4,0.708627779533973,0.14814814814814814,0.2777777777777778,0.7222222222222222,0.4,0.9137094421006735,0.46296296296296297,0.6666666666666666,0.33333333333333337,0.5,0.36432942184096057
402,modern farmhouse lighting semi flush mount,style,251,7,0.4408139232357006,0.04424778761061947,0.14285714285714285,0.8571428571428572,1.0,0.5383340987553187,0.08849557522123894,0.14285714285714285,0.8571428571428572,1.0,0.7333095167070731,0.22123893805309736,0.5714285714285714,0.4285714285714286,1.0,0.5002972539094133
403,wood rack wide,attribute_constraint,149,31,0.3088786926335466,0.04838709677419355,0.0,1.0,0.7,0.31660981292601936,0.08064516129032258,0.0,1.0,0.55,0.4909813158184649,0.14516129032258066,0.06451612903225806,0.935483870967742,0.42,0.120584196561164
404,large cushion outdoor chair,attribute_constraint,564,4,0.4700182601018591,0.017241379310344827,0.0,1.0,0.9,0.5788037469624102,0.03639846743295019,0.0,1.0,0.95,0.7041649522390012,0.08237547892720307,0.0,1.0,0.88,0.2330523048057481
405,queen ann style living room chair,multi_constraint,446,0,1.0,0.008695652173913044,,,0.3,1.0,0.011594202898550725,,,0.2,0.9828601867810847,0.02608695652173913,,,0.18,0.6558192615794703
406,refrigerator with ice an water in door,multi_constraint,98,22,0.5052502493763285,0.11688311688311688,0.13636363636363635,0.8636363636363636,0.9,0.5070040912541959,0.24675324675324675,0.2727272727272727,0.7272727272727273,0.95,0.6911631915626762,0.6103896103896104,0.5909090909090909,0.40909090909090906,0.96,0.4740200907805205
407,huge bookcase,product_type,331,11,0.3333333333333333,0.030211480362537766,0.0,1.0,1.0,0.4219450531779068,0.06042296072507553,0.0,1.0,1.0,0.5882079774517099,0.1510574018126888,0.09090909090909091,0.9090909090909091,1.0,0.018345376062149685
408,girl reading statue,product_type,102,31,1.0,0.09803921568627451,0.3225806451612903,0.6774193548387097,1.0,0.9777083390768576,0.19607843137254902,0.6129032258064516,0.3870967741935484,1.0,0.9538803616929351,0.45098039215686275,0.9032258064516129,0.09677419354838712,0.92,0.6794157017116392
409,teal chair,product_type,3393,40,0.3333333333333333,0.0022875816993464053,0.0,1.0,0.7,0.3333333333333334,0.004901960784313725,0.0,1.0,0.75,0.3781752202994524,0.013071895424836602,0.0,1.0,0.8,0.43691646414973945
410,pool floats,brand_entity_proxy,281,58,1.0,0.10416666666666667,0.1724137931034483,0.8275862068965517,1.0,1.0,0.20833333333333334,0.3448275862068966,0.6551724137931034,1.0,0.921877016973058,0.5104166666666666,0.7068965517241379,0.2931034482758621,0.98,0.7428298846800364
411,outdoor clock,brand_entity_proxy,1566,85,0.9510907186004265,0.02865329512893983,0.10588235294117647,0.8941176470588236,1.0,0.9465255663696914,0.05730659025787966,0.21176470588235294,0.788235294117647,1.0,0.8502464588998985,0.14326647564469913,0.4235294117647059,0.5764705882352941,1.0,0.7182025206978072
412,jennie tufted upholstered low profile platform bed,multi_constraint,1090,1,0.6943559465628248,0.009578544061302681,0.0,1.0,1.0,0.7787676299523247,0.018199233716475097,0.0,1.0,0.95,0.891521576314475,0.0421455938697318,1.0,0.0,0.88,0.32794610668233454
413,burruss patio sectional with cushions,multi_constraint,599,1,1.0,0.0142602495543672,1.0,0.0,0.8,1.0,0.030303030303030304,1.0,0.0,0.85,1.0,0.0784313725490196,1.0,0.0,0.88,0.21460358928551318
414,shower hooks,brand_entity_proxy,914,165,1.0,0.02666666666666667,0.06060606060606061,0.9393939393939394,1.0,1.0,0.05333333333333334,0.12121212121212122,0.8787878787878788,1.0,1.0,0.13333333333333333,0.30303030303030304,0.696969696969697,1.0,0.7557604910163073
415,toilet paper stand,product_type,151,75,1.0,0.08130081300813008,0.13333333333333333,0.8666666666666667,1.0,0.9744102412230782,0.16260162601626016,0.25333333333333335,0.7466666666666666,1.0,0.9475231247546274,0.4065040650406504,0.6,0.4,1.0,0.7122497063578539
416,wayfair coffee table,product_type,1447,0,1.0,0.00693000693000693,,,1.0,1.0,0.01386001386001386,,,1.0,1.0,0.03465003465003465,,,1.0,0.08832469210105727
417,twin bed frame,attribute_constraint,567,188,0.6550258333915895,0.01601423487544484,0.026595744680851064,0.973404255319149,0.9,0.5914040948032651,0.033807829181494664,0.0425531914893617,0.9574468085106383,0.95,0.6470709539249994,0.08362989323843416,0.12234042553191489,0.8776595744680851,0.94,0.2554281003612899
418,writing desk,product_type,1123,608,0.9510907186004265,0.01002004008016032,0.014802631578947368,0.9851973684210527,1.0,0.9684355467480761,0.02004008016032064,0.03125,0.96875,1.0,0.9429083741475855,0.050100200400801605,0.07401315789473684,0.9259868421052632,1.0,0.515393366797066
419,living room ideas,product_type,21,16,0.9074250374176304,0.0,0.0,1.0,0.0,0.9304596059688731,0.0,0.0,1.0,0.0,0.9542873692249009,0.047619047619047616,0.0625,0.9375,0.02,0.24002840740969886
420,tile backsplash,brand_entity_proxy,1013,766,1.0,0.010101010101010102,0.013054830287206266,0.9869451697127938,1.0,1.0,0.020202020202020204,0.02610966057441253,0.9738903394255874,1.0,1.0,0.050505050505050504,0.06527415143603134,0.9347258485639687,1.0,0.3113660684635758
421,dining room tables,product_type,758,649,1.0,0.011111111111111112,0.012326656394453005,0.987673343605547,0.8,1.0,0.019444444444444445,0.02157164869029276,0.9784283513097073,0.7,1.0,0.05138888888888889,0.05701078582434515,0.9429892141756548,0.74,0.3940962288325183
422,ergonomic chair,product_type,3328,428,0.955830517697074,0.0032637075718015664,0.02102803738317757,0.9789719626168224,1.0,0.9714944583233123,0.006527415143603133,0.04439252336448598,0.955607476635514,1.0,0.9638087871403851,0.016318537859007835,0.10981308411214953,0.8901869158878505,1.0,0.5860177709500886
423,wall shelves,brand_entity_proxy,3034,285,1.0,0.016706443914081145,0.02456140350877193,0.9754385964912281,0.7,1.0,0.0405727923627685,0.05964912280701754,0.9403508771929825,0.85,1.0,0.10978520286396182,0.16140350877192983,0.8385964912280701,0.92,0.5801599188603286
424,wayfair comforters,brand_entity_proxy,618,4,0.9261490780545285,0.0223463687150838,0.75,0.25,0.9,0.9413079182449148,0.04748603351955307,1.0,0.0,0.9,0.9603849848771359,0.13128491620111732,1.0,0.0,0.96,0.7582624120754442
425,side table with storage,product_type,742,56,0.43893943504566835,0.011126564673157162,0.017857142857142856,0.9821428571428571,0.8,0.4241967113472691,0.02364394993045897,0.05357142857142857,0.9464285714285714,0.85,0.39800723877440775,0.05285118219749652,0.08928571428571429,0.9107142857142857,0.78,0.271453232363997
426,outdoor storage,product_type,3254,223,1.0,0.008169934640522876,0.04484304932735426,0.9551569506726457,1.0,1.0,0.016339869281045753,0.08968609865470852,0.9103139013452914,1.0,1.0,0.04084967320261438,0.2242152466367713,0.7757847533632287,1.0,0.5086647985813769
427,lowes tile,brand_entity_proxy,1125,0,1.0,0.007987220447284345,,,0.5,0.9671350294324229,0.022364217252396165,,,0.7,0.967858888561602,0.04472843450479233,,,0.58,0.8436807336030442
428,kitchen storage cabinet,product_type,537,66,0.7013133146827742,0.014767932489451477,0.06060606060606061,0.9393939393939394,0.7,0.6893421494532007,0.027426160337552744,0.10606060606060606,0.8939393939393939,0.65,0.6483236702913721,0.06962025316455696,0.24242424242424243,0.7575757575757576,0.66,0.39654061659261597
429,gray dresser,attribute_constraint,860,94,0.6571438323798482,0.01949317738791423,0.05319148936170213,0.9468085106382979,1.0,0.587035699071266,0.03898635477582846,0.07446808510638298,0.925531914893617,1.0,0.5500219537860747,0.09551656920077972,0.14893617021276595,0.851063829787234,0.98,0.7081536922198025
430,30 inch bathroom vanity,attribute_constraint,662,98,0.7453597752277844,0.012618296529968454,0.05102040816326531,0.9489795918367347,0.8,0.6687315410941425,0.028391167192429023,0.08163265306122448,0.9183673469387755,0.9,0.5776779968717891,0.07255520504731862,0.1326530612244898,0.8673469387755102,0.92,0.27722665527652
431,shoe bench entryway,product_type,160,75,0.9074250374176304,0.06493506493506493,0.12,0.88,1.0,0.8720880509713946,0.12337662337662338,0.2,0.8,0.95,0.8819922766658506,0.2857142857142857,0.5066666666666667,0.4933333333333333,0.88,0.503461104467629
432,butcher block island,product_type,176,42,0.9537125187088151,0.05747126436781609,0.21428571428571427,0.7857142857142857,1.0,0.8816584206944903,0.11494252873563218,0.35714285714285715,0.6428571428571428,1.0,0.8786849775527683,0.27011494252873564,0.7619047619047619,0.23809523809523814,0.94,0.5897741259680979
433,trundle daybed,brand_entity_proxy,273,113,1.0,0.04132231404958678,0.08849557522123894,0.911504424778761,1.0,1.0,0.08264462809917356,0.17699115044247787,0.8230088495575221,1.0,0.980871970698799,0.2066115702479339,0.4247787610619469,0.5752212389380531,1.0,0.7203568826016081
434,bathroom lighting,brand_entity_proxy,3530,226,1.0,0.007288629737609329,0.04424778761061947,0.9557522123893806,1.0,1.0,0.014577259475218658,0.08849557522123894,0.911504424778761,1.0,0.9584364798286417,0.03644314868804665,0.20353982300884957,0.7964601769911505,1.0,0.642677799664226
435,shoe closet,brand_entity_proxy,443,47,0.6481044710831649,0.028169014084507043,0.0851063829787234,0.9148936170212766,1.0,0.6330847792666238,0.056338028169014086,0.1702127659574468,0.8297872340425532,1.0,0.5839034336782747,0.14084507042253522,0.3191489361702128,0.6808510638297872,1.0,0.5927366577558404
436,full bed with trundle,product_type,214,46,0.6345639573469701,0.03365384615384615,0.06521739130434782,0.9347826086956522,0.7,0.5753175575095663,0.057692307692307696,0.10869565217391304,0.8913043478260869,0.6,0.5880764163643944,0.14423076923076922,0.21739130434782608,0.782608695652174,0.6,0.2868595307969803
437,kitchen islands with seating,product_type,195,47,0.7078087372830466,0.055865921787709494,0.1276595744680851,0.8723404255319149,1.0,0.7131979144260097,0.11173184357541899,0.2553191489361702,0.7446808510638299,1.0,0.6498892650355307,0.27932960893854747,0.44680851063829785,0.5531914893617021,1.0,0.5128380488453784
438,indoor water fountain,product_type,156,101,0.8532721558012799,0.05161290322580645,0.06930693069306931,0.9306930693069306,0.8,0.83252460806863,0.0967741935483871,0.10891089108910891,0.8910891089108911,0.75,0.8461291524212553,0.23870967741935484,0.27722772277227725,0.7227722772277227,0.74,0.310598806826555
439,parsons chairs,brand_entity_proxy,3276,216,0.9477344873475497,0.004111842105263158,0.041666666666666664,0.9583333333333334,1.0,0.9420320193578962,0.008223684210526315,0.08333333333333333,0.9166666666666666,1.0,0.968357993554986,0.02055921052631579,0.2222222222222222,0.7777777777777778,1.0,0.4843092952251268
440,wood bar stools,attribute_constraint,777,255,0.8988252059479763,0.01310615989515072,0.03137254901960784,0.9686274509803922,1.0,0.7918281396819963,0.02621231979030144,0.047058823529411764,0.9529411764705882,1.0,0.6950605590574255,0.0655307994757536,0.09019607843137255,0.9098039215686274,1.0,0.29999306924776387
441,desk for kids,product_type,1385,78,1.0,0.007021063189568706,0.08974358974358974,0.9102564102564102,0.7,0.9050809210342289,0.015045135406218655,0.16666666666666666,0.8333333333333334,0.75,0.7979047982261513,0.037111334002006016,0.32051282051282054,0.6794871794871795,0.74,0.7193553148213758
442,above toilet cabinet,product_type,1137,70,1.0,0.02444987775061125,0.14285714285714285,0.8571428571428572,1.0,0.9735859552961229,0.0488997555012225,0.2714285714285714,0.7285714285714286,1.0,0.8961454259397076,0.1198044009779951,0.5571428571428572,0.44285714285714284,0.98,0.5531793426929525
443,patio design,brand_entity_proxy,409,352,1.0,0.0056179775280898875,0.005681818181818182,0.9943181818181818,0.2,1.0,0.014044943820224719,0.014204545454545454,0.9857954545454546,0.25,0.9830897184003546,0.03932584269662921,0.03977272727272727,0.9602272727272727,0.28,0.5168161281087099
444,outdoor lounge chair,product_type,364,114,1.0,0.02857142857142857,0.07894736842105263,0.9210526315789473,0.9,0.9780900196216153,0.05396825396825397,0.14912280701754385,0.8508771929824561,0.85,0.8786691142619533,0.11428571428571428,0.2719298245614035,0.7280701754385965,0.72,0.558584735460451
445,chaise lounge couch,product_type,350,170,1.0,0.030864197530864196,0.058823529411764705,0.9411764705882353,1.0,0.975128833089037,0.05864197530864197,0.10588235294117647,0.8941176470588236,0.95,0.9461609847236873,0.15123456790123457,0.25882352941176473,0.7411764705882353,0.98,0.6338545610668437
446,card table,product_type,4326,57,1.0,0.002861230329041488,0.17543859649122806,0.8245614035087719,1.0,1.0,0.005722460658082976,0.3508771929824561,0.6491228070175439,1.0,0.9862624056311925,0.01402002861230329,0.8596491228070176,0.14035087719298245,1.0,0.3714509133919958
447,tall buffet cabinet,attribute_constraint,212,3,0.5159958223394444,0.038461538461538464,0.0,1.0,0.8,0.6229152997582164,0.07692307692307693,0.0,1.0,0.8,0.7751600803221402,0.1778846153846154,0.3333333333333333,0.6666666666666667,0.74,0.1798191966602657
448,bed side table,product_type,203,81,0.544610794872989,0.010101010101010102,0.0,1.0,0.2,0.5368270895594027,0.025252525252525252,0.024691358024691357,0.9753086419753086,0.25,0.4747247322166206,0.04040404040404041,0.037037037037037035,0.962962962962963,0.16,-0.17813366516955748
449,living room designs,product_type,172,164,1.0,0.006060606060606061,0.006097560975609756,0.9939024390243902,0.1,1.0,0.012121212121212121,0.012195121951219513,0.9878048780487805,0.1,1.0,0.01818181818181818,0.018292682926829267,0.9817073170731707,0.06,0.10128612845494919
451,aiden black velvet bed,attribute_constraint,111,0,1.0,0.0,,,0.0,1.0,0.0297029702970297,,,0.15,0.9386693810386856,0.07920792079207921,,,0.16,0.09918499048577026
452,day bed indian,product_type,105,0,1.0,0.0761904761904762,,,0.8,1.0,0.14285714285714285,,,0.75,1.0,0.3142857142857143,,,0.66,
453,midcentury tv unit,product_type,118,25,0.45560653683226676,0.0,0.0,1.0,0.0,0.4349531146337981,0.025423728813559324,0.04,0.96,0.15,0.6605656834216164,0.09322033898305085,0.08,0.92,0.22,0.12451051951025614
454,carpet 5x6,attribute_constraint,110,0,0.7702043899253147,0.025,,,0.2,0.6680099803747308,0.025,,,0.1,0.6656863977468161,0.0625,,,0.14,-0.20249803701833924
455,deer coat hooks,product_type,110,2,0.6924564282078567,0.09174311926605505,0.5,0.5,1.0,0.7669892650484594,0.1834862385321101,0.5,0.5,1.0,0.8514500638414849,0.41284403669724773,0.5,0.5,0.9,0.17242311251607115
456,wall design shelf,product_type,221,76,0.6987693759863632,0.041025641025641026,0.05263157894736842,0.9473684210526316,0.8,0.6653792679943397,0.07692307692307693,0.09210526315789473,0.9078947368421053,0.75,0.6888187623054096,0.18461538461538463,0.2631578947368421,0.736842105263158,0.72,0.43819294704558875
457,5 gang light switch,attribute_constraint,329,0,1.0,0.057803468208092484,,,1.0,1.0,0.11560693641618497,,,1.0,1.0,0.2832369942196532,,,0.98,0.8201355017551597
458,bubble guppies chair,product_type,120,0,1.0,0.07368421052631578,,,0.7,1.0,0.10526315789473684,,,0.5,0.9582672585938802,0.1368421052631579,,,0.26,0.5683784839165137
459,tye dye duvet cover,product_type,205,19,0.8148636649541376,0.03902439024390244,0.3157894736842105,0.6842105263157895,0.8,0.7858246055684777,0.05853658536585366,0.42105263157894735,0.5789473684210527,0.6,0.8920198695258378,0.16585365853658537,0.6842105263157895,0.3157894736842105,0.68,0.38857707168318967
460,small wardrobe grey,attribute_constraint,111,7,0.48872798640817466,0.011904761904761904,0.0,1.0,0.1,0.6120700882951751,0.011904761904761904,0.0,1.0,0.05,0.7073127101050507,0.08333333333333333,0.0,1.0,0.14,0.4563090217648274
461,luau string lights,product_type,61,4,0.8074483267440766,0.1724137931034483,0.5,0.5,1.0,0.9322692006215024,0.3448275862068966,1.0,0.0,1.0,0.9434657119690713,0.5689655172413793,1.0,0.0,0.66,0.404985746118878
462,large bases,attribute_constraint,2,0,0.6309297535714575,0.0,,,0.0,0.6309297535714575,0.0,,,0.0,0.6309297535714575,0.0,,,0.0,-0.9999999999999999
463,bistro sets patio,product_type,274,139,1.0,0.04784688995215311,0.07194244604316546,0.9280575539568345,1.0,1.0,0.09569377990430622,0.14388489208633093,0.8561151079136691,1.0,0.9901506506695715,0.23923444976076555,0.35251798561151076,0.6474820143884892,1.0,0.8188594369631197
464,cake cutlery,brand_entity_proxy,157,85,1.0,0.10869565217391304,0.11764705882352941,0.8823529411764706,1.0,1.0,0.21739130434782608,0.23529411764705882,0.7647058823529411,1.0,0.9099123525532834,0.4782608695652174,0.5176470588235295,0.48235294117647054,1.0,0.4395855537335713
465,white abstract,attribute_constraint,2,1,0.7967075809905066,0.0,0.0,1.0,0.0,0.7967075809905066,0.0,0.0,1.0,0.0,0.7967075809905066,0.0,0.0,1.0,0.0,-0.9999999999999999
466,rock climbing wall kids,product_type,93,1,0.6434152709899624,0.2727272727272727,0.0,1.0,1.0,0.6854457885531076,0.48484848484848486,0.0,1.0,0.95,0.8304767649708497,0.8484848484848485,0.0,1.0,0.74,0.7082841944980265
467,town & country living curtains,product_type,150,0,1.0,0.03333333333333333,,,0.5,1.0,0.05333333333333334,,,0.4,1.0,0.16,,,0.48,
468,glow in the dark silent wall clock,multi_constraint,294,4,0.742873058319728,0.035211267605633804,0.75,0.25,1.0,0.8415172746830225,0.07042253521126761,1.0,0.0,1.0,0.8930299390922394,0.176056338028169,1.0,0.0,1.0,0.3524953124823698
469,garage sports storage rack,product_type,161,64,1.0,0.06369426751592357,0.15625,0.84375,1.0,0.9545415572776119,0.12738853503184713,0.28125,0.71875,1.0,0.8761756630595736,0.3184713375796178,0.59375,0.40625,1.0,0.6816097850350972
470,elephant framed,brand_entity_proxy,638,45,1.0,0.03508771929824561,0.2222222222222222,0.7777777777777778,1.0,1.0,0.07017543859649122,0.4444444444444444,0.5555555555555556,1.0,0.9730576935927707,0.15789473684210525,0.9555555555555556,0.0444444444444444,0.96,0.6703961113705235
471,adjustable height artist stool,product_type,310,1,0.6943559465628248,0.04950495049504951,0.0,1.0,1.0,0.8340757224642434,0.09900990099009901,1.0,0.0,1.0,0.8993135378370715,0.24752475247524752,1.0,0.0,1.0,0.7853881523617199
472,window wall accent,product_type,108,47,0.9432379215722527,0.1,0.19148936170212766,0.8085106382978724,1.0,0.9633676079520094,0.14,0.2765957446808511,0.7234042553191489,0.7,0.9490354325302989,0.27,0.5531914893617021,0.44680851063829785,0.56,0.6905878645672303
473,chair pillow cushion,product_type,286,126,1.0,0.022304832713754646,0.047619047619047616,0.9523809523809523,0.6,0.9780900196216153,0.05204460966542751,0.1111111111111111,0.8888888888888888,0.7,0.911106498112656,0.08178438661710037,0.16666666666666666,0.8333333333333334,0.46,0.5192197988688638
474,48 inch bathroom vanity with trough sink,multi_constraint,784,0,1.0,0.012693935119887164,,,0.9,1.0,0.02679830747531735,,,0.95,1.0,0.06629055007052186,,,0.94,0.464628711030581
475,rattan truck,brand_entity_proxy,70,0,1.0,0.030303030303030304,,,0.1,0.9230721825777396,0.06060606060606061,,,0.1,0.9761479739860699,0.12121212121212122,,,0.08,0.7358081997053119
476,hardwood beds,brand_entity_proxy,2224,639,0.9510907186004265,0.005302226935312832,0.014084507042253521,0.9859154929577465,1.0,0.9117753936708228,0.009544008483563097,0.025039123630672927,0.974960876369327,0.95,0.8789954269863028,0.024920466595970307,0.06103286384976526,0.9389671361502347,0.98,0.5532987903960364
478,worn leather office chair,attribute_constraint,445,1,0.8871958738785231,0.02112676056338028,1.0,0.0,0.9,0.9183497146685337,0.03990610328638498,1.0,0.0,0.85,0.9363359224054713,0.07746478873239436,1.0,0.0,0.68,0.08272805378456129
479,garage door mail slot,product_type,83,0,1.0,0.18181818181818182,,,1.0,1.0,0.36363636363636365,,,1.0,1.0,0.9090909090909091,,,1.0,0.8189821166039422
480,pictures to hang over fireplace,multi_constraint,3,0,1.0,0.3333333333333333,,,0.1,1.0,0.3333333333333333,,,0.05,1.0,0.6666666666666666,,,0.04,
481,emma headboard,brand_entity_proxy,219,1,0.5415339198442375,0.023696682464454975,0.0,1.0,0.6,0.6681514449284871,0.052132701421800945,0.0,1.0,0.6,0.7986270756741429,0.10900473933649289,0.0,1.0,0.48,0.007962430932442473
482,48 inch kitchen hood,attribute_constraint,104,12,0.48006117753205346,0.10101010101010101,0.08333333333333333,0.9166666666666666,1.0,0.5840308873120289,0.20202020202020202,0.25,0.75,1.0,0.7413679492181374,0.5050505050505051,0.5,0.5,1.0,0.24324931473761602
483,rustic twig,style,248,4,0.6005540286277394,0.04784688995215311,0.25,0.75,1.0,0.7205901264308593,0.08133971291866028,0.25,0.75,0.85,0.7997382189131661,0.12440191387559808,0.5,0.5,0.54,0.26106305754006004
484,nespresso vertuo next premium by breville with aeroccino,long_descriptive,53,0,1.0,0.38461538461538464,,,1.0,0.9001612452109843,0.6538461538461539,,,1.0,0.988032973420007,0.9230769230769231,,,0.54,0.7722676677621917
485,pedistole sink,brand_entity_proxy,255,0,0.571614567891588,0.013157894736842105,,,0.4,0.653888988046563,0.019736842105263157,,,0.25,0.707384239312263,0.07894736842105263,,,0.32,0.35328965800153667
486,54 in bench cushion,attribute_constraint,87,0,1.0,0.10344827586206896,,,0.9,1.0,0.14942528735632185,,,0.65,1.0,0.25287356321839083,,,0.44,
487,rack glass,brand_entity_proxy,946,2,0.3229514559100609,0.0,0.0,1.0,0.0,0.3197751865729509,0.0,0.0,1.0,0.0,0.36462450219789244,0.013824884792626729,0.0,1.0,0.22,-0.020598463793586118
