query_id,query,query_type,n_judged,n_highest,cNDCG@10,RelevantRecall@10,HighestRecall@10,RelevantHidden@10,JudgedCoverage@10,cNDCG@20,RelevantRecall@20,HighestRecall@20,RelevantHidden@20,JudgedCoverage@20,cNDCG@50,RelevantRecall@50,HighestRecall@50,RelevantHidden@50,JudgedCoverage@50,RelevanceVisibilitySpearman
0,salon chair,product_type,3301,39,0.7013133146827742,0.003316749585406302,0.15384615384615385,0.8461538461538461,1.0,0.6195213038101807,0.006633499170812604,0.20512820512820512,0.7948717948717949,1.0,0.5691949870786237,0.01625207296849088,0.2564102564102564,0.7435897435897436,0.98,0.3898056382354492
1,smart coffee table,product_type,1436,8,0.5002289288634465,0.006346967559943582,0.125,0.875,1.0,0.5837083209248451,0.013399153737658674,0.125,0.875,1.0,0.700913478501518,0.03385049365303244,0.125,0.875,0.98,0.08337577078375003
2,dinosaur,brand_entity_proxy,165,151,1.0,0.06329113924050633,0.06622516556291391,0.9337748344370861,1.0,1.0,0.12658227848101267,0.13245033112582782,0.8675496688741722,1.0,0.9899228271924333,0.31645569620253167,0.32450331125827814,0.6754966887417219,1.0,0.29889970035378005
3,turquoise pillows,brand_entity_proxy,997,55,0.8502244159847391,0.012953367875647668,0.12727272727272726,0.8727272727272728,1.0,0.6669179607866601,0.025906735751295335,0.12727272727272726,0.8727272727272728,1.0,0.5423532222737207,0.06217616580310881,0.2,0.8,1.0,0.5354524772821764
4,chair and a half recliner,multi_constraint,239,23,0.37574719213263447,0.031578947368421054,0.0,1.0,0.6,0.45909164451498985,0.04736842105263158,0.0,1.0,0.45,0.5860286513580407,0.08421052631578947,0.17391304347826086,0.8260869565217391,0.32,0.5346535743713247
5,sofa with ottoman,product_type,1344,179,0.7390788259162827,0.006875477463712758,0.027932960893854747,0.9720670391061452,0.9,0.6901723482377211,0.014514896867838044,0.05027932960893855,0.9497206703910615,0.95,0.5990934817997424,0.03437738731856379,0.08379888268156424,0.9162011173184358,0.9,0.4237388633748267
6,acrylic clear chair,attribute_constraint,109,43,1.0,0.0707070707070707,0.16279069767441862,0.8372093023255813,0.7,1.0,0.12121212121212122,0.27906976744186046,0.7209302325581395,0.6,0.8660975288167779,0.18181818181818182,0.4186046511627907,0.5813953488372092,0.36,0.5959439875441036
7,driftwood mirror,product_type,603,23,0.9035650050446237,0.018691588785046728,0.34782608695652173,0.6521739130434783,1.0,0.7987493344977618,0.037383177570093455,0.5217391304347826,0.4782608695652174,1.0,0.8312238889556299,0.09158878504672897,0.6086956521739131,0.3913043478260869,0.98,0.3796073428840323
8,home sweet home sign,product_type,105,25,0.8777267965010664,0.10638297872340426,0.32,0.6799999999999999,1.0,0.8537204437694176,0.2127659574468085,0.6,0.4,1.0,0.9053966086367987,0.4148936170212766,0.72,0.28,0.78,0.5777823308750122
9,coffee table fire pit,product_type,1516,74,0.955830517697074,0.005960264900662252,0.10810810810810811,0.8918918918918919,0.9,0.9487858101526574,0.011258278145695364,0.20270270270270271,0.7972972972972973,0.85,0.8235421477603742,0.02847682119205298,0.4189189189189189,0.5810810810810811,0.86,0.3218065419313495
10,king poster bed,attribute_constraint,177,21,0.8013151345851657,0.056818181818181816,0.2857142857142857,0.7142857142857143,1.0,0.730257553814981,0.11363636363636363,0.47619047619047616,0.5238095238095238,1.0,0.9400234938865951,0.26704545454545453,1.0,0.0,0.94,0.5044573448271094
11,ombre rug,product_type,1428,65,1.0,0.007042253521126761,0.15384615384615385,0.8461538461538461,1.0,1.0,0.014084507042253521,0.3076923076923077,0.6923076923076923,1.0,0.9310813699744248,0.035211267605633804,0.6615384615384615,0.3384615384615385,1.0,0.3498276614758018
12,large spoon and fork wall decor,multi_constraint,225,27,0.7996492687209279,0.05113636363636364,0.2222222222222222,0.7777777777777778,0.9,0.7981642475191455,0.10795454545454546,0.4444444444444444,0.5555555555555556,0.95,0.8699636426399117,0.23863636363636365,0.7037037037037037,0.2962962962962963,0.84,0.5968122489562859
13,outdoor privacy wall,product_type,122,46,1.0,0.17543859649122806,0.21739130434782608,0.782608695652174,1.0,1.0,0.2982456140350877,0.3695652173913043,0.6304347826086957,0.85,0.9916030842096479,0.7368421052631579,0.8913043478260869,0.10869565217391308,0.86,0.8325893108783682
14,beds that have leds,product_type,2692,20,0.5352543167750639,0.0019096117122851686,0.15,0.85,0.8,0.40440804750964465,0.003182686187141948,0.25,0.75,0.7,0.43376929193048536,0.008911521323997454,0.35,0.65,0.76,0.06138169881674674
15,black 5 drawer dresser by guilford,multi_constraint,613,2,0.8383354523103075,0.016722408026755852,0.5,0.5,1.0,0.8775146726258255,0.033444816053511704,0.5,0.5,1.0,0.9454963546791564,0.08193979933110368,1.0,0.0,0.98,0.2565995630729093
16,blk 18x18 seat cushions,attribute_constraint,493,4,0.35575781126572453,0.018796992481203006,0.0,1.0,0.6,0.5089661086175589,0.03007518796992481,0.0,1.0,0.6,0.6036361914168352,0.07142857142857142,0.5,0.5,0.54,0.12226477627471946
17,closet storage with zipper,product_type,103,21,0.38559884598578353,0.08737864077669903,0.047619047619047616,0.9523809523809523,0.9,0.36706378864974476,0.1650485436893204,0.047619047619047616,0.9523809523809523,0.85,0.6054669129377485,0.3300970873786408,0.14285714285714285,0.8571428571428572,0.68,-0.030799303155306216
18,chrome bathroom 4 light vanity light,multi_constraint,1053,34,0.8319567064488885,0.0364963503649635,0.20588235294117646,0.7941176470588236,1.0,0.7969832102554,0.072992700729927,0.38235294117647056,0.6176470588235294,1.0,0.7832067577647024,0.17883211678832117,0.6176470588235294,0.38235294117647056,1.0,0.5456323318901097
19,gurney  slade 56,attribute_constraint,14,0,0.8643145546088339,0.2,,,0.2,0.9820418539921404,0.2,,,0.1,0.9820418539921404,0.3,,,0.06,0.47067872433164165
20,foutains with brick look,product_type,94,12,0.31586241276666294,0.022222222222222223,0.08333333333333333,0.9166666666666666,0.4,0.38095965081766614,0.044444444444444446,0.08333333333333333,0.9166666666666666,0.3,0.5898707960952093,0.08888888888888889,0.08333333333333333,0.9166666666666666,0.2,-0.2293382251782118
21,living curtains pearl,product_type,127,1,0.6943559465628248,0.047244094488188976,0.0,1.0,0.6,0.7787676299523247,0.07874015748031496,0.0,1.0,0.5,0.865751383782762,0.13385826771653545,0.0,1.0,0.34,0.021870444131992663
22,light and navy blue decorative pillow,multi_constraint,251,22,0.3900954117610807,0.04081632653061224,0.045454545454545456,0.9545454545454546,0.8,0.4169118988776716,0.061224489795918366,0.045454545454545456,0.9545454545454546,0.6,0.5684534261235766,0.14285714285714285,0.18181818181818182,0.8181818181818181,0.56,0.6108675105213274
23,stoneford end tables white and wood,multi_constraint,1266,0,1.0,0.005700325732899023,,,0.7,1.0,0.009771986970684038,,,0.6,1.0,0.029315960912052116,,,0.72,0.19252231981828793
24,wood coffee table set by storage,multi_constraint,2559,84,0.5123033571450284,0.004764173415912339,0.03571428571428571,0.9642857142857143,1.0,0.4488347430544999,0.009528346831824679,0.03571428571428571,0.9642857142857143,1.0,0.455111821727882,0.023820867079561697,0.10714285714285714,0.8928571428571429,1.0,0.5709101115231313
25,sunflower,brand_entity_proxy,242,227,1.0,0.04329004329004329,0.04405286343612335,0.9559471365638766,1.0,1.0,0.08658008658008658,0.0881057268722467,0.9118942731277533,1.0,1.0,0.21645021645021645,0.22026431718061673,0.7797356828193833,1.0,0.3071527249737958
26,leather chairs,attribute_constraint,3746,876,0.9014470060563649,0.0027380590203833284,0.007990867579908675,0.9920091324200914,0.9,0.9099830709119305,0.005780346820809248,0.0182648401826484,0.9817351598173516,0.95,0.899353658236207,0.013994523881959233,0.04337899543378995,0.95662100456621,0.92,0.523506594382398
27,outdoor welcome rug,product_type,344,100,0.7156615343112205,0.029239766081871343,0.06,0.94,1.0,0.771496929239467,0.05847953216374269,0.14,0.86,1.0,0.7456381623393837,0.1286549707602339,0.29,0.71,0.88,0.39722967088094885
28,rooster decor,brand_entity_proxy,725,175,1.0,0.03333333333333333,0.05714285714285714,0.9428571428571428,1.0,1.0,0.06666666666666667,0.11428571428571428,0.8857142857142857,1.0,1.0,0.16666666666666666,0.2857142857142857,0.7142857142857143,1.0,0.7010571984577714
29,bathroom vanity knobs,product_type,802,138,0.0,0.0,0.0,1.0,1.0,0.0,0.0,0.0,1.0,1.0,0.0,0.0,0.0,1.0,0.98,-0.5237144696838574
30,3 1/2 inch drawer pull,multi_constraint,549,88,0.6176717990221129,0.029411764705882353,0.045454545454545456,0.9545454545454546,1.0,0.6536742441310242,0.058823529411764705,0.11363636363636363,0.8863636363636364,1.0,0.6606416935171839,0.14705882352941177,0.2840909090909091,0.7159090909090908,1.0,0.7694155193304553
31,burnt orange curtains,product_type,168,1,0.6943559465628248,0.047619047619047616,0.0,1.0,0.8,0.7787676299523247,0.07142857142857142,0.0,1.0,0.6,0.865751383782762,0.15476190476190477,0.0,1.0,0.52,-0.018349686123484196
32,dark gray dresser,attribute_constraint,211,3,0.8409494862638364,0.03296703296703297,0.6666666666666666,0.33333333333333337,0.6,0.8760847156621749,0.04945054945054945,0.6666666666666666,0.33333333333333337,0.45,0.9183834689112987,0.08791208791208792,0.6666666666666666,0.33333333333333337,0.32,0.5646673178207576
33,non slip shower floor tile,multi_constraint,669,125,0.8000633122016705,0.015584415584415584,0.032,0.968,0.6,0.7197103908429391,0.025974025974025976,0.056,0.944,0.5,0.6371650591610141,0.05974025974025974,0.112,0.888,0.48,0.511693638158766
34,bar stool with backrest,product_type,740,374,0.7957756462290442,0.012244897959183673,0.013368983957219251,0.9866310160427807,0.9,0.7748309623288696,0.021768707482993196,0.02406417112299465,0.9759358288770054,0.8,0.674886710221464,0.061224489795918366,0.05080213903743316,0.9491978609625669,0.9,0.06701782859342933
35,enclosed shoe rack,product_type,174,51,0.3900954117610807,0.03488372093023256,0.0196078431372549,0.9803921568627451,0.6,0.43940600584693484,0.08139534883720931,0.0392156862745098,0.9607843137254902,0.7,0.43901611020788595,0.22674418604651161,0.09803921568627451,0.9019607843137255,0.78,-0.14610472426243165
36,laundry basket with wheels,product_type,157,37,0.9477344873475497,0.05128205128205128,0.1891891891891892,0.8108108108108107,0.8,0.8983286958084442,0.09615384615384616,0.35135135135135137,0.6486486486486487,0.75,0.8728222812262646,0.2564102564102564,0.7027027027027027,0.29729729729729726,0.8,0.528600741121143
37,bar stool 24 inches height,multi_constraint,875,110,0.67254650848596,0.010935601458080195,0.045454545454545456,0.9545454545454546,0.9,0.5986804684207718,0.023086269744835967,0.06363636363636363,0.9363636363636364,0.95,0.48782172538440616,0.0583232077764277,0.08181818181818182,0.9181818181818182,0.96,0.26134017896356154
38,calvin patio chair,product_type,255,1,1.0,0.04716981132075472,1.0,0.0,1.0,1.0,0.08962264150943396,1.0,0.0,0.95,0.9876297395827484,0.19339622641509435,1.0,0.0,0.82,0.5290934911148281
39,door jewelry organizer,product_type,149,31,0.42590829591570295,0.06711409395973154,0.03225806451612903,0.967741935483871,1.0,0.5089769131279376,0.12751677852348994,0.16129032258064516,0.8387096774193549,0.95,0.6479541662022188,0.3288590604026846,0.5161290322580645,0.4838709677419355,0.98,0.2633193999294505
40,elegant executive chair,product_type,166,40,0.6179747169723491,0.06097560975609756,0.125,0.875,1.0,0.6116941553438262,0.11585365853658537,0.225,0.775,0.95,0.65675975339001,0.2926829268292683,0.475,0.525,0.96,0.3139981468409738
41,closet pull out valet rod,multi_constraint,143,19,0.9048032373092417,0.125,0.42105263157894735,0.5789473684210527,1.0,0.777878652380099,0.2375,0.5789473684210527,0.42105263157894735,1.0,0.8471132670067036,0.4125,0.8421052631578947,0.1578947368421053,0.76,0.5001946467765094
42,toddler couch fold out,product_type,149,3,0.707302465762382,0.10666666666666667,0.3333333333333333,0.6666666666666667,0.9,0.8122491704781074,0.24,0.3333333333333333,0.6666666666666667,0.95,0.8644618761741901,0.5066666666666667,0.6666666666666666,0.33333333333333337,0.8,0.7721093025976989
43,solid teak end table,product_type,1231,22,0.8442327945045965,0.009514747859181731,0.36363636363636365,0.6363636363636364,1.0,0.8156502232550737,0.01807802093244529,0.6818181818181818,0.31818181818181823,1.0,0.8988848847082443,0.04186489058039962,0.9545454545454546,0.045454545454545414,0.94,0.3142083740509814
44,chrome shower head and valve,multi_constraint,219,33,0.6101871780591609,0.04608294930875576,0.09090909090909091,0.9090909090909091,1.0,0.5848498373953681,0.08294930875576037,0.15151515151515152,0.8484848484848485,0.9,0.6469620723678224,0.2073732718894009,0.36363636363636365,0.6363636363636364,0.9,0.1816288072957142
45,70s inspired furniture,attribute_constraint,169,20,0.5481814994146365,0.018691588785046728,0.05,0.95,0.2,0.5703751161891023,0.04672897196261682,0.1,0.9,0.25,0.7000482772426225,0.09345794392523364,0.15,0.85,0.2,0.5984486907880658
46,beach blue headboard,attribute_constraint,104,5,0.6875756416843556,0.0784313725490196,0.6,0.4,0.8,0.7478694863858263,0.11764705882352941,0.6,0.4,0.6,0.826447454777376,0.3235294117647059,0.6,0.4,0.66,0.19806735640689552
47,porcelain loaf pan,product_type,105,0,1.0,0.1,,,1.0,0.961615361834617,0.19,,,1.0,0.9790476232781447,0.49,,,1.0,0.18886261046419373
48,arwen table lamp,product_type,282,1,1.0,0.03546099290780142,1.0,0.0,1.0,1.0,0.07092198581560284,1.0,0.0,1.0,1.0,0.17375886524822695,1.0,0.0,0.98,0.10295973345818706
49,moen matte black hooks,attribute_constraint,135,0,0.8115558478722846,0.034482758620689655,,,0.6,0.8783842972085543,0.07758620689655173,,,0.55,0.933615682159078,0.1896551724137931,,,0.48,0.4749881237837972
50,tufted chair with gold legs,multi_constraint,404,28,0.6368828395051224,0.023017902813299233,0.14285714285714285,0.8571428571428572,0.9,0.6762221989451013,0.03836317135549872,0.32142857142857145,0.6785714285714286,0.75,0.753439965463924,0.058823529411764705,0.39285714285714285,0.6071428571428572,0.46,0.38457848051363225
51,kohen 5 drawer dresser,attribute_constraint,595,1,1.0,0.017006802721088437,1.0,0.0,1.0,1.0,0.034013605442176874,1.0,0.0,1.0,1.0,0.08503401360544217,1.0,0.0,1.0,0.16081023506104547
52,westling coffee table,product_type,1433,0,1.0,0.007042253521126761,,,1.0,1.0,0.014084507042253521,,,1.0,1.0,0.03450704225352113,,,0.98,0.12826368575687871
53,carolyn console table,product_type,610,0,1.0,0.01639344262295082,,,1.0,1.0,0.03278688524590164,,,1.0,1.0,0.08196721311475409,,,1.0,
54,wayfair sleep zippered,product_type,143,5,0.5886339283591305,0.050724637681159424,0.2,0.8,0.7,0.6680222390935648,0.11594202898550725,0.4,0.6,0.8,0.7912193095681872,0.2971014492753623,0.6,0.4,0.82,0.16079439558209827
55,tollette teal outdoor rug,product_type,171,1,1.0,0.058823529411764705,1.0,0.0,1.0,1.0,0.11764705882352941,1.0,0.0,1.0,1.0,0.29411764705882354,1.0,0.0,1.0,0.18622492465354767
56,royal blue counter height chairs,multi_constraint,344,0,0.92663607790064,0.025974025974025976,,,0.6,0.8824815991880924,0.03896103896103896,,,0.5,0.8876367111304627,0.08225108225108226,,,0.46,0.36639988299686216
57,jordanna solid wood rocking,attribute_constraint,1406,1,0.9490593244271374,0.042105263157894736,1.0,0.0,0.9,0.9354738920694279,0.07368421052631578,1.0,0.0,0.8,0.922298591447233,0.17894736842105263,1.0,0.0,0.76,0.35022856895267074
58,medium size chandelier,product_type,164,63,0.5021969360736879,0.018518518518518517,0.0,1.0,0.3,0.48810877497650834,0.037037037037037035,0.031746031746031744,0.9682539682539683,0.3,0.49414871953206574,0.10493827160493827,0.06349206349206349,0.9365079365079365,0.34,-0.04806367570193961
59,broadway lever,brand_entity_proxy,165,43,1.0,0.06451612903225806,0.23255813953488372,0.7674418604651163,1.0,1.0,0.12903225806451613,0.46511627906976744,0.5348837209302326,1.0,0.9993845441704831,0.3225806451612903,1.0,0.0,1.0,0.6932558144357077
60,capricorn chest,brand_entity_proxy,332,3,0.5509456358478205,0.021604938271604937,0.6666666666666666,0.33333333333333337,1.0,0.6326792257613368,0.043209876543209874,1.0,0.0,1.0,0.7580649751935045,0.1111111111111111,1.0,0.0,0.84,-0.06295124046849011
61,overstreet rustic pub stools,style,162,1,1.0,0.024691358024691357,1.0,0.0,0.4,1.0,0.037037037037037035,1.0,0.0,0.3,1.0,0.1419753086419753,1.0,0.0,0.46,0.1356646894938404
62,7qt slow cooker,attribute_constraint,157,9,0.8856029994525106,0.06756756756756757,0.7777777777777778,0.2222222222222222,1.0,0.9039714667308362,0.13513513513513514,0.7777777777777778,0.2222222222222222,1.0,0.9302474988358851,0.33783783783783783,0.7777777777777778,0.2222222222222222,1.0,0.474831723074397
63,monthly calendar,brand_entity_proxy,115,72,0.9074250374176304,0.09433962264150944,0.125,0.875,1.0,0.9146653830875159,0.18867924528301888,0.25,0.75,1.0,0.8970907416951295,0.4716981132075472,0.5833333333333334,0.41666666666666663,1.0,0.5410565529896864
64,zachary 72.5,attribute_constraint,77,1,1.0,0.013513513513513514,1.0,0.0,0.1,1.0,0.013513513513513514,1.0,0.0,0.05,0.970905467315312,0.02702702702702703,1.0,0.0,0.04,0.04936347269745552
65,gnome fairy garden,product_type,156,38,0.6498600945867898,0.06535947712418301,0.10526315789473684,0.8947368421052632,1.0,0.6301869033406767,0.13071895424836602,0.21052631578947367,0.7894736842105263,1.0,0.6809730299099502,0.3202614379084967,0.5,0.5,0.98,0.21208420717774942
66,novara pergola,brand_entity_proxy,69,1,1.0,0.15625,1.0,0.0,1.0,1.0,0.3125,1.0,0.0,1.0,1.0,0.78125,1.0,0.0,1.0,0.4883741565338878
67,osgood mirror,product_type,587,0,1.0,0.01984126984126984,,,1.0,1.0,0.03968253968253968,,,1.0,1.0,0.09523809523809523,,,0.96,0.4088832647436803
68,nautical platters,brand_entity_proxy,204,89,0.7034313136710331,0.05952380952380952,0.06741573033707865,0.9325842696629214,1.0,0.763603944173829,0.11904761904761904,0.15730337078651685,0.8426966292134832,1.0,0.7407428196596598,0.2976190476190476,0.34831460674157305,0.651685393258427,1.0,0.605879830291033
69,wall sconce with usb port,multi_constraint,235,13,0.8062502433656068,0.04975124378109453,0.5384615384615384,0.46153846153846156,1.0,0.7885935692796341,0.08955223880597014,0.6153846153846154,0.3846153846153846,0.9,0.8586672263943743,0.19900497512437812,0.6923076923076923,0.3076923076923077,0.8,0.4652827257186598
70,annex dresser,product_type,504,1,0.8471779732814125,0.009940357852882704,1.0,0.0,0.5,0.8893838149761623,0.027833001988071572,1.0,0.0,0.7,0.932875691891381,0.06759443339960239,1.0,0.0,0.68,0.10672780917468135
71,infant girl crib bedding,product_type,139,47,0.6610174548717319,0.07246376811594203,0.10638297872340426,0.8936170212765957,1.0,0.6645087260903703,0.14492753623188406,0.2127659574468085,0.7872340425531915,1.0,0.674772931749715,0.36231884057971014,0.5106382978723404,0.4893617021276596,1.0,0.3236104703786936
72,fold in half table,product_type,174,85,1.0,0.06134969325153374,0.11764705882352941,0.8823529411764706,1.0,0.9659370277440176,0.1165644171779141,0.2235294117647059,0.7764705882352941,1.0,0.9598200665956339,0.3006134969325153,0.5529411764705883,0.44705882352941173,1.0,0.7575226676833787
73,certified international melamine,product_type,181,0,1.0,0.05660377358490566,,,0.9,1.0,0.11949685534591195,,,0.95,1.0,0.27672955974842767,,,0.88,0.5358819220119724
74,serta kleinmon,brand_entity_proxy,87,3,0.9842543681010357,0.09523809523809523,1.0,0.0,0.8,0.9877326743057525,0.11904761904761904,1.0,0.0,0.5,0.9574177203798144,0.20238095238095238,1.0,0.0,0.34,0.1586011025728035
75,sheffield home bath set,product_type,231,4,0.47994085909866635,0.051094890510948905,0.25,0.75,0.9,0.5676672383153076,0.08759124087591241,0.25,0.75,0.7,0.6866019830127624,0.21897810218978103,0.25,0.75,0.68,0.5102267942027235
76,46 inch closet door,attribute_constraint,135,2,0.3899290221879401,0.10909090909090909,0.0,1.0,0.8,0.46738373410205053,0.21818181818181817,0.0,1.0,0.7,0.5044662012958361,0.34545454545454546,0.0,1.0,0.5,0.3989323908655459
77,sancroft armchair,brand_entity_proxy,661,1,0.6943559465628248,0.015128593040847202,0.0,1.0,1.0,0.7787676299523247,0.030257186081694403,0.0,1.0,1.0,0.865751383782762,0.07564296520423601,0.0,1.0,1.0,-0.054874423765790395
78,dorel vanity,brand_entity_proxy,948,3,0.5159958223394444,0.011723329425556858,0.0,1.0,1.0,0.6229152997582164,0.023446658851113716,0.0,1.0,1.0,0.7516339866803449,0.05744431418522861,0.0,1.0,0.98,0.34134008996244475
79,palram harmony greenhouses,product_type,122,0,0.9305687780632229,0.08571428571428572,,,1.0,0.8800602794340983,0.1619047619047619,,,1.0,0.9194147631715026,0.4380952380952381,,,1.0,0.2590900019695588
80,7 draw white dresser,attribute_constraint,198,39,0.8527809579781418,0.05102040816326531,0.1794871794871795,0.8205128205128205,1.0,0.7663680590862071,0.09693877551020408,0.2564102564102564,0.7435897435897436,0.95,0.7596854998991704,0.23979591836734693,0.5128205128205128,0.4871794871794872,0.94,0.411192047819867
81,orren ellis l shape desk,multi_constraint,233,75,0.48006117753205346,0.0410958904109589,0.013333333333333334,0.9866666666666667,0.9,0.4759081127891693,0.0867579908675799,0.04,0.96,0.95,0.47240112890342467,0.2191780821917808,0.12,0.88,0.96,0.04057978498336399
82,bathroom vanity with counter space,multi_constraint,668,53,0.3333333333333333,0.01529051987767584,0.0,1.0,1.0,0.38163174028091035,0.03058103975535168,0.03773584905660377,0.9622641509433962,1.0,0.38855675062653466,0.07339449541284404,0.09433962264150944,0.9056603773584906,0.96,0.19503006531671827
83,wall art fiji,product_type,103,0,1.0,0.0,,,0.0,1.0,0.041237113402061855,,,0.2,0.9840400760956514,0.10309278350515463,,,0.2,0.2941675953918121
84,full metal bed rose gold,multi_constraint,299,1,0.6943559465628248,0.03349282296650718,0.0,1.0,0.7,0.7787676299523247,0.07177033492822966,0.0,1.0,0.75,0.8533032463965863,0.17703349282296652,0.0,1.0,0.74,0.4708919351956709
85,3/4 size mattress,attribute_constraint,152,0,1.0,0.018867924528301886,,,0.2,1.0,0.04716981132075472,,,0.25,1.0,0.10377358490566038,,,0.22,0.7836402699431018
86,aloe vera plant pot,product_type,142,15,0.583845168395474,0.07246376811594203,0.26666666666666666,0.7333333333333334,1.0,0.6642470211282778,0.14492753623188406,0.5333333333333333,0.4666666666666667,1.0,0.8237781678902825,0.36231884057971014,0.8666666666666667,0.1333333333333333,1.0,0.44921368760168545
87,vlad modular sectional,product_type,221,0,1.0,0.04524886877828054,,,1.0,1.0,0.09049773755656108,,,1.0,1.0,0.22624434389140272,,,1.0,
88,rose gold lounge,attribute_constraint,159,1,0.6429716403361131,0.046296296296296294,1.0,0.0,0.6,0.5997630138657866,0.05555555555555555,1.0,0.0,0.45,0.5986585962861497,0.06481481481481481,1.0,0.0,0.28,-0.08618097851774868
89,whimsical solar lights,product_type,142,68,0.6852219536434856,0.044444444444444446,0.04411764705882353,0.9558823529411765,0.7,0.6356013444561688,0.1111111111111111,0.11764705882352941,0.8823529411764706,0.8,0.6773243283337013,0.2222222222222222,0.19117647058823528,0.8088235294117647,0.62,0.14213264546230764
90,filaret outdoor sofa,product_type,242,0,1.0,0.03319502074688797,,,0.8,1.0,0.04979253112033195,,,0.6,1.0,0.12033195020746888,,,0.58,-0.04472106961733518
91,industrial pipe dining  table,style,686,8,0.5827862728350789,0.014925373134328358,0.25,0.75,1.0,0.6829389463926608,0.028358208955223882,0.25,0.75,0.95,0.7931730094134049,0.07014925373134329,0.5,0.5,0.94,0.26144136036691656
92,antique silver entry table,attribute_constraint,170,0,1.0,0.060240963855421686,,,1.0,1.0,0.0783132530120482,,,0.65,0.9863315949815462,0.15060240963855423,,,0.5,0.09964045933972025
93,outdoor sectional dining,product_type,233,58,0.6113737423276703,0.01809954751131222,0.05172413793103448,0.9482758620689655,0.4,0.5801399579514993,0.058823529411764705,0.06896551724137931,0.9310344827586207,0.65,0.5888977587394821,0.1583710407239819,0.22413793103448276,0.7758620689655172,0.7,0.30238141897885035
94,kohler whitehaven farmhouse kitchen sink,style,197,4,0.5500559001289844,0.06666666666666667,0.25,0.75,1.0,0.6424126442951291,0.13333333333333333,0.25,0.75,1.0,0.8208773185465796,0.3333333333333333,1.0,0.0,1.0,0.7107835480152718
95,entertainment stand end table,product_type,820,49,0.29665137228365335,0.011042944785276074,0.0,1.0,1.0,0.30965999339439054,0.022085889570552148,0.0,1.0,0.95,0.3233576880623433,0.05521472392638037,0.0,1.0,0.92,-0.09756264406934899
96,bar room wall decor,product_type,384,75,0.9537125187088151,0.03546099290780142,0.12,0.88,1.0,0.9221546654627952,0.07092198581560284,0.22666666666666666,0.7733333333333333,1.0,0.8943822140522643,0.1595744680851064,0.52,0.48,0.92,0.6931992739550026
97,regner power loom red,attribute_constraint,197,1,1.0,0.05102040816326531,1.0,0.0,1.0,1.0,0.10204081632653061,1.0,0.0,1.0,1.0,0.25510204081632654,1.0,0.0,1.0,0.16654811840449307
98,gracie oaks 62 oller 14 ceiling fan,multi_constraint,124,0,1.0,0.08849557522123894,,,1.0,1.0,0.17699115044247787,,,1.0,1.0,0.4424778761061947,,,1.0,0.42671037669609907
99,arched christmas tree,product_type,121,0,1.0,0.09009009009009009,,,1.0,1.0,0.18018018018018017,,,1.0,1.0,0.44144144144144143,,,0.98,0.45028749083021247
100,tufted upholstered bed diamond,product_type,887,211,0.7537758309104857,0.011083743842364532,0.023696682464454975,0.976303317535545,0.9,0.7209380671319822,0.023399014778325122,0.04739336492890995,0.95260663507109,0.95,0.6872277127701792,0.059113300492610835,0.11374407582938388,0.8862559241706162,0.96,0.41859905882875537
101,48 in entry table with side by side drawer,long_descriptive,283,4,0.4700182601018591,0.015444015444015444,0.0,1.0,0.4,0.6584623592426808,0.03474903474903475,0.0,1.0,0.45,0.7570310352131107,0.0694980694980695,0.5,0.5,0.36,0.18168239366223587
102,flamingo,brand_entity_proxy,68,57,1.0,0.17543859649122806,0.17543859649122806,0.8245614035087719,1.0,1.0,0.3508771929824561,0.3508771929824561,0.6491228070175439,1.0,0.9852259760043575,0.8245614035087719,0.8245614035087719,0.17543859649122806,0.96,0.5951422414511494
103,kitchen anti fatigue mats,product_type,368,230,0.6426176375450375,0.027247956403269755,0.021739130434782608,0.9782608695652174,1.0,0.7210330672738294,0.05449591280653951,0.05652173913043478,0.9434782608695652,1.0,0.7769500831363527,0.1362397820163488,0.1565217391304348,0.8434782608695652,1.0,0.2788808910286792
104,flour and sugar containers,product_type,179,12,0.646503863333913,0.056179775280898875,0.3333333333333333,0.6666666666666667,1.0,0.6862349446931293,0.10112359550561797,0.4166666666666667,0.5833333333333333,0.9,0.8014632442859093,0.2303370786516854,0.5833333333333334,0.41666666666666663,0.82,0.19975515920534992
105,outdoor movie screen,product_type,149,62,1.0,0.07352941176470588,0.16129032258064516,0.8387096774193549,1.0,1.0,0.14705882352941177,0.3225806451612903,0.6774193548387097,1.0,0.8664737539033396,0.2647058823529412,0.5483870967741935,0.4516129032258065,0.8,0.526330836442258
106,bed risers,product_type,2245,36,1.0,0.10526315789473684,0.2777777777777778,0.7222222222222222,1.0,1.0,0.21052631578947367,0.5555555555555556,0.4444444444444444,1.0,0.8896378954665284,0.4105263157894737,0.8888888888888888,0.11111111111111116,0.98,0.23868202174101286
107,front porch furniture sets,product_type,309,43,0.5368232559598008,0.026402640264026403,0.046511627906976744,0.9534883720930233,0.8,0.46465908513709564,0.0462046204620462,0.046511627906976744,0.9534883720930233,0.7,0.4644124121747814,0.09570957095709572,0.046511627906976744,0.9534883720930233,0.58,0.22128659178828783
108,ayesha curry kitchen,product_type,131,81,1.0,0.07936507936507936,0.12345679012345678,0.8765432098765432,1.0,1.0,0.15873015873015872,0.24691358024691357,0.7530864197530864,1.0,0.9608182149509462,0.3968253968253968,0.5679012345679012,0.4320987654320988,1.0,0.6811340075460502
109,hillsby oriental rug,product_type,247,39,1.0,0.04048582995951417,0.2564102564102564,0.7435897435897436,1.0,1.0,0.08097165991902834,0.5128205128205128,0.4871794871794872,1.0,0.9774153323012813,0.20242914979757085,0.9487179487179487,0.05128205128205132,1.0,0.6060466984312306
110,mila task chair,product_type,348,0,1.0,0.02881844380403458,,,1.0,1.0,0.05763688760806916,,,1.0,1.0,0.1440922190201729,,,1.0,0.09271455408231195
111,delta trinsic,brand_entity_proxy,161,69,1.0,0.05806451612903226,0.13043478260869565,0.8695652173913043,0.9,1.0,0.1032258064516129,0.2318840579710145,0.7681159420289855,0.8,0.930682754465043,0.17419354838709677,0.37681159420289856,0.6231884057971014,0.54,0.7035466206806249
112,pineapple,brand_entity_proxy,271,266,1.0,0.03759398496240601,0.03759398496240601,0.9624060150375939,1.0,1.0,0.07518796992481203,0.07518796992481203,0.924812030075188,1.0,1.0,0.18796992481203006,0.18796992481203006,0.8120300751879699,1.0,0.1587803191174949
113,led light strip,product_type,432,75,1.0,0.026455026455026454,0.13333333333333333,0.8666666666666667,1.0,1.0,0.05291005291005291,0.26666666666666666,0.7333333333333334,1.0,0.989466104790082,0.12962962962962962,0.64,0.36,0.98,0.7263366103206118
114,geralyn upholstered storage platform bed,multi_constraint,1252,3,0.7431286862216819,0.008136696501220505,0.3333333333333333,0.6666666666666667,1.0,0.7998731274903537,0.01627339300244101,0.3333333333333333,0.6666666666666667,1.0,0.8681868729983435,0.03986981285598047,0.3333333333333333,0.6666666666666667,0.98,-0.007792921910634053
115,peacock,brand_entity_proxy,224,202,1.0,0.04878048780487805,0.04950495049504951,0.9504950495049505,1.0,1.0,0.0975609756097561,0.09900990099009901,0.900990099009901,1.0,1.0,0.24390243902439024,0.24752475247524752,0.7524752475247525,1.0,0.40927660136501953
116,brockham solid blackout thermal grommet curtain panels,multi_constraint,595,0,1.0,0.01721170395869191,,,1.0,1.0,0.03442340791738382,,,1.0,1.0,0.08605851979345955,,,1.0,0.2534384372022613
117,tall storage cabinet,attribute_constraint,430,128,0.793765255507228,0.011876484560570071,0.03125,0.96875,0.5,0.7727033747342237,0.028503562945368172,0.0546875,0.9453125,0.6,0.7544798507404017,0.0688836104513064,0.140625,0.859375,0.58,0.3600696323316565
118,body pillow case,product_type,216,94,0.7900799128882461,0.046296296296296294,0.0851063829787234,0.9148936170212766,1.0,0.818094402315698,0.09259259259259259,0.1702127659574468,0.8297872340425532,1.0,0.8418951514005364,0.23148148148148148,0.425531914893617,0.574468085106383,1.0,0.5707377946442681
119,welcome sign,brand_entity_proxy,441,158,0.955830517697074,0.0273972602739726,0.056962025316455694,0.9430379746835443,1.0,0.9714944583233123,0.0547945205479452,0.12025316455696203,0.879746835443038,1.0,0.8957037362485095,0.136986301369863,0.25316455696202533,0.7468354430379747,1.0,0.5697458477870198
120,zodiac pillow,brand_entity_proxy,979,33,1.0,0.012077294685990338,0.30303030303030304,0.696969696969697,1.0,0.8878575098233286,0.024154589371980676,0.45454545454545453,0.5454545454545454,1.0,0.9422541473542957,0.05434782608695652,0.9696969696969697,0.030303030303030276,1.0,0.5483218361453968
121,upholstered bed,product_type,2977,726,1.0,0.006165228113440197,0.013774104683195593,0.9862258953168044,1.0,0.9676617088516802,0.011713933415536375,0.026170798898071626,0.9738292011019284,0.95,0.9143127922310168,0.02651048088779285,0.05785123966942149,0.9421487603305785,0.96,0.5696879879351554
122,king size bed,attribute_constraint,448,375,1.0,0.023809523809523808,0.02666666666666667,0.9733333333333334,1.0,1.0,0.04047619047619048,0.04533333333333334,0.9546666666666667,0.85,0.9238233250352528,0.08095238095238096,0.08533333333333333,0.9146666666666666,0.7,-0.0019876390910168597
123,entrance table,product_type,4329,187,0.7404475384200868,0.0030701754385964912,0.03208556149732621,0.9679144385026738,1.0,0.6496967768447955,0.006578947368421052,0.0481283422459893,0.9518716577540107,1.0,0.564451918388489,0.015789473684210527,0.10160427807486631,0.8983957219251337,1.0,0.09653198519872834
124,unique coffee tables,product_type,1467,324,0.7540962185742315,0.007739938080495356,0.021604938271604937,0.9783950617283951,1.0,0.6287982861498607,0.013157894736842105,0.027777777777777776,0.9722222222222222,0.95,0.5868020661519681,0.0348297213622291,0.05864197530864197,0.941358024691358,0.98,0.11133234480222146
125,boho bed frame,product_type,283,1,0.6179449332035313,0.032,0.0,1.0,0.9,0.6678791077033834,0.056,0.0,1.0,0.8,0.7950844398311374,0.136,1.0,0.0,0.78,0.0987795217484217
126,leather dining chairs,attribute_constraint,719,241,1.0,0.014749262536873156,0.04149377593360996,0.9585062240663901,1.0,1.0,0.029498525073746312,0.08298755186721991,0.91701244813278,1.0,0.9421375536378555,0.07227138643067847,0.1825726141078838,0.8174273858921162,0.98,0.5464672144490987
127,wine bar,brand_entity_proxy,1580,159,0.92663607790064,0.035842293906810034,0.05660377358490566,0.9433962264150944,1.0,0.9203150289737945,0.06810035842293907,0.11320754716981132,0.8867924528301887,1.0,0.9268860286000901,0.17562724014336917,0.2830188679245283,0.7169811320754718,1.0,0.5923634498113436
128,block coffee table,product_type,1455,113,0.955830517697074,0.007326007326007326,0.07964601769911504,0.9203539823008849,1.0,0.9495844779449276,0.014652014652014652,0.1592920353982301,0.8407079646017699,1.0,0.9424286787916546,0.03663003663003663,0.39823008849557523,0.6017699115044248,1.0,0.33593543651408764
129,wainscoting ideas,brand_entity_proxy,185,28,0.5753239941182337,0.021052631578947368,0.07142857142857142,0.9285714285714286,0.2,0.6260892173405098,0.021052631578947368,0.07142857142857142,0.9285714285714286,0.1,0.739676319979248,0.021052631578947368,0.07142857142857142,0.9285714285714286,0.06,0.3766596500375619
130,entertainment console,brand_entity_proxy,875,187,0.4066972554326934,0.01152073732718894,0.0053475935828877,0.9946524064171123,1.0,0.4033886613818742,0.02304147465437788,0.0106951871657754,0.9893048128342246,1.0,0.3807791948833114,0.0576036866359447,0.016042780748663103,0.983957219251337,1.0,-0.43881080307785636
131,kids chair,product_type,3479,173,0.716715990788886,0.00497787610619469,0.046242774566473986,0.953757225433526,1.0,0.7929402247886291,0.010508849557522125,0.09826589595375723,0.9017341040462428,1.0,0.8033298564244185,0.025442477876106196,0.23121387283236994,0.7687861271676301,1.0,0.2643043650379627
132,farmhouse cabinet,style,1260,42,0.6418861743088834,0.015228426395939087,0.09523809523809523,0.9047619047619048,1.0,0.5059999999364468,0.023688663282571912,0.09523809523809523,0.9047619047619048,0.95,0.5661692350263366,0.05414551607445008,0.40476190476190477,0.5952380952380952,0.92,0.2504353338633242
133,outdoor light fixtures,product_type,227,170,1.0,0.035,0.041176470588235294,0.9588235294117647,0.7,1.0,0.08,0.09411764705882353,0.9058823529411765,0.8,0.980285469655765,0.2,0.22941176470588234,0.7705882352941177,0.8,0.555875976451918
134,black hanging bookshelf,attribute_constraint,150,3,0.5159958223394444,0.04918032786885246,0.0,1.0,0.6,0.6693931909332539,0.09016393442622951,0.0,1.0,0.55,0.8057726417208054,0.22950819672131148,0.3333333333333333,0.6666666666666667,0.56,0.6511646710732428
135,low profile loveseat recliner,product_type,552,10,0.5354396881160303,0.060810810810810814,0.4,0.6,1.0,0.6391011166961515,0.12162162162162163,0.5,0.5,0.95,0.7704682085746657,0.28378378378378377,0.6,0.4,0.86,0.7433313239616022
136,black fluffy stool,attribute_constraint,166,0,0.77990823370192,0.01818181818181818,,,0.4,0.8579599603663427,0.048484848484848485,,,0.45,0.9224669929889917,0.07878787878787878,,,0.28,-0.13403011548263108
137,orren ellis l shaped desk,multi_constraint,233,80,0.4047013665160524,0.04433497536945813,0.0125,0.9875,0.9,0.4120603392912282,0.08374384236453201,0.0375,0.9625,0.95,0.4610406422415376,0.22167487684729065,0.15,0.85,0.96,0.045167649831848726
138,glass doors for bath,product_type,172,142,1.0,0.058823529411764705,0.06338028169014084,0.9366197183098591,0.9,1.0,0.12418300653594772,0.13380281690140844,0.8661971830985915,0.95,1.0,0.3202614379084967,0.34507042253521125,0.6549295774647887,0.98,0.60186435689388
139,auburn throw pillows,product_type,339,0,0.8165901947515999,0.020080321285140562,,,0.7,0.8152320369009832,0.028112449799196786,,,0.45,0.8261168091546787,0.09236947791164658,,,0.54,-0.029898265668265495
140,wire basket with dividers,product_type,131,3,0.7431286862216819,0.08,0.3333333333333333,0.6666666666666667,1.0,0.7998731274903537,0.16,0.3333333333333333,0.6666666666666667,1.0,0.8905602158690167,0.4,0.6666666666666666,0.33333333333333337,1.0,0.2756537810350844
141,podium with locking cabinet,product_type,161,3,0.08961127689516106,0.027777777777777776,0.0,1.0,0.4,0.1594026771373204,0.027777777777777776,0.0,1.0,0.35,0.2680134249828708,0.1111111111111111,0.3333333333333333,0.6666666666666667,0.32,0.2170787646211714
142,kitchen wooden stand,attribute_constraint,203,5,0.4253166393260859,0.04,0.0,1.0,0.4,0.42379460421431775,0.06666666666666667,0.2,0.8,0.3,0.5489070625191287,0.14666666666666667,0.2,0.8,0.28,0.44593888670879905
143,queen wingback chair,attribute_constraint,244,3,0.6264726432520421,0.04265402843601896,0.3333333333333333,0.6666666666666667,1.0,0.6877687699588124,0.08530805687203792,0.3333333333333333,0.6666666666666667,1.0,0.7727248805795669,0.21800947867298578,0.3333333333333333,0.6666666666666667,1.0,0.14546573411456803
144,rug plum,product_type,1423,116,0.9368077570869662,0.007558578987150416,0.07758620689655173,0.9224137931034483,1.0,0.9592177897479789,0.015117157974300832,0.16379310344827586,0.8362068965517242,1.0,0.9685329628238065,0.03779289493575208,0.41379310344827586,0.5862068965517242,1.0,0.34808394665743353
145,liberty hardware francisco,product_type,143,32,0.38559884598578353,0.038461538461538464,0.0625,0.9375,0.6,0.49773963934945253,0.08461538461538462,0.125,0.875,0.65,0.5481858241967862,0.17692307692307693,0.3125,0.6875,0.54,-0.08475804436838998
146,laundry vanity cabinet,product_type,111,4,0.4700182601018591,0.03636363636363636,0.0,1.0,0.4,0.5788037469624102,0.045454545454545456,0.0,1.0,0.25,0.7157078870808333,0.07272727272727272,0.0,1.0,0.16,-0.08794348326581429
147,drum picture,brand_entity_proxy,425,12,0.9363792118010482,0.12162162162162163,0.75,0.25,0.9,0.8365721575981488,0.12162162162162163,0.75,0.25,0.75,0.6936390538970787,0.20270270270270271,0.9166666666666666,0.08333333333333337,0.54,0.15377386866825477
148,industrial,style,249,194,1.0,0.050761421319796954,0.05154639175257732,0.9484536082474226,1.0,1.0,0.09137055837563451,0.09278350515463918,0.9072164948453608,0.9,1.0,0.18274111675126903,0.18556701030927836,0.8144329896907216,0.72,0.5423655839972334
149,mid century modern,style,173,155,1.0,0.05917159763313609,0.06451612903225806,0.935483870967742,1.0,1.0,0.10650887573964497,0.11612903225806452,0.8838709677419355,0.9,0.9510431472927744,0.22485207100591717,0.22580645161290322,0.7741935483870968,0.76,0.11482307381598134
150,dumbbells,brand_entity_proxy,54,21,1.0,0.47619047619047616,0.47619047619047616,0.5238095238095238,1.0,0.9013592468993897,0.8095238095238095,0.8095238095238095,0.19047619047619047,1.0,0.9874691269566738,0.9047619047619048,0.9047619047619048,0.09523809523809523,0.5,0.7543369466349467
151,leather chair,attribute_constraint,3042,630,0.7874707160768492,0.00247787610619469,0.006349206349206349,0.9936507936507937,0.7,0.7915873845438651,0.005309734513274336,0.015873015873015872,0.9841269841269842,0.75,0.7245741294573285,0.012743362831858408,0.03492063492063492,0.9650793650793651,0.72,0.4575450518650254
152,wishbone chair,product_type,3286,46,0.48006117753205346,0.0028337531486146094,0.021739130434782608,0.9782608695652174,0.9,0.4544407377929821,0.004408060453400504,0.043478260869565216,0.9565217391304348,0.7,0.42489666866222725,0.010705289672544081,0.043478260869565216,0.9565217391304348,0.68,0.20221760843027572
153,bohemian,style,178,145,0.9053206285482486,0.06535947712418301,0.05517241379310345,0.9448275862068966,1.0,0.9388970250923293,0.13071895424836602,0.12413793103448276,0.8758620689655172,1.0,0.9379160684236213,0.24836601307189543,0.2413793103448276,0.7586206896551724,0.78,0.38704150654663744
155,floating bed,product_type,2376,8,0.46679717385337594,0.003298774740810556,0.125,0.875,0.9,0.5558608478889981,0.00706880301602262,0.125,0.875,0.85,0.6900141965206572,0.019792648444863337,0.25,0.75,0.9,0.18282770030459064
156,papasan chair frame only,product_type,150,19,0.4264120970358327,0.09259259259259259,0.10526315789473684,0.8947368421052632,1.0,0.4722583288517702,0.18518518518518517,0.2631578947368421,0.736842105263158,1.0,0.7451674480293563,0.4537037037037037,0.8421052631578947,0.1578947368421053,1.0,0.615616803572846
157,velvet chaise,brand_entity_proxy,1085,51,0.5567189730595987,0.014705882352941176,0.0784313725490196,0.9215686274509804,1.0,0.5673499605810304,0.03308823529411765,0.1568627450980392,0.8431372549019608,1.0,0.6004171089573243,0.08639705882352941,0.43137254901960786,0.5686274509803921,1.0,0.22830803678933811
158,led nightstand,brand_entity_proxy,834,44,1.0,0.013140604467805518,0.22727272727272727,0.7727272727272727,1.0,0.9334408301406562,0.026281208935611037,0.38636363636363635,0.6136363636363636,1.0,0.8654341945634144,0.06438896189224705,0.7272727272727273,0.2727272727272727,0.98,0.3662268788315189
159,meditation,brand_entity_proxy,122,93,1.0,0.10416666666666667,0.10752688172043011,0.8924731182795699,1.0,1.0,0.20833333333333334,0.21505376344086022,0.7849462365591398,1.0,0.9863315949815461,0.4791666666666667,0.4946236559139785,0.5053763440860215,0.92,0.5886890545860168
160,marble,brand_entity_proxy,242,226,1.0,0.039301310043668124,0.03982300884955752,0.9601769911504425,0.9,1.0,0.07423580786026202,0.0752212389380531,0.9247787610619469,0.85,1.0,0.17903930131004367,0.18141592920353983,0.8185840707964602,0.82,0.292857094567888
161,accent chair recliner,product_type,205,38,0.4066972554326934,0.014925373134328358,0.02631578947368421,0.9736842105263158,0.3,0.4248816545127461,0.01990049751243781,0.02631578947368421,0.9736842105263158,0.2,0.4722516104268527,0.05472636815920398,0.02631578947368421,0.9736842105263158,0.22,0.04297933885007541
162,turquoise chair,product_type,3354,23,0.507872049484717,0.002530044275774826,0.08695652173913043,0.9130434782608696,0.9,0.4335393383240728,0.004111321948134092,0.08695652173913043,0.9130434782608696,0.75,0.5304403367808835,0.010120177103099304,0.08695652173913043,0.9130434782608696,0.68,0.2755438819318291
163,dual monitor stand,product_type,94,47,1.0,0.0967741935483871,0.19148936170212766,0.8085106382978724,0.9,0.9768332182007543,0.20430107526881722,0.3829787234042553,0.6170212765957447,0.95,0.8943680086184497,0.4946236559139785,0.7659574468085106,0.23404255319148937,0.92,0.6000407259689361
164,modern outdoor furniture,style,195,128,0.9134166588977729,0.03333333333333333,0.046875,0.953125,0.6,0.8981569378699678,0.06111111111111111,0.0703125,0.9296875,0.55,0.860443427881974,0.10555555555555556,0.1171875,0.8828125,0.38,0.31359145940921185
165,kitchen storage shelves,product_type,193,69,1.0,0.04712041884816754,0.13043478260869565,0.8695652173913043,0.9,0.9301171141521918,0.09424083769633508,0.2463768115942029,0.7536231884057971,0.9,0.854560303043051,0.2094240837696335,0.463768115942029,0.536231884057971,0.8,0.574743693086002
166,feather wall art,product_type,111,26,0.9510907186004265,0.09174311926605505,0.34615384615384615,0.6538461538461539,1.0,0.9349980553633626,0.1743119266055046,0.6923076923076923,0.3076923076923077,1.0,0.9633741952799857,0.24770642201834864,0.8846153846153846,0.11538461538461542,0.56,0.6013478880991391
167,camper,brand_entity_proxy,136,87,1.0,0.11494252873563218,0.11494252873563218,0.8850574712643678,1.0,1.0,0.20689655172413793,0.20689655172413793,0.7931034482758621,0.9,1.0,0.3563218390804598,0.3563218390804598,0.6436781609195402,0.62,0.8089279261551747
168,printers,brand_entity_proxy,68,0,1.0,0.125,,,0.6,0.9626932496335552,0.25,,,0.6,0.9770959100058495,0.5208333333333334,,,0.52,0.6955581235092819
169,coffee bar buffet,product_type,126,27,0.4280127047850847,0.008,0.0,1.0,0.1,0.5132962164326245,0.04,0.0,1.0,0.25,0.6628601117842897,0.112,0.14814814814814814,0.8518518518518519,0.28,0.24122517988344186
170,zen,brand_entity_proxy,127,99,1.0,0.1,0.10101010101010101,0.898989898989899,1.0,0.9772913518293451,0.2,0.1919191919191919,0.8080808080808081,1.0,0.9390960261959684,0.34,0.3333333333333333,0.6666666666666667,0.74,0.3882230032520611
171,nectar queen mattress,attribute_constraint,99,0,1.0,0.10101010101010101,,,1.0,1.0,0.16161616161616163,,,0.8,1.0,0.30303030303030304,,,0.6,
172,picasso,brand_entity_proxy,59,42,1.0,0.23809523809523808,0.23809523809523808,0.7619047619047619,1.0,1.0,0.47619047619047616,0.47619047619047616,0.5238095238095238,1.0,0.9451782564046628,0.7380952380952381,0.7380952380952381,0.26190476190476186,0.62,0.5625898084503499
173,bedroom accessories,brand_entity_proxy,316,4,0.42546599800298185,0.014705882352941176,0.0,1.0,0.3,0.5814411390241379,0.014705882352941176,0.0,1.0,0.2,0.664582640814486,0.049019607843137254,0.0,1.0,0.22,0.3546334724002363
174,star wars rug,product_type,90,0,0.6177638397019701,0.0,,,0.0,0.7483909499409086,0.0,,,0.0,0.8038744866626955,0.14285714285714285,,,0.02,0.3728839944499776
175,basket planter,brand_entity_proxy,564,70,1.0,0.033003300330033,0.14285714285714285,0.8571428571428572,1.0,0.9248294147199553,0.066006600660066,0.24285714285714285,0.7571428571428571,1.0,0.8380878361195169,0.15181518151815182,0.5142857142857142,0.48571428571428577,0.98,0.6728743543392537
176,mexican art,brand_entity_proxy,397,23,0.9008240627729516,0.02544529262086514,0.34782608695652173,0.6521739130434783,1.0,0.8925262472168187,0.05089058524173028,0.6956521739130435,0.30434782608695654,1.0,0.9293120586267948,0.089058524173028,0.782608695652174,0.21739130434782605,0.7,0.3736392979904774
177,rustic storage cabinet,style,378,16,0.6460000622137831,0.01856763925729443,0.1875,0.8125,0.7,0.6678281253436958,0.03713527851458886,0.3125,0.6875,0.7,0.7788291687850856,0.08222811671087533,0.5,0.5,0.62,0.2182608423630907
178,almost heaven sauna,product_type,74,24,0.3775028156362593,0.18867924528301888,0.041666666666666664,0.9583333333333334,1.0,0.4065645175748134,0.37735849056603776,0.125,0.875,1.0,0.7455045564130738,0.9056603773584906,0.8333333333333334,0.16666666666666663,0.96,0.4727655347129867
179,promo codes or discounts,product_type,1,0,1.0,0.0,,,0.0,1.0,0.0,,,0.0,1.0,0.0,,,0.0,
180,outdoor lounge cushions,product_type,403,72,0.8606337550063157,0.024875621890547265,0.09722222222222222,0.9027777777777778,1.0,0.8442970739365337,0.04477611940298507,0.19444444444444445,0.8055555555555556,0.9,0.7549777961364015,0.1044776119402985,0.3472222222222222,0.6527777777777778,0.84,0.4189130332466672
181,e12/candelabra,attribute_constraint,122,104,1.0,0.01639344262295082,0.019230769230769232,0.9807692307692307,0.2,1.0,0.02459016393442623,0.028846153846153848,0.9711538461538461,0.15,1.0,0.05737704918032787,0.0673076923076923,0.9326923076923077,0.14,0.614282734223425
182,penny round tile,attribute_constraint,98,58,1.0,0.10204081632653061,0.1724137931034483,0.8275862068965517,1.0,0.975128833089037,0.20408163265306123,0.3275862068965517,0.6724137931034483,1.0,0.9559837132757684,0.5102040816326531,0.7931034482758621,0.2068965517241379,1.0,0.7339106098180654
183,farmhouse bread box,style,78,6,0.5205303585137284,0.13513513513513514,0.16666666666666666,0.8333333333333334,1.0,0.7204712566376871,0.25675675675675674,0.6666666666666666,0.33333333333333337,0.95,0.8441149632554601,0.6486486486486487,1.0,0.0,0.96,0.40214895732263506
184,sugar canister,brand_entity_proxy,185,59,0.8442327945045965,0.05434782608695652,0.13559322033898305,0.864406779661017,1.0,0.8081226707684209,0.10326086956521739,0.23728813559322035,0.7627118644067796,0.95,0.7204934931092424,0.25,0.4067796610169492,0.5932203389830508,0.92,0.3646910244606028
185,lunch bag,brand_entity_proxy,124,34,1.0,0.21739130434782608,0.29411764705882354,0.7058823529411764,1.0,0.9744102412230782,0.43478260869565216,0.5588235294117647,0.4411764705882353,1.0,0.9164087587513484,0.8043478260869565,0.9411764705882353,0.05882352941176472,0.94,0.6784101027365683
186,board game storage cabinet,product_type,385,4,0.4700182601018591,0.010471204188481676,0.0,1.0,0.4,0.6199104005417353,0.020942408376963352,0.0,1.0,0.4,0.7434533793942695,0.06282722513089005,0.25,0.75,0.48,0.12130503434579135
188,"bedroom wall decor floral, multicolored with some teal (prints)",long_descriptive,277,8,0.6297870031371883,0.03932584269662921,0.25,0.75,0.7,0.6918487544594502,0.056179775280898875,0.375,0.625,0.5,0.743620819421383,0.07303370786516854,0.375,0.625,0.26,-0.07352087636120565
189,big basket for dirty cloths,multi_constraint,73,31,0.6218483394642328,0.09722222222222222,0.12903225806451613,0.8709677419354839,0.7,0.6421548147470256,0.1388888888888889,0.16129032258064516,0.8387096774193549,0.5,0.7847676017893084,0.2916666666666667,0.3225806451612903,0.6774193548387097,0.42,0.20312846455011713
190,benjiamino faux leather power lift chair,multi_constraint,792,5,0.43518692560571737,0.014064697609001406,0.0,1.0,1.0,0.5441885155473163,0.02812939521800281,0.0,1.0,1.0,0.6862448652703705,0.06891701828410689,0.0,1.0,0.98,0.35896056743568333
191,biycicle plant stands,product_type,217,0,1.0,0.04608294930875576,,,1.0,1.0,0.09216589861751152,,,1.0,1.0,0.22119815668202766,,,0.96,
193,belchertown table lamp,product_type,278,0,1.0,0.03597122302158273,,,1.0,1.0,0.0683453237410072,,,0.95,1.0,0.17266187050359713,,,0.96,
194,black frame 22 x 36,multi_constraint,293,0,0.9305687780632229,0.0898876404494382,,,0.9,0.8882634135747687,0.10112359550561797,,,0.5,0.8940323799860485,0.21348314606741572,,,0.44,0.6178904256719949
195,black freestanding tub  with faucet,multi_constraint,110,3,0.7728671361177625,0.09803921568627451,0.6666666666666666,0.33333333333333337,1.0,0.8724033099914904,0.19607843137254902,1.0,0.0,1.0,0.9159587191156849,0.49019607843137253,1.0,0.0,1.0,0.37042153361969277
196,chabely 5 draw chest,attribute_constraint,165,0,1.0,0.05625,,,0.9,1.0,0.1125,,,0.9,1.0,0.23125,,,0.74,0.22713867496920165
197,desk for kids tjat ate 10 year old,long_descriptive,41,23,0.92663607790064,0.0975609756097561,0.13043478260869565,0.8695652173913043,0.4,0.8605408135559518,0.17073170731707318,0.2608695652173913,0.7391304347826086,0.35,0.9647207915163314,0.4878048780487805,0.6521739130434783,0.34782608695652173,0.4,0.5109059059362075
198,cake plates with tops,product_type,82,10,0.5443078769227527,0.14583333333333334,0.2,0.8,0.7,0.6026505811494369,0.25,0.5,0.5,0.65,0.7190408103242717,0.4375,0.5,0.5,0.52,0.5398312567696507
199,blue faux throw with pillows,multi_constraint,384,0,0.92663607790064,0.013404825737265416,,,0.5,0.9526533201221141,0.024128686327077747,,,0.5,0.9741556643296638,0.06970509383378017,,,0.54,0.05823520742353711
200,ceramic tile sea shell,product_type,247,3,0.5159958223394444,0.040983606557377046,0.0,1.0,1.0,0.7614534046440885,0.08196721311475409,1.0,0.0,1.0,0.842881806550263,0.1885245901639344,1.0,0.0,0.92,0.2371669212050319
201,delta trinsic double towel hook in champagne bronze,long_descriptive,124,0,1.0,0.061224489795918366,,,0.6,1.0,0.12244897959183673,,,0.6,0.9833041757017094,0.2653061224489796,,,0.54,0.5921982595156313
202,full mattress padded liner,product_type,83,45,1.0,0.07228915662650602,0.13333333333333333,0.8666666666666667,0.6,0.9540349991379147,0.0963855421686747,0.17777777777777778,0.8222222222222222,0.4,0.8823064316326581,0.26506024096385544,0.4,0.6,0.44,0.4865114175585164
203,ge top loading washer 4.5,multi_constraint,87,5,0.5560491656685747,0.12048192771084337,0.2,0.8,1.0,0.8000914846003094,0.24096385542168675,1.0,0.0,1.0,0.8623941578432496,0.6024096385542169,1.0,0.0,1.0,0.45821223301537384
204,fleur de lis living candle wall sconce bronze,long_descriptive,191,7,0.5536212941849071,0.05172413793103448,0.14285714285714285,0.8571428571428572,0.9,0.6314682427198158,0.10344827586206896,0.14285714285714285,0.8571428571428572,0.9,0.7977166575871977,0.25287356321839083,0.5714285714285714,0.4285714285714286,0.88,0.3686335050064702
205,ines shag rug w003096809,attribute_constraint,93,12,0.7791738025574314,0.08602150537634409,0.3333333333333333,0.6666666666666667,0.8,0.849924507163929,0.1935483870967742,0.75,0.25,0.9,0.9056642305090946,0.41935483870967744,0.8333333333333334,0.16666666666666663,0.78,0.385924342052908
206,grill cover 73,attribute_constraint,67,2,0.9664515752024124,0.1694915254237288,1.0,0.0,1.0,0.974581998014136,0.3389830508474576,1.0,0.0,1.0,0.9837954136616822,0.847457627118644,1.0,0.0,1.0,0.5621365489104562
207,dull bed with shirt head board,multi_constraint,34,0,1.0,0.0,,,0.0,1.0,0.0,,,0.0,1.0,0.0,,,0.0,
208,"fawkes 36"" blue vanity",attribute_constraint,118,0,1.0,0.05084745762711865,,,0.6,1.0,0.07627118644067797,,,0.45,1.0,0.1440677966101695,,,0.34,
209,door pulls bronze matte 4 inch,multi_constraint,198,0,0.8482378089219648,0.015873015873015872,,,0.2,0.902057637147497,0.03968253968253968,,,0.3,0.946537849994246,0.09523809523809523,,,0.28,0.6939711313911981
210,love seat wide faux leather tuxedo arm sofa,long_descriptive,1045,9,0.8292572821122043,0.009615384615384616,0.6666666666666666,0.33333333333333337,1.0,0.9491581373781979,0.01826923076923077,0.8888888888888888,0.11111111111111116,0.95,0.963069860998785,0.03942307692307692,1.0,0.0,0.82,0.14155153707749404
211,memory foam rug galveston,product_type,332,0,1.0,0.08403361344537816,,,1.0,1.0,0.15966386554621848,,,0.95,1.0,0.3949579831932773,,,0.94,0.6406638319569884
212,nettie 5 pc bar set,multi_constraint,358,2,0.923746200905044,0.04639175257731959,1.0,0.0,1.0,0.8445675973053569,0.07216494845360824,1.0,0.0,0.95,0.794301890417462,0.12371134020618557,1.0,0.0,0.64,0.2034891320251856
213,kraus kitchen sink faucet oletto kpf 2820 sfs,long_descriptive,271,1,0.6472322039776004,0.050359712230215826,1.0,0.0,0.9,0.552281913956154,0.06474820143884892,1.0,0.0,0.7,0.5138331354739604,0.12949640287769784,1.0,0.0,0.84,-0.11599327279922668
214,light wood nightstand with silver accents,multi_constraint,225,0,1.0,0.022388059701492536,,,0.3,1.0,0.04477611940298507,,,0.3,1.0,0.08955223880597014,,,0.24,0.8350137212437244
215,king adjustable bed including mattress,multi_constraint,250,30,0.37574719213263447,0.0411522633744856,0.03333333333333333,0.9666666666666667,1.0,0.4090042598721697,0.07818930041152264,0.1,0.9,0.95,0.4914231144016406,0.19753086419753085,0.16666666666666666,0.8333333333333334,0.96,0.12014045984423766
216,music plug wall plate,product_type,189,8,0.8754485271659825,0.054945054945054944,0.75,0.25,1.0,0.9324120551044747,0.10989010989010989,0.875,0.125,1.0,0.9514411544834545,0.27472527472527475,0.875,0.125,1.0,0.3781526557336936
218,wand bunk beds,product_type,65,0,1.0,0.06153846153846154,,,0.4,1.0,0.09230769230769231,,,0.3,1.0,0.23076923076923078,,,0.3,
219,trinaic towel rod,product_type,38,0,1.0,0.13157894736842105,,,0.5,1.0,0.2894736842105263,,,0.55,1.0,0.5263157894736842,,,0.4,
220,sheets for twinxl,product_type,127,52,0.9575861412006988,0.10309278350515463,0.17307692307692307,0.8269230769230769,1.0,0.8998454482331422,0.20618556701030927,0.3076923076923077,0.6923076923076923,1.0,0.8749508747194678,0.5051546391752577,0.7307692307692307,0.2692307692307693,0.98,0.7975872901194633
221,small space dining table and chairs sets,multi_constraint,1719,73,0.692287543504968,0.008865248226950355,0.0547945205479452,0.9452054794520548,1.0,0.6683266207904986,0.015957446808510637,0.1095890410958904,0.8904109589041096,0.95,0.6397604734354504,0.03900709219858156,0.3013698630136986,0.6986301369863014,0.98,0.18704099742365182
222,small loving roomtables,attribute_constraint,77,31,0.6523491362983972,0.0,0.0,1.0,0.0,0.6796827846249621,0.027777777777777776,0.03225806451612903,0.967741935483871,0.05,0.7819790191888771,0.027777777777777776,0.03225806451612903,0.967741935483871,0.02,0.4484075633553283
223,wisdom stone river 3-3/4,multi_constraint,207,1,0.38970020927957966,0.16666666666666666,1.0,0.0,0.8,0.4286560679508437,0.3333333333333333,1.0,0.0,0.7,0.45418112393707866,0.4166666666666667,1.0,0.0,0.46,0.16280313962593307
224,twin over full bunk beds cool desins,multi_constraint,73,22,0.554462448726138,0.0958904109589041,0.18181818181818182,0.8181818181818181,0.7,0.5950639511704142,0.2191780821917808,0.3181818181818182,0.6818181818181819,0.8,0.7354916471099473,0.4931506849315068,0.6363636363636364,0.36363636363636365,0.72,0.1360139081331963
225,white splashproof shiplap wallpaper,attribute_constraint,45,2,0.8541209758975492,0.15151515151515152,1.0,0.0,0.5,0.889474592422634,0.18181818181818182,1.0,0.0,0.3,0.9119690544497696,0.30303030303030304,1.0,0.0,0.2,0.7833463446724253
226,power lift chair,product_type,316,197,0.9074250374176304,0.03184713375796178,0.04568527918781726,0.9543147208121827,1.0,0.8495644984375602,0.06369426751592357,0.07614213197969544,0.9238578680203046,1.0,0.8475508234744299,0.1592356687898089,0.19289340101522842,0.8071065989847716,1.0,0.13165887403832371
227,owl,brand_entity_proxy,203,176,1.0,0.056818181818181816,0.056818181818181816,0.9431818181818182,1.0,1.0,0.11363636363636363,0.11363636363636363,0.8863636363636364,1.0,1.0,0.2556818181818182,0.2556818181818182,0.7443181818181819,0.9,0.5567382936492753
228,bee,brand_entity_proxy,244,178,1.0,0.055248618784530384,0.056179775280898875,0.9438202247191011,1.0,1.0,0.10497237569060773,0.10674157303370786,0.8932584269662921,0.95,0.9856215795673516,0.2430939226519337,0.24719101123595505,0.752808988764045,0.9,0.6601583784316709
229,waterfall faucet,brand_entity_proxy,556,133,1.0,0.019417475728155338,0.07518796992481203,0.924812030075188,1.0,0.9744102412230782,0.038834951456310676,0.14285714285714285,0.8571428571428572,1.0,0.9721492909124064,0.09514563106796116,0.3609022556390977,0.6390977443609023,1.0,0.5922761101509167
230,gold,attribute_constraint,274,228,1.0,0.03463203463203463,0.03508771929824561,0.9649122807017544,0.8,1.0,0.047619047619047616,0.04824561403508772,0.9517543859649122,0.55,0.9718454006108065,0.12987012987012986,0.13157894736842105,0.868421052631579,0.6,0.3502167263456519
231,anti fatigue mat,product_type,359,307,1.0,0.027855153203342618,0.03257328990228013,0.9674267100977199,1.0,1.0,0.055710306406685235,0.06514657980456026,0.9348534201954397,1.0,1.0,0.1392757660167131,0.16286644951140064,0.8371335504885994,1.0,0.5974483004099442
232,storage dresser,product_type,2329,423,0.8943286401726792,0.013937282229965157,0.014184397163120567,0.9858156028368794,0.8,0.859985814292775,0.029616724738675958,0.028368794326241134,0.9716312056737588,0.85,0.7908028753869064,0.0627177700348432,0.06619385342789598,0.933806146572104,0.8,0.6630891301308262
233,kelly clarkson light fixtures,product_type,156,81,0.8010066431488295,0.059602649006622516,0.08641975308641975,0.9135802469135803,0.9,0.8459864261508954,0.11920529801324503,0.18518518518518517,0.8148148148148149,0.9,0.8873532022601365,0.31788079470198677,0.5308641975308642,0.4691358024691358,0.96,0.6393797578725984
234,artificial orchid arrangement,product_type,144,107,1.0,0.06944444444444445,0.09345794392523364,0.9065420560747663,1.0,1.0,0.1388888888888889,0.18691588785046728,0.8130841121495327,1.0,0.9711225286762449,0.3472222222222222,0.4392523364485981,0.5607476635514019,1.0,0.4524953437070494
235,bathroom wastebasket,brand_entity_proxy,1368,133,1.0,0.058823529411764705,0.06766917293233082,0.9323308270676691,0.9,0.9772913518293451,0.12418300653594772,0.13533834586466165,0.8646616541353384,0.95,0.9360996213305024,0.2875816993464052,0.2932330827067669,0.7067669172932332,0.88,0.3951918729091339
236,3 piece rug set with runners,multi_constraint,2202,29,0.92663607790064,0.05056179775280899,0.3103448275862069,0.6896551724137931,1.0,0.813481764905668,0.10674157303370786,0.4482758620689655,0.5517241379310345,1.0,0.8638730752732625,0.19662921348314608,0.6551724137931034,0.3448275862068966,0.72,0.46941863591026123
237,cloud modular sectional,product_type,205,4,0.8965528509418313,0.041666666666666664,0.75,0.25,0.8,0.894853870770795,0.078125,0.75,0.25,0.8,0.9165866860618979,0.20833333333333334,0.75,0.25,0.84,0.11069507645288401
238,outdoor seat/back cushion,product_type,318,54,0.9537125187088151,0.031545741324921134,0.16666666666666666,0.8333333333333334,1.0,0.9482175905538341,0.056782334384858045,0.3148148148148148,0.6851851851851851,0.9,0.8544419102871463,0.13249211356466878,0.5925925925925926,0.40740740740740744,0.84,0.5337738115840631
239,bathroom single faucet,product_type,573,146,1.0,0.03333333333333333,0.06164383561643835,0.9383561643835616,0.9,0.9626932496335554,0.06666666666666667,0.1232876712328767,0.8767123287671232,0.95,0.9477710177957416,0.14814814814814814,0.273972602739726,0.726027397260274,0.86,0.30200733642819994
240,eiffel tower wall art,product_type,68,33,1.0,0.15625,0.30303030303030304,0.696969696969697,1.0,1.0,0.3125,0.6060606060606061,0.3939393939393939,1.0,0.9937181517135537,0.5,0.9696969696969697,0.030303030303030276,0.64,0.863460669549331
241,decorative wall clocks,product_type,243,148,0.9510907186004265,0.042328042328042326,0.0472972972972973,0.9527027027027027,0.8,0.9441980214223835,0.09523809523809523,0.10810810810810811,0.8918918918918919,0.9,0.9398500674040694,0.23809523809523808,0.27702702702702703,0.722972972972973,0.9,0.7030511850489212
242,accent leather chair,attribute_constraint,283,175,1.0,0.014234875444839857,0.022857142857142857,0.9771428571428571,0.4,0.9757624746743075,0.03914590747330961,0.06285714285714286,0.9371428571428572,0.55,0.9675169440136231,0.0711743772241993,0.10857142857142857,0.8914285714285715,0.4,0.5649898545230638
243,indoor multi tiered plant stand,multi_constraint,209,135,1.0,0.05154639175257732,0.07407407407407407,0.9259259259259259,1.0,0.9780900196216153,0.10309278350515463,0.14074074074074075,0.8592592592592593,1.0,0.9664038574738825,0.25257731958762886,0.34074074074074073,0.6592592592592592,0.98,0.6043846555316613
244,pull out sleeper loveseat,product_type,143,9,0.46516426928173615,0.013986013986013986,0.0,1.0,0.2,0.682018510200521,0.02097902097902098,0.0,1.0,0.15,0.7690269393656614,0.06293706293706294,0.2222222222222222,0.7777777777777778,0.18,0.2022970495672044
245,anchor decor,brand_entity_proxy,485,57,1.0,0.058823529411764705,0.17543859649122806,0.8245614035087719,1.0,1.0,0.11764705882352941,0.3508771929824561,0.6491228070175439,1.0,0.950910477702548,0.2823529411764706,0.7543859649122807,0.24561403508771928,0.96,0.5774466278122867
246,clear shower curtain,attribute_constraint,252,12,0.6592194812166503,0.08,0.3333333333333333,0.6666666666666667,1.0,0.7231609970752421,0.152,0.5,0.5,0.95,0.8014234491942629,0.384,0.5833333333333334,0.41666666666666663,0.98,0.8206432949148431
247,beaded curtains,brand_entity_proxy,961,40,0.9477344873475497,0.014771048744460856,0.225,0.775,1.0,0.894297797797069,0.029542097488921712,0.4,0.6,1.0,0.7867170144622742,0.06794682422451995,0.575,0.42500000000000004,0.92,0.5207461178174781
248,surge protector,brand_entity_proxy,104,39,1.0,0.22727272727272727,0.2564102564102564,0.7435897435897436,1.0,1.0,0.45454545454545453,0.5128205128205128,0.4871794871794872,1.0,0.9365920041833773,0.7727272727272727,0.8717948717948718,0.1282051282051282,0.76,0.7600345579222961
249,bistro table and chairs,product_type,197,124,0.9575861412006988,0.05181347150259067,0.07258064516129033,0.9274193548387096,1.0,0.9726274804087407,0.10362694300518134,0.1532258064516129,0.8467741935483871,1.0,0.9850586231963062,0.2538860103626943,0.3870967741935484,0.6129032258064516,0.98,0.7674069569190075
250,multi color rug,product_type,131,96,1.0,0.08547008547008547,0.10416666666666667,0.8958333333333334,1.0,0.9777083390768576,0.15384615384615385,0.17708333333333334,0.8229166666666666,0.9,0.9491247283540329,0.3162393162393162,0.3645833333333333,0.6354166666666667,0.74,0.5630747737108235
251,coffee container,brand_entity_proxy,1483,90,1.0,0.07352941176470588,0.1111111111111111,0.8888888888888888,1.0,0.9665625086152865,0.1323529411764706,0.2,0.8,0.95,0.8422061551106349,0.27941176470588236,0.4,0.6,0.92,0.20703052145459513
252,accent chairs living room,product_type,443,100,0.955830517697074,0.019553072625698324,0.07,0.9299999999999999,0.7,0.9253469526192352,0.030726256983240222,0.1,0.9,0.55,0.908332198381661,0.055865921787709494,0.17,0.83,0.4,0.7698438312456559
253,antique brass faucet,product_type,117,5,0.43518692560571737,0.05172413793103448,0.0,1.0,0.6,0.5837578643299036,0.11206896551724138,0.0,1.0,0.65,0.7578076868001711,0.22413793103448276,0.4,0.6,0.52,0.1721625054785801
254,comfortable accent chair,product_type,201,131,0.5809927382627268,0.005050505050505051,0.007633587786259542,0.9923664122137404,0.1,0.6828052472178074,0.025252525252525252,0.015267175572519083,0.9847328244274809,0.25,0.7648552616914234,0.07575757575757576,0.05343511450381679,0.9465648854961832,0.3,0.3070124952010302
255,desk and chair set,product_type,217,107,1.0,0.04926108374384237,0.09345794392523364,0.9065420560747663,1.0,1.0,0.08866995073891626,0.16822429906542055,0.8317757009345794,0.9,1.0,0.19704433497536947,0.37383177570093457,0.6261682242990654,0.8,0.8022134323092053
256,high weight capacity bunk beds,multi_constraint,138,68,0.8969504402810679,0.07874015748031496,0.11764705882352941,0.8823529411764706,1.0,0.9070811341803512,0.11811023622047244,0.17647058823529413,0.8235294117647058,0.75,0.8901235913134091,0.2283464566929134,0.36764705882352944,0.6323529411764706,0.58,0.6636790358825752
257,living room coffee table sets,multi_constraint,1834,132,0.8376318198599177,0.007457121551081283,0.05303030303030303,0.946969696969697,1.0,0.8482667046123813,0.014914243102162566,0.11363636363636363,0.8863636363636364,1.0,0.837436143019786,0.035794183445190156,0.2727272727272727,0.7272727272727273,0.96,0.6192131855519931
258,breakfast bar table,product_type,126,58,0.9048032373092417,0.056,0.10344827586206896,0.896551724137931,0.7,0.8887358335776807,0.096,0.15517241379310345,0.8448275862068966,0.6,0.7565250318688186,0.216,0.3103448275862069,0.6896551724137931,0.54,0.24920632177532834
259,nursery end table,product_type,634,0,1.0,0.011058451816745656,,,0.7,1.0,0.017377567140600316,,,0.55,1.0,0.044233807266982623,,,0.56,-0.03333561181096453
260,retractable side awning,product_type,68,26,1.0,0.20833333333333334,0.38461538461538464,0.6153846153846154,1.0,0.9744102412230782,0.4166666666666667,0.7307692307692307,0.2692307692307693,1.0,0.9794775417829298,0.9166666666666666,1.0,0.0,0.88,0.875733017497903
261,semi flush foyer light,product_type,175,125,0.9510907186004265,0.05142857142857143,0.064,0.9359999999999999,0.9,0.9428457879711544,0.10285714285714286,0.128,0.872,0.9,0.8987747575068209,0.2742857142857143,0.312,0.688,0.96,0.2801881365253172
262,bathroom freestanding cabinet,product_type,138,87,1.0,0.07352941176470588,0.11494252873563218,0.8850574712643678,1.0,1.0,0.14705882352941177,0.22988505747126436,0.7701149425287357,1.0,1.0,0.3602941176470588,0.5632183908045977,0.4367816091954023,0.98,0.7260943519428804
263,small curtain rods,attribute_constraint,291,75,0.08939796409998145,0.0,0.0,1.0,0.7,0.136619660865582,0.032,0.02666666666666667,0.9733333333333334,0.8,0.194480520796375,0.096,0.10666666666666667,0.8933333333333333,0.84,0.02818722297104353
264,cortez pillow,brand_entity_proxy,897,15,1.0,0.01669449081803005,0.6666666666666666,0.33333333333333337,1.0,1.0,0.03171953255425709,1.0,0.0,0.95,0.9926041945611814,0.07679465776293823,1.0,0.0,0.94,0.6003116606984911
265,candace wingback upholstered bed,product_type,690,0,0.9305687780632229,0.008888888888888889,,,0.6,0.9223263858307512,0.013333333333333334,,,0.5,0.8796588298903955,0.02962962962962963,,,0.46,-0.09686834220343407
266,champagne velvet desk chair,product_type,353,1,0.6943559465628248,0.022857142857142857,0.0,1.0,0.8,0.7787676299523247,0.045714285714285714,0.0,1.0,0.8,0.865751383782762,0.10285714285714286,0.0,1.0,0.72,0.12087041701108882
267,dolomite subway tile,product_type,154,2,1.0,0.05844155844155844,1.0,0.0,0.9,1.0,0.12337662337662338,1.0,0.0,0.95,1.0,0.3181818181818182,1.0,0.0,0.98,0.1961037301832307
268,betty resin free standing umbrella,multi_constraint,311,1,1.0,0.11904761904761904,1.0,0.0,1.0,1.0,0.23809523809523808,1.0,0.0,1.0,1.0,0.5952380952380952,1.0,0.0,1.0,0.6754845975243814
269,donaldson teak couch,product_type,99,0,1.0,0.10752688172043011,,,1.0,1.0,0.1827956989247312,,,0.85,1.0,0.41935483870967744,,,0.78,0.33923134013323913
270,edge chair mat,product_type,95,42,0.705186937174658,0.09574468085106383,0.14285714285714285,0.8571428571428572,0.9,0.7158075085212385,0.20212765957446807,0.2857142857142857,0.7142857142857143,0.95,0.7505575039537912,0.5212765957446809,0.6428571428571429,0.3571428571428571,0.98,0.22580123684529982
271,chinese flower stand,product_type,96,1,0.6943559465628248,0.043478260869565216,0.0,1.0,0.4,0.7787676299523247,0.07608695652173914,0.0,1.0,0.35,0.865751383782762,0.2717391304347826,0.0,1.0,0.5,0.2504104071060595
272,oliver parsons,brand_entity_proxy,115,0,0.9148568823583791,0.046511627906976744,,,0.4,0.9121864413604369,0.08139534883720931,,,0.4,0.952066689961346,0.23255813953488372,,,0.44,0.5760555295318622
273,stainless steel free standing shower caddy,multi_constraint,542,4,0.8074483267440766,0.10869565217391304,0.5,0.5,1.0,0.8469720045315139,0.21739130434782608,0.5,0.5,1.0,0.9197975525303823,0.532608695652174,0.75,0.25,0.98,0.5854235762773667
274,gowdy height adjustable standing desk,multi_constraint,331,1,1.0,0.10416666666666667,1.0,0.0,1.0,1.0,0.20833333333333334,1.0,0.0,1.0,0.9743164432607804,0.5,1.0,0.0,1.0,0.4138424991903295
275,hinged square ottoman,attribute_constraint,127,13,0.3775028156362593,0.072,0.07692307692307693,0.9230769230769231,0.9,0.43052828384529646,0.136,0.07692307692307693,0.9230769230769231,0.85,0.613825043019108,0.288,0.3076923076923077,0.6923076923076923,0.74,-0.004502398123046233
276,chaves l-shape floating desk with hutch,multi_constraint,377,0,1.0,0.0273972602739726,,,1.0,1.0,0.0547945205479452,,,1.0,1.0,0.136986301369863,,,1.0,0.29808888998453503
277,barstool patio sets,product_type,256,44,0.7411968249045415,0.025510204081632654,0.06818181818181818,0.9318181818181819,0.5,0.7367419907687328,0.05102040816326531,0.11363636363636363,0.8863636363636364,0.5,0.6918895706620808,0.14285714285714285,0.2727272727272727,0.7272727272727273,0.56,0.7056944286913799
278,parakeet toy,product_type,112,7,0.6130339855594141,0.12987012987012986,0.42857142857142855,0.5714285714285714,1.0,0.7513899976977991,0.24675324675324675,0.7142857142857143,0.2857142857142857,0.95,0.8454902702113548,0.5064935064935064,0.8571428571428571,0.1428571428571429,0.78,0.6325176612037985
279,marlon tufted queen bed,attribute_constraint,374,1,1.0,0.02702702702702703,1.0,0.0,1.0,1.0,0.05405405405405406,1.0,0.0,1.0,1.0,0.10810810810810811,1.0,0.0,0.8,0.09311962539452988
280,johan desk by laurel foundry,multi_constraint,116,0,1.0,0.03773584905660377,,,0.4,1.0,0.0660377358490566,,,0.35,1.0,0.10377358490566038,,,0.22,0.4696407796124748
281,brunk ship wheel,product_type,90,1,0.7962372977085499,0.19607843137254902,1.0,0.0,1.0,0.8273277389472644,0.37254901960784315,1.0,0.0,1.0,0.7333206092271863,0.6470588235294118,1.0,0.0,0.8,0.5352410829380789
282,grantola wall mirror,product_type,130,1,1.0,0.05426356589147287,1.0,0.0,0.7,1.0,0.10852713178294573,1.0,0.0,0.7,1.0,0.2558139534883721,1.0,0.0,0.66,0.21153557518089336
283,gaia driftwood table,product_type,115,1,1.0,0.03773584905660377,1.0,0.0,0.4,0.9748159856457148,0.04716981132075472,1.0,0.0,0.25,0.9445174999184166,0.07547169811320754,1.0,0.0,0.16,0.13081216093225695
284,family lamp,product_type,331,0,1.0,0.025547445255474453,,,0.7,1.0,0.043795620437956206,,,0.6,1.0,0.12408759124087591,,,0.68,0.5897228051924873
285,"48"" sliding single track , barn door for laundry",long_descriptive,183,7,0.5227452453223397,0.08695652173913043,0.2857142857142857,0.7142857142857143,1.0,0.6188163565571484,0.1565217391304348,0.42857142857142855,0.5714285714285714,0.95,0.7182812218224457,0.33043478260869563,0.42857142857142855,0.5714285714285714,0.84,0.6139163649804951
286,hitchcock mid-century wall shelf,multi_constraint,256,0,1.0,0.05847953216374269,,,1.0,1.0,0.10526315789473684,,,0.9,0.9828601867810847,0.23976608187134502,,,0.84,0.6290473347313871
287,cover set for outdoor furniture,multi_constraint,406,45,0.9074250374176304,0.09523809523809523,0.2,0.8,1.0,0.8941076361603605,0.19047619047619047,0.37777777777777777,0.6222222222222222,1.0,0.8628235754542809,0.47619047619047616,0.7777777777777778,0.2222222222222222,1.0,0.7061985994060658
288,round outdoor patio cover,attribute_constraint,272,0,1.0,0.0970873786407767,,,1.0,1.0,0.1941747572815534,,,1.0,0.9846298672989355,0.39805825242718446,,,0.84,0.7262440958295662
289,coma inducer comforter king set,multi_constraint,251,27,1.0,0.04310344827586207,0.37037037037037035,0.6296296296296297,1.0,0.9784411392344535,0.08620689655172414,0.7037037037037037,0.2962962962962963,1.0,0.9932460060956586,0.21551724137931033,1.0,0.0,1.0,0.6260199221708662
290,mission double vanity,product_type,168,0,1.0,0.05357142857142857,,,0.9,1.0,0.10714285714285714,,,0.9,1.0,0.23214285714285715,,,0.78,
291,front door cabinet with doors,multi_constraint,218,15,0.3333333333333333,0.02843601895734597,0.0,1.0,0.6,0.4003144736278067,0.061611374407582936,0.0,1.0,0.65,0.5747723735436904,0.15639810426540285,0.13333333333333333,0.8666666666666667,0.66,0.14011615654194343
292,decorative white pillow,attribute_constraint,204,12,0.21237102988859413,0.03424657534246575,0.0,1.0,0.6,0.297124958696912,0.06164383561643835,0.0,1.0,0.7,0.43166097894820765,0.14383561643835616,0.08333333333333333,0.9166666666666666,0.64,0.230560145183597
293,wood floor protector mat,attribute_constraint,102,13,0.31018959268774093,0.0,0.0,1.0,0.0,0.4384354801185749,0.0410958904109589,0.0,1.0,0.15,0.6939616549140429,0.0958904109589041,0.0,1.0,0.14,0.5884371891911127
294,moen multi function dual shower head,multi_constraint,136,0,1.0,0.10204081632653061,,,1.0,1.0,0.20408163265306123,,,1.0,0.9438338105109589,0.4387755102040816,,,0.9,0.5772724069561712
295,end table between recliners,product_type,139,6,0.48461981685427485,0.014925373134328358,0.0,1.0,0.2,0.618486782924917,0.03731343283582089,0.16666666666666666,0.8333333333333334,0.25,0.7232048070732358,0.09701492537313433,0.3333333333333333,0.6666666666666667,0.26,0.10387811782867995
296,zakariyah twin platform,attribute_constraint,171,1,1.0,0.058823529411764705,1.0,0.0,1.0,1.0,0.10588235294117647,1.0,0.0,0.9,0.9881665594411704,0.19411764705882353,1.0,0.0,0.66,0.05367659592955198
297,seat cushions desk,product_type,487,8,0.34075204250977476,0.08080808080808081,0.0,1.0,0.9,0.4221421981818194,0.13131313131313133,0.125,0.875,0.7,0.4191812715047682,0.20202020202020202,0.125,0.875,0.62,0.19407548883864195
298,small woven pouf,attribute_constraint,98,9,0.3480974911723065,0.10204081632653061,0.0,1.0,1.0,0.5168147248850585,0.20408163265306123,0.2222222222222222,0.7777777777777778,1.0,0.7415828493505715,0.5,0.7777777777777778,0.2222222222222222,0.98,0.1392662135589571
300,animal print handmade tufted wool beige/black area rug by allmodern,long_descriptive,1114,2,0.5821032065260975,0.008992805755395683,0.0,1.0,1.0,0.7375325131897882,0.017985611510791366,0.5,0.5,1.0,0.8326706775228551,0.044964028776978415,0.5,0.5,1.0,0.06433194687874697
301,circle cabinet pulls,product_type,148,2,0.4539870836339926,0.0,0.0,1.0,0.1,0.5863126964608937,0.02054794520547945,0.0,1.0,0.2,0.7583074950457502,0.07534246575342465,0.0,1.0,0.24,-0.006734044905077661
302,mattress foam topper queen,attribute_constraint,238,59,0.8743705652481897,0.04739336492890995,0.13559322033898305,0.864406779661017,1.0,0.8490513888009424,0.0947867298578199,0.2542372881355932,0.7457627118644068,1.0,0.7840382365188167,0.23696682464454977,0.5423728813559322,0.4576271186440678,1.0,0.5471228583734563
303,hawaii vintage art,style,72,8,0.9957591943893841,0.15151515151515152,1.0,0.0,1.0,0.9964675584678003,0.2878787878787879,1.0,0.0,0.95,0.9974621024071162,0.5303030303030303,1.0,0.0,0.7,0.6699982302524508
304,merlyn 6,attribute_constraint,759,0,0.0,0.0,,,0.5,0.0,0.0,,,0.7,0.020504618581735662,0.02857142857142857,,,0.74,-0.055851503846531904
305,ligth bulb,brand_entity_proxy,299,193,0.43250927056038185,0.0034129692832764505,0.0,1.0,0.1,0.4907075529596069,0.013651877133105802,0.0,1.0,0.2,0.5714387791401568,0.06484641638225255,0.031088082901554404,0.9689119170984456,0.38,0.03294017695323887
306,mobley zero gravity adjustable bed with wireless remote,long_descriptive,114,2,0.9664515752024124,0.1111111111111111,1.0,0.0,1.0,0.974581998014136,0.2222222222222222,1.0,0.0,1.0,0.9837954136616822,0.5555555555555556,1.0,0.0,1.0,0.6395943796833404
307,real touch roses floral arrangements in glass vase,long_descriptive,189,6,0.707532403097975,0.057803468208092484,0.6666666666666666,0.33333333333333337,1.0,0.8361446288379919,0.11560693641618497,1.0,0.0,1.0,0.8853461347934557,0.2832369942196532,1.0,0.0,0.98,0.4693201945916211
308,led 60,attribute_constraint,776,2,0.5821032065260975,0.018480492813141684,0.0,1.0,0.9,0.7028596856279964,0.030800821355236138,0.0,1.0,0.8,0.7976157233409134,0.07802874743326489,1.0,0.0,0.82,0.6520926699414397
309,moen 5995 arbor one,attribute_constraint,72,0,0.5365535816822092,0.07692307692307693,,,0.6,0.5185779537725262,0.11538461538461539,,,0.35,0.6979564150081518,0.19230769230769232,,,0.2,0.21426693123139182
310,meade mirror,product_type,589,4,0.9909331158293706,0.02288329519450801,1.0,0.0,1.0,0.9927942090228828,0.04576659038901602,1.0,0.0,1.0,0.9951363538318185,0.11441647597254005,1.0,0.0,1.0,0.6527944719238934
311,odum velvet,brand_entity_proxy,571,4,0.4182946855727748,0.011090573012939002,0.0,1.0,0.7,0.558411121244955,0.018484288354898338,0.0,1.0,0.55,0.7167263926072276,0.03512014787430684,0.5,0.5,0.42,0.057572478280163354
312,coat rack for bedroom,product_type,119,10,0.5786141714756885,0.06722689075630252,0.3,0.7,0.8,0.7310171030497511,0.14285714285714285,0.4,0.6,0.85,0.841332939757173,0.2773109243697479,0.8,0.19999999999999996,0.66,0.31919370508401634
313,malachi sled,brand_entity_proxy,105,3,0.9658130974851912,0.0410958904109589,1.0,0.0,0.3,0.9042273319197196,0.0547945205479452,1.0,0.0,0.2,0.8578110971933862,0.0821917808219178,1.0,0.0,0.12,0.3695907028345423
314,body pillow and case,product_type,145,11,0.37574719213263447,0.05673758865248227,0.0,1.0,0.8,0.48591947781627953,0.10638297872340426,0.09090909090909091,0.9090909090909091,0.75,0.7223858322936162,0.2624113475177305,0.45454545454545453,0.5454545454545454,0.74,0.3145010191540776
315,medium clips,brand_entity_proxy,316,4,0.9909331158293706,0.16129032258064516,1.0,0.0,1.0,0.9927942090228828,0.3225806451612903,1.0,0.0,1.0,0.9340759646675879,0.6774193548387096,1.0,0.0,0.92,0.6585015162612199
316,rolande heavy duty power lift assist recliner,multi_constraint,406,1,1.0,0.030211480362537766,1.0,0.0,1.0,1.0,0.06042296072507553,1.0,0.0,1.0,1.0,0.1510574018126888,1.0,0.0,1.0,0.6755897698258297
317,hulmeville writing desk with hutch,multi_constraint,340,2,1.0,0.026627218934911243,1.0,0.0,0.9,1.0,0.05621301775147929,1.0,0.0,0.95,1.0,0.13609467455621302,1.0,0.0,0.92,0.05442649364911916
318,sunjoy lantern,brand_entity_proxy,156,1,0.6943559465628248,0.05,0.0,1.0,0.7,0.7787676299523247,0.1,0.0,1.0,0.7,0.865751383782762,0.2785714285714286,0.0,1.0,0.78,0.350244257854045
319,landis wall mounted bathroom shelves,multi_constraint,673,1,0.9490593244271374,0.05325443786982249,1.0,0.0,1.0,0.9631279383253875,0.10650887573964497,1.0,0.0,0.95,0.9509897608971267,0.24260355029585798,1.0,0.0,0.88,0.489512257508807
320,blaylock bookcase headboard,product_type,93,1,1.0,0.1282051282051282,1.0,0.0,1.0,1.0,0.2564102564102564,1.0,0.0,1.0,1.0,0.6410256410256411,1.0,0.0,1.0,0.44887115528330496
321,hussain handmade tufted magenta rug,multi_constraint,297,1,1.0,0.02356902356902357,1.0,0.0,0.7,1.0,0.04713804713804714,1.0,0.0,0.7,1.0,0.08417508417508418,1.0,0.0,0.5,0.10033500931359768
322,cream queen duvet cover,attribute_constraint,242,0,1.0,0.04149377593360996,,,1.0,1.0,0.08298755186721991,,,1.0,1.0,0.2074688796680498,,,1.0,0.11111111111111112
323,hub leaning full length mirror,multi_constraint,126,1,1.0,0.08,1.0,0.0,1.0,1.0,0.16,1.0,0.0,1.0,1.0,0.392,1.0,0.0,0.98,0.2164928205676353
324,chase utility laundry cart,product_type,113,1,1.0,0.09523809523809523,1.0,0.0,1.0,1.0,0.17142857142857143,1.0,0.0,0.9,1.0,0.4095238095238095,1.0,0.0,0.86,0.4254356678171528
325,outdoor waterproof chest,product_type,120,46,0.6821675323147506,0.08139534883720931,0.10869565217391304,0.8913043478260869,0.8,0.7104259331665771,0.11627906976744186,0.15217391304347827,0.8478260869565217,0.55,0.7189032423873666,0.22093023255813954,0.30434782608695654,0.6956521739130435,0.44,0.39357374391973454
326,bowersville ladder writing desk,product_type,284,1,1.0,0.028268551236749116,1.0,0.0,0.8,1.0,0.053003533568904596,1.0,0.0,0.75,1.0,0.13074204946996468,1.0,0.0,0.74,0.1448395753739787
327,kohler purist brushed bronze,product_type,115,8,0.42707280183811397,0.11363636363636363,0.125,0.875,1.0,0.553731257666023,0.20454545454545456,0.125,0.875,0.9,0.7131480080874352,0.4318181818181818,0.5,0.5,0.76,0.5946021848622234
328,golub dining table,product_type,659,1,0.9408803699566423,0.010819165378670788,1.0,0.0,0.8,0.9572078182979525,0.02627511591962906,1.0,0.0,0.9,0.9740327729745044,0.06646058732612056,1.0,0.0,0.88,0.12591532808763983
329,wayfair tension rod,product_type,83,2,1.0,0.12195121951219512,1.0,0.0,1.0,1.0,0.24390243902439024,1.0,0.0,1.0,0.9881210665762019,0.4268292682926829,1.0,0.0,0.72,0.19979911296309003
330,kari 2 piece,attribute_constraint,600,1,0.509406755728625,0.008771929824561403,1.0,0.0,0.6,0.3687206167461252,0.017543859649122806,1.0,0.0,0.5,0.23636047367134258,0.017543859649122806,1.0,0.0,0.44,-0.3162196778535955
331,upholstered girls bed,product_type,533,52,0.589729181609174,0.005660377358490566,0.038461538461538464,0.9615384615384616,0.3,0.5210945030143928,0.013207547169811321,0.038461538461538464,0.9615384615384616,0.35,0.4759008095908642,0.03207547169811321,0.07692307692307693,0.9230769230769231,0.34,0.1151843079989204
332,attleboro drum coffee table,product_type,1410,1,1.0,0.0071174377224199285,1.0,0.0,1.0,1.0,0.014234875444839857,1.0,0.0,1.0,1.0,0.03558718861209965,1.0,0.0,1.0,0.08444585834166171
333,stainless steel colander set,product_type,315,21,0.894393898287665,0.12048192771084337,0.38095238095238093,0.6190476190476191,1.0,0.8603544632752119,0.24096385542168675,0.7142857142857143,0.2857142857142857,1.0,0.9663983647767104,0.6024096385542169,1.0,0.0,1.0,0.71773323528866
334,itchington butterfly,brand_entity_proxy,122,6,0.8889173285594403,0.12,1.0,0.0,1.0,0.7801670721785148,0.16,1.0,0.0,0.9,0.6755743682279371,0.36,1.0,0.0,0.78,0.3094693056702198
335,canadian,brand_entity_proxy,81,42,1.0,0.23809523809523808,0.23809523809523808,0.7619047619047619,1.0,1.0,0.3333333333333333,0.3333333333333333,0.6666666666666667,0.7,0.9788730630540142,0.5952380952380952,0.5952380952380952,0.40476190476190477,0.5,0.8094882035042975
336,mystic swivel,brand_entity_proxy,360,1,1.0,0.029154518950437316,1.0,0.0,1.0,1.0,0.05830903790087463,1.0,0.0,1.0,1.0,0.1457725947521866,1.0,0.0,1.0,0.18613031466512123
337,iittala bowl,brand_entity_proxy,201,39,1.0,0.08264462809917356,0.2564102564102564,0.7435897435897436,1.0,0.9169258022188697,0.15702479338842976,0.4358974358974359,0.5641025641025641,1.0,0.8999615945207249,0.371900826446281,0.7692307692307693,0.23076923076923073,0.92,0.7854449311638921
338,mahone porch rocking chair,product_type,204,1,1.0,0.05714285714285714,1.0,0.0,1.0,1.0,0.11428571428571428,1.0,0.0,1.0,1.0,0.28,1.0,0.0,0.98,0.5627234937420303
339,ruckus chair,product_type,3044,6,0.8889173285594403,0.057692307692307696,1.0,0.0,0.8,0.7636889564476985,0.0673076923076923,1.0,0.0,0.75,0.5544195813699476,0.09615384615384616,1.0,0.0,0.82,0.04216912806561934
340,berenice 4 storage cabinet,attribute_constraint,505,3,0.9548073730884988,0.022222222222222223,1.0,0.0,0.9,0.9421438122183673,0.03950617283950617,1.0,0.0,0.85,0.949637034446237,0.09876543209876543,1.0,0.0,0.84,0.46192463324196786
341,canvas map art,product_type,199,22,1.0,0.05025125628140704,0.45454545454545453,0.5454545454545454,1.0,0.910149170746471,0.08542713567839195,0.6818181818181818,0.31818181818181823,0.85,0.9555519875218144,0.15577889447236182,0.8181818181818182,0.18181818181818177,0.62,0.4837201174047554
342,brendon counter stool,product_type,478,2,0.9664515752024124,0.020964360587002098,1.0,0.0,1.0,0.974581998014136,0.039832285115303984,1.0,0.0,0.95,0.9837954136616822,0.09433962264150944,1.0,0.0,0.9,0.11747725507756969
343,navy and peach bedding,product_type,116,0,1.0,0.017391304347826087,,,0.2,1.0,0.02608695652173913,,,0.15,1.0,0.0782608695652174,,,0.18,0.1183555919428905
344,ottoman bed queen,attribute_constraint,116,0,1.0,0.03508771929824561,,,0.4,0.9603789329441843,0.043859649122807015,,,0.25,0.9783727146391596,0.11403508771929824,,,0.28,-0.02175574869911524
345,oriental vanity,brand_entity_proxy,1148,0,0.88995411685096,0.011889035667107,,,1.0,0.9289799801831714,0.02509907529722589,,,1.0,0.9038062841455806,0.05812417437252312,,,0.98,0.6610193006762574
346,nesting tray set,product_type,110,19,0.8988252059479763,0.11363636363636363,0.42105263157894735,0.5789473684210527,1.0,0.8850643826255821,0.22727272727272727,0.7894736842105263,0.21052631578947367,1.0,0.9499098218865182,0.36363636363636365,0.8947368421052632,0.10526315789473684,0.64,0.7222600317401319
347,olive green console table,attribute_constraint,577,0,1.0,0.017513134851138354,,,1.0,1.0,0.03502626970227671,,,1.0,1.0,0.08581436077057793,,,0.98,0.17231816630769475
348,one alium way,product_type,2,0,1.0,0.0,,,0.0,1.0,0.0,,,0.0,1.0,0.0,,,0.0,
349,mud room sign,product_type,98,5,0.851592504110029,0.06315789473684211,0.8,0.19999999999999996,0.6,0.9220101824505483,0.12631578947368421,1.0,0.0,0.6,0.9463161711641612,0.2736842105263158,1.0,0.0,0.52,0.3856329809479826
351,white bathroom vanity black hardware,multi_constraint,727,0,1.0,0.014184397163120567,,,1.0,1.0,0.02695035460992908,,,0.95,1.0,0.06524822695035461,,,0.92,0.296174587026898
352,amarillo,brand_entity_proxy,81,29,1.0,0.3448275862068966,0.3448275862068966,0.6551724137931034,1.0,1.0,0.5862068965517241,0.5862068965517241,0.4137931034482759,0.85,0.9995764329659126,0.9310344827586207,0.9310344827586207,0.06896551724137934,0.54,0.8282393747743676
353,pennfield playhouse,brand_entity_proxy,54,1,1.0,0.4,1.0,0.0,1.0,0.9716868997693012,0.68,1.0,0.0,0.9,0.9940099797684594,0.92,1.0,0.0,0.48,0.8262886069363791
354,tressler rug,product_type,1402,0,1.0,0.007288629737609329,,,1.0,1.0,0.014577259475218658,,,1.0,1.0,0.03498542274052478,,,0.96,0.25011632559496016
355,argenteuil,brand_entity_proxy,59,30,1.0,0.3333333333333333,0.3333333333333333,0.6666666666666667,1.0,1.0,0.6666666666666666,0.6666666666666666,0.33333333333333337,1.0,0.9991696881515174,0.9,0.9,0.09999999999999998,0.54,0.8580619517956162
356,platform bed side table,product_type,960,0,0.685119869332369,0.006369426751592357,,,0.8,0.7620364722894422,0.01592356687898089,,,0.9,0.8373170723310601,0.045647558386411886,,,0.96,-0.09036676188298447
357,tall free standing pet gate,multi_constraint,355,34,0.5783056800393526,0.1694915254237288,0.14705882352941177,0.8529411764705882,1.0,0.6356126648546429,0.3389830508474576,0.3235294117647059,0.6764705882352942,1.0,0.8344290864340003,0.847457627118644,0.9411764705882353,0.05882352941176472,1.0,0.6405604643443528
358,sliding closet mirror,product_type,116,4,0.8965528509418313,0.07964601769911504,0.75,0.25,0.9,0.9572182447902284,0.12389380530973451,0.75,0.25,0.7,0.9603054070776783,0.2920353982300885,1.0,0.0,0.66,0.2831459691462955
359,french molding,brand_entity_proxy,203,8,0.5845629703487875,0.05517241379310345,0.375,0.625,0.9,0.6519625383725993,0.0896551724137931,0.375,0.625,0.8,0.7201248892781239,0.22758620689655173,0.75,0.25,0.82,0.38117389191908113
360,huntsville sectional sofa,product_type,125,0,1.0,0.032,,,0.4,1.0,0.048,,,0.3,1.0,0.096,,,0.24,
361,kisner,brand_entity_proxy,98,25,1.0,0.36,0.36,0.64,0.9,1.0,0.6,0.6,0.4,0.75,0.9983411729771624,0.76,0.76,0.24,0.38,0.7501075428696289
362,brushed gold wall decor,attribute_constraint,245,0,1.0,0.03125,,,0.7,1.0,0.07142857142857142,,,0.8,1.0,0.14285714285714285,,,0.64,0.4090121107822421
363,fortunat coffee table,product_type,1380,1,0.6943559465628248,0.007246376811594203,0.0,1.0,1.0,0.7787676299523247,0.013043478260869565,0.0,1.0,0.9,0.865751383782762,0.034782608695652174,0.0,1.0,0.96,-0.00010139598923389962
364,croscill ashton,brand_entity_proxy,114,0,0.88995411685096,0.13333333333333333,,,0.7,0.8942298074843027,0.3111111111111111,,,0.75,0.9206575618489026,0.4888888888888889,,,0.48,0.7561214400080334
365,gas detector,brand_entity_proxy,130,9,0.7957107837254077,0.43478260869565216,0.6666666666666666,0.33333333333333337,1.0,0.8277915740068672,0.6956521739130435,0.8888888888888888,0.11111111111111116,1.0,0.87349459286651,0.8695652173913043,1.0,0.0,0.94,0.5688815985233378
366,drudge report,brand_entity_proxy,1,0,,,,,0.0,,,,,0.0,,,,,0.0,
367,wooden chair outdoor,attribute_constraint,202,42,0.6588994558834731,0.02040816326530612,0.07142857142857142,0.9285714285714286,0.4,0.7120794359369883,0.05102040816326531,0.11904761904761904,0.8809523809523809,0.5,0.7355832546248453,0.1326530612244898,0.3333333333333333,0.6666666666666667,0.52,0.4765650021786917
368,pasta tools,brand_entity_proxy,143,81,1.0,0.08333333333333333,0.12345679012345678,0.8765432098765432,1.0,1.0,0.16666666666666666,0.24691358024691357,0.7530864197530864,1.0,0.9694175567926412,0.39166666666666666,0.5432098765432098,0.45679012345679015,0.94,0.6753641340941641
369,wrought tv stand,product_type,362,2,0.6629354803709439,0.027777777777777776,0.5,0.5,1.0,0.7446226855362914,0.05555555555555555,0.5,0.5,1.0,0.8371908325691233,0.1388888888888889,0.5,0.5,1.0,0.10511766624552733
370,rug for teen room,product_type,3,1,0.8213137146137828,0.0,0.0,1.0,0.0,0.8213137146137828,0.0,0.0,1.0,0.0,0.8213137146137828,0.0,0.0,1.0,0.0,0.0
371,milk cow chair,product_type,112,8,0.44549724524851403,0.020618556701030927,0.0,1.0,0.3,0.5944774290427401,0.05154639175257732,0.25,0.75,0.35,0.679498963899994,0.08247422680412371,0.5,0.5,0.22,0.14008794338671765
372,verden callan,brand_entity_proxy,120,1,0.8284728384568876,0.08333333333333333,1.0,0.0,0.5,0.8758445975016054,0.10416666666666667,1.0,0.0,0.35,0.8413958034341166,0.16666666666666666,1.0,0.0,0.22,0.6823411927895647
373,togo chair,product_type,3233,0,1.0,0.0025493945188017845,,,0.8,1.0,0.005417463352453792,,,0.85,1.0,0.012746972594008922,,,0.8,0.2609458147352387
374,sinks bed frame,product_type,170,0,1.0,0.06382978723404255,,,0.9,0.9671350294324229,0.1276595744680851,,,0.9,0.9820605513768897,0.2695035460992908,,,0.78,0.5810940490717369
375,pastel pink desk chair,product_type,211,0,1.0,0.043478260869565216,,,0.9,1.0,0.06280193236714976,,,0.65,1.0,0.11594202898550725,,,0.48,0.18600108468862558
376,island estate coffee table,product_type,1430,3,0.7402070627199249,0.00700770847932726,0.6666666666666666,0.33333333333333337,1.0,0.7975969084550046,0.01401541695865452,0.6666666666666666,0.33333333333333337,1.0,0.889998223571257,0.0350385423966363,1.0,0.0,1.0,0.1098922576954493
377,glinda upholstered bench,product_type,134,0,1.0,0.07462686567164178,,,1.0,1.0,0.14925373134328357,,,1.0,1.0,0.3582089552238806,,,0.96,
378,cliffside 5 light candle style drum chandelier,multi_constraint,580,0,1.0,0.017825311942959002,,,1.0,1.0,0.035650623885918005,,,1.0,1.0,0.08912655971479501,,,1.0,0.2895692955330059
379,urban outfitters duvet,product_type,71,0,1.0,0.14084507042253522,,,1.0,1.0,0.2112676056338028,,,0.75,1.0,0.36619718309859156,,,0.52,
380,gravity feeder,brand_entity_proxy,124,6,0.9592151444944688,0.2222222222222222,1.0,0.0,1.0,0.9666752832661213,0.4444444444444444,1.0,0.0,1.0,0.9139374445258054,0.8,1.0,0.0,0.8,0.7247373006777784
381,farmhouse hood vent,style,80,0,1.0,0.1125,,,0.9,1.0,0.2,,,0.8,1.0,0.4875,,,0.78,
382,counter top one cup hot water dispenser,multi_constraint,89,4,0.4700182601018591,0.18181818181818182,0.0,1.0,1.0,0.5788037469624102,0.36363636363636365,0.0,1.0,1.0,0.758107241406884,0.8181818181818182,0.75,0.25,0.92,0.7346359632865297
383,minnestrista,brand_entity_proxy,3,0,1.0,0.0,,,0.0,1.0,0.0,,,0.0,1.0,0.0,,,0.0,
384,dining table vinyl cloth,product_type,687,20,1.0,0.16393442622950818,0.5,0.5,1.0,0.8343170050836455,0.2786885245901639,0.65,0.35,0.95,0.8182671146242119,0.4426229508196721,0.85,0.15000000000000002,0.68,0.34903549148960955
385,mom urn,brand_entity_proxy,55,0,0.9337457765456111,0.3333333333333333,,,1.0,0.923804196100255,0.5925925925925926,,,0.9,0.9749532528470038,0.7407407407407407,,,0.46,0.6896128215320532
386,alter furniture,brand_entity_proxy,298,0,1.0,0.0,,,0.0,1.0,0.0,,,0.0,0.9843500333548644,0.005076142131979695,,,0.02,0.47266591809899966
387,self enclosed planters,product_type,92,0,1.0,0.10869565217391304,,,1.0,1.0,0.17391304347826086,,,0.8,1.0,0.358695652173913,,,0.66,
388,outdoor sectional doning,product_type,64,0,1.0,0.08333333333333333,,,0.5,1.0,0.11666666666666667,,,0.35,1.0,0.21666666666666667,,,0.26,0.40533680353247503
389,brush nickel faucet bathroom,product_type,337,157,0.6234065970620281,0.015479876160990712,0.012738853503184714,0.9872611464968153,0.5,0.6870760282506063,0.030959752321981424,0.025477707006369428,0.9745222929936306,0.5,0.6982670221159721,0.07430340557275542,0.08280254777070063,0.9171974522292994,0.48,0.061762584237784815
390,cushion replacement insert,product_type,61,0,1.0,0.13114754098360656,,,0.8,1.0,0.21311475409836064,,,0.65,1.0,0.29508196721311475,,,0.36,
391,"writing desk 48""",attribute_constraint,229,8,0.3649302102017378,0.034934497816593885,0.0,1.0,0.8,0.5014725283703264,0.0611353711790393,0.0,1.0,0.7,0.6633878995056179,0.12663755458515283,0.25,0.75,0.58,0.09749614455713626
392,china clock,brand_entity_proxy,368,0,1.0,0.028985507246376812,,,1.0,1.0,0.057971014492753624,,,1.0,1.0,0.14492753623188406,,,1.0,0.40774575360958154
393,propane gas dryer,product_type,96,0,1.0,0.13333333333333333,,,1.0,1.0,0.26666666666666666,,,1.0,0.9851168632159073,0.6533333333333333,,,1.0,0.48328792351102795
394,gray leather cocktail table,attribute_constraint,117,0,0.7564477297898766,0.02912621359223301,,,0.4,0.842819317163093,0.02912621359223301,,,0.2,0.8701264860765295,0.04854368932038835,,,0.14,0.0
395,pantry grey,attribute_constraint,74,0,0.7506372960520511,0.125,,,0.2,0.6780220680283282,0.1875,,,0.15,0.7763922729859648,0.25,,,0.12,0.3196597151515793
396,alyse 8 light,attribute_constraint,136,1,0.8125952066495404,0.06060606060606061,1.0,0.0,0.8,0.8643519933564188,0.08333333333333333,1.0,0.0,0.55,0.9176858378337531,0.13636363636363635,1.0,0.0,0.36,0.22334083577972286
397,maryford queen tufted bed,attribute_constraint,493,0,1.0,0.020366598778004074,,,1.0,1.0,0.038696537678207736,,,0.95,1.0,0.09775967413441955,,,0.96,0.07556466375078495
398,super bright lights,product_type,107,19,0.955830517697074,0.08433734939759036,0.3684210526315789,0.631578947368421,0.7,0.8024602030604326,0.13253012048192772,0.5263157894736842,0.4736842105263158,0.55,0.9256320178499275,0.1927710843373494,0.5789473684210527,0.42105263157894735,0.32,0.711623199018774
399,12v dirt bike,attribute_constraint,85,0,1.0,0.14705882352941177,,,1.0,1.0,0.29411764705882354,,,1.0,0.9719997195965543,0.5,,,0.68,0.5442252533182456
400,small ladies rocker swivel recliner,multi_constraint,24,0,1.0,0.0,,,0.0,1.0,0.125,,,0.15,1.0,0.25,,,0.12,
401,glass lsmp shades,product_type,55,18,0.6347648405168635,0.18518518518518517,0.2777777777777778,0.7222222222222222,1.0,0.6790862497070771,0.2777777777777778,0.4444444444444444,0.5555555555555556,0.75,0.8720415323751297,0.5370370370370371,0.6666666666666666,0.33333333333333337,0.58,0.3566565753357543
402,modern farmhouse lighting semi flush mount,style,251,7,0.38441023776109734,0.04424778761061947,0.0,1.0,1.0,0.5649136736762466,0.08849557522123894,0.2857142857142857,0.7142857142857143,1.0,0.7098698119247587,0.22123893805309736,0.42857142857142855,0.5714285714285714,1.0,0.48948865812786463
403,wood rack wide,attribute_constraint,149,31,0.6592194812166503,0.016129032258064516,0.06451612903225806,0.935483870967742,0.2,0.5888818131971039,0.04838709677419355,0.06451612903225806,0.935483870967742,0.3,0.6219877385915078,0.08870967741935484,0.12903225806451613,0.8709677419354839,0.22,0.21772824602783217
404,large cushion outdoor chair,attribute_constraint,564,4,0.5591227842996138,0.019157088122605363,0.25,0.75,1.0,0.6496184352722464,0.03639846743295019,0.25,0.75,0.95,0.8051915859111805,0.09003831417624521,0.75,0.25,0.94,0.3577078508910313
405,queen ann style living room chair,multi_constraint,446,0,1.0,0.020289855072463767,,,0.7,1.0,0.03768115942028986,,,0.65,1.0,0.07246376811594203,,,0.5,0.6487873512151694
406,refrigerator with ice an water in door,multi_constraint,98,22,0.5268398566463763,0.12987012987012986,0.13636363636363635,0.8636363636363636,1.0,0.5325115895975154,0.2597402597402597,0.2727272727272727,0.7272727272727273,1.0,0.7891733619851694,0.6363636363636364,0.8636363636363636,0.13636363636363635,1.0,0.5455181804606458
407,huge bookcase,product_type,331,11,0.38559884598578353,0.030211480362537766,0.09090909090909091,0.9090909090909091,1.0,0.49612504699903015,0.06042296072507553,0.18181818181818182,0.8181818181818181,1.0,0.6464013023805885,0.1510574018126888,0.2727272727272727,0.7272727272727273,1.0,0.0592696765084836
408,girl reading statue,product_type,102,31,1.0,0.09803921568627451,0.3225806451612903,0.6774193548387097,1.0,1.0,0.19607843137254902,0.6451612903225806,0.3548387096774194,1.0,0.9944482298410496,0.4803921568627451,1.0,0.0,0.98,0.7604967444305563
409,teal chair,product_type,3393,40,0.38224261473290666,0.0022875816993464053,0.025,0.975,0.7,0.3419152861542146,0.00522875816993464,0.025,0.975,0.85,0.37772539898171703,0.013398692810457516,0.025,0.975,0.86,0.20655785100540716
410,pool floats,brand_entity_proxy,281,58,0.894393898287665,0.10416666666666667,0.13793103448275862,0.8620689655172413,1.0,0.8858802692946341,0.20833333333333334,0.27586206896551724,0.7241379310344828,1.0,0.8653699932367589,0.4791666666666667,0.6551724137931034,0.3448275862068966,0.92,0.6716919310435376
411,outdoor clock,brand_entity_proxy,1566,85,1.0,0.02865329512893983,0.11764705882352941,0.8823529411764706,1.0,0.9763266600610571,0.05730659025787966,0.2235294117647059,0.7764705882352941,1.0,0.9282584983449994,0.14326647564469913,0.5058823529411764,0.49411764705882355,1.0,0.6986600085838797
412,jennie tufted upholstered low profile platform bed,multi_constraint,1090,1,1.0,0.008620689655172414,1.0,0.0,0.9,1.0,0.017241379310344827,1.0,0.0,0.9,1.0,0.040229885057471264,1.0,0.0,0.84,0.34473249129694516
413,burruss patio sectional with cushions,multi_constraint,599,1,1.0,0.017825311942959002,1.0,0.0,1.0,1.0,0.0338680926916221,1.0,0.0,0.95,1.0,0.08199643493761141,1.0,0.0,0.92,0.2520278613407642
414,shower hooks,brand_entity_proxy,914,165,1.0,0.02666666666666667,0.06060606060606061,0.9393939393939394,1.0,1.0,0.05333333333333334,0.12121212121212122,0.8787878787878788,1.0,1.0,0.13333333333333333,0.30303030303030304,0.696969696969697,1.0,0.8137991243478506
415,toilet paper stand,product_type,151,75,1.0,0.08130081300813008,0.13333333333333333,0.8666666666666667,1.0,1.0,0.16260162601626016,0.26666666666666666,0.7333333333333334,1.0,0.9807619594099188,0.4065040650406504,0.64,0.36,1.0,0.7722532832152368
416,wayfair coffee table,product_type,1447,0,1.0,0.00693000693000693,,,1.0,1.0,0.01386001386001386,,,1.0,1.0,0.03465003465003465,,,1.0,0.08949059064109977
417,twin bed frame,attribute_constraint,567,188,0.7378144002357959,0.017793594306049824,0.03723404255319149,0.9627659574468085,1.0,0.7616621920144653,0.03202846975088968,0.06382978723404255,0.9361702127659575,0.9,0.7618361162249196,0.08185053380782918,0.16489361702127658,0.8351063829787234,0.92,0.36624192673183115
418,writing desk,product_type,1123,608,1.0,0.01002004008016032,0.01644736842105263,0.9835526315789473,1.0,1.0,0.02004008016032064,0.03289473684210526,0.9671052631578947,1.0,1.0,0.050100200400801605,0.08223684210526316,0.9177631578947368,1.0,0.7361447728960195
419,living room ideas,product_type,21,16,0.911298659909514,0.0,0.0,1.0,0.0,0.980379719827769,0.0,0.0,1.0,0.0,0.9806056189657173,0.047619047619047616,0.0625,0.9375,0.02,0.203100960115899
420,tile backsplash,brand_entity_proxy,1013,766,1.0,0.010101010101010102,0.013054830287206266,0.9869451697127938,1.0,1.0,0.020202020202020204,0.02610966057441253,0.9738903394255874,1.0,1.0,0.050505050505050504,0.06527415143603134,0.9347258485639687,1.0,0.3721463449167137
421,dining room tables,product_type,758,649,1.0,0.0125,0.01386748844375963,0.9861325115562404,0.9,1.0,0.025,0.02773497688751926,0.9722650231124808,0.9,0.9904743550716205,0.05277777777777778,0.05855161787365177,0.9414483821263482,0.76,0.3925930008610893
422,ergonomic chair,product_type,3328,428,1.0,0.0032637075718015664,0.02336448598130841,0.9766355140186916,1.0,0.9757624746743075,0.006527415143603133,0.04439252336448598,0.955607476635514,1.0,0.9570586439732366,0.016318537859007835,0.10747663551401869,0.8925233644859814,1.0,0.5896665383711585
423,wall shelves,brand_entity_proxy,3034,285,1.0,0.02386634844868735,0.03508771929824561,0.9649122807017544,1.0,1.0,0.0477326968973747,0.07017543859649122,0.9298245614035088,1.0,1.0,0.11694510739856802,0.17192982456140352,0.8280701754385965,0.98,0.5663864952812209
424,wayfair comforters,brand_entity_proxy,618,4,0.938956372991988,0.0223463687150838,1.0,0.0,1.0,0.9321326078451803,0.0446927374301676,1.0,0.0,0.95,0.9425216804936601,0.12290502793296089,1.0,0.0,0.96,0.7029318096809624
425,side table with storage,product_type,742,56,0.5515377306675132,0.011126564673157162,0.05357142857142857,0.9464285714285714,0.8,0.5092648301900691,0.02364394993045897,0.08928571428571429,0.9107142857142857,0.9,0.48641431292401044,0.05285118219749652,0.17857142857142858,0.8214285714285714,0.8,0.2552615601206688
426,outdoor storage,product_type,3254,223,1.0,0.008169934640522876,0.04484304932735426,0.9551569506726457,1.0,1.0,0.016339869281045753,0.08968609865470852,0.9103139013452914,1.0,1.0,0.04084967320261438,0.2242152466367713,0.7757847533632287,1.0,0.5253517680301723
427,lowes tile,brand_entity_proxy,1125,0,1.0,0.009584664536741214,,,0.6,0.9665625086152866,0.022364217252396165,,,0.7,0.9817480390694906,0.05910543130990415,,,0.76,0.846677823242842
428,kitchen storage cabinet,product_type,537,66,0.6281463961586753,0.012658227848101266,0.030303030303030304,0.9696969696969697,0.6,0.603933934781758,0.02531645569620253,0.07575757575757576,0.9242424242424242,0.6,0.5543638964287775,0.07383966244725738,0.15151515151515152,0.8484848484848485,0.72,0.3058662358650253
429,gray dresser,attribute_constraint,860,94,0.6524692913981867,0.017543859649122806,0.05319148936170213,0.9468085106382979,0.9,0.6796050153292854,0.03313840155945419,0.09574468085106383,0.9042553191489362,0.85,0.6020914707041917,0.07992202729044834,0.20212765957446807,0.7978723404255319,0.84,0.718973699177586
430,30 inch bathroom vanity,attribute_constraint,662,98,0.9575861412006988,0.015772870662460567,0.09183673469387756,0.9081632653061225,1.0,0.9726274804087407,0.031545741324921134,0.19387755102040816,0.8061224489795918,1.0,0.926387362194337,0.07886435331230283,0.4387755102040816,0.5612244897959184,1.0,0.6062848752212556
431,shoe bench entryway,product_type,160,75,1.0,0.06493506493506493,0.13333333333333333,0.8666666666666667,1.0,1.0,0.12987012987012986,0.26666666666666666,0.7333333333333334,1.0,0.9137598946687941,0.2792207792207792,0.52,0.48,0.9,0.615481166965876
432,butcher block island,product_type,176,42,0.8990684392693267,0.05747126436781609,0.19047619047619047,0.8095238095238095,1.0,0.9106245409496291,0.11494252873563218,0.40476190476190477,0.5952380952380952,1.0,0.8665976113330603,0.28160919540229884,0.7619047619047619,0.23809523809523814,0.98,0.6137322258909415
433,trundle daybed,brand_entity_proxy,273,113,1.0,0.04132231404958678,0.08849557522123894,0.911504424778761,1.0,1.0,0.08264462809917356,0.17699115044247787,0.8230088495575221,1.0,1.0,0.2066115702479339,0.4424778761061947,0.5575221238938053,1.0,0.8106259068181338
434,bathroom lighting,brand_entity_proxy,3530,226,1.0,0.007288629737609329,0.04424778761061947,0.9557522123893806,1.0,0.9784411392344535,0.014577259475218658,0.084070796460177,0.915929203539823,1.0,0.9882320273410541,0.03644314868804665,0.2168141592920354,0.7831858407079646,1.0,0.5397407118606539
435,shoe closet,brand_entity_proxy,443,47,0.3775028156362593,0.028169014084507043,0.02127659574468085,0.9787234042553191,1.0,0.4594259988081477,0.056338028169014086,0.10638297872340426,0.8936170212765957,1.0,0.502845764945857,0.14084507042253522,0.2978723404255319,0.7021276595744681,1.0,0.5976666408575413
436,full bed with trundle,product_type,214,46,0.8572775237534388,0.028846153846153848,0.10869565217391304,0.8913043478260869,0.6,0.7450975137328789,0.028846153846153848,0.10869565217391304,0.8913043478260869,0.3,0.6319692681761525,0.10576923076923077,0.2391304347826087,0.7608695652173914,0.44,0.2375730955360811
437,kitchen islands with seating,product_type,195,47,0.8442327945045965,0.055865921787709494,0.1702127659574468,0.8297872340425532,1.0,0.8083251168145421,0.11173184357541899,0.2978723404255319,0.7021276595744681,1.0,0.7977293638575393,0.2737430167597765,0.6808510638297872,0.3191489361702128,0.98,0.650673534118807
438,indoor water fountain,product_type,156,101,1.0,0.06451612903225806,0.09900990099009901,0.900990099009901,1.0,1.0,0.12903225806451613,0.19801980198019803,0.801980198019802,1.0,0.9623971889744655,0.2967741935483871,0.44554455445544555,0.5544554455445545,0.92,0.44228942152536815
439,parsons chairs,brand_entity_proxy,3276,216,1.0,0.004111842105263158,0.046296296296296294,0.9537037037037037,1.0,1.0,0.008223684210526315,0.09259259259259259,0.9074074074074074,1.0,0.9790054853536737,0.02055921052631579,0.2222222222222222,0.7777777777777778,1.0,0.44565455473354215
440,wood bar stools,attribute_constraint,777,255,0.84037276213159,0.01310615989515072,0.027450980392156862,0.9725490196078431,1.0,0.8014359653896719,0.02621231979030144,0.050980392156862744,0.9490196078431372,1.0,0.7596231644909591,0.06422018348623854,0.11372549019607843,0.8862745098039215,0.98,0.34396475104489455
441,desk for kids,product_type,1385,78,1.0,0.010030090270812437,0.1282051282051282,0.8717948717948718,1.0,0.9784411392344535,0.0160481444332999,0.20512820512820512,0.7948717948717949,0.8,0.9302619650703083,0.037111334002006016,0.4358974358974359,0.5641025641025641,0.74,0.22346573471272826
442,above toilet cabinet,product_type,1137,70,1.0,0.02444987775061125,0.14285714285714285,0.8571428571428572,1.0,1.0,0.0488997555012225,0.2857142857142857,0.7142857142857143,1.0,0.9610424994564424,0.12224938875305623,0.6571428571428571,0.34285714285714286,1.0,0.5163162022357298
443,patio design,brand_entity_proxy,409,352,1.0,0.0056179775280898875,0.005681818181818182,0.9943181818181818,0.2,1.0,0.011235955056179775,0.011363636363636364,0.9886363636363636,0.2,1.0,0.028089887640449437,0.028409090909090908,0.9715909090909091,0.2,0.4824054877825829
444,outdoor lounge chair,product_type,364,114,1.0,0.02857142857142857,0.07894736842105263,0.9210526315789473,0.9,0.9276209544340377,0.05396825396825397,0.13157894736842105,0.868421052631579,0.85,0.8549975836930751,0.10793650793650794,0.21929824561403508,0.7807017543859649,0.68,0.4853579969756304
445,chaise lounge couch,product_type,350,170,0.955830517697074,0.027777777777777776,0.047058823529411764,0.9529411764705882,0.9,0.9487858101526574,0.05864197530864197,0.1,0.9,0.95,0.9417226899758133,0.14814814814814814,0.2529411764705882,0.7470588235294118,0.96,0.6753487950037833
446,card table,product_type,4326,57,0.9074250374176304,0.002861230329041488,0.15789473684210525,0.8421052631578947,1.0,0.9402551418644377,0.005722460658082976,0.3333333333333333,0.6666666666666667,1.0,0.864161851537866,0.01402002861230329,0.6842105263157895,0.3157894736842105,1.0,0.22406633266928236
447,tall buffet cabinet,attribute_constraint,212,3,0.5159958223394444,0.02403846153846154,0.0,1.0,0.5,0.6229152997582164,0.04807692307692308,0.0,1.0,0.5,0.7516339866803449,0.15384615384615385,0.0,1.0,0.64,0.18928732664540948
448,bed side table,product_type,203,81,0.499272218015063,0.005050505050505051,0.0,1.0,0.1,0.5339810971335328,0.010101010101010102,0.012345679012345678,0.9876543209876543,0.1,0.4806346302449378,0.010101010101010102,0.012345679012345678,0.9876543209876543,0.04,-0.25940175892627443
449,living room designs,product_type,172,164,1.0,0.01818181818181818,0.018292682926829267,0.9817073170731707,0.3,0.967135029432423,0.04242424242424243,0.042682926829268296,0.9573170731707317,0.35,0.9820605513768897,0.05454545454545454,0.054878048780487805,0.9451219512195121,0.18,0.1252638052023184
451,aiden black velvet bed,attribute_constraint,111,0,0.5548010254700118,0.019801980198019802,,,0.3,0.6742984801051132,0.0297029702970297,,,0.2,0.7915308107472128,0.04950495049504951,,,0.2,-0.3201416524590208
452,day bed indian,product_type,105,0,1.0,0.0761904761904762,,,0.8,1.0,0.14285714285714285,,,0.75,1.0,0.3238095238095238,,,0.68,
453,midcentury tv unit,product_type,118,25,0.9048032373092417,0.05084745762711865,0.24,0.76,0.6,0.7972290437235405,0.11016949152542373,0.36,0.64,0.65,0.8603957725110439,0.15254237288135594,0.48,0.52,0.36,0.3704872915500775
454,carpet 5x6,attribute_constraint,110,0,1.0,0.0375,,,0.3,0.9330720571764405,0.0875,,,0.35,0.7936595657395246,0.15,,,0.24,0.10157044396475427
455,deer coat hooks,product_type,110,2,0.6733749740432623,0.08256880733944955,0.5,0.5,0.9,0.8022225014824698,0.1651376146788991,1.0,0.0,0.9,0.8739120977216775,0.41284403669724773,1.0,0.0,0.9,0.2525389021700032
456,wall design shelf,product_type,221,76,0.6826196654387717,0.05128205128205128,0.06578947368421052,0.9342105263157895,1.0,0.6538390210741363,0.10256410256410256,0.11842105263157894,0.881578947368421,1.0,0.7307408453292328,0.2358974358974359,0.3684210526315789,0.631578947368421,0.92,0.5094571588751534
457,5 gang light switch,attribute_constraint,329,0,1.0,0.057803468208092484,,,1.0,1.0,0.11560693641618497,,,1.0,1.0,0.28901734104046245,,,1.0,0.7672586817373412
458,bubble guppies chair,product_type,120,0,0.88995411685096,0.042105263157894736,,,0.5,0.8966416890348516,0.07368421052631578,,,0.4,0.8532046715233644,0.11578947368421053,,,0.24,0.2099949687841627
459,tye dye duvet cover,product_type,205,19,1.0,0.03414634146341464,0.3684210526315789,0.631578947368421,0.7,0.922424168001533,0.05365853658536585,0.5263157894736842,0.4736842105263158,0.55,0.9851167416126311,0.17073170731707318,0.9473684210526315,0.052631578947368474,0.7,0.48465538201890146
460,small wardrobe grey,attribute_constraint,111,7,0.4408139232357006,0.09523809523809523,0.14285714285714285,0.8571428571428572,0.8,0.5382399951347767,0.11904761904761904,0.14285714285714285,0.8571428571428572,0.5,0.6418572208125365,0.15476190476190477,0.2857142857142857,0.7142857142857143,0.28,0.3108588904704356
461,luau string lights,product_type,61,4,1.0,0.1724137931034483,1.0,0.0,1.0,1.0,0.3103448275862069,1.0,0.0,0.9,0.9898357579134357,0.5,1.0,0.0,0.58,0.49590676702517006
462,large bases,attribute_constraint,2,0,1.0,0.0,,,0.0,1.0,0.0,,,0.0,1.0,0.0,,,0.0,0.9999999999999999
463,bistro sets patio,product_type,274,139,1.0,0.04784688995215311,0.07194244604316546,0.9280575539568345,1.0,1.0,0.09569377990430622,0.14388489208633093,0.8561151079136691,1.0,1.0,0.23923444976076555,0.3597122302158273,0.6402877697841727,1.0,0.8835935562214391
464,cake cutlery,brand_entity_proxy,157,85,1.0,0.10869565217391304,0.11764705882352941,0.8823529411764706,1.0,1.0,0.21739130434782608,0.23529411764705882,0.7647058823529411,1.0,0.9289851801586733,0.4891304347826087,0.5294117647058824,0.47058823529411764,1.0,0.5779192910925244
465,white abstract,attribute_constraint,2,1,1.0,0.0,0.0,1.0,0.0,1.0,0.0,0.0,1.0,0.0,1.0,0.0,0.0,1.0,0.0,0.9999999999999999
466,rock climbing wall kids,product_type,93,1,0.6943559465628248,0.30303030303030304,0.0,1.0,1.0,0.7252705153673409,0.5454545454545454,0.0,1.0,1.0,0.7844279681925433,0.8484848484848485,0.0,1.0,0.68,0.7153392113130747
467,town & country living curtains,product_type,150,0,1.0,0.02666666666666667,,,0.4,1.0,0.04666666666666667,,,0.35,1.0,0.16,,,0.48,
468,glow in the dark silent wall clock,multi_constraint,294,4,0.780359707276365,0.035211267605633804,0.5,0.5,1.0,0.8698780132302006,0.07042253521126761,0.75,0.25,1.0,0.9121724035072913,0.176056338028169,0.75,0.25,1.0,0.31862757371271344
469,garage sports storage rack,product_type,161,64,1.0,0.06369426751592357,0.15625,0.84375,1.0,1.0,0.12738853503184713,0.3125,0.6875,1.0,0.8485006174692453,0.3184713375796178,0.546875,0.453125,1.0,0.6060784758079168
470,elephant framed,brand_entity_proxy,638,45,1.0,0.03508771929824561,0.2222222222222222,0.7777777777777778,1.0,1.0,0.07017543859649122,0.4444444444444444,0.5555555555555556,1.0,0.9576664879252574,0.16842105263157894,0.8888888888888888,0.11111111111111116,0.96,0.8189071752692112
471,adjustable height artist stool,product_type,310,1,0.8471779732814125,0.04950495049504951,1.0,0.0,1.0,0.8893838149761623,0.09900990099009901,1.0,0.0,1.0,0.932875691891381,0.24752475247524752,1.0,0.0,1.0,0.7506402475451183
472,window wall accent,product_type,108,47,1.0,0.09,0.19148936170212766,0.8085106382978724,0.9,0.9780900196216153,0.17,0.3617021276595745,0.6382978723404256,0.85,0.8994129832116085,0.28,0.5319148936170213,0.46808510638297873,0.56,0.6925381960468409
473,chair pillow cushion,product_type,286,126,0.9052116356304494,0.022304832713754646,0.047619047619047616,0.9523809523809523,0.7,0.9388266846219682,0.048327137546468404,0.10317460317460317,0.8968253968253969,0.7,0.9313337354460959,0.11524163568773234,0.24603174603174602,0.753968253968254,0.66,0.6291071379073035
474,48 inch bathroom vanity with trough sink,multi_constraint,784,0,1.0,0.014104372355430184,,,1.0,1.0,0.028208744710860368,,,1.0,1.0,0.07052186177715092,,,1.0,0.49178003517559343
475,rattan truck,brand_entity_proxy,70,0,1.0,0.24242424242424243,,,0.8,0.9676617088516802,0.42424242424242425,,,0.7,0.993106722923476,0.5454545454545454,,,0.36,0.8094598385593564
476,hardwood beds,brand_entity_proxy,2224,639,0.7817956026658202,0.003711558854718982,0.006259780907668232,0.9937402190923318,0.7,0.8327639619662636,0.009013785790031814,0.02034428794992175,0.9796557120500783,0.85,0.8080090579016588,0.024920466595970307,0.053208137715179966,0.94679186228482,0.94,0.5128539257674182
478,worn leather office chair,attribute_constraint,445,1,0.6943559465628248,0.02112676056338028,0.0,1.0,0.9,0.7787676299523247,0.03755868544600939,0.0,1.0,0.8,0.865751383782762,0.08450704225352113,0.0,1.0,0.72,0.17630270244822566
479,garage door mail slot,product_type,83,0,1.0,0.18181818181818182,,,1.0,1.0,0.36363636363636365,,,1.0,0.9833041757017094,0.7818181818181819,,,0.88,0.7806920436198618
480,pictures to hang over fireplace,multi_constraint,3,0,1.0,0.6666666666666666,,,0.2,1.0,0.6666666666666666,,,0.1,1.0,0.6666666666666666,,,0.04,
481,emma headboard,brand_entity_proxy,219,1,0.6943559465628248,0.02843601895734597,0.0,1.0,0.6,0.7787676299523247,0.07109004739336493,0.0,1.0,0.75,0.865751383782762,0.1848341232227488,0.0,1.0,0.78,0.2246957142078947
482,48 inch kitchen hood,attribute_constraint,104,12,0.7490496219327154,0.10101010101010101,0.4166666666666667,0.5833333333333333,1.0,0.8287560134520141,0.20202020202020202,0.6666666666666666,0.33333333333333337,1.0,0.9223138400688747,0.5050505050505051,0.9166666666666666,0.08333333333333337,1.0,0.5015232424862572
483,rustic twig,style,248,4,0.5500559001289844,0.04784688995215311,0.25,0.75,1.0,0.6424126442951291,0.08133971291866028,0.25,0.75,0.85,0.7682208897610278,0.18660287081339713,0.5,0.5,0.82,0.40052721674000286
484,nespresso vertuo next premium by breville with aeroccino,long_descriptive,53,0,1.0,0.38461538461538464,,,1.0,0.9013592468993897,0.6538461538461539,,,0.85,0.9729066201451206,0.6538461538461539,,,0.4,0.5847521957176979
485,pedistole sink,brand_entity_proxy,255,0,0.9305687780632229,0.0,,,0.0,0.9551913563983283,0.013157894736842105,,,0.1,0.929206712082958,0.09210526315789473,,,0.3,0.5583800587283045
486,54 in bench cushion,attribute_constraint,87,0,1.0,0.11494252873563218,,,1.0,1.0,0.20689655172413793,,,0.9,1.0,0.39080459770114945,,,0.68,
487,rack glass,brand_entity_proxy,946,2,0.548212231519422,0.0,0.0,1.0,0.0,0.5581881076888687,0.002304147465437788,0.0,1.0,0.05,0.5377536216378836,0.016129032258064516,0.5,0.5,0.18,0.08026995779433005
