query_id,query,query_type,n_judged,n_highest,cNDCG@10,RelevantRecall@10,HighestRecall@10,RelevantHidden@10,JudgedCoverage@10,cNDCG@20,RelevantRecall@20,HighestRecall@20,RelevantHidden@20,JudgedCoverage@20,cNDCG@50,RelevantRecall@50,HighestRecall@50,RelevantHidden@50,JudgedCoverage@50,RelevanceVisibilitySpearman
0,salon chair,product_type,3301,39,0.92663607790064,0.0029850746268656717,0.23076923076923078,0.7692307692307692,1.0,0.7878777978371092,0.006301824212271974,0.3076923076923077,0.6923076923076923,1.0,0.7565350501142998,0.015920398009950248,0.5641025641025641,0.4358974358974359,1.0,0.3618220994357091
1,smart coffee table,product_type,1436,8,0.3649302102017378,0.007052186177715092,0.0,1.0,1.0,0.47100925925184517,0.014104372355430184,0.0,1.0,1.0,0.6106470973012302,0.03455571227080395,0.0,1.0,1.0,0.08676237333063555
2,dinosaur,brand_entity_proxy,165,151,1.0,0.06329113924050633,0.06622516556291391,0.9337748344370861,1.0,1.0,0.12658227848101267,0.13245033112582782,0.8675496688741722,1.0,0.9792838368460406,0.31645569620253167,0.31788079470198677,0.6821192052980132,1.0,0.20083498624666357
3,turquoise pillows,brand_entity_proxy,997,55,0.7549096191567918,0.011658031088082901,0.10909090909090909,0.8909090909090909,1.0,0.5937832090923928,0.02072538860103627,0.12727272727272726,0.8727272727272728,1.0,0.5034264862301677,0.05829015544041451,0.18181818181818182,0.8181818181818181,1.0,0.5288795618067293
4,chair and a half recliner,multi_constraint,239,23,0.38559884598578353,0.031578947368421054,0.043478260869565216,0.9565217391304348,0.6,0.36706378864974476,0.07368421052631578,0.043478260869565216,0.9565217391304348,0.7,0.5167421159041268,0.13157894736842105,0.08695652173913043,0.9130434782608696,0.5,0.3793551755201485
5,sofa with ottoman,product_type,1344,179,0.7919672818521463,0.007639419404125287,0.03910614525139665,0.9608938547486033,1.0,0.769215476296535,0.015278838808250574,0.07262569832402235,0.9273743016759777,1.0,0.7793900878359523,0.03819709702062643,0.18994413407821228,0.8100558659217877,1.0,0.46889967713740105
6,acrylic clear chair,attribute_constraint,109,43,1.0,0.08080808080808081,0.18604651162790697,0.813953488372093,0.8,0.9338225106854139,0.12121212121212122,0.27906976744186046,0.7209302325581395,0.6,0.8482946179724846,0.21212121212121213,0.3953488372093023,0.6046511627906976,0.42,0.5512183144600145
7,driftwood mirror,product_type,603,23,0.867129177606588,0.018691588785046728,0.30434782608695654,0.6956521739130435,1.0,0.7733184223171538,0.037383177570093455,0.4782608695652174,0.5217391304347826,1.0,0.8508094807888436,0.09345794392523364,0.6956521739130435,0.30434782608695654,1.0,0.5267134953010965
8,home sweet home sign,product_type,105,25,0.7602059953957722,0.031914893617021274,0.08,0.92,0.3,0.6088230113786066,0.06382978723404255,0.16,0.84,0.3,0.7278945982914647,0.2872340425531915,0.28,0.72,0.54,0.2918738906054625
9,coffee table fire pit,product_type,1516,74,1.0,0.006622516556291391,0.13513513513513514,0.8648648648648649,1.0,1.0,0.013245033112582781,0.2702702702702703,0.7297297297297297,1.0,0.9618860497316843,0.03245033112582781,0.6081081081081081,0.3918918918918919,0.98,0.3619706845379964
10,king poster bed,attribute_constraint,177,21,0.9432379215722527,0.056818181818181816,0.42857142857142855,0.5714285714285714,1.0,0.8469555358553663,0.11363636363636363,0.6666666666666666,0.33333333333333337,1.0,0.9254703917645186,0.2556818181818182,0.8571428571428571,0.1428571428571429,0.9,0.503594222156306
11,ombre rug,product_type,1428,65,0.9368077570869662,0.007042253521126761,0.13846153846153847,0.8615384615384616,1.0,0.9592177897479789,0.014084507042253521,0.2923076923076923,0.7076923076923076,1.0,0.9390724256622072,0.035211267605633804,0.6923076923076923,0.3076923076923077,1.0,0.34530152905737826
12,large spoon and fork wall decor,multi_constraint,225,27,0.797441512093282,0.056818181818181816,0.2222222222222222,0.7777777777777778,1.0,0.7379795532277705,0.10227272727272728,0.37037037037037035,0.6296296296296297,0.95,0.8463211843857296,0.1875,0.7037037037037037,0.2962962962962963,0.7,0.47444436967735243
13,outdoor privacy wall,product_type,122,46,1.0,0.15789473684210525,0.1956521739130435,0.8043478260869565,0.9,0.9501727158973856,0.2982456140350877,0.32608695652173914,0.6739130434782609,0.85,0.7250788483678866,0.38596491228070173,0.43478260869565216,0.5652173913043479,0.56,0.48814246399213973
14,beds that have leds,product_type,2692,20,0.623548105490076,0.0038192234245703373,0.2,0.8,0.7,0.5798834410528141,0.006365372374283896,0.3,0.7,0.7,0.6685522128430301,0.015913430935709738,0.45,0.55,0.68,0.3839202614088488
15,black 5 drawer dresser by guilford,multi_constraint,613,2,0.7102193294182025,0.016722408026755852,0.5,0.5,1.0,0.7804473472375147,0.033444816053511704,0.5,0.5,1.0,0.860029914252308,0.08193979933110368,0.5,0.5,0.98,0.25208142016073143
16,blk 18x18 seat cushions,attribute_constraint,493,4,0.553857982689368,0.0037593984962406013,0.25,0.75,0.1,0.5667473766980881,0.007518796992481203,0.25,0.75,0.15,0.5014003488642419,0.03007518796992481,0.25,0.75,0.22,-0.06532373428810156
17,closet storage with zipper,product_type,103,21,0.814346273715131,0.07766990291262135,0.2857142857142857,0.7142857142857143,0.8,0.7145099761233183,0.1650485436893204,0.47619047619047616,0.5238095238095238,0.85,0.8042503731519678,0.39805825242718446,0.5714285714285714,0.4285714285714286,0.82,0.26098356884233154
18,chrome bathroom 4 light vanity light,multi_constraint,1053,34,0.806493476686957,0.0364963503649635,0.20588235294117646,0.7941176470588236,1.0,0.7550253576445791,0.072992700729927,0.35294117647058826,0.6470588235294117,1.0,0.7769455059249256,0.17883211678832117,0.6176470588235294,0.38235294117647056,0.98,0.37941079619689966
19,gurney  slade 56,attribute_constraint,14,0,0.92663607790064,0.4,,,0.4,0.9861132706296821,0.4,,,0.2,0.9861132706296821,0.4,,,0.08,0.588348405414552
20,foutains with brick look,product_type,94,12,0.21368192994278842,0.0,0.0,1.0,0.1,0.33692827970975325,0.0,0.0,1.0,0.05,0.5733879311712917,0.05555555555555555,0.0,1.0,0.14,-0.2078557423836871
21,living curtains pearl,product_type,127,1,0.6943559465628248,0.03937007874015748,0.0,1.0,0.5,0.7787676299523247,0.047244094488188976,0.0,1.0,0.3,0.8897888981259474,0.07086614173228346,0.0,1.0,0.18,0.04131083891598614
22,light and navy blue decorative pillow,multi_constraint,251,22,0.3775028156362593,0.030612244897959183,0.0,1.0,0.6,0.38607640033571367,0.05612244897959184,0.045454545454545456,0.9545454545454546,0.55,0.5533757176988776,0.14285714285714285,0.18181818181818182,0.8181818181818181,0.56,0.5924763184946411
23,stoneford end tables white and wood,multi_constraint,1266,0,1.0,0.007328990228013029,,,0.9,1.0,0.013029315960912053,,,0.8,1.0,0.03664495114006515,,,0.9,0.24815479752352648
24,wood coffee table set by storage,multi_constraint,2559,84,0.5293963986397792,0.004764173415912339,0.047619047619047616,0.9523809523809523,1.0,0.5788251006850282,0.009528346831824679,0.10714285714285714,0.8928571428571429,1.0,0.5382685884154148,0.023820867079561697,0.19047619047619047,0.8095238095238095,1.0,0.5944518920155706
25,sunflower,brand_entity_proxy,242,227,1.0,0.04329004329004329,0.04405286343612335,0.9559471365638766,1.0,1.0,0.08658008658008658,0.0881057268722467,0.9118942731277533,1.0,1.0,0.21645021645021645,0.22026431718061673,0.7797356828193833,1.0,0.31240254936394785
26,leather chairs,attribute_constraint,3746,876,0.8532721558012799,0.0030422878004259203,0.010273972602739725,0.9897260273972602,1.0,0.9053066402442285,0.0060845756008518406,0.021689497716894976,0.978310502283105,1.0,0.897370521354334,0.015211439002129602,0.0502283105022831,0.9497716894977168,1.0,0.4348569121797291
27,outdoor welcome rug,product_type,344,100,0.5163652595098138,0.017543859649122806,0.01,0.99,0.6,0.496456471307162,0.03216374269005848,0.03,0.97,0.55,0.48297235455053006,0.07894736842105263,0.07,0.9299999999999999,0.54,-0.12485012967097937
28,rooster decor,brand_entity_proxy,725,175,1.0,0.03333333333333333,0.05714285714285714,0.9428571428571428,1.0,1.0,0.06666666666666667,0.11428571428571428,0.8857142857142857,1.0,0.9906421487163746,0.16666666666666666,0.28,0.72,1.0,0.7375925253497748
29,bathroom vanity knobs,product_type,802,138,0.17318663334822612,0.014492753623188406,0.014492753623188406,0.9855072463768116,1.0,0.14727900826106327,0.021739130434782608,0.021739130434782608,0.9782608695652174,1.0,0.15261317404236435,0.057971014492753624,0.057971014492753624,0.9420289855072463,1.0,-0.17186989584889686
30,3 1/2 inch drawer pull,multi_constraint,549,88,0.3900954117610807,0.023529411764705882,0.011363636363636364,0.9886363636363636,0.8,0.39152458614687063,0.05,0.011363636363636364,0.9886363636363636,0.85,0.44561619530962354,0.11176470588235295,0.06818181818181818,0.9318181818181819,0.76,0.7156744961606217
31,burnt orange curtains,product_type,168,1,0.6943559465628248,0.02976190476190476,0.0,1.0,0.5,0.7787676299523247,0.06547619047619048,0.0,1.0,0.55,0.865751383782762,0.11904761904761904,0.0,1.0,0.4,-0.13323467750529827
32,dark gray dresser,attribute_constraint,211,3,0.6593007041766438,0.016483516483516484,0.3333333333333333,0.6666666666666667,0.3,0.734563258401794,0.038461538461538464,0.3333333333333333,0.6666666666666667,0.35,0.8478937072384566,0.08241758241758242,0.3333333333333333,0.6666666666666667,0.3,0.565361504319568
33,non slip shower floor tile,multi_constraint,669,125,0.3496144358064094,0.012987012987012988,0.0,1.0,0.5,0.40347570294791396,0.023376623376623377,0.008,0.992,0.5,0.4772899533706016,0.05974025974025974,0.04,0.96,0.5,0.629097023226863
34,bar stool with backrest,product_type,740,374,0.45298473672387823,0.013605442176870748,0.0053475935828877,0.9946524064171123,1.0,0.5077130838637413,0.02312925170068027,0.016042780748663103,0.983957219251337,0.85,0.6192242895495306,0.06394557823129252,0.06417112299465241,0.9358288770053476,0.94,0.05021146349531123
35,enclosed shoe rack,product_type,174,51,0.3333333333333333,0.05232558139534884,0.0,1.0,0.9,0.3333333333333334,0.10465116279069768,0.0,1.0,0.9,0.4123229934514318,0.26744186046511625,0.11764705882352941,0.8823529411764706,0.92,-0.23863082714029857
36,laundry basket with wheels,product_type,157,37,0.9035650050446237,0.038461538461538464,0.13513513513513514,0.8648648648648649,0.6,0.8642633789653436,0.08333333333333333,0.2702702702702703,0.7297297297297297,0.65,0.8614527076567026,0.21153846153846154,0.5675675675675675,0.43243243243243246,0.66,0.5160985243318998
37,bar stool 24 inches height,multi_constraint,875,110,0.4826703743434503,0.010935601458080195,0.01818181818181818,0.9818181818181818,0.9,0.45200224444002873,0.02187120291616039,0.02727272727272727,0.9727272727272728,0.9,0.43920855606341713,0.05710814094775213,0.05454545454545454,0.9454545454545454,0.94,0.1907338069499403
38,calvin patio chair,product_type,255,1,1.0,0.04245283018867924,1.0,0.0,0.9,1.0,0.08490566037735849,1.0,0.0,0.9,1.0,0.19339622641509435,1.0,0.0,0.82,0.6194984283071733
39,door jewelry organizer,product_type,149,31,0.3965255762463672,0.06711409395973154,0.03225806451612903,0.967741935483871,1.0,0.37411554358535465,0.1342281879194631,0.03225806451612903,0.967741935483871,1.0,0.4714309881594391,0.33557046979865773,0.12903225806451613,0.8709677419354839,1.0,-0.08111006333593293
40,elegant executive chair,product_type,166,40,0.7659543835545644,0.06097560975609756,0.125,0.875,1.0,0.7600273172296175,0.12195121951219512,0.275,0.725,1.0,0.7406282862170048,0.29878048780487804,0.525,0.475,0.98,0.3823641401859023
41,closet pull out valet rod,multi_constraint,143,19,0.733620752410735,0.125,0.3684210526315789,0.631578947368421,1.0,0.7764877137505736,0.25,0.7368421052631579,0.26315789473684215,1.0,0.8214949470843033,0.4875,0.8421052631578947,0.1578947368421053,0.82,0.5732566852437478
42,toddler couch fold out,product_type,149,3,0.7012146951991628,0.10666666666666667,0.6666666666666666,0.33333333333333337,0.8,0.7672181929460736,0.21333333333333335,0.6666666666666666,0.33333333333333337,0.8,0.7707422923528108,0.4266666666666667,1.0,0.0,0.7,0.5460577924292489
43,solid teak end table,product_type,1231,22,0.9368077570869662,0.009514747859181731,0.4090909090909091,0.5909090909090908,1.0,0.7955418538307646,0.017126546146527116,0.5909090909090909,0.40909090909090906,1.0,0.865683063779447,0.04091341579448145,0.7727272727272727,0.2272727272727273,0.92,0.19512449704732218
44,chrome shower head and valve,multi_constraint,219,33,0.4891005388287368,0.04608294930875576,0.06060606060606061,0.9393939393939394,1.0,0.4561520626440593,0.09216589861751152,0.09090909090909091,0.9090909090909091,1.0,0.5524851248521467,0.22580645161290322,0.2727272727272727,0.7272727272727273,0.98,0.12648501898705378
45,70s inspired furniture,attribute_constraint,169,20,0.4781738085681532,0.009345794392523364,0.0,1.0,0.1,0.4723919671026346,0.018691588785046728,0.05,0.95,0.1,0.6543187845056195,0.04672897196261682,0.05,0.95,0.1,0.7111602210764792
46,beach blue headboard,attribute_constraint,104,5,0.5859240426513557,0.058823529411764705,0.4,0.6,0.6,0.6868854786457133,0.09803921568627451,0.4,0.6,0.5,0.7844694743677179,0.22549019607843138,0.6,0.4,0.48,0.1277449678649609
47,porcelain loaf pan,product_type,105,0,1.0,0.1,,,1.0,1.0,0.2,,,1.0,1.0,0.5,,,1.0,0.27296549168653
48,arwen table lamp,product_type,282,1,0.6943559465628248,0.03546099290780142,0.0,1.0,1.0,0.7787676299523247,0.07092198581560284,0.0,1.0,1.0,0.865751383782762,0.1702127659574468,0.0,1.0,0.96,0.045067783684544505
49,moen matte black hooks,attribute_constraint,135,0,1.0,0.034482758620689655,,,0.4,0.961615361834617,0.034482758620689655,,,0.2,0.9790476232781447,0.05172413793103448,,,0.12,0.476081307037615
50,tufted chair with gold legs,multi_constraint,404,28,0.3333333333333333,0.017902813299232736,0.0,1.0,0.7,0.38187784018323934,0.030690537084398978,0.0,1.0,0.6,0.47077738502921596,0.08439897698209718,0.10714285714285714,0.8928571428571429,0.66,0.22834418412820198
51,kohen 5 drawer dresser,attribute_constraint,595,1,0.8471779732814125,0.017006802721088437,1.0,0.0,1.0,0.8893838149761623,0.034013605442176874,1.0,0.0,1.0,0.932875691891381,0.08503401360544217,1.0,0.0,1.0,0.17277093750578426
52,westling coffee table,product_type,1433,0,1.0,0.007042253521126761,,,1.0,0.9626932496335552,0.013380281690140845,,,1.0,0.9796359917585232,0.03380281690140845,,,0.98,0.13760457007125818
53,carolyn console table,product_type,610,0,1.0,0.01639344262295082,,,1.0,1.0,0.03278688524590164,,,1.0,1.0,0.08196721311475409,,,1.0,
54,wayfair sleep zippered,product_type,143,5,0.5176882393520761,0.06521739130434782,0.2,0.8,0.9,0.6525451054467553,0.13043478260869565,0.4,0.6,0.9,0.7837463293284873,0.3115942028985507,0.6,0.4,0.86,0.2152466809385857
55,tollette teal outdoor rug,product_type,171,1,0.8125952066495404,0.058823529411764705,1.0,0.0,1.0,0.8643519933564188,0.11764705882352941,1.0,0.0,1.0,0.9176858378337531,0.2823529411764706,1.0,0.0,0.96,0.181843161720523
56,royal blue counter height chairs,multi_constraint,344,0,0.545155778742082,0.012987012987012988,,,0.6,0.5713427840573085,0.017316017316017316,,,0.45,0.6298148787191823,0.05627705627705628,,,0.48,-0.12462644655136955
57,jordanna solid wood rocking,attribute_constraint,1406,1,0.6166683990606046,0.015789473684210527,1.0,0.0,0.8,0.5528335739539151,0.021052631578947368,1.0,0.0,0.65,0.4280929667278577,0.06315789473684211,1.0,0.0,0.68,-0.010489596355826638
58,medium size chandelier,product_type,164,63,0.6384239897199767,0.030864197530864196,0.031746031746031744,0.9682539682539683,0.5,0.6277205730532431,0.043209876543209874,0.047619047619047616,0.9523809523809523,0.35,0.5826169967191939,0.1111111111111111,0.15873015873015872,0.8412698412698413,0.36,0.10739834813182733
59,broadway lever,brand_entity_proxy,165,43,1.0,0.06451612903225806,0.23255813953488372,0.7674418604651163,1.0,1.0,0.12903225806451613,0.46511627906976744,0.5348837209302326,1.0,0.9793368219033296,0.3225806451612903,0.9534883720930233,0.046511627906976716,1.0,0.7378920431148974
60,capricorn chest,brand_entity_proxy,332,3,0.4531248358056659,0.021604938271604937,0.3333333333333333,0.6666666666666667,1.0,0.6155903478799399,0.04938271604938271,0.6666666666666666,0.33333333333333337,0.95,0.7122397437464205,0.12962962962962962,0.6666666666666666,0.33333333333333337,0.96,-0.04340609609043499
61,overstreet rustic pub stools,style,162,1,0.6943559465628248,0.037037037037037035,0.0,1.0,0.6,0.7787676299523247,0.06172839506172839,0.0,1.0,0.5,0.865751383782762,0.12345679012345678,0.0,1.0,0.4,-0.03960397767832607
62,7qt slow cooker,attribute_constraint,157,9,0.7256885973120112,0.06756756756756757,0.4444444444444444,0.5555555555555556,1.0,0.8056127775358032,0.13513513513513514,0.5555555555555556,0.4444444444444444,1.0,0.8759156824349696,0.33783783783783783,0.6666666666666666,0.33333333333333337,1.0,0.4154777576900974
63,monthly calendar,brand_entity_proxy,115,72,0.8551595247651802,0.09433962264150944,0.1111111111111111,0.8888888888888888,1.0,0.8358431329079478,0.18867924528301888,0.20833333333333334,0.7916666666666666,1.0,0.821540357505247,0.46226415094339623,0.4861111111111111,0.5138888888888888,0.98,0.34128900927386585
64,zachary 72.5,attribute_constraint,77,1,0.6501804739518687,0.0,0.0,1.0,0.0,0.7467923816404617,0.013513513513513514,0.0,1.0,0.05,0.8590809228365415,0.013513513513513514,0.0,1.0,0.02,0.009845346355171184
65,gnome fairy garden,product_type,156,38,0.5975945819343397,0.06535947712418301,0.07894736842105263,0.9210526315789473,1.0,0.5254377754092252,0.13071895424836602,0.10526315789473684,0.8947368421052632,1.0,0.5749448095331535,0.32679738562091504,0.2894736842105263,0.7105263157894737,1.0,0.013144963868826503
66,novara pergola,brand_entity_proxy,69,1,1.0,0.15625,1.0,0.0,1.0,1.0,0.3125,1.0,0.0,1.0,1.0,0.78125,1.0,0.0,1.0,0.4883741565338878
67,osgood mirror,product_type,587,0,1.0,0.01984126984126984,,,1.0,1.0,0.03968253968253968,,,1.0,1.0,0.0992063492063492,,,1.0,0.4715242616922746
68,nautical platters,brand_entity_proxy,204,89,0.6350677584671,0.05952380952380952,0.06741573033707865,0.9325842696629214,1.0,0.6459072606951815,0.11904761904761904,0.12359550561797752,0.8764044943820225,1.0,0.7062249768961821,0.2976190476190476,0.34831460674157305,0.651685393258427,1.0,0.5291127938199407
69,wall sconce with usb port,multi_constraint,235,13,0.5323266901845036,0.04975124378109453,0.15384615384615385,0.8461538461538461,1.0,0.5493934624458098,0.08955223880597014,0.23076923076923078,0.7692307692307692,1.0,0.6840212528821816,0.21393034825870647,0.38461538461538464,0.6153846153846154,0.92,0.28612571925099495
70,annex dresser,product_type,504,1,1.0,0.019880715705765408,1.0,0.0,1.0,1.0,0.039761431411530816,1.0,0.0,1.0,1.0,0.09940357852882704,1.0,0.0,1.0,0.10845970060145103
71,infant girl crib bedding,product_type,139,47,0.6782422418267581,0.07246376811594203,0.0851063829787234,0.9148936170212766,1.0,0.6550929123828523,0.13043478260869565,0.1702127659574468,0.8297872340425532,0.9,0.6693441609935105,0.32608695652173914,0.44680851063829785,0.5531914893617021,0.9,0.18821224816867052
72,fold in half table,product_type,174,85,0.9432379215722527,0.06134969325153374,0.10588235294117647,0.8941176470588236,1.0,0.9633676079520094,0.12269938650306748,0.2235294117647059,0.7764705882352941,1.0,0.9103393444278516,0.3067484662576687,0.49411764705882355,0.5058823529411764,1.0,0.6485788896340711
73,certified international melamine,product_type,181,0,1.0,0.050314465408805034,,,0.8,1.0,0.1069182389937107,,,0.85,1.0,0.27044025157232704,,,0.86,0.5381471233731342
74,serta kleinmon,brand_entity_proxy,87,3,0.8537734946610436,0.10714285714285714,1.0,0.0,0.9,0.8860758223210732,0.19047619047619047,1.0,0.0,0.8,0.9036651946199509,0.2857142857142857,1.0,0.0,0.48,0.23528734997064257
75,sheffield home bath set,product_type,231,4,0.42999944008829655,0.021897810218978103,0.0,1.0,0.3,0.5727514122714648,0.029197080291970802,0.0,1.0,0.25,0.721424496849933,0.10218978102189781,0.25,0.75,0.3,0.6017251264748011
76,46 inch closet door,attribute_constraint,135,2,0.4556350489226688,0.09090909090909091,0.0,1.0,0.7,0.46341908914302626,0.16363636363636364,0.0,1.0,0.65,0.4994666325717854,0.32727272727272727,0.0,1.0,0.6,0.4281897521593493
77,sancroft armchair,brand_entity_proxy,661,1,0.6943559465628248,0.01059001512859304,0.0,1.0,0.7,0.7787676299523247,0.019667170953101363,0.0,1.0,0.65,0.865751383782762,0.048411497730711045,0.0,1.0,0.64,-0.007751777334944368
78,dorel vanity,brand_entity_proxy,948,3,0.5159958223394444,0.011723329425556858,0.0,1.0,1.0,0.6229152997582164,0.023446658851113716,0.0,1.0,1.0,0.7516339866803449,0.05861664712778429,0.0,1.0,1.0,0.40160784022801754
79,palram harmony greenhouses,product_type,122,0,1.0,0.09523809523809523,,,1.0,0.9271832397251409,0.17142857142857143,,,1.0,0.9441247427457263,0.4380952380952381,,,0.98,0.3323476160154262
80,7 draw white dresser,attribute_constraint,198,39,0.5021969360736879,0.04591836734693878,0.07692307692307693,0.9230769230769231,0.9,0.5599812624027735,0.08673469387755102,0.15384615384615385,0.8461538461538461,0.85,0.6241261018289099,0.20918367346938777,0.41025641025641024,0.5897435897435898,0.82,0.27205275987820965
81,orren ellis l shape desk,multi_constraint,233,75,0.37962081462451813,0.045662100456621,0.013333333333333334,0.9866666666666667,1.0,0.4786605587232025,0.091324200913242,0.08,0.92,1.0,0.493170873213451,0.2146118721461187,0.18666666666666668,0.8133333333333334,0.94,0.15814310691313357
82,bathroom vanity with counter space,multi_constraint,668,53,0.5747405489838048,0.012232415902140673,0.03773584905660377,0.9622641509433962,0.8,0.5110396483751604,0.027522935779816515,0.05660377358490566,0.9433962264150944,0.9,0.4775082945372781,0.07339449541284404,0.1320754716981132,0.8679245283018868,0.96,0.14854187480605222
83,wall art fiji,product_type,103,0,0.77990823370192,0.010309278350515464,,,0.2,0.8579599603663427,0.010309278350515464,,,0.1,0.9224669929889917,0.05154639175257732,,,0.12,0.24118954503688858
84,full metal bed rose gold,multi_constraint,299,1,0.6285390820978636,0.03349282296650718,0.0,1.0,0.8,0.6757524222552181,0.06220095693779904,0.0,1.0,0.75,0.7395016402140446,0.13875598086124402,0.0,1.0,0.66,0.4259610411747934
85,3/4 size mattress,attribute_constraint,152,0,1.0,0.02830188679245283,,,0.3,1.0,0.03773584905660377,,,0.2,1.0,0.11320754716981132,,,0.24,0.7957163590675893
86,aloe vera plant pot,product_type,142,15,0.5921500985476691,0.07246376811594203,0.26666666666666666,0.7333333333333334,1.0,0.6171418479293687,0.14492753623188406,0.4,0.6,1.0,0.8043140160178599,0.36231884057971014,0.8,0.19999999999999996,1.0,0.42067928790668974
87,vlad modular sectional,product_type,221,0,1.0,0.04524886877828054,,,1.0,1.0,0.08597285067873303,,,0.95,1.0,0.2171945701357466,,,0.96,
88,rose gold lounge,attribute_constraint,159,1,0.3730707692847764,0.037037037037037035,0.0,1.0,0.8,0.546213845800197,0.08333333333333333,0.0,1.0,0.65,0.6733397194155168,0.2037037037037037,0.0,1.0,0.52,0.3380728790781172
89,whimsical solar lights,product_type,142,68,0.6761242428384994,0.07407407407407407,0.07352941176470588,0.9264705882352942,1.0,0.6952880349778519,0.14074074074074075,0.16176470588235295,0.8382352941176471,0.95,0.7134208197037237,0.34814814814814815,0.39705882352941174,0.6029411764705883,0.94,0.23877196476657406
90,filaret outdoor sofa,product_type,242,0,1.0,0.03319502074688797,,,0.8,1.0,0.06639004149377593,,,0.8,1.0,0.15352697095435686,,,0.74,0.01798063623789765
91,industrial pipe dining  table,style,686,8,0.3649302102017378,0.014925373134328358,0.0,1.0,1.0,0.504460346177821,0.029850746268656716,0.125,0.875,1.0,0.6615859166384619,0.07313432835820896,0.25,0.75,0.98,0.2680148026674647
92,antique silver entry table,attribute_constraint,170,0,0.88995411685096,0.018072289156626505,,,0.4,0.9289799801831714,0.024096385542168676,,,0.25,0.9612334964944959,0.03614457831325301,,,0.14,0.03637667563196136
93,outdoor sectional dining,product_type,233,58,0.3333333333333333,0.00904977375565611,0.0,1.0,0.2,0.40576321384844394,0.03167420814479638,0.0,1.0,0.35,0.4644680422331925,0.06334841628959276,0.017241379310344827,0.9827586206896551,0.28,0.16128224515156492
94,kohler whitehaven farmhouse kitchen sink,style,197,4,0.5500559001289844,0.06666666666666667,0.25,0.75,1.0,0.6424126442951291,0.13333333333333333,0.25,0.75,1.0,0.7787340373485224,0.3333333333333333,0.5,0.5,1.0,0.5837229181190803
95,entertainment stand end table,product_type,820,49,0.3333333333333333,0.00245398773006135,0.0,1.0,0.2,0.3333333333333334,0.006134969325153374,0.0,1.0,0.25,0.34713648397600994,0.025766871165644172,0.0,1.0,0.42,-0.03653347164987613
96,bar room wall decor,product_type,384,75,0.9074250374176304,0.028368794326241134,0.09333333333333334,0.9066666666666666,0.8,0.8967863007205065,0.06028368794326241,0.21333333333333335,0.7866666666666666,0.85,0.7616594734066658,0.1276595744680851,0.29333333333333333,0.7066666666666667,0.72,0.6269822759913677
97,regner power loom red,attribute_constraint,197,1,0.6943559465628248,0.04081632653061224,0.0,1.0,0.8,0.8291356586608952,0.061224489795918366,0.0,1.0,0.6,0.8963157996241624,0.10714285714285714,1.0,0.0,0.42,0.031006298639134355
98,gracie oaks 62 oller 14 ceiling fan,multi_constraint,124,0,1.0,0.08849557522123894,,,1.0,1.0,0.17699115044247787,,,1.0,1.0,0.4424778761061947,,,1.0,0.44889773147324064
99,arched christmas tree,product_type,121,0,1.0,0.09009009009009009,,,1.0,1.0,0.18018018018018017,,,1.0,1.0,0.43243243243243246,,,0.96,0.4640367271914403
100,tufted upholstered bed diamond,product_type,887,211,0.8606337550063157,0.012315270935960592,0.03317535545023697,0.966824644549763,1.0,0.8197486131214874,0.024630541871921183,0.061611374407582936,0.9383886255924171,1.0,0.7585915254278354,0.059113300492610835,0.12796208530805686,0.8720379146919431,0.96,0.42335139648121184
101,48 in entry table with side by side drawer,long_descriptive,283,4,0.42999944008829655,0.03088803088803089,0.0,1.0,0.9,0.5074236033980654,0.05791505791505792,0.0,1.0,0.85,0.6020310980327068,0.0888030888030888,0.0,1.0,0.56,-0.12776313724910968
102,flamingo,brand_entity_proxy,68,57,1.0,0.17543859649122806,0.17543859649122806,0.8245614035087719,1.0,1.0,0.3508771929824561,0.3508771929824561,0.6491228070175439,1.0,0.9692166913457136,0.8070175438596491,0.8070175438596491,0.19298245614035092,0.96,0.5218939655802386
103,kitchen anti fatigue mats,product_type,368,230,0.9432379215722527,0.027247956403269755,0.0391304347826087,0.9608695652173913,1.0,0.8652162987671332,0.05449591280653951,0.06521739130434782,0.9347826086956522,1.0,0.8142311729390499,0.1362397820163488,0.14782608695652175,0.8521739130434782,1.0,0.2339331497033991
104,flour and sugar containers,product_type,179,12,0.48006117753205346,0.056179775280898875,0.08333333333333333,0.9166666666666666,1.0,0.6706501708054039,0.10112359550561797,0.4166666666666667,0.5833333333333333,0.9,0.7794246378266354,0.24157303370786518,0.5833333333333334,0.41666666666666663,0.86,0.16809534166990284
105,outdoor movie screen,product_type,149,62,1.0,0.07352941176470588,0.16129032258064516,0.8387096774193549,1.0,1.0,0.14705882352941177,0.3225806451612903,0.6774193548387097,1.0,0.8944676420489924,0.34558823529411764,0.6290322580645161,0.3709677419354839,0.98,0.6169062280082277
106,bed risers,product_type,2245,36,1.0,0.10526315789473684,0.2777777777777778,0.7222222222222222,1.0,0.975128833089037,0.21052631578947367,0.5277777777777778,0.4722222222222222,1.0,0.8859424454243916,0.4105263157894737,0.8888888888888888,0.11111111111111116,1.0,0.10113405167711838
107,front porch furniture sets,product_type,309,43,0.45298473672387823,0.0165016501650165,0.023255813953488372,0.9767441860465116,0.5,0.5243028534893709,0.033003300330033,0.046511627906976744,0.9534883720930233,0.5,0.49903297457337903,0.0627062706270627,0.16279069767441862,0.8372093023255813,0.38,0.13931401085825737
108,ayesha curry kitchen,product_type,131,81,1.0,0.07936507936507936,0.12345679012345678,0.8765432098765432,1.0,1.0,0.15873015873015872,0.24691358024691357,0.7530864197530864,1.0,0.9457046660045221,0.3888888888888889,0.5555555555555556,0.4444444444444444,1.0,0.6338496883833221
109,hillsby oriental rug,product_type,247,39,0.9575861412006988,0.04048582995951417,0.23076923076923078,0.7692307692307692,1.0,0.9477563134977776,0.08097165991902834,0.46153846153846156,0.5384615384615384,1.0,0.9383235325405603,0.20242914979757085,0.8974358974358975,0.10256410256410253,1.0,0.5758377931137437
110,mila task chair,product_type,348,0,1.0,0.02881844380403458,,,1.0,1.0,0.05763688760806916,,,1.0,1.0,0.138328530259366,,,0.96,0.09271455408231195
111,delta trinsic,brand_entity_proxy,161,69,1.0,0.05806451612903226,0.13043478260869565,0.8695652173913043,0.9,1.0,0.0967741935483871,0.21739130434782608,0.782608695652174,0.75,0.9628109999683182,0.2129032258064516,0.4782608695652174,0.5217391304347826,0.66,0.7788360212030903
112,pineapple,brand_entity_proxy,271,266,1.0,0.03759398496240601,0.03759398496240601,0.9624060150375939,1.0,1.0,0.07518796992481203,0.07518796992481203,0.924812030075188,1.0,1.0,0.18796992481203006,0.18796992481203006,0.8120300751879699,1.0,0.17700675751508813
113,led light strip,product_type,432,75,1.0,0.026455026455026454,0.13333333333333333,0.8666666666666667,1.0,0.9768332182007543,0.05291005291005291,0.25333333333333335,0.7466666666666666,1.0,0.9873543385351338,0.13227513227513227,0.6533333333333333,0.3466666666666667,1.0,0.7206431727365049
114,geralyn upholstered storage platform bed,multi_constraint,1252,3,0.6295622542805632,0.008136696501220505,0.3333333333333333,0.6666666666666667,1.0,0.711394213624285,0.01627339300244101,0.3333333333333333,0.6666666666666667,1.0,0.8099104298393442,0.03986981285598047,0.3333333333333333,0.6666666666666667,0.98,0.016339176233358156
115,peacock,brand_entity_proxy,224,202,1.0,0.04878048780487805,0.04950495049504951,0.9504950495049505,1.0,1.0,0.0975609756097561,0.09900990099009901,0.900990099009901,1.0,1.0,0.24390243902439024,0.24752475247524752,0.7524752475247525,1.0,0.3603213081343098
116,brockham solid blackout thermal grommet curtain panels,multi_constraint,595,0,1.0,0.01721170395869191,,,1.0,1.0,0.03442340791738382,,,1.0,1.0,0.08605851979345955,,,1.0,0.26047480746590024
117,tall storage cabinet,attribute_constraint,430,128,0.6795457322063619,0.004750593824228029,0.0078125,0.9921875,0.2,0.6992005376106906,0.026128266033254157,0.046875,0.953125,0.55,0.7080934502560755,0.07600950118764846,0.1484375,0.8515625,0.64,0.3083559911415872
118,body pillow case,product_type,216,94,1.0,0.046296296296296294,0.10638297872340426,0.8936170212765957,1.0,0.9744102412230782,0.09259259259259259,0.20212765957446807,0.7978723404255319,1.0,0.9489913496677932,0.2175925925925926,0.46808510638297873,0.5319148936170213,0.94,0.5512689115942144
119,welcome sign,brand_entity_proxy,441,158,0.5879735581055491,0.0273972602739726,0.02531645569620253,0.9746835443037974,1.0,0.5483213900353917,0.0547945205479452,0.0379746835443038,0.9620253164556962,1.0,0.5309877737786364,0.13424657534246576,0.08860759493670886,0.9113924050632911,0.98,0.13150456718839246
120,zodiac pillow,brand_entity_proxy,979,33,0.8532721558012799,0.012077294685990338,0.2727272727272727,0.7272727272727273,1.0,0.860074439539739,0.024154589371980676,0.5151515151515151,0.48484848484848486,1.0,0.8460143061420009,0.057971014492753624,0.7878787878787878,0.21212121212121215,0.98,0.5396506500793051
121,upholstered bed,product_type,2977,726,1.0,0.006165228113440197,0.013774104683195593,0.9862258953168044,1.0,0.967135029432423,0.011713933415536375,0.026170798898071626,0.9738292011019284,1.0,0.9217625670415237,0.028976572133168926,0.06060606060606061,0.9393939393939394,1.0,0.6156838302209996
122,king size bed,attribute_constraint,448,375,1.0,0.01904761904761905,0.021333333333333333,0.9786666666666667,0.8,0.9744102412230782,0.04285714285714286,0.04533333333333334,0.9546666666666667,0.9,0.92441103368377,0.09523809523809523,0.096,0.904,0.84,-0.00044668616016682155
123,entrance table,product_type,4329,187,0.31280477890197517,0.0017543859649122807,0.016042780748663103,0.983957219251337,1.0,0.2246032121067603,0.002631578947368421,0.016042780748663103,0.983957219251337,1.0,0.3055769248962199,0.010526315789473684,0.06417112299465241,0.9358288770053476,1.0,0.12696146499560404
124,unique coffee tables,product_type,1467,324,0.465637996781924,0.006191950464396285,0.012345679012345678,0.9876543209876543,1.0,0.4540303927450326,0.013157894736842105,0.018518518518518517,0.9814814814814815,1.0,0.44271202172949553,0.032507739938080496,0.040123456790123455,0.9598765432098766,1.0,-0.007437016892221642
125,boho bed frame,product_type,283,1,0.8726483110678437,0.008,1.0,0.0,0.2,0.8527265203321447,0.016,1.0,0.0,0.25,0.8853924787249484,0.04,1.0,0.0,0.26,0.1778612287135652
126,leather dining chairs,attribute_constraint,719,241,1.0,0.014749262536873156,0.04149377593360996,0.9585062240663901,1.0,0.9763266600610571,0.029498525073746312,0.07883817427385892,0.9211618257261411,1.0,0.9490125868840716,0.06932153392330384,0.17842323651452283,0.8215767634854771,0.94,0.5851695329188129
127,wine bar,brand_entity_proxy,1580,159,0.806984674510095,0.035842293906810034,0.050314465408805034,0.949685534591195,1.0,0.8754342111764473,0.07168458781362007,0.11320754716981132,0.8867924528301887,1.0,0.8909735848812896,0.17921146953405018,0.27672955974842767,0.7232704402515724,1.0,0.5699453305508325
128,block coffee table,product_type,1455,113,0.7685761836629531,0.007326007326007326,0.05309734513274336,0.9469026548672567,1.0,0.8037004517837318,0.014652014652014652,0.12389380530973451,0.8761061946902655,1.0,0.7460236475246761,0.03663003663003663,0.25663716814159293,0.7433628318584071,1.0,0.22186008935810997
129,wainscoting ideas,brand_entity_proxy,185,28,0.5726361401144231,0.10526315789473684,0.07142857142857142,0.9285714285714286,1.0,0.649234767364256,0.1368421052631579,0.10714285714285714,0.8928571428571429,0.65,0.7346955643568016,0.24210526315789474,0.42857142857142855,0.5714285714285714,0.46,0.3878754971007777
130,entertainment console,brand_entity_proxy,875,187,0.31212640393368274,0.010368663594470046,0.0,1.0,0.9,0.3196470735377037,0.019585253456221197,0.0,1.0,0.9,0.3560634414090072,0.05069124423963134,0.016042780748663103,0.983957219251337,0.9,-0.026693066821718934
131,kids chair,product_type,3479,173,0.8900917305098635,0.00497787610619469,0.046242774566473986,0.953757225433526,1.0,0.8943186188464612,0.00995575221238938,0.09826589595375723,0.9017341040462428,1.0,0.8302999910384253,0.02101769911504425,0.2138728323699422,0.7861271676300579,0.94,0.30130142877592636
132,farmhouse cabinet,style,1260,42,0.36520829737406413,0.008460236886632826,0.047619047619047616,0.9523809523809523,0.8,0.368117386555987,0.018612521150592216,0.11904761904761904,0.8809523809523809,0.75,0.40874761580737007,0.038917089678511,0.21428571428571427,0.7857142857142857,0.66,0.3513659832704185
133,outdoor light fixtures,product_type,227,170,0.9477344873475497,0.05,0.052941176470588235,0.9470588235294117,1.0,0.9662695446835886,0.1,0.11176470588235295,0.888235294117647,1.0,0.9471800549993347,0.22,0.24705882352941178,0.7529411764705882,0.9,0.37368875828501497
134,black hanging bookshelf,attribute_constraint,150,3,0.5159958223394444,0.03278688524590164,0.0,1.0,0.4,0.6229152997582164,0.07377049180327869,0.0,1.0,0.45,0.776430153274753,0.20491803278688525,0.3333333333333333,0.6666666666666667,0.5,0.6371212916584887
135,low profile loveseat recliner,product_type,552,10,0.5624644609280969,0.05405405405405406,0.3,0.7,0.8,0.612903877357953,0.10135135135135136,0.3,0.7,0.8,0.7665262776885639,0.21621621621621623,0.4,0.6,0.68,0.7390644129751887
136,black fluffy stool,attribute_constraint,166,0,0.9363792118010483,0.024242424242424242,,,0.4,0.9589412206131108,0.05454545454545454,,,0.45,0.9775879347944593,0.10909090909090909,,,0.38,-0.11940864833907133
137,orren ellis l shaped desk,multi_constraint,233,80,0.4264120970358327,0.04926108374384237,0.025,0.975,1.0,0.5311355772155384,0.09359605911330049,0.0875,0.9125,0.95,0.5322766631958624,0.19704433497536947,0.175,0.825,0.8,0.15409063753344654
138,glass doors for bath,product_type,172,142,1.0,0.06535947712418301,0.07042253521126761,0.9295774647887324,1.0,1.0,0.13071895424836602,0.14084507042253522,0.8591549295774648,1.0,1.0,0.32679738562091504,0.352112676056338,0.647887323943662,1.0,0.41476082067597714
139,auburn throw pillows,product_type,339,0,0.7162874455029682,0.0321285140562249,,,1.0,0.7498127171322653,0.0642570281124498,,,1.0,0.7856947985349308,0.1566265060240964,,,0.96,0.08293696983320224
140,wire basket with dividers,product_type,131,3,0.8147811271402815,0.08,0.6666666666666666,0.33333333333333337,1.0,0.8556971068121424,0.16,0.6666666666666666,0.33333333333333337,1.0,0.8930787644418164,0.392,0.6666666666666666,0.33333333333333337,1.0,0.2197790019442383
141,podium with locking cabinet,product_type,161,3,0.5891090750089226,0.2222222222222222,0.3333333333333333,0.6666666666666667,0.9,0.6124913972092312,0.4166666666666667,0.3333333333333333,0.6666666666666667,0.95,0.690126502873347,0.6666666666666666,0.3333333333333333,0.6666666666666667,0.7,0.5802440057577055
142,kitchen wooden stand,attribute_constraint,203,5,0.32779394263500067,0.013333333333333334,0.0,1.0,0.4,0.3577660622223575,0.04,0.2,0.8,0.3,0.43479996169891993,0.10666666666666667,0.2,0.8,0.32,0.4322399533705786
143,queen wingback chair,attribute_constraint,244,3,0.5159958223394444,0.04739336492890995,0.0,1.0,1.0,0.6012688855148508,0.09004739336492891,0.0,1.0,1.0,0.6934501371649718,0.2132701421800948,0.0,1.0,0.98,0.13147718452855775
144,rug plum,product_type,1423,116,0.9510907186004265,0.007558578987150416,0.07758620689655173,0.9224137931034483,1.0,0.9684355467480761,0.015117157974300832,0.16379310344827586,0.8362068965517242,1.0,0.9827704428864427,0.03779289493575208,0.4224137931034483,0.5775862068965517,1.0,0.3480258851348803
145,liberty hardware francisco,product_type,143,32,0.38012461574464784,0.06153846153846154,0.0625,0.9375,0.9,0.44434253683313596,0.08461538461538462,0.0625,0.9375,0.6,0.5779001704926402,0.14615384615384616,0.1875,0.8125,0.42,0.10522667842585494
146,laundry vanity cabinet,product_type,111,4,0.5322996497667225,0.02727272727272727,0.0,1.0,0.3,0.6283010899573902,0.03636363636363636,0.0,1.0,0.2,0.7711178392033298,0.06363636363636363,0.0,1.0,0.14,0.08398712550711895
147,drum picture,brand_entity_proxy,425,12,0.9363792118010482,0.12162162162162163,0.75,0.25,0.9,0.7548754952209944,0.12162162162162163,0.75,0.25,0.8,0.6061792679955922,0.16216216216216217,0.75,0.25,0.78,0.07229992686254195
148,industrial,style,249,194,0.92663607790064,0.01015228426395939,0.010309278350515464,0.9896907216494846,0.2,0.9526533201221142,0.015228426395939087,0.015463917525773196,0.9845360824742269,0.15,0.9486325782760052,0.02030456852791878,0.020618556701030927,0.979381443298969,0.08,0.3252386583546361
149,mid century modern,style,173,155,0.9575861412006988,0.03550295857988166,0.03870967741935484,0.9612903225806452,0.6,0.9726274804087407,0.05917159763313609,0.05806451612903226,0.9419354838709677,0.5,0.9534296998437237,0.11242603550295859,0.11612903225806452,0.8838709677419355,0.38,0.09314954550828256
150,dumbbells,brand_entity_proxy,54,21,1.0,0.47619047619047616,0.47619047619047616,0.5238095238095238,1.0,0.8257900054563001,0.7142857142857143,0.7142857142857143,0.2857142857142857,1.0,0.97428142930565,0.9047619047619048,0.9047619047619048,0.09523809523809523,0.52,0.7031541489634316
151,leather chair,attribute_constraint,3042,630,0.8988252059479763,0.003185840707964602,0.011111111111111112,0.9888888888888889,0.9,0.9347050914316648,0.006371681415929204,0.025396825396825397,0.9746031746031746,0.9,0.814373074640737,0.01415929203539823,0.044444444444444446,0.9555555555555556,0.8,0.4766050783790785
152,wishbone chair,product_type,3286,46,0.4066972554326934,0.0028337531486146094,0.021739130434782608,0.9782608695652174,0.9,0.4049175385369117,0.005667506297229219,0.043478260869565216,0.9565217391304348,0.9,0.40766992251014544,0.014168765743073047,0.08695652173913043,0.9130434782608696,0.9,0.21406362600997209
153,bohemian,style,178,145,0.9432379215722527,0.06535947712418301,0.06206896551724138,0.9379310344827586,1.0,0.9633676079520094,0.0915032679738562,0.0896551724137931,0.9103448275862069,0.7,0.9389841781998505,0.1503267973856209,0.15172413793103448,0.8482758620689655,0.46,0.31536277989487727
155,floating bed,product_type,2376,8,0.579111902305285,0.00471253534401508,0.25,0.75,1.0,0.649415056190383,0.008953817153628653,0.25,0.75,0.95,0.7481207609849218,0.020735155513666354,0.25,0.75,0.88,0.3827183577051775
156,papasan chair frame only,product_type,150,19,0.6194274225257378,0.09259259259259259,0.21052631578947367,0.7894736842105263,1.0,0.6029886519290729,0.18518518518518517,0.3684210526315789,0.631578947368421,1.0,0.7452677565235921,0.4074074074074074,0.5789473684210527,0.42105263157894735,0.88,0.61776635036119
157,velvet chaise,brand_entity_proxy,1085,51,0.5804236790276114,0.016544117647058824,0.09803921568627451,0.9019607843137255,1.0,0.5639370618327697,0.034926470588235295,0.1568627450980392,0.8431372549019608,1.0,0.527345616626892,0.08823529411764706,0.29411764705882354,0.7058823529411764,1.0,0.3774146088563946
158,led nightstand,brand_entity_proxy,834,44,1.0,0.013140604467805518,0.22727272727272727,0.7727272727272727,1.0,1.0,0.026281208935611037,0.45454545454545453,0.5454545454545454,1.0,0.922969647603149,0.0657030223390276,0.8409090909090909,0.15909090909090906,1.0,0.39603592274517013
159,meditation,brand_entity_proxy,122,93,0.9216017310213247,0.09375,0.0967741935483871,0.9032258064516129,1.0,0.949404317025383,0.1875,0.1935483870967742,0.8064516129032258,0.95,0.9494588086863349,0.4791666666666667,0.4838709677419355,0.5161290322580645,0.94,0.49917798251719975
160,marble,brand_entity_proxy,242,226,1.0,0.034934497816593885,0.035398230088495575,0.9646017699115044,0.8,1.0,0.07860262008733625,0.07964601769911504,0.9203539823008849,0.9,1.0,0.17903930131004367,0.18141592920353983,0.8185840707964602,0.82,0.3484520057159758
161,accent chair recliner,product_type,205,38,0.6842855313030094,0.009950248756218905,0.02631578947368421,0.9736842105263158,0.2,0.6529895581721576,0.029850746268656716,0.07894736842105263,0.9210526315789473,0.3,0.6726045673383917,0.06467661691542288,0.15789473684210525,0.8421052631578947,0.26,0.31398107257994223
162,turquoise chair,product_type,3354,23,0.3072005770071082,0.0015812776723592662,0.0,1.0,0.5,0.3164681056751277,0.003478810879190386,0.0,1.0,0.6,0.4430836725748306,0.010752688172043012,0.0,1.0,0.7,0.2712937454149027
163,dual monitor stand,product_type,94,47,0.9575861412006988,0.10752688172043011,0.19148936170212766,0.8085106382978724,1.0,0.9726274804087407,0.21505376344086022,0.40425531914893614,0.5957446808510638,1.0,0.91945925055194,0.5053763440860215,0.8085106382978723,0.19148936170212771,0.94,0.6667875285271015
164,modern outdoor furniture,style,195,128,0.8611375561264455,0.022222222222222223,0.0234375,0.9765625,0.4,0.8665321911079676,0.022222222222222223,0.0234375,0.9765625,0.2,0.8663689036652458,0.05555555555555555,0.0625,0.9375,0.2,0.27664409765819914
165,kitchen storage shelves,product_type,193,69,0.9537125187088151,0.05235602094240838,0.13043478260869565,0.8695652173913043,1.0,0.9227232638072806,0.07853403141361257,0.18840579710144928,0.8115942028985508,0.75,0.8485359468030419,0.17277486910994763,0.37681159420289856,0.6231884057971014,0.66,0.5460652919803829
166,feather wall art,product_type,111,26,0.9432379215722527,0.09174311926605505,0.34615384615384615,0.6538461538461539,1.0,0.9310293168036896,0.14678899082568808,0.5769230769230769,0.42307692307692313,0.8,0.9605345477204378,0.24770642201834864,0.8461538461538461,0.15384615384615385,0.56,0.61044987893897
167,camper,brand_entity_proxy,136,87,1.0,0.10344827586206896,0.10344827586206896,0.896551724137931,0.9,1.0,0.20689655172413793,0.20689655172413793,0.7931034482758621,0.9,1.0,0.47126436781609193,0.47126436781609193,0.5287356321839081,0.82,0.7987846292754861
168,printers,brand_entity_proxy,68,0,1.0,0.20833333333333334,,,1.0,0.9652498273011313,0.3958333333333333,,,1.0,0.9779919733819128,0.8125,,,0.82,0.6922694326179849
169,coffee bar buffet,product_type,126,27,0.49102407220146005,0.032,0.037037037037037035,0.962962962962963,0.5,0.48010209644714286,0.056,0.1111111111111111,0.8888888888888888,0.4,0.6700726490970382,0.12,0.14814814814814814,0.8518518518518519,0.32,0.2447620229466079
170,zen,brand_entity_proxy,127,99,0.8899541168509599,0.09,0.09090909090909091,0.9090909090909091,1.0,0.8966416890348515,0.18,0.18181818181818182,0.8181818181818181,1.0,0.9297726303383681,0.45,0.45454545454545453,0.5454545454545454,0.94,0.49689675572640685
171,nectar queen mattress,attribute_constraint,99,0,1.0,0.050505050505050504,,,0.5,1.0,0.10101010101010101,,,0.5,1.0,0.15151515151515152,,,0.3,
172,picasso,brand_entity_proxy,59,42,1.0,0.23809523809523808,0.23809523809523808,0.7619047619047619,1.0,1.0,0.47619047619047616,0.47619047619047616,0.5238095238095238,1.0,0.9467642113159302,0.7619047619047619,0.7619047619047619,0.23809523809523814,0.68,0.5933564385999783
173,bedroom accessories,brand_entity_proxy,316,4,0.20407040400242502,0.004901960784313725,0.0,1.0,0.1,0.26626179502187736,0.004901960784313725,0.0,1.0,0.05,0.45008629335346284,0.004901960784313725,0.0,1.0,0.02,0.21437222198104502
174,star wars rug,product_type,90,0,0.0,0.0,,,0.2,0.0,0.0,,,0.15,0.2623822307006402,0.0,,,0.18,0.03912487307933384
175,basket planter,brand_entity_proxy,564,70,0.9537125187088151,0.033003300330033,0.12857142857142856,0.8714285714285714,1.0,0.9082148429532609,0.0627062706270627,0.24285714285714285,0.7571428571428571,1.0,0.7557929279103738,0.1254125412541254,0.4714285714285714,0.5285714285714286,0.98,0.21049921857006634
176,mexican art,brand_entity_proxy,397,23,0.9575861412006988,0.02544529262086514,0.391304347826087,0.6086956521739131,1.0,0.8085766187816387,0.04071246819338423,0.4782608695652174,0.5217391304347826,0.8,0.9123883114757497,0.07888040712468193,0.7391304347826086,0.26086956521739135,0.62,0.3657092732169439
177,rustic storage cabinet,style,378,16,0.5224750363313546,0.015915119363395226,0.0625,0.9375,0.6,0.5766143175573485,0.034482758620689655,0.125,0.875,0.65,0.6897995946074215,0.10079575596816977,0.3125,0.6875,0.76,0.18188780040358357
178,almost heaven sauna,product_type,74,24,0.5052502493763285,0.18867924528301888,0.125,0.875,1.0,0.5377476376128034,0.37735849056603776,0.2916666666666667,0.7083333333333333,1.0,0.7968605387380393,0.9433962264150944,0.9166666666666666,0.08333333333333337,1.0,0.5437638923995659
179,promo codes or discounts,product_type,1,0,1.0,0.0,,,0.0,1.0,0.0,,,0.0,1.0,0.0,,,0.0,
180,outdoor lounge cushions,product_type,403,72,0.7713210055292574,0.01990049751243781,0.06944444444444445,0.9305555555555556,0.9,0.7322177037515181,0.03980099502487562,0.1111111111111111,0.8888888888888888,0.85,0.6435425544890322,0.09701492537313433,0.2361111111111111,0.7638888888888888,0.8,0.3499591377201404
181,e12/candelabra,attribute_constraint,122,104,1.0,0.07377049180327869,0.08653846153846154,0.9134615384615384,0.9,1.0,0.14754098360655737,0.17307692307692307,0.8269230769230769,0.9,1.0,0.26229508196721313,0.3076923076923077,0.6923076923076923,0.64,0.5598110815091684
182,penny round tile,attribute_constraint,98,58,0.9510907186004265,0.10204081632653061,0.15517241379310345,0.8448275862068966,1.0,0.9684355467480761,0.20408163265306123,0.3275862068965517,0.6724137931034483,1.0,0.9517410830045528,0.5102040816326531,0.7931034482758621,0.2068965517241379,1.0,0.7060220066449789
183,farmhouse bread box,style,78,6,0.5484969150460142,0.13513513513513514,0.3333333333333333,0.6666666666666667,1.0,0.6310833464023597,0.2702702702702703,0.3333333333333333,0.6666666666666667,1.0,0.8220587087554028,0.6621621621621622,1.0,0.0,0.98,0.35818229810294294
184,sugar canister,brand_entity_proxy,185,59,0.6967705191613881,0.04891304347826087,0.06779661016949153,0.9322033898305084,0.9,0.7314615215959136,0.10326086956521739,0.2033898305084746,0.7966101694915254,0.95,0.6661703047250935,0.24456521739130435,0.3898305084745763,0.6101694915254237,0.9,0.2169012334372574
185,lunch bag,brand_entity_proxy,124,34,1.0,0.21739130434782608,0.29411764705882354,0.7058823529411764,1.0,1.0,0.43478260869565216,0.5882352941176471,0.4117647058823529,1.0,0.9046014737212307,0.782608695652174,0.9117647058823529,0.08823529411764708,0.76,0.7165948957370343
186,board game storage cabinet,product_type,385,4,0.4700182601018591,0.013089005235602094,0.0,1.0,0.5,0.5788037469624102,0.02356020942408377,0.0,1.0,0.45,0.7405949082854902,0.060209424083769635,0.25,0.75,0.46,0.11193068291289823
188,"bedroom wall decor floral, multicolored with some teal (prints)",long_descriptive,277,8,0.5770456284471119,0.03932584269662921,0.375,0.625,0.7,0.7045367847101334,0.056179775280898875,0.375,0.625,0.5,0.7587282355387824,0.08426966292134831,0.75,0.25,0.36,0.2527279709956876
189,big basket for dirty cloths,multi_constraint,73,31,0.4814185519599552,0.041666666666666664,0.0,1.0,0.3,0.5478617649884526,0.08333333333333333,0.03225806451612903,0.967741935483871,0.3,0.7155633527390224,0.1527777777777778,0.0967741935483871,0.9032258064516129,0.22,0.08099426118137583
190,benjiamino faux leather power lift chair,multi_constraint,792,5,0.43518692560571737,0.012658227848101266,0.0,1.0,0.9,0.5441885155473163,0.02531645569620253,0.0,1.0,0.9,0.6862448652703705,0.052039381153305204,0.0,1.0,0.74,0.06879827323581733
191,biycicle plant stands,product_type,217,0,1.0,0.04608294930875576,,,1.0,1.0,0.09216589861751152,,,1.0,1.0,0.2304147465437788,,,1.0,
193,belchertown table lamp,product_type,278,0,1.0,0.03597122302158273,,,1.0,1.0,0.07194244604316546,,,1.0,1.0,0.17266187050359713,,,0.96,
194,black frame 22 x 36,multi_constraint,293,0,1.0,0.10112359550561797,,,0.9,0.9659370277440175,0.14606741573033707,,,0.65,0.9214759277611838,0.33707865168539325,,,0.64,0.6396508382773137
195,black freestanding tub  with faucet,multi_constraint,110,3,0.5159958223394444,0.09803921568627451,0.0,1.0,1.0,0.7187543286568815,0.19607843137254902,0.6666666666666666,0.33333333333333337,1.0,0.8267414925183197,0.45098039215686275,1.0,0.0,0.94,0.2887854564445411
196,chabely 5 draw chest,attribute_constraint,165,0,1.0,0.05625,,,0.9,1.0,0.09375,,,0.75,1.0,0.20625,,,0.66,0.21971584245386827
197,desk for kids tjat ate 10 year old,long_descriptive,41,23,0.9368077570869662,0.12195121951219512,0.17391304347826086,0.8260869565217391,0.5,0.8893349039001706,0.1951219512195122,0.30434782608695654,0.6956521739130435,0.4,0.9733295891567996,0.4878048780487805,0.6956521739130435,0.30434782608695654,0.4,0.5981337435350722
198,cake plates with tops,product_type,82,10,0.45598054746394945,0.16666666666666666,0.2,0.8,0.8,0.5387382065063857,0.1875,0.2,0.8,0.6,0.6612102168740162,0.3333333333333333,0.3,0.7,0.4,0.3534746154699149
199,blue faux throw with pillows,multi_constraint,384,0,1.0,0.02680965147453083,,,1.0,1.0,0.05093833780160858,,,0.95,0.9833041757017094,0.12064343163538874,,,0.92,0.10414736611778887
200,ceramic tile sea shell,product_type,247,3,1.0,0.040983606557377046,1.0,0.0,1.0,1.0,0.0778688524590164,1.0,0.0,0.95,1.0,0.18032786885245902,1.0,0.0,0.88,0.256475441671801
201,delta trinsic double towel hook in champagne bronze,long_descriptive,124,0,1.0,0.07142857142857142,,,0.7,1.0,0.12244897959183673,,,0.6,1.0,0.23469387755102042,,,0.46,0.6198710753808477
202,full mattress padded liner,product_type,83,45,0.9368077570869662,0.12048192771084337,0.2,0.8,1.0,0.9592177897479789,0.20481927710843373,0.35555555555555557,0.6444444444444444,0.85,0.9029731582357604,0.3373493975903614,0.5555555555555556,0.4444444444444444,0.56,0.595522274604823
203,ge top loading washer 4.5,multi_constraint,87,5,0.5948220241497066,0.12048192771084337,0.4,0.6,1.0,0.7518664278818259,0.24096385542168675,0.8,0.19999999999999996,1.0,0.84994495006196,0.6024096385542169,1.0,0.0,1.0,0.4438435087983205
204,fleur de lis living candle wall sconce bronze,long_descriptive,191,7,0.4911705278921376,0.05747126436781609,0.14285714285714285,0.8571428571428572,1.0,0.644601402543867,0.11494252873563218,0.42857142857142855,0.5714285714285714,1.0,0.7691401425478582,0.28735632183908044,0.5714285714285714,0.4285714285714286,1.0,0.3646661301008252
205,ines shag rug w003096809,attribute_constraint,93,12,0.3775028156362593,0.10752688172043011,0.08333333333333333,0.9166666666666666,1.0,0.4436572400232839,0.21505376344086022,0.08333333333333333,0.9166666666666666,1.0,0.6312132461334468,0.4946236559139785,0.16666666666666666,0.8333333333333334,0.92,-0.20670251137818293
206,grill cover 73,attribute_constraint,67,2,0.8383354523103075,0.1694915254237288,0.5,0.5,1.0,0.9250098201822583,0.3389830508474576,1.0,0.0,1.0,0.9521919604830316,0.847457627118644,1.0,0.0,1.0,0.4954582379614194
207,dull bed with shirt head board,multi_constraint,34,0,1.0,0.0,,,0.0,1.0,0.029411764705882353,,,0.05,1.0,0.11764705882352941,,,0.08,
208,"fawkes 36"" blue vanity",attribute_constraint,118,0,1.0,0.03389830508474576,,,0.4,1.0,0.0423728813559322,,,0.25,1.0,0.11864406779661017,,,0.28,
209,door pulls bronze matte 4 inch,multi_constraint,198,0,0.9148568823583791,0.0,,,0.0,0.876238266973163,0.0,,,0.0,0.8592956635319776,0.015873015873015872,,,0.04,0.3778450548628095
210,love seat wide faux leather tuxedo arm sofa,long_descriptive,1045,9,0.7500978799870343,0.009615384615384616,0.7777777777777778,0.2222222222222222,1.0,0.82498307621225,0.019230769230769232,0.8888888888888888,0.11111111111111116,1.0,0.8913937639882689,0.04519230769230769,1.0,0.0,0.94,0.14535306329727068
211,memory foam rug galveston,product_type,332,0,1.0,0.08403361344537816,,,1.0,1.0,0.16806722689075632,,,1.0,1.0,0.42016806722689076,,,1.0,0.639549690977676
212,nettie 5 pc bar set,multi_constraint,358,2,0.6733749740432623,0.041237113402061855,0.5,0.5,0.8,0.80352155548363,0.061855670103092786,0.5,0.5,0.6,0.7673679764776609,0.07731958762886598,1.0,0.0,0.3,0.4114610888514925
213,kraus kitchen sink faucet oletto kpf 2820 sfs,long_descriptive,271,1,0.5808000122538921,0.02877697841726619,0.0,1.0,0.4,0.5546736891155003,0.050359712230215826,0.0,1.0,0.45,0.6439841928267401,0.17266187050359713,1.0,0.0,0.68,0.27046340558462223
214,light wood nightstand with silver accents,multi_constraint,225,0,1.0,0.04477611940298507,,,0.6,1.0,0.07462686567164178,,,0.5,0.9723732248696716,0.15671641791044777,,,0.42,0.8094990258041516
215,king adjustable bed including mattress,multi_constraint,250,30,0.3333333333333333,0.0411522633744856,0.0,1.0,1.0,0.35974737803721046,0.0823045267489712,0.03333333333333333,0.9666666666666667,1.0,0.4563024112993193,0.18518518518518517,0.1,0.9,0.9,-0.10437750011954196
216,music plug wall plate,product_type,189,8,0.7582415480476989,0.054945054945054944,0.5,0.5,1.0,0.8693986003486066,0.10989010989010989,0.75,0.25,1.0,0.9061688707990813,0.27472527472527475,0.75,0.25,1.0,0.28966901964026437
218,wand bunk beds,product_type,65,0,1.0,0.03076923076923077,,,0.2,1.0,0.1076923076923077,,,0.35,1.0,0.2153846153846154,,,0.28,
219,trinaic towel rod,product_type,38,0,1.0,0.10526315789473684,,,0.4,1.0,0.23684210526315788,,,0.45,1.0,0.4473684210526316,,,0.34,
220,sheets for twinxl,product_type,127,52,0.7788708846071952,0.10309278350515463,0.11538461538461539,0.8846153846153846,1.0,0.7616386100082861,0.20618556701030927,0.23076923076923078,0.7692307692307692,1.0,0.7592127391932164,0.4742268041237113,0.5576923076923077,0.4423076923076923,0.92,0.6697647361453694
221,small space dining table and chairs sets,multi_constraint,1719,73,0.5731399412345528,0.008865248226950355,0.0410958904109589,0.9589041095890412,1.0,0.5579175336607366,0.01773049645390071,0.0821917808219178,0.9178082191780822,1.0,0.5671483244736522,0.03900709219858156,0.2602739726027397,0.7397260273972603,0.96,0.38865447685043203
222,small loving roomtables,attribute_constraint,77,31,0.9368077570869662,0.0,0.0,1.0,0.0,0.8874004493406683,0.0,0.0,1.0,0.0,0.9497902926094869,0.08333333333333333,0.0967741935483871,0.9032258064516129,0.06,0.7989904685417414
223,wisdom stone river 3-3/4,multi_constraint,207,1,0.28611337950023047,0.0,0.0,1.0,0.3,0.26396001552604975,0.0,0.0,1.0,0.25,0.2899427558723661,0.3333333333333333,1.0,0.0,0.24,0.15644648798122787
224,twin over full bunk beds cool desins,multi_constraint,73,22,0.4264120970358327,0.136986301369863,0.09090909090909091,0.9090909090909091,1.0,0.46169529674992754,0.2328767123287671,0.18181818181818182,0.8181818181818181,0.85,0.7259805914198736,0.4794520547945205,0.5,0.5,0.7,-0.034003477033299076
225,white splashproof shiplap wallpaper,attribute_constraint,45,2,0.8718838771078951,0.24242424242424243,1.0,0.0,0.8,0.8583740681956405,0.3333333333333333,1.0,0.0,0.55,0.9029872365066083,0.45454545454545453,1.0,0.0,0.3,0.285275210041325
226,power lift chair,product_type,316,197,0.7934623375569917,0.03184713375796178,0.030456852791878174,0.9695431472081218,1.0,0.796040815477489,0.06369426751592357,0.06598984771573604,0.934010152284264,1.0,0.8092405340565195,0.15605095541401273,0.17258883248730963,0.8274111675126904,0.98,0.08233796279848138
227,owl,brand_entity_proxy,203,176,1.0,0.056818181818181816,0.056818181818181816,0.9431818181818182,1.0,1.0,0.11363636363636363,0.11363636363636363,0.8863636363636364,1.0,1.0,0.2840909090909091,0.2840909090909091,0.7159090909090908,1.0,0.5490642664802546
228,bee,brand_entity_proxy,244,178,0.9537125187088151,0.049723756906077346,0.0449438202247191,0.9550561797752809,0.9,0.9701275709322188,0.10497237569060773,0.10112359550561797,0.898876404494382,0.95,0.9836940396642968,0.24861878453038674,0.24719101123595505,0.752808988764045,0.9,0.6318433557941605
229,waterfall faucet,brand_entity_proxy,556,133,1.0,0.019417475728155338,0.07518796992481203,0.924812030075188,1.0,0.9757624746743075,0.038834951456310676,0.14285714285714285,0.8571428571428572,1.0,0.9867698697785979,0.0970873786407767,0.3684210526315789,0.631578947368421,1.0,0.6420496000565711
230,gold,attribute_constraint,274,228,1.0,0.04329004329004329,0.043859649122807015,0.956140350877193,1.0,1.0,0.07792207792207792,0.07894736842105263,0.9210526315789473,0.9,0.9858821775362445,0.11688311688311688,0.11842105263157894,0.881578947368421,0.54,0.2290744496771968
231,anti fatigue mat,product_type,359,307,1.0,0.027855153203342618,0.03257328990228013,0.9674267100977199,1.0,1.0,0.055710306406685235,0.06514657980456026,0.9348534201954397,1.0,1.0,0.1392757660167131,0.16286644951140064,0.8371335504885994,1.0,0.5834724549574299
232,storage dresser,product_type,2329,423,0.7896513676023281,0.013937282229965157,0.016548463356973995,0.983451536643026,0.8,0.8393766939463764,0.027874564459930314,0.03309692671394799,0.966903073286052,0.85,0.8674919164357939,0.07317073170731707,0.08983451536643026,0.9101654846335697,0.88,0.676153485713242
233,kelly clarkson light fixtures,product_type,156,81,0.4175149927754776,0.019867549668874173,0.012345679012345678,0.9876543209876543,0.4,0.5303558745841446,0.046357615894039736,0.012345679012345678,0.9876543209876543,0.4,0.6660112743342874,0.08609271523178808,0.04938271604938271,0.9506172839506173,0.28,0.1269348261937505
234,artificial orchid arrangement,product_type,144,107,1.0,0.06944444444444445,0.09345794392523364,0.9065420560747663,1.0,0.9493484299704303,0.1388888888888889,0.16822429906542055,0.8317757009345794,1.0,0.9430576991763432,0.3472222222222222,0.4205607476635514,0.5794392523364487,1.0,0.457848055842156
235,bathroom wastebasket,brand_entity_proxy,1368,133,1.0,0.06535947712418301,0.07518796992481203,0.924812030075188,1.0,1.0,0.13071895424836602,0.15037593984962405,0.849624060150376,1.0,0.980260166678276,0.32679738562091504,0.3609022556390977,0.6390977443609023,1.0,0.35346709832051443
236,3 piece rug set with runners,multi_constraint,2202,29,0.4766787528633079,0.05056179775280899,0.06896551724137931,0.9310344827586207,0.9,0.5660306639957459,0.08426966292134831,0.1724137931034483,0.8275862068965517,0.75,0.711522725173799,0.1404494382022472,0.3448275862068966,0.6551724137931034,0.52,0.46199757289287474
237,cloud modular sectional,product_type,205,4,0.6243906685625539,0.041666666666666664,0.75,0.25,0.9,0.7257616141401687,0.08854166666666667,1.0,0.0,0.95,0.8030936009829542,0.203125,1.0,0.0,0.84,0.0974455887646681
238,outdoor seat/back cushion,product_type,318,54,0.8176084868204423,0.028391167192429023,0.1111111111111111,0.8888888888888888,0.9,0.7885336230877474,0.05362776025236593,0.2037037037037037,0.7962962962962963,0.85,0.7052123202839018,0.12933753943217666,0.42592592592592593,0.5740740740740741,0.82,0.42979383790606135
239,bathroom single faucet,product_type,573,146,1.0,0.03333333333333333,0.06164383561643835,0.9383561643835616,0.9,1.0,0.07037037037037037,0.13013698630136986,0.8698630136986302,0.95,0.9893600507304342,0.16296296296296298,0.2945205479452055,0.7054794520547945,0.88,0.8329322124349496
240,eiffel tower wall art,product_type,68,33,1.0,0.15625,0.30303030303030304,0.696969696969697,1.0,1.0,0.3125,0.6060606060606061,0.3939393939393939,1.0,0.999688929300562,0.53125,1.0,0.0,0.68,0.8844709592418497
241,decorative wall clocks,product_type,243,148,0.8800456786592188,0.031746031746031744,0.02702702702702703,0.972972972972973,0.6,0.9225853976999883,0.08465608465608465,0.0945945945945946,0.9054054054054054,0.8,0.9175376705340865,0.20105820105820105,0.22972972972972974,0.7702702702702703,0.76,0.678903201890856
242,accent leather chair,attribute_constraint,283,175,1.0,0.014234875444839857,0.022857142857142857,0.9771428571428571,0.4,1.0,0.028469750889679714,0.045714285714285714,0.9542857142857143,0.4,0.9692177378267341,0.05693950177935943,0.09142857142857143,0.9085714285714286,0.32,0.4985326854985124
243,indoor multi tiered plant stand,multi_constraint,209,135,1.0,0.04639175257731959,0.06666666666666667,0.9333333333333333,0.9,0.9070123725577343,0.09278350515463918,0.1111111111111111,0.8888888888888888,0.9,0.8608678242638615,0.22164948453608246,0.2518518518518518,0.7481481481481482,0.86,0.3445344899574079
244,pull out sleeper loveseat,product_type,143,9,0.4475107539534416,0.055944055944055944,0.2222222222222222,0.7777777777777778,0.8,0.5659833777906575,0.06993006993006994,0.2222222222222222,0.7777777777777778,0.5,0.7419311608412594,0.16083916083916083,0.4444444444444444,0.5555555555555556,0.46,0.15625703138984065
245,anchor decor,brand_entity_proxy,485,57,1.0,0.058823529411764705,0.17543859649122806,0.8245614035087719,1.0,1.0,0.11764705882352941,0.3508771929824561,0.6491228070175439,1.0,0.9712950237597694,0.2823529411764706,0.8070175438596491,0.19298245614035092,0.96,0.6496002452343844
246,clear shower curtain,attribute_constraint,252,12,0.5432534204450873,0.08,0.16666666666666666,0.8333333333333334,1.0,0.5748151415430591,0.16,0.16666666666666666,0.8333333333333334,1.0,0.7513801826543017,0.384,0.5,0.5,0.96,0.8084749521996506
247,beaded curtains,brand_entity_proxy,961,40,0.692287543504968,0.014771048744460856,0.1,0.9,1.0,0.7298576682246989,0.029542097488921712,0.275,0.725,1.0,0.7541571895808961,0.07385524372230429,0.6,0.4,1.0,0.7065145122012905
248,surge protector,brand_entity_proxy,104,39,1.0,0.22727272727272727,0.2564102564102564,0.7435897435897436,1.0,1.0,0.45454545454545453,0.5128205128205128,0.4871794871794872,1.0,0.9831350406609768,0.9318181818181818,1.0,0.0,0.86,0.8267044713705378
249,bistro table and chairs,product_type,197,124,1.0,0.05181347150259067,0.08064516129032258,0.9193548387096774,1.0,1.0,0.10362694300518134,0.16129032258064516,0.8387096774193549,1.0,0.9814297221116247,0.20725388601036268,0.3225806451612903,0.6774193548387097,0.8,0.6361503379448035
250,multi color rug,product_type,131,96,1.0,0.02564102564102564,0.03125,0.96875,0.3,1.0,0.05982905982905983,0.07291666666666667,0.9270833333333334,0.35,0.9422509477228709,0.1452991452991453,0.17708333333333334,0.8229166666666666,0.34,0.4925897340832168
251,coffee container,brand_entity_proxy,1483,90,0.9510907186004265,0.0661764705882353,0.08888888888888889,0.9111111111111111,0.9,0.9320792587595372,0.125,0.17777777777777778,0.8222222222222222,0.9,0.665480776295009,0.20588235294117646,0.3,0.7,0.9,0.029940006891333852
252,accent chairs living room,product_type,443,100,1.0,0.008379888268156424,0.03,0.97,0.3,0.9260862161408163,0.0223463687150838,0.08,0.92,0.4,0.9095976564469067,0.030726256983240222,0.1,0.9,0.22,0.8012901783763968
253,antique brass faucet,product_type,117,5,0.490560796047546,0.07758620689655173,0.0,1.0,0.9,0.6294797581604078,0.14655172413793102,0.4,0.6,0.85,0.7642199189693135,0.2672413793103448,0.4,0.6,0.62,0.16616230881839267
254,comfortable accent chair,product_type,201,131,0.6719958531284241,0.015151515151515152,0.007633587786259542,0.9923664122137404,0.3,0.6921113886672999,0.03535353535353535,0.03816793893129771,0.9618320610687023,0.35,0.7707909442031456,0.06060606060606061,0.04580152671755725,0.9541984732824428,0.24,0.30010301478710033
255,desk and chair set,product_type,217,107,1.0,0.04926108374384237,0.09345794392523364,0.9065420560747663,1.0,1.0,0.09852216748768473,0.18691588785046728,0.8130841121495327,1.0,1.0,0.24630541871921183,0.4672897196261682,0.5327102803738317,1.0,0.7855277652773912
256,high weight capacity bunk beds,multi_constraint,138,68,0.8634438349876061,0.05511811023622047,0.07352941176470588,0.9264705882352942,0.7,0.9118711098700931,0.11811023622047244,0.19117647058823528,0.8088235294117647,0.75,0.8528382716768054,0.23622047244094488,0.36764705882352944,0.6323529411764706,0.6,0.6181102114662468
257,living room coffee table sets,multi_constraint,1834,132,0.8743705652481897,0.006711409395973154,0.06060606060606061,0.9393939393939394,1.0,0.872141717516355,0.013422818791946308,0.11363636363636363,0.8863636363636364,0.95,0.8188513238517457,0.0343027591349739,0.25,0.75,0.94,0.7740576569453698
258,breakfast bar table,product_type,126,58,0.7355081213746353,0.072,0.08620689655172414,0.9137931034482758,0.9,0.8293055776023595,0.104,0.15517241379310345,0.8448275862068966,0.65,0.7738481996972482,0.208,0.3620689655172414,0.6379310344827587,0.52,0.36140658101020945
259,nursery end table,product_type,634,0,1.0,0.014218009478672985,,,0.9,1.0,0.02843601895734597,,,0.9,1.0,0.06635071090047394,,,0.84,-0.030295230277716956
260,retractable side awning,product_type,68,26,1.0,0.20833333333333334,0.38461538461538464,0.6153846153846154,1.0,0.9780900196216153,0.4166666666666667,0.7307692307692307,0.2692307692307693,1.0,0.9918412533129094,0.9791666666666666,1.0,0.0,0.94,0.8852280377043025
261,semi flush foyer light,product_type,175,125,0.7645708157107939,0.05142857142857143,0.056,0.944,0.9,0.8261517112068033,0.09714285714285714,0.112,0.888,0.85,0.8038731124449768,0.22285714285714286,0.232,0.768,0.78,0.07536785441833824
262,bathroom freestanding cabinet,product_type,138,87,0.9575861412006988,0.07352941176470588,0.10344827586206896,0.896551724137931,1.0,0.9257873586705522,0.13970588235294118,0.1839080459770115,0.8160919540229885,0.95,0.8869201788615257,0.3235294117647059,0.39080459770114945,0.6091954022988506,0.88,0.37289550104555086
263,small curtain rods,attribute_constraint,291,75,0.6865988399750619,0.08,0.06666666666666667,0.9333333333333333,1.0,0.5942020025343409,0.136,0.10666666666666667,0.8933333333333333,1.0,0.5644504598064088,0.296,0.26666666666666666,0.7333333333333334,0.96,0.5180954712197938
264,cortez pillow,brand_entity_proxy,897,15,1.0,0.01669449081803005,0.6666666666666666,0.33333333333333337,1.0,0.9972725405438427,0.0333889816360601,1.0,0.0,1.0,0.982635611808851,0.07679465776293823,1.0,0.0,0.96,0.5378309899833288
265,candace wingback upholstered bed,product_type,690,0,1.0,0.014814814814814815,,,1.0,0.9665625086152866,0.02666666666666667,,,0.95,0.9670787662685837,0.057777777777777775,,,0.82,0.03310437550964641
266,champagne velvet desk chair,product_type,353,1,0.6943559465628248,0.02857142857142857,0.0,1.0,1.0,0.840478838926804,0.04857142857142857,1.0,0.0,0.85,0.9031990882399865,0.08857142857142856,1.0,0.0,0.62,0.16291747710348936
267,dolomite subway tile,product_type,154,2,1.0,0.05844155844155844,1.0,0.0,0.9,1.0,0.12337662337662338,1.0,0.0,0.95,1.0,0.2987012987012987,1.0,0.0,0.92,0.1961037301832307
268,betty resin free standing umbrella,multi_constraint,311,1,1.0,0.11904761904761904,1.0,0.0,1.0,1.0,0.23809523809523808,1.0,0.0,1.0,1.0,0.5952380952380952,1.0,0.0,1.0,0.6966186028954154
269,donaldson teak couch,product_type,99,0,0.9363792118010483,0.07526881720430108,,,0.7,0.9589412206131108,0.12903225806451613,,,0.65,0.9775879347944593,0.27956989247311825,,,0.54,0.22961073240459415
270,edge chair mat,product_type,95,42,0.5266515767734745,0.10638297872340426,0.07142857142857142,0.9285714285714286,1.0,0.5564664064637515,0.2127659574468085,0.16666666666666666,0.8333333333333334,1.0,0.6435314408403219,0.5,0.47619047619047616,0.5238095238095238,0.94,-0.021655384603299146
271,chinese flower stand,product_type,96,1,0.6943559465628248,0.06521739130434782,0.0,1.0,0.6,0.7787676299523247,0.16304347826086957,0.0,1.0,0.75,0.8777044198862402,0.34782608695652173,0.0,1.0,0.64,0.20160742197387171
272,oliver parsons,brand_entity_proxy,115,0,0.92663607790064,0.06976744186046512,,,0.7,0.9526533201221141,0.1511627906976744,,,0.7,0.9741556643296638,0.2441860465116279,,,0.44,0.6707578521878856
273,stainless steel free standing shower caddy,multi_constraint,542,4,0.780359707276365,0.10869565217391304,0.5,0.5,1.0,0.8254436684383607,0.21739130434782608,0.5,0.5,1.0,0.9052667106451145,0.5434782608695652,0.75,0.25,1.0,0.4774030575965292
274,gowdy height adjustable standing desk,multi_constraint,331,1,0.8871958738785231,0.10416666666666667,1.0,0.0,1.0,0.9183497146685337,0.20833333333333334,1.0,0.0,1.0,0.8980061806811898,0.4479166666666667,1.0,0.0,0.94,0.6527831956620449
275,hinged square ottoman,attribute_constraint,127,13,0.5947718986560575,0.08,0.3076923076923077,0.6923076923076923,1.0,0.6865531557521894,0.144,0.5384615384615384,0.46153846153846156,0.9,0.8109440792130453,0.336,0.6153846153846154,0.3846153846153846,0.84,0.2718244336589343
276,chaves l-shape floating desk with hutch,multi_constraint,377,0,1.0,0.0273972602739726,,,1.0,1.0,0.0547945205479452,,,1.0,1.0,0.136986301369863,,,1.0,0.30197640228987593
277,barstool patio sets,product_type,256,44,0.5689336901125004,0.0,0.0,1.0,0.1,0.6743995714525544,0.01020408163265306,0.022727272727272728,0.9772727272727273,0.15,0.6654356648113728,0.09183673469387756,0.2727272727272727,0.7272727272727273,0.38,0.621111211907037
278,parakeet toy,product_type,112,7,0.4690157659730023,0.12987012987012986,0.14285714285714285,0.8571428571428572,1.0,0.561617634746443,0.2597402597402597,0.14285714285714285,0.8571428571428572,1.0,0.7431645902606249,0.4805194805194805,0.14285714285714285,0.8571428571428572,0.74,0.5892637891676595
279,marlon tufted queen bed,attribute_constraint,374,1,1.0,0.024324324324324326,1.0,0.0,0.9,1.0,0.04594594594594595,1.0,0.0,0.85,1.0,0.10270270270270271,1.0,0.0,0.76,0.16774435983310232
280,johan desk by laurel foundry,multi_constraint,116,0,1.0,0.02830188679245283,,,0.3,1.0,0.0660377358490566,,,0.35,1.0,0.09433962264150944,,,0.2,0.4421227651820564
281,brunk ship wheel,product_type,90,1,0.7863639746437393,0.19607843137254902,1.0,0.0,1.0,0.8453652093485086,0.37254901960784315,1.0,0.0,0.95,0.707768646697703,0.47058823529411764,1.0,0.0,0.6,0.3418900147984982
282,grantola wall mirror,product_type,130,1,1.0,0.06976744186046512,1.0,0.0,0.9,1.0,0.13953488372093023,1.0,0.0,0.9,1.0,0.20155038759689922,1.0,0.0,0.52,0.20988295349979266
283,gaia driftwood table,product_type,115,1,1.0,0.03773584905660377,1.0,0.0,0.4,1.0,0.05660377358490566,1.0,0.0,0.3,1.0,0.08490566037735849,1.0,0.0,0.18,0.3813819339855941
284,family lamp,product_type,331,0,1.0,0.029197080291970802,,,0.8,1.0,0.06204379562043796,,,0.85,1.0,0.13503649635036497,,,0.74,0.492077705667574
285,"48"" sliding single track , barn door for laundry",long_descriptive,183,7,0.6389486424069231,0.0782608695652174,0.42857142857142855,0.5714285714285714,1.0,0.8013034950954705,0.14782608695652175,0.7142857142857143,0.2857142857142857,0.9,0.848791528367698,0.3739130434782609,0.8571428571428571,0.1428571428571429,0.9,0.626796960343697
286,hitchcock mid-century wall shelf,multi_constraint,256,0,1.0,0.04678362573099415,,,0.8,1.0,0.09941520467836257,,,0.85,1.0,0.22807017543859648,,,0.78,0.7639594404227292
287,cover set for outdoor furniture,multi_constraint,406,45,0.6873332711195501,0.09523809523809523,0.15555555555555556,0.8444444444444444,1.0,0.7755064540601254,0.19047619047619047,0.35555555555555557,0.6444444444444444,1.0,0.776761664506429,0.45714285714285713,0.7111111111111111,0.28888888888888886,0.96,0.741632302960376
288,round outdoor patio cover,attribute_constraint,272,0,1.0,0.08737864077669903,,,0.9,1.0,0.17475728155339806,,,0.9,0.9721591719484354,0.4077669902912621,,,0.84,0.7547204709567972
289,coma inducer comforter king set,multi_constraint,251,27,1.0,0.04310344827586207,0.37037037037037035,0.6296296296296297,1.0,0.9772913518293451,0.08620689655172414,0.7037037037037037,0.2962962962962963,1.0,0.9888028026828735,0.1896551724137931,0.9629629629629629,0.03703703703703709,0.88,0.6349400761519887
290,mission double vanity,product_type,168,0,1.0,0.041666666666666664,,,0.7,1.0,0.08928571428571429,,,0.75,1.0,0.19642857142857142,,,0.66,
291,front door cabinet with doors,multi_constraint,218,15,0.48006117753205346,0.023696682464454975,0.06666666666666667,0.9333333333333333,0.5,0.4818145043512946,0.05687203791469194,0.06666666666666667,0.9333333333333333,0.6,0.605096397169605,0.17061611374407584,0.06666666666666667,0.9333333333333333,0.72,0.052030789891702824
292,decorative white pillow,attribute_constraint,204,12,0.2658389226424979,0.0273972602739726,0.0,1.0,0.5,0.35519619090460053,0.07534246575342465,0.0,1.0,0.65,0.49439635827673184,0.14383561643835616,0.08333333333333333,0.9166666666666666,0.52,0.2888719589685918
293,wood floor protector mat,attribute_constraint,102,13,0.4406950585492932,0.1095890410958904,0.07692307692307693,0.9230769230769231,0.8,0.5321411262104274,0.1506849315068493,0.15384615384615385,0.8461538461538461,0.55,0.7036091986835461,0.273972602739726,0.3076923076923077,0.6923076923076923,0.4,0.6500909604386733
294,moen multi function dual shower head,multi_constraint,136,0,1.0,0.10204081632653061,,,1.0,1.0,0.19387755102040816,,,0.95,0.9400594410247942,0.4489795918367347,,,0.94,0.5710113179436314
295,end table between recliners,product_type,139,6,0.4767610926713327,0.007462686567164179,0.0,1.0,0.1,0.6278066377911967,0.014925373134328358,0.0,1.0,0.1,0.7812452405153,0.04477611940298507,0.16666666666666666,0.8333333333333334,0.12,0.20354057346218002
296,zakariyah twin platform,attribute_constraint,171,1,1.0,0.052941176470588235,1.0,0.0,0.9,0.9739599640827753,0.1,1.0,0.0,0.85,0.9841983395676627,0.19411764705882353,1.0,0.0,0.68,0.018622492465354766
297,seat cushions desk,product_type,487,8,0.0,0.0,0.0,1.0,0.2,0.0353874329077153,0.0,0.0,1.0,0.4,0.06277632633914879,0.020202020202020204,0.0,1.0,0.48,-0.12567348335306638
298,small woven pouf,attribute_constraint,98,9,0.39238996468922605,0.09183673469387756,0.0,1.0,0.9,0.5214203422953482,0.19387755102040816,0.2222222222222222,0.7777777777777778,0.95,0.7235692040396389,0.45918367346938777,0.5555555555555556,0.4444444444444444,0.9,0.09679938610600158
300,animal print handmade tufted wool beige/black area rug by allmodern,long_descriptive,1114,2,0.5821032065260975,0.008992805755395683,0.0,1.0,1.0,0.6833800218492042,0.017985611510791366,0.0,1.0,1.0,0.825900813441377,0.044064748201438846,0.5,0.5,0.98,0.07667659997278602
301,circle cabinet pulls,product_type,148,2,0.5821032065260975,0.0136986301369863,0.0,1.0,0.2,0.6833800218492042,0.0273972602739726,0.0,1.0,0.2,0.798147164547621,0.1095890410958904,0.0,1.0,0.32,0.03944226301545487
302,mattress foam topper queen,attribute_constraint,238,59,0.955830517697074,0.04739336492890995,0.15254237288135594,0.847457627118644,1.0,0.9008279373687601,0.0947867298578199,0.2711864406779661,0.728813559322034,1.0,0.8666825166318545,0.23222748815165878,0.6271186440677966,0.3728813559322034,0.98,0.5668339935619252
303,hawaii vintage art,style,72,8,0.9356690786397198,0.15151515151515152,0.875,0.125,1.0,0.9806629075257982,0.2878787878787879,1.0,0.0,0.95,0.9861071839416723,0.45454545454545453,1.0,0.0,0.6,0.6546544033171134
304,merlyn 6,attribute_constraint,759,0,0.0,0.0,,,0.0,0.035510009908414325,0.0,,,0.05,0.06401314127404936,0.0,,,0.1,0.026893588607826962
305,ligth bulb,brand_entity_proxy,299,193,1.0,0.027303754266211604,0.04145077720207254,0.9585492227979274,0.8,1.0,0.04778156996587031,0.07253886010362694,0.927461139896373,0.7,0.979219349656039,0.09897610921501707,0.14507772020725387,0.8549222797927462,0.58,0.5925679725287261
306,mobley zero gravity adjustable bed with wireless remote,long_descriptive,114,2,1.0,0.1111111111111111,1.0,0.0,1.0,1.0,0.2222222222222222,1.0,0.0,1.0,1.0,0.5555555555555556,1.0,0.0,1.0,0.6201696038318237
307,real touch roses floral arrangements in glass vase,long_descriptive,189,6,0.8464600588005926,0.057803468208092484,0.6666666666666666,0.33333333333333337,1.0,0.9456689944406229,0.11560693641618497,1.0,0.0,1.0,0.9619831822187763,0.2832369942196532,1.0,0.0,0.98,0.4725200106108702
308,led 60,attribute_constraint,776,2,0.4585655583838828,0.014373716632443531,0.0,1.0,0.9,0.58978158303268,0.03285420944558522,0.0,1.0,0.9,0.7258645154010662,0.08213552361396304,0.0,1.0,0.86,0.731390052950176
309,moen 5995 arbor one,attribute_constraint,72,0,0.718362797268624,0.23076923076923078,,,1.0,0.5981968211934032,0.3076923076923077,,,0.85,0.7926705727466418,0.5384615384615384,,,0.5,0.32140039684708777
310,meade mirror,product_type,589,4,0.9731768654671089,0.02288329519450801,1.0,0.0,1.0,0.978682654685144,0.04576659038901602,1.0,0.0,1.0,0.9856115691968249,0.11441647597254005,1.0,0.0,1.0,0.6910250549869814
311,odum velvet,brand_entity_proxy,571,4,0.4700182601018591,0.018484288354898338,0.0,1.0,1.0,0.5788037469624102,0.033271719038817,0.0,1.0,0.9,0.7365790983507786,0.07208872458410351,0.25,0.75,0.8,0.1566365020694289
312,coat rack for bedroom,product_type,119,10,0.5585908384362133,0.08403361344537816,0.4,0.6,1.0,0.6905011911869952,0.15126050420168066,0.6,0.4,0.9,0.8266755548370514,0.40336134453781514,0.9,0.09999999999999998,0.96,0.34564622207992934
313,malachi sled,brand_entity_proxy,105,3,0.8727012333178967,0.0273972602739726,0.6666666666666666,0.33333333333333337,0.2,0.8348373448949329,0.0273972602739726,0.6666666666666666,0.33333333333333337,0.15,0.843163895576204,0.0547945205479452,0.6666666666666666,0.33333333333333337,0.1,0.3444063878049629
314,body pillow and case,product_type,145,11,0.3333333333333333,0.07092198581560284,0.0,1.0,1.0,0.4219450531779068,0.1347517730496454,0.0,1.0,0.95,0.6571171011989895,0.28368794326241137,0.2727272727272727,0.7272727272727273,0.8,0.12983956257179824
315,medium clips,brand_entity_proxy,316,4,0.9256652315664304,0.16129032258064516,1.0,0.0,1.0,0.9409233873969811,0.3064516129032258,1.0,0.0,0.95,0.8979302036661395,0.5483870967741935,1.0,0.0,0.7,0.6486666009937676
316,rolande heavy duty power lift assist recliner,multi_constraint,406,1,0.6943559465628248,0.030211480362537766,0.0,1.0,1.0,0.7787676299523247,0.06042296072507553,0.0,1.0,1.0,0.865751383782762,0.1510574018126888,0.0,1.0,1.0,0.6726233925563897
317,hulmeville writing desk with hutch,multi_constraint,340,2,0.9664515752024124,0.026627218934911243,1.0,0.0,0.9,0.974581998014136,0.05621301775147929,1.0,0.0,0.95,0.9717308133071585,0.14201183431952663,1.0,0.0,0.98,0.0795676658423671
318,sunjoy lantern,brand_entity_proxy,156,1,0.6943559465628248,0.03571428571428571,0.0,1.0,0.5,0.7787676299523247,0.09285714285714286,0.0,1.0,0.65,0.865751383782762,0.25,0.0,1.0,0.7,0.3433066992153982
319,landis wall mounted bathroom shelves,multi_constraint,673,1,0.8871958738785231,0.05917159763313609,1.0,0.0,1.0,0.9183497146685337,0.10650887573964497,1.0,0.0,0.9,0.9385594887953719,0.2603550295857988,1.0,0.0,0.88,0.5516574968671918
320,blaylock bookcase headboard,product_type,93,1,1.0,0.1282051282051282,1.0,0.0,1.0,1.0,0.2564102564102564,1.0,0.0,1.0,0.9613039354121256,0.5641025641025641,1.0,0.0,0.92,0.3041416706358842
321,hussain handmade tufted magenta rug,multi_constraint,297,1,0.8471779732814125,0.030303030303030304,1.0,0.0,0.9,0.8893838149761623,0.06397306397306397,1.0,0.0,0.95,0.932875691891381,0.1414141414141414,1.0,0.0,0.84,0.09897913080935987
322,cream queen duvet cover,attribute_constraint,242,0,1.0,0.04149377593360996,,,1.0,1.0,0.08298755186721991,,,1.0,1.0,0.2033195020746888,,,0.98,0.11111111111111112
323,hub leaning full length mirror,multi_constraint,126,1,1.0,0.08,1.0,0.0,1.0,1.0,0.144,1.0,0.0,0.9,1.0,0.32,1.0,0.0,0.8,0.2164928205676353
324,chase utility laundry cart,product_type,113,1,1.0,0.08571428571428572,1.0,0.0,0.9,1.0,0.18095238095238095,1.0,0.0,0.95,1.0,0.4,1.0,0.0,0.84,0.40557869382335343
325,outdoor waterproof chest,product_type,120,46,0.2954723988550187,0.023255813953488372,0.021739130434782608,0.9782608695652174,0.6,0.34343133521265423,0.046511627906976744,0.06521739130434782,0.9347826086956522,0.45,0.4772912021649993,0.09302325581395349,0.10869565217391304,0.8913043478260869,0.32,0.06603759821779673
326,bowersville ladder writing desk,product_type,284,1,1.0,0.0353356890459364,1.0,0.0,1.0,1.0,0.06713780918727916,1.0,0.0,0.95,1.0,0.14840989399293286,1.0,0.0,0.84,0.1448395753739787
327,kohler purist brushed bronze,product_type,115,8,0.46628041186554436,0.07954545454545454,0.125,0.875,0.7,0.5554304033754583,0.14772727272727273,0.125,0.875,0.65,0.6629867695852446,0.26136363636363635,0.125,0.875,0.46,0.3854031723090235
328,golub dining table,product_type,659,1,1.0,0.013910355486862442,1.0,0.0,0.9,1.0,0.02627511591962906,1.0,0.0,0.85,1.0,0.06800618238021638,1.0,0.0,0.88,0.19017595947919402
329,wayfair tension rod,product_type,83,2,0.744647546958227,0.12195121951219512,1.0,0.0,1.0,0.8065319251895926,0.24390243902439024,1.0,0.0,1.0,0.8766594587679667,0.43902439024390244,1.0,0.0,0.72,0.2835031273119869
330,kari 2 piece,attribute_constraint,600,1,0.4584660801557625,0.008771929824561403,1.0,0.0,0.5,0.3318485550715127,0.008771929824561403,1.0,0.0,0.25,0.2283184772087339,0.008771929824561403,1.0,0.0,0.18,-0.2708285906175653
331,upholstered girls bed,product_type,533,52,0.3965255762463672,0.016981132075471698,0.019230769230769232,0.9807692307692307,0.9,0.39778888352429753,0.03018867924528302,0.038461538461538464,0.9615384615384616,0.8,0.39928767785704217,0.05471698113207547,0.057692307692307696,0.9423076923076923,0.58,0.03154246188631815
332,attleboro drum coffee table,product_type,1410,1,1.0,0.0071174377224199285,1.0,0.0,1.0,1.0,0.014234875444839857,1.0,0.0,1.0,1.0,0.03416370106761566,1.0,0.0,0.96,0.0869334936998418
333,stainless steel colander set,product_type,315,21,0.9086768598011254,0.12048192771084337,0.38095238095238093,0.6190476190476191,1.0,0.7989961530424666,0.24096385542168675,0.5714285714285714,0.4285714285714286,1.0,0.9232436438953554,0.5903614457831325,0.9047619047619048,0.09523809523809523,1.0,0.6776752798433804
334,itchington butterfly,brand_entity_proxy,122,6,0.41617136724282694,0.06,0.5,0.5,0.8,0.4013555510502932,0.1,0.8333333333333334,0.16666666666666663,0.8,0.38601838940858957,0.14,0.8333333333333334,0.16666666666666663,0.62,-0.030913295922595813
335,canadian,brand_entity_proxy,81,42,1.0,0.14285714285714285,0.14285714285714285,0.8571428571428572,0.6,0.9652498273011314,0.23809523809523808,0.23809523809523808,0.7619047619047619,0.5,0.9606137322525835,0.4523809523809524,0.4523809523809524,0.5476190476190477,0.4,0.7725011445974432
336,mystic swivel,brand_entity_proxy,360,1,0.5415339198442375,0.026239067055393587,0.0,1.0,1.0,0.7262580240566852,0.043731778425655975,1.0,0.0,0.8,0.8213584983417676,0.11078717201166181,1.0,0.0,0.8,0.13544402388446797
337,iittala bowl,brand_entity_proxy,201,39,0.9510907186004265,0.08264462809917356,0.23076923076923078,0.7692307692307692,1.0,0.8967893013397097,0.1652892561983471,0.41025641025641024,0.5897435897435898,1.0,0.7826168338129201,0.4132231404958678,0.5641025641025641,0.4358974358974359,1.0,0.7811612027197458
338,mahone porch rocking chair,product_type,204,1,1.0,0.05714285714285714,1.0,0.0,1.0,1.0,0.11428571428571428,1.0,0.0,1.0,1.0,0.28,1.0,0.0,0.98,0.5409813728787113
339,ruckus chair,product_type,3044,6,0.7944480757091206,0.0673076923076923,1.0,0.0,1.0,0.6491320553824401,0.0673076923076923,1.0,0.0,0.8,0.46437704830269627,0.07692307692307693,1.0,0.0,0.8,0.05930042182387844
340,berenice 4 storage cabinet,attribute_constraint,505,3,0.8864335680588812,0.024691358024691357,0.6666666666666666,0.33333333333333337,1.0,0.9593418429117316,0.04938271604938271,1.0,0.0,1.0,0.9623431550986973,0.10864197530864197,1.0,0.0,0.9,0.5511166194336619
341,canvas map art,product_type,199,22,0.6847376644270303,0.020100502512562814,0.13636363636363635,0.8636363636363636,0.4,0.6266773845879563,0.04522613065326633,0.18181818181818182,0.8181818181818181,0.45,0.7913478816260635,0.11557788944723618,0.36363636363636365,0.6363636363636364,0.46,0.28063577745627677
342,brendon counter stool,product_type,478,2,1.0,0.020964360587002098,1.0,0.0,1.0,1.0,0.039832285115303984,1.0,0.0,0.95,1.0,0.0880503144654088,1.0,0.0,0.84,0.1044776881868729
343,navy and peach bedding,product_type,116,0,1.0,0.008695652173913044,,,0.1,1.0,0.034782608695652174,,,0.2,0.9861910928322911,0.06086956521739131,,,0.14,-0.029240793303537654
344,ottoman bed queen,attribute_constraint,116,0,1.0,0.02631578947368421,,,0.3,1.0,0.07017543859649122,,,0.4,1.0,0.15789473684210525,,,0.36,0.15822362690265632
345,oriental vanity,brand_entity_proxy,1148,0,0.8630152897016883,0.010568031704095112,,,1.0,0.9115945407352251,0.023778071334214,,,1.0,0.9517435991241232,0.0607661822985469,,,0.96,0.6348956728192418
346,nesting tray set,product_type,110,19,0.7768604938853789,0.11363636363636363,0.3157894736842105,0.6842105263157895,1.0,0.7083429724680231,0.20454545454545456,0.47368421052631576,0.5263157894736843,0.9,0.879377522725549,0.4318181818181818,0.7894736842105263,0.21052631578947367,0.76,0.5348785555570599
347,olive green console table,attribute_constraint,577,0,1.0,0.01576182136602452,,,0.9,1.0,0.03327495621716287,,,0.95,1.0,0.07880910683012259,,,0.9,0.15570177169945276
348,one alium way,product_type,2,0,1.0,0.0,,,0.0,1.0,0.0,,,0.0,1.0,0.0,,,0.0,
349,mud room sign,product_type,98,5,0.43518692560571737,0.10526315789473684,0.0,1.0,1.0,0.621579154121924,0.2,0.4,0.6,0.95,0.7682512117605804,0.4,0.4,0.6,0.76,0.09958144685828928
351,white bathroom vanity black hardware,multi_constraint,727,0,1.0,0.014184397163120567,,,1.0,1.0,0.028368794326241134,,,1.0,1.0,0.06950354609929078,,,0.98,0.2963276290561071
352,amarillo,brand_entity_proxy,81,29,1.0,0.3103448275862069,0.3103448275862069,0.6896551724137931,0.9,1.0,0.4482758620689655,0.4482758620689655,0.5517241379310345,0.65,0.9986592965487328,0.6206896551724138,0.6206896551724138,0.3793103448275862,0.36,0.8238338461851421
353,pennfield playhouse,brand_entity_proxy,54,1,1.0,0.4,1.0,0.0,1.0,0.9492218104083499,0.72,1.0,0.0,0.9,0.9866984260678365,0.72,1.0,0.0,0.42,0.717199942537475
354,tressler rug,product_type,1402,0,1.0,0.007288629737609329,,,1.0,1.0,0.013848396501457727,,,0.95,1.0,0.034256559766763846,,,0.94,0.2503964383421328
355,argenteuil,brand_entity_proxy,59,30,1.0,0.3333333333333333,0.3333333333333333,0.6666666666666667,1.0,0.9644899900915856,0.6,0.6,0.4,0.95,0.9920932099133327,0.8333333333333334,0.8333333333333334,0.16666666666666663,0.54,0.8102812398626817
356,platform bed side table,product_type,960,0,0.9148568823583791,0.004246284501061571,,,0.4,0.945051411928014,0.006369426751592357,,,0.35,0.9388495705371188,0.024416135881104035,,,0.48,-0.044643009320296835
357,tall free standing pet gate,multi_constraint,355,34,0.6550258333915895,0.1694915254237288,0.17647058823529413,0.8235294117647058,1.0,0.6585050286171317,0.3389830508474576,0.3235294117647059,0.6764705882352942,1.0,0.8390777874091344,0.847457627118644,0.9117647058823529,0.08823529411764708,1.0,0.6413354649336432
358,sliding closet mirror,product_type,116,4,0.5734654091600279,0.05309734513274336,0.25,0.75,0.6,0.6610170541210604,0.07079646017699115,0.25,0.75,0.4,0.8359331241675823,0.1415929203539823,0.25,0.75,0.32,0.24786684217528082
359,french molding,brand_entity_proxy,203,8,0.2582182060433597,0.04827586206896552,0.125,0.875,1.0,0.4320979955956117,0.1103448275862069,0.375,0.625,1.0,0.6312827808917897,0.23448275862068965,0.875,0.125,0.82,0.2853225831726526
360,huntsville sectional sofa,product_type,125,0,1.0,0.016,,,0.2,1.0,0.032,,,0.2,1.0,0.056,,,0.14,
361,kisner,brand_entity_proxy,98,25,1.0,0.24,0.24,0.76,0.6,0.9286302773775729,0.44,0.44,0.56,0.55,0.9829500858799723,0.52,0.52,0.48,0.28,0.7128710956229293
362,brushed gold wall decor,attribute_constraint,245,0,1.0,0.03571428571428571,,,0.8,1.0,0.06696428571428571,,,0.75,1.0,0.13392857142857142,,,0.6,0.4201444968620007
363,fortunat coffee table,product_type,1380,1,0.6943559465628248,0.007246376811594203,0.0,1.0,1.0,0.7787676299523247,0.014492753623188406,0.0,1.0,1.0,0.865751383782762,0.035507246376811595,0.0,1.0,0.98,0.03126376334711904
364,croscill ashton,brand_entity_proxy,114,0,0.8006937664098821,0.022222222222222223,,,0.1,0.7342287593409471,0.022222222222222223,,,0.05,0.6963169141485669,0.022222222222222223,,,0.02,0.3863772378259587
365,gas detector,brand_entity_proxy,130,9,0.8878829584131814,0.43478260869565216,0.7777777777777778,0.2222222222222222,1.0,0.9060117005527043,0.782608695652174,0.8888888888888888,0.11111111111111116,1.0,0.9623398202566291,1.0,1.0,0.0,0.94,0.6496526747321627
366,drudge report,brand_entity_proxy,1,0,,,,,0.0,,,,,0.0,,,,,0.0,
367,wooden chair outdoor,attribute_constraint,202,42,0.5686307721622641,0.015306122448979591,0.023809523809523808,0.9761904761904762,0.3,0.5852283697207838,0.05102040816326531,0.09523809523809523,0.9047619047619048,0.5,0.6508851600146247,0.12244897959183673,0.23809523809523808,0.7619047619047619,0.48,0.4089928810466225
368,pasta tools,brand_entity_proxy,143,81,1.0,0.08333333333333333,0.12345679012345678,0.8765432098765432,1.0,1.0,0.16666666666666666,0.24691358024691357,0.7530864197530864,1.0,0.9905322247898082,0.4,0.5802469135802469,0.41975308641975306,0.96,0.7762954378131613
369,wrought tv stand,product_type,362,2,0.5821032065260975,0.027777777777777776,0.0,1.0,1.0,0.6833800218492042,0.05555555555555555,0.0,1.0,1.0,0.798147164547621,0.1388888888888889,0.0,1.0,1.0,0.011819450510860727
370,rug for teen room,product_type,3,1,0.8213137146137828,0.0,0.0,1.0,0.0,0.8213137146137828,0.0,0.0,1.0,0.0,0.8213137146137828,0.0,0.0,1.0,0.0,0.0
371,milk cow chair,product_type,112,8,0.413286545585664,0.061855670103092786,0.0,1.0,0.6,0.5331324549080596,0.07216494845360824,0.0,1.0,0.35,0.714856833633801,0.14432989690721648,0.25,0.75,0.28,0.44281090212935953
372,verden callan,brand_entity_proxy,120,1,0.8948763559161851,0.020833333333333332,1.0,0.0,0.1,0.869727842170978,0.020833333333333332,1.0,0.0,0.05,0.7309143518122777,0.020833333333333332,1.0,0.0,0.02,0.443400362289589
373,togo chair,product_type,3233,0,1.0,0.0025493945188017845,,,0.8,1.0,0.005417463352453792,,,0.85,1.0,0.013702995538559592,,,0.86,0.26447232168477036
374,sinks bed frame,product_type,170,0,1.0,0.03546099290780142,,,0.5,0.9652498273011313,0.03546099290780142,,,0.25,0.9649035105426556,0.09219858156028368,,,0.26,0.28759933056607767
375,pastel pink desk chair,product_type,211,0,1.0,0.024154589371980676,,,0.5,1.0,0.043478260869565216,,,0.45,1.0,0.10144927536231885,,,0.42,0.2310749671745195
376,island estate coffee table,product_type,1430,3,0.7016836083896635,0.00700770847932726,0.6666666666666666,0.33333333333333337,1.0,0.7675835203503413,0.01401541695865452,0.6666666666666666,0.33333333333333337,1.0,0.8469193938567062,0.03433777154870357,0.6666666666666666,0.33333333333333337,0.98,0.07654798626239413
377,glinda upholstered bench,product_type,134,0,1.0,0.07462686567164178,,,1.0,1.0,0.14925373134328357,,,1.0,1.0,0.3656716417910448,,,0.98,
378,cliffside 5 light candle style drum chandelier,multi_constraint,580,0,1.0,0.017825311942959002,,,1.0,1.0,0.035650623885918005,,,1.0,1.0,0.08912655971479501,,,1.0,0.28962714575686627
379,urban outfitters duvet,product_type,71,0,1.0,0.08450704225352113,,,0.6,1.0,0.19718309859154928,,,0.7,1.0,0.29577464788732394,,,0.42,
380,gravity feeder,brand_entity_proxy,124,6,0.9871983103990516,0.2222222222222222,1.0,0.0,1.0,0.9895399242101326,0.4222222222222222,1.0,0.0,0.95,0.9516027369495078,0.7777777777777778,1.0,0.0,0.74,0.8061126105821417
381,farmhouse hood vent,style,80,0,1.0,0.0875,,,0.7,1.0,0.2125,,,0.85,1.0,0.55,,,0.88,
382,counter top one cup hot water dispenser,multi_constraint,89,4,0.4700182601018591,0.18181818181818182,0.0,1.0,1.0,0.5788037469624102,0.36363636363636365,0.0,1.0,1.0,0.7695022910601117,0.7454545454545455,0.25,0.75,0.82,0.729741326979737
383,minnestrista,brand_entity_proxy,3,0,1.0,0.0,,,0.0,1.0,0.0,,,0.0,1.0,0.0,,,0.0,
384,dining table vinyl cloth,product_type,687,20,1.0,0.16393442622950818,0.5,0.5,1.0,0.8808654252793748,0.3114754098360656,0.7,0.30000000000000004,0.95,0.9316051130929863,0.6229508196721312,1.0,0.0,0.78,0.36882855150562077
385,mom urn,brand_entity_proxy,55,0,0.9216017310213247,0.2962962962962963,,,0.9,0.9494043170253829,0.5925925925925926,,,0.85,0.9723323862260693,0.7037037037037037,,,0.4,0.7079414015063269
386,alter furniture,brand_entity_proxy,298,0,1.0,0.0,,,0.0,1.0,0.0,,,0.0,1.0,0.0,,,0.0,0.6105388290883862
387,self enclosed planters,product_type,92,0,1.0,0.08695652173913043,,,0.8,1.0,0.18478260869565216,,,0.85,1.0,0.40217391304347827,,,0.74,
388,outdoor sectional doning,product_type,64,0,0.9052116356304495,0.0,,,0.0,0.938826684621968,0.03333333333333333,,,0.1,0.9363599601065008,0.08333333333333333,,,0.12,-0.003494282789073061
389,brush nickel faucet bathroom,product_type,337,157,0.5731273379375612,0.01238390092879257,0.006369426751592357,0.9936305732484076,0.4,0.5794682606699219,0.030959752321981424,0.025477707006369428,0.9745222929936306,0.5,0.6245792896753392,0.09907120743034056,0.08917197452229299,0.910828025477707,0.64,0.07925725040131852
390,cushion replacement insert,product_type,61,0,1.0,0.13114754098360656,,,0.8,1.0,0.19672131147540983,,,0.6,1.0,0.2786885245901639,,,0.34,
391,"writing desk 48""",attribute_constraint,229,8,0.46628041186554436,0.017467248908296942,0.125,0.875,0.4,0.5554304033754583,0.056768558951965066,0.125,0.875,0.65,0.7159673491514407,0.14847161572052403,0.125,0.875,0.68,0.0679954661302537
392,china clock,brand_entity_proxy,368,0,1.0,0.028985507246376812,,,1.0,1.0,0.057971014492753624,,,1.0,1.0,0.14492753623188406,,,1.0,0.41831322163108164
393,propane gas dryer,product_type,96,0,1.0,0.13333333333333333,,,1.0,1.0,0.26666666666666666,,,1.0,0.8456265427692926,0.4533333333333333,,,0.84,0.1868592065503598
394,gray leather cocktail table,attribute_constraint,117,0,1.0,0.04854368932038835,,,0.5,0.9342242174669668,0.08737864077669903,,,0.45,0.9355065349081056,0.1553398058252427,,,0.32,0.2323561964254384
395,pantry grey,attribute_constraint,74,0,0.6816604510406282,0.0625,,,0.1,0.675053902759549,0.0625,,,0.15,0.798859956251831,0.25,,,0.12,0.4395321083334216
396,alyse 8 light,attribute_constraint,136,1,0.8389858920495984,0.03787878787878788,1.0,0.0,0.5,0.8834541934894815,0.05303030303030303,1.0,0.0,0.35,0.9292774685432004,0.10606060606060606,1.0,0.0,0.3,0.15412581167775058
397,maryford queen tufted bed,attribute_constraint,493,0,1.0,0.020366598778004074,,,1.0,1.0,0.038696537678207736,,,0.95,1.0,0.08961303462321792,,,0.88,0.08498221828352373
398,super bright lights,product_type,107,19,0.9537125187088151,0.04819277108433735,0.21052631578947367,0.7894736842105263,0.4,0.8234297576201064,0.08433734939759036,0.3684210526315789,0.631578947368421,0.35,0.9475645065549666,0.18072289156626506,0.5789473684210527,0.42105263157894735,0.3,0.7245411890934135
399,12v dirt bike,attribute_constraint,85,0,1.0,0.14705882352941177,,,1.0,1.0,0.29411764705882354,,,1.0,1.0,0.6323529411764706,,,0.86,0.5705974021574557
400,small ladies rocker swivel recliner,multi_constraint,24,0,1.0,0.0,,,0.0,1.0,0.041666666666666664,,,0.05,1.0,0.20833333333333334,,,0.1,
401,glass lsmp shades,product_type,55,18,0.7721206947887317,0.09259259259259259,0.16666666666666666,0.8333333333333334,0.5,0.7191595462759084,0.16666666666666666,0.3333333333333333,0.6666666666666667,0.45,0.9135541988933806,0.42592592592592593,0.5555555555555556,0.4444444444444444,0.46,0.34261875388872914
402,modern farmhouse lighting semi flush mount,style,251,7,0.4377903828266175,0.04424778761061947,0.14285714285714285,0.8571428571428572,1.0,0.5358378536485268,0.08849557522123894,0.14285714285714285,0.8571428571428572,1.0,0.7275618265510568,0.22123893805309736,0.5714285714285714,0.4285714285714286,1.0,0.4890401033702758
403,wood rack wide,attribute_constraint,149,31,0.3333333333333333,0.056451612903225805,0.0,1.0,0.7,0.3307429906250915,0.08064516129032258,0.0,1.0,0.5,0.4703312312085014,0.1693548387096774,0.06451612903225806,0.935483870967742,0.48,0.12368149427418892
404,large cushion outdoor chair,attribute_constraint,564,4,0.4700182601018591,0.017241379310344827,0.0,1.0,0.9,0.5788037469624102,0.03639846743295019,0.0,1.0,0.95,0.7042852436652811,0.08237547892720307,0.0,1.0,0.88,0.2254410132713728
405,queen ann style living room chair,multi_constraint,446,0,1.0,0.011594202898550725,,,0.4,1.0,0.014492753623188406,,,0.25,0.9843500333548644,0.028985507246376812,,,0.2,0.6520328483063853
406,refrigerator with ice an water in door,multi_constraint,98,22,0.3900954117610807,0.11688311688311688,0.045454545454545456,0.9545454545454546,0.9,0.42061729541089365,0.24675324675324675,0.13636363636363635,0.8636363636363636,0.95,0.6880384238941891,0.6103896103896104,0.6363636363636364,0.36363636363636365,0.96,0.449290464780047
407,huge bookcase,product_type,331,11,0.3333333333333333,0.030211480362537766,0.0,1.0,1.0,0.45127038011263787,0.06042296072507553,0.09090909090909091,0.9090909090909091,1.0,0.5938512979214632,0.1510574018126888,0.09090909090909091,0.9090909090909091,1.0,0.04745102077613717
408,girl reading statue,product_type,102,31,1.0,0.09803921568627451,0.3225806451612903,0.6774193548387097,1.0,0.9521185802999358,0.19607843137254902,0.5806451612903226,0.4193548387096774,1.0,0.9590713116234949,0.46078431372549017,0.9032258064516129,0.09677419354838712,0.94,0.6562496895062345
409,teal chair,product_type,3393,40,0.3333333333333333,0.00196078431372549,0.0,1.0,0.6,0.3333333333333334,0.00392156862745098,0.0,1.0,0.6,0.36766838484323017,0.010784313725490196,0.0,1.0,0.66,0.44070196125305905
410,pool floats,brand_entity_proxy,281,58,1.0,0.10416666666666667,0.1724137931034483,0.8275862068965517,1.0,1.0,0.20833333333333334,0.3448275862068966,0.6551724137931034,1.0,0.9186822759684119,0.5,0.7068965517241379,0.2931034482758621,0.98,0.7506663544918974
411,outdoor clock,brand_entity_proxy,1566,85,1.0,0.02865329512893983,0.11764705882352941,0.8823529411764706,1.0,0.9516759749177383,0.05730659025787966,0.21176470588235294,0.788235294117647,1.0,0.8267736524518947,0.14326647564469913,0.38823529411764707,0.611764705882353,1.0,0.716858228169247
412,jennie tufted upholstered low profile platform bed,multi_constraint,1090,1,0.6943559465628248,0.009578544061302681,0.0,1.0,1.0,0.7787676299523247,0.017241379310344827,0.0,1.0,0.9,0.8923648110925042,0.04118773946360153,1.0,0.0,0.86,0.32453068534593343
413,burruss patio sectional with cushions,multi_constraint,599,1,1.0,0.017825311942959002,1.0,0.0,1.0,1.0,0.0338680926916221,1.0,0.0,0.95,0.9870163864872523,0.07308377896613191,1.0,0.0,0.84,0.18987544292750283
414,shower hooks,brand_entity_proxy,914,165,1.0,0.02666666666666667,0.06060606060606061,0.9393939393939394,1.0,1.0,0.05333333333333334,0.12121212121212122,0.8787878787878788,1.0,1.0,0.13333333333333333,0.30303030303030304,0.696969696969697,1.0,0.7580813990945555
415,toilet paper stand,product_type,151,75,1.0,0.08130081300813008,0.13333333333333333,0.8666666666666667,1.0,0.9772913518293451,0.16260162601626016,0.25333333333333335,0.7466666666666666,1.0,0.9397377194086988,0.4065040650406504,0.5866666666666667,0.41333333333333333,1.0,0.7339036591185435
416,wayfair coffee table,product_type,1447,0,1.0,0.00693000693000693,,,1.0,1.0,0.01386001386001386,,,1.0,1.0,0.03465003465003465,,,1.0,0.08775749821671226
417,twin bed frame,attribute_constraint,567,188,0.6719958531284241,0.01601423487544484,0.031914893617021274,0.9680851063829787,0.9,0.6258889255417492,0.03202846975088968,0.047872340425531915,0.9521276595744681,0.9,0.6241624056922365,0.08185053380782918,0.10106382978723404,0.898936170212766,0.92,0.28671772801770834
418,writing desk,product_type,1123,608,0.955830517697074,0.01002004008016032,0.014802631578947368,0.9851973684210527,1.0,0.9714944583233123,0.02004008016032064,0.03125,0.96875,1.0,0.9546628437366449,0.050100200400801605,0.0756578947368421,0.9243421052631579,1.0,0.5267385372972595
419,living room ideas,product_type,21,16,0.9074250374176304,0.0,0.0,1.0,0.0,0.9291301637341833,0.0,0.0,1.0,0.0,0.9529732335939972,0.047619047619047616,0.0625,0.9375,0.02,0.22156468376279892
420,tile backsplash,brand_entity_proxy,1013,766,1.0,0.010101010101010102,0.013054830287206266,0.9869451697127938,1.0,1.0,0.020202020202020204,0.02610966057441253,0.9738903394255874,1.0,0.9905881183574964,0.050505050505050504,0.0639686684073107,0.9360313315926893,1.0,0.32531332449111433
421,dining room tables,product_type,758,649,1.0,0.0125,0.01386748844375963,0.9861325115562404,0.9,1.0,0.018055555555555554,0.020030816640986132,0.9799691833590138,0.65,1.0,0.05,0.05546995377503852,0.9445300462249615,0.72,0.38369028149757356
422,ergonomic chair,product_type,3328,428,1.0,0.0032637075718015664,0.02336448598130841,0.9766355140186916,1.0,0.950877307125468,0.006527415143603133,0.04205607476635514,0.9579439252336449,1.0,0.9546159441032285,0.016318537859007835,0.10747663551401869,0.8925233644859814,1.0,0.5799603086359005
423,wall shelves,brand_entity_proxy,3034,285,1.0,0.021479713603818614,0.031578947368421054,0.968421052631579,0.9,1.0,0.04295942720763723,0.06315789473684211,0.9368421052631579,0.9,1.0,0.10978520286396182,0.16140350877192983,0.8385964912280701,0.92,0.5822928581074137
424,wayfair comforters,brand_entity_proxy,618,4,0.9353079797421472,0.0223463687150838,1.0,0.0,0.9,0.9269935520752564,0.04748603351955307,1.0,0.0,0.95,0.9507233096506293,0.12569832402234637,1.0,0.0,0.94,0.7366490342616192
425,side table with storage,product_type,742,56,0.3900954117610807,0.009735744089012517,0.017857142857142856,0.9821428571428571,0.7,0.3955554841582459,0.02364394993045897,0.03571428571428571,0.9642857142857143,0.85,0.3906375384938586,0.055632823365785816,0.05357142857142857,0.9464285714285714,0.82,0.2696495876890804
426,outdoor storage,product_type,3254,223,1.0,0.008169934640522876,0.04484304932735426,0.9551569506726457,1.0,1.0,0.016339869281045753,0.08968609865470852,0.9103139013452914,1.0,1.0,0.04084967320261438,0.2242152466367713,0.7757847533632287,1.0,0.5147424440802697
427,lowes tile,brand_entity_proxy,1125,0,1.0,0.006389776357827476,,,0.4,1.0,0.01597444089456869,,,0.5,0.9830897184003546,0.04313099041533546,,,0.56,0.845135203575299
428,kitchen storage cabinet,product_type,537,66,0.8527809579781418,0.016877637130801686,0.09090909090909091,0.9090909090909091,0.8,0.8149916098147745,0.03375527426160337,0.18181818181818182,0.8181818181818181,0.8,0.6603482320253796,0.06962025316455696,0.24242424242424243,0.7575757575757576,0.66,0.3674105359428247
429,gray dresser,attribute_constraint,860,94,0.646503863333913,0.01949317738791423,0.0425531914893617,0.9574468085106383,1.0,0.6350269864580195,0.03898635477582846,0.0851063829787234,0.9148936170212766,1.0,0.5498695935669722,0.09746588693957114,0.13829787234042554,0.8617021276595744,1.0,0.714198703787882
430,30 inch bathroom vanity,attribute_constraint,662,98,0.5908982761641739,0.012618296529968454,0.04081632653061224,0.9591836734693877,0.8,0.5502089075738793,0.026813880126182965,0.07142857142857142,0.9285714285714286,0.85,0.5338109703238887,0.07255520504731862,0.1326530612244898,0.8673469387755102,0.92,0.2906960313832599
431,shoe bench entryway,product_type,160,75,0.8043628744017064,0.06493506493506493,0.10666666666666667,0.8933333333333333,1.0,0.8737421869923045,0.12337662337662338,0.22666666666666666,0.7733333333333333,0.95,0.8631950461065613,0.2857142857142857,0.5066666666666667,0.4933333333333333,0.88,0.5212392962855629
432,butcher block island,product_type,176,42,0.9510907186004265,0.05747126436781609,0.21428571428571427,0.7857142857142857,1.0,0.9684355467480761,0.11494252873563218,0.4523809523809524,0.5476190476190477,1.0,0.8669218507043529,0.27586206896551724,0.7380952380952381,0.26190476190476186,0.96,0.5980853425835426
433,trundle daybed,brand_entity_proxy,273,113,1.0,0.04132231404958678,0.08849557522123894,0.911504424778761,1.0,1.0,0.08264462809917356,0.17699115044247787,0.8230088495575221,1.0,0.9815390899284006,0.2066115702479339,0.4247787610619469,0.5752212389380531,1.0,0.764273054946244
434,bathroom lighting,brand_entity_proxy,3530,226,1.0,0.007288629737609329,0.04424778761061947,0.9557522123893806,1.0,1.0,0.014577259475218658,0.08849557522123894,0.911504424778761,1.0,0.9585657864504441,0.03644314868804665,0.20353982300884957,0.7964601769911505,1.0,0.6853794820215149
435,shoe closet,brand_entity_proxy,443,47,0.6371857574553587,0.028169014084507043,0.10638297872340426,0.8936170212765957,1.0,0.6197387294942107,0.056338028169014086,0.19148936170212766,0.8085106382978724,1.0,0.5858856780926492,0.14084507042253522,0.3617021276595745,0.6382978723404256,1.0,0.6007228073817691
436,full bed with trundle,product_type,214,46,0.5778018789192229,0.038461538461538464,0.06521739130434782,0.9347826086956522,0.8,0.5389867700800217,0.057692307692307696,0.10869565217391304,0.8913043478260869,0.6,0.5569188670162271,0.15865384615384615,0.21739130434782608,0.782608695652174,0.66,0.24882918481485275
437,kitchen islands with seating,product_type,195,47,0.7144233020466024,0.055865921787709494,0.1276595744680851,0.8723404255319149,1.0,0.7437263767733504,0.11173184357541899,0.2765957446808511,0.7234042553191489,1.0,0.6471596230321431,0.27932960893854747,0.425531914893617,0.574468085106383,1.0,0.5190615367103815
438,indoor water fountain,product_type,156,101,0.8803485966094551,0.05161290322580645,0.0594059405940594,0.9405940594059405,0.8,0.8465395622478417,0.10967741935483871,0.1188118811881188,0.8811881188118812,0.85,0.8659890041430917,0.23870967741935484,0.2871287128712871,0.7128712871287128,0.74,0.3423059868242568
439,parsons chairs,brand_entity_proxy,3276,216,0.9074250374176304,0.004111842105263158,0.041666666666666664,0.9583333333333334,1.0,0.9402551418644377,0.008223684210526315,0.08796296296296297,0.912037037037037,1.0,0.9465881204523594,0.02055921052631579,0.2175925925925926,0.7824074074074074,1.0,0.47531327502909315
440,wood bar stools,attribute_constraint,777,255,0.8340611153182703,0.01310615989515072,0.03137254901960784,0.9686274509803922,1.0,0.7277398493137414,0.02621231979030144,0.043137254901960784,0.9568627450980393,1.0,0.7326609228013852,0.0655307994757536,0.11372549019607843,0.8862745098039215,1.0,0.31180207368181
441,desk for kids,product_type,1385,78,0.9368077570869662,0.0050150451354062184,0.05128205128205128,0.9487179487179487,0.5,0.9369261288248365,0.013039117352056168,0.15384615384615385,0.8461538461538461,0.65,0.8149374421516117,0.037111334002006016,0.358974358974359,0.641025641025641,0.74,0.7207209627638143
442,above toilet cabinet,product_type,1137,70,1.0,0.02444987775061125,0.14285714285714285,0.8571428571428572,1.0,0.9540349991379147,0.0488997555012225,0.2571428571428571,0.7428571428571429,1.0,0.8855697732531452,0.1198044009779951,0.5428571428571428,0.4571428571428572,0.98,0.5563089947299826
443,patio design,brand_entity_proxy,409,352,1.0,0.011235955056179775,0.011363636363636364,0.9886363636363636,0.4,1.0,0.025280898876404494,0.02556818181818182,0.9744318181818182,0.45,0.9861910928322911,0.0449438202247191,0.045454545454545456,0.9545454545454546,0.32,0.5163560943726797
444,outdoor lounge chair,product_type,364,114,1.0,0.031746031746031744,0.08771929824561403,0.9122807017543859,1.0,1.0,0.05396825396825397,0.14912280701754385,0.8508771929824561,0.85,0.9096490510024531,0.12063492063492064,0.2894736842105263,0.7105263157894737,0.76,0.5949923979292564
445,chaise lounge couch,product_type,350,170,0.955830517697074,0.030864197530864196,0.052941176470588235,0.9470588235294117,1.0,0.9492027974001699,0.06172839506172839,0.10588235294117647,0.8941176470588236,1.0,0.9332279394658355,0.15123456790123457,0.2529411764705882,0.7470588235294118,0.98,0.6562353092926734
446,card table,product_type,4326,57,1.0,0.002861230329041488,0.17543859649122806,0.8245614035087719,1.0,1.0,0.005722460658082976,0.3508771929824561,0.6491228070175439,1.0,0.9862624056311925,0.01402002861230329,0.8596491228070176,0.14035087719298245,1.0,0.3727918507509656
447,tall buffet cabinet,attribute_constraint,212,3,0.584369627369062,0.03365384615384615,0.0,1.0,0.7,0.6761849138731291,0.0673076923076923,0.3333333333333333,0.6666666666666667,0.7,0.8072671770544408,0.15384615384615385,0.3333333333333333,0.6666666666666667,0.64,0.18700268763094527
448,bed side table,product_type,203,81,0.4974571369770405,0.010101010101010102,0.0,1.0,0.2,0.5578308635292207,0.020202020202020204,0.012345679012345678,0.9876543209876543,0.2,0.5228118170991688,0.030303030303030304,0.024691358024691357,0.9753086419753086,0.12,-0.1752269002872389
449,living room designs,product_type,172,164,1.0,0.012121212121212121,0.012195121951219513,0.9878048780487805,0.2,1.0,0.012121212121212121,0.012195121951219513,0.9878048780487805,0.1,1.0,0.01818181818181818,0.018292682926829267,0.9817073170731707,0.06,0.12754262187890172
451,aiden black velvet bed,attribute_constraint,111,0,1.0,0.019801980198019802,,,0.2,0.92486892303577,0.0297029702970297,,,0.15,0.925802322076294,0.06930693069306931,,,0.14,0.012766384914010033
452,day bed indian,product_type,105,0,1.0,0.0761904761904762,,,0.8,1.0,0.12380952380952381,,,0.65,1.0,0.3333333333333333,,,0.7,
453,midcentury tv unit,product_type,118,25,0.44236092441353086,0.00847457627118644,0.0,1.0,0.1,0.4764487673087628,0.03389830508474576,0.0,1.0,0.2,0.6673770439306264,0.09322033898305085,0.08,0.92,0.22,0.1768719115781389
454,carpet 5x6,attribute_constraint,110,0,0.5067837010870874,0.025,,,0.2,0.4684567651277828,0.025,,,0.2,0.6195180996125429,0.05,,,0.18,-0.2102122479523712
455,deer coat hooks,product_type,110,2,0.6675139551208341,0.09174311926605505,0.5,0.5,1.0,0.7480915721080779,0.1743119266055046,0.5,0.5,0.95,0.8394023310174124,0.44036697247706424,0.5,0.5,0.96,0.12365697968324293
456,wall design shelf,product_type,221,76,0.5812233682870854,0.046153846153846156,0.05263157894736842,0.9473684210526316,0.9,0.5891057528657786,0.08205128205128205,0.09210526315789473,0.9078947368421053,0.8,0.6443135955274134,0.2,0.25,0.75,0.78,0.4250396770716445
457,5 gang light switch,attribute_constraint,329,0,1.0,0.057803468208092484,,,1.0,1.0,0.11560693641618497,,,1.0,1.0,0.28901734104046245,,,1.0,0.8167385666509848
458,bubble guppies chair,product_type,120,0,1.0,0.08421052631578947,,,0.8,0.9671350294324229,0.11578947368421053,,,0.55,0.9407720940499384,0.14736842105263157,,,0.28,0.536390533805527
459,tye dye duvet cover,product_type,205,19,0.8446849276286175,0.03902439024390244,0.2631578947368421,0.736842105263158,0.8,0.8017033790928656,0.05853658536585366,0.47368421052631576,0.5263157894736843,0.6,0.8871291904442736,0.18048780487804877,0.631578947368421,0.368421052631579,0.74,0.39738898771989695
460,small wardrobe grey,attribute_constraint,111,7,0.43282899081155907,0.03571428571428571,0.0,1.0,0.3,0.5652438049324168,0.03571428571428571,0.0,1.0,0.15,0.6954901652533028,0.08333333333333333,0.14285714285714285,0.8571428571428572,0.14,0.40482532805703664
461,luau string lights,product_type,61,4,0.8603973473034904,0.1724137931034483,0.75,0.25,1.0,0.9311388771979009,0.3448275862068966,1.0,0.0,1.0,0.9426138544469063,0.5517241379310345,1.0,0.0,0.64,0.43534055593775045
462,large bases,attribute_constraint,2,0,0.6309297535714575,0.0,,,0.0,0.6309297535714575,0.0,,,0.0,0.6309297535714575,0.0,,,0.0,-0.9999999999999999
463,bistro sets patio,product_type,274,139,1.0,0.04784688995215311,0.07194244604316546,0.9280575539568345,1.0,1.0,0.09569377990430622,0.14388489208633093,0.8561151079136691,1.0,0.9907450280402066,0.23444976076555024,0.34532374100719426,0.6546762589928057,0.98,0.8233883644220373
464,cake cutlery,brand_entity_proxy,157,85,1.0,0.10869565217391304,0.11764705882352941,0.8823529411764706,1.0,1.0,0.21739130434782608,0.23529411764705882,0.7647058823529411,1.0,0.9407730440050883,0.5,0.5411764705882353,0.45882352941176474,0.98,0.46740635083114984
465,white abstract,attribute_constraint,2,1,0.7967075809905066,0.0,0.0,1.0,0.0,0.7967075809905066,0.0,0.0,1.0,0.0,0.7967075809905066,0.0,0.0,1.0,0.0,-0.9999999999999999
466,rock climbing wall kids,product_type,93,1,0.6399196422972498,0.2727272727272727,0.0,1.0,1.0,0.7128382096634397,0.5151515151515151,0.0,1.0,0.95,0.7856880946961996,0.8787878787878788,0.0,1.0,0.76,0.7023152553351678
467,town & country living curtains,product_type,150,0,1.0,0.04,,,0.6,1.0,0.07333333333333333,,,0.55,1.0,0.14666666666666667,,,0.44,
468,glow in the dark silent wall clock,multi_constraint,294,4,0.6805916686548646,0.035211267605633804,0.5,0.5,1.0,0.8364542764798825,0.07042253521126761,1.0,0.0,1.0,0.889612599914846,0.17253521126760563,1.0,0.0,0.98,0.35009419846808937
469,garage sports storage rack,product_type,161,64,1.0,0.06369426751592357,0.15625,0.84375,1.0,0.9565311588560688,0.12738853503184713,0.28125,0.71875,1.0,0.8867479372365026,0.3184713375796178,0.609375,0.390625,1.0,0.6922361922304053
470,elephant framed,brand_entity_proxy,638,45,0.8532721558012799,0.03508771929824561,0.2,0.8,1.0,0.9053066402442285,0.07017543859649122,0.4222222222222222,0.5777777777777777,1.0,0.9189849136668934,0.15087719298245614,0.9111111111111111,0.0888888888888889,0.9,0.6765766647342691
471,adjustable height artist stool,product_type,310,1,0.6943559465628248,0.04950495049504951,0.0,1.0,1.0,0.7787676299523247,0.09900990099009901,0.0,1.0,1.0,0.865751383782762,0.24752475247524752,0.0,1.0,1.0,0.7783792493867593
472,window wall accent,product_type,108,47,0.9537125187088151,0.08,0.14893617021276595,0.851063829787234,0.8,0.9701275709322188,0.15,0.2978723404255319,0.7021276595744681,0.75,0.9402356818314005,0.29,0.5957446808510638,0.4042553191489362,0.6,0.7138159927629196
473,chair pillow cushion,product_type,286,126,1.0,0.02973977695167286,0.06349206349206349,0.9365079365079365,0.8,0.950877307125468,0.055762081784386616,0.1111111111111111,0.8888888888888888,0.75,0.8949596622274296,0.11152416356877323,0.1984126984126984,0.8015873015873016,0.6,0.5064233689575084
474,48 inch bathroom vanity with trough sink,multi_constraint,784,0,1.0,0.012693935119887164,,,0.9,1.0,0.02538787023977433,,,0.9,1.0,0.06770098730606489,,,0.96,0.46096893480496537
475,rattan truck,brand_entity_proxy,70,0,0.88995411685096,0.030303030303030304,,,0.1,0.8600324788900436,0.06060606060606061,,,0.1,0.9502884893144644,0.12121212121212122,,,0.1,0.6933168695972092
476,hardwood beds,brand_entity_proxy,2224,639,0.8743705652481897,0.004772004241781549,0.012519561815336464,0.9874804381846636,1.0,0.8618539941317421,0.009544008483563097,0.025039123630672927,0.974960876369327,1.0,0.8400625146060924,0.02386002120890774,0.057902973395931145,0.9420970266040689,0.96,0.5668259200160906
478,worn leather office chair,attribute_constraint,445,1,0.8259896754927477,0.02112676056338028,1.0,0.0,0.9,0.8740472256188766,0.03755868544600939,1.0,0.0,0.8,0.9235691157413181,0.07042253521126761,1.0,0.0,0.6,0.08644148708595027
479,garage door mail slot,product_type,83,0,1.0,0.18181818181818182,,,1.0,1.0,0.36363636363636365,,,1.0,1.0,0.8909090909090909,,,0.98,0.8189821166039422
480,pictures to hang over fireplace,multi_constraint,3,0,1.0,0.3333333333333333,,,0.1,1.0,0.6666666666666666,,,0.1,1.0,0.6666666666666666,,,0.04,
481,emma headboard,brand_entity_proxy,219,1,0.6179449332035313,0.02843601895734597,0.0,1.0,0.7,0.7234595374404059,0.037914691943127965,0.0,1.0,0.45,0.8321892297284524,0.11374407582938388,0.0,1.0,0.5,0.04491389165230851
482,48 inch kitchen hood,attribute_constraint,104,12,0.5726361401144231,0.10101010101010101,0.16666666666666666,0.8333333333333334,1.0,0.6259090771935217,0.20202020202020202,0.25,0.75,1.0,0.8203143643246359,0.5050505050505051,0.75,0.25,1.0,0.3015962787456252
483,rustic twig,style,248,4,0.6005540286277394,0.0430622009569378,0.25,0.75,0.9,0.7246317016410351,0.08133971291866028,0.5,0.5,0.85,0.7924701253249046,0.14832535885167464,0.5,0.5,0.64,0.2911050396504521
484,nespresso vertuo next premium by breville with aeroccino,long_descriptive,53,0,1.0,0.38461538461538464,,,1.0,0.8994740447680981,0.6538461538461539,,,1.0,0.9871357424445455,0.9230769230769231,,,0.54,0.7673330500768103
485,pedistole sink,brand_entity_proxy,255,0,0.4990267326507383,0.006578947368421052,,,0.3,0.6393814604350484,0.013157894736842105,,,0.2,0.7296964635269526,0.05921052631578947,,,0.28,0.37836953230957443
486,54 in bench cushion,attribute_constraint,87,0,1.0,0.09195402298850575,,,0.8,1.0,0.1724137931034483,,,0.75,1.0,0.25287356321839083,,,0.44,
487,rack glass,brand_entity_proxy,946,2,0.26079971590471274,0.0,0.0,1.0,0.0,0.2933688748315889,0.002304147465437788,0.0,1.0,0.05,0.32189604169502567,0.009216589861751152,0.0,1.0,0.18,-0.014429056970843946
