query_id,query,query_type,n_judged,n_highest,cNDCG@10,RelevantRecall@10,HighestRecall@10,RelevantHidden@10,JudgedCoverage@10,cNDCG@20,RelevantRecall@20,HighestRecall@20,RelevantHidden@20,JudgedCoverage@20,cNDCG@50,RelevantRecall@50,HighestRecall@50,RelevantHidden@50,JudgedCoverage@50,RelevanceVisibilitySpearman
0,salon chair,product_type,3301,39,0.5512050839500782,0.001990049751243781,0.10256410256410256,0.8974358974358975,1.0,0.6309936137786516,0.004975124378109453,0.28205128205128205,0.717948717948718,1.0,0.6853838877957332,0.012271973466003316,0.5897435897435898,0.41025641025641024,0.88,0.24640972560141894
1,smart coffee table,product_type,1436,8,0.3649302102017378,0.006346967559943582,0.0,1.0,0.9,0.47100925925184517,0.012693935119887164,0.0,1.0,0.9,0.6199443599094665,0.03314527503526093,0.0,1.0,0.94,0.04233245287506073
2,dinosaur,brand_entity_proxy,165,151,1.0,0.06329113924050633,0.06622516556291391,0.9337748344370861,1.0,0.9777083390768576,0.12658227848101267,0.12582781456953643,0.8741721854304636,1.0,0.9779826767158987,0.31645569620253167,0.31788079470198677,0.6821192052980132,1.0,0.2354050788656482
3,turquoise pillows,brand_entity_proxy,997,55,0.7616544678197374,0.011658031088082901,0.10909090909090909,0.8909090909090909,1.0,0.6353475669631004,0.02461139896373057,0.12727272727272726,0.8727272727272728,1.0,0.5170444558810395,0.05829015544041451,0.2,0.8,1.0,0.5557646954516664
4,chair and a half recliner,multi_constraint,239,23,0.5358918212400514,0.015789473684210527,0.0,1.0,0.3,0.4904720122856245,0.02631578947368421,0.043478260869565216,0.9565217391304348,0.25,0.6519026586362325,0.08421052631578947,0.21739130434782608,0.782608695652174,0.32,0.45162603055739015
5,sofa with ottoman,product_type,1344,179,0.8824665955977139,0.0038197097020626434,0.0223463687150838,0.9776536312849162,0.5,0.8323663220622814,0.009167303284950344,0.055865921787709494,0.9441340782122905,0.6,0.8501605938739538,0.025974025974025976,0.15083798882681565,0.8491620111731844,0.68,0.44744259590214275
6,acrylic clear chair,attribute_constraint,109,43,0.9095430364058891,0.09090909090909091,0.16279069767441862,0.8372093023255813,0.9,0.8666634777017481,0.12121212121212122,0.20930232558139536,0.7906976744186046,0.6,0.8473192545669007,0.18181818181818182,0.3023255813953488,0.6976744186046512,0.36,0.5544617793019904
7,driftwood mirror,product_type,603,23,0.7659543835545644,0.018691588785046728,0.21739130434782608,0.782608695652174,1.0,0.6804078146430347,0.037383177570093455,0.34782608695652173,0.6521739130434783,1.0,0.7859727232876963,0.09345794392523364,0.5652173913043478,0.4347826086956522,1.0,0.4797262478319527
8,home sweet home sign,product_type,105,25,0.5687625176225395,0.05319148936170213,0.04,0.96,0.5,0.5474862772672325,0.10638297872340426,0.12,0.88,0.5,0.7467562783230625,0.23404255319148937,0.28,0.72,0.46,0.3831131019671836
9,coffee table fire pit,product_type,1516,74,0.6887168389633207,0.005298013245033113,0.05405405405405406,0.9459459459459459,0.8,0.58692376937385,0.011258278145695364,0.08108108108108109,0.9189189189189189,0.85,0.5013606208647998,0.031125827814569535,0.12162162162162163,0.8783783783783784,0.94,0.25269909597789403
10,king poster bed,attribute_constraint,177,21,0.7347014023042692,0.056818181818181816,0.23809523809523808,0.7619047619047619,1.0,0.6692381501533557,0.09659090909090909,0.38095238095238093,0.6190476190476191,0.85,0.8007669627389343,0.14772727272727273,0.47619047619047616,0.5238095238095238,0.52,0.2692867020391697
11,ombre rug,product_type,1428,65,0.8532721558012799,0.007042253521126761,0.13846153846153847,0.8615384615384616,1.0,0.8603063311504311,0.014084507042253521,0.26153846153846155,0.7384615384615385,1.0,0.7067966618103706,0.035211267605633804,0.38461538461538464,0.6153846153846154,1.0,0.22017050497474291
12,large spoon and fork wall decor,multi_constraint,225,27,0.7697190131286488,0.03409090909090909,0.18518518518518517,0.8148148148148149,0.7,0.6857667085387594,0.0625,0.25925925925925924,0.7407407407407407,0.6,0.8275109093236155,0.09659090909090909,0.37037037037037035,0.6296296296296297,0.4,0.36137306360591254
13,outdoor privacy wall,product_type,122,46,0.7799082337019199,0.15789473684210525,0.15217391304347827,0.8478260869565217,0.9,0.8330887934553797,0.2631578947368421,0.2608695652173913,0.7391304347826086,0.75,0.8886846581142822,0.45614035087719296,0.5,0.5,0.52,0.7584170144016406
14,beds that have leds,product_type,2692,20,0.5205248731801408,0.003182686187141948,0.15,0.85,0.9,0.35785501805605974,0.003182686187141948,0.15,0.85,0.8,0.4307324475722438,0.0120942075111394,0.2,0.8,0.8,0.1411153007898026
15,black 5 drawer dresser by guilford,multi_constraint,613,2,0.5821032065260975,0.015050167224080268,0.0,1.0,0.9,0.6833800218492042,0.030100334448160536,0.0,1.0,0.9,0.798147164547621,0.07357859531772576,0.0,1.0,0.88,0.19805657455630296
16,blk 18x18 seat cushions,attribute_constraint,493,4,0.4700182601018591,0.0,0.0,1.0,0.0,0.6579551367583811,0.015037593984962405,0.0,1.0,0.2,0.7893406629045858,0.05639097744360902,0.25,0.75,0.3,0.23146320073003523
17,closet storage with zipper,product_type,103,21,0.48006117753205346,0.038834951456310676,0.047619047619047616,0.9523809523809523,0.4,0.5012808595311707,0.0970873786407767,0.047619047619047616,0.9523809523809523,0.5,0.7148269600610999,0.22330097087378642,0.23809523809523808,0.7619047619047619,0.46,0.09482943339923228
18,chrome bathroom 4 light vanity light,multi_constraint,1053,34,0.5481814994146365,0.0364963503649635,0.08823529411764706,0.9117647058823529,1.0,0.5414296050643163,0.072992700729927,0.17647058823529413,0.8235294117647058,1.0,0.621993547422464,0.17883211678832117,0.38235294117647056,0.6176470588235294,0.98,0.5136683465831979
19,gurney  slade 56,attribute_constraint,14,0,0.793584067764911,0.1,,,0.1,0.9707885598772598,0.1,,,0.05,0.9707885598772598,0.2,,,0.04,0.31378581622109447
20,foutains with brick look,product_type,94,12,0.2754444428840027,0.0,0.0,1.0,0.0,0.38865084749507833,0.011111111111111112,0.0,1.0,0.05,0.6118623789512375,0.022222222222222223,0.0,1.0,0.06,-0.16637309023154093
21,living curtains pearl,product_type,127,1,0.8471779732814125,0.0,0.0,1.0,0.0,0.8893838149761623,0.0,0.0,1.0,0.0,0.932875691891381,0.007874015748031496,0.0,1.0,0.02,0.14823301022795027
22,light and navy blue decorative pillow,multi_constraint,251,22,0.5224750363313546,0.030612244897959183,0.045454545454545456,0.9545454545454546,0.6,0.5066844242952045,0.05102040816326531,0.09090909090909091,0.9090909090909091,0.5,0.6932552881911014,0.09183673469387756,0.18181818181818182,0.8181818181818181,0.36,0.6326180190899855
23,stoneford end tables white and wood,multi_constraint,1266,0,1.0,0.007328990228013029,,,0.9,1.0,0.013843648208469055,,,0.85,1.0,0.03420195439739414,,,0.84,0.22933196922890345
24,wood coffee table set by storage,multi_constraint,2559,84,0.499272218015063,0.004764173415912339,0.023809523809523808,0.9761904761904762,1.0,0.4887232782943586,0.009528346831824679,0.047619047619047616,0.9523809523809523,1.0,0.48746544218947896,0.023820867079561697,0.13095238095238096,0.8690476190476191,1.0,0.5368787968677969
25,sunflower,brand_entity_proxy,242,227,1.0,0.04329004329004329,0.04405286343612335,0.9559471365638766,1.0,1.0,0.08658008658008658,0.0881057268722467,0.9118942731277533,1.0,1.0,0.21645021645021645,0.22026431718061673,0.7797356828193833,1.0,0.33441107778589396
26,leather chairs,attribute_constraint,3746,876,1.0,0.0030422878004259203,0.01141552511415525,0.9885844748858448,1.0,0.9110727161336807,0.0060845756008518406,0.0182648401826484,0.9817351598173516,1.0,0.8371999104647713,0.014602981442044418,0.03995433789954338,0.9600456621004566,0.98,0.4069538157972977
27,outdoor welcome rug,product_type,344,100,0.5534250996314135,0.0029239766081871343,0.01,0.99,0.1,0.5002445398779538,0.005847953216374269,0.01,0.99,0.1,0.4649537040971275,0.014619883040935672,0.02,0.98,0.1,0.012370821910082761
28,rooster decor,brand_entity_proxy,725,175,1.0,0.03333333333333333,0.05714285714285714,0.9428571428571428,1.0,1.0,0.06666666666666667,0.11428571428571428,0.8857142857142857,1.0,0.9809656387983021,0.16666666666666666,0.2742857142857143,0.7257142857142858,1.0,0.6651790811998848
29,bathroom vanity knobs,product_type,802,138,0.0,0.0,0.0,1.0,0.7,0.0,0.0,0.0,1.0,0.5,0.03087740758772273,0.007246376811594203,0.007246376811594203,0.9927536231884058,0.76,-0.42869731431168595
30,3 1/2 inch drawer pull,multi_constraint,549,88,0.38224261473290666,0.023529411764705882,0.011363636363636364,0.9886363636363636,0.8,0.3864566473508038,0.05,0.011363636363636364,0.9886363636363636,0.85,0.44852506140782955,0.12941176470588237,0.10227272727272728,0.8977272727272727,0.88,0.4622408688392752
31,burnt orange curtains,product_type,168,1,0.6943559465628248,0.047619047619047616,0.0,1.0,0.8,0.7787676299523247,0.07142857142857142,0.0,1.0,0.6,0.865751383782762,0.16071428571428573,0.0,1.0,0.54,-0.13323467750529827
32,dark gray dresser,attribute_constraint,211,3,0.5159958223394444,0.01098901098901099,0.0,1.0,0.2,0.6632033324068646,0.027472527472527472,0.0,1.0,0.25,0.8263577242403498,0.07692307692307693,0.0,1.0,0.28,0.606852497363847
33,non slip shower floor tile,multi_constraint,669,125,0.8022710688293164,0.0025974025974025974,0.008,0.992,0.1,0.7058419122879462,0.012987012987012988,0.032,0.968,0.25,0.6567519416276623,0.046753246753246755,0.072,0.928,0.36,0.7802804374349211
34,bar stool with backrest,product_type,740,374,0.696450493828211,0.012244897959183673,0.013368983957219251,0.9866310160427807,0.9,0.71207612440161,0.02312925170068027,0.02406417112299465,0.9759358288770054,0.85,0.7415900283605578,0.058503401360544216,0.06951871657754011,0.9304812834224598,0.86,0.11244455762682218
35,enclosed shoe rack,product_type,174,51,0.4826703743434503,0.046511627906976744,0.0392156862745098,0.9607843137254902,0.8,0.47432921206592604,0.08139534883720931,0.0392156862745098,0.9607843137254902,0.7,0.45094820764286175,0.21511627906976744,0.11764705882352941,0.8823529411764706,0.74,-0.11951923753551222
36,laundry basket with wheels,product_type,157,37,0.632020018650559,0.02564102564102564,0.02702702702702703,0.972972972972973,0.4,0.5699464891454895,0.057692307692307696,0.10810810810810811,0.8918918918918919,0.45,0.6774694753168625,0.21153846153846154,0.32432432432432434,0.6756756756756757,0.66,0.3081959293075732
37,bar stool 24 inches height,multi_constraint,875,110,0.4066972554326934,0.010935601458080195,0.00909090909090909,0.990909090909091,0.9,0.40709405791509623,0.023086269744835967,0.01818181818181818,0.9818181818181818,0.95,0.41390472862611694,0.05103280680437424,0.045454545454545456,0.9545454545454546,0.84,0.23600450506857262
38,calvin patio chair,product_type,255,1,0.6943559465628248,0.04245283018867924,0.0,1.0,0.9,0.6949676407936284,0.07547169811320754,0.0,1.0,0.9,0.7895173060143031,0.1509433962264151,0.0,1.0,0.72,0.3371946754439634
39,door jewelry organizer,product_type,149,31,0.3333333333333333,0.06711409395973154,0.0,1.0,1.0,0.3552433137117181,0.1342281879194631,0.03225806451612903,0.967741935483871,1.0,0.43417704930850276,0.33557046979865773,0.06451612903225806,0.935483870967742,1.0,-0.09033585253054141
40,elegant executive chair,product_type,166,40,0.5374924289893034,0.018292682926829267,0.0,1.0,0.3,0.4877995957314617,0.036585365853658534,0.05,0.95,0.3,0.571751641222768,0.10365853658536585,0.125,0.875,0.34,0.15881940796685132
41,closet pull out valet rod,multi_constraint,143,19,0.867129177606588,0.125,0.3684210526315789,0.631578947368421,1.0,0.8367429061084138,0.25,0.6842105263157895,0.3157894736842105,1.0,0.8529484832102253,0.425,0.7894736842105263,0.21052631578947367,0.8,0.5474441869018423
42,toddler couch fold out,product_type,149,3,0.4801696018801446,0.06666666666666667,0.0,1.0,0.5,0.595003310097322,0.08,0.0,1.0,0.3,0.6252636985225493,0.09333333333333334,0.0,1.0,0.16,0.43887737452917736
43,solid teak end table,product_type,1231,22,1.0,0.008563273073263558,0.4090909090909091,0.5909090909090908,0.9,0.8175020644042305,0.017126546146527116,0.5454545454545454,0.4545454545454546,0.95,0.8441311342306583,0.039961941008563276,0.6818181818181818,0.31818181818181823,0.94,0.14509068736707256
44,chrome shower head and valve,multi_constraint,219,33,0.5726361401144231,0.041474654377880185,0.06060606060606061,0.9393939393939394,0.9,0.5109383330239131,0.08294930875576037,0.09090909090909091,0.9090909090909091,0.9,0.6125914483817075,0.2119815668202765,0.30303030303030304,0.696969696969697,0.92,0.19852321362283668
45,70s inspired furniture,attribute_constraint,169,20,0.6441849811757607,0.037383177570093455,0.1,0.9,0.4,0.6041493632535824,0.06542056074766354,0.15,0.85,0.35,0.8081575375455855,0.09345794392523364,0.2,0.8,0.2,0.7946444209076343
46,beach blue headboard,attribute_constraint,104,5,0.6689283673555926,0.0392156862745098,0.2,0.8,0.4,0.7328208938901496,0.058823529411764705,0.4,0.6,0.3,0.8384686084002843,0.1568627450980392,0.6,0.4,0.32,0.28346409343606876
47,porcelain loaf pan,product_type,105,0,1.0,0.1,,,1.0,1.0,0.2,,,1.0,1.0,0.5,,,1.0,0.2980488071388057
48,arwen table lamp,product_type,282,1,0.6943559465628248,0.031914893617021274,0.0,1.0,0.9,0.840478838926804,0.06382978723404255,1.0,0.0,0.9,0.9031990882399865,0.1453900709219858,1.0,0.0,0.82,0.09563163855013102
49,moen matte black hooks,attribute_constraint,135,0,0.7885497208855957,0.017241379310344827,,,0.2,0.7605264204877117,0.02586206896551724,,,0.15,0.8064713922068096,0.04310344827586207,,,0.12,0.0016397748807265727
50,tufted chair with gold legs,multi_constraint,404,28,0.3333333333333333,0.010230179028132993,0.0,1.0,0.4,0.35562499425647576,0.015345268542199489,0.0,1.0,0.3,0.47495214439187083,0.03324808184143223,0.0,1.0,0.26,0.17233404978046848
51,kohen 5 drawer dresser,attribute_constraint,595,1,0.6943559465628248,0.017006802721088437,0.0,1.0,1.0,0.7787676299523247,0.03231292517006803,0.0,1.0,0.95,0.85305144055629,0.07142857142857142,0.0,1.0,0.86,0.08401877292139072
52,westling coffee table,product_type,1433,0,1.0,0.004929577464788733,,,0.7,1.0,0.011971830985915493,,,0.85,1.0,0.03309859154929577,,,0.94,0.13276510238837966
53,carolyn console table,product_type,610,0,1.0,0.01639344262295082,,,1.0,1.0,0.03278688524590164,,,1.0,1.0,0.08196721311475409,,,1.0,
54,wayfair sleep zippered,product_type,143,5,0.5092932688116033,0.043478260869565216,0.2,0.8,0.6,0.6039932966959463,0.08695652173913043,0.2,0.8,0.6,0.7274111320424669,0.2028985507246377,0.2,0.8,0.56,0.1844971550902163
55,tollette teal outdoor rug,product_type,171,1,0.6943559465628248,0.058823529411764705,0.0,1.0,1.0,0.7787676299523247,0.11764705882352941,0.0,1.0,1.0,0.8936770556738188,0.22941176470588234,1.0,0.0,0.78,0.15774346558888744
56,royal blue counter height chairs,multi_constraint,344,0,0.5621931439243355,0.012987012987012988,,,0.8,0.5073256321034857,0.030303030303030304,,,0.75,0.5427486303843475,0.06493506493506493,,,0.7,-0.10031821241531846
57,jordanna solid wood rocking,attribute_constraint,1406,1,0.0,0.0,0.0,1.0,0.1,0.05537540986383041,0.0,0.0,1.0,0.15,0.08378215293836182,0.0,0.0,1.0,0.26,-0.04209352267618081
58,medium size chandelier,product_type,164,63,0.46988949834572724,0.018518518518518517,0.015873015873015872,0.9841269841269842,0.3,0.49228418294465187,0.037037037037037035,0.031746031746031744,0.9682539682539683,0.3,0.5108609059420134,0.07407407407407407,0.047619047619047616,0.9523809523809523,0.24,-0.1410817866291435
59,broadway lever,brand_entity_proxy,165,43,1.0,0.06451612903225806,0.23255813953488372,0.7674418604651163,1.0,1.0,0.12903225806451613,0.46511627906976744,0.5348837209302326,1.0,1.0,0.27741935483870966,1.0,0.0,0.86,0.7249207615912632
60,capricorn chest,brand_entity_proxy,332,3,0.26376198604031553,0.018518518518518517,0.0,1.0,0.8,0.4426650747668926,0.030864197530864196,0.0,1.0,0.75,0.6202022277317715,0.08641975308641975,0.3333333333333333,0.6666666666666667,0.68,-0.11835391655882176
61,overstreet rustic pub stools,style,162,1,0.6943559465628248,0.0,0.0,1.0,0.0,0.7787676299523247,0.012345679012345678,0.0,1.0,0.1,0.865751383782762,0.05555555555555555,0.0,1.0,0.18,0.004213189114715539
62,7qt slow cooker,attribute_constraint,157,9,0.7936233925874482,0.06756756756756757,0.6666666666666666,0.33333333333333337,1.0,0.8267608170140232,0.13513513513513514,0.6666666666666666,0.33333333333333337,1.0,0.8917191978633583,0.33783783783783783,0.7777777777777778,0.2222222222222222,1.0,0.4661154064794999
63,monthly calendar,brand_entity_proxy,115,72,0.6768586739829876,0.09433962264150944,0.08333333333333333,0.9166666666666666,1.0,0.765041094546694,0.18867924528301888,0.20833333333333334,0.7916666666666666,1.0,0.7818207007129196,0.39622641509433965,0.4166666666666667,0.5833333333333333,0.84,0.3030377154666247
64,zachary 72.5,attribute_constraint,77,1,0.6943559465628248,0.0,0.0,1.0,0.0,0.7527275940351001,0.0,0.0,1.0,0.0,0.8617136605817016,0.0,0.0,1.0,0.0,0.020647879161539564
65,gnome fairy garden,product_type,156,38,0.42590829591570295,0.06535947712418301,0.02631578947368421,0.9736842105263158,1.0,0.41675153140783866,0.12418300653594772,0.05263157894736842,0.9473684210526316,0.95,0.48155353249123906,0.3137254901960784,0.15789473684210525,0.8421052631578947,0.96,-0.1383351943573312
66,novara pergola,brand_entity_proxy,69,1,0.6943559465628248,0.15625,0.0,1.0,1.0,0.8385530573335902,0.3125,1.0,0.0,1.0,0.9020304820637299,0.71875,1.0,0.0,0.92,0.4620402559364724
67,osgood mirror,product_type,587,0,1.0,0.01984126984126984,,,1.0,1.0,0.03968253968253968,,,1.0,1.0,0.0992063492063492,,,1.0,0.4587710048284889
68,nautical platters,brand_entity_proxy,204,89,0.7645708157107939,0.05952380952380952,0.07865168539325842,0.9213483146067416,1.0,0.8001802718851239,0.1130952380952381,0.15730337078651685,0.8426966292134832,0.95,0.7478760529921165,0.2619047619047619,0.34831460674157305,0.651685393258427,0.92,0.4902312255082281
69,wall sconce with usb port,multi_constraint,235,13,0.4484650560755365,0.04477611940298507,0.07692307692307693,0.9230769230769231,1.0,0.4412550926681498,0.07462686567164178,0.07692307692307693,0.9230769230769231,0.9,0.5566309594616823,0.1691542288557214,0.07692307692307693,0.9230769230769231,0.78,0.16438030836478137
70,annex dresser,product_type,504,1,0.6943559465628248,0.019880715705765408,0.0,1.0,1.0,0.7787676299523247,0.03777335984095427,0.0,1.0,0.95,0.891521576314475,0.08946322067594434,1.0,0.0,0.9,0.09785186561248677
71,infant girl crib bedding,product_type,139,47,0.6004470120670867,0.057971014492753624,0.0851063829787234,0.9148936170212766,0.8,0.5785638522955036,0.13043478260869565,0.1276595744680851,0.8723404255319149,0.9,0.6253402897556446,0.2826086956521739,0.3829787234042553,0.6170212765957447,0.78,0.09641050965092719
72,fold in half table,product_type,174,85,0.8421283856352149,0.06134969325153374,0.08235294117647059,0.9176470588235294,1.0,0.8501419093708846,0.12269938650306748,0.17647058823529413,0.8235294117647058,1.0,0.7770102398785276,0.294478527607362,0.35294117647058826,0.6470588235294117,0.96,0.447202423478479
73,certified international melamine,product_type,181,0,1.0,0.050314465408805034,,,0.8,1.0,0.1069182389937107,,,0.85,1.0,0.25157232704402516,,,0.8,0.5064343043168701
74,serta kleinmon,brand_entity_proxy,87,3,0.9445621041708653,0.0,0.0,1.0,0.0,0.956808673776726,0.0,0.0,1.0,0.0,0.9715521274207489,0.0,0.0,1.0,0.0,0.40434566809769684
75,sheffield home bath set,product_type,231,4,0.30130322678075033,0.014598540145985401,0.0,1.0,0.4,0.4447196181778585,0.058394160583941604,0.0,1.0,0.5,0.6482918588815556,0.16058394160583941,0.0,1.0,0.48,0.5279933783548553
76,46 inch closet door,attribute_constraint,135,2,0.08083227384484634,0.01818181818181818,0.0,1.0,0.6,0.10936577929159302,0.01818181818181818,0.0,1.0,0.4,0.31934770347445846,0.03636363636363636,0.0,1.0,0.3,0.11047362903345377
77,sancroft armchair,brand_entity_proxy,661,1,0.6943559465628248,0.01059001512859304,0.0,1.0,0.7,0.7787676299523247,0.019667170953101363,0.0,1.0,0.65,0.8939851992318457,0.037821482602118005,0.0,1.0,0.5,0.062218212819948215
78,dorel vanity,brand_entity_proxy,948,3,0.5159958223394444,0.011723329425556858,0.0,1.0,1.0,0.6229152997582164,0.023446658851113716,0.0,1.0,1.0,0.7396379654490044,0.05744431418522861,0.0,1.0,1.0,0.28146575555942427
79,palram harmony greenhouses,product_type,122,0,0.4041404811087089,0.047619047619047616,,,1.0,0.5417676829267124,0.12380952380952381,,,1.0,0.7498724335479898,0.3904761904761905,,,0.96,0.08367498118083025
80,7 draw white dresser,attribute_constraint,198,39,0.42590829591570295,0.025510204081632654,0.02564102564102564,0.9743589743589743,0.5,0.39307819146889567,0.05102040816326531,0.02564102564102564,0.9743589743589743,0.5,0.5013107467753382,0.10204081632653061,0.02564102564102564,0.9743589743589743,0.4,0.13358885197668197
81,orren ellis l shape desk,multi_constraint,233,75,0.811178322335156,0.0182648401826484,0.02666666666666667,0.9733333333333334,0.4,0.7391259860445426,0.0365296803652968,0.06666666666666667,0.9333333333333333,0.4,0.6550379722366361,0.0867579908675799,0.14666666666666667,0.8533333333333333,0.38,0.3311310010619852
82,bathroom vanity with counter space,multi_constraint,668,53,0.3333333333333333,0.010703363914373088,0.0,1.0,0.7,0.3797153214429313,0.01529051987767584,0.0,1.0,0.5,0.37770637637857174,0.053516819571865444,0.03773584905660377,0.9622641509433962,0.7,0.06626069615160106
83,wall art fiji,product_type,103,0,0.9363792118010483,0.010309278350515464,,,0.1,0.9589412206131108,0.010309278350515464,,,0.05,0.9775879347944593,0.041237113402061855,,,0.08,0.2453720226964878
84,full metal bed rose gold,multi_constraint,299,1,0.5298593366810297,0.019138755980861243,0.0,1.0,0.5,0.5438250659217067,0.03349282296650718,0.0,1.0,0.55,0.6946117828052057,0.0861244019138756,0.0,1.0,0.54,0.4175057689237069
85,3/4 size mattress,attribute_constraint,152,0,1.0,0.07547169811320754,,,0.8,1.0,0.09433962264150944,,,0.5,1.0,0.2358490566037736,,,0.5,0.7957163590675893
86,aloe vera plant pot,product_type,142,15,0.3333333333333333,0.07246376811594203,0.0,1.0,1.0,0.4796967420086799,0.14492753623188406,0.26666666666666666,0.7333333333333334,1.0,0.7141091160917933,0.36231884057971014,0.7333333333333333,0.2666666666666667,1.0,0.3686269800209534
87,vlad modular sectional,product_type,221,0,1.0,0.00904977375565611,,,0.2,1.0,0.013574660633484163,,,0.15,1.0,0.04072398190045249,,,0.18,
88,rose gold lounge,attribute_constraint,159,1,0.09915065740178707,0.009259259259259259,0.0,1.0,0.7,0.20460404649442984,0.018518518518518517,0.0,1.0,0.55,0.42340181881745886,0.046296296296296294,1.0,0.0,0.36,-0.1056718494042121
89,whimsical solar lights,product_type,142,68,0.797893645217303,0.07407407407407407,0.08823529411764706,0.9117647058823529,1.0,0.7962069395067619,0.14814814814814814,0.19117647058823528,0.8088235294117647,1.0,0.7613881167746029,0.34074074074074073,0.4264705882352941,0.5735294117647058,0.92,0.25736190724654306
90,filaret outdoor sofa,product_type,242,0,0.88995411685096,0.03319502074688797,,,0.9,0.9289799801831714,0.04564315352697095,,,0.6,0.9612334964944959,0.12448132780082988,,,0.62,-0.10926694329183957
91,industrial pipe dining  table,style,686,8,0.567976043234573,0.014925373134328358,0.375,0.625,1.0,0.6401392782628039,0.029850746268656716,0.375,0.625,1.0,0.7531257858606928,0.07313432835820896,0.5,0.5,1.0,0.19922348608503807
92,antique silver entry table,attribute_constraint,170,0,1.0,0.012048192771084338,,,0.2,1.0,0.018072289156626505,,,0.15,1.0,0.03614457831325301,,,0.12,0.10438524311780217
93,outdoor sectional dining,product_type,233,58,0.31673148966172054,0.00904977375565611,0.0,1.0,0.3,0.30982416611497726,0.027149321266968326,0.017241379310344827,0.9827586206896551,0.35,0.3720880615156815,0.04524886877828054,0.017241379310344827,0.9827586206896551,0.22,-0.054836152780563426
94,kohler whitehaven farmhouse kitchen sink,style,197,4,0.4700182601018591,0.06666666666666667,0.0,1.0,1.0,0.5788037469624102,0.13333333333333333,0.0,1.0,1.0,0.7396874410231141,0.28,0.25,0.75,0.86,0.5451248698835252
95,entertainment stand end table,product_type,820,49,0.7118141052352057,0.0,0.0,1.0,0.0,0.674753107123458,0.00245398773006135,0.02040816326530612,0.9795918367346939,0.1,0.6666963739274605,0.008588957055214725,0.08163265306122448,0.9183673469387755,0.14,0.3834806217852954
96,bar room wall decor,product_type,384,75,1.0,0.031914893617021274,0.12,0.88,0.9,0.905890998669547,0.05673758865248227,0.18666666666666668,0.8133333333333334,0.8,0.8138840362920778,0.10283687943262411,0.29333333333333333,0.7066666666666667,0.58,0.2287645590014591
97,regner power loom red,attribute_constraint,197,1,0.6943559465628248,0.01020408163265306,0.0,1.0,0.2,0.7787676299523247,0.01020408163265306,0.0,1.0,0.1,0.8516344760582201,0.025510204081632654,0.0,1.0,0.1,-0.11428035784138091
98,gracie oaks 62 oller 14 ceiling fan,multi_constraint,124,0,1.0,0.08849557522123894,,,1.0,0.9626932496335552,0.168141592920354,,,1.0,0.9796359917585232,0.4336283185840708,,,1.0,0.41006986061324274
99,arched christmas tree,product_type,121,0,1.0,0.09009009009009009,,,1.0,1.0,0.17117117117117117,,,0.95,0.9861175420603098,0.4144144144144144,,,0.94,0.4004465090207614
100,tufted upholstered bed diamond,product_type,887,211,0.7448559741076545,0.009852216748768473,0.023696682464454975,0.976303317535545,0.8,0.7429433479958675,0.017241379310344827,0.037914691943127965,0.9620853080568721,0.7,0.687842565382841,0.04433497536945813,0.08530805687203792,0.9146919431279621,0.72,0.35721871285072726
101,48 in entry table with side by side drawer,long_descriptive,283,4,0.11254157491166358,0.0,0.0,1.0,0.3,0.2121550906670672,0.007722007722007722,0.0,1.0,0.35,0.4238636057096729,0.015444015444015444,0.0,1.0,0.26,-0.18709094447155217
102,flamingo,brand_entity_proxy,68,57,1.0,0.17543859649122806,0.17543859649122806,0.8245614035087719,1.0,0.9603789329441845,0.3333333333333333,0.3333333333333333,0.6666666666666667,1.0,0.9783727146391595,0.8596491228070176,0.8596491228070176,0.14035087719298245,1.0,0.515789942590996
103,kitchen anti fatigue mats,product_type,368,230,0.955830517697074,0.027247956403269755,0.0391304347826087,0.9608695652173913,1.0,0.9272269493871108,0.05449591280653951,0.07391304347826087,0.9260869565217391,1.0,0.9314273466091353,0.1362397820163488,0.19130434782608696,0.808695652173913,1.0,0.2640691279953722
104,flour and sugar containers,product_type,179,12,0.46988949834572724,0.05056179775280899,0.16666666666666666,0.8333333333333334,0.9,0.6068829691999306,0.09550561797752809,0.4166666666666667,0.5833333333333333,0.85,0.7552270334837189,0.21910112359550563,0.5833333333333334,0.41666666666666663,0.78,0.20173535211455657
105,outdoor movie screen,product_type,149,62,1.0,0.07352941176470588,0.16129032258064516,0.8387096774193549,1.0,1.0,0.14705882352941177,0.3225806451612903,0.6774193548387097,1.0,0.8915042903025467,0.36764705882352944,0.6290322580645161,0.3709677419354839,1.0,0.6479971000780073
106,bed risers,product_type,2245,36,1.0,0.10526315789473684,0.2777777777777778,0.7222222222222222,1.0,0.9552743574352078,0.21052631578947367,0.5,0.5,1.0,0.8209058003258772,0.3368421052631579,0.7777777777777778,0.2222222222222222,0.9,0.0971601963178613
107,front porch furniture sets,product_type,309,43,0.3333333333333333,0.006600660066006601,0.0,1.0,0.2,0.3333333333333334,0.006600660066006601,0.0,1.0,0.1,0.38210741495317946,0.019801980198019802,0.0,1.0,0.12,-0.02144699579751063
108,ayesha curry kitchen,product_type,131,81,1.0,0.07936507936507936,0.12345679012345678,0.8765432098765432,1.0,1.0,0.15873015873015872,0.24691358024691357,0.7530864197530864,1.0,1.0,0.30952380952380953,0.48148148148148145,0.5185185185185186,0.78,0.7215692571115219
109,hillsby oriental rug,product_type,247,39,0.38559884598578353,0.008097165991902834,0.0,1.0,0.2,0.4328242907168184,0.012145748987854251,0.0,1.0,0.15,0.46285623495338624,0.04048582995951417,0.02564102564102564,0.9743589743589743,0.2,0.08969241991171345
110,mila task chair,product_type,348,0,1.0,0.025936599423631124,,,0.9,1.0,0.05475504322766571,,,0.95,1.0,0.12680115273775217,,,0.88,0.09271455408231195
111,delta trinsic,brand_entity_proxy,161,69,1.0,0.05806451612903226,0.13043478260869565,0.8695652173913043,0.9,1.0,0.10967741935483871,0.2463768115942029,0.7536231884057971,0.85,0.9803372135706675,0.22580645161290322,0.4927536231884058,0.5072463768115942,0.7,0.756312822196718
112,pineapple,brand_entity_proxy,271,266,1.0,0.03759398496240601,0.03759398496240601,0.9624060150375939,1.0,1.0,0.07518796992481203,0.07518796992481203,0.924812030075188,1.0,1.0,0.18796992481203006,0.18796992481203006,0.8120300751879699,1.0,0.20785149941870742
113,led light strip,product_type,432,75,0.8988252059479763,0.026455026455026454,0.10666666666666667,0.8933333333333333,1.0,0.9347050914316648,0.05291005291005291,0.24,0.76,1.0,0.9456917130605337,0.12962962962962962,0.6,0.4,0.98,0.7231772573365252
114,geralyn upholstered storage platform bed,multi_constraint,1252,3,0.5159958223394444,0.008136696501220505,0.0,1.0,1.0,0.6229152997582164,0.01627339300244101,0.0,1.0,1.0,0.7516339866803449,0.03986981285598047,0.0,1.0,0.98,0.006770696045810867
115,peacock,brand_entity_proxy,224,202,1.0,0.04878048780487805,0.04950495049504951,0.9504950495049505,1.0,1.0,0.0975609756097561,0.09900990099009901,0.900990099009901,1.0,1.0,0.24390243902439024,0.24752475247524752,0.7524752475247525,1.0,0.32198093007007267
116,brockham solid blackout thermal grommet curtain panels,multi_constraint,595,0,1.0,0.01721170395869191,,,1.0,1.0,0.03442340791738382,,,1.0,1.0,0.08605851979345955,,,1.0,0.2608621305996785
117,tall storage cabinet,attribute_constraint,430,128,0.6236498303833782,0.021377672209026127,0.0234375,0.9765625,0.9,0.6852434015158063,0.040380047505938245,0.0703125,0.9296875,0.85,0.6865977863394551,0.08076009501187649,0.1484375,0.8515625,0.68,0.32034043970967707
118,body pillow case,product_type,216,94,0.5857325373593741,0.041666666666666664,0.031914893617021274,0.9680851063829787,0.9,0.6154495988790041,0.08333333333333333,0.07446808510638298,0.925531914893617,0.9,0.6265201008565409,0.18518518518518517,0.1595744680851064,0.8404255319148937,0.8,0.07068702153557979
119,welcome sign,brand_entity_proxy,441,158,0.48006117753205346,0.0273972602739726,0.006329113924050633,0.9936708860759493,1.0,0.42802669308910507,0.0547945205479452,0.006329113924050633,0.9936708860759493,1.0,0.49370116980040196,0.13150684931506848,0.06962025316455696,0.930379746835443,0.96,0.06896445981219287
120,zodiac pillow,brand_entity_proxy,979,33,0.8532721558012799,0.012077294685990338,0.2727272727272727,0.7272727272727273,1.0,0.7864467320526085,0.024154589371980676,0.42424242424242425,0.5757575757575757,1.0,0.8737496863150405,0.05676328502415459,0.9090909090909091,0.09090909090909094,1.0,0.5421891675041349
121,upholstered bed,product_type,2977,726,0.92663607790064,0.005548705302096177,0.012396694214876033,0.987603305785124,1.0,0.8192256193953614,0.009864364981504316,0.02066115702479339,0.9793388429752066,1.0,0.8425593193970973,0.02527743526510481,0.05509641873278237,0.9449035812672176,0.98,0.5891117661909722
122,king size bed,attribute_constraint,448,375,0.6506513100698701,0.011904761904761904,0.008,0.992,0.6,0.7745417622918376,0.016666666666666666,0.013333333333333334,0.9866666666666667,0.4,0.8265965069979876,0.03333333333333333,0.032,0.968,0.3,0.0668876669399546
123,entrance table,product_type,4329,187,0.028381039213873666,0.0004385964912280702,0.0,1.0,1.0,0.054302069467255215,0.0017543859649122807,0.0,1.0,1.0,0.09552866566562729,0.007456140350877193,0.0,1.0,0.98,0.018911003403127322
124,unique coffee tables,product_type,1467,324,0.4403155932148483,0.005417956656346749,0.006172839506172839,0.9938271604938271,0.8,0.36794811378795306,0.011609907120743035,0.006172839506172839,0.9938271604938271,0.9,0.3591383715623568,0.03173374613003096,0.012345679012345678,0.9876543209876543,0.96,0.007624241567973827
125,boho bed frame,product_type,283,1,0.7336220389724796,0.008,0.0,1.0,0.2,0.8071893531581533,0.016,1.0,0.0,0.2,0.8183378302554862,0.032,1.0,0.0,0.2,0.11533504817416514
126,leather dining chairs,attribute_constraint,719,241,1.0,0.014749262536873156,0.04149377593360996,0.9585062240663901,1.0,0.9367055930052416,0.028023598820058997,0.07468879668049792,0.9253112033195021,1.0,0.955290537197323,0.06637168141592921,0.17842323651452283,0.8215767634854771,0.92,0.4165222629001298
127,wine bar,brand_entity_proxy,1580,159,0.5160432762920543,0.017921146953405017,0.025157232704402517,0.9748427672955975,1.0,0.49800792200253047,0.035842293906810034,0.050314465408805034,0.949685534591195,0.95,0.5237987584340202,0.11827956989247312,0.13836477987421383,0.8616352201257862,0.96,0.5606591189296788
128,block coffee table,product_type,1455,113,0.31212640393368274,0.005860805860805861,0.0,1.0,0.8,0.30644005118576517,0.011721611721611722,0.0,1.0,0.9,0.3041757727999842,0.0315018315018315,0.0,1.0,0.94,0.005807682535273373
129,wainscoting ideas,brand_entity_proxy,185,28,0.6735677008450965,0.06315789473684211,0.10714285714285714,0.8928571428571429,0.6,0.6938443997263504,0.08421052631578947,0.10714285714285714,0.8928571428571429,0.4,0.75232585391727,0.12631578947368421,0.17857142857142858,0.8214285714285714,0.24,0.19214921113241584
130,entertainment console,brand_entity_proxy,875,187,0.7729868713934952,0.004608294930875576,0.0106951871657754,0.9893048128342246,0.4,0.7837971710775438,0.009216589861751152,0.026737967914438502,0.9732620320855615,0.4,0.7530239146970992,0.027649769585253458,0.09090909090909091,0.9090909090909091,0.48,0.5466495416423325
131,kids chair,product_type,3479,173,0.8774322487183986,0.00497787610619469,0.046242774566473986,0.953757225433526,1.0,0.8322058510212507,0.008849557522123894,0.08092485549132948,0.9190751445086706,0.9,0.7762697373069879,0.01991150442477876,0.17341040462427745,0.8265895953757225,0.88,0.1350185196685375
132,farmhouse cabinet,style,1260,42,0.37473391840393233,0.011844331641285956,0.047619047619047616,0.9523809523809523,1.0,0.4064500483580827,0.02030456852791878,0.11904761904761904,0.8809523809523809,0.9,0.41258025396589865,0.043993231810490696,0.30952380952380953,0.6904761904761905,0.78,0.2150634491097912
133,outdoor light fixtures,product_type,227,170,1.0,0.05,0.058823529411764705,0.9411764705882353,1.0,1.0,0.095,0.11176470588235295,0.888235294117647,0.95,0.9125952471837596,0.215,0.22941176470588234,0.7705882352941177,0.92,0.3063858375058646
134,black hanging bookshelf,attribute_constraint,150,3,0.5159958223394444,0.02459016393442623,0.0,1.0,0.3,0.6229152997582164,0.040983606557377046,0.0,1.0,0.25,0.7516339866803449,0.12295081967213115,0.0,1.0,0.3,0.594346265650718
135,low profile loveseat recliner,product_type,552,10,0.3333333333333333,0.0,0.0,1.0,0.0,0.45216395192178405,0.0,0.0,1.0,0.0,0.6873749804033703,0.006756756756756757,0.0,1.0,0.02,0.7300068332176339
136,black fluffy stool,attribute_constraint,166,0,1.0,0.048484848484848485,,,0.8,0.9644899900915856,0.09696969696969697,,,0.85,0.9806167482472479,0.16363636363636364,,,0.56,-0.1112856110370937
137,orren ellis l shaped desk,multi_constraint,233,80,0.8905202757957813,0.019704433497536946,0.0375,0.9625,0.4,0.8079708613369254,0.029556650246305417,0.0625,0.9375,0.3,0.6493582689167656,0.08866995073891626,0.175,0.825,0.38,0.24138595385840592
138,glass doors for bath,product_type,172,142,1.0,0.05228758169934641,0.056338028169014086,0.9436619718309859,0.8,1.0,0.09803921568627451,0.1056338028169014,0.8943661971830986,0.75,1.0,0.2222222222222222,0.23943661971830985,0.7605633802816901,0.68,0.6500497342465141
139,auburn throw pillows,product_type,339,0,0.9052116356304495,0.028112449799196786,,,0.8,0.938826684621968,0.05220883534136546,,,0.7,0.8734645101976077,0.12048192771084337,,,0.68,0.1121526266962562
140,wire basket with dividers,product_type,131,3,0.6295622542805632,0.08,0.3333333333333333,0.6666666666666667,1.0,0.6897477993809193,0.152,0.3333333333333333,0.6666666666666667,1.0,0.8201652943753253,0.392,0.6666666666666666,0.33333333333333337,1.0,0.20903268124081192
141,podium with locking cabinet,product_type,161,3,0.4103022063478078,0.2222222222222222,0.0,1.0,1.0,0.45550308806767004,0.3611111111111111,0.0,1.0,0.85,0.622630011626746,0.5277777777777778,0.3333333333333333,0.6666666666666667,0.54,0.5346978084896655
142,kitchen wooden stand,attribute_constraint,203,5,0.16073030873383218,0.013333333333333334,0.0,1.0,0.2,0.33963127277256216,0.013333333333333334,0.0,1.0,0.1,0.4267380642559211,0.02666666666666667,0.0,1.0,0.1,0.42041765629033756
143,queen wingback chair,attribute_constraint,244,3,0.43425736139376553,0.037914691943127965,0.0,1.0,1.0,0.5163686029859585,0.07582938388625593,0.0,1.0,1.0,0.6589274860859805,0.2037914691943128,0.0,1.0,0.96,0.05135337352102029
144,rug plum,product_type,1423,116,0.8532721558012799,0.007558578987150416,0.07758620689655173,0.9224137931034483,1.0,0.9053066402442285,0.015117157974300832,0.16379310344827586,0.8362068965517242,1.0,0.9483113286593278,0.03779289493575208,0.4224137931034483,0.5775862068965517,1.0,0.28327428475227207
145,liberty hardware francisco,product_type,143,32,0.5694738338939832,0.03076923076923077,0.0625,0.9375,0.5,0.5209584908999516,0.046153846153846156,0.09375,0.90625,0.35,0.6178112226455591,0.11538461538461539,0.21875,0.78125,0.36,0.11883221115970417
146,laundry vanity cabinet,product_type,111,4,0.6005540286277394,0.09090909090909091,0.25,0.75,1.0,0.7236520437935386,0.15454545454545454,0.5,0.5,0.85,0.8134752059064095,0.22727272727272727,0.5,0.5,0.5,0.05712296788634813
147,drum picture,brand_entity_proxy,425,12,0.5541432109622958,0.05405405405405406,0.3333333333333333,0.6666666666666667,0.7,0.667599453635967,0.08108108108108109,0.4166666666666667,0.5833333333333333,0.7,0.5640724341146803,0.14864864864864866,0.75,0.25,0.66,0.13862478461491445
148,industrial,style,249,194,1.0,0.04568527918781726,0.04639175257731959,0.9536082474226804,0.9,0.9444949270524345,0.08629441624365482,0.08247422680412371,0.9175257731958762,0.85,0.9551337860541623,0.14720812182741116,0.14432989690721648,0.8556701030927836,0.6,0.46819652228032205
149,mid century modern,style,173,155,1.0,0.023668639053254437,0.025806451612903226,0.9741935483870968,0.4,0.9295455127717094,0.029585798816568046,0.03225806451612903,0.967741935483871,0.25,0.9615421942551073,0.047337278106508875,0.05161290322580645,0.9483870967741935,0.16,0.10676527584601474
150,dumbbells,brand_entity_proxy,54,21,0.9363792118010482,0.42857142857142855,0.42857142857142855,0.5714285714285714,1.0,0.7772821347263207,0.5714285714285714,0.5714285714285714,0.4285714285714286,0.85,0.9589205738411913,0.9047619047619048,0.9047619047619048,0.09523809523809523,0.54,0.6690322838490884
151,leather chair,attribute_constraint,3042,630,0.6402390707579992,0.003185840707964602,0.006349206349206349,0.9936507936507937,0.9,0.6744977088395463,0.006725663716814159,0.015873015873015872,0.9841269841269842,0.95,0.6896182185144292,0.016283185840707964,0.03968253968253968,0.9603174603174603,0.92,0.3965542678521361
152,wishbone chair,product_type,3286,46,0.456917436886461,0.0012594458438287153,0.021739130434782608,0.9782608695652174,0.4,0.41309047855521436,0.0031486146095717885,0.021739130434782608,0.9782608695652174,0.55,0.38522345664276814,0.0069269521410579345,0.021739130434782608,0.9782608695652174,0.48,0.14691567140027686
153,bohemian,style,178,145,0.9432379215722527,0.05228758169934641,0.04827586206896552,0.9517241379310345,0.8,0.929930116567296,0.06535947712418301,0.06206896551724138,0.9379310344827586,0.5,0.9052438855495426,0.0784313725490196,0.07586206896551724,0.9241379310344827,0.24,0.1872999372601149
155,floating bed,product_type,2376,8,0.3649302102017378,0.003770028275212064,0.0,1.0,0.8,0.5071682992296993,0.008482563619227144,0.125,0.875,0.9,0.6363097453796326,0.01885014137606032,0.125,0.875,0.82,0.38144187578860966
156,papasan chair frame only,product_type,150,19,0.5224750363313546,0.09259259259259259,0.10526315789473684,0.8947368421052632,1.0,0.49020499933325745,0.17592592592592593,0.15789473684210525,0.8421052631578947,0.95,0.7153110763018665,0.39814814814814814,0.42105263157894735,0.5789473684210527,0.86,0.678751367599902
157,velvet chaise,brand_entity_proxy,1085,51,0.4763115372910637,0.012867647058823529,0.09803921568627451,0.9019607843137255,1.0,0.45813006158222785,0.02389705882352941,0.13725490196078433,0.8627450980392157,0.95,0.3742949421086037,0.05514705882352941,0.21568627450980393,0.7843137254901961,0.94,0.20968933767124665
158,led nightstand,brand_entity_proxy,834,44,0.9575861412006988,0.013140604467805518,0.20454545454545456,0.7954545454545454,1.0,0.9042284979050056,0.026281208935611037,0.36363636363636365,0.6363636363636364,1.0,0.838067019985479,0.06044678055190539,0.7045454545454546,0.2954545454545454,0.96,0.279765541350024
159,meditation,brand_entity_proxy,122,93,0.8881549192639215,0.09375,0.08602150537634409,0.9139784946236559,1.0,0.9278188368070688,0.1875,0.1827956989247312,0.8172043010752688,0.95,0.9463112153001824,0.46875,0.4731182795698925,0.5268817204301075,0.94,0.4228159846547895
160,marble,brand_entity_proxy,242,226,1.0,0.039301310043668124,0.03982300884955752,0.9601769911504425,0.9,1.0,0.08296943231441048,0.084070796460177,0.915929203539823,0.95,0.9904143863782343,0.20087336244541484,0.19911504424778761,0.8008849557522124,0.92,0.32280310298884146
161,accent chair recliner,product_type,205,38,0.45560653683226676,0.01990049751243781,0.02631578947368421,0.9736842105263158,0.4,0.44639576057102964,0.024875621890547265,0.02631578947368421,0.9736842105263158,0.25,0.5629006678717068,0.04975124378109453,0.05263157894736842,0.9473684210526316,0.2,0.24856627830339875
162,turquoise chair,product_type,3354,23,0.36008903294297184,0.002213788741302973,0.043478260869565216,0.9565217391304348,0.9,0.32604624212826866,0.0031625553447185324,0.08695652173913043,0.9130434782608696,0.7,0.40919167134684764,0.009487666034155597,0.08695652173913043,0.9130434782608696,0.74,0.053763216423817345
163,dual monitor stand,product_type,94,47,0.8803485966094551,0.08602150537634409,0.1276595744680851,0.8723404255319149,0.8,0.8721293210247636,0.1935483870967742,0.2978723404255319,0.7021276595744681,0.9,0.8624361825486092,0.5053763440860215,0.723404255319149,0.276595744680851,0.94,0.5236424834785133
164,modern outdoor furniture,style,195,128,0.15767604660617843,0.011111111111111112,0.0,1.0,0.4,0.3635796078678259,0.011111111111111112,0.0,1.0,0.3,0.5648990797925533,0.022222222222222223,0.0078125,0.9921875,0.2,0.02516276144422014
165,kitchen storage shelves,product_type,193,69,0.92663607790064,0.041884816753926704,0.10144927536231885,0.8985507246376812,0.8,0.9307433397437295,0.06806282722513089,0.17391304347826086,0.8260869565217391,0.65,0.8645259077442442,0.13612565445026178,0.3333333333333333,0.6666666666666667,0.52,0.5488689683530625
166,feather wall art,product_type,111,26,1.0,0.05504587155963303,0.23076923076923078,0.7692307692307692,0.6,0.9512942943729805,0.11926605504587157,0.46153846153846156,0.5384615384615384,0.65,0.9759978792736571,0.2018348623853211,0.7307692307692307,0.2692307692307693,0.46,0.6475499425602359
167,camper,brand_entity_proxy,136,87,1.0,0.10344827586206896,0.10344827586206896,0.896551724137931,0.9,1.0,0.20689655172413793,0.20689655172413793,0.7931034482758621,0.9,1.0,0.5172413793103449,0.5172413793103449,0.48275862068965514,0.9,0.7180283810410413
168,printers,brand_entity_proxy,68,0,0.9305687780632229,0.1875,,,1.0,0.9551913563983283,0.375,,,0.95,0.987727584281965,0.8125,,,0.82,0.6988468144005787
169,coffee bar buffet,product_type,126,27,0.37207093554658044,0.0,0.0,1.0,0.0,0.3839230757363146,0.0,0.0,1.0,0.0,0.6111890004531747,0.0,0.0,1.0,0.02,0.12118888731142506
170,zen,brand_entity_proxy,127,99,0.8603818544462509,0.08,0.08080808080808081,0.9191919191919192,1.0,0.8871863594364278,0.17,0.16161616161616163,0.8383838383838383,0.95,0.9384203157974887,0.41,0.40404040404040403,0.595959595959596,0.86,0.3871797873891006
171,nectar queen mattress,attribute_constraint,99,0,1.0,0.020202020202020204,,,0.2,1.0,0.030303030303030304,,,0.15,1.0,0.1111111111111111,,,0.22,
172,picasso,brand_entity_proxy,59,42,1.0,0.23809523809523808,0.23809523809523808,0.7619047619047619,1.0,1.0,0.47619047619047616,0.47619047619047616,0.5238095238095238,1.0,0.9448181899449748,0.7142857142857143,0.7142857142857143,0.2857142857142857,0.62,0.5603921920110907
173,bedroom accessories,brand_entity_proxy,316,4,0.13792953207755818,0.004901960784313725,0.0,1.0,0.2,0.14835588696096233,0.004901960784313725,0.0,1.0,0.2,0.14703869197979266,0.00980392156862745,0.0,1.0,0.14,-0.5046610738418001
174,star wars rug,product_type,90,0,0.2774192047677609,0.0,,,0.0,0.4080463150066993,0.0,,,0.0,0.5107096546697321,0.0,,,0.0,0.28984344750608537
175,basket planter,brand_entity_proxy,564,70,1.0,0.033003300330033,0.14285714285714285,0.8571428571428572,1.0,0.931186855045149,0.0594059405940594,0.2571428571428571,0.7428571428571429,1.0,0.8041143774761836,0.1419141914191419,0.4857142857142857,0.5142857142857142,0.98,0.5213473653910276
176,mexican art,brand_entity_proxy,397,23,0.8043628744017064,0.02544529262086514,0.34782608695652173,0.6521739130434783,1.0,0.8521833262267581,0.04834605597964377,0.7391304347826086,0.26086956521739135,0.95,0.8733060764905749,0.07888040712468193,0.8260869565217391,0.17391304347826086,0.62,0.3388791325699167
177,rustic storage cabinet,style,378,16,0.3775028156362593,0.023872679045092837,0.0625,0.9375,0.9,0.39695735487656747,0.04774535809018567,0.0625,0.9375,0.9,0.5821035193696114,0.10875331564986737,0.125,0.875,0.82,0.09930861364662598
178,almost heaven sauna,product_type,74,24,0.8943286401726792,0.18867924528301888,0.3333333333333333,0.6666666666666667,1.0,0.7881133268665099,0.37735849056603776,0.5,0.5,1.0,0.9314499360630487,0.9433962264150944,0.9583333333333334,0.04166666666666663,1.0,0.7233479736067959
179,promo codes or discounts,product_type,1,0,1.0,0.0,,,0.0,1.0,0.0,,,0.0,1.0,0.0,,,0.0,
180,outdoor lounge cushions,product_type,403,72,1.0,0.024875621890547265,0.1388888888888889,0.8611111111111112,1.0,0.933089710527818,0.0472636815920398,0.2222222222222222,0.7777777777777778,0.95,0.8827739580020986,0.10696517412935323,0.4444444444444444,0.5555555555555556,0.86,0.45548204298331185
181,e12/candelabra,attribute_constraint,122,104,1.0,0.04918032786885246,0.057692307692307696,0.9423076923076923,0.6,1.0,0.04918032786885246,0.057692307692307696,0.9423076923076923,0.3,1.0,0.08196721311475409,0.09615384615384616,0.9038461538461539,0.2,0.4692437553095607
182,penny round tile,attribute_constraint,98,58,0.955830517697074,0.10204081632653061,0.15517241379310345,0.8448275862068966,1.0,0.9472569329976198,0.20408163265306123,0.3103448275862069,0.6896551724137931,1.0,0.9515472428397058,0.4897959183673469,0.7586206896551724,0.24137931034482762,0.96,0.7016185429860705
183,farmhouse bread box,style,78,6,0.4073884476270398,0.13513513513513514,0.0,1.0,1.0,0.549144907801196,0.2702702702702703,0.16666666666666666,0.8333333333333334,1.0,0.7650806624522323,0.527027027027027,0.6666666666666666,0.33333333333333337,0.78,0.25007399133975544
184,sugar canister,brand_entity_proxy,185,59,0.7580753931105215,0.05434782608695652,0.11864406779661017,0.8813559322033898,1.0,0.7500834626899875,0.10869565217391304,0.22033898305084745,0.7796610169491526,1.0,0.715827151837917,0.24456521739130435,0.4576271186440678,0.5423728813559322,0.9,0.2811428451230442
185,lunch bag,brand_entity_proxy,124,34,1.0,0.21739130434782608,0.29411764705882354,0.7058823529411764,1.0,0.9757624746743075,0.43478260869565216,0.5588235294117647,0.4411764705882353,1.0,0.960207352884779,0.7391304347826086,0.8529411764705882,0.1470588235294118,0.7,0.7142663749751378
186,board game storage cabinet,product_type,385,4,0.4700182601018591,0.013089005235602094,0.0,1.0,0.5,0.743622302653238,0.028795811518324606,0.25,0.75,0.55,0.8269544024705345,0.05235602094240838,1.0,0.0,0.4,0.21513259709069055
188,"bedroom wall decor floral, multicolored with some teal (prints)",long_descriptive,277,8,0.5646107299326248,0.011235955056179775,0.0,1.0,0.2,0.6890575468172268,0.016853932584269662,0.125,0.875,0.15,0.5959390622240128,0.016853932584269662,0.125,0.875,0.06,-0.27629203098912897
189,big basket for dirty cloths,multi_constraint,73,31,0.5455596993062479,0.041666666666666664,0.06451612903225806,0.935483870967742,0.3,0.5436575186147873,0.08333333333333333,0.06451612903225806,0.935483870967742,0.3,0.7540992193328651,0.20833333333333334,0.16129032258064516,0.8387096774193549,0.3,-0.024641111205974123
190,benjiamino faux leather power lift chair,multi_constraint,792,5,0.43518692560571737,0.014064697609001406,0.0,1.0,1.0,0.5441885155473163,0.02250351617440225,0.0,1.0,0.8,0.6886404796143428,0.04360056258790436,0.2,0.8,0.64,0.22314583668792823
191,biycicle plant stands,product_type,217,0,1.0,0.04608294930875576,,,1.0,1.0,0.09216589861751152,,,1.0,1.0,0.2304147465437788,,,1.0,
193,belchertown table lamp,product_type,278,0,1.0,0.02877697841726619,,,0.8,1.0,0.06474820143884892,,,0.9,1.0,0.14388489208633093,,,0.8,
194,black frame 22 x 36,multi_constraint,293,0,1.0,0.10112359550561797,,,0.9,1.0,0.1797752808988764,,,0.8,0.9855282772907894,0.43820224719101125,,,0.78,0.669044944014337
195,black freestanding tub  with faucet,multi_constraint,110,3,0.5159958223394444,0.06862745098039216,0.0,1.0,0.7,0.5788609050449921,0.13725490196078433,0.0,1.0,0.75,0.7432518645363463,0.3235294117647059,0.3333333333333333,0.6666666666666667,0.74,-0.016101892929026723
196,chabely 5 draw chest,attribute_constraint,165,0,1.0,0.025,,,0.4,1.0,0.05,,,0.4,1.0,0.1375,,,0.44,0.2583145715336019
197,desk for kids tjat ate 10 year old,long_descriptive,41,23,0.8800456786592188,0.0975609756097561,0.13043478260869565,0.8695652173913043,0.4,0.9006754173216036,0.1951219512195122,0.2608695652173913,0.7391304347826086,0.4,0.9639357764650645,0.4634146341463415,0.6956521739130435,0.30434782608695654,0.38,0.5275207321455151
198,cake plates with tops,product_type,82,10,0.439004693160654,0.14583333333333334,0.2,0.8,0.8,0.5787888817618244,0.22916666666666666,0.4,0.6,0.6,0.6672281699310186,0.4791666666666667,0.5,0.5,0.54,0.5108296839325578
199,blue faux throw with pillows,multi_constraint,384,0,0.8611375561264456,0.021447721179624665,,,0.9,0.9103827127966565,0.040214477211796246,,,0.8,0.9510821189928905,0.10187667560321716,,,0.78,0.0052813065982651565
200,ceramic tile sea shell,product_type,247,3,1.0,0.040983606557377046,1.0,0.0,1.0,1.0,0.0778688524590164,1.0,0.0,0.95,1.0,0.1885245901639344,1.0,0.0,0.92,0.245910402171116
201,delta trinsic double towel hook in champagne bronze,long_descriptive,124,0,1.0,0.10204081632653061,,,1.0,1.0,0.16326530612244897,,,0.8,0.9850030692922281,0.32653061224489793,,,0.64,0.5755945699965015
202,full mattress padded liner,product_type,83,45,0.9477344873475497,0.12048192771084337,0.2,0.8,1.0,0.9425962047446457,0.20481927710843373,0.3333333333333333,0.6666666666666667,0.85,0.9258386459695467,0.3855421686746988,0.6444444444444445,0.3555555555555555,0.64,0.6570932216402369
203,ge top loading washer 4.5,multi_constraint,87,5,0.49561804563714607,0.12048192771084337,0.2,0.8,1.0,0.6747281525271523,0.24096385542168675,0.6,0.4,1.0,0.8196978007995624,0.6024096385542169,1.0,0.0,1.0,0.40950001550161785
204,fleur de lis living candle wall sconce bronze,long_descriptive,191,7,0.44987000995377063,0.05747126436781609,0.14285714285714285,0.8571428571428572,1.0,0.5781346520581512,0.11494252873563218,0.2857142857142857,0.7142857142857143,1.0,0.7408911584350416,0.28735632183908044,0.5714285714285714,0.4285714285714286,1.0,0.34964999036361055
205,ines shag rug w003096809,attribute_constraint,93,12,0.3333333333333333,0.08602150537634409,0.0,1.0,0.8,0.40870607579224955,0.16129032258064516,0.0,1.0,0.75,0.5899491555972037,0.2903225806451613,0.0,1.0,0.54,-0.27480680703457844
206,grill cover 73,attribute_constraint,67,2,0.7910516032630488,0.1694915254237288,1.0,0.0,1.0,0.8416900109246018,0.3389830508474576,1.0,0.0,1.0,0.8767170252645189,0.7796610169491526,1.0,0.0,0.94,0.43978007410170133
207,dull bed with shirt head board,multi_constraint,34,0,1.0,0.0,,,0.0,1.0,0.0,,,0.0,1.0,0.0,,,0.0,
208,"fawkes 36"" blue vanity",attribute_constraint,118,0,1.0,0.025423728813559324,,,0.3,1.0,0.07627118644067797,,,0.45,1.0,0.13559322033898305,,,0.32,
209,door pulls bronze matte 4 inch,multi_constraint,198,0,0.823699893396571,0.015873015873015872,,,0.3,0.7862682332533742,0.015873015873015872,,,0.15,0.7368175069509281,0.03968253968253968,,,0.12,0.009735434082512838
210,love seat wide faux leather tuxedo arm sofa,long_descriptive,1045,9,0.7291934843487727,0.008653846153846154,0.4444444444444444,0.5555555555555556,0.9,0.8349896038181506,0.016346153846153847,0.6666666666666666,0.33333333333333337,0.85,0.901091745689346,0.038461538461538464,0.7777777777777778,0.2222222222222222,0.8,0.1210463190416355
211,memory foam rug galveston,product_type,332,0,1.0,0.08403361344537816,,,1.0,1.0,0.16806722689075632,,,1.0,1.0,0.42016806722689076,,,1.0,0.5581518617832022
212,nettie 5 pc bar set,multi_constraint,358,2,0.5821032065260975,0.030927835051546393,0.0,1.0,0.6,0.6137358936660797,0.061855670103092786,0.0,1.0,0.6,0.5590994017931171,0.061855670103092786,0.0,1.0,0.24,0.2069874874174892
213,kraus kitchen sink faucet oletto kpf 2820 sfs,long_descriptive,271,1,0.6943559465628248,0.04316546762589928,0.0,1.0,0.6,0.7511135836963653,0.07913669064748201,0.0,1.0,0.55,0.7557869376254698,0.1223021582733813,0.0,1.0,0.36,0.33766610002314584
214,light wood nightstand with silver accents,multi_constraint,225,0,0.9148568823583791,0.022388059701492536,,,0.3,0.906666773762631,0.029850746268656716,,,0.2,0.9490537618626007,0.08208955223880597,,,0.26,0.6992141946964897
215,king adjustable bed including mattress,multi_constraint,250,30,0.5416860768143642,0.037037037037037035,0.06666666666666667,0.9333333333333333,0.9,0.4677973909380409,0.04938271604938271,0.1,0.9,0.6,0.5869763663902662,0.102880658436214,0.16666666666666666,0.8333333333333334,0.5,0.22297076349793707
216,music plug wall plate,product_type,189,8,0.42215000375741857,0.054945054945054944,0.125,0.875,1.0,0.6163661990595558,0.10989010989010989,0.5,0.5,1.0,0.744828437100264,0.27472527472527475,0.625,0.375,1.0,0.2681574040834583
218,wand bunk beds,product_type,65,0,1.0,0.0,,,0.0,1.0,0.03076923076923077,,,0.1,1.0,0.09230769230769231,,,0.12,
219,trinaic towel rod,product_type,38,0,1.0,0.0,,,0.0,1.0,0.13157894736842105,,,0.25,1.0,0.4473684210526316,,,0.34,
220,sheets for twinxl,product_type,127,52,0.6930942625753341,0.10309278350515463,0.09615384615384616,0.9038461538461539,1.0,0.5878029512408707,0.17525773195876287,0.09615384615384616,0.9038461538461539,0.85,0.6657611876712937,0.32989690721649484,0.28846153846153844,0.7115384615384616,0.64,0.5828386303756964
221,small space dining table and chairs sets,multi_constraint,1719,73,0.3849154322314666,0.0070921985815602835,0.0273972602739726,0.9726027397260274,1.0,0.40200371221968045,0.014184397163120567,0.0547945205479452,0.9452054794520548,0.95,0.4466214596845264,0.03900709219858156,0.1643835616438356,0.8356164383561644,0.96,0.5921177672229816
222,small loving roomtables,attribute_constraint,77,31,0.8988252059479763,0.027777777777777776,0.03225806451612903,0.967741935483871,0.1,0.8736053227463285,0.027777777777777776,0.03225806451612903,0.967741935483871,0.05,0.941951672397716,0.027777777777777776,0.03225806451612903,0.967741935483871,0.02,0.7524242681747532
223,wisdom stone river 3-3/4,multi_constraint,207,1,0.0509406755728625,0.0,0.0,1.0,0.2,0.17805203745840936,0.0,0.0,1.0,0.15,0.206510584382801,0.08333333333333333,0.0,1.0,0.14,0.12562909323053034
224,twin over full bunk beds cool desins,multi_constraint,73,22,0.3333333333333333,0.0410958904109589,0.0,1.0,0.3,0.40612936614680833,0.0684931506849315,0.0,1.0,0.25,0.6539464452569868,0.1643835616438356,0.045454545454545456,0.9545454545454546,0.24,-0.23802433923309355
225,white splashproof shiplap wallpaper,attribute_constraint,45,2,0.8205725510999616,0.09090909090909091,0.5,0.5,0.3,0.8640565904367702,0.12121212121212122,1.0,0.0,0.2,0.8744640298978735,0.2727272727272727,1.0,0.0,0.18,0.31842023159051697
226,power lift chair,product_type,316,197,0.7523405950706065,0.028662420382165606,0.030456852791878174,0.9695431472081218,0.9,0.7422894730688506,0.054140127388535034,0.050761421319796954,0.949238578680203,0.85,0.7584372337941838,0.1305732484076433,0.13705583756345177,0.8629441624365483,0.82,0.08210005259382036
227,owl,brand_entity_proxy,203,176,1.0,0.056818181818181816,0.056818181818181816,0.9431818181818182,1.0,1.0,0.11363636363636363,0.11363636363636363,0.8863636363636364,1.0,1.0,0.2840909090909091,0.2840909090909091,0.7159090909090908,1.0,0.537677000358482
228,bee,brand_entity_proxy,244,178,0.955830517697074,0.049723756906077346,0.0449438202247191,0.9550561797752809,0.9,0.9714944583233123,0.09392265193370165,0.0898876404494382,0.9101123595505618,0.85,0.9694432287826685,0.24861878453038674,0.24719101123595505,0.752808988764045,0.92,0.657947171215484
229,waterfall faucet,brand_entity_proxy,556,133,0.955830517697074,0.019417475728155338,0.06766917293233082,0.9323308270676691,1.0,0.9714944583233123,0.038834951456310676,0.14285714285714285,0.8571428571428572,1.0,0.9844401594904405,0.0970873786407767,0.3684210526315789,0.631578947368421,1.0,0.650737186812715
230,gold,attribute_constraint,274,228,1.0,0.03463203463203463,0.03508771929824561,0.9649122807017544,0.8,1.0,0.047619047619047616,0.04824561403508772,0.9517543859649122,0.55,0.9890034391588551,0.11688311688311688,0.11403508771929824,0.8859649122807017,0.54,0.30872304810411966
231,anti fatigue mat,product_type,359,307,1.0,0.027855153203342618,0.03257328990228013,0.9674267100977199,1.0,1.0,0.055710306406685235,0.06514657980456026,0.9348534201954397,1.0,1.0,0.1392757660167131,0.16286644951140064,0.8371335504885994,1.0,0.5775155372235713
232,storage dresser,product_type,2329,423,0.39577422124284006,0.010452961672473868,0.009456264775413711,0.9905437352245863,0.9,0.44803349797943043,0.024390243902439025,0.018912529550827423,0.9810874704491725,0.95,0.5682414060170476,0.05749128919860627,0.054373522458628844,0.9456264775413712,0.88,0.6230694847925377
233,kelly clarkson light fixtures,product_type,156,81,0.4548372450331951,0.033112582781456956,0.0,1.0,0.5,0.5275958773644777,0.039735099337748346,0.012345679012345678,0.9876543209876543,0.3,0.6019629472783655,0.052980132450331126,0.024691358024691357,0.9753086419753086,0.16,0.04030228922891884
234,artificial orchid arrangement,product_type,144,107,0.9432379215722527,0.06944444444444445,0.08411214953271028,0.9158878504672897,1.0,0.9633676079520094,0.1388888888888889,0.17757009345794392,0.822429906542056,1.0,0.9193993581281853,0.3472222222222222,0.40186915887850466,0.5981308411214954,1.0,0.3691459690318176
235,bathroom wastebasket,brand_entity_proxy,1368,133,1.0,0.06535947712418301,0.07518796992481203,0.924812030075188,1.0,1.0,0.13071895424836602,0.15037593984962405,0.849624060150376,1.0,0.9755795968081828,0.3202614379084967,0.3609022556390977,0.6390977443609023,0.98,0.49936987526422183
236,3 piece rug set with runners,multi_constraint,2202,29,0.4766787528633079,0.02247191011235955,0.0,1.0,0.4,0.4137250239864248,0.05056179775280899,0.06896551724137931,0.9310344827586207,0.45,0.6113109875031261,0.11797752808988764,0.10344827586206896,0.896551724137931,0.44,0.46910495879132535
237,cloud modular sectional,product_type,205,4,0.8272353710816744,0.010416666666666666,0.5,0.5,0.2,0.8433437612723275,0.015625,0.5,0.5,0.15,0.8935200619386513,0.03125,0.5,0.5,0.14,0.1097027855570658
238,outdoor seat/back cushion,product_type,318,54,0.4995751359652993,0.022082018927444796,0.037037037037037035,0.962962962962963,0.7,0.5846375161757628,0.03785488958990536,0.09259259259259259,0.9074074074074074,0.6,0.6238269438404899,0.0914826498422713,0.2777777777777778,0.7222222222222222,0.58,0.45032799136264734
239,bathroom single faucet,product_type,573,146,0.9432379215722527,0.02962962962962963,0.04794520547945205,0.952054794520548,0.8,0.9418087471864629,0.05555555555555555,0.0958904109589041,0.904109589041096,0.75,0.9046634244578183,0.14074074074074075,0.22602739726027396,0.773972602739726,0.76,0.8308758619290358
240,eiffel tower wall art,product_type,68,33,0.9477344873475497,0.15625,0.2727272727272727,0.7272727272727273,1.0,0.9662695446835886,0.3125,0.5757575757575758,0.4242424242424242,1.0,0.9896942756792223,0.515625,0.9696969696969697,0.030303030303030276,0.66,0.8408837290421508
241,decorative wall clocks,product_type,243,148,0.9048032373092417,0.037037037037037035,0.04054054054054054,0.9594594594594594,0.7,0.8628859742605532,0.06878306878306878,0.060810810810810814,0.9391891891891891,0.65,0.8307085813860863,0.13227513227513227,0.11486486486486487,0.8851351351351351,0.5,0.5772822001444043
242,accent leather chair,attribute_constraint,283,175,0.6985684928164698,0.0071174377224199285,0.005714285714285714,0.9942857142857143,0.2,0.7109638557484226,0.021352313167259787,0.022857142857142857,0.9771428571428571,0.3,0.7321294689948171,0.0498220640569395,0.04,0.96,0.28,0.03837581281044998
243,indoor multi tiered plant stand,multi_constraint,209,135,0.5380098202283101,0.030927835051546393,0.014814814814814815,0.9851851851851852,0.6,0.5356332422988025,0.07216494845360824,0.02962962962962963,0.9703703703703703,0.7,0.612461921236479,0.17010309278350516,0.07407407407407407,0.9259259259259259,0.66,0.06578172687299631
244,pull out sleeper loveseat,product_type,143,9,0.5213862195092288,0.0,0.0,1.0,0.0,0.6285152699552861,0.0,0.0,1.0,0.0,0.7839736391728199,0.0,0.0,1.0,0.0,0.21834129832598267
245,anchor decor,brand_entity_proxy,485,57,1.0,0.058823529411764705,0.17543859649122806,0.8245614035087719,1.0,1.0,0.10588235294117647,0.3157894736842105,0.6842105263157895,0.9,0.8989504591258236,0.19411764705882353,0.543859649122807,0.45614035087719296,0.66,0.40698224479868284
246,clear shower curtain,attribute_constraint,252,12,0.45278858009435086,0.056,0.25,0.75,0.9,0.4003911017357374,0.072,0.25,0.75,0.85,0.4184505022246663,0.176,0.25,0.75,0.92,-0.043921801593520556
247,beaded curtains,brand_entity_proxy,961,40,0.8590331472570637,0.013293943870014771,0.175,0.825,0.9,0.7677669751516268,0.022156573116691284,0.225,0.775,0.75,0.7114004392696136,0.059084194977843424,0.425,0.575,0.86,0.2933417757467186
248,surge protector,brand_entity_proxy,104,39,1.0,0.22727272727272727,0.2564102564102564,0.7435897435897436,1.0,1.0,0.45454545454545453,0.5128205128205128,0.4871794871794872,1.0,0.9883107968604385,0.8636363636363636,0.9487179487179487,0.05128205128205132,0.76,0.8470412196675661
249,bistro table and chairs,product_type,197,124,1.0,0.05181347150259067,0.08064516129032258,0.9193548387096774,1.0,0.9777083390768576,0.09844559585492228,0.14516129032258066,0.8548387096774194,0.95,0.9683401151840211,0.23316062176165803,0.3387096774193548,0.6612903225806452,0.9,0.5782112862234976
250,multi color rug,product_type,131,96,0.8585157560180571,0.02564102564102564,0.020833333333333332,0.9791666666666666,0.3,0.9086906886125139,0.06837606837606838,0.0625,0.9375,0.4,0.9007489191388696,0.11965811965811966,0.125,0.875,0.28,0.47607609622760605
251,coffee container,brand_entity_proxy,1483,90,0.44519897452998813,0.029411764705882353,0.03333333333333333,0.9666666666666667,0.6,0.42953642254092234,0.04411764705882353,0.05555555555555555,0.9444444444444444,0.65,0.32008845216534737,0.09558823529411764,0.12222222222222222,0.8777777777777778,0.76,0.03496716762291065
252,accent chairs living room,product_type,443,100,0.6987693759863632,0.00558659217877095,0.01,0.99,0.2,0.5910838035903984,0.013966480446927373,0.02,0.98,0.25,0.5442911788849994,0.025139664804469275,0.05,0.95,0.18,0.5054651420102321
253,antique brass faucet,product_type,117,5,0.43518692560571737,0.06896551724137931,0.0,1.0,0.8,0.6195273434232557,0.13793103448275862,0.2,0.8,0.8,0.759583319574793,0.25862068965517243,0.6,0.4,0.6,0.12965130822601043
254,comfortable accent chair,product_type,201,131,0.6804119088111256,0.005050505050505051,0.007633587786259542,0.9923664122137404,0.1,0.719035829338608,0.005050505050505051,0.007633587786259542,0.9923664122137404,0.05,0.772695779054492,0.005050505050505051,0.007633587786259542,0.9923664122137404,0.02,0.1305237065645093
255,desk and chair set,product_type,217,107,1.0,0.03940886699507389,0.07476635514018691,0.9252336448598131,0.8,0.9768332182007543,0.059113300492610835,0.11214953271028037,0.8878504672897196,0.6,0.961681013028374,0.12807881773399016,0.2336448598130841,0.7663551401869159,0.52,0.6645225616599729
256,high weight capacity bunk beds,multi_constraint,138,68,0.6410457898283652,0.03937007874015748,0.058823529411764705,0.9411764705882353,0.6,0.7248738320190682,0.05511811023622047,0.08823529411764706,0.9117647058823529,0.45,0.689231221316751,0.12598425196850394,0.22058823529411764,0.7794117647058824,0.36,0.28627196846269126
257,living room coffee table sets,multi_constraint,1834,132,0.6582114991126922,0.005965697240865026,0.03787878787878788,0.9621212121212122,0.9,0.7303121692116041,0.01267710663683818,0.09090909090909091,0.9090909090909091,0.9,0.731727377777427,0.03281133482475764,0.2196969696969697,0.7803030303030303,0.9,0.7928169039149745
258,breakfast bar table,product_type,126,58,0.6678067093893126,0.032,0.05172413793103448,0.9482758620689655,0.5,0.6698689816825653,0.088,0.15517241379310345,0.8448275862068966,0.6,0.7021251074792141,0.144,0.20689655172413793,0.7931034482758621,0.38,0.2516204950473982
259,nursery end table,product_type,634,0,1.0,0.01263823064770932,,,0.8,1.0,0.026856240126382307,,,0.85,1.0,0.06477093206951026,,,0.82,-0.041153735753601164
260,retractable side awning,product_type,68,26,0.9477344873475497,0.20833333333333334,0.34615384615384615,0.6538461538461539,1.0,0.8736920113030017,0.4166666666666667,0.5769230769230769,0.42307692307692313,1.0,0.97455362194001,1.0,1.0,0.0,0.96,0.8375094746157318
261,semi flush foyer light,product_type,175,125,0.8010066431488295,0.011428571428571429,0.008,0.992,0.2,0.8467050180168539,0.03428571428571429,0.032,0.968,0.3,0.7871508539477323,0.07428571428571429,0.08,0.92,0.26,-0.09740231019512814
262,bathroom freestanding cabinet,product_type,138,87,0.8532721558012799,0.058823529411764705,0.08045977011494253,0.9195402298850575,0.8,0.9053066402442285,0.11764705882352941,0.1724137931034483,0.8275862068965517,0.8,0.8995206426684124,0.25,0.3563218390804598,0.6436781609195402,0.68,0.48289158250709635
263,small curtain rods,attribute_constraint,291,75,0.676312225640255,0.048,0.04,0.96,0.7,0.6491585911018848,0.088,0.08,0.92,0.65,0.5514541783270046,0.192,0.2,0.8,0.62,0.30201494902560605
264,cortez pillow,brand_entity_proxy,897,15,0.8814802638931606,0.01335559265442404,0.4666666666666667,0.5333333333333333,0.9,0.8191508887116355,0.02337228714524207,0.7333333333333333,0.2666666666666667,0.9,0.8394923996092337,0.06010016694490818,0.8,0.19999999999999996,0.86,0.4138935422868988
265,candace wingback upholstered bed,product_type,690,0,0.9337457765456111,0.013333333333333334,,,1.0,0.9572416874849684,0.025185185185185185,,,0.9,0.9766602392356607,0.05925925925925926,,,0.82,0.10061035902818688
266,champagne velvet desk chair,product_type,353,1,0.6943559465628248,0.008571428571428572,0.0,1.0,0.3,0.7787676299523247,0.017142857142857144,0.0,1.0,0.3,0.8928493443411224,0.054285714285714284,0.0,1.0,0.38,0.16346955309776598
267,dolomite subway tile,product_type,154,2,0.5821032065260975,0.06493506493506493,0.0,1.0,1.0,0.6833800218492042,0.12337662337662338,0.0,1.0,0.95,0.798147164547621,0.2987012987012987,0.0,1.0,0.92,0.020642497914024286
268,betty resin free standing umbrella,multi_constraint,311,1,1.0,0.11904761904761904,1.0,0.0,1.0,1.0,0.23809523809523808,1.0,0.0,1.0,1.0,0.5952380952380952,1.0,0.0,1.0,0.6895471486267805
269,donaldson teak couch,product_type,99,0,1.0,0.0967741935483871,,,0.9,1.0,0.17204301075268819,,,0.8,1.0,0.3763440860215054,,,0.7,0.3540449357722452
270,edge chair mat,product_type,95,42,0.5123686152600141,0.10638297872340426,0.07142857142857142,0.9285714285714286,1.0,0.5436052931352203,0.2127659574468085,0.16666666666666666,0.8333333333333334,1.0,0.6708500719843661,0.5319148936170213,0.5714285714285714,0.4285714285714286,1.0,0.0835175191195546
271,chinese flower stand,product_type,96,1,0.6943559465628248,0.07608695652173914,0.0,1.0,0.7,0.7787676299523247,0.09782608695652174,0.0,1.0,0.45,0.8522024035035817,0.15217391304347827,0.0,1.0,0.28,0.0872287290214663
272,oliver parsons,brand_entity_proxy,115,0,1.0,0.09302325581395349,,,0.8,0.9644899900915856,0.16279069767441862,,,0.7,0.9662383278145996,0.27906976744186046,,,0.5,0.5838971231275839
273,stainless steel free standing shower caddy,multi_constraint,542,4,0.704001177685908,0.10869565217391304,0.5,0.5,1.0,0.8068450087996851,0.21739130434782608,0.75,0.25,1.0,0.8696274238595376,0.5434782608695652,0.75,0.25,1.0,0.5209638190009882
274,gowdy height adjustable standing desk,multi_constraint,331,1,0.6943559465628248,0.08333333333333333,0.0,1.0,0.8,0.7517053203191928,0.125,0.0,1.0,0.6,0.85005784333573,0.1875,0.0,1.0,0.38,0.7389674061124517
275,hinged square ottoman,attribute_constraint,127,13,0.4683221547150041,0.056,0.07692307692307693,0.9230769230769231,0.7,0.5587145154864749,0.104,0.23076923076923078,0.7692307692307692,0.65,0.7169642859855828,0.168,0.3076923076923077,0.6923076923076923,0.42,0.17337897516386291
276,chaves l-shape floating desk with hutch,multi_constraint,377,0,1.0,0.0273972602739726,,,1.0,1.0,0.0547945205479452,,,1.0,1.0,0.12602739726027398,,,0.92,0.30280944064102044
277,barstool patio sets,product_type,256,44,0.6034947518836276,0.0,0.0,1.0,0.1,0.6239081194342722,0.015306122448979591,0.06818181818181818,0.9318181818181819,0.2,0.6308742494217259,0.09183673469387756,0.25,0.75,0.4,0.2134613115441558
278,parakeet toy,product_type,112,7,0.4408139232357006,0.12987012987012986,0.14285714285714285,0.8571428571428572,1.0,0.5383340987553187,0.2597402597402597,0.14285714285714285,0.8571428571428572,1.0,0.7279417122385458,0.6103896103896104,0.42857142857142855,0.5714285714285714,0.94,0.5690060909819029
279,marlon tufted queen bed,attribute_constraint,374,1,0.6943559465628248,0.010810810810810811,0.0,1.0,0.4,0.7787676299523247,0.01891891891891892,0.0,1.0,0.35,0.8897888981259474,0.05675675675675676,0.0,1.0,0.42,0.1265330057664546
280,johan desk by laurel foundry,multi_constraint,116,0,1.0,0.018867924528301886,,,0.2,1.0,0.02830188679245283,,,0.15,1.0,0.04716981132075472,,,0.1,0.4091011478655543
281,brunk ship wheel,product_type,90,1,1.0,0.19607843137254902,1.0,0.0,1.0,1.0,0.37254901960784315,1.0,0.0,0.95,0.7984748716491785,0.6078431372549019,1.0,0.0,0.7,0.4669659212261462
282,grantola wall mirror,product_type,130,1,0.8871958738785231,0.06201550387596899,1.0,0.0,0.8,0.9183497146685337,0.09302325581395349,1.0,0.0,0.6,0.9504528301300131,0.20155038759689922,1.0,0.0,0.52,0.1784831415588788
283,gaia driftwood table,product_type,115,1,0.9490593244271374,0.03773584905660377,1.0,0.0,0.4,0.9631279383253875,0.05660377358490566,1.0,0.0,0.3,0.9642003690087365,0.09433962264150944,1.0,0.0,0.22,0.22016976382260145
284,family lamp,product_type,331,0,0.88995411685096,0.032846715328467155,,,1.0,0.8961150096155943,0.058394160583941604,,,0.85,0.9113652077964639,0.1386861313868613,,,0.84,0.4197231893815318
285,"48"" sliding single track , barn door for laundry",long_descriptive,183,7,0.38441023776109734,0.0782608695652174,0.0,1.0,0.9,0.5953368894990364,0.14782608695652175,0.2857142857142857,0.7142857142857143,0.85,0.7244857783943726,0.25217391304347825,0.5714285714285714,0.4285714285714286,0.58,0.40967244074453774
286,hitchcock mid-century wall shelf,multi_constraint,256,0,1.0,0.04093567251461988,,,0.7,1.0,0.07017543859649122,,,0.6,1.0,0.1871345029239766,,,0.64,0.7177166887215372
287,cover set for outdoor furniture,multi_constraint,406,45,0.7768604938853789,0.09523809523809523,0.13333333333333333,0.8666666666666667,1.0,0.784739893581585,0.19047619047619047,0.28888888888888886,0.7111111111111111,1.0,0.840560704384799,0.47619047619047616,0.7777777777777778,0.2222222222222222,1.0,0.7058880400190534
288,round outdoor patio cover,attribute_constraint,272,0,1.0,0.08737864077669903,,,0.9,1.0,0.1650485436893204,,,0.85,0.9404971528432711,0.39805825242718446,,,0.88,0.7445848120132065
289,coma inducer comforter king set,multi_constraint,251,27,0.9008240627729516,0.03879310344827586,0.2962962962962963,0.7037037037037037,0.9,0.8430218737975291,0.05603448275862069,0.37037037037037035,0.6296296296296297,0.65,0.8943243882779569,0.14224137931034483,0.6666666666666666,0.33333333333333337,0.66,0.5663148389803927
290,mission double vanity,product_type,168,0,1.0,0.011904761904761904,,,0.2,1.0,0.03571428571428571,,,0.3,1.0,0.10119047619047619,,,0.34,
291,front door cabinet with doors,multi_constraint,218,15,0.24890153196315604,0.014218009478672985,0.0,1.0,0.4,0.3011034452185555,0.018957345971563982,0.0,1.0,0.3,0.46737843917566935,0.037914691943127965,0.0,1.0,0.22,-0.17638249296102484
292,decorative white pillow,attribute_constraint,204,12,0.36084529565214923,0.02054794520547945,0.08333333333333333,0.9166666666666666,0.4,0.40218505099517965,0.0273972602739726,0.08333333333333333,0.9166666666666666,0.3,0.5670519846227805,0.07534246575342465,0.08333333333333333,0.9166666666666666,0.28,0.3933959530773728
293,wood floor protector mat,attribute_constraint,102,13,0.4318863272769684,0.0821917808219178,0.07692307692307693,0.9230769230769231,0.6,0.4998529343073158,0.1506849315068493,0.15384615384615385,0.8461538461538461,0.55,0.698799568004312,0.273972602739726,0.23076923076923078,0.7692307692307692,0.4,0.5250001774052233
294,moen multi function dual shower head,multi_constraint,136,0,0.841492960259019,0.08163265306122448,,,1.0,0.8629545593512598,0.1326530612244898,,,0.8,0.8799891910414629,0.30612244897959184,,,0.7,0.4370240130752793
295,end table between recliners,product_type,139,6,0.4073884476270398,0.0,0.0,1.0,0.0,0.5298899694612991,0.0,0.0,1.0,0.0,0.6609753509348955,0.014925373134328358,0.0,1.0,0.04,-0.09133616472931685
296,zakariyah twin platform,attribute_constraint,171,1,0.7684197340385843,0.0058823529411764705,0.0,1.0,0.1,0.8323767450445557,0.01764705882352941,0.0,1.0,0.15,0.8982825613686267,0.052941176470588235,1.0,0.0,0.18,0.0054772036662808134
297,seat cushions desk,product_type,487,8,0.3649302102017378,0.04040404040404041,0.0,1.0,0.4,0.4538851109772167,0.08080808080808081,0.0,1.0,0.4,0.5867697596720376,0.1919191919191919,0.0,1.0,0.4,0.3548454542616466
298,small woven pouf,attribute_constraint,98,9,0.39643515950274605,0.10204081632653061,0.1111111111111111,0.8888888888888888,1.0,0.522631944470415,0.19387755102040816,0.1111111111111111,0.8888888888888888,0.95,0.7489510815690381,0.40816326530612246,0.6666666666666666,0.33333333333333337,0.8,0.18672913835931915
300,animal print handmade tufted wool beige/black area rug by allmodern,long_descriptive,1114,2,0.5821032065260975,0.008992805755395683,0.0,1.0,1.0,0.6833800218492042,0.0170863309352518,0.0,1.0,0.95,0.798147164547621,0.04316546762589928,0.0,1.0,0.96,0.0805896220856135
301,circle cabinet pulls,product_type,148,2,0.5821032065260975,0.0410958904109589,0.0,1.0,0.6,0.6833800218492042,0.06164383561643835,0.0,1.0,0.45,0.787182542554452,0.10273972602739725,0.0,1.0,0.3,-0.08561857093598739
302,mattress foam topper queen,attribute_constraint,238,59,0.6087383521004046,0.04739336492890995,0.0847457627118644,0.9152542372881356,1.0,0.5484729565384391,0.09004739336492891,0.11864406779661017,0.8813559322033898,1.0,0.5539397692859004,0.20853080568720378,0.2542372881355932,0.7457627118644068,0.92,0.1875450149544566
303,hawaii vintage art,style,72,8,0.6251958367902537,0.12121212121212122,0.5,0.5,0.8,0.7578604336742254,0.2727272727272727,0.75,0.25,0.9,0.8667891991623715,0.4393939393939394,1.0,0.0,0.58,0.5552693115262202
304,merlyn 6,attribute_constraint,759,0,0.0,0.0,,,0.0,0.07017172093402163,0.0,,,0.1,0.085877919685399,0.0,,,0.08,0.04355155767088396
305,ligth bulb,brand_entity_proxy,299,193,1.0,0.027303754266211604,0.04145077720207254,0.9585492227979274,0.8,1.0,0.051194539249146756,0.07772020725388601,0.9222797927461139,0.75,0.9596736645491679,0.13651877133105803,0.18652849740932642,0.8134715025906736,0.8,0.5043065278708777
306,mobley zero gravity adjustable bed with wireless remote,long_descriptive,114,2,0.7437677542157901,0.1111111111111111,0.5,0.5,1.0,0.8058653492233786,0.2222222222222222,0.5,0.5,1.0,0.903228287211543,0.5555555555555556,1.0,0.0,1.0,0.6353135905002643
307,real touch roses floral arrangements in glass vase,long_descriptive,189,6,0.6699684301931753,0.057803468208092484,0.5,0.5,1.0,0.7654743529528827,0.11560693641618497,0.6666666666666666,0.33333333333333337,1.0,0.8734715742768993,0.2774566473988439,1.0,0.0,0.96,0.4680837205033042
308,led 60,attribute_constraint,776,2,0.3704366806723701,0.01026694045174538,0.0,1.0,0.8,0.523010639174706,0.026694045174537988,0.0,1.0,0.85,0.7481967385352015,0.08418891170431211,1.0,0.0,0.9,0.7159745808936256
309,moen 5995 arbor one,attribute_constraint,72,0,0.19930623359011804,0.07692307692307693,,,0.9,0.335607640307687,0.19230769230769232,,,0.75,0.5524693586300057,0.4230769230769231,,,0.44,0.19061408817338105
310,meade mirror,product_type,589,4,0.9731768654671089,0.02288329519450801,1.0,0.0,1.0,0.978682654685144,0.043478260869565216,1.0,0.0,0.95,0.9856115691968249,0.11212814645308924,1.0,0.0,0.98,0.6992862151254003
311,odum velvet,brand_entity_proxy,571,4,0.4700182601018591,0.0166358595194085,0.0,1.0,0.9,0.5565865745664903,0.029574861367837338,0.0,1.0,0.85,0.7237979754915771,0.07024029574861368,0.25,0.75,0.78,0.15173247479881413
312,coat rack for bedroom,product_type,119,10,0.5323266901845036,0.06722689075630252,0.2,0.8,0.8,0.6047280145881496,0.15126050420168066,0.2,0.8,0.9,0.8174496450479083,0.3865546218487395,0.8,0.19999999999999996,0.92,0.1983938774693472
313,malachi sled,brand_entity_proxy,105,3,0.8812346780087129,0.0136986301369863,0.3333333333333333,0.6666666666666667,0.1,0.8409996632026444,0.0136986301369863,0.3333333333333333,0.6666666666666667,0.05,0.8495427542305501,0.0273972602739726,0.3333333333333333,0.6666666666666667,0.04,0.3693131897212688
314,body pillow and case,product_type,145,11,0.6023217777339953,0.05673758865248227,0.36363636363636365,0.6363636363636364,0.8,0.7031387717035523,0.11347517730496454,0.5454545454545454,0.4545454545454546,0.8,0.8170639738860798,0.2624113475177305,0.7272727272727273,0.2727272727272727,0.74,0.343156732481514
315,medium clips,brand_entity_proxy,316,4,0.7432160306272276,0.12903225806451613,0.75,0.25,0.8,0.8027203262891499,0.1935483870967742,1.0,0.0,0.6,0.7174784506740733,0.25806451612903225,1.0,0.0,0.32,0.4684233113372343
316,rolande heavy duty power lift assist recliner,multi_constraint,406,1,0.8871958738785231,0.027190332326283987,1.0,0.0,0.9,0.9183497146685337,0.04833836858006042,1.0,0.0,0.8,0.9504528301300131,0.1299093655589124,1.0,0.0,0.86,0.6756533161009667
317,hulmeville writing desk with hutch,multi_constraint,340,2,0.5821032065260975,0.023668639053254437,0.0,1.0,0.8,0.7358426115854704,0.05029585798816568,0.5,0.5,0.85,0.8551770154119471,0.11834319526627218,1.0,0.0,0.8,0.06188596232184107
318,sunjoy lantern,brand_entity_proxy,156,1,0.6943559465628248,0.07142857142857142,0.0,1.0,1.0,0.7787676299523247,0.14285714285714285,0.0,1.0,1.0,0.8276374303292141,0.2714285714285714,0.0,1.0,0.82,0.3303829349159782
319,landis wall mounted bathroom shelves,multi_constraint,673,1,0.6943559465628248,0.05325443786982249,0.0,1.0,0.9,0.8368742090805228,0.10650887573964497,1.0,0.0,0.9,0.8639513932968883,0.20118343195266272,1.0,0.0,0.7,0.5101815491096855
320,blaylock bookcase headboard,product_type,93,1,0.6943559465628248,0.1282051282051282,0.0,1.0,1.0,0.8072980739812234,0.23076923076923078,1.0,0.0,0.95,0.8331123290036863,0.41025641025641024,1.0,0.0,0.68,0.3306571701073635
321,hussain handmade tufted magenta rug,multi_constraint,297,1,0.6943559465628248,0.030303030303030304,0.0,1.0,0.9,0.7787676299523247,0.05387205387205387,0.0,1.0,0.8,0.865751383782762,0.11447811447811448,0.0,1.0,0.68,-0.030507266345350646
322,cream queen duvet cover,attribute_constraint,242,0,1.0,0.04149377593360996,,,1.0,1.0,0.08298755186721991,,,1.0,1.0,0.2033195020746888,,,0.98,0.11111111111111112
323,hub leaning full length mirror,multi_constraint,126,1,1.0,0.032,1.0,0.0,0.4,1.0,0.088,1.0,0.0,0.55,1.0,0.2,1.0,0.0,0.5,0.2164928205676353
324,chase utility laundry cart,product_type,113,1,0.8259896754927477,0.09523809523809523,1.0,0.0,1.0,0.8475200854459534,0.1523809523809524,1.0,0.0,0.85,0.9074718698471108,0.2761904761904762,1.0,0.0,0.6,0.3491724770722169
325,outdoor waterproof chest,product_type,120,46,0.34210137762625537,0.023255813953488372,0.021739130434782608,0.9782608695652174,0.4,0.3343648421766949,0.023255813953488372,0.021739130434782608,0.9782608695652174,0.2,0.4672692458266176,0.023255813953488372,0.021739130434782608,0.9782608695652174,0.16,0.024575737054878043
326,bowersville ladder writing desk,product_type,284,1,1.0,0.0353356890459364,1.0,0.0,1.0,1.0,0.0636042402826855,1.0,0.0,0.9,1.0,0.13780918727915195,1.0,0.0,0.78,0.1448395753739787
327,kohler purist brushed bronze,product_type,115,8,0.3649302102017378,0.10227272727272728,0.0,1.0,0.9,0.5083330381412999,0.19318181818181818,0.125,0.875,0.85,0.6288337112922784,0.375,0.125,0.875,0.66,0.28848354464216436
328,golub dining table,product_type,659,1,0.7304204332435885,0.013910355486862442,1.0,0.0,1.0,0.8048719554682736,0.02472952086553323,1.0,0.0,0.85,0.8815920565425633,0.06027820710973725,1.0,0.0,0.8,0.17277062405335933
329,wayfair tension rod,product_type,83,2,0.8246000280606365,0.10975609756097561,1.0,0.0,0.9,0.867108012910466,0.21951219512195122,1.0,0.0,0.9,0.9152781686121282,0.4146341463414634,1.0,0.0,0.68,0.27843999189576824
330,kari 2 piece,attribute_constraint,600,1,0.0,0.0,0.0,1.0,0.7,0.0,0.0,0.0,1.0,0.6,0.06272176842086574,0.0,0.0,1.0,0.4,-0.23521937820055475
331,upholstered girls bed,product_type,533,52,0.3965255762463672,0.013207547169811321,0.019230769230769232,0.9807692307692307,0.7,0.39602552396373925,0.022641509433962263,0.019230769230769232,0.9807692307692307,0.6,0.3890743410136007,0.06037735849056604,0.07692307692307693,0.9230769230769231,0.64,-0.054919878895913724
332,attleboro drum coffee table,product_type,1410,1,1.0,0.0071174377224199285,1.0,0.0,1.0,1.0,0.014234875444839857,1.0,0.0,1.0,1.0,0.03416370106761566,1.0,0.0,0.96,0.08653226219045791
333,stainless steel colander set,product_type,315,21,0.6519780935750487,0.12048192771084337,0.19047619047619047,0.8095238095238095,1.0,0.5864759965064898,0.24096385542168675,0.2857142857142857,0.7142857142857143,1.0,0.8481891380728298,0.6024096385542169,0.9047619047619048,0.09523809523809523,1.0,0.6860036777317718
334,itchington butterfly,brand_entity_proxy,122,6,0.0,0.0,0.0,1.0,1.0,0.1611733522801258,0.02,0.16666666666666666,0.8333333333333334,0.75,0.2352770788265702,0.06,0.5,0.5,0.42,-0.110956105419505
335,canadian,brand_entity_proxy,81,42,1.0,0.023809523809523808,0.023809523809523808,0.9761904761904762,0.1,0.9652498273011314,0.07142857142857142,0.07142857142857142,0.9285714285714286,0.15,0.7993512218274789,0.07142857142857142,0.07142857142857142,0.9285714285714286,0.06,0.45546921111012045
336,mystic swivel,brand_entity_proxy,360,1,0.7643852248206158,0.0,0.0,1.0,0.0,0.7500912713941985,0.0,0.0,1.0,0.0,0.810851456938095,0.0,0.0,1.0,0.0,-0.06919617351806938
337,iittala bowl,brand_entity_proxy,201,39,0.679997865330383,0.08264462809917356,0.10256410256410256,0.8974358974358975,1.0,0.7460767637218098,0.1652892561983471,0.3076923076923077,0.6923076923076923,1.0,0.73669988167241,0.4049586776859504,0.5641025641025641,0.4358974358974359,0.98,0.7555161394588026
338,mahone porch rocking chair,product_type,204,1,0.8259896754927477,0.05714285714285714,1.0,0.0,1.0,0.8740472256188766,0.11428571428571428,1.0,0.0,1.0,0.9235691157413181,0.2857142857142857,1.0,0.0,1.0,0.4917492141422304
339,ruckus chair,product_type,3044,6,0.4034827935345066,0.019230769230769232,0.3333333333333333,0.6666666666666667,0.8,0.38238754393169383,0.019230769230769232,0.3333333333333333,0.6666666666666667,0.65,0.2774069821702503,0.028846153846153848,0.5,0.5,0.7,0.05568534532812068
340,berenice 4 storage cabinet,attribute_constraint,505,3,0.5116388212145392,0.01728395061728395,0.0,1.0,0.9,0.5721933298865559,0.03209876543209877,0.3333333333333333,0.6666666666666667,0.85,0.7079004293049906,0.08395061728395062,0.3333333333333333,0.6666666666666667,0.76,0.4322346388091858
341,canvas map art,product_type,199,22,0.6249016527668734,0.04020100502512563,0.13636363636363635,0.8636363636363636,0.8,0.5909422870066895,0.08040201005025126,0.18181818181818182,0.8181818181818181,0.8,0.7134362301047492,0.17587939698492464,0.36363636363636365,0.6363636363636364,0.7,0.09652085387661208
342,brendon counter stool,product_type,478,2,0.8428919178014227,0.012578616352201259,1.0,0.0,0.6,0.8809668838578122,0.018867924528301886,1.0,0.0,0.45,0.9241135314759272,0.06289308176100629,1.0,0.0,0.6,0.08727024097628766
343,navy and peach bedding,product_type,116,0,1.0,0.008695652173913044,,,0.1,1.0,0.043478260869565216,,,0.25,1.0,0.0782608695652174,,,0.18,0.11000107957045116
344,ottoman bed queen,attribute_constraint,116,0,1.0,0.03508771929824561,,,0.4,1.0,0.07017543859649122,,,0.4,0.9862624056311926,0.13157894736842105,,,0.3,0.003955590672566407
345,oriental vanity,brand_entity_proxy,1148,0,0.5617131059245699,0.007926023778071334,,,0.9,0.6111426198024927,0.017173051519154558,,,0.95,0.6959288106408436,0.043593130779392336,,,0.92,0.5163742707647698
346,nesting tray set,product_type,110,19,0.8083682423538655,0.09090909090909091,0.2631578947368421,0.736842105263158,0.8,0.7528657264102462,0.1590909090909091,0.42105263157894735,0.5789473684210527,0.7,0.8760612560339145,0.32954545454545453,0.6842105263157895,0.3157894736842105,0.58,0.5065645998052591
347,olive green console table,attribute_constraint,577,0,1.0,0.017513134851138354,,,1.0,1.0,0.03152364273204904,,,0.9,1.0,0.08056042031523643,,,0.92,0.16257398428434297
348,one alium way,product_type,2,0,1.0,0.0,,,0.0,1.0,0.0,,,0.0,1.0,0.0,,,0.0,
349,mud room sign,product_type,98,5,0.7225301029848981,0.09473684210526316,0.4,0.6,0.9,0.7760781904968823,0.16842105263157894,0.4,0.6,0.8,0.9092608471930169,0.2631578947368421,0.4,0.6,0.5,0.3249895721854825
351,white bathroom vanity black hardware,multi_constraint,727,0,1.0,0.01276595744680851,,,0.9,1.0,0.01702127659574468,,,0.6,1.0,0.04964539007092199,,,0.7,0.29628936854880483
352,amarillo,brand_entity_proxy,81,29,1.0,0.20689655172413793,0.20689655172413793,0.7931034482758621,0.6,0.9659370277440176,0.2413793103448276,0.2413793103448276,0.7586206896551724,0.35,0.8724179491676991,0.3793103448275862,0.3793103448275862,0.6206896551724138,0.22,0.5782256273358283
353,pennfield playhouse,brand_entity_proxy,54,1,0.8430204012675669,0.32,1.0,0.0,0.8,0.7516338557096724,0.48,1.0,0.0,0.75,0.880298398407592,0.64,1.0,0.0,0.62,0.41901258168153876
354,tressler rug,product_type,1402,0,1.0,0.007288629737609329,,,1.0,1.0,0.014577259475218658,,,1.0,1.0,0.03644314868804665,,,1.0,0.24936123905910354
355,argenteuil,brand_entity_proxy,59,30,1.0,0.3333333333333333,0.3333333333333333,0.6666666666666667,1.0,0.9644899900915856,0.6,0.6,0.4,0.95,0.9911158170689893,0.8333333333333334,0.8333333333333334,0.16666666666666663,0.54,0.804308650871065
356,platform bed side table,product_type,960,0,1.0,0.009554140127388535,,,0.9,1.0,0.01910828025477707,,,0.9,1.0,0.04777070063694268,,,0.9,0.00662301628029233
357,tall free standing pet gate,multi_constraint,355,34,0.6657149038169224,0.1694915254237288,0.11764705882352941,0.8823529411764706,1.0,0.7122915669601309,0.3389830508474576,0.3235294117647059,0.6764705882352942,1.0,0.8642417625583895,0.847457627118644,0.8823529411764706,0.11764705882352944,1.0,0.6401629165948611
358,sliding closet mirror,product_type,116,4,0.6328200202603228,0.035398230088495575,0.25,0.75,0.4,0.7081883770439075,0.04424778761061947,0.25,0.75,0.25,0.8030377946948285,0.12389380530973451,0.5,0.5,0.28,0.1543915952708283
359,french molding,brand_entity_proxy,203,8,0.6519685483031972,0.06206896551724138,0.375,0.625,0.9,0.7279827166460414,0.11724137931034483,0.5,0.5,0.9,0.7466934046742802,0.2206896551724138,0.5,0.5,0.76,0.3069872146761902
360,huntsville sectional sofa,product_type,125,0,1.0,0.008,,,0.1,1.0,0.008,,,0.05,1.0,0.04,,,0.1,
361,kisner,brand_entity_proxy,98,25,1.0,0.08,0.08,0.92,0.2,0.932499536359304,0.12,0.12,0.88,0.15,0.960849995929527,0.32,0.32,0.6799999999999999,0.16,0.6897017506694273
362,brushed gold wall decor,attribute_constraint,245,0,1.0,0.04017857142857143,,,0.9,1.0,0.08035714285714286,,,0.9,1.0,0.16964285714285715,,,0.76,0.356648665147822
363,fortunat coffee table,product_type,1380,1,0.6943559465628248,0.006521739130434782,0.0,1.0,0.9,0.7787676299523247,0.013043478260869565,0.0,1.0,0.9,0.865751383782762,0.03260869565217391,0.0,1.0,0.9,0.02653195051620373
364,croscill ashton,brand_entity_proxy,114,0,0.7720617383222419,0.0,,,0.0,0.7099907905805425,0.022222222222222223,,,0.05,0.6152428368607921,0.022222222222222223,,,0.02,0.22331895397280177
365,gas detector,brand_entity_proxy,130,9,0.6884363636617002,0.2608695652173913,0.5555555555555556,0.4444444444444444,1.0,0.7404047937601852,0.5217391304347826,0.7777777777777778,0.2222222222222222,1.0,0.8274728414091583,0.6521739130434783,0.8888888888888888,0.11111111111111116,0.76,0.39219795438004734
366,drudge report,brand_entity_proxy,1,0,,,,,0.0,,,,,0.0,,,,,0.0,
367,wooden chair outdoor,attribute_constraint,202,42,0.5764961724874297,0.02040816326530612,0.023809523809523808,0.9761904761904762,0.4,0.5635168565242699,0.03571428571428571,0.047619047619047616,0.9523809523809523,0.35,0.6281912951651493,0.09183673469387756,0.14285714285714285,0.8571428571428572,0.36,0.3226758593385326
368,pasta tools,brand_entity_proxy,143,81,1.0,0.08333333333333333,0.12345679012345678,0.8765432098765432,1.0,1.0,0.16666666666666666,0.24691358024691357,0.7530864197530864,1.0,0.9907450280402066,0.4083333333333333,0.5925925925925926,0.40740740740740744,0.98,0.7740292852357076
369,wrought tv stand,product_type,362,2,0.5821032065260975,0.027777777777777776,0.0,1.0,1.0,0.6833800218492042,0.05277777777777778,0.0,1.0,0.95,0.798147164547621,0.13333333333333333,0.0,1.0,0.96,0.04576893602077983
370,rug for teen room,product_type,3,1,0.8213137146137828,0.0,0.0,1.0,0.0,0.8213137146137828,0.0,0.0,1.0,0.0,0.8213137146137828,0.0,0.0,1.0,0.0,0.0
371,milk cow chair,product_type,112,8,0.5976052789700386,0.061855670103092786,0.375,0.625,0.6,0.6628339690786097,0.08247422680412371,0.375,0.625,0.4,0.7633884732247078,0.16494845360824742,0.5,0.5,0.36,0.31073214469510496
372,verden callan,brand_entity_proxy,120,1,0.8871958738785231,0.0,0.0,1.0,0.0,0.8641685282396512,0.020833333333333332,0.0,1.0,0.05,0.7686579811451358,0.020833333333333332,0.0,1.0,0.02,0.543248800477271
373,togo chair,product_type,3233,0,1.0,0.0028680688336520078,,,0.9,1.0,0.005417463352453792,,,0.85,1.0,0.012746972594008922,,,0.8,0.22764514894414095
374,sinks bed frame,product_type,170,0,0.0,0.0,,,0.4,0.0,0.0,,,0.45,0.3243908073032462,0.0,,,0.26,-0.6011702350281501
375,pastel pink desk chair,product_type,211,0,1.0,0.00966183574879227,,,0.2,1.0,0.028985507246376812,,,0.3,1.0,0.03864734299516908,,,0.16,0.22708107885298462
376,island estate coffee table,product_type,1430,3,0.5159958223394444,0.006306937631394534,0.0,1.0,0.9,0.6229152997582164,0.012613875262789068,0.0,1.0,0.9,0.7516339866803449,0.032936229852838124,0.0,1.0,0.94,0.07824789029623616
377,glinda upholstered bench,product_type,134,0,1.0,0.07462686567164178,,,1.0,1.0,0.14925373134328357,,,1.0,1.0,0.3656716417910448,,,0.98,
378,cliffside 5 light candle style drum chandelier,multi_constraint,580,0,1.0,0.017825311942959002,,,1.0,1.0,0.035650623885918005,,,1.0,1.0,0.08199643493761141,,,0.92,0.3018335429914011
379,urban outfitters duvet,product_type,71,0,1.0,0.04225352112676056,,,0.3,1.0,0.08450704225352113,,,0.3,1.0,0.1267605633802817,,,0.18,
380,gravity feeder,brand_entity_proxy,124,6,1.0,0.2222222222222222,1.0,0.0,1.0,1.0,0.37777777777777777,1.0,0.0,0.85,0.9469894475495858,0.6888888888888889,1.0,0.0,0.66,0.7933971349167589
381,farmhouse hood vent,style,80,0,1.0,0.1125,,,0.9,1.0,0.225,,,0.9,1.0,0.5625,,,0.9,
382,counter top one cup hot water dispenser,multi_constraint,89,4,0.5500559001289844,0.18181818181818182,0.25,0.75,1.0,0.6798476924691469,0.36363636363636365,0.5,0.5,1.0,0.7550774294673597,0.7454545454545455,0.75,0.25,0.88,0.7362022469047035
383,minnestrista,brand_entity_proxy,3,0,1.0,0.0,,,0.0,1.0,0.0,,,0.0,1.0,0.0,,,0.0,
384,dining table vinyl cloth,product_type,687,20,1.0,0.16393442622950818,0.5,0.5,1.0,0.9325657092645528,0.29508196721311475,0.8,0.19999999999999996,0.9,0.875603246669233,0.4918032786885246,0.95,0.050000000000000044,0.64,0.3029369273466758
385,mom urn,brand_entity_proxy,55,0,1.0,0.3333333333333333,,,0.9,0.92486892303577,0.4074074074074074,,,0.6,0.9720579339956803,0.5555555555555556,,,0.34,0.6323360091124473
386,alter furniture,brand_entity_proxy,298,0,1.0,0.005076142131979695,,,0.1,1.0,0.01015228426395939,,,0.1,0.9551799587881534,0.01015228426395939,,,0.04,0.5755143298830727
387,self enclosed planters,product_type,92,0,1.0,0.07608695652173914,,,0.7,1.0,0.15217391304347827,,,0.7,1.0,0.25,,,0.46,
388,outdoor sectional doning,product_type,64,0,0.694765116060299,0.05,,,0.5,0.8030113722943567,0.06666666666666667,,,0.3,0.8761671712377446,0.11666666666666667,,,0.18,-0.11880561482848405
389,brush nickel faucet bathroom,product_type,337,157,0.7156143440721535,0.015479876160990712,0.01910828025477707,0.9808917197452229,0.6,0.742648431464989,0.030959752321981424,0.044585987261146494,0.9554140127388535,0.6,0.7035338675516624,0.0804953560371517,0.10828025477707007,0.89171974522293,0.56,0.07313545802884652
390,cushion replacement insert,product_type,61,0,1.0,0.04918032786885246,,,0.3,1.0,0.14754098360655737,,,0.45,1.0,0.19672131147540983,,,0.24,
391,"writing desk 48""",attribute_constraint,229,8,0.3649302102017378,0.021834061135371178,0.0,1.0,0.5,0.5404012055114872,0.05240174672489083,0.0,1.0,0.6,0.7083036738172533,0.11353711790393013,0.375,0.625,0.52,0.07842863289098047
392,china clock,brand_entity_proxy,368,0,1.0,0.028985507246376812,,,1.0,1.0,0.057971014492753624,,,1.0,1.0,0.14492753623188406,,,1.0,0.41778484823000667
393,propane gas dryer,product_type,96,0,0.5462574254588146,0.08,,,0.9,0.6340345469207158,0.17333333333333334,,,0.9,0.7092077293340483,0.37333333333333335,,,0.72,-0.11229738203878072
394,gray leather cocktail table,attribute_constraint,117,0,0.9216017310213247,0.038834951456310676,,,0.4,0.8780345944029557,0.05825242718446602,,,0.35,0.9189530730621407,0.13592233009708737,,,0.32,0.15828291233008052
395,pantry grey,attribute_constraint,74,0,0.8603818544462509,0.0,,,0.0,0.846791942803345,0.0,,,0.0,0.9132588490420187,0.125,,,0.04,0.5747727570513974
396,alyse 8 light,attribute_constraint,136,1,0.6943559465628248,0.015151515151515152,0.0,1.0,0.2,0.7787676299523247,0.022727272727272728,0.0,1.0,0.15,0.8950315831728599,0.06818181818181818,0.0,1.0,0.18,0.19410061627327596
397,maryford queen tufted bed,attribute_constraint,493,0,1.0,0.006109979633401222,,,0.3,1.0,0.012219959266802444,,,0.3,1.0,0.03054989816700611,,,0.3,0.06592288172917143
398,super bright lights,product_type,107,19,0.6002037787457365,0.024096385542168676,0.05263157894736842,0.9473684210526316,0.2,0.5851962735411856,0.03614457831325301,0.10526315789473684,0.8947368421052632,0.15,0.7735654600649158,0.07228915662650602,0.15789473684210525,0.8421052631578947,0.12,0.6118871563240427
399,12v dirt bike,attribute_constraint,85,0,1.0,0.14705882352941177,,,1.0,1.0,0.27941176470588236,,,0.95,1.0,0.6323529411764706,,,0.86,0.5837834765770608
400,small ladies rocker swivel recliner,multi_constraint,24,0,1.0,0.041666666666666664,,,0.1,1.0,0.041666666666666664,,,0.05,1.0,0.16666666666666666,,,0.08,
401,glass lsmp shades,product_type,55,18,0.7350043202545054,0.1111111111111111,0.2222222222222222,0.7777777777777778,0.6,0.653391691735483,0.2037037037037037,0.2777777777777778,0.7222222222222222,0.55,0.8993047896174963,0.35185185185185186,0.3888888888888889,0.6111111111111112,0.4,0.17207230202300725
402,modern farmhouse lighting semi flush mount,style,251,7,0.44987000995377063,0.008849557522123894,0.0,1.0,0.2,0.6182815962021336,0.04424778761061947,0.14285714285714285,0.8571428571428572,0.5,0.7291139366274051,0.12389380530973451,0.42857142857142855,0.5714285714285714,0.56,0.5018986730878225
403,wood rack wide,attribute_constraint,149,31,0.48006117753205346,0.024193548387096774,0.03225806451612903,0.967741935483871,0.3,0.4168808626275339,0.04032258064516129,0.03225806451612903,0.967741935483871,0.25,0.5244312509585032,0.08870967741935484,0.03225806451612903,0.967741935483871,0.22,-0.08573538900469722
404,large cushion outdoor chair,attribute_constraint,564,4,0.4700182601018591,0.019157088122605363,0.0,1.0,1.0,0.5788037469624102,0.034482758620689655,0.0,1.0,0.9,0.7157078870808333,0.08812260536398467,0.0,1.0,0.92,0.24883883352868857
405,queen ann style living room chair,multi_constraint,446,0,1.0,0.008695652173913044,,,0.3,1.0,0.02318840579710145,,,0.4,1.0,0.043478260869565216,,,0.3,0.6867763107572217
406,refrigerator with ice an water in door,multi_constraint,98,22,0.6839800077750073,0.11688311688311688,0.2727272727272727,0.7272727272727273,1.0,0.6563729022012815,0.24675324675324675,0.45454545454545453,0.5454545454545454,1.0,0.7454984721367998,0.5194805194805194,0.6818181818181818,0.31818181818181823,0.92,0.3729660404918844
407,huge bookcase,product_type,331,11,0.3333333333333333,0.030211480362537766,0.0,1.0,1.0,0.4219450531779068,0.06042296072507553,0.0,1.0,1.0,0.6050240490794587,0.14501510574018128,0.18181818181818182,0.8181818181818181,0.96,0.0633268269837667
408,girl reading statue,product_type,102,31,0.911298659909514,0.09803921568627451,0.25806451612903225,0.7419354838709677,1.0,0.8455944097562187,0.19607843137254902,0.45161290322580644,0.5483870967741935,1.0,0.9274050691549309,0.46078431372549017,0.8709677419354839,0.12903225806451613,0.94,0.5874755907714388
409,teal chair,product_type,3393,40,0.3088786926335466,0.00130718954248366,0.0,1.0,0.4,0.3051155232518899,0.0022875816993464053,0.0,1.0,0.4,0.34502792580586694,0.0058823529411764705,0.0,1.0,0.4,0.23934426085403493
410,pool floats,brand_entity_proxy,281,58,0.884542244434516,0.10416666666666667,0.13793103448275862,0.8620689655172413,1.0,0.8926223638639906,0.19791666666666666,0.29310344827586204,0.7068965517241379,1.0,0.8373570071669911,0.5,0.6379310344827587,0.3620689655172413,0.98,0.7171824061479074
411,outdoor clock,brand_entity_proxy,1566,85,0.8969504402810679,0.02865329512893983,0.09411764705882353,0.9058823529411765,1.0,0.9107865307135733,0.05730659025787966,0.2,0.8,1.0,0.7616943692208785,0.14326647564469913,0.32941176470588235,0.6705882352941177,1.0,0.7159653709382756
412,jennie tufted upholstered low profile platform bed,multi_constraint,1090,1,0.6943559465628248,0.006704980842911878,0.0,1.0,0.7,0.7787676299523247,0.013409961685823755,0.0,1.0,0.7,0.865751383782762,0.032567049808429116,0.0,1.0,0.68,0.34005770889729886
413,burruss patio sectional with cushions,multi_constraint,599,1,0.6943559465628248,0.017825311942959002,0.0,1.0,1.0,0.7787676299523247,0.03208556149732621,0.0,1.0,0.9,0.8529607520644947,0.07308377896613191,0.0,1.0,0.84,0.19740133518863281
414,shower hooks,brand_entity_proxy,914,165,1.0,0.02666666666666667,0.06060606060606061,0.9393939393939394,1.0,1.0,0.05333333333333334,0.12121212121212122,0.8787878787878788,1.0,0.9852259760043575,0.13066666666666665,0.296969696969697,0.703030303030303,1.0,0.18963847998567823
415,toilet paper stand,product_type,151,75,0.9086768598011254,0.08130081300813008,0.10666666666666667,0.8933333333333333,1.0,0.9191530467784321,0.16260162601626016,0.22666666666666666,0.7733333333333333,1.0,0.9147819006726533,0.4065040650406504,0.5733333333333334,0.42666666666666664,1.0,0.6495367692745484
416,wayfair coffee table,product_type,1447,0,1.0,0.006237006237006237,,,0.9,1.0,0.013167013167013167,,,0.95,1.0,0.033264033264033266,,,0.96,0.07969074075047229
417,twin bed frame,attribute_constraint,567,188,0.7687644635358548,0.01601423487544484,0.031914893617021274,0.9680851063829787,0.9,0.7316221503987493,0.033807829181494664,0.05851063829787234,0.9414893617021276,0.95,0.7215540713622618,0.0800711743772242,0.1276595744680851,0.8723404255319149,0.9,0.2863600913408459
418,writing desk,product_type,1123,608,0.8532721558012799,0.01002004008016032,0.014802631578947368,0.9851973684210527,1.0,0.7566165406778427,0.01603206412825651,0.02138157894736842,0.9786184210526315,0.9,0.8087706093322065,0.041082164328657314,0.05921052631578947,0.9407894736842105,0.92,0.46045573973713666
419,living room ideas,product_type,21,16,0.9368077570869662,0.0,0.0,1.0,0.0,0.95429959266986,0.0,0.0,1.0,0.0,0.9778528729726792,0.0,0.0,1.0,0.0,0.3877381965848981
420,tile backsplash,brand_entity_proxy,1013,766,0.8442327945045965,0.010101010101010102,0.010443864229765013,0.9895561357702349,1.0,0.8266768987989417,0.020202020202020204,0.0195822454308094,0.9804177545691906,1.0,0.853528687308266,0.050505050505050504,0.05221932114882506,0.9477806788511749,1.0,0.17610421599215476
421,dining room tables,product_type,758,649,1.0,0.013888888888888888,0.015408320493066256,0.9845916795069337,1.0,1.0,0.02638888888888889,0.029275808936825885,0.9707241910631741,0.95,1.0,0.06111111111111111,0.06779661016949153,0.9322033898305084,0.88,0.37788464670025385
422,ergonomic chair,product_type,3328,428,0.6771331854354351,0.0016318537859007832,0.009345794392523364,0.9906542056074766,0.7,0.6491980820159046,0.0045691906005221935,0.02102803738317757,0.9789719626168224,0.85,0.7054808990686403,0.012402088772845953,0.0630841121495327,0.9369158878504673,0.88,0.28448548548509117
423,wall shelves,brand_entity_proxy,3034,285,0.9510907186004265,0.02386634844868735,0.031578947368421054,0.968421052631579,1.0,0.9428457879711544,0.045346062052505964,0.05964912280701754,0.9403508771929825,0.95,0.8959972946978447,0.10501193317422435,0.13333333333333333,0.8666666666666667,0.92,0.5686911487531198
424,wayfair comforters,brand_entity_proxy,618,4,0.4700182601018591,0.027932960893854747,0.0,1.0,1.0,0.5788037469624102,0.05307262569832402,0.0,1.0,0.95,0.7381094962017843,0.12849162011173185,0.25,0.75,0.92,0.8099549105342198
425,side table with storage,product_type,742,56,0.3333333333333333,0.006954102920723227,0.0,1.0,0.5,0.4315647184445212,0.016689847009735744,0.017857142857142856,0.9821428571428571,0.6,0.41732325410878424,0.02642559109874826,0.07142857142857142,0.9285714285714286,0.38,0.3098042462436161
426,outdoor storage,product_type,3254,223,0.9510907186004265,0.008169934640522876,0.04035874439461883,0.9596412556053812,1.0,0.9684355467480761,0.016339869281045753,0.08520179372197309,0.9147982062780269,1.0,0.9682018493938901,0.03758169934640523,0.20179372197309417,0.7982062780269058,0.94,0.13229707336195365
427,lowes tile,brand_entity_proxy,1125,0,1.0,0.006389776357827476,,,0.4,1.0,0.012779552715654952,,,0.4,1.0,0.04153354632587859,,,0.52,0.8480661809436306
428,kitchen storage cabinet,product_type,537,66,0.5492314518063527,0.008438818565400843,0.030303030303030304,0.9696969696969697,0.5,0.4871108579051072,0.02531645569620253,0.06060606060606061,0.9393939393939394,0.65,0.5061293606757071,0.05907172995780591,0.10606060606060606,0.8939393939393939,0.6,0.27058555338286844
429,gray dresser,attribute_constraint,860,94,0.3333333333333333,0.017543859649122806,0.0,1.0,0.9,0.4511014663110924,0.03508771929824561,0.0425531914893617,0.9574468085106383,0.9,0.5097785678275061,0.09161793372319688,0.1595744680851064,0.8404255319148937,0.94,0.7566804470638107
430,30 inch bathroom vanity,attribute_constraint,662,98,0.6607868248473735,0.012618296529968454,0.030612244897959183,0.9693877551020408,0.8,0.5665711052740845,0.017350157728706624,0.04081632653061224,0.9591836734693877,0.55,0.5792451389430785,0.05993690851735016,0.10204081632653061,0.8979591836734694,0.76,0.2868261256035922
431,shoe bench entryway,product_type,160,75,0.9074250374176304,0.06493506493506493,0.12,0.88,1.0,0.8037480429165004,0.11688311688311688,0.17333333333333334,0.8266666666666667,0.9,0.7902196407534621,0.19480519480519481,0.28,0.72,0.6,0.2445644199358142
432,butcher block island,product_type,176,42,0.486982539840478,0.05747126436781609,0.07142857142857142,0.9285714285714286,1.0,0.5766899003030964,0.10344827586206896,0.21428571428571427,0.7857142857142857,0.9,0.7096227523283399,0.25862068965517243,0.5714285714285714,0.4285714285714286,0.9,0.5122545267924603
433,trundle daybed,brand_entity_proxy,273,113,0.9477344873475497,0.04132231404958678,0.07964601769911504,0.9203539823008849,1.0,0.9431027628843429,0.08264462809917356,0.1592920353982301,0.8407079646017699,1.0,0.9178020190328707,0.2066115702479339,0.3805309734513274,0.6194690265486726,1.0,0.6754012511313576
434,bathroom lighting,brand_entity_proxy,3530,226,0.8532721558012799,0.007288629737609329,0.03982300884955752,0.9601769911504425,1.0,0.9053066402442285,0.014577259475218658,0.084070796460177,0.915929203539823,1.0,0.9483113286593278,0.03644314868804665,0.2168141592920354,0.7831858407079646,1.0,0.7662451961601957
435,shoe closet,brand_entity_proxy,443,47,0.5908982761641739,0.028169014084507043,0.10638297872340426,0.8936170212765957,1.0,0.5712035829526763,0.056338028169014086,0.1702127659574468,0.8297872340425532,1.0,0.5797348077149549,0.13802816901408452,0.3617021276595745,0.6382978723404256,0.98,0.48181237909565433
436,full bed with trundle,product_type,214,46,0.5755608581730479,0.03365384615384615,0.08695652173913043,0.9130434782608696,0.7,0.6552588769751153,0.0625,0.13043478260869565,0.8695652173913043,0.65,0.602088491036411,0.10096153846153846,0.2391304347826087,0.7608695652173914,0.42,0.2854607285703885
437,kitchen islands with seating,product_type,195,47,0.37962081462451813,0.055865921787709494,0.02127659574468085,0.9787234042553191,1.0,0.40998690969046225,0.11173184357541899,0.06382978723404255,0.9361702127659575,1.0,0.5426336129765531,0.2011173184357542,0.2553191489361702,0.7446808510638299,0.72,0.4651791302234771
438,indoor water fountain,product_type,156,101,0.9095430364058891,0.05161290322580645,0.06930693069306931,0.9306930693069306,0.8,0.9179486893165882,0.10967741935483871,0.13861386138613863,0.8613861386138614,0.85,0.8660592895889868,0.24516129032258063,0.297029702970297,0.7029702970297029,0.76,0.2263259652211179
439,parsons chairs,brand_entity_proxy,3276,216,1.0,0.004111842105263158,0.046296296296296294,0.9537037037037037,1.0,0.9763266600610571,0.008223684210526315,0.08796296296296297,0.912037037037037,1.0,0.9580197853001077,0.02055921052631579,0.21296296296296297,0.787037037037037,1.0,0.45540282472390364
440,wood bar stools,attribute_constraint,777,255,0.7983974463374329,0.01310615989515072,0.027450980392156862,0.9725490196078431,1.0,0.7538733127911984,0.02621231979030144,0.047058823529411764,0.9529411764705882,1.0,0.7751354648340284,0.06290956749672345,0.12549019607843137,0.8745098039215686,0.96,0.44278849788881275
441,desk for kids,product_type,1385,78,0.37574719213263447,0.010030090270812437,0.01282051282051282,0.9871794871794872,1.0,0.40616429564698076,0.01805416248746239,0.038461538461538464,0.9615384615384616,0.9,0.40293326818738673,0.04012036108324975,0.07692307692307693,0.9230769230769231,0.82,0.6622516420499642
442,above toilet cabinet,product_type,1137,70,0.9537125187088151,0.02444987775061125,0.12857142857142856,0.8714285714285714,1.0,0.9701275709322188,0.0488997555012225,0.2714285714285714,0.7285714285714286,1.0,0.9644109287449241,0.12224938875305623,0.6714285714285714,0.3285714285714286,1.0,0.5068213080435116
443,patio design,brand_entity_proxy,409,352,1.0,0.0028089887640449437,0.002840909090909091,0.9971590909090909,0.1,1.0,0.016853932584269662,0.017045454545454544,0.9829545454545454,0.3,1.0,0.0449438202247191,0.045454545454545456,0.9545454545454546,0.32,0.5422075360451787
444,outdoor lounge chair,product_type,364,114,0.5847192329112587,0.012698412698412698,0.02631578947368421,0.9736842105263158,0.7,0.6066095108006232,0.0380952380952381,0.08771929824561403,0.9122807017543859,0.8,0.5931450622313952,0.09841269841269841,0.16666666666666666,0.8333333333333334,0.76,0.27715211231415776
445,chaise lounge couch,product_type,350,170,0.3436898963327068,0.021604938271604937,0.011764705882352941,0.9882352941176471,1.0,0.32326639971185905,0.033950617283950615,0.023529411764705882,0.9764705882352941,0.95,0.40193505391343787,0.08333333333333333,0.07647058823529412,0.9235294117647059,0.86,-0.1733001103497159
446,card table,product_type,4326,57,1.0,0.002861230329041488,0.17543859649122806,0.8245614035087719,1.0,0.9644899900915856,0.0054363376251788265,0.3333333333333333,0.6666666666666667,1.0,0.9709689331077742,0.013733905579399141,0.8245614035087719,0.17543859649122806,0.98,0.3598295196379145
447,tall buffet cabinet,attribute_constraint,212,3,0.40242939039832576,0.02403846153846154,0.0,1.0,0.6,0.5822571426699481,0.038461538461538464,0.0,1.0,0.45,0.7248545804130988,0.07692307692307693,0.3333333333333333,0.6666666666666667,0.34,0.10388292252501043
448,bed side table,product_type,203,81,0.3333333333333333,0.025252525252525252,0.0,1.0,0.5,0.4112067127599717,0.030303030303030304,0.0,1.0,0.3,0.4539612464529775,0.06060606060606061,0.0,1.0,0.24,-0.1851321711269295
449,living room designs,product_type,172,164,1.0,0.0,0.0,1.0,0.0,1.0,0.0,0.0,1.0,0.0,0.9677444275697344,0.012121212121212121,0.012195121951219513,0.9878048780487805,0.04,0.1485497560365119
451,aiden black velvet bed,attribute_constraint,111,0,0.9052116356304495,0.0,,,0.0,0.9015199342555233,0.0,,,0.0,0.9323618852222518,0.0,,,0.0,0.1895317144926105
452,day bed indian,product_type,105,0,1.0,0.08571428571428572,,,0.9,1.0,0.1619047619047619,,,0.85,1.0,0.3333333333333333,,,0.7,
453,midcentury tv unit,product_type,118,25,0.42853009602409153,0.00847457627118644,0.0,1.0,0.1,0.4665074801340376,0.0423728813559322,0.0,1.0,0.25,0.6186450729787537,0.13559322033898305,0.16,0.84,0.32,0.016743468393799726
454,carpet 5x6,attribute_constraint,110,0,0.0,0.0,,,1.0,0.10105263465115906,0.0125,,,0.85,0.35728691288170195,0.1,,,0.56,-0.602351303765663
455,deer coat hooks,product_type,110,2,0.7437677542157901,0.03669724770642202,0.5,0.5,0.4,0.8058653492233786,0.09174311926605505,0.5,0.5,0.5,0.9003637012996734,0.27522935779816515,0.5,0.5,0.6,0.2212212021856181
456,wall design shelf,product_type,221,76,0.5882764760557853,0.05128205128205128,0.05263157894736842,0.9473684210526316,1.0,0.523455072137089,0.08717948717948718,0.06578947368421052,0.9342105263157895,0.85,0.5199203294178922,0.2205128205128205,0.15789473684210525,0.8421052631578947,0.86,0.20367545190477024
457,5 gang light switch,attribute_constraint,329,0,1.0,0.057803468208092484,,,1.0,1.0,0.11560693641618497,,,1.0,1.0,0.28901734104046245,,,1.0,0.6713112883231903
458,bubble guppies chair,product_type,120,0,1.0,0.08421052631578947,,,0.8,1.0,0.12631578947368421,,,0.6,0.9692808112326458,0.17894736842105263,,,0.34,0.5517921394145207
459,tye dye duvet cover,product_type,205,19,0.42590829591570295,0.03414634146341464,0.05263157894736842,0.9473684210526316,0.7,0.4771840886238877,0.05853658536585366,0.10526315789473684,0.8947368421052632,0.6,0.665975272052728,0.16585365853658537,0.3157894736842105,0.6842105263157895,0.68,0.22854130624234417
460,small wardrobe grey,attribute_constraint,111,7,0.46657322448903926,0.011904761904761904,0.0,1.0,0.2,0.5596010643016881,0.011904761904761904,0.0,1.0,0.1,0.7673784170912816,0.03571428571428571,0.14285714285714285,0.8571428571428572,0.08,0.5449705517227542
461,luau string lights,product_type,61,4,1.0,0.13793103448275862,1.0,0.0,0.8,1.0,0.1896551724137931,1.0,0.0,0.55,0.9891815319132218,0.22413793103448276,1.0,0.0,0.26,0.47955819228807656
462,large bases,attribute_constraint,2,0,0.6309297535714575,0.0,,,0.0,0.6309297535714575,0.0,,,0.0,0.6309297535714575,0.0,,,0.0,-0.9999999999999999
463,bistro sets patio,product_type,274,139,0.8701249883466592,0.03827751196172249,0.05755395683453238,0.9424460431654677,0.8,0.8777982699326965,0.05263157894736842,0.07913669064748201,0.920863309352518,0.7,0.750118236915187,0.1339712918660287,0.19424460431654678,0.8057553956834532,0.64,0.25311311550659926
464,cake cutlery,brand_entity_proxy,157,85,1.0,0.10869565217391304,0.11764705882352941,0.8823529411764706,1.0,0.9665625086152865,0.20652173913043478,0.2235294117647059,0.7764705882352941,1.0,0.8040998254455665,0.40217391304347827,0.43529411764705883,0.5647058823529412,1.0,0.3632179250229969
465,white abstract,attribute_constraint,2,1,1.0,0.0,0.0,1.0,0.0,1.0,0.0,0.0,1.0,0.0,1.0,0.0,0.0,1.0,0.0,0.9999999999999999
466,rock climbing wall kids,product_type,93,1,0.6019704921229443,0.24242424242424243,0.0,1.0,1.0,0.6042185594475429,0.42424242424242425,0.0,1.0,0.95,0.8076682204269997,0.7878787878787878,1.0,0.0,0.82,0.5904492571596651
467,town & country living curtains,product_type,150,0,1.0,0.006666666666666667,,,0.1,1.0,0.02666666666666667,,,0.2,1.0,0.12,,,0.36,
468,glow in the dark silent wall clock,multi_constraint,294,4,0.5322996497667225,0.035211267605633804,0.25,0.75,1.0,0.6283010899573902,0.07042253521126761,0.25,0.75,1.0,0.7491167888040682,0.17253521126760563,0.25,0.75,0.98,0.3106767633413327
469,garage sports storage rack,product_type,161,64,0.92663607790064,0.06369426751592357,0.140625,0.859375,1.0,0.9080346915730746,0.12738853503184713,0.265625,0.734375,1.0,0.9209408657689594,0.31210191082802546,0.671875,0.328125,0.98,0.7174949471726163
470,elephant framed,brand_entity_proxy,638,45,1.0,0.03508771929824561,0.2222222222222222,0.7777777777777778,1.0,1.0,0.07017543859649122,0.4444444444444444,0.5555555555555556,1.0,0.929693890161133,0.14035087719298245,0.8666666666666667,0.1333333333333333,0.92,0.6300751350637304
471,adjustable height artist stool,product_type,310,1,0.6943559465628248,0.01485148514851485,0.0,1.0,0.3,0.840478838926804,0.04455445544554455,0.0,1.0,0.45,0.8904084565217191,0.12376237623762376,1.0,0.0,0.5,0.8142308648054933
472,window wall accent,product_type,108,47,0.955830517697074,0.1,0.19148936170212766,0.8085106382978724,1.0,0.9714944583233123,0.19,0.3829787234042553,0.6170212765957447,0.95,0.9280148650333966,0.36,0.7021276595744681,0.2978723404255319,0.72,0.7075227100377284
473,chair pillow cushion,product_type,286,126,0.92663607790064,0.03345724907063197,0.06349206349206349,0.9365079365079365,0.9,0.9526533201221142,0.055762081784386616,0.1111111111111111,0.8888888888888888,0.75,0.9741556643296639,0.1524163568773234,0.31746031746031744,0.6825396825396826,0.82,0.6726458900289354
474,48 inch bathroom vanity with trough sink,multi_constraint,784,0,1.0,0.012693935119887164,,,0.9,1.0,0.023977433004231313,,,0.85,1.0,0.05782792665726375,,,0.82,0.44759446461920765
475,rattan truck,brand_entity_proxy,70,0,0.9148568823583791,0.12121212121212122,,,0.5,0.7314018723089418,0.21212121212121213,,,0.4,0.9325196016614554,0.36363636363636365,,,0.36,0.5431808365485796
476,hardwood beds,brand_entity_proxy,2224,639,0.5220328596374272,0.002651113467656416,0.00782472613458529,0.9921752738654147,0.9,0.6659458551963034,0.007953340402969246,0.02190923317683881,0.9780907668231612,0.95,0.7523373914591232,0.020678685047720042,0.051643192488262914,0.9483568075117371,0.88,0.5996101999872111
478,worn leather office chair,attribute_constraint,445,1,0.6285390820978636,0.014084507042253521,0.0,1.0,0.7,0.7046006919461254,0.03051643192488263,0.0,1.0,0.7,0.8061051722142277,0.06572769953051644,0.0,1.0,0.62,0.02571171200035917
479,garage door mail slot,product_type,83,0,1.0,0.18181818181818182,,,1.0,1.0,0.36363636363636365,,,1.0,1.0,0.9090909090909091,,,1.0,0.8147276640501555
480,pictures to hang over fireplace,multi_constraint,3,0,1.0,0.0,,,0.0,1.0,0.0,,,0.0,1.0,0.0,,,0.0,
481,emma headboard,brand_entity_proxy,219,1,0.6943559465628248,0.014218009478672985,0.0,1.0,0.3,0.7787676299523247,0.023696682464454975,0.0,1.0,0.25,0.8506991722345264,0.05687203791469194,0.0,1.0,0.24,0.08565801455009363
482,48 inch kitchen hood,attribute_constraint,104,12,0.6590964594587343,0.10101010101010101,0.3333333333333333,0.6666666666666667,1.0,0.725189633923135,0.1919191919191919,0.5,0.5,0.95,0.8291443952350366,0.48484848484848486,0.6666666666666666,0.33333333333333337,0.96,0.385418677743047
483,rustic twig,style,248,4,0.4700182601018591,0.04784688995215311,0.0,1.0,1.0,0.621990320760589,0.08133971291866028,0.25,0.75,0.85,0.7346930076162774,0.10526315789473684,0.25,0.75,0.44,0.3592471194196582
484,nespresso vertuo next premium by breville with aeroccino,long_descriptive,53,0,1.0,0.38461538461538464,,,1.0,0.9316250195240087,0.6538461538461539,,,0.95,0.9860408407375287,0.9230769230769231,,,0.54,0.7525291970206661
485,pedistole sink,brand_entity_proxy,255,0,0.4204996466049308,0.0,,,0.0,0.49123314961753095,0.0,,,0.0,0.46572428718453807,0.006578947368421052,,,0.04,0.04147407786004518
486,54 in bench cushion,attribute_constraint,87,0,1.0,0.11494252873563218,,,1.0,1.0,0.21839080459770116,,,0.95,1.0,0.3793103448275862,,,0.66,
487,rack glass,brand_entity_proxy,946,2,0.1857463685845404,0.0,0.0,1.0,0.0,0.3525768968309635,0.0,0.0,1.0,0.1,0.4058324221625799,0.02304147465437788,0.5,0.5,0.38,0.2027069036620039
