query_id,query,query_type,n_judged,n_highest,cNDCG@10,RelevantRecall@10,HighestRecall@10,RelevantHidden@10,JudgedCoverage@10,cNDCG@20,RelevantRecall@20,HighestRecall@20,RelevantHidden@20,JudgedCoverage@20,cNDCG@50,RelevantRecall@50,HighestRecall@50,RelevantHidden@50,JudgedCoverage@50,RelevanceVisibilitySpearman
0,salon chair,product_type,3301,39,0.7877872241459625,0.003316749585406302,0.15384615384615385,0.8461538461538461,1.0,0.6508605611700767,0.006633499170812604,0.1794871794871795,0.8205128205128205,1.0,0.5868101104584854,0.01658374792703151,0.23076923076923078,0.7692307692307692,1.0,0.39262116842437467
1,smart coffee table,product_type,1436,8,0.5255664792793981,0.007052186177715092,0.125,0.875,1.0,0.6048136069557486,0.014104372355430184,0.125,0.875,1.0,0.7064634306353987,0.03314527503526093,0.125,0.875,0.96,0.09562595706107553
2,dinosaur,brand_entity_proxy,165,151,1.0,0.06329113924050633,0.06622516556291391,0.9337748344370861,1.0,1.0,0.12658227848101267,0.13245033112582782,0.8675496688741722,1.0,0.9897532448659571,0.31645569620253167,0.32450331125827814,0.6754966887417219,1.0,0.2819519502134749
3,turquoise pillows,brand_entity_proxy,997,55,0.8645073774981994,0.012953367875647668,0.12727272727272726,0.8727272727272728,1.0,0.66478139370143,0.02461139896373057,0.12727272727272726,0.8727272727272728,1.0,0.5355592616864544,0.06217616580310881,0.16363636363636364,0.8363636363636364,0.98,0.5410379594186586
4,chair and a half recliner,multi_constraint,239,23,0.3333333333333333,0.031578947368421054,0.0,1.0,0.6,0.4324999646482378,0.042105263157894736,0.0,1.0,0.4,0.5809764523179334,0.1,0.17391304347826086,0.8260869565217391,0.38,0.5612142289726528
5,sofa with ottoman,product_type,1344,179,0.7070743061385584,0.007639419404125287,0.027932960893854747,0.9720670391061452,1.0,0.6502106973832228,0.012987012987012988,0.0446927374301676,0.9553072625698324,0.85,0.6001400110567846,0.03514132925897632,0.09497206703910614,0.9050279329608939,0.92,0.43685168736971725
6,acrylic clear chair,attribute_constraint,109,43,1.0,0.08080808080808081,0.18604651162790697,0.813953488372093,0.8,0.9552743574352078,0.1414141414141414,0.32558139534883723,0.6744186046511628,0.7,0.8939415825732003,0.1919191919191919,0.4186046511627907,0.5813953488372092,0.38,0.6357191090272821
7,driftwood mirror,product_type,603,23,0.9095430364058891,0.018691588785046728,0.34782608695652173,0.6521739130434783,1.0,0.7552876462049796,0.037383177570093455,0.43478260869565216,0.5652173913043479,1.0,0.8265769622051508,0.09345794392523364,0.6086956521739131,0.3913043478260869,1.0,0.3589292558609644
8,home sweet home sign,product_type,105,25,0.8803485966094551,0.10638297872340426,0.32,0.6799999999999999,1.0,0.8334366199405012,0.2127659574468085,0.56,0.43999999999999995,1.0,0.8611201372609878,0.4148936170212766,0.68,0.31999999999999995,0.78,0.5504179933382832
9,coffee table fire pit,product_type,1516,74,1.0,0.005298013245033113,0.10810810810810811,0.8918918918918919,0.8,0.955798358698473,0.011920529801324504,0.22972972972972974,0.7702702702702703,0.9,0.8357160670661428,0.029801324503311258,0.43243243243243246,0.5675675675675675,0.9,0.3309019173804461
10,king poster bed,attribute_constraint,177,21,0.8501591578697532,0.056818181818181816,0.3333333333333333,0.6666666666666667,1.0,0.7569529166014538,0.11363636363636363,0.5238095238095238,0.47619047619047616,1.0,0.9477000237667188,0.25,1.0,0.0,0.88,0.5099843584208507
11,ombre rug,product_type,1428,65,1.0,0.007042253521126761,0.15384615384615385,0.8461538461538461,1.0,1.0,0.014084507042253521,0.3076923076923077,0.6923076923076923,1.0,0.9340427545376303,0.035211267605633804,0.6615384615384615,0.3384615384615385,1.0,0.3490203528390518
12,large spoon and fork wall decor,multi_constraint,225,27,0.8103670991788406,0.05113636363636364,0.2222222222222222,0.7777777777777778,0.9,0.7850255835978179,0.10795454545454546,0.4444444444444444,0.5555555555555556,0.95,0.8868661029499202,0.25,0.7037037037037037,0.2962962962962963,0.88,0.6069968530373309
13,outdoor privacy wall,product_type,122,46,1.0,0.17543859649122806,0.21739130434782608,0.782608695652174,1.0,1.0,0.3157894736842105,0.391304347826087,0.6086956521739131,0.9,0.9792546409208222,0.7543859649122807,0.9130434782608695,0.08695652173913049,0.88,0.8397036527056706
14,beds that have leds,product_type,2692,20,0.6480290735988598,0.0038192234245703373,0.25,0.75,0.8,0.4814192859263174,0.005092297899427116,0.3,0.7,0.85,0.45980742534459285,0.009548058561425843,0.4,0.6,0.84,0.03767638128406241
15,black 5 drawer dresser by guilford,multi_constraint,613,2,0.8383354523103075,0.016722408026755852,0.5,0.5,1.0,0.8775146726258255,0.033444816053511704,0.5,0.5,1.0,0.94666576383887,0.08361204013377926,1.0,0.0,1.0,0.25692815528470403
16,blk 18x18 seat cushions,attribute_constraint,493,4,0.39551705706890694,0.018796992481203006,0.0,1.0,0.6,0.4769462645315065,0.03383458646616541,0.0,1.0,0.6,0.5561933815147806,0.07518796992481203,0.5,0.5,0.5,0.08795658205530824
17,closet storage with zipper,product_type,103,21,0.3333333333333333,0.08737864077669903,0.0,1.0,0.9,0.35820450024429645,0.1650485436893204,0.047619047619047616,0.9523809523809523,0.85,0.599562946374315,0.3592233009708738,0.19047619047619047,0.8095238095238095,0.74,-0.021073207422051616
18,chrome bathroom 4 light vanity light,multi_constraint,1053,34,0.8611511462453225,0.0364963503649635,0.20588235294117646,0.7941176470588236,1.0,0.8407946739398863,0.072992700729927,0.4117647058823529,0.5882352941176471,1.0,0.8079338868011232,0.17883211678832117,0.6470588235294118,0.3529411764705882,1.0,0.5094729848591142
19,gurney  slade 56,attribute_constraint,14,0,0.8603818544462509,0.2,,,0.2,0.9781091538295575,0.2,,,0.1,0.9781091538295575,0.3,,,0.06,0.4314554973040049
20,foutains with brick look,product_type,94,12,0.3052046880904673,0.022222222222222223,0.08333333333333333,0.9166666666666666,0.3,0.3864479724996332,0.044444444444444446,0.08333333333333333,0.9166666666666666,0.25,0.624753626084794,0.08888888888888889,0.08333333333333333,0.9166666666666666,0.22,-0.21380712021244833
21,living curtains pearl,product_type,127,1,0.6943559465628248,0.03937007874015748,0.0,1.0,0.5,0.7787676299523247,0.06299212598425197,0.0,1.0,0.4,0.865751383782762,0.11811023622047244,0.0,1.0,0.3,-0.021870444131992663
22,light and navy blue decorative pillow,multi_constraint,251,22,0.4066972554326934,0.030612244897959183,0.045454545454545456,0.9545454545454546,0.6,0.4038467950104649,0.061224489795918366,0.045454545454545456,0.9545454545454546,0.6,0.571945674079423,0.12755102040816327,0.13636363636363635,0.8636363636363636,0.5,0.585241300025113
23,stoneford end tables white and wood,multi_constraint,1266,0,1.0,0.007328990228013029,,,0.9,1.0,0.013029315960912053,,,0.8,1.0,0.03175895765472313,,,0.78,0.20768445001254351
24,wood coffee table set by storage,multi_constraint,2559,84,0.3775028156362593,0.004764173415912339,0.011904761904761904,0.9880952380952381,1.0,0.43132867047002377,0.009528346831824679,0.047619047619047616,0.9523809523809523,1.0,0.4061583723523524,0.023820867079561697,0.07142857142857142,0.9285714285714286,1.0,0.5736725323282792
25,sunflower,brand_entity_proxy,242,227,1.0,0.04329004329004329,0.04405286343612335,0.9559471365638766,1.0,1.0,0.08658008658008658,0.0881057268722467,0.9118942731277533,1.0,1.0,0.21645021645021645,0.22026431718061673,0.7797356828193833,1.0,0.3110650144874759
26,leather chairs,attribute_constraint,3746,876,1.0,0.0027380590203833284,0.010273972602739725,0.9897260273972602,0.9,0.9757624746743075,0.005780346820809248,0.02054794520547945,0.9794520547945206,0.95,0.9132941766146466,0.014602981442044418,0.045662100456621,0.954337899543379,0.96,0.5237149816910119
27,outdoor welcome rug,product_type,344,100,0.7568371608459036,0.029239766081871343,0.07,0.9299999999999999,1.0,0.7029201879747584,0.05847953216374269,0.11,0.89,1.0,0.7486112047667604,0.13742690058479531,0.31,0.69,0.94,0.3924483856188336
28,rooster decor,brand_entity_proxy,725,175,1.0,0.03333333333333333,0.05714285714285714,0.9428571428571428,1.0,1.0,0.06666666666666667,0.11428571428571428,0.8857142857142857,1.0,1.0,0.16666666666666666,0.2857142857142857,0.7142857142857143,1.0,0.7019614190398535
29,bathroom vanity knobs,product_type,802,138,0.0,0.0,0.0,1.0,1.0,0.0,0.0,0.0,1.0,1.0,0.0,0.0,0.0,1.0,1.0,-0.5657080855811844
30,3 1/2 inch drawer pull,multi_constraint,549,88,0.7262853466215679,0.029411764705882353,0.056818181818181816,0.9431818181818182,1.0,0.725553310342491,0.058823529411764705,0.125,0.875,1.0,0.6579293393266311,0.14705882352941177,0.25,0.75,1.0,0.7712746642718016
31,burnt orange curtains,product_type,168,1,0.6943559465628248,0.047619047619047616,0.0,1.0,0.8,0.7787676299523247,0.06547619047619048,0.0,1.0,0.55,0.865751383782762,0.13690476190476192,0.0,1.0,0.46,-0.0837703062159061
32,dark gray dresser,attribute_constraint,211,3,0.7104686128238442,0.02197802197802198,0.3333333333333333,0.6666666666666667,0.4,0.7744278636774954,0.04395604395604396,0.6666666666666666,0.33333333333333337,0.4,0.8514274056239995,0.09340659340659341,0.6666666666666666,0.33333333333333337,0.34,0.5818083844452281
33,non slip shower floor tile,multi_constraint,669,125,0.5439878515895755,0.015584415584415584,0.032,0.968,0.7,0.639145479055499,0.02857142857142857,0.056,0.944,0.6,0.631755152198113,0.07012987012987013,0.112,0.888,0.56,0.5715252705229122
34,bar stool with backrest,product_type,740,374,0.84037276213159,0.013605442176870748,0.01871657754010695,0.9812834224598931,1.0,0.729797859480998,0.024489795918367346,0.026737967914438502,0.9732620320855615,0.9,0.6726667148132743,0.058503401360544216,0.05080213903743316,0.9491978609625669,0.86,0.08310635314523739
35,enclosed shoe rack,product_type,174,51,0.4066972554326934,0.046511627906976744,0.0196078431372549,0.9803921568627451,0.8,0.4475903026834011,0.09302325581395349,0.0196078431372549,0.9803921568627451,0.8,0.4560575360113652,0.23255813953488372,0.1568627450980392,0.8431372549019608,0.8,-0.11142899398726032
36,laundry basket with wheels,product_type,157,37,0.9368077570869662,0.05128205128205128,0.1891891891891892,0.8108108108108107,0.8,0.9141410275703484,0.11538461538461539,0.43243243243243246,0.5675675675675675,0.9,0.867402761760346,0.26282051282051283,0.6756756756756757,0.32432432432432434,0.82,0.4817738008824751
37,bar stool 24 inches height,multi_constraint,875,110,0.5458626172564841,0.012150668286755772,0.02727272727272727,0.9727272727272728,1.0,0.5682929833409458,0.023086269744835967,0.05454545454545454,0.9454545454545454,0.95,0.49134094138410866,0.05953827460510328,0.09090909090909091,0.9090909090909091,0.98,0.2658841083292002
38,calvin patio chair,product_type,255,1,1.0,0.04716981132075472,1.0,0.0,1.0,1.0,0.08018867924528301,1.0,0.0,0.85,1.0,0.19811320754716982,1.0,0.0,0.84,0.5220744742520683
39,door jewelry organizer,product_type,149,31,0.44281305753755196,0.06711409395973154,0.06451612903225806,0.935483870967742,1.0,0.49915211947358606,0.1342281879194631,0.1935483870967742,0.8064516129032258,1.0,0.6541778157743776,0.3288590604026846,0.5483870967741935,0.4516129032258065,0.98,0.3056042670714061
40,elegant executive chair,product_type,166,40,0.6386384630087473,0.06097560975609756,0.125,0.875,1.0,0.6029032276164438,0.12195121951219512,0.2,0.8,1.0,0.6378571335125748,0.2926829268292683,0.425,0.575,0.96,0.3031630705344382
41,closet pull out valet rod,multi_constraint,143,19,0.8611511462453225,0.125,0.3684210526315789,0.631578947368421,1.0,0.7653256217096323,0.225,0.5789473684210527,0.42105263157894735,1.0,0.8462897049300411,0.425,0.8421052631578947,0.1578947368421053,0.78,0.49615161710235073
42,toddler couch fold out,product_type,149,3,0.7431286862216819,0.13333333333333333,0.3333333333333333,0.6666666666666667,1.0,0.8195989669021567,0.21333333333333335,0.3333333333333333,0.6666666666666667,0.8,0.8910603032547086,0.49333333333333335,0.6666666666666666,0.33333333333333337,0.76,0.7721507883122779
43,solid teak end table,product_type,1231,22,0.8551595247651802,0.009514747859181731,0.36363636363636365,0.6363636363636364,1.0,0.8003769984810387,0.01807802093244529,0.6363636363636364,0.36363636363636365,1.0,0.8919421736049542,0.04091341579448145,0.8636363636363636,0.13636363636363635,0.92,0.3131398226694135
44,chrome shower head and valve,multi_constraint,219,33,0.48006117753205346,0.041474654377880185,0.030303030303030304,0.9696969696969697,0.9,0.4961937839821481,0.07373271889400922,0.06060606060606061,0.9393939393939394,0.8,0.6167594127102084,0.2073732718894009,0.36363636363636365,0.6363636363636364,0.9,0.17516098177113928
45,70s inspired furniture,attribute_constraint,169,20,0.5603464619398381,0.009345794392523364,0.0,1.0,0.1,0.5233090353516406,0.04672897196261682,0.1,0.9,0.25,0.7362812677103292,0.06542056074766354,0.1,0.9,0.14,0.5884616979046334
46,beach blue headboard,attribute_constraint,104,5,0.5948220241497066,0.0784313725490196,0.4,0.6,0.8,0.7161387720725295,0.14705882352941177,0.6,0.4,0.75,0.8046058055780583,0.3137254901960784,0.6,0.4,0.64,0.19626138311624833
47,porcelain loaf pan,product_type,105,0,0.9148568823583791,0.09,,,1.0,0.945051411928014,0.19,,,1.0,0.9700061385844561,0.49,,,1.0,0.19181358875269675
48,arwen table lamp,product_type,282,1,0.8125952066495404,0.03546099290780142,1.0,0.0,1.0,0.8643519933564188,0.0673758865248227,1.0,0.0,0.95,0.9176858378337531,0.1702127659574468,1.0,0.0,0.96,0.10002849549496463
49,moen matte black hooks,attribute_constraint,135,0,0.8115558478722846,0.034482758620689655,,,0.6,0.8783842972085543,0.07758620689655173,,,0.55,0.933615682159078,0.15517241379310345,,,0.4,0.4689756158877998
50,tufted chair with gold legs,multi_constraint,404,28,0.6113737423276703,0.020460358056265986,0.14285714285714285,0.8571428571428572,0.8,0.6364866269806774,0.03836317135549872,0.2857142857142857,0.7142857142857143,0.75,0.7534737415695946,0.07161125319693094,0.4642857142857143,0.5357142857142857,0.56,0.371727486931526
51,kohen 5 drawer dresser,attribute_constraint,595,1,1.0,0.017006802721088437,1.0,0.0,1.0,1.0,0.034013605442176874,1.0,0.0,1.0,1.0,0.08503401360544217,1.0,0.0,1.0,0.1664080596992464
52,westling coffee table,product_type,1433,0,1.0,0.007042253521126761,,,1.0,1.0,0.014084507042253521,,,1.0,1.0,0.03450704225352113,,,0.98,0.13539834215700472
53,carolyn console table,product_type,610,0,1.0,0.01639344262295082,,,1.0,1.0,0.03278688524590164,,,1.0,1.0,0.08196721311475409,,,1.0,
54,wayfair sleep zippered,product_type,143,5,0.5482267396745656,0.057971014492753624,0.0,1.0,0.8,0.6740613923447756,0.13043478260869565,0.6,0.4,0.9,0.7756420905426561,0.3188405797101449,0.6,0.4,0.88,0.1928251516741497
55,tollette teal outdoor rug,product_type,171,1,1.0,0.058823529411764705,1.0,0.0,1.0,1.0,0.11764705882352941,1.0,0.0,1.0,1.0,0.29411764705882354,1.0,0.0,1.0,0.18622492465354767
56,royal blue counter height chairs,multi_constraint,344,0,1.0,0.03463203463203463,,,0.8,0.9243086114681723,0.047619047619047616,,,0.65,0.8789410708982699,0.09090909090909091,,,0.5,0.3326799992337759
57,jordanna solid wood rocking,attribute_constraint,1406,1,0.8946230201615624,0.031578947368421054,1.0,0.0,0.8,0.8966633485762936,0.06842105263157895,1.0,0.0,0.75,0.8859536008691192,0.1736842105263158,1.0,0.0,0.76,0.33592829892070397
58,medium size chandelier,product_type,164,63,0.4066972554326934,0.012345679012345678,0.0,1.0,0.2,0.45129952664650963,0.037037037037037035,0.015873015873015872,0.9841269841269842,0.3,0.5219473683057,0.09876543209876543,0.047619047619047616,0.9523809523809523,0.32,-0.036922230660519646
59,broadway lever,brand_entity_proxy,165,43,1.0,0.06451612903225806,0.23255813953488372,0.7674418604651163,1.0,1.0,0.12903225806451613,0.46511627906976744,0.5348837209302326,1.0,0.9948986336124294,0.3096774193548387,1.0,0.0,0.98,0.6904999273102334
60,capricorn chest,brand_entity_proxy,332,3,0.7131880112147662,0.024691358024691357,1.0,0.0,1.0,0.7293972063870444,0.04938271604938271,1.0,0.0,1.0,0.7856832677689782,0.12037037037037036,1.0,0.0,0.9,-0.07167434327202969
61,overstreet rustic pub stools,style,162,1,1.0,0.024691358024691357,1.0,0.0,0.4,1.0,0.037037037037037035,1.0,0.0,0.3,1.0,0.13580246913580246,1.0,0.0,0.44,0.1356646894938404
62,7qt slow cooker,attribute_constraint,157,9,0.8286067471299078,0.06756756756756757,0.6666666666666666,0.33333333333333337,1.0,0.8561269735519558,0.13513513513513514,0.6666666666666666,0.33333333333333337,1.0,0.951981581662067,0.33783783783783783,1.0,0.0,1.0,0.4918492935691963
63,monthly calendar,brand_entity_proxy,115,72,0.9074250374176304,0.09433962264150944,0.125,0.875,1.0,0.917088360065192,0.18867924528301888,0.25,0.75,1.0,0.9071207973382132,0.4716981132075472,0.5972222222222222,0.4027777777777778,1.0,0.518514456228252
64,zachary 72.5,attribute_constraint,77,1,1.0,0.013513513513513514,1.0,0.0,0.1,1.0,0.013513513513513514,1.0,0.0,0.05,0.9717567324068628,0.02702702702702703,1.0,0.0,0.04,0.0675500152702023
65,gnome fairy garden,product_type,156,38,0.5981281299089344,0.06535947712418301,0.10526315789473684,0.8947368421052632,1.0,0.5492235581791163,0.13071895424836602,0.15789473684210525,0.8421052631578947,1.0,0.6376833524871992,0.3202614379084967,0.42105263157894735,0.5789473684210527,0.98,0.19581470544228782
66,novara pergola,brand_entity_proxy,69,1,1.0,0.15625,1.0,0.0,1.0,1.0,0.3125,1.0,0.0,1.0,1.0,0.78125,1.0,0.0,1.0,0.4883741565338878
67,osgood mirror,product_type,587,0,1.0,0.01984126984126984,,,1.0,1.0,0.03968253968253968,,,1.0,1.0,0.0992063492063492,,,1.0,0.4260799640441696
68,nautical platters,brand_entity_proxy,204,89,0.8088720434739953,0.05952380952380952,0.07865168539325842,0.9213483146067416,1.0,0.7863432945981255,0.11904761904761904,0.14606741573033707,0.8539325842696629,1.0,0.7701284438866486,0.2976190476190476,0.3595505617977528,0.6404494382022472,1.0,0.6108603310526963
69,wall sconce with usb port,multi_constraint,235,13,0.7373232024126578,0.04975124378109453,0.38461538461538464,0.6153846153846154,1.0,0.7634393169867126,0.0845771144278607,0.5384615384615384,0.46153846153846156,0.85,0.872277526084651,0.19900497512437812,0.6923076923076923,0.3076923076923077,0.8,0.4707667173440627
70,annex dresser,product_type,504,1,1.0,0.013916500994035786,1.0,0.0,0.7,1.0,0.02584493041749503,1.0,0.0,0.65,1.0,0.07157057654075547,1.0,0.0,0.72,0.1075937548880662
71,infant girl crib bedding,product_type,139,47,0.5518406486177495,0.07246376811594203,0.0851063829787234,0.9148936170212766,1.0,0.5937240786467595,0.14492753623188406,0.19148936170212766,0.8085106382978724,1.0,0.637801703946925,0.36231884057971014,0.48936170212765956,0.5106382978723405,1.0,0.22832101316556788
72,fold in half table,product_type,174,85,1.0,0.06134969325153374,0.11764705882352941,0.8823529411764706,1.0,0.9744102412230782,0.12269938650306748,0.2235294117647059,0.7764705882352941,1.0,0.9621855532092561,0.3006134969325153,0.5529411764705883,0.44705882352941173,1.0,0.7620002297198253
73,certified international melamine,product_type,181,0,1.0,0.06289308176100629,,,1.0,1.0,0.11320754716981132,,,0.9,1.0,0.2641509433962264,,,0.84,0.5345875212341658
74,serta kleinmon,brand_entity_proxy,87,3,1.0,0.09523809523809523,1.0,0.0,0.8,1.0,0.14285714285714285,1.0,0.0,0.6,0.9658311376944085,0.2261904761904762,1.0,0.0,0.38,0.16905831812705427
75,sheffield home bath set,product_type,231,4,0.4875190258219341,0.058394160583941604,0.25,0.75,0.9,0.5704950857314239,0.0948905109489051,0.25,0.75,0.8,0.6879306250446915,0.21897810218978103,0.25,0.75,0.68,0.5412390493009142
76,46 inch closet door,attribute_constraint,135,2,0.3731548097891462,0.09090909090909091,0.0,1.0,0.7,0.4742462133252978,0.2,0.0,1.0,0.7,0.49377545747446977,0.3090909090909091,0.0,1.0,0.46,0.39656556729109593
77,sancroft armchair,brand_entity_proxy,661,1,0.6943559465628248,0.015128593040847202,0.0,1.0,1.0,0.7787676299523247,0.030257186081694403,0.0,1.0,1.0,0.865751383782762,0.07413010590015129,0.0,1.0,0.98,-0.05875031243326258
78,dorel vanity,brand_entity_proxy,948,3,0.5159958223394444,0.011723329425556858,0.0,1.0,1.0,0.6229152997582164,0.023446658851113716,0.0,1.0,1.0,0.7516339866803449,0.05744431418522861,0.0,1.0,0.98,0.36324027970315803
79,palram harmony greenhouses,product_type,122,0,0.9363792118010483,0.08571428571428572,,,1.0,0.8861244603382519,0.1619047619047619,,,1.0,0.9241030804314231,0.4380952380952381,,,1.0,0.2463203261267011
80,7 draw white dresser,attribute_constraint,198,39,0.9048032373092417,0.05102040816326531,0.20512820512820512,0.7948717948717949,1.0,0.8415730057435751,0.10204081632653061,0.358974358974359,0.641025641025641,1.0,0.7465887462080261,0.24489795918367346,0.5128205128205128,0.4871794871794872,0.96,0.41330728530711397
81,orren ellis l shape desk,multi_constraint,233,75,0.48006117753205346,0.045662100456621,0.013333333333333334,0.9866666666666667,1.0,0.4544407377929821,0.091324200913242,0.02666666666666667,0.9733333333333334,1.0,0.5328425200317994,0.2237442922374429,0.2,0.8,0.98,0.060974300311878886
82,bathroom vanity with counter space,multi_constraint,668,53,0.3333333333333333,0.01529051987767584,0.0,1.0,1.0,0.3560419815039884,0.0290519877675841,0.018867924528301886,0.9811320754716981,0.95,0.37468638385273273,0.07339449541284404,0.05660377358490566,0.9433962264150944,0.96,0.2115687439813862
83,wall art fiji,product_type,103,0,1.0,0.0,,,0.0,1.0,0.010309278350515464,,,0.05,0.9843500333548644,0.061855670103092786,,,0.12,0.30671502837060977
84,full metal bed rose gold,multi_constraint,299,1,0.6943559465628248,0.03349282296650718,0.0,1.0,0.7,0.7787676299523247,0.08133971291866028,0.0,1.0,0.85,0.8292366702156649,0.17703349282296652,0.0,1.0,0.74,0.47278714550552065
85,3/4 size mattress,attribute_constraint,152,0,1.0,0.009433962264150943,,,0.1,1.0,0.02830188679245283,,,0.15,1.0,0.08490566037735849,,,0.18,0.779723700497322
86,aloe vera plant pot,product_type,142,15,0.6910357211214729,0.07246376811594203,0.3333333333333333,0.6666666666666667,1.0,0.7380004834634412,0.14492753623188406,0.6,0.4,1.0,0.8479974816475901,0.36231884057971014,0.8,0.19999999999999996,1.0,0.45896639986844456
87,vlad modular sectional,product_type,221,0,1.0,0.04524886877828054,,,1.0,1.0,0.09049773755656108,,,1.0,1.0,0.22624434389140272,,,1.0,
88,rose gold lounge,attribute_constraint,159,1,0.6553646662640721,0.046296296296296294,1.0,0.0,0.6,0.607049132314658,0.06481481481481481,1.0,0.0,0.5,0.5728733850949701,0.07407407407407407,1.0,0.0,0.28,-0.08608926540422307
89,whimsical solar lights,product_type,142,68,0.6627849658069889,0.05925925925925926,0.058823529411764705,0.9411764705882353,0.9,0.6381252065996067,0.0962962962962963,0.08823529411764706,0.9117647058823529,0.7,0.6807527740900366,0.22962962962962963,0.23529411764705882,0.7647058823529411,0.64,0.15925857084366332
90,filaret outdoor sofa,product_type,242,0,1.0,0.029045643153526972,,,0.7,1.0,0.04979253112033195,,,0.6,1.0,0.1078838174273859,,,0.52,0.020746887966804982
91,industrial pipe dining  table,style,686,8,0.5947487547475163,0.014925373134328358,0.25,0.75,1.0,0.6945279535405341,0.028358208955223882,0.375,0.625,0.95,0.8197250600474318,0.06716417910447761,0.625,0.375,0.9,0.26595184327577936
92,antique silver entry table,attribute_constraint,170,0,1.0,0.05421686746987952,,,0.9,1.0,0.09036144578313253,,,0.75,1.0,0.13855421686746988,,,0.46,0.1383895268607226
93,outdoor sectional dining,product_type,233,58,0.6337103840391982,0.02262443438914027,0.034482758620689655,0.9655172413793104,0.5,0.6202365417326492,0.05429864253393665,0.08620689655172414,0.9137931034482758,0.6,0.5571064678113806,0.167420814479638,0.1896551724137931,0.8103448275862069,0.74,0.2603767152091414
94,kohler whitehaven farmhouse kitchen sink,style,197,4,0.6005540286277394,0.06666666666666667,0.25,0.75,1.0,0.6825453902142135,0.13333333333333333,0.25,0.75,1.0,0.8480305024644001,0.3333333333333333,1.0,0.0,1.0,0.7139891398935767
95,entertainment stand end table,product_type,820,49,0.3333333333333333,0.012269938650306749,0.0,1.0,1.0,0.3333333333333334,0.024539877300613498,0.0,1.0,1.0,0.33122819652877,0.053987730061349694,0.0,1.0,0.9,-0.11583588868665129
96,bar room wall decor,product_type,384,75,0.9368077570869662,0.03546099290780142,0.12,0.88,1.0,0.9365091415773239,0.07092198581560284,0.24,0.76,1.0,0.8925372385557685,0.15602836879432624,0.49333333333333335,0.5066666666666666,0.88,0.6903954686646153
97,regner power loom red,attribute_constraint,197,1,0.8471779732814125,0.05102040816326531,1.0,0.0,1.0,0.8893838149761623,0.10204081632653061,1.0,0.0,1.0,0.932875691891381,0.25510204081632654,1.0,0.0,1.0,0.16654811840449307
98,gracie oaks 62 oller 14 ceiling fan,multi_constraint,124,0,1.0,0.08849557522123894,,,1.0,1.0,0.17699115044247787,,,1.0,1.0,0.4424778761061947,,,1.0,0.44889773147324064
99,arched christmas tree,product_type,121,0,1.0,0.09009009009009009,,,1.0,1.0,0.17117117117117117,,,0.95,1.0,0.43243243243243246,,,0.96,0.4468501817399055
100,tufted upholstered bed diamond,product_type,887,211,0.7105496795547187,0.011083743842364532,0.023696682464454975,0.976303317535545,0.9,0.6903582429295011,0.023399014778325122,0.04739336492890995,0.95260663507109,0.95,0.6668126531967423,0.059113300492610835,0.11374407582938388,0.8862559241706162,0.96,0.42994432776449915
101,48 in entry table with side by side drawer,long_descriptive,283,4,0.4700182601018591,0.03088803088803089,0.0,1.0,0.8,0.6619967119685567,0.04247104247104247,0.0,1.0,0.55,0.7484948086047171,0.08108108108108109,0.5,0.5,0.42,0.1706816478801166
102,flamingo,brand_entity_proxy,68,57,1.0,0.17543859649122806,0.17543859649122806,0.8245614035087719,1.0,1.0,0.3508771929824561,0.3508771929824561,0.6491228070175439,1.0,0.9861175420603099,0.8421052631578947,0.8421052631578947,0.1578947368421053,0.98,0.6154889847486245
103,kitchen anti fatigue mats,product_type,368,230,0.6678067093893125,0.027247956403269755,0.02608695652173913,0.9739130434782609,1.0,0.7387731751242091,0.05449591280653951,0.06086956521739131,0.9391304347826087,1.0,0.7281723760840855,0.1362397820163488,0.13478260869565217,0.8652173913043478,1.0,0.2734956952886726
104,flour and sugar containers,product_type,179,12,0.6441849811757607,0.05056179775280899,0.3333333333333333,0.6666666666666667,0.9,0.7129222453505081,0.10112359550561797,0.4166666666666667,0.5833333333333333,0.9,0.7857694552596609,0.24157303370786518,0.5,0.5,0.86,0.18759011980542953
105,outdoor movie screen,product_type,149,62,1.0,0.07352941176470588,0.16129032258064516,0.8387096774193549,1.0,1.0,0.14705882352941177,0.3225806451612903,0.6774193548387097,1.0,0.8858145665165922,0.3014705882352941,0.6290322580645161,0.3709677419354839,0.9,0.5403446775241103
106,bed risers,product_type,2245,36,1.0,0.10526315789473684,0.2777777777777778,0.7222222222222222,1.0,0.9772913518293451,0.21052631578947367,0.5277777777777778,0.4722222222222222,1.0,0.8886591094202807,0.4105263157894737,0.8888888888888888,0.11111111111111116,1.0,0.230449197757857
107,front porch furniture sets,product_type,309,43,0.5323266901845036,0.026402640264026403,0.046511627906976744,0.9534883720930233,0.8,0.4854304883444592,0.039603960396039604,0.046511627906976744,0.9534883720930233,0.6,0.5056790829066437,0.09570957095709572,0.06976744186046512,0.9302325581395349,0.58,0.22758397916722767
108,ayesha curry kitchen,product_type,131,81,1.0,0.07936507936507936,0.12345679012345678,0.8765432098765432,1.0,1.0,0.15873015873015872,0.24691358024691357,0.7530864197530864,1.0,0.9610603530199191,0.3968253968253968,0.5679012345679012,0.4320987654320988,1.0,0.6782964461730346
109,hillsby oriental rug,product_type,247,39,1.0,0.04048582995951417,0.2564102564102564,0.7435897435897436,1.0,1.0,0.08097165991902834,0.5128205128205128,0.4871794871794872,1.0,0.9777813509831346,0.20242914979757085,0.9487179487179487,0.05128205128205132,1.0,0.6113410426621302
110,mila task chair,product_type,348,0,1.0,0.02881844380403458,,,1.0,1.0,0.05763688760806916,,,1.0,1.0,0.1440922190201729,,,1.0,0.09271455408231195
111,delta trinsic,brand_entity_proxy,161,69,1.0,0.06451612903225806,0.14492753623188406,0.855072463768116,1.0,0.975128833089037,0.1032258064516129,0.21739130434782608,0.782608695652174,0.8,0.8992591316520391,0.16774193548387098,0.36231884057971014,0.6376811594202898,0.52,0.6787343720373209
112,pineapple,brand_entity_proxy,271,266,1.0,0.03759398496240601,0.03759398496240601,0.9624060150375939,1.0,1.0,0.07518796992481203,0.07518796992481203,0.924812030075188,1.0,1.0,0.18796992481203006,0.18796992481203006,0.8120300751879699,1.0,0.17910980809942578
113,led light strip,product_type,432,75,1.0,0.026455026455026454,0.13333333333333333,0.8666666666666667,1.0,1.0,0.05291005291005291,0.26666666666666666,0.7333333333333334,1.0,0.9892480018266367,0.12962962962962962,0.64,0.36,0.98,0.7311950621744439
114,geralyn upholstered storage platform bed,multi_constraint,1252,3,0.7431286862216819,0.008136696501220505,0.3333333333333333,0.6666666666666667,1.0,0.7998731274903537,0.01627339300244101,0.3333333333333333,0.6666666666666667,1.0,0.8681868729983435,0.03986981285598047,0.3333333333333333,0.6666666666666667,0.98,-0.006668295220251061
115,peacock,brand_entity_proxy,224,202,1.0,0.04878048780487805,0.04950495049504951,0.9504950495049505,1.0,1.0,0.0975609756097561,0.09900990099009901,0.900990099009901,1.0,1.0,0.24390243902439024,0.24752475247524752,0.7524752475247525,1.0,0.4137094876421259
116,brockham solid blackout thermal grommet curtain panels,multi_constraint,595,0,1.0,0.01721170395869191,,,1.0,1.0,0.03442340791738382,,,1.0,1.0,0.08605851979345955,,,1.0,0.25247012936781554
117,tall storage cabinet,attribute_constraint,430,128,0.8353129377017654,0.011876484560570071,0.03125,0.96875,0.5,0.7715995885025388,0.026128266033254157,0.0546875,0.9453125,0.55,0.7448573890831105,0.07838479809976247,0.15625,0.84375,0.66,0.34135246044763584
118,body pillow case,product_type,216,94,0.8010066431488295,0.046296296296296294,0.0851063829787234,0.9148936170212766,1.0,0.8451621402239401,0.09259259259259259,0.18085106382978725,0.8191489361702128,1.0,0.8345250923273828,0.22685185185185186,0.40425531914893614,0.5957446808510638,0.98,0.5319497891830072
119,welcome sign,brand_entity_proxy,441,158,0.9477344873475497,0.0273972602739726,0.056962025316455694,0.9430379746835443,1.0,0.9443595643052038,0.0547945205479452,0.11392405063291139,0.8860759493670887,1.0,0.882002203683644,0.136986301369863,0.2468354430379747,0.7531645569620253,1.0,0.5670153895837851
120,zodiac pillow,brand_entity_proxy,979,33,1.0,0.012077294685990338,0.30303030303030304,0.696969696969697,1.0,0.9110727161336807,0.024154589371980676,0.48484848484848486,0.5151515151515151,1.0,0.9619796184472585,0.05555555555555555,1.0,0.0,1.0,0.5468181156515625
121,upholstered bed,product_type,2977,726,1.0,0.006165228113440197,0.013774104683195593,0.9862258953168044,1.0,0.9777083390768576,0.012330456226880395,0.026170798898071626,0.9738292011019284,1.0,0.9297686304587164,0.029593094944512947,0.06060606060606061,0.9393939393939394,1.0,0.591945035978072
122,king size bed,attribute_constraint,448,375,1.0,0.023809523809523808,0.02666666666666667,0.9733333333333334,1.0,0.9784411392344535,0.0380952380952381,0.042666666666666665,0.9573333333333334,0.8,0.9530104751229673,0.08095238095238096,0.08533333333333333,0.9146666666666666,0.68,0.011469171217163742
123,entrance table,product_type,4329,187,0.7861091085195242,0.003947368421052632,0.03208556149732621,0.9679144385026738,1.0,0.6473865369069851,0.006578947368421052,0.0481283422459893,0.9518716577540107,1.0,0.5803164566934643,0.016228070175438595,0.11229946524064172,0.8877005347593583,1.0,0.0984515817846109
124,unique coffee tables,product_type,1467,324,0.7687644635358548,0.007739938080495356,0.018518518518518517,0.9814814814814815,1.0,0.6630406198599966,0.01393188854489164,0.027777777777777776,0.9722222222222222,1.0,0.598904810991484,0.0348297213622291,0.05864197530864197,0.941358024691358,1.0,0.09415366035829714
125,boho bed frame,product_type,283,1,0.6399196422972498,0.036,0.0,1.0,1.0,0.6523941461518923,0.056,0.0,1.0,0.9,0.7895634362108658,0.132,1.0,0.0,0.76,0.06978173657643595
126,leather dining chairs,attribute_constraint,719,241,1.0,0.014749262536873156,0.04149377593360996,0.9585062240663901,1.0,0.9768332182007543,0.029498525073746312,0.07883817427385892,0.9211618257261411,1.0,0.9376964628808546,0.07374631268436578,0.1825726141078838,0.8174273858921162,1.0,0.5551197962343947
127,wine bar,brand_entity_proxy,1580,159,1.0,0.035842293906810034,0.06289308176100629,0.9371069182389937,1.0,0.9757624746743075,0.07168458781362007,0.11949685534591195,0.8805031446540881,1.0,0.9237905995656567,0.17562724014336917,0.27044025157232704,0.729559748427673,1.0,0.594963006468114
128,block coffee table,product_type,1455,113,0.9086768598011254,0.007326007326007326,0.07079646017699115,0.9292035398230089,1.0,0.9410630271568168,0.014652014652014652,0.1592920353982301,0.8407079646017699,1.0,0.9192744579429583,0.03663003663003663,0.3805309734513274,0.6194690265486726,1.0,0.3300641199901069
129,wainscoting ideas,brand_entity_proxy,185,28,0.6015536095059194,0.010526315789473684,0.03571428571428571,0.9642857142857143,0.2,0.6691716701516024,0.021052631578947368,0.07142857142857142,0.9285714285714286,0.15,0.7473184513716538,0.021052631578947368,0.07142857142857142,0.9285714285714286,0.08,0.45024963695844283
130,entertainment console,brand_entity_proxy,875,187,0.3333333333333333,0.01152073732718894,0.0,1.0,1.0,0.35562499425647576,0.02304147465437788,0.0053475935828877,0.9946524064171123,1.0,0.3556613168936747,0.0576036866359447,0.0106951871657754,0.9893048128342246,1.0,-0.45047698023099303
131,kids chair,product_type,3479,173,0.8376886041985095,0.00497787610619469,0.046242774566473986,0.953757225433526,1.0,0.8696597660898381,0.010508849557522125,0.09826589595375723,0.9017341040462428,1.0,0.8472124350988273,0.024889380530973452,0.23699421965317918,0.7630057803468209,1.0,0.2578967193444512
132,farmhouse cabinet,style,1260,42,0.6412457613119605,0.015228426395939087,0.09523809523809523,0.9047619047619048,1.0,0.5560533425316283,0.023688663282571912,0.14285714285714285,0.8571428571428572,0.95,0.5717847331788711,0.05245346869712352,0.38095238095238093,0.6190476190476191,0.88,0.2561305095883765
133,outdoor light fixtures,product_type,227,170,1.0,0.045,0.052941176470588235,0.9470588235294117,0.9,1.0,0.07,0.08235294117647059,0.9176470588235294,0.7,0.9632872452172151,0.19,0.21176470588235294,0.788235294117647,0.78,0.548288531547755
134,black hanging bookshelf,attribute_constraint,150,3,0.5159958223394444,0.03278688524590164,0.0,1.0,0.4,0.6229152997582164,0.09016393442622951,0.0,1.0,0.55,0.7982655085579541,0.20491803278688525,0.0,1.0,0.5,0.6425181170989868
135,low profile loveseat recliner,product_type,552,10,0.6727557618234218,0.060810810810810814,0.5,0.5,1.0,0.7234170156306867,0.12837837837837837,0.5,0.5,1.0,0.8238027955318623,0.2702702702702703,0.6,0.4,0.84,0.7415613934511937
136,black fluffy stool,attribute_constraint,166,0,0.88995411685096,0.024242424242424242,,,0.5,0.9289799801831714,0.030303030303030304,,,0.3,0.9612334964944959,0.07878787878787878,,,0.28,-0.13078090056184002
137,orren ellis l shaped desk,multi_constraint,233,80,0.5421898779344939,0.04433497536945813,0.0375,0.9625,1.0,0.5146517139799252,0.09359605911330049,0.0625,0.9375,1.0,0.5197951716768336,0.22167487684729065,0.1875,0.8125,0.98,0.07346968920440619
138,glass doors for bath,product_type,172,142,1.0,0.058823529411764705,0.06338028169014084,0.9366197183098591,0.9,1.0,0.12418300653594772,0.13380281690140844,0.8661971830985915,0.95,1.0,0.3202614379084967,0.34507042253521125,0.6549295774647887,0.98,0.6081776006400041
139,auburn throw pillows,product_type,339,0,0.8048109992093391,0.020080321285140562,,,0.7,0.8399684198552029,0.03614457831325301,,,0.55,0.823096288167039,0.11244979919678715,,,0.68,-0.03194609208390012
140,wire basket with dividers,product_type,131,3,0.7431286862216819,0.08,0.3333333333333333,0.6666666666666667,1.0,0.7998731274903537,0.16,0.3333333333333333,0.6666666666666667,1.0,0.8894097433616992,0.4,0.6666666666666666,0.33333333333333337,1.0,0.269583479765217
141,podium with locking cabinet,product_type,161,3,0.05678321597055935,0.027777777777777776,0.0,1.0,0.3,0.18557450381921867,0.027777777777777776,0.0,1.0,0.2,0.3205760399503611,0.08333333333333333,0.3333333333333333,0.6666666666666667,0.24,0.27937836283910134
142,kitchen wooden stand,attribute_constraint,203,5,0.4615001439875063,0.06666666666666667,0.0,1.0,0.5,0.501865024882612,0.09333333333333334,0.2,0.8,0.4,0.6204173243809197,0.13333333333333333,0.2,0.8,0.28,0.5045850481332304
143,queen wingback chair,attribute_constraint,244,3,0.7431286862216819,0.04739336492890995,0.3333333333333333,0.6666666666666667,1.0,0.752545670598063,0.08530805687203792,0.3333333333333333,0.6666666666666667,1.0,0.8286555554037842,0.2132701421800948,0.6666666666666666,0.33333333333333337,1.0,0.1459749216187073
144,rug plum,product_type,1423,116,1.0,0.007558578987150416,0.08620689655172414,0.9137931034482758,1.0,0.9757624746743075,0.015117157974300832,0.16379310344827586,0.8362068965517242,1.0,0.9766098601719295,0.03779289493575208,0.41379310344827586,0.5862068965517242,1.0,0.34193725228593175
145,liberty hardware francisco,product_type,143,32,0.408561398889059,0.046153846153846156,0.0625,0.9375,0.7,0.47484125240849745,0.07692307692307693,0.125,0.875,0.6,0.5335897427705603,0.16923076923076924,0.25,0.75,0.5,-0.06809302653899485
146,laundry vanity cabinet,product_type,111,4,0.4700182601018591,0.05454545454545454,0.0,1.0,0.6,0.5788037469624102,0.06363636363636363,0.0,1.0,0.35,0.7157078870808333,0.08181818181818182,0.0,1.0,0.18,-0.11350106594775672
147,drum picture,brand_entity_proxy,425,12,0.933745776545611,0.10810810810810811,0.6666666666666666,0.33333333333333337,0.9,0.7677835243849994,0.12162162162162163,0.75,0.25,0.6,0.6779261262746764,0.20270270270270271,0.8333333333333334,0.16666666666666663,0.58,0.11858439617199919
148,industrial,style,249,194,1.0,0.050761421319796954,0.05154639175257732,0.9484536082474226,1.0,1.0,0.09644670050761421,0.0979381443298969,0.9020618556701031,0.95,1.0,0.17766497461928935,0.18041237113402062,0.8195876288659794,0.7,0.5251685184510498
149,mid century modern,style,173,155,1.0,0.05917159763313609,0.06451612903225806,0.935483870967742,1.0,0.9772913518293451,0.10650887573964497,0.10967741935483871,0.8903225806451613,0.9,0.9476446838918264,0.21301775147928995,0.2129032258064516,0.7870967741935484,0.72,0.09758450847681077
150,dumbbells,brand_entity_proxy,54,21,1.0,0.47619047619047616,0.47619047619047616,0.5238095238095238,1.0,0.9307787414438842,0.8571428571428571,0.8571428571428571,0.1428571428571429,1.0,0.9855497149152239,0.9047619047619048,0.9047619047619048,0.09523809523809523,0.5,0.7494623944757547
151,leather chair,attribute_constraint,3042,630,0.7474777742160432,0.003185840707964602,0.009523809523809525,0.9904761904761905,0.9,0.7657772456980441,0.005663716814159292,0.015873015873015872,0.9841269841269842,0.8,0.7545081395301552,0.012743362831858408,0.0380952380952381,0.9619047619047619,0.72,0.4550958511810607
152,wishbone chair,product_type,3286,46,0.5432534204450873,0.0025188916876574307,0.043478260869565216,0.9565217391304348,0.8,0.4688089033411263,0.005037783375314861,0.043478260869565216,0.9565217391304348,0.8,0.43409888011168696,0.009760705289672544,0.06521739130434782,0.9347826086956522,0.62,0.20424016801964287
153,bohemian,style,178,145,0.9432379215722527,0.06535947712418301,0.06206896551724138,0.9379310344827586,1.0,0.9369535632481324,0.12418300653594772,0.11724137931034483,0.8827586206896552,0.95,0.9393395934055332,0.24836601307189543,0.2413793103448276,0.7586206896551724,0.78,0.3923034572214355
155,floating bed,product_type,2376,8,0.5255664792793981,0.004241281809613572,0.125,0.875,0.9,0.6230179281747987,0.008482563619227144,0.25,0.75,0.95,0.7194535239098641,0.02120640904806786,0.25,0.75,0.94,0.22690643885201806
156,papasan chair frame only,product_type,150,19,0.5718755155540661,0.09259259259259259,0.2631578947368421,0.736842105263158,1.0,0.5471137672093652,0.18518518518518517,0.3684210526315789,0.631578947368421,1.0,0.7762963954996851,0.4537037037037037,0.8421052631578947,0.1578947368421053,1.0,0.6210119833305593
157,velvet chaise,brand_entity_proxy,1085,51,0.4685451734536038,0.014705882352941176,0.0392156862745098,0.9607843137254902,1.0,0.5576082971597766,0.03308823529411765,0.1568627450980392,0.8431372549019608,1.0,0.5706226103480151,0.08639705882352941,0.39215686274509803,0.607843137254902,1.0,0.20732589731422385
158,led nightstand,brand_entity_proxy,834,44,0.8943286401726792,0.013140604467805518,0.18181818181818182,0.8181818181818181,1.0,0.9086363729008398,0.026281208935611037,0.38636363636363635,0.6136363636363636,1.0,0.8083448684146953,0.0657030223390276,0.6363636363636364,0.36363636363636365,1.0,0.36441849906813173
159,meditation,brand_entity_proxy,122,93,1.0,0.10416666666666667,0.10752688172043011,0.8924731182795699,1.0,1.0,0.20833333333333334,0.21505376344086022,0.7849462365591398,1.0,0.9860416298881255,0.4895833333333333,0.5053763440860215,0.4946236559139785,0.96,0.5949196790825988
160,marble,brand_entity_proxy,242,226,1.0,0.034934497816593885,0.035398230088495575,0.9646017699115044,0.8,1.0,0.06986899563318777,0.07079646017699115,0.9292035398230089,0.8,1.0,0.17903930131004367,0.18141592920353983,0.8185840707964602,0.82,0.3013146245616038
161,accent chair recliner,product_type,205,38,0.42590829591570295,0.014925373134328358,0.02631578947368421,0.9736842105263158,0.3,0.39307819146889567,0.03482587064676617,0.02631578947368421,0.9736842105263158,0.35,0.4735744820374277,0.04477611940298507,0.02631578947368421,0.9736842105263158,0.18,0.03465860882593098
162,turquoise chair,product_type,3354,23,0.5242306598349795,0.0028462998102466793,0.08695652173913043,0.9130434782608696,0.9,0.4440966513103112,0.005060088551549652,0.08695652173913043,0.9130434782608696,0.85,0.5318072326376858,0.011068943706514863,0.08695652173913043,0.9130434782608696,0.72,0.2827841997103742
163,dual monitor stand,product_type,94,47,1.0,0.10752688172043011,0.2127659574468085,0.7872340425531915,1.0,0.9768332182007543,0.20430107526881722,0.3829787234042553,0.6170212765957447,0.95,0.914536561151394,0.5053763440860215,0.8085106382978723,0.19148936170212771,0.94,0.6432439901884822
164,modern outdoor furniture,style,195,128,0.9537125187088151,0.044444444444444446,0.0546875,0.9453125,0.8,0.8528517878025201,0.05555555555555555,0.0703125,0.9296875,0.5,0.8172923506325932,0.10555555555555556,0.1015625,0.8984375,0.38,0.24009197774238336
165,kitchen storage shelves,product_type,193,69,1.0,0.04712041884816754,0.13043478260869565,0.8695652173913043,0.9,1.0,0.08376963350785341,0.2318840579710145,0.7681159420289855,0.8,0.8492679959254982,0.17801047120418848,0.391304347826087,0.6086956521739131,0.68,0.5413745640619123
166,feather wall art,product_type,111,26,0.9432379215722527,0.09174311926605505,0.34615384615384615,0.6538461538461539,1.0,0.9310293168036896,0.1743119266055046,0.6923076923076923,0.3076923076923077,1.0,0.9358009059809258,0.22935779816513763,0.8461538461538461,0.15384615384615385,0.52,0.5885294933317351
167,camper,brand_entity_proxy,136,87,1.0,0.11494252873563218,0.11494252873563218,0.8850574712643678,1.0,1.0,0.19540229885057472,0.19540229885057472,0.8045977011494253,0.85,1.0,0.3563218390804598,0.3563218390804598,0.6436781609195402,0.62,0.8120489405796945
168,printers,brand_entity_proxy,68,0,1.0,0.10416666666666667,,,0.5,0.9652498273011313,0.20833333333333334,,,0.5,0.9636875559810554,0.5208333333333334,,,0.54,0.6856920508353913
169,coffee bar buffet,product_type,126,27,0.4237902969274442,0.016,0.0,1.0,0.2,0.4603849531105425,0.032,0.0,1.0,0.2,0.6399947563338215,0.088,0.07407407407407407,0.9259259259259259,0.22,0.2065932448072877
170,zen,brand_entity_proxy,127,99,1.0,0.1,0.10101010101010101,0.898989898989899,1.0,0.9415452706555013,0.18,0.1717171717171717,0.8282828282828283,0.95,0.937070029070381,0.34,0.3333333333333333,0.6666666666666667,0.72,0.38201260881787397
171,nectar queen mattress,attribute_constraint,99,0,1.0,0.08080808080808081,,,0.8,1.0,0.1717171717171717,,,0.85,1.0,0.32323232323232326,,,0.64,
172,picasso,brand_entity_proxy,59,42,1.0,0.23809523809523808,0.23809523809523808,0.7619047619047619,1.0,1.0,0.47619047619047616,0.47619047619047616,0.5238095238095238,1.0,0.9137578437247109,0.7142857142857143,0.7142857142857143,0.2857142857142857,0.6,0.5340207947399805
173,bedroom accessories,brand_entity_proxy,316,4,0.4182946855727748,0.004901960784313725,0.0,1.0,0.1,0.5161038064839957,0.00980392156862745,0.0,1.0,0.1,0.6648159316379263,0.0392156862745098,0.0,1.0,0.18,0.37492329814387176
174,star wars rug,product_type,90,0,0.715676765051938,0.0,,,0.0,0.7815955364493169,0.0,,,0.0,0.8381779588980637,0.2857142857142857,,,0.04,0.39524106478102555
175,basket planter,brand_entity_proxy,564,70,0.9510907186004265,0.033003300330033,0.12857142857142856,0.8714285714285714,1.0,0.9684355467480761,0.066006600660066,0.2714285714285714,0.7285714285714286,1.0,0.8335263581619274,0.1551155115511551,0.4857142857142857,0.5142857142857142,0.98,0.6788246892163773
176,mexican art,brand_entity_proxy,397,23,0.8969504402810679,0.02544529262086514,0.34782608695652173,0.6521739130434783,1.0,0.890026337740297,0.04834605597964377,0.6956521739130435,0.30434782608695654,0.95,0.9132688512711312,0.09414758269720101,0.782608695652174,0.21739130434782605,0.74,0.37246451207331605
177,rustic storage cabinet,style,378,16,0.6949093436133567,0.01856763925729443,0.25,0.75,0.7,0.6787334603065056,0.03713527851458886,0.375,0.625,0.7,0.7864848036885792,0.07427055702917772,0.4375,0.5625,0.56,0.20482036014570118
178,almost heaven sauna,product_type,74,24,0.3900954117610807,0.18867924528301888,0.041666666666666664,0.9583333333333334,1.0,0.4601982351796109,0.37735849056603776,0.20833333333333334,0.7916666666666666,1.0,0.7669712919113898,0.9245283018867925,0.875,0.125,0.98,0.48780048104661533
179,promo codes or discounts,product_type,1,0,1.0,0.0,,,0.0,1.0,0.0,,,0.0,1.0,0.0,,,0.0,
180,outdoor lounge cushions,product_type,403,72,0.8485585501205013,0.022388059701492536,0.09722222222222222,0.9027777777777778,0.9,0.812187561772911,0.04477611940298507,0.16666666666666666,0.8333333333333334,0.9,0.7063289453053448,0.09950248756218906,0.2638888888888889,0.7361111111111112,0.8,0.3218038510051238
181,e12/candelabra,attribute_constraint,122,104,1.0,0.01639344262295082,0.019230769230769232,0.9807692307692307,0.2,1.0,0.040983606557377046,0.04807692307692308,0.9519230769230769,0.25,1.0,0.06557377049180328,0.07692307692307693,0.9230769230769231,0.16,0.614282734223425
182,penny round tile,attribute_constraint,98,58,0.9477344873475497,0.10204081632653061,0.15517241379310345,0.8448275862068966,1.0,0.9443595643052038,0.20408163265306123,0.3103448275862069,0.6896551724137931,1.0,0.9497180969417466,0.5102040816326531,0.7931034482758621,0.2068965517241379,1.0,0.7390479840867918
183,farmhouse bread box,style,78,6,0.5510337011183452,0.12162162162162163,0.3333333333333333,0.6666666666666667,0.9,0.6716406909933839,0.25675675675675674,0.5,0.5,0.95,0.8302986688513112,0.6486486486486487,1.0,0.0,0.96,0.3794466486472539
184,sugar canister,brand_entity_proxy,185,59,0.7437924315970612,0.05434782608695652,0.11864406779661017,0.8813559322033898,1.0,0.7399304594861734,0.10326086956521739,0.2033898305084746,0.7966101694915254,0.95,0.6955375690106372,0.2554347826086957,0.4067796610169492,0.5932203389830508,0.94,0.3303267347587792
185,lunch bag,brand_entity_proxy,124,34,1.0,0.21739130434782608,0.29411764705882354,0.7058823529411764,1.0,0.9735859552961229,0.43478260869565216,0.5588235294117647,0.4411764705882353,1.0,0.9153848282640261,0.782608695652174,0.9117647058823529,0.08823529411764708,0.9,0.6704518672212261
186,board game storage cabinet,product_type,385,4,0.5591227842996138,0.007853403141361256,0.0,1.0,0.3,0.6496184352722464,0.020942408376963352,0.25,0.75,0.4,0.7865910892909075,0.06282722513089005,0.25,0.75,0.48,0.16556629314186477
188,"bedroom wall decor floral, multicolored with some teal (prints)",long_descriptive,277,8,0.6798956688882696,0.03932584269662921,0.25,0.75,0.7,0.7008894683542516,0.05056179775280899,0.375,0.625,0.45,0.697851403976807,0.07303370786516854,0.5,0.5,0.26,-0.055369548968430084
189,big basket for dirty cloths,multi_constraint,73,31,0.6252045707171097,0.06944444444444445,0.0967741935483871,0.9032258064516129,0.5,0.6618479551717947,0.16666666666666666,0.16129032258064516,0.8387096774193549,0.6,0.7849687731906072,0.3055555555555556,0.3870967741935484,0.6129032258064516,0.44,0.2044140877434723
190,benjiamino faux leather power lift chair,multi_constraint,792,5,0.43518692560571737,0.014064697609001406,0.0,1.0,1.0,0.5441885155473163,0.02812939521800281,0.0,1.0,1.0,0.6862448652703705,0.06891701828410689,0.0,1.0,0.98,0.3792884792225071
191,biycicle plant stands,product_type,217,0,1.0,0.04608294930875576,,,1.0,1.0,0.09216589861751152,,,1.0,1.0,0.21658986175115208,,,0.94,
193,belchertown table lamp,product_type,278,0,1.0,0.03237410071942446,,,0.9,1.0,0.0683453237410072,,,0.95,1.0,0.17266187050359713,,,0.96,
194,black frame 22 x 36,multi_constraint,293,0,1.0,0.0898876404494382,,,0.8,0.8952140984303149,0.1348314606741573,,,0.65,0.9283305599287611,0.2247191011235955,,,0.46,0.6414057102616136
195,black freestanding tub  with faucet,multi_constraint,110,3,0.7728671361177625,0.09803921568627451,0.6666666666666666,0.33333333333333337,1.0,0.8683359483288161,0.19607843137254902,1.0,0.0,1.0,0.913279760249839,0.47058823529411764,1.0,0.0,0.96,0.36498779472491355
196,chabely 5 draw chest,attribute_constraint,165,0,1.0,0.05,,,0.8,1.0,0.1,,,0.8,1.0,0.2375,,,0.76,0.23753064049066835
197,desk for kids tjat ate 10 year old,long_descriptive,41,23,0.955830517697074,0.0975609756097561,0.17391304347826086,0.8260869565217391,0.4,0.8764207652245714,0.1951219512195122,0.34782608695652173,0.6521739130434783,0.4,0.9779328571594115,0.4634146341463415,0.6086956521739131,0.3913043478260869,0.38,0.5233670255931882
198,cake plates with tops,product_type,82,10,0.507872049484717,0.14583333333333334,0.3,0.7,0.7,0.6036547537242013,0.2916666666666667,0.5,0.5,0.7,0.7434705102633618,0.3958333333333333,0.5,0.5,0.48,0.563377088181944
199,blue faux throw with pillows,multi_constraint,384,0,0.9052116356304495,0.0160857908847185,,,0.7,0.938826684621968,0.029490616621983913,,,0.6,0.9666083514034188,0.08310991957104558,,,0.64,0.04556007158770074
200,ceramic tile sea shell,product_type,247,3,0.5159958223394444,0.040983606557377046,0.0,1.0,1.0,0.7593226610837011,0.08196721311475409,1.0,0.0,1.0,0.8414783969630782,0.1885245901639344,1.0,0.0,0.92,0.24153866168807395
201,delta trinsic double towel hook in champagne bronze,long_descriptive,124,0,1.0,0.05102040816326531,,,0.5,0.9603789329441843,0.10204081632653061,,,0.5,0.9783727146391596,0.25510204081632654,,,0.52,0.5960724537367618
202,full mattress padded liner,product_type,83,45,1.0,0.08433734939759036,0.15555555555555556,0.8444444444444444,0.7,0.9561494783113111,0.14457831325301204,0.26666666666666666,0.7333333333333334,0.6,0.905939774822741,0.3373493975903614,0.5111111111111111,0.48888888888888893,0.56,0.5622134016184516
203,ge top loading washer 4.5,multi_constraint,87,5,0.5781193593835047,0.12048192771084337,0.4,0.6,1.0,0.7704547344944077,0.24096385542168675,1.0,0.0,1.0,0.841993876499766,0.6024096385542169,1.0,0.0,1.0,0.45814323554014186
204,fleur de lis living candle wall sconce bronze,long_descriptive,191,7,0.5536212941849071,0.04597701149425287,0.14285714285714285,0.8571428571428572,0.8,0.6672258900170741,0.10344827586206896,0.2857142857142857,0.7142857142857143,0.9,0.8209357074761788,0.2413793103448276,0.5714285714285714,0.4285714285714286,0.84,0.37761624064189275
205,ines shag rug w003096809,attribute_constraint,93,12,0.6262590271947751,0.08602150537634409,0.3333333333333333,0.6666666666666667,0.8,0.7578714546929818,0.1935483870967742,0.6666666666666666,0.33333333333333337,0.9,0.8387417787961138,0.41935483870967744,0.8333333333333334,0.16666666666666663,0.78,0.38114509323491536
206,grill cover 73,attribute_constraint,67,2,0.9124031819349625,0.1694915254237288,1.0,0.0,1.0,0.9336321717348534,0.3389830508474576,1.0,0.0,1.0,0.9576889165479127,0.847457627118644,1.0,0.0,1.0,0.5467169878878922
207,dull bed with shirt head board,multi_constraint,34,0,1.0,0.0,,,0.0,1.0,0.0,,,0.0,1.0,0.0,,,0.0,
208,"fawkes 36"" blue vanity",attribute_constraint,118,0,1.0,0.059322033898305086,,,0.7,1.0,0.06779661016949153,,,0.4,1.0,0.1864406779661017,,,0.44,
209,door pulls bronze matte 4 inch,multi_constraint,198,0,0.857980942822373,0.023809523809523808,,,0.3,0.9083455376384937,0.031746031746031744,,,0.2,0.9499701204590414,0.10317460317460317,,,0.3,0.693787443955679
210,love seat wide faux leather tuxedo arm sofa,long_descriptive,1045,9,0.8925105396506824,0.009615384615384616,0.7777777777777778,0.2222222222222222,1.0,0.909769878844385,0.019230769230769232,0.7777777777777778,0.2222222222222222,1.0,0.9747130506277099,0.04038461538461539,1.0,0.0,0.84,0.13991021136610224
211,memory foam rug galveston,product_type,332,0,1.0,0.08403361344537816,,,1.0,1.0,0.15966386554621848,,,0.95,1.0,0.3949579831932773,,,0.94,0.652722769615429
212,nettie 5 pc bar set,multi_constraint,358,2,0.8741841191122277,0.041237113402061855,1.0,0.0,1.0,0.8358500178043559,0.07731958762886598,1.0,0.0,1.0,0.8109380839041109,0.13402061855670103,1.0,0.0,0.66,0.13692220449996342
213,kraus kitchen sink faucet oletto kpf 2820 sfs,long_descriptive,271,1,0.6254309619949594,0.050359712230215826,1.0,0.0,0.9,0.5334661160765055,0.05755395683453238,1.0,0.0,0.65,0.47042621634586657,0.1223021582733813,1.0,0.0,0.8,-0.10891251847928109
214,light wood nightstand with silver accents,multi_constraint,225,0,1.0,0.022388059701492536,,,0.3,1.0,0.04477611940298507,,,0.3,1.0,0.1044776119402985,,,0.28,0.8212106892846112
215,king adjustable bed including mattress,multi_constraint,250,30,0.5221550109981774,0.0411522633744856,0.1,0.9,1.0,0.47748433970279414,0.0823045267489712,0.13333333333333333,0.8666666666666667,1.0,0.5229265711671203,0.1934156378600823,0.16666666666666666,0.8333333333333334,0.94,0.10575209351609802
216,music plug wall plate,product_type,189,8,0.933616602753008,0.054945054945054944,0.875,0.125,1.0,0.9447049709383587,0.10989010989010989,0.875,0.125,1.0,0.9602730519741709,0.27472527472527475,0.875,0.125,1.0,0.38431292088344726
218,wand bunk beds,product_type,65,0,1.0,0.03076923076923077,,,0.2,1.0,0.1076923076923077,,,0.35,1.0,0.18461538461538463,,,0.24,
219,trinaic towel rod,product_type,38,0,1.0,0.10526315789473684,,,0.4,1.0,0.23684210526315788,,,0.45,1.0,0.5263157894736842,,,0.4,
220,sheets for twinxl,product_type,127,52,0.9477344873475497,0.10309278350515463,0.17307692307692307,0.8269230769230769,1.0,0.8651570489661341,0.20618556701030927,0.28846153846153844,0.7115384615384616,1.0,0.8592216212168595,0.5051546391752577,0.7307692307692307,0.2692307692307693,0.98,0.785456244065876
221,small space dining table and chairs sets,multi_constraint,1719,73,0.7550276532939808,0.008865248226950355,0.0684931506849315,0.9315068493150684,1.0,0.6882320264437021,0.016843971631205674,0.1232876712328767,0.8767123287671232,1.0,0.6293760909767341,0.03723404255319149,0.2602739726027397,0.7397260273972603,0.94,0.20509633996504778
222,small loving roomtables,attribute_constraint,77,31,0.6915182517058964,0.0,0.0,1.0,0.0,0.7636092016887025,0.0,0.0,1.0,0.0,0.8250601310633578,0.027777777777777776,0.03225806451612903,0.967741935483871,0.02,0.49509255504978333
223,wisdom stone river 3-3/4,multi_constraint,207,1,0.5685263857719827,0.25,1.0,0.0,0.8,0.5916210994082878,0.25,1.0,0.0,0.7,0.6172935319549667,0.4166666666666667,1.0,0.0,0.44,0.1710848340400127
224,twin over full bunk beds cool desins,multi_constraint,73,22,0.6157844300582126,0.1095890410958904,0.18181818181818182,0.8181818181818181,0.8,0.6338725242321346,0.2054794520547945,0.3181818181818182,0.6818181818181819,0.75,0.7984046337336943,0.5205479452054794,0.5909090909090909,0.40909090909090906,0.76,0.20685448528590275
225,white splashproof shiplap wallpaper,attribute_constraint,45,2,0.8428919178014227,0.15151515151515152,1.0,0.0,0.5,0.8809668838578122,0.15151515151515152,1.0,0.0,0.25,0.9054482706988936,0.30303030303030304,1.0,0.0,0.2,0.7876625268397647
226,power lift chair,product_type,316,197,0.9432379215722527,0.03184713375796178,0.04568527918781726,0.9543147208121827,1.0,0.9402008261527637,0.06369426751592357,0.09137055837563451,0.9086294416243654,1.0,0.8537753980707059,0.1592356687898089,0.18781725888324874,0.8121827411167513,1.0,0.13681351975585065
227,owl,brand_entity_proxy,203,176,1.0,0.056818181818181816,0.056818181818181816,0.9431818181818182,1.0,1.0,0.11363636363636363,0.11363636363636363,0.8863636363636364,1.0,1.0,0.25,0.25,0.75,0.88,0.5579760399668592
228,bee,brand_entity_proxy,244,178,1.0,0.055248618784530384,0.056179775280898875,0.9438202247191011,1.0,1.0,0.10497237569060773,0.10674157303370786,0.8932584269662921,0.95,0.9863315949815461,0.2596685082872928,0.2640449438202247,0.7359550561797753,0.94,0.6495967571425336
229,waterfall faucet,brand_entity_proxy,556,133,1.0,0.019417475728155338,0.07518796992481203,0.924812030075188,1.0,1.0,0.038834951456310676,0.15037593984962405,0.849624060150376,1.0,0.976356532607865,0.09514563106796116,0.3609022556390977,0.6390977443609023,1.0,0.5730645982938337
230,gold,attribute_constraint,274,228,1.0,0.03463203463203463,0.03508771929824561,0.9649122807017544,0.8,1.0,0.06493506493506493,0.06578947368421052,0.9342105263157895,0.75,1.0,0.12554112554112554,0.12719298245614036,0.8728070175438596,0.58,0.349859355909338
231,anti fatigue mat,product_type,359,307,1.0,0.027855153203342618,0.03257328990228013,0.9674267100977199,1.0,1.0,0.055710306406685235,0.06514657980456026,0.9348534201954397,1.0,1.0,0.1392757660167131,0.16286644951140064,0.8371335504885994,1.0,0.6033288474036251
232,storage dresser,product_type,2329,423,0.7953235131050231,0.013937282229965157,0.01182033096926714,0.9881796690307328,0.8,0.7972419574059404,0.027874564459930314,0.026004728132387706,0.9739952718676123,0.8,0.7243323408325342,0.05749128919860627,0.05673758865248227,0.9432624113475178,0.74,0.6632783089427067
233,kelly clarkson light fixtures,product_type,156,81,0.7352052034243989,0.059602649006622516,0.06172839506172839,0.9382716049382716,0.9,0.8291100842480147,0.11920529801324503,0.1728395061728395,0.8271604938271605,0.9,0.8662467615520357,0.31125827814569534,0.49382716049382713,0.5061728395061729,0.94,0.6124521141774283
234,artificial orchid arrangement,product_type,144,107,1.0,0.06944444444444445,0.09345794392523364,0.9065420560747663,1.0,1.0,0.1388888888888889,0.18691588785046728,0.8130841121495327,1.0,0.9721179970615683,0.3472222222222222,0.4392523364485981,0.5607476635514019,1.0,0.4861409628420053
235,bathroom wastebasket,brand_entity_proxy,1368,133,1.0,0.058823529411764705,0.06766917293233082,0.9323308270676691,0.9,1.0,0.12418300653594772,0.14285714285714285,0.8571428571428572,0.95,0.958713671591088,0.3006535947712418,0.3157894736842105,0.6842105263157895,0.92,0.36627254513667795
236,3 piece rug set with runners,multi_constraint,2202,29,0.955830517697074,0.056179775280898875,0.3103448275862069,0.6896551724137931,1.0,0.8204161741702813,0.09550561797752809,0.4482758620689655,0.5517241379310345,0.9,0.8557886793749175,0.1797752808988764,0.6206896551724138,0.3793103448275862,0.66,0.46942317930023414
237,cloud modular sectional,product_type,205,4,0.9108954758022454,0.041666666666666664,0.75,0.25,0.8,0.9270316371601584,0.08333333333333333,1.0,0.0,0.9,0.9507490156942593,0.20833333333333334,1.0,0.0,0.84,0.08976516980452447
238,outdoor seat/back cushion,product_type,318,54,1.0,0.031545741324921134,0.18518518518518517,0.8148148148148149,1.0,0.9735859552961229,0.056782334384858045,0.3148148148148148,0.6851851851851851,0.9,0.8590310387784419,0.13249211356466878,0.6296296296296297,0.37037037037037035,0.84,0.5175881139920996
239,bathroom single faucet,product_type,573,146,0.9363792118010482,0.03333333333333333,0.06164383561643835,0.9383561643835616,1.0,0.9205565824477281,0.06296296296296296,0.11643835616438356,0.8835616438356164,0.95,0.9033077379765662,0.14444444444444443,0.2602739726027397,0.7397260273972603,0.86,0.23900187459654998
240,eiffel tower wall art,product_type,68,33,1.0,0.15625,0.30303030303030304,0.696969696969697,1.0,1.0,0.3125,0.6060606060606061,0.3939393939393939,1.0,0.9993142586766711,0.5,0.9696969696969697,0.030303030303030276,0.64,0.8678387074423585
241,decorative wall clocks,product_type,243,148,0.9048032373092417,0.047619047619047616,0.0472972972972973,0.9527027027027027,0.9,0.9166531373019104,0.09523809523809523,0.10810810810810811,0.8918918918918919,0.9,0.9337080466933689,0.23809523809523808,0.27702702702702703,0.722972972972973,0.9,0.7004586190079095
242,accent leather chair,attribute_constraint,283,175,1.0,0.017793594306049824,0.02857142857142857,0.9714285714285714,0.5,1.0,0.021352313167259787,0.03428571428571429,0.9657142857142857,0.3,0.9796978590842722,0.07473309608540925,0.12,0.88,0.42,0.5254128648008228
243,indoor multi tiered plant stand,multi_constraint,209,135,0.9368077570869662,0.05154639175257732,0.06666666666666667,0.9333333333333333,1.0,0.9592177897479789,0.0979381443298969,0.13333333333333333,0.8666666666666667,0.95,0.946501870383234,0.24742268041237114,0.3333333333333333,0.6666666666666667,0.96,0.5958607513059928
244,pull out sleeper loveseat,product_type,143,9,0.5282795676485431,0.027972027972027972,0.1111111111111111,0.8888888888888888,0.4,0.7042912975598543,0.04195804195804196,0.2222222222222222,0.7777777777777778,0.3,0.7852052831695322,0.06293706293706294,0.2222222222222222,0.7777777777777778,0.18,0.23299039501878024
245,anchor decor,brand_entity_proxy,485,57,1.0,0.058823529411764705,0.17543859649122806,0.8245614035087719,1.0,1.0,0.11764705882352941,0.3508771929824561,0.6491228070175439,1.0,0.9606732905542628,0.2823529411764706,0.7719298245614035,0.22807017543859653,0.96,0.5666535952828359
246,clear shower curtain,attribute_constraint,252,12,0.5921627018446607,0.08,0.25,0.75,1.0,0.6135168930124242,0.16,0.25,0.75,1.0,0.7598665312704607,0.376,0.5,0.5,0.96,0.8119882722691878
247,beaded curtains,brand_entity_proxy,961,40,0.9368077570869662,0.014771048744460856,0.225,0.775,1.0,0.9112448842785553,0.029542097488921712,0.425,0.575,1.0,0.7844623217992042,0.0723781388478582,0.575,0.42500000000000004,0.98,0.5564082126741927
248,surge protector,brand_entity_proxy,104,39,1.0,0.22727272727272727,0.2564102564102564,0.7435897435897436,1.0,1.0,0.45454545454545453,0.5128205128205128,0.4871794871794872,1.0,0.9352809859990635,0.7727272727272727,0.8717948717948718,0.1282051282051282,0.74,0.758389448189847
249,bistro table and chairs,product_type,197,124,1.0,0.05181347150259067,0.08064516129032258,0.9193548387096774,1.0,0.9763266600610571,0.10362694300518134,0.1532258064516129,0.8467741935483871,1.0,0.9870778321648319,0.2538860103626943,0.3870967741935484,0.6129032258064516,0.98,0.756919824360731
250,multi color rug,product_type,131,96,1.0,0.08547008547008547,0.10416666666666667,0.8958333333333334,1.0,1.0,0.15384615384615385,0.1875,0.8125,0.9,0.9509563020944338,0.3076923076923077,0.3541666666666667,0.6458333333333333,0.72,0.5687135768810321
251,coffee container,brand_entity_proxy,1483,90,1.0,0.07352941176470588,0.1111111111111111,0.8888888888888888,1.0,0.9092381962138688,0.1323529411764706,0.18888888888888888,0.8111111111111111,1.0,0.7274107084838992,0.2426470588235294,0.34444444444444444,0.6555555555555556,0.96,0.163869871645785
252,accent chairs living room,product_type,443,100,1.0,0.01675977653631285,0.06,0.94,0.6,0.9271559276196134,0.027932960893854747,0.1,0.9,0.5,0.8909093829294413,0.05307262569832402,0.17,0.83,0.38,0.7624215077330249
253,antique brass faucet,product_type,117,5,0.43518692560571737,0.05172413793103448,0.0,1.0,0.6,0.5847923257509359,0.10344827586206896,0.0,1.0,0.6,0.7756333756933481,0.23275862068965517,0.2,0.8,0.54,0.16416224326499684
254,comfortable accent chair,product_type,201,131,0.6618412813250388,0.015151515151515152,0.007633587786259542,0.9923664122137404,0.3,0.6920374527115394,0.025252525252525252,0.007633587786259542,0.9923664122137404,0.25,0.7505519058598855,0.08585858585858586,0.07633587786259542,0.9236641221374046,0.34,0.25520120416530884
255,desk and chair set,product_type,217,107,1.0,0.04926108374384237,0.09345794392523364,0.9065420560747663,1.0,1.0,0.08866995073891626,0.16822429906542055,0.8317757009345794,0.9,1.0,0.2019704433497537,0.38317757009345793,0.6168224299065421,0.82,0.8157424762524612
256,high weight capacity bunk beds,multi_constraint,138,68,0.9074250374176304,0.07874015748031496,0.1323529411764706,0.8676470588235294,1.0,0.8494584466794014,0.11811023622047244,0.19117647058823528,0.8088235294117647,0.75,0.8702647538009328,0.2125984251968504,0.3235294117647059,0.6764705882352942,0.54,0.67122666725588
257,living room coffee table sets,multi_constraint,1834,132,0.8468029266168763,0.007457121551081283,0.05303030303030303,0.946969696969697,1.0,0.8283495787833118,0.014168530947054437,0.09848484848484848,0.9015151515151515,0.95,0.8534014211819835,0.035794183445190156,0.2803030303030303,0.7196969696969697,0.96,0.6263794979140801
258,breakfast bar table,product_type,126,58,0.8878984756873929,0.072,0.1206896551724138,0.8793103448275862,0.9,0.814946660932634,0.104,0.1896551724137931,0.8103448275862069,0.65,0.7901091240974908,0.184,0.27586206896551724,0.7241379310344828,0.46,0.3082636407160063
259,nursery end table,product_type,634,0,1.0,0.011058451816745656,,,0.7,1.0,0.017377567140600316,,,0.55,1.0,0.045813586097946286,,,0.58,-0.02312861666363337
260,retractable side awning,product_type,68,26,0.9575861412006988,0.20833333333333334,0.34615384615384615,0.6538461538461539,1.0,0.9726274804087407,0.4166666666666667,0.7307692307692307,0.2692307692307693,1.0,0.9798645889263816,0.9166666666666666,1.0,0.0,0.9,0.8844976515345794
261,semi flush foyer light,product_type,175,125,0.8842222191013388,0.05142857142857143,0.064,0.9359999999999999,0.9,0.9033708201524703,0.10285714285714286,0.128,0.872,0.9,0.8768292227433802,0.2742857142857143,0.304,0.696,0.96,0.2816904857828256
262,bathroom freestanding cabinet,product_type,138,87,1.0,0.07352941176470588,0.11494252873563218,0.8850574712643678,1.0,1.0,0.14705882352941177,0.22988505747126436,0.7701149425287357,1.0,0.9907450280402066,0.3602941176470588,0.5517241379310345,0.4482758620689655,0.98,0.7213320163436626
263,small curtain rods,attribute_constraint,291,75,0.33144268421544054,0.032,0.04,0.96,0.9,0.31698481917804283,0.048,0.06666666666666667,0.9333333333333333,0.85,0.34243746647243,0.152,0.2,0.8,0.86,0.13243858467230535
264,cortez pillow,brand_entity_proxy,897,15,1.0,0.01669449081803005,0.6666666666666666,0.33333333333333337,1.0,1.0,0.0333889816360601,1.0,0.0,1.0,1.0,0.08013355592654424,1.0,0.0,0.96,0.5953059312600859
265,candace wingback upholstered bed,product_type,690,0,1.0,0.01037037037037037,,,0.7,0.8950781063671096,0.017777777777777778,,,0.6,0.8811176190145447,0.02666666666666667,,,0.42,-0.1053502470062071
266,champagne velvet desk chair,product_type,353,1,0.6943559465628248,0.022857142857142857,0.0,1.0,0.8,0.7787676299523247,0.045714285714285714,0.0,1.0,0.8,0.865751383782762,0.10857142857142857,0.0,1.0,0.76,0.13575563580017014
267,dolomite subway tile,product_type,154,2,1.0,0.05844155844155844,1.0,0.0,0.9,1.0,0.11688311688311688,1.0,0.0,0.9,1.0,0.3116883116883117,1.0,0.0,0.96,0.1961037301832307
268,betty resin free standing umbrella,multi_constraint,311,1,1.0,0.11904761904761904,1.0,0.0,1.0,1.0,0.23809523809523808,1.0,0.0,1.0,1.0,0.5952380952380952,1.0,0.0,1.0,0.682234622053533
269,donaldson teak couch,product_type,99,0,1.0,0.0967741935483871,,,0.9,1.0,0.1935483870967742,,,0.9,1.0,0.41935483870967744,,,0.78,0.34071269969713974
270,edge chair mat,product_type,95,42,0.8145345535880328,0.09574468085106383,0.14285714285714285,0.8571428571428572,0.9,0.8096871431828789,0.20212765957446807,0.30952380952380953,0.6904761904761905,0.95,0.8140231391646804,0.5106382978723404,0.6666666666666666,0.33333333333333337,0.96,0.28672569886660093
271,chinese flower stand,product_type,96,1,0.6943559465628248,0.05434782608695652,0.0,1.0,0.5,0.7787676299523247,0.11956521739130435,0.0,1.0,0.55,0.865751383782762,0.2717391304347826,0.0,1.0,0.5,0.220917195152528
272,oliver parsons,brand_entity_proxy,115,0,0.88995411685096,0.03488372093023256,,,0.4,0.8949170079271889,0.08139534883720931,,,0.4,0.9289025204739344,0.18604651162790697,,,0.36,0.5736427315024094
273,stainless steel free standing shower caddy,multi_constraint,542,4,0.8074483267440766,0.10869565217391304,0.5,0.5,1.0,0.8469720045315139,0.21739130434782608,0.5,0.5,1.0,0.9172931806615394,0.532608695652174,0.75,0.25,0.98,0.5782082550842073
274,gowdy height adjustable standing desk,multi_constraint,331,1,1.0,0.10416666666666667,1.0,0.0,1.0,1.0,0.20833333333333334,1.0,0.0,1.0,0.9631043943324248,0.4895833333333333,1.0,0.0,1.0,0.43918262873310254
275,hinged square ottoman,attribute_constraint,127,13,0.38559884598578353,0.064,0.07692307692307693,0.9230769230769231,0.8,0.422325746213232,0.128,0.07692307692307693,0.9230769230769231,0.85,0.6191175510262644,0.28,0.3076923076923077,0.6923076923076923,0.72,0.04521245371003171
276,chaves l-shape floating desk with hutch,multi_constraint,377,0,1.0,0.0273972602739726,,,1.0,1.0,0.0547945205479452,,,1.0,1.0,0.136986301369863,,,1.0,0.2987830886104888
277,barstool patio sets,product_type,256,44,0.8254612838486163,0.025510204081632654,0.09090909090909091,0.9090909090909091,0.5,0.793982210380922,0.05102040816326531,0.1590909090909091,0.8409090909090909,0.5,0.702749816533662,0.1326530612244898,0.3181818181818182,0.6818181818181819,0.52,0.711683081872971
278,parakeet toy,product_type,112,7,0.7189316345953525,0.12987012987012986,0.5714285714285714,0.4285714285714286,1.0,0.7679490144376386,0.24675324675324675,0.5714285714285714,0.4285714285714286,0.95,0.8789049137729994,0.4935064935064935,0.8571428571428571,0.1428571428571429,0.76,0.6329038564898355
279,marlon tufted queen bed,attribute_constraint,374,1,1.0,0.02702702702702703,1.0,0.0,1.0,1.0,0.051351351351351354,1.0,0.0,0.95,1.0,0.11621621621621622,1.0,0.0,0.86,0.1081736064051929
280,johan desk by laurel foundry,multi_constraint,116,0,1.0,0.02830188679245283,,,0.3,1.0,0.04716981132075472,,,0.25,1.0,0.09433962264150944,,,0.2,0.4705580467601555
281,brunk ship wheel,product_type,90,1,0.8471779732814125,0.19607843137254902,1.0,0.0,1.0,0.8633437790589376,0.37254901960784315,1.0,0.0,1.0,0.7425641492589931,0.6274509803921569,1.0,0.0,0.78,0.511758998031297
282,grantola wall mirror,product_type,130,1,1.0,0.05426356589147287,1.0,0.0,0.7,1.0,0.11627906976744186,1.0,0.0,0.75,1.0,0.23255813953488372,1.0,0.0,0.6,0.21153557518089336
283,gaia driftwood table,product_type,115,1,1.0,0.03773584905660377,1.0,0.0,0.4,1.0,0.03773584905660377,1.0,0.0,0.2,0.9450036301679166,0.09433962264150944,1.0,0.0,0.2,0.12344246172480583
284,family lamp,product_type,331,0,1.0,0.01824817518248175,,,0.5,1.0,0.04744525547445255,,,0.65,1.0,0.12408759124087591,,,0.68,0.5993533253000046
285,"48"" sliding single track , barn door for laundry",long_descriptive,183,7,0.408084037139364,0.0782608695652174,0.14285714285714285,0.8571428571428572,1.0,0.5785613166824699,0.1565217391304348,0.42857142857142855,0.5714285714285714,0.95,0.6837425555366707,0.33043478260869563,0.5714285714285714,0.4285714285714286,0.84,0.5819789395671062
286,hitchcock mid-century wall shelf,multi_constraint,256,0,1.0,0.05847953216374269,,,1.0,1.0,0.1111111111111111,,,0.95,1.0,0.24561403508771928,,,0.84,0.6214150359069185
287,cover set for outdoor furniture,multi_constraint,406,45,0.7520973617492562,0.09523809523809523,0.15555555555555556,0.8444444444444444,1.0,0.8400117316758933,0.19047619047619047,0.37777777777777777,0.6222222222222222,1.0,0.8267353340197141,0.45714285714285713,0.7777777777777778,0.2222222222222222,0.98,0.6978699719295942
288,round outdoor patio cover,attribute_constraint,272,0,1.0,0.0970873786407767,,,1.0,1.0,0.1941747572815534,,,1.0,0.9828601867810847,0.4077669902912621,,,0.86,0.700856683428001
289,coma inducer comforter king set,multi_constraint,251,27,1.0,0.04310344827586207,0.37037037037037035,0.6296296296296297,1.0,0.9780900196216153,0.08620689655172414,0.7037037037037037,0.2962962962962963,1.0,0.97400706450606,0.21120689655172414,0.9629629629629629,0.03703703703703709,1.0,0.6105505091020376
290,mission double vanity,product_type,168,0,1.0,0.05357142857142857,,,0.9,1.0,0.10119047619047619,,,0.85,1.0,0.21428571428571427,,,0.72,
291,front door cabinet with doors,multi_constraint,218,15,0.3333333333333333,0.037914691943127965,0.0,1.0,0.8,0.4267729111262885,0.06635071090047394,0.06666666666666667,0.9333333333333333,0.7,0.5779414007944303,0.16587677725118483,0.13333333333333333,0.8666666666666667,0.7,0.1323253966747157
292,decorative white pillow,attribute_constraint,204,12,0.2586648128282748,0.0410958904109589,0.0,1.0,0.8,0.33344705203503827,0.07534246575342465,0.0,1.0,0.75,0.44568290830832885,0.1780821917808219,0.08333333333333333,0.9166666666666666,0.64,0.235170499347548
293,wood floor protector mat,attribute_constraint,102,13,0.39977553958947787,0.0136986301369863,0.0,1.0,0.1,0.47415444840281235,0.0273972602739726,0.07692307692307693,0.9230769230769231,0.1,0.7194854084129484,0.0684931506849315,0.07692307692307693,0.9230769230769231,0.12,0.554343175144221
294,moen multi function dual shower head,multi_constraint,136,0,1.0,0.10204081632653061,,,1.0,1.0,0.19387755102040816,,,0.95,0.9138088344166965,0.3877551020408163,,,0.82,0.5476365856301494
295,end table between recliners,product_type,139,6,0.4073884476270398,0.029850746268656716,0.0,1.0,0.4,0.5532897580609959,0.05970149253731343,0.0,1.0,0.4,0.7192671790590995,0.12686567164179105,0.16666666666666666,0.8333333333333334,0.34,0.08971769419232253
296,zakariyah twin platform,attribute_constraint,171,1,1.0,0.041176470588235294,1.0,0.0,0.7,0.970107286309367,0.07058823529411765,1.0,0.0,0.65,0.981860450859516,0.18235294117647058,1.0,0.0,0.64,0.01204984806581779
297,seat cushions desk,product_type,487,8,0.274956464176895,0.050505050505050504,0.0,1.0,0.8,0.3523356147415743,0.10101010101010101,0.125,0.875,0.65,0.3488008151689791,0.16161616161616163,0.125,0.875,0.58,0.11043002863183461
298,small woven pouf,attribute_constraint,98,9,0.3480974911723065,0.10204081632653061,0.0,1.0,1.0,0.5184112970380482,0.20408163265306123,0.2222222222222222,0.7777777777777778,1.0,0.7474683353127851,0.5,0.7777777777777778,0.2222222222222222,0.98,0.18922718703302244
300,animal print handmade tufted wool beige/black area rug by allmodern,long_descriptive,1114,2,0.6592367983634904,0.008992805755395683,0.5,0.5,1.0,0.7418203749307188,0.017985611510791366,0.5,0.5,1.0,0.8354042922981754,0.044964028776978415,0.5,0.5,1.0,0.06633504153174198
301,circle cabinet pulls,product_type,148,2,0.4539870836339926,0.0,0.0,1.0,0.0,0.5863126964608937,0.0136986301369863,0.0,1.0,0.15,0.7614872106232473,0.0821917808219178,0.0,1.0,0.26,-0.0028860192450332832
302,mattress foam topper queen,attribute_constraint,238,59,0.9069212362975005,0.04739336492890995,0.13559322033898305,0.864406779661017,1.0,0.8886447934565482,0.0947867298578199,0.2711864406779661,0.728813559322034,1.0,0.8062933562971055,0.23696682464454977,0.559322033898305,0.44067796610169496,1.0,0.5471778252869768
303,hawaii vintage art,style,72,8,0.9892145016656065,0.15151515151515152,1.0,0.0,1.0,0.9910160602111759,0.2878787878787879,1.0,0.0,0.95,0.993545450375658,0.5454545454545454,1.0,0.0,0.72,0.6743821808054042
304,merlyn 6,attribute_constraint,759,0,0.0,0.0,,,0.5,0.03233829114831981,0.0,,,0.65,0.022442134658259606,0.02857142857142857,,,0.7,-0.055278079782399125
305,ligth bulb,brand_entity_proxy,299,193,0.3775028156362593,0.006825938566552901,0.0,1.0,0.2,0.5048913347163695,0.017064846416382253,0.0,1.0,0.25,0.5857360417639094,0.07167235494880546,0.03626943005181347,0.9637305699481865,0.42,0.05652597214633465
306,mobley zero gravity adjustable bed with wireless remote,long_descriptive,114,2,0.9664515752024124,0.1111111111111111,1.0,0.0,1.0,0.974581998014136,0.2222222222222222,1.0,0.0,1.0,0.9837954136616822,0.5555555555555556,1.0,0.0,1.0,0.6346130977248519
307,real touch roses floral arrangements in glass vase,long_descriptive,189,6,0.707532403097975,0.057803468208092484,0.6666666666666666,0.33333333333333337,1.0,0.833026208472407,0.10982658959537572,1.0,0.0,0.95,0.8831640949511389,0.2832369942196532,1.0,0.0,0.98,0.4787391238225209
308,led 60,attribute_constraint,776,2,0.5821032065260975,0.02053388090349076,0.0,1.0,1.0,0.7299359312982885,0.03285420944558522,0.0,1.0,0.8,0.8186972014790259,0.08008213552361396,1.0,0.0,0.8,0.654294117376129
309,moen 5995 arbor one,attribute_constraint,72,0,0.5621931439243355,0.07692307692307693,,,0.5,0.5364585723433706,0.07692307692307693,,,0.3,0.6705330600705097,0.15384615384615385,,,0.18,0.20591886897562334
310,meade mirror,product_type,589,4,0.9909331158293706,0.02288329519450801,1.0,0.0,1.0,0.9927942090228828,0.04576659038901602,1.0,0.0,1.0,0.9951363538318185,0.11441647597254005,1.0,0.0,1.0,0.6502353081853613
311,odum velvet,brand_entity_proxy,571,4,0.3320887280243009,0.009242144177449169,0.0,1.0,0.6,0.5112723155110315,0.018484288354898338,0.0,1.0,0.6,0.6724697688925484,0.036968576709796676,0.25,0.75,0.44,0.04738927115580822
312,coat rack for bedroom,product_type,119,10,0.45560653683226676,0.058823529411764705,0.2,0.8,0.7,0.6677923028885101,0.12605042016806722,0.5,0.5,0.75,0.8113447776983332,0.2773109243697479,0.7,0.30000000000000004,0.66,0.32360245791666853
313,malachi sled,brand_entity_proxy,105,3,0.9595468207283594,0.0410958904109589,1.0,0.0,0.3,0.9244155044168041,0.0684931506849315,1.0,0.0,0.25,0.8584663244445259,0.0684931506849315,1.0,0.0,0.1,0.3509342530831033
314,body pillow and case,product_type,145,11,0.3333333333333333,0.04964539007092199,0.0,1.0,0.7,0.5387051693157373,0.11347517730496454,0.18181818181818182,0.8181818181818181,0.8,0.7288180658023298,0.2765957446808511,0.5454545454545454,0.4545454545454546,0.78,0.3182576791923213
315,medium clips,brand_entity_proxy,316,4,0.9765904909689566,0.16129032258064516,1.0,0.0,1.0,0.9813955901740687,0.3225806451612903,1.0,0.0,1.0,0.9356854381935582,0.6774193548387096,1.0,0.0,0.92,0.6559006245005278
316,rolande heavy duty power lift assist recliner,multi_constraint,406,1,1.0,0.030211480362537766,1.0,0.0,1.0,1.0,0.06042296072507553,1.0,0.0,1.0,1.0,0.1510574018126888,1.0,0.0,1.0,0.6756972280363953
317,hulmeville writing desk with hutch,multi_constraint,340,2,1.0,0.026627218934911243,1.0,0.0,0.9,1.0,0.05621301775147929,1.0,0.0,0.95,1.0,0.13313609467455623,1.0,0.0,0.9,0.061057132469316426
318,sunjoy lantern,brand_entity_proxy,156,1,0.6943559465628248,0.04285714285714286,0.0,1.0,0.6,0.7787676299523247,0.10714285714285714,0.0,1.0,0.75,0.865751383782762,0.2642857142857143,0.0,1.0,0.74,0.3690810468159404
319,landis wall mounted bathroom shelves,multi_constraint,673,1,1.0,0.05917159763313609,1.0,0.0,1.0,0.9739599640827753,0.10650887573964497,1.0,0.0,0.95,0.9461308236390817,0.23668639053254437,1.0,0.0,0.86,0.48794531122800483
320,blaylock bookcase headboard,product_type,93,1,1.0,0.1282051282051282,1.0,0.0,1.0,1.0,0.2564102564102564,1.0,0.0,1.0,1.0,0.6410256410256411,1.0,0.0,1.0,0.4467736265202989
321,hussain handmade tufted magenta rug,multi_constraint,297,1,1.0,0.026936026936026935,1.0,0.0,0.8,1.0,0.04377104377104377,1.0,0.0,0.65,1.0,0.07744107744107744,1.0,0.0,0.46,0.10033500931359768
322,cream queen duvet cover,attribute_constraint,242,0,1.0,0.04149377593360996,,,1.0,1.0,0.08298755186721991,,,1.0,1.0,0.1991701244813278,,,0.96,0.11111111111111112
323,hub leaning full length mirror,multi_constraint,126,1,1.0,0.08,1.0,0.0,1.0,1.0,0.16,1.0,0.0,1.0,1.0,0.4,1.0,0.0,1.0,0.2164928205676353
324,chase utility laundry cart,product_type,113,1,1.0,0.08571428571428572,1.0,0.0,0.9,1.0,0.1523809523809524,1.0,0.0,0.8,1.0,0.4095238095238095,1.0,0.0,0.86,0.3926716607273838
325,outdoor waterproof chest,product_type,120,46,0.7392727509487196,0.06976744186046512,0.08695652173913043,0.9130434782608696,0.7,0.7728010074415745,0.11627906976744186,0.17391304347826086,0.8260869565217391,0.55,0.7555992508789278,0.2558139534883721,0.391304347826087,0.6086956521739131,0.48,0.46003238722683937
326,bowersville ladder writing desk,product_type,284,1,1.0,0.03180212014134275,1.0,0.0,0.9,1.0,0.0636042402826855,1.0,0.0,0.9,1.0,0.1413427561837456,1.0,0.0,0.8,0.1448395753739787
327,kohler purist brushed bronze,product_type,115,8,0.46628041186554436,0.11363636363636363,0.125,0.875,1.0,0.5896786999247153,0.2159090909090909,0.25,0.75,0.95,0.7452459769879098,0.42045454545454547,0.5,0.5,0.74,0.6011884330996947
328,golub dining table,product_type,659,1,0.9408803699566423,0.013910355486862442,1.0,0.0,1.0,0.9572078182979525,0.027820710973724884,1.0,0.0,0.95,0.9740327729745044,0.0695517774343122,1.0,0.0,0.92,0.14939737699186195
329,wayfair tension rod,product_type,83,2,1.0,0.12195121951219512,1.0,0.0,1.0,1.0,0.24390243902439024,1.0,0.0,1.0,0.9884494355535242,0.43902439024390244,1.0,0.0,0.72,0.2103148557506211
330,kari 2 piece,attribute_constraint,600,1,0.5175857101991203,0.008771929824561403,1.0,0.0,0.4,0.3746407367735597,0.017543859649122806,1.0,0.0,0.5,0.25362070436983514,0.017543859649122806,1.0,0.0,0.44,-0.3197451991923163
331,upholstered girls bed,product_type,533,52,0.6272802195539117,0.007547169811320755,0.019230769230769232,0.9807692307692307,0.4,0.5457457040522194,0.016981132075471698,0.07692307692307693,0.9230769230769231,0.45,0.4896608070870229,0.035849056603773584,0.09615384615384616,0.9038461538461539,0.38,0.10565314710125107
332,attleboro drum coffee table,product_type,1410,1,1.0,0.0071174377224199285,1.0,0.0,1.0,1.0,0.014234875444839857,1.0,0.0,1.0,1.0,0.03558718861209965,1.0,0.0,1.0,0.07556526760063172
333,stainless steel colander set,product_type,315,21,0.92663607790064,0.12048192771084337,0.42857142857142855,0.5714285714285714,1.0,0.8569249879149143,0.24096385542168675,0.7142857142857143,0.2857142857142857,1.0,0.9632352461399301,0.6024096385542169,1.0,0.0,1.0,0.7253469226237644
334,itchington butterfly,brand_entity_proxy,122,6,0.8889173285594403,0.12,1.0,0.0,1.0,0.7461197640093751,0.14,1.0,0.0,0.9,0.6642412695215898,0.34,1.0,0.0,0.78,0.2726699469730447
335,canadian,brand_entity_proxy,81,42,1.0,0.21428571428571427,0.21428571428571427,0.7857142857142857,0.9,1.0,0.2857142857142857,0.2857142857142857,0.7142857142857143,0.6,0.9793157446012295,0.4523809523809524,0.4523809523809524,0.5476190476190477,0.38,0.8094882035042975
336,mystic swivel,brand_entity_proxy,360,1,1.0,0.029154518950437316,1.0,0.0,1.0,1.0,0.05830903790087463,1.0,0.0,1.0,1.0,0.1457725947521866,1.0,0.0,1.0,0.2055749401787574
337,iittala bowl,brand_entity_proxy,201,39,1.0,0.08264462809917356,0.2564102564102564,0.7435897435897436,1.0,0.9186516433506512,0.15702479338842976,0.4358974358974359,0.5641025641025641,1.0,0.8906208977245625,0.3884297520661157,0.7692307692307693,0.23076923076923073,0.96,0.7944835822623176
338,mahone porch rocking chair,product_type,204,1,1.0,0.05714285714285714,1.0,0.0,1.0,1.0,0.11428571428571428,1.0,0.0,1.0,1.0,0.28,1.0,0.0,0.98,0.567165432413031
339,ruckus chair,product_type,3044,6,0.9470904206170018,0.07692307692307693,1.0,0.0,0.9,0.7738539121255702,0.07692307692307693,1.0,0.0,0.8,0.5621601413452931,0.09615384615384616,1.0,0.0,0.74,0.05512323116385426
340,berenice 4 storage cabinet,attribute_constraint,505,3,0.9252579480528793,0.022222222222222223,1.0,0.0,1.0,0.9417689235862297,0.04197530864197531,1.0,0.0,0.9,0.9495238779644114,0.0962962962962963,1.0,0.0,0.82,0.4646974808491724
341,canvas map art,product_type,199,22,1.0,0.04522613065326633,0.4090909090909091,0.5909090909090908,0.9,0.8835088840246952,0.08542713567839195,0.6363636363636364,0.36363636363636365,0.85,0.93524264308066,0.15577889447236182,0.7272727272727273,0.2727272727272727,0.62,0.4812094593559418
342,brendon counter stool,product_type,478,2,0.9664515752024124,0.020964360587002098,1.0,0.0,1.0,0.974581998014136,0.041928721174004195,1.0,0.0,1.0,0.9837954136616822,0.09643605870020965,1.0,0.0,0.92,0.11766843108523095
343,navy and peach bedding,product_type,116,0,1.0,0.017391304347826087,,,0.2,1.0,0.034782608695652174,,,0.2,1.0,0.06956521739130435,,,0.16,0.10164656719801185
344,ottoman bed queen,attribute_constraint,116,0,0.9305687780632229,0.02631578947368421,,,0.3,0.9551913563983283,0.043859649122807015,,,0.25,0.9755410594964452,0.10526315789473684,,,0.26,-0.03164472538053126
345,oriental vanity,brand_entity_proxy,1148,0,0.9052116356304495,0.011889035667107,,,1.0,0.9004420464565851,0.023778071334214,,,1.0,0.9316191977561255,0.0607661822985469,,,0.98,0.6502980750610533
346,nesting tray set,product_type,110,19,0.8943286401726792,0.11363636363636363,0.42105263157894735,0.5789473684210527,1.0,0.880109765592694,0.2159090909090909,0.7894736842105263,0.21052631578947367,0.95,0.9472712810143273,0.375,0.9473684210526315,0.052631578947368474,0.68,0.7168100013899795
347,olive green console table,attribute_constraint,577,0,1.0,0.01576182136602452,,,0.9,1.0,0.03327495621716287,,,0.95,1.0,0.08231173380035026,,,0.94,0.17262587731895848
348,one alium way,product_type,2,0,1.0,0.0,,,0.0,1.0,0.0,,,0.0,1.0,0.0,,,0.0,
349,mud room sign,product_type,98,5,0.851592504110029,0.06315789473684211,0.8,0.19999999999999996,0.6,0.9173065805386922,0.12631578947368421,0.8,0.19999999999999996,0.6,0.943078474656051,0.29473684210526313,1.0,0.0,0.56,0.38300039886216863
351,white bathroom vanity black hardware,multi_constraint,727,0,1.0,0.014184397163120567,,,1.0,1.0,0.028368794326241134,,,1.0,1.0,0.06950354609929078,,,0.98,0.29571546093927076
352,amarillo,brand_entity_proxy,81,29,1.0,0.3448275862068966,0.3448275862068966,0.6551724137931034,1.0,1.0,0.6551724137931034,0.6551724137931034,0.3448275862068966,0.95,1.0,0.896551724137931,0.896551724137931,0.10344827586206895,0.52,0.8304421390689802
353,pennfield playhouse,brand_entity_proxy,54,1,1.0,0.4,1.0,0.0,1.0,0.9723459537440404,0.64,1.0,0.0,0.85,0.994891301370721,0.92,1.0,0.0,0.48,0.8309306777618642
354,tressler rug,product_type,1402,0,1.0,0.007288629737609329,,,1.0,1.0,0.013848396501457727,,,0.95,1.0,0.034256559766763846,,,0.94,0.2498971069232599
355,argenteuil,brand_entity_proxy,59,30,1.0,0.3333333333333333,0.3333333333333333,0.6666666666666667,1.0,1.0,0.6666666666666666,0.6666666666666666,0.33333333333333337,1.0,1.0,0.9333333333333333,0.9333333333333333,0.06666666666666665,0.56,0.8660254037844387
356,platform bed side table,product_type,960,0,0.713654010247531,0.0074309978768577496,,,0.9,0.7768170096859283,0.016985138004246284,,,0.95,0.8477851173165026,0.0435244161358811,,,0.92,-0.08726308898175962
357,tall free standing pet gate,multi_constraint,355,34,0.5455461091873708,0.1694915254237288,0.11764705882352941,0.8823529411764706,1.0,0.6593059903640113,0.3389830508474576,0.35294117647058826,0.6470588235294117,1.0,0.8391077880135024,0.847457627118644,0.9411764705882353,0.05882352941176472,1.0,0.6416571906527471
358,sliding closet mirror,product_type,116,4,0.8694642314741198,0.07964601769911504,0.75,0.25,0.9,0.8962583567481968,0.1415929203539823,0.75,0.25,0.8,0.9434503957255506,0.2743362831858407,1.0,0.0,0.62,0.2684735041398661
359,french molding,brand_entity_proxy,203,8,0.6251958367902537,0.05517241379310345,0.375,0.625,0.9,0.6015309362701594,0.07586206896551724,0.375,0.625,0.8,0.7529096480059927,0.2206896551724138,0.625,0.375,0.78,0.3849570924426653
360,huntsville sectional sofa,product_type,125,0,1.0,0.048,,,0.6,1.0,0.048,,,0.3,1.0,0.096,,,0.24,
361,kisner,brand_entity_proxy,98,25,1.0,0.36,0.36,0.64,0.9,1.0,0.6,0.6,0.4,0.75,0.9986599506723813,0.8,0.8,0.19999999999999996,0.4,0.7509350194751111
362,brushed gold wall decor,attribute_constraint,245,0,1.0,0.03571428571428571,,,0.8,1.0,0.06696428571428571,,,0.75,1.0,0.125,,,0.56,0.3991166564891233
363,fortunat coffee table,product_type,1380,1,0.6943559465628248,0.007246376811594203,0.0,1.0,1.0,0.7787676299523247,0.014492753623188406,0.0,1.0,1.0,0.865751383782762,0.034057971014492754,0.0,1.0,0.94,0.011592941435742523
364,croscill ashton,brand_entity_proxy,114,0,0.9363792118010483,0.17777777777777778,,,0.8,0.9248782483571284,0.3333333333333333,,,0.85,0.9229529527906966,0.4666666666666667,,,0.46,0.7626655851793976
365,gas detector,brand_entity_proxy,130,9,0.8039114005579859,0.43478260869565216,0.6666666666666666,0.33333333333333337,1.0,0.8802750027430207,0.7391304347826086,1.0,0.0,1.0,0.8837662373122364,0.8695652173913043,1.0,0.0,0.98,0.5714401445307675
366,drudge report,brand_entity_proxy,1,0,,,,,0.0,,,,,0.0,,,,,0.0,
367,wooden chair outdoor,attribute_constraint,202,42,0.7877736340270854,0.02040816326530612,0.047619047619047616,0.9523809523809523,0.4,0.7265289339708336,0.04081632653061224,0.11904761904761904,0.8809523809523809,0.4,0.7394612356351886,0.10714285714285714,0.2857142857142857,0.7142857142857143,0.42,0.48304015566203495
368,pasta tools,brand_entity_proxy,143,81,1.0,0.08333333333333333,0.12345679012345678,0.8765432098765432,1.0,1.0,0.16666666666666666,0.24691358024691357,0.7530864197530864,1.0,0.9601604017557238,0.38333333333333336,0.5308641975308642,0.4691358024691358,0.92,0.6799563172643298
369,wrought tv stand,product_type,362,2,0.5821032065260975,0.027777777777777776,0.0,1.0,1.0,0.6833800218492042,0.05555555555555555,0.0,1.0,1.0,0.798147164547621,0.1388888888888889,0.0,1.0,1.0,0.09053196135978431
370,rug for teen room,product_type,3,1,0.7579237460681981,0.0,0.0,1.0,0.0,0.7579237460681981,0.0,0.0,1.0,0.0,0.7579237460681981,0.0,0.0,1.0,0.0,-0.8660254037844387
371,milk cow chair,product_type,112,8,0.41893755976208574,0.020618556701030927,0.0,1.0,0.3,0.5674660653627298,0.030927835051546393,0.0,1.0,0.25,0.677994477098253,0.061855670103092786,0.25,0.75,0.18,0.1511976551132024
372,verden callan,brand_entity_proxy,120,1,0.8900076629240824,0.10416666666666667,1.0,0.0,0.6,0.8691609035833511,0.125,1.0,0.0,0.35,0.8122593421854296,0.14583333333333334,1.0,0.0,0.16,0.6629151090090788
373,togo chair,product_type,3233,0,1.0,0.0025493945188017845,,,0.8,1.0,0.005417463352453792,,,0.85,1.0,0.011153601019757807,,,0.7,0.26507086626997184
374,sinks bed frame,product_type,170,0,1.0,0.06382978723404255,,,0.9,0.9665625086152866,0.12056737588652482,,,0.9,0.9817480390694906,0.2765957446808511,,,0.8,0.5877861110572081
375,pastel pink desk chair,product_type,211,0,1.0,0.033816425120772944,,,0.7,1.0,0.05314009661835749,,,0.55,1.0,0.0966183574879227,,,0.4,0.20368830439828017
376,island estate coffee table,product_type,1430,3,0.8240350447649629,0.00700770847932726,0.6666666666666666,0.33333333333333337,1.0,0.862906777543564,0.01401541695865452,0.6666666666666666,0.33333333333333337,1.0,0.9097038487829988,0.0350385423966363,0.6666666666666666,0.33333333333333337,1.0,0.10528944061920012
377,glinda upholstered bench,product_type,134,0,1.0,0.07462686567164178,,,1.0,1.0,0.14925373134328357,,,1.0,1.0,0.3656716417910448,,,0.98,
378,cliffside 5 light candle style drum chandelier,multi_constraint,580,0,1.0,0.017825311942959002,,,1.0,1.0,0.035650623885918005,,,1.0,1.0,0.08912655971479501,,,1.0,0.2924618067260236
379,urban outfitters duvet,product_type,71,0,1.0,0.1267605633802817,,,0.9,1.0,0.19718309859154928,,,0.7,1.0,0.352112676056338,,,0.5,
380,gravity feeder,brand_entity_proxy,124,6,0.9671536248838882,0.2222222222222222,1.0,0.0,1.0,0.9731617010061321,0.4444444444444444,1.0,0.0,1.0,0.9190284388823458,0.7777777777777778,1.0,0.0,0.78,0.7177503241814698
381,farmhouse hood vent,style,80,0,1.0,0.125,,,1.0,1.0,0.2125,,,0.85,1.0,0.5,,,0.8,
382,counter top one cup hot water dispenser,multi_constraint,89,4,0.4700182601018591,0.18181818181818182,0.0,1.0,1.0,0.5788037469624102,0.36363636363636365,0.0,1.0,1.0,0.7602042467349048,0.8181818181818182,0.75,0.25,0.92,0.7509351021881499
383,minnestrista,brand_entity_proxy,3,0,1.0,0.0,,,0.0,1.0,0.0,,,0.0,1.0,0.0,,,0.0,
384,dining table vinyl cloth,product_type,687,20,0.955830517697074,0.16393442622950818,0.45,0.55,1.0,0.8342534870434566,0.2786885245901639,0.65,0.35,0.9,0.8671077008766951,0.4918032786885246,1.0,0.0,0.74,0.3543227692235567
385,mom urn,brand_entity_proxy,55,0,0.9216017310213247,0.3333333333333333,,,1.0,0.9138943071169685,0.5925925925925926,,,0.9,0.9680664689746844,0.7407407407407407,,,0.46,0.6850306765384846
386,alter furniture,brand_entity_proxy,298,0,1.0,0.005076142131979695,,,0.1,0.9659370277440175,0.005076142131979695,,,0.05,0.9814066183482459,0.005076142131979695,,,0.02,0.4566782643441036
387,self enclosed planters,product_type,92,0,1.0,0.10869565217391304,,,1.0,1.0,0.18478260869565216,,,0.85,1.0,0.33695652173913043,,,0.62,
388,outdoor sectional doning,product_type,64,0,1.0,0.08333333333333333,,,0.5,1.0,0.1,,,0.3,0.9862624056311926,0.26666666666666666,,,0.32,0.3668996928526713
389,brush nickel faucet bathroom,product_type,337,157,0.6400084407336407,0.006191950464396285,0.006369426751592357,0.9936305732484076,0.2,0.6245475594814835,0.021671826625386997,0.012738853503184714,0.9872611464968153,0.35,0.6638884562748371,0.04643962848297214,0.03821656050955414,0.9617834394904459,0.3,0.0677764034795286
390,cushion replacement insert,product_type,61,0,1.0,0.14754098360655737,,,0.9,1.0,0.19672131147540983,,,0.6,1.0,0.2459016393442623,,,0.3,
391,"writing desk 48""",attribute_constraint,229,8,0.3649302102017378,0.03056768558951965,0.0,1.0,0.7,0.5071682992296993,0.0611353711790393,0.125,0.875,0.7,0.6831227437574373,0.13537117903930132,0.25,0.75,0.62,0.11008789754422028
392,china clock,brand_entity_proxy,368,0,1.0,0.028985507246376812,,,1.0,1.0,0.057971014492753624,,,1.0,1.0,0.14492753623188406,,,1.0,0.4080627776502265
393,propane gas dryer,product_type,96,0,1.0,0.13333333333333333,,,1.0,1.0,0.26666666666666666,,,1.0,0.970657382511805,0.6266666666666667,,,0.98,0.5069294776244554
394,gray leather cocktail table,attribute_constraint,117,0,0.8553475075669357,0.02912621359223301,,,0.3,0.7978421061004469,0.038834951456310676,,,0.2,0.8420656658411013,0.06796116504854369,,,0.16,-0.07173412775550446
395,pantry grey,attribute_constraint,74,0,0.769526190239283,0.125,,,0.2,0.6954940276460662,0.1875,,,0.15,0.7944227402974833,0.3125,,,0.12,0.33502797068771295
396,alyse 8 light,attribute_constraint,136,1,0.6943559465628248,0.06818181818181818,0.0,1.0,0.9,0.7787676299523247,0.09848484848484848,0.0,1.0,0.65,0.8928493443411224,0.16666666666666666,0.0,1.0,0.44,0.20314488837286765
397,maryford queen tufted bed,attribute_constraint,493,0,1.0,0.020366598778004074,,,1.0,1.0,0.04073319755600815,,,1.0,1.0,0.09572301425661914,,,0.94,0.07377084383978708
398,super bright lights,product_type,107,19,0.955830517697074,0.07228915662650602,0.3157894736842105,0.6842105263157895,0.6,0.8248529454542443,0.12048192771084337,0.47368421052631576,0.5263157894736843,0.5,0.9053401736367257,0.1566265060240964,0.5263157894736842,0.4736842105263158,0.26,0.698040599856853
399,12v dirt bike,attribute_constraint,85,0,1.0,0.14705882352941177,,,1.0,1.0,0.27941176470588236,,,0.95,0.9719997195965543,0.5147058823529411,,,0.7,0.5346353810130783
400,small ladies rocker swivel recliner,multi_constraint,24,0,1.0,0.0,,,0.0,1.0,0.041666666666666664,,,0.05,1.0,0.16666666666666666,,,0.08,
401,glass lsmp shades,product_type,55,18,0.7540962185742315,0.16666666666666666,0.3888888888888889,0.6111111111111112,0.9,0.7039864712601868,0.3148148148148148,0.5,0.5,0.85,0.8915101678955719,0.5185185185185185,0.6666666666666666,0.33333333333333337,0.56,0.37313575703443597
402,modern farmhouse lighting semi flush mount,style,251,7,0.5010881176720028,0.04424778761061947,0.2857142857142857,0.7142857142857143,1.0,0.6209835873653007,0.08849557522123894,0.42857142857142855,0.5714285714285714,1.0,0.7693130334158048,0.22123893805309736,0.7142857142857143,0.2857142857142857,1.0,0.4958615457510347
403,wood rack wide,attribute_constraint,149,31,0.5534250996314135,0.024193548387096774,0.06451612903225806,0.935483870967742,0.3,0.532848581988221,0.056451612903225805,0.06451612903225806,0.935483870967742,0.35,0.6474437766306311,0.06451612903225806,0.06451612903225806,0.935483870967742,0.16,0.18492045666541035
404,large cushion outdoor chair,attribute_constraint,564,4,0.4700182601018591,0.019157088122605363,0.0,1.0,1.0,0.5788037469624102,0.03639846743295019,0.0,1.0,0.95,0.7768944204946895,0.0842911877394636,0.5,0.5,0.88,0.3370679759640609
405,queen ann style living room chair,multi_constraint,446,0,1.0,0.02608695652173913,,,0.9,1.0,0.04057971014492753,,,0.7,1.0,0.08405797101449275,,,0.58,0.6597721106008231
406,refrigerator with ice an water in door,multi_constraint,98,22,0.7162247929657479,0.12987012987012986,0.22727272727272727,0.7727272727272727,1.0,0.6503104553890223,0.2597402597402597,0.36363636363636365,0.6363636363636364,1.0,0.8148183966925614,0.6233766233766234,0.7727272727272727,0.2272727272727273,0.98,0.5433755156862813
407,huge bookcase,product_type,331,11,0.3333333333333333,0.030211480362537766,0.0,1.0,1.0,0.4219450531779068,0.06042296072507553,0.0,1.0,1.0,0.6262256822343407,0.1510574018126888,0.2727272727272727,0.7272727272727273,1.0,0.04551064446187134
408,girl reading statue,product_type,102,31,1.0,0.09803921568627451,0.3225806451612903,0.6774193548387097,1.0,1.0,0.19607843137254902,0.6451612903225806,0.3548387096774194,1.0,0.9940866926860326,0.4803921568627451,1.0,0.0,0.98,0.7561531171420429
409,teal chair,product_type,3393,40,0.3333333333333333,0.00261437908496732,0.0,1.0,0.8,0.35974737803721046,0.004575163398692811,0.025,0.975,0.7,0.38555910512588004,0.012745098039215686,0.05,0.95,0.78,0.22817238810127982
410,pool floats,brand_entity_proxy,281,58,0.9432379215722527,0.10416666666666667,0.15517241379310345,0.8448275862068966,1.0,0.8936716399039287,0.20833333333333334,0.27586206896551724,0.7241379310344828,1.0,0.8689401544101036,0.4791666666666667,0.6206896551724138,0.3793103448275862,0.94,0.6909600253085636
411,outdoor clock,brand_entity_proxy,1566,85,1.0,0.02865329512893983,0.11764705882352941,0.8823529411764706,1.0,1.0,0.05730659025787966,0.23529411764705882,0.7647058823529411,1.0,0.9057710650392851,0.14040114613180515,0.4823529411764706,0.5176470588235293,1.0,0.6943195545818507
412,jennie tufted upholstered low profile platform bed,multi_constraint,1090,1,1.0,0.008620689655172414,1.0,0.0,0.9,1.0,0.014367816091954023,1.0,0.0,0.75,1.0,0.04118773946360153,1.0,0.0,0.86,0.3439437610244158
413,burruss patio sectional with cushions,multi_constraint,599,1,0.8871958738785231,0.016042780748663103,1.0,0.0,0.9,0.9183497146685337,0.030303030303030304,1.0,0.0,0.85,0.9504528301300131,0.08377896613190731,1.0,0.0,0.94,0.2517177583889515
414,shower hooks,brand_entity_proxy,914,165,1.0,0.02666666666666667,0.06060606060606061,0.9393939393939394,1.0,1.0,0.05333333333333334,0.12121212121212122,0.8787878787878788,1.0,0.9851168632159072,0.13066666666666665,0.296969696969697,0.703030303030303,1.0,0.8125509942534608
415,toilet paper stand,product_type,151,75,1.0,0.08130081300813008,0.13333333333333333,0.8666666666666667,1.0,0.9784411392344535,0.16260162601626016,0.25333333333333335,0.7466666666666666,1.0,0.968424202594912,0.4065040650406504,0.6266666666666667,0.3733333333333333,1.0,0.7650670096384751
416,wayfair coffee table,product_type,1447,0,1.0,0.00693000693000693,,,1.0,1.0,0.01386001386001386,,,1.0,1.0,0.03465003465003465,,,1.0,0.08826167055835228
417,twin bed frame,attribute_constraint,567,188,0.6810523218080484,0.017793594306049824,0.031914893617021274,0.9680851063829787,1.0,0.7448984839119406,0.03558718861209965,0.07446808510638298,0.925531914893617,1.0,0.7474516507930098,0.08185053380782918,0.1595744680851064,0.8404255319148937,0.92,0.3541438666991148
418,writing desk,product_type,1123,608,1.0,0.01002004008016032,0.01644736842105263,0.9835526315789473,1.0,1.0,0.02004008016032064,0.03289473684210526,0.9671052631578947,1.0,1.0,0.050100200400801605,0.08223684210526316,0.9177631578947368,1.0,0.7255899746131952
419,living room ideas,product_type,21,16,0.9510907186004265,0.0,0.0,1.0,0.0,0.95513537188906,0.0,0.0,1.0,0.0,0.9786790294034442,0.047619047619047616,0.0625,0.9375,0.02,0.16617351282209922
420,tile backsplash,brand_entity_proxy,1013,766,1.0,0.010101010101010102,0.013054830287206266,0.9869451697127938,1.0,1.0,0.020202020202020204,0.02610966057441253,0.9738903394255874,1.0,1.0,0.050505050505050504,0.06527415143603134,0.9347258485639687,1.0,0.3837746237563651
421,dining room tables,product_type,758,649,1.0,0.0125,0.01386748844375963,0.9861325115562404,0.9,1.0,0.022222222222222223,0.02465331278890601,0.975346687211094,0.8,1.0,0.05416666666666667,0.060092449922958396,0.9399075500770416,0.78,0.39814625901811423
422,ergonomic chair,product_type,3328,428,1.0,0.0032637075718015664,0.02336448598130841,0.9766355140186916,1.0,1.0,0.006527415143603133,0.04672897196261682,0.9532710280373832,1.0,0.9610655426527352,0.016318537859007835,0.10747663551401869,0.8925233644859814,1.0,0.5863400224224019
423,wall shelves,brand_entity_proxy,3034,285,1.0,0.02386634844868735,0.03508771929824561,0.9649122807017544,1.0,1.0,0.045346062052505964,0.06666666666666667,0.9333333333333333,0.95,1.0,0.11694510739856802,0.17192982456140352,0.8280701754385965,0.98,0.5696273634879533
424,wayfair comforters,brand_entity_proxy,618,4,1.0,0.027932960893854747,1.0,0.0,1.0,0.9794466732103375,0.05307262569832402,1.0,0.0,1.0,0.975836504935871,0.12849162011173185,1.0,0.0,0.96,0.7349361252310987
425,side table with storage,product_type,742,56,0.6253928505900115,0.012517385257301807,0.08928571428571429,0.9107142857142857,0.9,0.5722799352656516,0.02364394993045897,0.125,0.875,0.85,0.4942128187895149,0.05702364394993046,0.17857142857142858,0.8214285714285714,0.86,0.26177819469349306
426,outdoor storage,product_type,3254,223,1.0,0.008169934640522876,0.04484304932735426,0.9551569506726457,1.0,1.0,0.016339869281045753,0.08968609865470852,0.9103139013452914,1.0,1.0,0.04084967320261438,0.2242152466367713,0.7757847533632287,1.0,0.5180562495249978
427,lowes tile,brand_entity_proxy,1125,0,1.0,0.012779552715654952,,,0.8,1.0,0.019169329073482427,,,0.6,0.9850030692922281,0.054313099041533544,,,0.7,0.847520754704035
428,kitchen storage cabinet,product_type,537,66,0.618923621405608,0.012658227848101266,0.030303030303030304,0.9696969696969697,0.6,0.6406664563882878,0.023206751054852322,0.06060606060606061,0.9393939393939394,0.55,0.6011972231557102,0.06751054852320675,0.19696969696969696,0.803030303030303,0.64,0.3162072892241074
429,gray dresser,attribute_constraint,860,94,0.7451759994408317,0.01949317738791423,0.05319148936170213,0.9468085106382979,1.0,0.6944088695668056,0.03313840155945419,0.0851063829787234,0.9148936170212766,0.85,0.6513995857091786,0.07992202729044834,0.20212765957446807,0.7978723404255319,0.84,0.7205646339274113
430,30 inch bathroom vanity,attribute_constraint,662,98,1.0,0.015772870662460567,0.10204081632653061,0.8979591836734694,1.0,0.9744102412230782,0.031545741324921134,0.19387755102040816,0.8061224489795918,1.0,0.8966091129778887,0.07886435331230283,0.40816326530612246,0.5918367346938775,1.0,0.6124465704605504
431,shoe bench entryway,product_type,160,75,1.0,0.06493506493506493,0.13333333333333333,0.8666666666666667,1.0,1.0,0.12987012987012986,0.26666666666666666,0.7333333333333334,1.0,0.8935605098728594,0.2727272727272727,0.48,0.52,0.9,0.573117705677419
432,butcher block island,product_type,176,42,0.8990684392693267,0.05747126436781609,0.19047619047619047,0.8095238095238095,1.0,0.8887145605712443,0.11494252873563218,0.38095238095238093,0.6190476190476191,1.0,0.8519557598041518,0.28160919540229884,0.7380952380952381,0.26190476190476186,0.98,0.5864021801364528
433,trundle daybed,brand_entity_proxy,273,113,1.0,0.04132231404958678,0.08849557522123894,0.911504424778761,1.0,1.0,0.08264462809917356,0.17699115044247787,0.8230088495575221,1.0,1.0,0.2066115702479339,0.4424778761061947,0.5575221238938053,1.0,0.7727311819865217
434,bathroom lighting,brand_entity_proxy,3530,226,1.0,0.007288629737609329,0.04424778761061947,0.9557522123893806,1.0,0.9784411392344535,0.014577259475218658,0.084070796460177,0.915929203539823,1.0,0.977361387117252,0.03644314868804665,0.21238938053097345,0.7876106194690266,1.0,0.5265731584570176
435,shoe closet,brand_entity_proxy,443,47,0.38559884598578353,0.028169014084507043,0.02127659574468085,0.9787234042553191,1.0,0.4616449242466649,0.056338028169014086,0.10638297872340426,0.8936170212765957,1.0,0.48723825597620285,0.14084507042253522,0.2553191489361702,0.7446808510638299,1.0,0.599989040868362
436,full bed with trundle,product_type,214,46,0.797893645217303,0.019230769230769232,0.08695652173913043,0.9130434782608696,0.4,0.6816898968635209,0.028846153846153848,0.08695652173913043,0.9130434782608696,0.3,0.629072657774174,0.10576923076923077,0.17391304347826086,0.8260869565217391,0.44,0.22759759984503436
437,kitchen islands with seating,product_type,195,47,0.8066817565598587,0.055865921787709494,0.14893617021276595,0.851063829787234,1.0,0.8282925443257552,0.11173184357541899,0.3191489361702128,0.6808510638297872,1.0,0.8113746911677949,0.2681564245810056,0.7021276595744681,0.2978723404255319,0.96,0.6710456095857663
438,indoor water fountain,product_type,156,101,1.0,0.06451612903225806,0.09900990099009901,0.900990099009901,1.0,1.0,0.12903225806451613,0.19801980198019803,0.801980198019802,1.0,0.9807168890806273,0.3032258064516129,0.45544554455445546,0.5445544554455446,0.94,0.4544918239297754
439,parsons chairs,brand_entity_proxy,3276,216,1.0,0.004111842105263158,0.046296296296296294,0.9537037037037037,1.0,0.9772913518293451,0.008223684210526315,0.08796296296296297,0.912037037037037,1.0,0.9876044122321641,0.02055921052631579,0.22685185185185186,0.7731481481481481,1.0,0.4451901359839512
440,wood bar stools,attribute_constraint,777,255,0.7357387513989938,0.01310615989515072,0.027450980392156862,0.9725490196078431,1.0,0.7320473195054226,0.02621231979030144,0.050980392156862744,0.9490196078431372,1.0,0.730620748967655,0.06422018348623854,0.12156862745098039,0.8784313725490196,0.98,0.35836598953210697
441,desk for kids,product_type,1385,78,1.0,0.00802407221664995,0.10256410256410256,0.8974358974358975,0.8,0.9784411392344535,0.01805416248746239,0.23076923076923078,0.7692307692307692,0.9,0.9160177807856689,0.03510531594784353,0.4358974358974359,0.5641025641025641,0.72,0.2055363059244429
442,above toilet cabinet,product_type,1137,70,1.0,0.02444987775061125,0.14285714285714285,0.8571428571428572,1.0,1.0,0.0488997555012225,0.2857142857142857,0.7142857142857143,1.0,0.9612067219414475,0.12224938875305623,0.6571428571428571,0.34285714285714286,1.0,0.5225485957131303
443,patio design,brand_entity_proxy,409,352,1.0,0.008426966292134831,0.008522727272727272,0.9914772727272727,0.3,1.0,0.011235955056179775,0.011363636363636364,0.9886363636363636,0.2,0.975472359146146,0.025280898876404494,0.02556818181818182,0.9744318181818182,0.18,0.4796029196047475
444,outdoor lounge chair,product_type,364,114,0.911298659909514,0.031746031746031744,0.07017543859649122,0.9298245614035088,1.0,0.9204633904178172,0.05714285714285714,0.13157894736842105,0.868421052631579,0.9,0.8585897863273202,0.12063492063492064,0.2631578947368421,0.736842105263158,0.78,0.5092151097952945
445,chaise lounge couch,product_type,350,170,1.0,0.027777777777777776,0.052941176470588235,0.9470588235294117,0.9,0.9549996909062027,0.05864197530864197,0.1,0.9,0.95,0.9433282052085971,0.14814814814814814,0.2529411764705882,0.7470588235294118,0.96,0.6826325371271151
446,card table,product_type,4326,57,0.9432379215722527,0.002861230329041488,0.15789473684210525,0.8421052631578947,1.0,0.9633676079520094,0.005722460658082976,0.3333333333333333,0.6666666666666667,1.0,0.9160531442328648,0.01402002861230329,0.7543859649122807,0.24561403508771928,1.0,0.23539635524344968
447,tall buffet cabinet,attribute_constraint,212,3,0.5159958223394444,0.019230769230769232,0.0,1.0,0.4,0.6229152997582164,0.057692307692307696,0.0,1.0,0.6,0.7740073295510181,0.16826923076923078,0.0,1.0,0.7,0.2096090177544773
448,bed side table,product_type,203,81,0.5266515767734745,0.005050505050505051,0.0,1.0,0.1,0.4812613973104768,0.005050505050505051,0.0,1.0,0.05,0.4644369156103762,0.020202020202020204,0.024691358024691357,0.9753086419753086,0.08,-0.30383421125834315
449,living room designs,product_type,172,164,1.0,0.024242424242424242,0.024390243902439025,0.975609756097561,0.4,0.9665625086152865,0.048484848484848485,0.04878048780487805,0.9512195121951219,0.4,0.9817480390694906,0.07272727272727272,0.07317073170731707,0.926829268292683,0.24,0.09276884910346393
451,aiden black velvet bed,attribute_constraint,111,0,0.5875502863571092,0.009900990099009901,,,0.3,0.6601553835782414,0.019801980198019802,,,0.25,0.7846983338843456,0.0297029702970297,,,0.14,-0.28478858654330075
452,day bed indian,product_type,105,0,1.0,0.06666666666666667,,,0.7,1.0,0.14285714285714285,,,0.75,1.0,0.3142857142857143,,,0.66,
453,midcentury tv unit,product_type,118,25,0.7516061639261181,0.05084745762711865,0.16,0.84,0.6,0.7917218231697819,0.06779661016949153,0.16,0.84,0.4,0.843536027340469,0.15254237288135594,0.48,0.52,0.36,0.34004462174316896
454,carpet 5x6,attribute_constraint,110,0,1.0,0.05,,,0.4,0.9347967382841031,0.0625,,,0.25,0.8142496395298846,0.15,,,0.24,0.1664983859928567
455,deer coat hooks,product_type,110,2,0.6812273701117302,0.08256880733944955,0.5,0.5,0.9,0.7584815564836375,0.1651376146788991,0.5,0.5,0.9,0.8460261954329223,0.42201834862385323,0.5,0.5,0.92,0.1550066365043468
456,wall design shelf,product_type,221,76,0.7448559741076545,0.05128205128205128,0.06578947368421052,0.9342105263157895,1.0,0.714764495550984,0.09743589743589744,0.11842105263157894,0.881578947368421,0.95,0.7364091377507482,0.24102564102564103,0.35526315789473684,0.6447368421052632,0.94,0.5022425732203395
457,5 gang light switch,attribute_constraint,329,0,1.0,0.057803468208092484,,,1.0,1.0,0.11560693641618497,,,1.0,1.0,0.28901734104046245,,,1.0,0.7903962963148351
458,bubble guppies chair,product_type,120,0,0.9216017310213247,0.042105263157894736,,,0.4,0.8836285344923497,0.08421052631578947,,,0.45,0.8771476464224729,0.10526315789473684,,,0.22,0.2615311106296413
459,tye dye duvet cover,product_type,205,19,1.0,0.024390243902439025,0.2631578947368421,0.736842105263158,0.5,0.9217464704648571,0.06341463414634146,0.5789473684210527,0.42105263157894735,0.65,0.9721757222744098,0.17073170731707318,0.9473684210526315,0.052631578947368474,0.7,0.469874103505715
460,small wardrobe grey,attribute_constraint,111,7,0.38441023776109734,0.08333333333333333,0.0,1.0,0.7,0.5322535214106058,0.10714285714285714,0.0,1.0,0.45,0.6482012622347012,0.15476190476190477,0.2857142857142857,0.7142857142857143,0.28,0.3454712386050651
461,luau string lights,product_type,61,4,1.0,0.1724137931034483,1.0,0.0,1.0,1.0,0.3103448275862069,1.0,0.0,0.9,0.9900642153604957,0.5,1.0,0.0,0.58,0.5095305793060814
462,large bases,attribute_constraint,2,0,1.0,0.0,,,0.0,1.0,0.0,,,0.0,1.0,0.0,,,0.0,0.9999999999999999
463,bistro sets patio,product_type,274,139,1.0,0.04784688995215311,0.07194244604316546,0.9280575539568345,1.0,1.0,0.09569377990430622,0.14388489208633093,0.8561151079136691,1.0,1.0,0.23923444976076555,0.3597122302158273,0.6402877697841727,1.0,0.8855428478586493
464,cake cutlery,brand_entity_proxy,157,85,1.0,0.10869565217391304,0.11764705882352941,0.8823529411764706,1.0,1.0,0.21739130434782608,0.23529411764705882,0.7647058823529411,1.0,0.9412240511879724,0.5,0.5411764705882353,0.45882352941176474,1.0,0.5703440067418502
465,white abstract,attribute_constraint,2,1,0.7967075809905066,0.0,0.0,1.0,0.0,0.7967075809905066,0.0,0.0,1.0,0.0,0.7967075809905066,0.0,0.0,1.0,0.0,-0.9999999999999999
466,rock climbing wall kids,product_type,93,1,0.6943559465628248,0.30303030303030304,0.0,1.0,1.0,0.7531734547149598,0.5454545454545454,0.0,1.0,0.95,0.787248601589233,0.8787878787878788,0.0,1.0,0.7,0.7129695873446615
467,town & country living curtains,product_type,150,0,1.0,0.02666666666666667,,,0.4,1.0,0.04666666666666667,,,0.35,1.0,0.16,,,0.48,
468,glow in the dark silent wall clock,multi_constraint,294,4,0.780359707276365,0.035211267605633804,0.5,0.5,1.0,0.8698780132302006,0.07042253521126761,0.75,0.25,1.0,0.9121724035072913,0.176056338028169,0.75,0.25,1.0,0.31601655420891167
469,garage sports storage rack,product_type,161,64,0.9575861412006988,0.06369426751592357,0.140625,0.859375,1.0,0.924654574939317,0.12738853503184713,0.265625,0.734375,1.0,0.8307922573658378,0.3184713375796178,0.53125,0.46875,1.0,0.5931208245062521
470,elephant framed,brand_entity_proxy,638,45,1.0,0.03508771929824561,0.2222222222222222,0.7777777777777778,1.0,1.0,0.07017543859649122,0.4444444444444444,0.5555555555555556,1.0,0.9489893388025941,0.1649122807017544,0.8888888888888888,0.11111111111111116,0.94,0.8091676298458114
471,adjustable height artist stool,product_type,310,1,0.8871958738785231,0.04950495049504951,1.0,0.0,1.0,0.9183497146685337,0.09900990099009901,1.0,0.0,1.0,0.9504528301300131,0.24752475247524752,1.0,0.0,1.0,0.7530953709965105
472,window wall accent,product_type,108,47,1.0,0.09,0.19148936170212766,0.8085106382978724,0.9,0.9768332182007543,0.15,0.3191489361702128,0.6808510638297872,0.75,0.9070017743920156,0.27,0.5106382978723404,0.4893617021276596,0.54,0.7062118315022524
473,chair pillow cushion,product_type,286,126,0.933745776545611,0.026022304832713755,0.05555555555555555,0.9444444444444444,0.7,0.9572416874849684,0.055762081784386616,0.11904761904761904,0.8809523809523809,0.8,0.9628513320679518,0.12639405204460966,0.2698412698412698,0.7301587301587302,0.7,0.6305330051906016
474,48 inch bathroom vanity with trough sink,multi_constraint,784,0,1.0,0.014104372355430184,,,1.0,1.0,0.028208744710860368,,,1.0,1.0,0.0691114245416079,,,0.98,0.49452007706178736
475,rattan truck,brand_entity_proxy,70,0,1.0,0.24242424242424243,,,0.8,1.0,0.3939393939393939,,,0.65,0.9925619447715386,0.5151515151515151,,,0.34,0.8066270832188163
476,hardwood beds,brand_entity_proxy,2224,639,0.8990684392693267,0.003711558854718982,0.009389671361502348,0.9906103286384976,0.7,0.8861055256991542,0.009013785790031814,0.02034428794992175,0.9796557120500783,0.85,0.8388395042702524,0.024390243902439025,0.051643192488262914,0.9483568075117371,0.92,0.5072895015922803
478,worn leather office chair,attribute_constraint,445,1,0.6943559465628248,0.02112676056338028,0.0,1.0,0.9,0.7787676299523247,0.03755868544600939,0.0,1.0,0.8,0.8895380664520446,0.07746478873239436,0.0,1.0,0.66,0.1691513266053913
479,garage door mail slot,product_type,83,0,1.0,0.18181818181818182,,,1.0,1.0,0.36363636363636365,,,1.0,0.9851168632159073,0.8363636363636363,,,0.94,0.7934554012812218
480,pictures to hang over fireplace,multi_constraint,3,0,1.0,0.3333333333333333,,,0.1,1.0,0.6666666666666666,,,0.1,1.0,0.6666666666666666,,,0.04,
481,emma headboard,brand_entity_proxy,219,1,0.6943559465628248,0.03317535545023697,0.0,1.0,0.7,0.7787676299523247,0.07582938388625593,0.0,1.0,0.8,0.865751383782762,0.1895734597156398,0.0,1.0,0.8,0.21598073138469556
482,48 inch kitchen hood,attribute_constraint,104,12,0.6460000622137831,0.10101010101010101,0.25,0.75,1.0,0.8045771503441499,0.20202020202020202,0.6666666666666666,0.33333333333333337,1.0,0.8733202576545825,0.5050505050505051,0.75,0.25,1.0,0.46442655986400755
483,rustic twig,style,248,4,0.5591227842996138,0.04784688995215311,0.25,0.75,1.0,0.6266856132016914,0.0861244019138756,0.25,0.75,0.95,0.7571974216506282,0.18181818181818182,0.5,0.5,0.8,0.38403362648196765
484,nespresso vertuo next premium by breville with aeroccino,long_descriptive,53,0,1.0,0.38461538461538464,,,1.0,0.9013592468993897,0.6538461538461539,,,0.85,0.9714142380863612,0.6538461538461539,,,0.4,0.5699483426615537
485,pedistole sink,brand_entity_proxy,255,0,1.0,0.0,,,0.0,1.0,0.013157894736842105,,,0.1,0.9860416298881254,0.09210526315789473,,,0.28,0.5846542127652965
486,54 in bench cushion,attribute_constraint,87,0,1.0,0.11494252873563218,,,1.0,1.0,0.1839080459770115,,,0.8,1.0,0.3448275862068966,,,0.6,
487,rack glass,brand_entity_proxy,946,2,0.5737705483612581,0.0,0.0,1.0,0.0,0.555141317041273,0.002304147465437788,0.0,1.0,0.05,0.5347175993088887,0.016129032258064516,0.5,0.5,0.16,0.06580176629381682
