query_id,query,query_type,n_judged,n_highest,cNDCG@10,RelevantRecall@10,HighestRecall@10,RelevantHidden@10,JudgedCoverage@10,cNDCG@20,RelevantRecall@20,HighestRecall@20,RelevantHidden@20,JudgedCoverage@20,cNDCG@50,RelevantRecall@50,HighestRecall@50,RelevantHidden@50,JudgedCoverage@50,RelevanceVisibilitySpearman
0,salon chair,product_type,3301,39,0.5224750363313546,0.003316749585406302,0.05128205128205128,0.9487179487179487,1.0,0.5028035198053027,0.006633499170812604,0.10256410256410256,0.8974358974358975,1.0,0.5247417032839405,0.01625207296849088,0.23076923076923078,0.7692307692307692,1.0,0.40137394810717214
1,smart coffee table,product_type,1436,8,0.5255664792793981,0.007052186177715092,0.125,0.875,1.0,0.6048136069557486,0.014104372355430184,0.125,0.875,1.0,0.716076660716058,0.03455571227080395,0.125,0.875,0.98,0.09357760322764687
2,dinosaur,brand_entity_proxy,165,151,0.9074250374176304,0.056962025316455694,0.052980132450331126,0.9470198675496688,0.9,0.9402551418644377,0.12025316455696203,0.11920529801324503,0.880794701986755,0.95,0.9574659881391984,0.310126582278481,0.31125827814569534,0.6887417218543046,0.98,0.23438213146729375
3,turquoise pillows,brand_entity_proxy,997,55,0.8590331472570637,0.012953367875647668,0.12727272727272726,0.8727272727272728,1.0,0.6948944892543188,0.02461139896373057,0.14545454545454545,0.8545454545454545,0.95,0.5727587512389161,0.06217616580310881,0.21818181818181817,0.7818181818181819,0.96,0.5209666772047682
4,chair and a half recliner,multi_constraint,239,23,0.3333333333333333,0.02631578947368421,0.0,1.0,0.5,0.3798625195821683,0.05263157894736842,0.0,1.0,0.5,0.5607798779653809,0.12631578947368421,0.13043478260869565,0.8695652173913043,0.48,0.5368036031289418
5,sofa with ottoman,product_type,1344,179,0.8101238658574904,0.007639419404125287,0.0335195530726257,0.9664804469273743,1.0,0.8309309565237896,0.015278838808250574,0.0782122905027933,0.9217877094972067,1.0,0.8670220349888906,0.03819709702062643,0.22346368715083798,0.776536312849162,1.0,0.493543535911722
6,acrylic clear chair,attribute_constraint,109,43,1.0,0.10101010101010101,0.23255813953488372,0.7674418604651163,1.0,0.9561494783113111,0.16161616161616163,0.37209302325581395,0.627906976744186,0.8,0.887297688030288,0.20202020202020202,0.4186046511627907,0.5813953488372092,0.4,0.6538142286719899
7,driftwood mirror,product_type,603,23,0.867129177606588,0.018691588785046728,0.30434782608695654,0.6956521739130435,1.0,0.7743547419703706,0.037383177570093455,0.4782608695652174,0.5217391304347826,1.0,0.8055830151208702,0.09158878504672897,0.5652173913043478,0.4347826086956522,1.0,0.41094706980272466
8,home sweet home sign,product_type,105,25,0.9053206285482486,0.10638297872340426,0.32,0.6799999999999999,1.0,0.8727195357777432,0.2127659574468085,0.6,0.4,1.0,0.947076547832663,0.44680851063829785,0.88,0.12,0.84,0.6270282372787408
9,coffee table fire pit,product_type,1516,74,1.0,0.005298013245033113,0.10810810810810811,0.8918918918918919,0.8,0.9547677992955106,0.009271523178807948,0.1891891891891892,0.8108108108108107,0.7,0.8064588139537819,0.027152317880794703,0.3783783783783784,0.6216216216216216,0.82,0.32272828177288987
10,king poster bed,attribute_constraint,177,21,0.8013151345851657,0.056818181818181816,0.2857142857142857,0.7142857142857143,1.0,0.7742835834603496,0.11363636363636363,0.5714285714285714,0.4285714285714286,1.0,0.9288523189566728,0.2727272727272727,0.9523809523809523,0.04761904761904767,0.96,0.4899129706989219
11,ombre rug,product_type,1428,65,1.0,0.007042253521126761,0.15384615384615385,0.8461538461538461,1.0,1.0,0.014084507042253521,0.3076923076923077,0.6923076923076923,1.0,0.9242456020698281,0.035211267605633804,0.6461538461538462,0.3538461538461538,1.0,0.3378837720355549
12,large spoon and fork wall decor,multi_constraint,225,27,0.7940852808404051,0.05113636363636364,0.18518518518518517,0.8148148148148149,0.9,0.7727979163105249,0.10795454545454546,0.4444444444444444,0.5555555555555556,0.95,0.8701615650546005,0.26136363636363635,0.8148148148148148,0.18518518518518523,0.92,0.5271712027944798
13,outdoor privacy wall,product_type,122,46,1.0,0.17543859649122806,0.21739130434782608,0.782608695652174,1.0,1.0,0.3157894736842105,0.391304347826087,0.6086956521739131,0.9,0.9822089710364316,0.7894736842105263,0.9347826086956522,0.06521739130434778,0.9,0.8585813122078197
14,beds that have leds,product_type,2692,20,0.8439854369609956,0.005092297899427116,0.35,0.65,0.9,0.6132934889972718,0.008911521323997454,0.35,0.65,0.95,0.6035968086028844,0.01782304264799491,0.4,0.6,0.92,0.2619178369212218
15,black 5 drawer dresser by guilford,multi_constraint,613,2,0.8383354523103075,0.016722408026755852,0.5,0.5,1.0,0.8775146726258255,0.033444816053511704,0.5,0.5,1.0,0.9454963546791564,0.08193979933110368,1.0,0.0,0.98,0.23237064965901436
16,blk 18x18 seat cushions,attribute_constraint,493,4,0.35206981515947094,0.011278195488721804,0.0,1.0,0.6,0.4018983189736011,0.03007518796992481,0.25,0.75,0.65,0.47831694835554806,0.07142857142857142,0.5,0.5,0.66,0.07259311425036932
17,closet storage with zipper,product_type,103,21,0.3965255762463672,0.0970873786407767,0.047619047619047616,0.9523809523809523,1.0,0.42337864230121947,0.1941747572815534,0.14285714285714285,0.8571428571428572,1.0,0.6679875866627351,0.36893203883495146,0.38095238095238093,0.6190476190476191,0.76,0.1069870530658005
18,chrome bathroom 4 light vanity light,multi_constraint,1053,34,0.8437289933844668,0.0364963503649635,0.20588235294117646,0.7941176470588236,1.0,0.8436427218718018,0.06934306569343066,0.4411764705882353,0.5588235294117647,1.0,0.8426277632501711,0.17518248175182483,0.7058823529411765,0.2941176470588235,0.98,0.5660556727061388
19,gurney  slade 56,attribute_constraint,14,0,0.8454256604216018,0.1,,,0.1,0.9612371069292042,0.2,,,0.1,0.9612371069292042,0.2,,,0.04,0.27456258919345766
20,foutains with brick look,product_type,94,12,0.3139645322267097,0.022222222222222223,0.0,1.0,0.3,0.3794578642676708,0.022222222222222223,0.0,1.0,0.2,0.6045529746214665,0.07777777777777778,0.08333333333333333,0.9166666666666666,0.18,-0.17955904259563646
21,living curtains pearl,product_type,127,1,0.6943559465628248,0.05511811023622047,0.0,1.0,0.7,0.7787676299523247,0.07086614173228346,0.0,1.0,0.45,0.865751383782762,0.2125984251968504,0.0,1.0,0.54,-0.10692217131196413
22,light and navy blue decorative pillow,multi_constraint,251,22,0.47481757731527635,0.03571428571428571,0.09090909090909091,0.9090909090909091,0.7,0.4751035704087047,0.07142857142857142,0.18181818181818182,0.8181818181818181,0.7,0.596016873215455,0.14795918367346939,0.18181818181818182,0.8181818181818181,0.58,0.5901094740458337
23,stoneford end tables white and wood,multi_constraint,1266,0,1.0,0.006514657980456026,,,0.8,1.0,0.011400651465798045,,,0.7,1.0,0.029315960912052116,,,0.72,0.22961063828844697
24,wood coffee table set by storage,multi_constraint,2559,84,0.6613374802049091,0.004764173415912339,0.047619047619047616,0.9523809523809523,1.0,0.5669264802620925,0.009528346831824679,0.05952380952380952,0.9404761904761905,1.0,0.4826113937019752,0.023820867079561697,0.08333333333333333,0.9166666666666666,1.0,0.5699693890451847
25,sunflower,brand_entity_proxy,242,227,1.0,0.04329004329004329,0.04405286343612335,0.9559471365638766,1.0,1.0,0.08658008658008658,0.0881057268722467,0.9118942731277533,1.0,1.0,0.21645021645021645,0.22026431718061673,0.7797356828193833,1.0,0.30584254876525174
26,leather chairs,attribute_constraint,3746,876,0.8302010829452636,0.0030422878004259203,0.007990867579908675,0.9920091324200914,1.0,0.822983032393568,0.0060845756008518406,0.01598173515981735,0.9840182648401826,1.0,0.8557199378283971,0.014602981442044418,0.04452054794520548,0.9554794520547946,0.96,0.5336529917939207
27,outdoor welcome rug,product_type,344,100,0.6447482398302881,0.029239766081871343,0.04,0.96,1.0,0.6286652393891956,0.05847953216374269,0.08,0.92,1.0,0.6168920435378635,0.11988304093567251,0.16,0.84,0.82,0.2916126203501331
28,rooster decor,brand_entity_proxy,725,175,1.0,0.03333333333333333,0.05714285714285714,0.9428571428571428,1.0,1.0,0.06666666666666667,0.11428571428571428,0.8857142857142857,1.0,1.0,0.16666666666666666,0.2857142857142857,0.7142857142857143,1.0,0.691981998394802
29,bathroom vanity knobs,product_type,802,138,0.0,0.0,0.0,1.0,1.0,0.0,0.0,0.0,1.0,1.0,0.0,0.0,0.0,1.0,0.98,-0.5862696895594542
30,3 1/2 inch drawer pull,multi_constraint,549,88,0.5294616567547649,0.029411764705882353,0.045454545454545456,0.9545454545454546,1.0,0.6030055828950296,0.058823529411764705,0.11363636363636363,0.8863636363636364,1.0,0.600671853444997,0.14705882352941177,0.25,0.75,1.0,0.7038984116805406
31,burnt orange curtains,product_type,168,1,0.6943559465628248,0.047619047619047616,0.0,1.0,0.8,0.7787676299523247,0.07142857142857142,0.0,1.0,0.6,0.865751383782762,0.11904761904761904,0.0,1.0,0.4,0.00718031196136338
32,dark gray dresser,attribute_constraint,211,3,0.7104686128238442,0.027472527472527472,0.3333333333333333,0.6666666666666667,0.5,0.7744278636774954,0.06043956043956044,0.6666666666666666,0.33333333333333337,0.55,0.8751803065797105,0.09340659340659341,0.6666666666666666,0.33333333333333337,0.34,0.5382615313852415
33,non slip shower floor tile,multi_constraint,669,125,0.4683221547150041,0.005194805194805195,0.008,0.992,0.2,0.5132923253359835,0.01818181818181818,0.008,0.992,0.35,0.5002329043492882,0.05194805194805195,0.064,0.9359999999999999,0.44,0.4720931610978802
34,bar stool with backrest,product_type,740,374,0.6655266239440208,0.012244897959183673,0.0106951871657754,0.9893048128342246,0.9,0.6403766137301844,0.02585034013605442,0.0213903743315508,0.9786096256684492,0.95,0.6348258272632807,0.061224489795918366,0.053475935828877004,0.946524064171123,0.9,0.09979041948361378
35,enclosed shoe rack,product_type,174,51,0.38559884598578353,0.05232558139534884,0.0196078431372549,0.9803921568627451,0.9,0.38862264941529134,0.09883720930232558,0.0196078431372549,0.9803921568627451,0.85,0.413539346444555,0.2558139534883721,0.09803921568627451,0.9019607843137255,0.88,-0.17632625949033603
36,laundry basket with wheels,product_type,157,37,0.92663607790064,0.05128205128205128,0.1891891891891892,0.8108108108108107,0.8,0.7931065228205045,0.09615384615384616,0.32432432432432434,0.6756756756756757,0.75,0.8049031251542403,0.23076923076923078,0.5135135135135135,0.4864864864864865,0.72,0.4700482749158103
37,bar stool 24 inches height,multi_constraint,875,110,0.48006117753205346,0.010935601458080195,0.00909090909090909,0.990909090909091,0.9,0.5268116438592517,0.02187120291616039,0.03636363636363636,0.9636363636363636,0.9,0.5311255304130642,0.05710814094775213,0.10909090909090909,0.8909090909090909,0.94,0.27973504942154476
38,calvin patio chair,product_type,255,1,1.0,0.03773584905660377,1.0,0.0,0.8,1.0,0.07547169811320754,1.0,0.0,0.8,1.0,0.15566037735849056,1.0,0.0,0.66,0.5137920343540119
39,door jewelry organizer,product_type,149,31,0.6708806426217222,0.06711409395973154,0.1935483870967742,0.8064516129032258,1.0,0.5983239648510377,0.1342281879194631,0.25806451612903225,0.7419354838709677,1.0,0.73392542728582,0.3288590604026846,0.6451612903225806,0.3548387096774194,0.98,0.35826814705729615
40,elegant executive chair,product_type,166,40,0.5874229027480133,0.06097560975609756,0.075,0.925,1.0,0.6355849035263096,0.11585365853658537,0.2,0.8,0.95,0.6619450714809664,0.2926829268292683,0.45,0.55,0.96,0.34593310858655263
41,closet pull out valet rod,multi_constraint,143,19,0.9086768598011254,0.125,0.42105263157894735,0.5789473684210527,1.0,0.7967618074207576,0.225,0.631578947368421,0.368421052631579,1.0,0.863617624384961,0.45,0.8421052631578947,0.1578947368421053,0.8,0.5093588473712687
42,toddler couch fold out,product_type,149,3,0.7026755069500413,0.10666666666666667,0.3333333333333333,0.6666666666666667,0.9,0.8116491309504793,0.24,0.6666666666666666,0.33333333333333337,0.95,0.8887295078611246,0.5333333333333333,1.0,0.0,0.84,0.7442246795435554
43,solid teak end table,product_type,1231,22,0.92663607790064,0.009514747859181731,0.4090909090909091,0.5909090909090908,1.0,0.8839316315224622,0.019029495718363463,0.7272727272727273,0.2727272727272727,1.0,0.8914158051721311,0.0390104662226451,0.8636363636363636,0.13636363636363635,0.92,0.33982854586569616
44,chrome shower head and valve,multi_constraint,219,33,0.6255245960502868,0.04608294930875576,0.12121212121212122,0.8787878787878788,1.0,0.5940229788218929,0.08755760368663594,0.21212121212121213,0.7878787878787878,0.95,0.6308791574494019,0.2073732718894009,0.36363636363636365,0.6363636363636364,0.9,0.19796564245692505
45,70s inspired furniture,attribute_constraint,169,20,0.45298473672387823,0.037383177570093455,0.05,0.95,0.4,0.4116184034274825,0.056074766355140186,0.05,0.95,0.3,0.6087928738518346,0.102803738317757,0.1,0.9,0.22,0.5385446609809108
46,beach blue headboard,attribute_constraint,104,5,0.6050743279379969,0.08823529411764706,0.4,0.6,0.9,0.717682452613015,0.13725490196078433,0.4,0.6,0.7,0.8056683889320979,0.28431372549019607,0.6,0.4,0.58,0.22412497102909035
47,porcelain loaf pan,product_type,105,0,0.9052116356304495,0.09,,,1.0,0.938826684621968,0.19,,,1.0,0.9666083514034188,0.48,,,0.98,0.19328907789694827
48,arwen table lamp,product_type,282,1,1.0,0.031914893617021274,1.0,0.0,0.9,1.0,0.0673758865248227,1.0,0.0,0.95,1.0,0.16666666666666666,1.0,0.0,0.94,0.10295973345818706
49,moen matte black hooks,attribute_constraint,135,0,0.8521705090845474,0.05172413793103448,,,0.7,0.9045956734237112,0.08620689655172414,,,0.6,0.9479232451610273,0.21551724137931033,,,0.54,0.4793608567990681
50,tufted chair with gold legs,multi_constraint,404,28,0.6738109341664468,0.020460358056265986,0.14285714285714285,0.8571428571428572,0.8,0.6490292744057232,0.030690537084398978,0.17857142857142858,0.8214285714285714,0.6,0.7480785198718011,0.06649616368286446,0.35714285714285715,0.6428571428571428,0.52,0.36725407828928747
51,kohen 5 drawer dresser,attribute_constraint,595,1,1.0,0.017006802721088437,1.0,0.0,1.0,1.0,0.034013605442176874,1.0,0.0,1.0,1.0,0.08503401360544217,1.0,0.0,1.0,0.15563648804695066
52,westling coffee table,product_type,1433,0,1.0,0.007042253521126761,,,1.0,1.0,0.014084507042253521,,,1.0,1.0,0.035211267605633804,,,1.0,0.1327828945489785
53,carolyn console table,product_type,610,0,1.0,0.01639344262295082,,,1.0,1.0,0.03278688524590164,,,1.0,1.0,0.08196721311475409,,,1.0,
54,wayfair sleep zippered,product_type,143,5,0.6267490438585046,0.06521739130434782,0.2,0.8,0.9,0.7345511112737122,0.13768115942028986,0.4,0.6,0.95,0.8378629635637529,0.3188405797101449,0.6,0.4,0.88,0.19218453655230866
55,tollette teal outdoor rug,product_type,171,1,1.0,0.058823529411764705,1.0,0.0,1.0,1.0,0.11764705882352941,1.0,0.0,1.0,1.0,0.29411764705882354,1.0,0.0,1.0,0.18622492465354767
56,royal blue counter height chairs,multi_constraint,344,0,0.9337457765456111,0.03463203463203463,,,0.9,0.9224915147860997,0.05194805194805195,,,0.65,0.9115101622060704,0.0735930735930736,,,0.38,0.4226827943426419
57,jordanna solid wood rocking,attribute_constraint,1406,1,0.9539959859595428,0.042105263157894736,1.0,0.0,0.9,0.9358456058146682,0.06842105263157895,1.0,0.0,0.75,0.9489173585454546,0.17894736842105263,1.0,0.0,0.72,0.36366836428357363
58,medium size chandelier,product_type,164,63,0.6176717990221129,0.012345679012345678,0.015873015873015872,0.9841269841269842,0.2,0.5859747708472341,0.024691358024691357,0.015873015873015872,0.9841269841269842,0.2,0.5819036882376947,0.11728395061728394,0.09523809523809523,0.9047619047619048,0.38,0.0032387921632034775
59,broadway lever,brand_entity_proxy,165,43,1.0,0.06451612903225806,0.23255813953488372,0.7674418604651163,1.0,1.0,0.12903225806451613,0.46511627906976744,0.5348837209302326,1.0,0.9898761281470372,0.3161290322580645,0.9767441860465116,0.023255813953488413,0.98,0.7073601443391283
60,capricorn chest,brand_entity_proxy,332,3,0.3317556070329109,0.015432098765432098,0.3333333333333333,0.6666666666666667,1.0,0.45469430383407694,0.037037037037037035,0.3333333333333333,0.6666666666666667,0.9,0.6862168778894422,0.10185185185185185,0.6666666666666666,0.33333333333333337,0.78,-0.0735850174417289
61,overstreet rustic pub stools,style,162,1,0.8871958738785231,0.024691358024691357,1.0,0.0,0.4,0.9183497146685337,0.05555555555555555,1.0,0.0,0.45,0.9504528301300131,0.10493827160493827,1.0,0.0,0.34,0.13397941384795417
62,7qt slow cooker,attribute_constraint,157,9,0.9027985476212199,0.06756756756756757,0.7777777777777778,0.2222222222222222,1.0,0.9184059646765662,0.13513513513513514,0.7777777777777778,0.2222222222222222,1.0,0.9603812842919486,0.33783783783783783,0.8888888888888888,0.11111111111111116,1.0,0.4752467857693922
63,monthly calendar,brand_entity_proxy,115,72,0.8532721558012799,0.09433962264150944,0.125,0.875,1.0,0.857806901088922,0.18867924528301888,0.2361111111111111,0.7638888888888888,1.0,0.8648317660232078,0.4716981132075472,0.5694444444444444,0.4305555555555556,1.0,0.4898005589794273
64,zachary 72.5,attribute_constraint,77,1,1.0,0.013513513513513514,1.0,0.0,0.1,1.0,0.013513513513513514,1.0,0.0,0.05,0.9632604980448491,0.02702702702702703,1.0,0.0,0.04,0.1351000305404046
65,gnome fairy garden,product_type,156,38,0.7347014023042692,0.06535947712418301,0.13157894736842105,0.868421052631579,1.0,0.6603040286367381,0.13071895424836602,0.21052631578947367,0.7894736842105263,1.0,0.6700063946493532,0.32679738562091504,0.42105263157894735,0.5789473684210527,1.0,0.14534473962427968
66,novara pergola,brand_entity_proxy,69,1,1.0,0.15625,1.0,0.0,1.0,1.0,0.3125,1.0,0.0,1.0,1.0,0.78125,1.0,0.0,1.0,0.47311246414220387
67,osgood mirror,product_type,587,0,1.0,0.01984126984126984,,,1.0,1.0,0.03968253968253968,,,1.0,1.0,0.0992063492063492,,,1.0,0.4537504919454602
68,nautical platters,brand_entity_proxy,204,89,0.7231461552741725,0.05952380952380952,0.07865168539325842,0.9213483146067416,1.0,0.7706759982887825,0.11904761904761904,0.16853932584269662,0.8314606741573034,1.0,0.7432566211602495,0.2976190476190476,0.3595505617977528,0.6404494382022472,1.0,0.5929756664896547
69,wall sconce with usb port,multi_constraint,235,13,0.707940482743322,0.04477611940298507,0.3076923076923077,0.6923076923076923,0.9,0.7708800285316719,0.08955223880597014,0.6153846153846154,0.3846153846153846,0.9,0.8415986112604422,0.1791044776119403,0.6153846153846154,0.3846153846153846,0.76,0.43101226007266247
70,annex dresser,product_type,504,1,0.8471779732814125,0.017892644135188866,1.0,0.0,0.9,0.8893838149761623,0.027833001988071572,1.0,0.0,0.7,0.932875691891381,0.07157057654075547,1.0,0.0,0.72,0.10218159417941096
71,infant girl crib bedding,product_type,139,47,0.7932191042356415,0.07246376811594203,0.1276595744680851,0.8723404255319149,1.0,0.7522357649912642,0.14492753623188406,0.23404255319148937,0.7659574468085106,1.0,0.7254461740823979,0.36231884057971014,0.5319148936170213,0.46808510638297873,1.0,0.2417736424191856
72,fold in half table,product_type,174,85,1.0,0.06134969325153374,0.11764705882352941,0.8823529411764706,1.0,0.9757624746743075,0.12269938650306748,0.2235294117647059,0.7764705882352941,1.0,0.9541547512255436,0.3006134969325153,0.5411764705882353,0.45882352941176474,1.0,0.7751170181362195
73,certified international melamine,product_type,181,0,1.0,0.06289308176100629,,,1.0,1.0,0.12578616352201258,,,1.0,1.0,0.2830188679245283,,,0.9,0.542353925901006
74,serta kleinmon,brand_entity_proxy,87,3,1.0,0.08333333333333333,1.0,0.0,0.7,1.0,0.13095238095238096,1.0,0.0,0.55,0.988895341444844,0.20238095238095238,1.0,0.0,0.34,0.2649161273743531
75,sheffield home bath set,product_type,231,4,0.47520838917673636,0.051094890510948905,0.25,0.75,0.9,0.5623752093014069,0.08759124087591241,0.25,0.75,0.7,0.6815262753514687,0.18248175182481752,0.25,0.75,0.6,0.48374393008258876
76,46 inch closet door,attribute_constraint,135,2,0.3731548097891462,0.09090909090909091,0.0,1.0,0.7,0.45227091970875477,0.18181818181818182,0.0,1.0,0.65,0.46215148160985187,0.36363636363636365,0.0,1.0,0.54,0.4381418175507112
77,sancroft armchair,brand_entity_proxy,661,1,0.6943559465628248,0.015128593040847202,0.0,1.0,1.0,0.7787676299523247,0.030257186081694403,0.0,1.0,1.0,0.865751383782762,0.07261724659606657,0.0,1.0,0.96,-0.053854453063824026
78,dorel vanity,brand_entity_proxy,948,3,0.5159958223394444,0.011723329425556858,0.0,1.0,1.0,0.6229152997582164,0.023446658851113716,0.0,1.0,1.0,0.7516339866803449,0.05627198124267292,0.0,1.0,0.96,0.3106914012712029
79,palram harmony greenhouses,product_type,122,0,1.0,0.09523809523809523,,,1.0,0.9243086114681723,0.17142857142857143,,,1.0,0.9269188966087829,0.4380952380952381,,,1.0,0.30344782331843256
80,7 draw white dresser,attribute_constraint,198,39,0.7378144002357959,0.05102040816326531,0.1794871794871795,0.8205128205128205,1.0,0.7378207601125751,0.10204081632653061,0.3333333333333333,0.6666666666666667,1.0,0.7011519118835129,0.25510204081632654,0.5128205128205128,0.4871794871794872,1.0,0.4255961221284983
81,orren ellis l shape desk,multi_constraint,233,75,0.3775028156362593,0.045662100456621,0.013333333333333334,0.9866666666666667,1.0,0.38374885538840575,0.091324200913242,0.02666666666666667,0.9733333333333334,1.0,0.441655095674426,0.2146118721461187,0.12,0.88,0.94,0.060337682837887686
82,bathroom vanity with counter space,multi_constraint,668,53,0.4066972554326934,0.01529051987767584,0.018867924528301886,0.9811320754716981,1.0,0.3806800132112192,0.0290519877675841,0.018867924528301886,0.9811320754716981,0.95,0.4318530208146248,0.07492354740061162,0.1320754716981132,0.8679245283018868,0.98,0.23690226321028748
83,wall art fiji,product_type,103,0,1.0,0.010309278350515464,,,0.1,1.0,0.010309278350515464,,,0.05,1.0,0.041237113402061855,,,0.08,0.3401748496474036
84,full metal bed rose gold,multi_constraint,299,1,0.6943559465628248,0.04784688995215311,0.0,1.0,1.0,0.7787676299523247,0.09090909090909091,0.0,1.0,0.95,0.8397976081998186,0.1722488038277512,0.0,1.0,0.74,0.5538162515804912
85,3/4 size mattress,attribute_constraint,152,0,1.0,0.03773584905660377,,,0.4,1.0,0.0660377358490566,,,0.35,1.0,0.1320754716981132,,,0.28,0.7862513162402882
86,aloe vera plant pot,product_type,142,15,0.6688828551968977,0.07246376811594203,0.26666666666666666,0.7333333333333334,1.0,0.7256197052606805,0.14492753623188406,0.5333333333333333,0.4666666666666667,1.0,0.8710316076650063,0.36231884057971014,0.8666666666666667,0.1333333333333333,1.0,0.4655864657432253
87,vlad modular sectional,product_type,221,0,1.0,0.04524886877828054,,,1.0,1.0,0.09049773755656108,,,1.0,1.0,0.22624434389140272,,,1.0,
88,rose gold lounge,attribute_constraint,159,1,0.628014356142393,0.046296296296296294,0.0,1.0,0.7,0.5632543688482683,0.06481481481481481,1.0,0.0,0.55,0.6158910743099685,0.10185185185185185,1.0,0.0,0.4,0.04875102262567522
89,whimsical solar lights,product_type,142,68,0.6481554884733363,0.05925925925925926,0.07352941176470588,0.9264705882352942,0.8,0.6330266851518115,0.0962962962962963,0.11764705882352941,0.8823529411764706,0.7,0.7082149702147187,0.2222222222222222,0.2647058823529412,0.7352941176470589,0.62,0.21206252196424707
90,filaret outdoor sofa,product_type,242,0,1.0,0.012448132780082987,,,0.3,1.0,0.029045643153526972,,,0.35,1.0,0.0912863070539419,,,0.44,-0.039188566159520516
91,industrial pipe dining  table,style,686,8,0.46628041186554436,0.014925373134328358,0.125,0.875,1.0,0.5554304033754583,0.023880597014925373,0.125,0.875,0.8,0.7371562634182445,0.05522388059701493,0.25,0.75,0.74,0.21833876387214377
92,antique silver entry table,attribute_constraint,170,0,1.0,0.04819277108433735,,,0.8,1.0,0.07228915662650602,,,0.6,1.0,0.12650602409638553,,,0.42,0.16685822952921409
93,outdoor sectional dining,product_type,233,58,0.3333333333333333,0.013574660633484163,0.0,1.0,0.3,0.4303374459079297,0.04524886877828054,0.0,1.0,0.5,0.4753746090751493,0.11312217194570136,0.08620689655172414,0.9137931034482758,0.5,0.1993249223375108
94,kohler whitehaven farmhouse kitchen sink,style,197,4,0.6769125582181964,0.06666666666666667,0.25,0.75,1.0,0.8230445054640265,0.13333333333333333,0.75,0.25,1.0,0.8805614934333276,0.3333333333333333,0.75,0.25,1.0,0.7063148972592174
95,entertainment stand end table,product_type,820,49,0.3333333333333333,0.012269938650306749,0.0,1.0,1.0,0.32237834314414104,0.022085889570552148,0.0,1.0,0.95,0.330363882020917,0.05766871165644172,0.0,1.0,0.96,-0.14361984655428645
96,bar room wall decor,product_type,384,75,1.0,0.03546099290780142,0.13333333333333333,0.8666666666666667,1.0,0.9530538265036527,0.07092198581560284,0.24,0.76,1.0,0.8640144405288059,0.16666666666666666,0.4533333333333333,0.5466666666666666,0.94,0.595939266834345
97,regner power loom red,attribute_constraint,197,1,1.0,0.05102040816326531,1.0,0.0,1.0,1.0,0.10204081632653061,1.0,0.0,1.0,1.0,0.25510204081632654,1.0,0.0,1.0,0.1674340126513255
98,gracie oaks 62 oller 14 ceiling fan,multi_constraint,124,0,1.0,0.08849557522123894,,,1.0,1.0,0.17699115044247787,,,1.0,1.0,0.4336283185840708,,,0.98,0.4298799988071193
99,arched christmas tree,product_type,121,0,1.0,0.08108108108108109,,,0.9,1.0,0.17117117117117117,,,0.95,1.0,0.44144144144144143,,,0.98,0.43481959992383107
100,tufted upholstered bed diamond,product_type,887,211,0.5539162974545516,0.012315270935960592,0.018957345971563982,0.981042654028436,1.0,0.6629894508225184,0.024630541871921183,0.05687203791469194,0.943127962085308,1.0,0.6600785238284554,0.0603448275862069,0.12322274881516587,0.8767772511848342,0.98,0.4426912978975297
101,48 in entry table with side by side drawer,long_descriptive,283,4,0.6059968857274316,0.023166023166023165,0.25,0.75,0.6,0.72630258367793,0.04633204633204633,0.5,0.5,0.6,0.8152642236829823,0.11583011583011583,0.75,0.25,0.6,0.18272850038738975
102,flamingo,brand_entity_proxy,68,57,1.0,0.17543859649122806,0.17543859649122806,0.8245614035087719,1.0,1.0,0.3508771929824561,0.3508771929824561,0.6491228070175439,1.0,0.9857983371847121,0.8596491228070176,0.8596491228070176,0.14035087719298245,1.0,0.6012462644403919
103,kitchen anti fatigue mats,product_type,368,230,0.9014470060563649,0.027247956403269755,0.034782608695652174,0.9652173913043478,1.0,0.8188754402375404,0.05449591280653951,0.05652173913043478,0.9434782608695652,1.0,0.7908882962357414,0.1362397820163488,0.1391304347826087,0.8608695652173913,1.0,0.20620334406644344
104,flour and sugar containers,product_type,179,12,0.6564746593503457,0.0449438202247191,0.3333333333333333,0.6666666666666667,0.8,0.7281695421235965,0.09550561797752809,0.5,0.5,0.85,0.8131150315260856,0.24157303370786518,0.5833333333333334,0.41666666666666663,0.86,0.20118154963231077
105,outdoor movie screen,product_type,149,62,1.0,0.07352941176470588,0.16129032258064516,0.8387096774193549,1.0,1.0,0.14705882352941177,0.3225806451612903,0.6774193548387097,1.0,0.9088838722798289,0.27941176470588236,0.6129032258064516,0.3870967741935484,0.82,0.5611056240294426
106,bed risers,product_type,2245,36,1.0,0.10526315789473684,0.2777777777777778,0.7222222222222222,1.0,1.0,0.21052631578947367,0.5555555555555556,0.4444444444444444,1.0,0.8801051750022828,0.3894736842105263,0.8888888888888888,0.11111111111111116,1.0,0.20309210296411903
107,front porch furniture sets,product_type,309,43,0.42590829591570295,0.0231023102310231,0.023255813953488372,0.9767441860465116,0.7,0.39307819146889567,0.039603960396039604,0.023255813953488372,0.9767441860465116,0.6,0.499168587760127,0.10561056105610561,0.11627906976744186,0.8837209302325582,0.64,0.20746847499868415
108,ayesha curry kitchen,product_type,131,81,1.0,0.07936507936507936,0.12345679012345678,0.8765432098765432,1.0,1.0,0.15873015873015872,0.24691358024691357,0.7530864197530864,1.0,0.9664900055687702,0.3888888888888889,0.5802469135802469,0.41975308641975306,1.0,0.7055357797958544
109,hillsby oriental rug,product_type,247,39,1.0,0.04048582995951417,0.2564102564102564,0.7435897435897436,1.0,1.0,0.08097165991902834,0.5128205128205128,0.4871794871794872,1.0,0.9780255397477329,0.19838056680161945,0.9487179487179487,0.05128205128205132,0.98,0.6248883352529621
110,mila task chair,product_type,348,0,1.0,0.02881844380403458,,,1.0,1.0,0.05763688760806916,,,1.0,1.0,0.1440922190201729,,,1.0,0.09271455408231195
111,delta trinsic,brand_entity_proxy,161,69,1.0,0.06451612903225806,0.14492753623188406,0.855072463768116,1.0,1.0,0.12903225806451613,0.2898550724637681,0.7101449275362319,1.0,0.981632758027904,0.22580645161290322,0.5072463768115942,0.49275362318840576,0.7,0.7536400779931373
112,pineapple,brand_entity_proxy,271,266,1.0,0.03759398496240601,0.03759398496240601,0.9624060150375939,1.0,1.0,0.07518796992481203,0.07518796992481203,0.924812030075188,1.0,1.0,0.18796992481203006,0.18796992481203006,0.8120300751879699,1.0,0.20925353314159922
113,led light strip,product_type,432,75,0.9537125187088151,0.026455026455026454,0.12,0.88,1.0,0.9701275709322188,0.05291005291005291,0.25333333333333335,0.7466666666666666,1.0,0.9836940396642968,0.12433862433862433,0.6133333333333333,0.3866666666666667,0.94,0.7413100404744484
114,geralyn upholstered storage platform bed,multi_constraint,1252,3,0.7431286862216819,0.008136696501220505,0.3333333333333333,0.6666666666666667,1.0,0.7998731274903537,0.01627339300244101,0.3333333333333333,0.6666666666666667,1.0,0.8681868729983435,0.04068348250610252,0.3333333333333333,0.6666666666666667,1.0,-0.009281985625912172
115,peacock,brand_entity_proxy,224,202,1.0,0.04878048780487805,0.04950495049504951,0.9504950495049505,1.0,1.0,0.0975609756097561,0.09900990099009901,0.900990099009901,1.0,1.0,0.24390243902439024,0.24752475247524752,0.7524752475247525,1.0,0.41014910267989246
116,brockham solid blackout thermal grommet curtain panels,multi_constraint,595,0,1.0,0.01721170395869191,,,1.0,1.0,0.03442340791738382,,,1.0,1.0,0.08605851979345955,,,1.0,0.25046895984329437
117,tall storage cabinet,attribute_constraint,430,128,0.7746772367821343,0.0166270783847981,0.03125,0.96875,0.7,0.7395604449714804,0.030878859857482184,0.0625,0.9375,0.65,0.7272624281330616,0.0855106888361045,0.15625,0.84375,0.72,0.3498735517586121
118,body pillow case,product_type,216,94,0.7547191618576448,0.046296296296296294,0.07446808510638298,0.925531914893617,1.0,0.7451767558605659,0.09259259259259259,0.13829787234042554,0.8617021276595744,1.0,0.7489295894840917,0.21296296296296297,0.30851063829787234,0.6914893617021276,0.92,0.40704941638497005
119,welcome sign,brand_entity_proxy,441,158,0.9477344873475497,0.0273972602739726,0.056962025316455694,0.9430379746835443,1.0,0.920686224366261,0.0547945205479452,0.10759493670886076,0.8924050632911392,1.0,0.8563922012004169,0.136986301369863,0.23417721518987342,0.7658227848101266,1.0,0.5955923036639658
120,zodiac pillow,brand_entity_proxy,979,33,1.0,0.012077294685990338,0.30303030303030304,0.696969696969697,1.0,0.8934554152140655,0.022946859903381644,0.48484848484848486,0.5151515151515151,1.0,0.9397663344740288,0.05434782608695652,0.9696969696969697,0.030303030303030276,1.0,0.5536619128104182
121,upholstered bed,product_type,2977,726,0.9305687780632227,0.005548705302096177,0.012396694214876033,0.987603305785124,1.0,0.9551913563983282,0.011713933415536375,0.026170798898071626,0.9738292011019284,1.0,0.9073556770617601,0.02836004932182491,0.06060606060606061,0.9393939393939394,1.0,0.6189702711387365
122,king size bed,attribute_constraint,448,375,1.0,0.023809523809523808,0.02666666666666667,0.9733333333333334,1.0,0.9603789329441845,0.0380952380952381,0.042666666666666665,0.9573333333333334,0.85,0.9687248994996861,0.08095238095238096,0.09066666666666667,0.9093333333333333,0.7,0.14644467535710237
123,entrance table,product_type,4329,187,0.4924204245075065,0.002631578947368421,0.016042780748663103,0.983957219251337,1.0,0.5044314521617984,0.0061403508771929825,0.0374331550802139,0.9625668449197861,1.0,0.46116062587834195,0.016228070175438595,0.0748663101604278,0.9251336898395722,1.0,0.11119020088563313
124,unique coffee tables,product_type,1467,324,0.8184218874030028,0.00696594427244582,0.021604938271604937,0.9783950617283951,1.0,0.6950511208295538,0.013157894736842105,0.030864197530864196,0.9691358024691358,1.0,0.6139989363711275,0.033281733746130034,0.06172839506172839,0.9382716049382716,0.98,0.06423066398073898
125,boho bed frame,product_type,283,1,1.0,0.024,1.0,0.0,0.6,0.947432823909852,0.048,1.0,0.0,0.6,0.8757743019128215,0.084,1.0,0.0,0.48,0.060700777012528205
126,leather dining chairs,attribute_constraint,719,241,1.0,0.014749262536873156,0.04149377593360996,0.9585062240663901,1.0,0.9772913518293451,0.029498525073746312,0.07883817427385892,0.9211618257261411,1.0,0.9173271892413314,0.07079646017699115,0.17012448132780084,0.8298755186721991,0.96,0.5012475489350767
127,wine bar,brand_entity_proxy,1580,159,0.92663607790064,0.035842293906810034,0.05660377358490566,0.9433962264150944,1.0,0.9062232924456047,0.07168458781362007,0.1069182389937107,0.8930817610062893,1.0,0.9040311578917403,0.17562724014336917,0.27044025157232704,0.729559748427673,1.0,0.6007591580623649
128,block coffee table,product_type,1455,113,0.9432379215722527,0.007326007326007326,0.07964601769911504,0.9203539823008849,1.0,0.9633676079520094,0.014652014652014652,0.168141592920354,0.831858407079646,1.0,0.9117624112118587,0.03663003663003663,0.37168141592920356,0.6283185840707964,1.0,0.31321603427909883
129,wainscoting ideas,brand_entity_proxy,185,28,0.6553044207784658,0.010526315789473684,0.03571428571428571,0.9642857142857143,0.1,0.5867501686047922,0.021052631578947368,0.07142857142857142,0.9285714285714286,0.1,0.7302565995380583,0.031578947368421054,0.07142857142857142,0.9285714285714286,0.06,0.34380078795302615
130,entertainment console,brand_entity_proxy,875,187,0.3900954117610807,0.01152073732718894,0.0053475935828877,0.9946524064171123,1.0,0.39187570575970865,0.02304147465437788,0.0106951871657754,0.9893048128342246,1.0,0.3748744869808684,0.0576036866359447,0.016042780748663103,0.983957219251337,1.0,-0.43279266616678974
131,kids chair,product_type,3479,173,0.7432262726522398,0.00497787610619469,0.046242774566473986,0.953757225433526,1.0,0.8342866204274,0.010508849557522125,0.10404624277456648,0.8959537572254335,1.0,0.8348997202284228,0.025442477876106196,0.24277456647398843,0.7572254335260116,1.0,0.2895483529467687
132,farmhouse cabinet,style,1260,42,0.637392942273748,0.01353637901861252,0.11904761904761904,0.8809523809523809,1.0,0.5807293923250287,0.023688663282571912,0.19047619047619047,0.8095238095238095,0.95,0.5850412481053539,0.06260575296108291,0.40476190476190477,0.5952380952380952,0.94,0.293298396706484
133,outdoor light fixtures,product_type,227,170,1.0,0.045,0.052941176470588235,0.9470588235294117,0.9,1.0,0.08,0.09411764705882353,0.9058823529411765,0.8,0.9703505144404163,0.18,0.20588235294117646,0.7941176470588236,0.72,0.4782868162289359
134,black hanging bookshelf,attribute_constraint,150,3,0.5917067769668569,0.02459016393442623,0.0,1.0,0.3,0.6819012423355953,0.05737704918032787,0.3333333333333333,0.6666666666666667,0.35,0.8144769912490256,0.18032786885245902,0.3333333333333333,0.6666666666666667,0.44,0.6540350538637608
135,low profile loveseat recliner,product_type,552,10,0.6173517736889358,0.060810810810810814,0.4,0.6,1.0,0.6765902159608645,0.11486486486486487,0.4,0.6,0.9,0.8067185981203603,0.27702702702702703,0.6,0.4,0.86,0.737673905582106
136,black fluffy stool,attribute_constraint,166,0,0.9305687780632229,0.03636363636363636,,,0.6,0.9551913563983283,0.06060606060606061,,,0.55,0.9755410594964452,0.11515151515151516,,,0.4,-0.12265786325986239
137,orren ellis l shaped desk,multi_constraint,233,80,0.31212640393368274,0.04433497536945813,0.0,1.0,1.0,0.343130868601682,0.08374384236453201,0.025,0.975,1.0,0.45313852810835387,0.21674876847290642,0.175,0.825,0.96,0.04508281063657453
138,glass doors for bath,product_type,172,142,1.0,0.058823529411764705,0.06338028169014084,0.9366197183098591,0.9,1.0,0.12418300653594772,0.13380281690140844,0.8661971830985915,0.95,1.0,0.3202614379084967,0.34507042253521125,0.6549295774647887,0.98,0.6382914517516104
139,auburn throw pillows,product_type,339,0,0.7027284035579431,0.028112449799196786,,,1.0,0.6977090568010395,0.05622489959839357,,,1.0,0.8021927264327163,0.15261044176706828,,,0.92,-0.007918262140453877
140,wire basket with dividers,product_type,131,3,0.613816622381599,0.08,0.3333333333333333,0.6666666666666667,1.0,0.6991268879300376,0.16,0.3333333333333333,0.6666666666666667,1.0,0.8018305825933001,0.4,0.3333333333333333,0.6666666666666667,1.0,0.22578232897742712
141,podium with locking cabinet,product_type,161,3,0.10583934343340852,0.027777777777777776,0.0,1.0,0.3,0.17697258595733373,0.027777777777777776,0.0,1.0,0.2,0.257881369880395,0.05555555555555555,0.0,1.0,0.2,0.17382200008080323
142,kitchen wooden stand,attribute_constraint,203,5,0.4825980329211557,0.04,0.2,0.8,0.4,0.4286223348415699,0.04,0.2,0.8,0.2,0.40848705401480373,0.09333333333333334,0.2,0.8,0.22,0.11102578951329338
143,queen wingback chair,attribute_constraint,244,3,0.6593007041766438,0.04739336492890995,0.3333333333333333,0.6666666666666667,1.0,0.734563258401794,0.09004739336492891,0.3333333333333333,0.6666666666666667,0.95,0.8135386122391509,0.21800947867298578,0.6666666666666666,0.33333333333333337,0.98,0.12402007307281922
144,rug plum,product_type,1423,116,0.9510907186004265,0.007558578987150416,0.07758620689655173,0.9224137931034483,1.0,0.9684355467480761,0.015117157974300832,0.16379310344827586,0.8362068965517242,1.0,0.973058047224741,0.03779289493575208,0.41379310344827586,0.5862068965517242,1.0,0.33934056856250855
145,liberty hardware francisco,product_type,143,32,0.4696375977856624,0.05384615384615385,0.125,0.875,0.8,0.47915895314532503,0.06923076923076923,0.125,0.875,0.55,0.5627907239476236,0.13076923076923078,0.21875,0.78125,0.4,-0.030735632521071806
146,laundry vanity cabinet,product_type,111,4,0.4700182601018591,0.02727272727272727,0.0,1.0,0.3,0.5788037469624102,0.03636363636363636,0.0,1.0,0.2,0.7157078870808333,0.1,0.0,1.0,0.22,-0.14704463003151008
147,drum picture,brand_entity_proxy,425,12,0.9363792118010482,0.12162162162162163,0.75,0.25,1.0,0.8636961875514062,0.16216216216216217,0.9166666666666666,0.08333333333333337,0.9,0.6724090788457884,0.21621621621621623,0.9166666666666666,0.08333333333333337,0.7,0.17909977646647268
148,industrial,style,249,194,1.0,0.03553299492385787,0.03608247422680412,0.9639175257731959,0.7,1.0,0.05583756345177665,0.05670103092783505,0.9432989690721649,0.55,0.9847599855899974,0.1116751269035533,0.1134020618556701,0.8865979381443299,0.44,0.5310299393786139
149,mid century modern,style,173,155,1.0,0.05917159763313609,0.06451612903225806,0.935483870967742,1.0,0.9545415572776119,0.11834319526627218,0.11612903225806452,0.8838709677419355,1.0,0.9456933567027265,0.2485207100591716,0.24516129032258063,0.7548387096774194,0.84,0.08133100401416422
150,dumbbells,brand_entity_proxy,54,21,1.0,0.47619047619047616,0.47619047619047616,0.5238095238095238,1.0,0.9329115361528116,0.8571428571428571,0.8571428571428571,0.1428571428571429,1.0,0.9868010644310072,0.9047619047619048,0.9047619047619048,0.09523809523809523,0.54,0.7470251183961587
151,leather chair,attribute_constraint,3042,630,0.777299036890523,0.002831858407079646,0.007936507936507936,0.9920634920634921,0.8,0.7615476353144749,0.006371681415929204,0.01904761904761905,0.9809523809523809,0.9,0.7802153296560984,0.015221238938053097,0.046031746031746035,0.9539682539682539,0.86,0.48408766621923693
152,wishbone chair,product_type,3286,46,0.42590829591570295,0.001889168765743073,0.021739130434782608,0.9782608695652174,0.6,0.39307819146889567,0.004093198992443325,0.021739130434782608,0.9782608695652174,0.65,0.37989956383125517,0.009445843828715366,0.021739130434782608,0.9782608695652174,0.6,0.21104671093501742
153,bohemian,style,178,145,0.92663607790064,0.06535947712418301,0.06206896551724138,0.9379310344827586,1.0,0.9307433397437295,0.12418300653594772,0.11724137931034483,0.8827586206896552,0.95,0.9362422564390802,0.24183006535947713,0.2413793103448276,0.7586206896551724,0.76,0.40068762458926904
155,floating bed,product_type,2376,8,0.46628041186554436,0.00471253534401508,0.125,0.875,1.0,0.5554304033754583,0.00942507068803016,0.125,0.875,1.0,0.698915234466158,0.022148916116870875,0.25,0.75,0.94,0.3230564610546349
156,papasan chair frame only,product_type,150,19,0.4406950585492932,0.09259259259259259,0.10526315789473684,0.8947368421052632,1.0,0.43764599306811924,0.18518518518518517,0.15789473684210525,0.8421052631578947,1.0,0.720627854277659,0.4537037037037037,0.7368421052631579,0.26315789473684215,1.0,0.6371427182946479
157,velvet chaise,brand_entity_proxy,1085,51,0.6043774188975624,0.016544117647058824,0.09803921568627451,0.9019607843137255,1.0,0.5546383242592676,0.034926470588235295,0.13725490196078433,0.8627450980392157,1.0,0.5694043587872061,0.08455882352941177,0.39215686274509803,0.607843137254902,1.0,0.22784042448599517
158,led nightstand,brand_entity_proxy,834,44,0.8551595247651802,0.013140604467805518,0.18181818181818182,0.8181818181818181,1.0,0.8374660866271733,0.026281208935611037,0.3409090909090909,0.6590909090909092,1.0,0.7420194818740287,0.0657030223390276,0.5454545454545454,0.4545454545454546,1.0,0.34548271361989513
159,meditation,brand_entity_proxy,122,93,1.0,0.10416666666666667,0.10752688172043011,0.8924731182795699,1.0,1.0,0.20833333333333334,0.21505376344086022,0.7849462365591398,1.0,0.9714484581974533,0.46875,0.4838709677419355,0.5161290322580645,0.92,0.534721573731393
160,marble,brand_entity_proxy,242,226,1.0,0.043668122270742356,0.04424778761061947,0.9557522123893806,1.0,1.0,0.08296943231441048,0.084070796460177,0.915929203539823,0.95,0.9907450280402066,0.17903930131004367,0.18141592920353983,0.8185840707964602,0.82,0.3060384908666626
161,accent chair recliner,product_type,205,38,0.42590829591570295,0.014925373134328358,0.02631578947368421,0.9736842105263158,0.3,0.4149881718472804,0.03980099502487562,0.02631578947368421,0.9736842105263158,0.4,0.4911208620911091,0.09950248756218906,0.05263157894736842,0.9473684210526316,0.4,0.04466813592462104
162,turquoise chair,product_type,3354,23,0.5726361401144231,0.002213788741302973,0.08695652173913043,0.9130434782608696,0.7,0.5109383330239131,0.004427577482605946,0.08695652173913043,0.9130434782608696,0.7,0.6009864440458714,0.012017710309930424,0.13043478260869565,0.8695652173913043,0.76,0.28104434675069
163,dual monitor stand,product_type,94,47,1.0,0.10752688172043011,0.2127659574468085,0.7872340425531915,1.0,1.0,0.20430107526881722,0.40425531914893614,0.5957446808510638,0.95,0.9198180314261573,0.5161290322580645,0.8085106382978723,0.19148936170212771,0.96,0.6856754711632305
164,modern outdoor furniture,style,195,128,0.9477344873475497,0.044444444444444446,0.0546875,0.9453125,0.8,0.8960670184958108,0.06666666666666667,0.0859375,0.9140625,0.6,0.8531715158649464,0.11666666666666667,0.1328125,0.8671875,0.42,0.3705237208173665
165,kitchen storage shelves,product_type,193,69,0.8926382747840401,0.041884816753926704,0.10144927536231885,0.8985507246376812,0.8,0.8835494202371857,0.08900523560209424,0.2028985507246377,0.7971014492753623,0.85,0.8349263429841873,0.1518324607329843,0.3188405797101449,0.6811594202898551,0.58,0.5156941239390199
166,feather wall art,product_type,111,26,1.0,0.09174311926605505,0.38461538461538464,0.6153846153846154,1.0,0.9436453668208752,0.1559633027522936,0.6153846153846154,0.3846153846153846,0.9,0.9500166861906261,0.23853211009174313,0.8461538461538461,0.15384615384615385,0.54,0.5795031100835449
167,camper,brand_entity_proxy,136,87,1.0,0.11494252873563218,0.11494252873563218,0.8850574712643678,1.0,1.0,0.19540229885057472,0.19540229885057472,0.8045977011494253,0.85,1.0,0.367816091954023,0.367816091954023,0.632183908045977,0.64,0.8026858973061355
168,printers,brand_entity_proxy,68,0,0.9337457765456111,0.14583333333333334,,,0.7,0.9572416874849684,0.25,,,0.65,0.9594232352639933,0.4583333333333333,,,0.46,0.6676042509332587
169,coffee bar buffet,product_type,126,27,0.47481757731527635,0.032,0.037037037037037035,0.962962962962963,0.4,0.473348350347839,0.056,0.07407407407407407,0.9259259259259259,0.35,0.6600728818749394,0.104,0.1111111111111111,0.8888888888888888,0.26,0.20953922702931305
170,zen,brand_entity_proxy,127,99,1.0,0.1,0.10101010101010101,0.898989898989899,1.0,0.9399703720725183,0.19,0.18181818181818182,0.8181818181818181,1.0,0.8940687578950687,0.34,0.3333333333333333,0.6666666666666667,0.72,0.32794468667037063
171,nectar queen mattress,attribute_constraint,99,0,1.0,0.10101010101010101,,,1.0,1.0,0.15151515151515152,,,0.75,1.0,0.30303030303030304,,,0.6,
172,picasso,brand_entity_proxy,59,42,1.0,0.23809523809523808,0.23809523809523808,0.7619047619047619,1.0,1.0,0.47619047619047616,0.47619047619047616,0.5238095238095238,1.0,0.8816040849196318,0.7142857142857143,0.7142857142857143,0.2857142857142857,0.64,0.4680923015622052
173,bedroom accessories,brand_entity_proxy,316,4,0.24625643114033732,0.004901960784313725,0.0,1.0,0.1,0.3632319846548274,0.004901960784313725,0.0,1.0,0.05,0.5158123536457615,0.00980392156862745,0.0,1.0,0.08,0.19303930855152862
174,star wars rug,product_type,90,0,0.31086582344538494,0.0,,,0.0,0.5340188513734526,0.0,,,0.05,0.6476648724631193,0.0,,,0.02,0.34892999052385487
175,basket planter,brand_entity_proxy,564,70,0.8842222191013388,0.0297029702970297,0.11428571428571428,0.8857142857142857,1.0,0.9037219397653085,0.0627062706270627,0.24285714285714285,0.7571428571428571,1.0,0.7852022435167048,0.1551155115511551,0.45714285714285713,0.5428571428571429,1.0,0.7356344867870682
176,mexican art,brand_entity_proxy,397,23,0.9008240627729516,0.02544529262086514,0.34782608695652173,0.6521739130434783,1.0,0.8676550803058557,0.04834605597964377,0.6521739130434783,0.34782608695652173,0.95,0.8966381571217151,0.08396946564885496,0.7391304347826086,0.26086956521739135,0.66,0.33979077875226477
177,rustic storage cabinet,style,378,16,0.6460000622137831,0.010610079575596816,0.1875,0.8125,0.4,0.6671329853103819,0.015915119363395226,0.1875,0.8125,0.3,0.789605064025791,0.042440318302387266,0.375,0.625,0.32,0.24927093633891387
178,almost heaven sauna,product_type,74,24,0.3965255762463672,0.18867924528301888,0.041666666666666664,0.9583333333333334,1.0,0.4216953586669728,0.37735849056603776,0.125,0.875,1.0,0.7557373158926483,0.9056603773584906,0.7916666666666666,0.20833333333333337,0.96,0.47610663389823754
179,promo codes or discounts,product_type,1,0,1.0,0.0,,,0.0,1.0,0.0,,,0.0,1.0,0.0,,,0.0,
180,outdoor lounge cushions,product_type,403,72,0.8698739994728926,0.024875621890547265,0.1111111111111111,0.8888888888888888,1.0,0.8653693580445542,0.04477611940298507,0.19444444444444445,0.8055555555555556,0.9,0.7454753557260259,0.09950248756218906,0.3333333333333333,0.6666666666666667,0.8,0.3632685124481857
181,e12/candelabra,attribute_constraint,122,104,1.0,0.01639344262295082,0.019230769230769232,0.9807692307692307,0.2,1.0,0.02459016393442623,0.028846153846153848,0.9711538461538461,0.15,1.0,0.05737704918032787,0.0673076923076923,0.9326923076923077,0.14,0.614282734223425
182,penny round tile,attribute_constraint,98,58,0.9575861412006988,0.10204081632653061,0.15517241379310345,0.8448275862068966,1.0,0.9726274804087407,0.20408163265306123,0.3275862068965517,0.6724137931034483,1.0,0.9562568751542153,0.5102040816326531,0.7931034482758621,0.2068965517241379,1.0,0.7610653023813339
183,farmhouse bread box,style,78,6,0.5539924618985677,0.13513513513513514,0.3333333333333333,0.6666666666666667,1.0,0.7106893591212047,0.2702702702702703,0.6666666666666666,0.33333333333333337,1.0,0.8391214856985572,0.6486486486486487,1.0,0.0,0.96,0.42790148021543795
184,sugar canister,brand_entity_proxy,185,59,0.6368828395051224,0.05434782608695652,0.0847457627118644,0.9152542372881356,1.0,0.6745484102767275,0.10869565217391304,0.1864406779661017,0.8135593220338984,1.0,0.6525608917421302,0.25,0.3559322033898305,0.6440677966101696,0.92,0.3039091870505023
185,lunch bag,brand_entity_proxy,124,34,1.0,0.21739130434782608,0.29411764705882354,0.7058823529411764,1.0,1.0,0.43478260869565216,0.5882352941176471,0.4117647058823529,1.0,0.9195185163833622,0.8043478260869565,0.9411764705882353,0.05882352941176472,0.94,0.6650137396190756
186,board game storage cabinet,product_type,385,4,0.5298241244530195,0.010471204188481676,0.0,1.0,0.4,0.6263336976720789,0.01832460732984293,0.0,1.0,0.35,0.7914538245545817,0.06544502617801047,0.5,0.5,0.5,0.18341726806195957
188,"bedroom wall decor floral, multicolored with some teal (prints)",long_descriptive,277,8,0.676083963648672,0.028089887640449437,0.375,0.625,0.6,0.7329864964351841,0.0449438202247191,0.5,0.5,0.5,0.6651806364328191,0.07303370786516854,0.75,0.25,0.38,-0.27218857881637026
189,big basket for dirty cloths,multi_constraint,73,31,0.5864017103888768,0.08333333333333333,0.06451612903225806,0.935483870967742,0.6,0.6162325809155532,0.09722222222222222,0.0967741935483871,0.9032258064516129,0.35,0.768042219206908,0.3194444444444444,0.3225806451612903,0.6774193548387097,0.46,0.1684166383295275
190,benjiamino faux leather power lift chair,multi_constraint,792,5,0.43518692560571737,0.014064697609001406,0.0,1.0,1.0,0.5441885155473163,0.02812939521800281,0.0,1.0,1.0,0.6862448652703705,0.06751054852320675,0.0,1.0,0.96,0.40126579719054556
191,biycicle plant stands,product_type,217,0,1.0,0.04608294930875576,,,1.0,1.0,0.09216589861751152,,,1.0,1.0,0.22580645161290322,,,0.98,
193,belchertown table lamp,product_type,278,0,1.0,0.03237410071942446,,,0.9,1.0,0.0683453237410072,,,0.95,1.0,0.16906474820143885,,,0.94,
194,black frame 22 x 36,multi_constraint,293,0,1.0,0.10112359550561797,,,0.9,1.0,0.1797752808988764,,,0.8,0.9537607973740696,0.3258426966292135,,,0.6,0.6586911993069676
195,black freestanding tub  with faucet,multi_constraint,110,3,0.7273830543227177,0.09803921568627451,0.6666666666666666,0.33333333333333337,1.0,0.8328995778570597,0.19607843137254902,1.0,0.0,1.0,0.8899396723201373,0.49019607843137253,1.0,0.0,1.0,0.3474559705077871
196,chabely 5 draw chest,attribute_constraint,165,0,1.0,0.05,,,0.8,1.0,0.09375,,,0.75,1.0,0.25625,,,0.82,0.24940717251520184
197,desk for kids tjat ate 10 year old,long_descriptive,41,23,1.0,0.12195121951219512,0.21739130434782608,0.782608695652174,0.5,0.9517015930524233,0.24390243902439024,0.43478260869565216,0.5652173913043479,0.5,0.9905251505975095,0.5853658536585366,0.8695652173913043,0.13043478260869568,0.48,0.6978227007909177
198,cake plates with tops,product_type,82,10,0.38559884598578353,0.1875,0.1,0.9,0.9,0.6075766711951163,0.3125,0.4,0.6,0.75,0.7394011221655635,0.5208333333333334,0.5,0.5,0.56,0.6610061452573064
199,blue faux throw with pillows,multi_constraint,384,0,0.8357804136936722,0.021447721179624665,,,1.0,0.8940180410202963,0.040214477211796246,,,0.85,0.942149410899864,0.09919571045576407,,,0.78,0.0578127028956759
200,ceramic tile sea shell,product_type,247,3,0.9580860089774811,0.040983606557377046,1.0,0.0,1.0,0.9673450654557202,0.0778688524590164,1.0,0.0,0.95,0.978491898762329,0.18442622950819673,1.0,0.0,0.9,0.23643829779119155
201,delta trinsic double towel hook in champagne bronze,long_descriptive,124,0,1.0,0.08163265306122448,,,0.8,1.0,0.1326530612244898,,,0.65,0.9836940396642968,0.25510204081632654,,,0.52,0.6038208421790222
202,full mattress padded liner,product_type,83,45,0.8650111786183293,0.07228915662650602,0.1111111111111111,0.8888888888888888,0.6,0.8463234524138346,0.12048192771084337,0.17777777777777778,0.8222222222222222,0.5,0.8434142305269708,0.26506024096385544,0.37777777777777777,0.6222222222222222,0.44,0.3775005605122098
203,ge top loading washer 4.5,multi_constraint,87,5,0.6881390083854501,0.12048192771084337,0.6,0.4,1.0,0.8320506001628761,0.24096385542168675,1.0,0.0,1.0,0.8843930256892698,0.6024096385542169,1.0,0.0,1.0,0.49252122757446054
204,fleur de lis living candle wall sconce bronze,long_descriptive,191,7,0.6100249796595104,0.05747126436781609,0.2857142857142857,0.7142857142857143,1.0,0.7489057523305541,0.10919540229885058,0.5714285714285714,0.4285714285714286,0.95,0.8393770264954653,0.25862068965517243,0.5714285714285714,0.4285714285714286,0.9,0.35750389555418166
205,ines shag rug w003096809,attribute_constraint,93,12,0.9053206285482486,0.10752688172043011,0.6666666666666666,0.33333333333333337,1.0,0.9215479464893287,0.21505376344086022,0.8333333333333334,0.16666666666666663,1.0,0.9795422247226612,0.44086021505376344,1.0,0.0,0.82,0.5400551164331716
206,grill cover 73,attribute_constraint,67,2,1.0,0.1694915254237288,1.0,0.0,1.0,1.0,0.3389830508474576,1.0,0.0,1.0,1.0,0.847457627118644,1.0,0.0,1.0,0.5514589867797685
207,dull bed with shirt head board,multi_constraint,34,0,1.0,0.0,,,0.0,1.0,0.0,,,0.0,1.0,0.0,,,0.0,
208,"fawkes 36"" blue vanity",attribute_constraint,118,0,1.0,0.05084745762711865,,,0.6,1.0,0.1016949152542373,,,0.6,1.0,0.1864406779661017,,,0.44,
209,door pulls bronze matte 4 inch,multi_constraint,198,0,0.8200685179888284,0.023809523809523808,,,0.5,0.8838780965499822,0.047619047619047616,,,0.4,0.9366144899878748,0.12698412698412698,,,0.36,0.618659282828363
210,love seat wide faux leather tuxedo arm sofa,long_descriptive,1045,9,0.7699810708289307,0.009615384615384616,0.5555555555555556,0.4444444444444444,1.0,0.9094984313781609,0.01826923076923077,0.8888888888888888,0.11111111111111116,0.95,0.9536966470877338,0.03942307692307692,1.0,0.0,0.82,0.1461187547847934
211,memory foam rug galveston,product_type,332,0,1.0,0.08403361344537816,,,1.0,1.0,0.15966386554621848,,,0.95,1.0,0.3865546218487395,,,0.92,0.6708767138077553
212,nettie 5 pc bar set,multi_constraint,358,2,0.9278847792837159,0.04639175257731959,1.0,0.0,1.0,0.8712743989346546,0.08247422680412371,1.0,0.0,1.0,0.822056984627204,0.16494845360824742,1.0,0.0,0.8,0.21886727521760366
213,kraus kitchen sink faucet oletto kpf 2820 sfs,long_descriptive,271,1,0.6300820787567314,0.050359712230215826,1.0,0.0,1.0,0.5894891888881177,0.07194244604316546,1.0,0.0,0.85,0.5901700020168715,0.18705035971223022,1.0,0.0,0.88,-0.04589474343242609
214,light wood nightstand with silver accents,multi_constraint,225,0,1.0,0.03731343283582089,,,0.5,1.0,0.03731343283582089,,,0.25,0.9858821775362445,0.11194029850746269,,,0.3,0.8174462260230348
215,king adjustable bed including mattress,multi_constraint,250,30,0.3333333333333333,0.02880658436213992,0.0,1.0,0.7,0.424023976760211,0.04938271604938271,0.0,1.0,0.6,0.5011258423612194,0.16049382716049382,0.2,0.8,0.78,0.1210520782210108
216,music plug wall plate,product_type,189,8,0.8062662516978644,0.054945054945054944,0.625,0.375,1.0,0.9000492992054655,0.10989010989010989,0.875,0.125,1.0,0.928189995321583,0.27472527472527475,0.875,0.125,1.0,0.32421998953960635
218,wand bunk beds,product_type,65,0,1.0,0.046153846153846156,,,0.3,1.0,0.09230769230769231,,,0.3,1.0,0.16923076923076924,,,0.22,
219,trinaic towel rod,product_type,38,0,1.0,0.10526315789473684,,,0.4,1.0,0.21052631578947367,,,0.4,1.0,0.39473684210526316,,,0.3,
220,sheets for twinxl,product_type,127,52,0.9008240627729516,0.10309278350515463,0.15384615384615385,0.8461538461538461,1.0,0.8888464688182817,0.20618556701030927,0.3076923076923077,0.6923076923076923,1.0,0.8318025348260836,0.4845360824742268,0.6346153846153846,0.3653846153846154,0.94,0.7677971263929324
221,small space dining table and chairs sets,multi_constraint,1719,73,0.7438696424031014,0.007978723404255319,0.0684931506849315,0.9315068493150684,1.0,0.7387390156448721,0.016843971631205674,0.1506849315068493,0.8493150684931507,1.0,0.6541469014935428,0.0398936170212766,0.3013698630136986,0.6986301369863014,0.96,0.1185097087043188
222,small loving roomtables,attribute_constraint,77,31,0.7056544131665645,0.05555555555555555,0.06451612903225806,0.935483870967742,0.2,0.6466165047191518,0.05555555555555555,0.06451612903225806,0.935483870967742,0.1,0.7619633075858859,0.05555555555555555,0.06451612903225806,0.935483870967742,0.04,0.36670882789003206
223,wisdom stone river 3-3/4,multi_constraint,207,1,0.4577230415330084,0.3333333333333333,1.0,0.0,1.0,0.4567752694524242,0.3333333333333333,1.0,0.0,0.65,0.5097187413531477,0.4166666666666667,1.0,0.0,0.46,0.1999805281094771
224,twin over full bunk beds cool desins,multi_constraint,73,22,0.814346273715131,0.1095890410958904,0.2727272727272727,0.7272727272727273,0.8,0.7172640032840119,0.2054794520547945,0.45454545454545453,0.5454545454545454,0.75,0.853279406765545,0.4794520547945205,0.6363636363636364,0.36363636363636365,0.7,0.28902955478304215
225,white splashproof shiplap wallpaper,attribute_constraint,45,2,0.8205725510999616,0.15151515151515152,1.0,0.0,0.5,0.8640565904367702,0.2727272727272727,1.0,0.0,0.45,0.8924196995092776,0.30303030303030304,1.0,0.0,0.2,0.7981679513602703
226,power lift chair,product_type,316,197,1.0,0.028662420382165606,0.04568527918781726,0.9543147208121827,0.9,0.933089710527818,0.06050955414012739,0.08121827411167512,0.9187817258883249,0.95,0.821952705151003,0.15605095541401273,0.16243654822335024,0.8375634517766497,0.98,0.12358078229831315
227,owl,brand_entity_proxy,203,176,1.0,0.056818181818181816,0.056818181818181816,0.9431818181818182,1.0,1.0,0.11363636363636363,0.11363636363636363,0.8863636363636364,1.0,1.0,0.26136363636363635,0.26136363636363635,0.7386363636363636,0.92,0.5698584046156656
228,bee,brand_entity_proxy,244,178,1.0,0.055248618784530384,0.056179775280898875,0.9438202247191011,1.0,1.0,0.11049723756906077,0.11235955056179775,0.8876404494382022,1.0,0.9904743550716205,0.2430939226519337,0.24157303370786518,0.7584269662921348,0.88,0.6201568471130675
229,waterfall faucet,brand_entity_proxy,556,133,1.0,0.019417475728155338,0.07518796992481203,0.924812030075188,1.0,1.0,0.038834951456310676,0.15037593984962405,0.849624060150376,1.0,0.9748695813939884,0.09514563106796116,0.3609022556390977,0.6390977443609023,1.0,0.6320691346279733
230,gold,attribute_constraint,274,228,1.0,0.03463203463203463,0.03508771929824561,0.9649122807017544,0.8,1.0,0.07792207792207792,0.07894736842105263,0.9210526315789473,0.9,1.0,0.1471861471861472,0.14912280701754385,0.8508771929824561,0.68,0.37405657508650486
231,anti fatigue mat,product_type,359,307,1.0,0.027855153203342618,0.03257328990228013,0.9674267100977199,1.0,1.0,0.055710306406685235,0.06514657980456026,0.9348534201954397,1.0,1.0,0.1392757660167131,0.16286644951140064,0.8371335504885994,1.0,0.5966845930081675
232,storage dresser,product_type,2329,423,0.8777267965010664,0.0156794425087108,0.016548463356973995,0.983451536643026,0.9,0.8372160012967897,0.02613240418118467,0.028368794326241134,0.9716312056737588,0.8,0.8410552461518587,0.05749128919860627,0.06855791962174941,0.9314420803782506,0.74,0.6584131010108599
233,kelly clarkson light fixtures,product_type,156,81,0.7476660540889449,0.06622516556291391,0.08641975308641975,0.9135802469135803,1.0,0.7919197096964586,0.12582781456953643,0.18518518518518517,0.8148148148148149,0.95,0.8770068306546289,0.2913907284768212,0.4691358024691358,0.5308641975308642,0.88,0.6149454478814569
234,artificial orchid arrangement,product_type,144,107,1.0,0.06944444444444445,0.09345794392523364,0.9065420560747663,1.0,1.0,0.1388888888888889,0.18691588785046728,0.8130841121495327,1.0,0.9617853738130113,0.3472222222222222,0.42990654205607476,0.5700934579439252,1.0,0.4807882507068987
235,bathroom wastebasket,brand_entity_proxy,1368,133,0.9432379215722527,0.06535947712418301,0.06766917293233082,0.9323308270676691,1.0,0.9633676079520094,0.13071895424836602,0.14285714285714285,0.8571428571428572,1.0,0.9553521963371311,0.3006535947712418,0.3308270676691729,0.6691729323308271,0.94,0.42143487345479186
236,3 piece rug set with runners,multi_constraint,2202,29,0.7792303934337027,0.05056179775280899,0.20689655172413793,0.7931034482758621,1.0,0.7847699177787367,0.10112359550561797,0.41379310344827586,0.5862068965517242,0.95,0.8558941674683312,0.16853932584269662,0.5862068965517241,0.4137931034482759,0.62,0.4704572769861338
237,cloud modular sectional,product_type,205,4,0.9108954758022454,0.046875,0.75,0.25,0.9,0.9081421559767531,0.08854166666666667,0.75,0.25,0.9,0.9143549894909401,0.20833333333333334,0.75,0.25,0.86,0.08072089727832232
238,outdoor seat/back cushion,product_type,318,54,1.0,0.031545741324921134,0.18518518518518517,0.8148148148148149,1.0,0.9519620512897913,0.06309148264984227,0.3333333333333333,0.6666666666666667,1.0,0.8786305265705321,0.13564668769716087,0.6851851851851852,0.31481481481481477,0.86,0.5540388915210008
239,bathroom single faucet,product_type,573,146,0.9052116356304494,0.03333333333333333,0.06164383561643835,0.9383561643835616,1.0,0.9388266846219682,0.06666666666666667,0.1232876712328767,0.8767123287671232,0.95,0.8923849877978972,0.14444444444444443,0.2671232876712329,0.7328767123287672,0.86,0.2231527306040576
240,eiffel tower wall art,product_type,68,33,1.0,0.15625,0.30303030303030304,0.696969696969697,1.0,1.0,0.3125,0.6060606060606061,0.3939393939393939,1.0,0.9998065300547258,0.5,0.9696969696969697,0.030303030303030276,0.64,0.8775819878513508
241,decorative wall clocks,product_type,243,148,0.9537125187088151,0.047619047619047616,0.05405405405405406,0.9459459459459459,0.9,0.8614636143741666,0.08994708994708994,0.0945945945945946,0.9054054054054054,0.9,0.8659955026473398,0.21693121693121692,0.22972972972972974,0.7702702702702703,0.84,0.6338374989119889
242,accent leather chair,attribute_constraint,283,175,1.0,0.017793594306049824,0.02857142857142857,0.9714285714285714,0.5,0.9535699723234905,0.03202846975088968,0.05142857142857143,0.9485714285714286,0.45,0.9272494629823052,0.08896797153024912,0.13142857142857142,0.8685714285714285,0.5,0.4166846916577733
243,indoor multi tiered plant stand,multi_constraint,209,135,1.0,0.05154639175257732,0.07407407407407407,0.9259259259259259,1.0,1.0,0.0979381443298969,0.14074074074074075,0.8592592592592593,0.95,0.9690751618379433,0.2422680412371134,0.32592592592592595,0.674074074074074,0.94,0.5830350490357292
244,pull out sleeper loveseat,product_type,143,9,0.7023352569019711,0.02097902097902098,0.1111111111111111,0.8888888888888888,0.3,0.7501306105156135,0.02097902097902098,0.1111111111111111,0.8888888888888888,0.15,0.8185017068621304,0.055944055944055944,0.5555555555555556,0.4444444444444444,0.16,0.24275645948064528
245,anchor decor,brand_entity_proxy,485,57,1.0,0.058823529411764705,0.17543859649122806,0.8245614035087719,1.0,1.0,0.11764705882352941,0.3508771929824561,0.6491228070175439,1.0,0.9614479425920035,0.29411764705882354,0.8070175438596491,0.19298245614035092,1.0,0.5444248132221978
246,clear shower curtain,attribute_constraint,252,12,0.5534250996314135,0.08,0.16666666666666666,0.8333333333333334,1.0,0.6603289783767381,0.152,0.4166666666666667,0.5833333333333333,1.0,0.7805722752421751,0.384,0.5833333333333334,0.41666666666666663,0.98,0.823842812105508
247,beaded curtains,brand_entity_proxy,961,40,0.9432379215722527,0.014771048744460856,0.225,0.775,1.0,0.7993248858245999,0.029542097488921712,0.3,0.7,1.0,0.6819682651801446,0.06646971935007386,0.375,0.625,0.9,0.4980496804868119
248,surge protector,brand_entity_proxy,104,39,1.0,0.22727272727272727,0.2564102564102564,0.7435897435897436,1.0,1.0,0.45454545454545453,0.5128205128205128,0.4871794871794872,1.0,0.9587823527467983,0.75,0.8461538461538461,0.15384615384615385,0.7,0.7857854360104439
249,bistro table and chairs,product_type,197,124,1.0,0.05181347150259067,0.08064516129032258,0.9193548387096774,1.0,1.0,0.09844559585492228,0.1532258064516129,0.8467741935483871,0.95,1.0,0.2538860103626943,0.3951612903225806,0.6048387096774194,0.98,0.7953455885997036
250,multi color rug,product_type,131,96,1.0,0.08547008547008547,0.10416666666666667,0.8958333333333334,1.0,1.0,0.15384615384615385,0.1875,0.8125,0.9,0.9904143863782343,0.3247863247863248,0.3958333333333333,0.6041666666666667,0.76,0.6565177976742791
251,coffee container,brand_entity_proxy,1483,90,1.0,0.07352941176470588,0.1111111111111111,0.8888888888888888,1.0,0.9455761686668765,0.13970588235294118,0.2,0.8,1.0,0.840365966068347,0.2867647058823529,0.4111111111111111,0.5888888888888889,0.96,0.15134668777963178
252,accent chairs living room,product_type,443,100,1.0,0.013966480446927373,0.05,0.95,0.5,1.0,0.030726256983240222,0.11,0.89,0.55,0.9001831255433612,0.05027932960893855,0.18,0.8200000000000001,0.36,0.6916260110455341
253,antique brass faucet,product_type,117,5,0.5092932688116033,0.05172413793103448,0.2,0.8,0.6,0.6039932966959463,0.10344827586206896,0.2,0.8,0.6,0.7715295507848272,0.1724137931034483,0.2,0.8,0.4,0.18196674838738305
254,comfortable accent chair,product_type,201,131,0.49715421902680423,0.030303030303030304,0.007633587786259542,0.9923664122137404,0.6,0.5821104436620365,0.04040404040404041,0.015267175572519083,0.9847328244274809,0.4,0.6805498474747317,0.09090909090909091,0.05343511450381679,0.9465648854961832,0.36,0.1571161968950121
255,desk and chair set,product_type,217,107,1.0,0.04926108374384237,0.09345794392523364,0.9065420560747663,1.0,1.0,0.08866995073891626,0.16822429906542055,0.8317757009345794,0.9,1.0,0.21182266009852216,0.40186915887850466,0.5981308411214954,0.86,0.8132780950692883
256,high weight capacity bunk beds,multi_constraint,138,68,0.8611375561264455,0.07874015748031496,0.11764705882352941,0.8823529411764706,1.0,0.8855115458856936,0.12598425196850394,0.19117647058823528,0.8088235294117647,0.8,0.8846699840209014,0.28346456692913385,0.4264705882352941,0.5735294117647058,0.72,0.6912049415159623
257,living room coffee table sets,multi_constraint,1834,132,0.8532721558012799,0.007457121551081283,0.06818181818181818,0.9318181818181819,1.0,0.8112118472054126,0.014168530947054437,0.11363636363636363,0.8863636363636364,0.95,0.7851246344037736,0.035048471290082026,0.25,0.75,0.94,0.6646353420247617
258,breakfast bar table,product_type,126,58,0.9368077570869662,0.056,0.10344827586206896,0.896551724137931,0.7,0.8871980032945473,0.112,0.1896551724137931,0.8103448275862069,0.7,0.8083718230588106,0.192,0.3103448275862069,0.6896551724137931,0.48,0.3802288316500436
259,nursery end table,product_type,634,0,1.0,0.014218009478672985,,,0.9,1.0,0.02527646129541864,,,0.8,1.0,0.061611374407582936,,,0.78,-0.015527662830514424
260,retractable side awning,product_type,68,26,0.955830517697074,0.20833333333333334,0.34615384615384615,0.6538461538461539,1.0,0.9276439366346234,0.4166666666666667,0.6538461538461539,0.34615384615384615,1.0,0.9663223726210495,0.9166666666666666,1.0,0.0,0.88,0.8265536820698863
261,semi flush foyer light,product_type,175,125,0.9537125187088151,0.05142857142857143,0.064,0.9359999999999999,0.9,0.9452564040212558,0.10857142857142857,0.136,0.864,0.95,0.9097690105629123,0.2742857142857143,0.32,0.6799999999999999,0.96,0.2596560300060357
262,bathroom freestanding cabinet,product_type,138,87,1.0,0.07352941176470588,0.11494252873563218,0.8850574712643678,1.0,1.0,0.14705882352941177,0.22988505747126436,0.7701149425287357,1.0,1.0,0.36764705882352944,0.5747126436781609,0.4252873563218391,1.0,0.7319663579729838
263,small curtain rods,attribute_constraint,291,75,0.4633699204643559,0.04,0.04,0.96,0.8,0.5217261607875119,0.088,0.10666666666666667,0.8933333333333333,0.9,0.5332179187820456,0.248,0.29333333333333333,0.7066666666666667,0.9,0.3360928846818808
264,cortez pillow,brand_entity_proxy,897,15,1.0,0.01669449081803005,0.6666666666666666,0.33333333333333337,1.0,1.0,0.0333889816360601,1.0,0.0,1.0,0.9923680522782622,0.07345575959933222,1.0,0.0,0.9,0.6149485550811068
265,candace wingback upholstered bed,product_type,690,0,1.0,0.011851851851851851,,,0.8,0.9659370277440175,0.014814814814814815,,,0.5,0.9348978480033164,0.028148148148148148,,,0.4,-0.04443021309923154
266,champagne velvet desk chair,product_type,353,1,0.6943559465628248,0.02857142857142857,0.0,1.0,1.0,0.7787676299523247,0.05714285714285714,0.0,1.0,1.0,0.865751383782762,0.10571428571428572,0.0,1.0,0.74,0.12483167387568288
267,dolomite subway tile,product_type,154,2,1.0,0.05844155844155844,1.0,0.0,0.9,1.0,0.12337662337662338,1.0,0.0,0.95,1.0,0.3116883116883117,1.0,0.0,0.96,0.1961037301832307
268,betty resin free standing umbrella,multi_constraint,311,1,1.0,0.11904761904761904,1.0,0.0,1.0,1.0,0.23809523809523808,1.0,0.0,1.0,1.0,0.5952380952380952,1.0,0.0,1.0,0.6863328512319465
269,donaldson teak couch,product_type,99,0,1.0,0.0967741935483871,,,0.9,1.0,0.1827956989247312,,,0.85,1.0,0.3655913978494624,,,0.68,0.31404822754692885
270,edge chair mat,product_type,95,42,0.8340611153182703,0.09574468085106383,0.16666666666666666,0.8333333333333334,0.9,0.7514057732589515,0.20212765957446807,0.2619047619047619,0.7380952380952381,0.95,0.7919015745428042,0.5212765957446809,0.6666666666666666,0.33333333333333337,0.98,0.318404479105619
271,chinese flower stand,product_type,96,1,0.6943559465628248,0.08695652173913043,0.0,1.0,0.8,0.7787676299523247,0.14130434782608695,0.0,1.0,0.65,0.865751383782762,0.30434782608695654,0.0,1.0,0.56,0.27070681103107047
272,oliver parsons,brand_entity_proxy,115,0,1.0,0.023255813953488372,,,0.2,1.0,0.06976744186046512,,,0.3,0.9683884640718741,0.2441860465116279,,,0.42,0.6351690812534565
273,stainless steel free standing shower caddy,multi_constraint,542,4,0.7367184225693568,0.10869565217391304,0.5,0.5,1.0,0.7907603119893795,0.21739130434782608,0.5,0.5,1.0,0.878863303910789,0.5434782608695652,0.75,0.25,1.0,0.5845135242881759
274,gowdy height adjustable standing desk,multi_constraint,331,1,1.0,0.10416666666666667,1.0,0.0,1.0,1.0,0.20833333333333334,1.0,0.0,1.0,0.9872093682817328,0.5104166666666666,1.0,0.0,1.0,0.43821067855885926
275,hinged square ottoman,attribute_constraint,127,13,0.5289578556346352,0.056,0.15384615384615385,0.8461538461538461,0.7,0.6300540469988444,0.088,0.23076923076923078,0.7692307692307692,0.55,0.7658170915252744,0.216,0.6153846153846154,0.3846153846153846,0.54,0.24584664355828842
276,chaves l-shape floating desk with hutch,multi_constraint,377,0,1.0,0.0273972602739726,,,1.0,1.0,0.0547945205479452,,,1.0,1.0,0.136986301369863,,,1.0,0.297533531083772
277,barstool patio sets,product_type,256,44,0.8480411588814943,0.025510204081632654,0.09090909090909091,0.9090909090909091,0.5,0.7893301018270423,0.04081632653061224,0.11363636363636363,0.8863636363636364,0.4,0.7430071117184169,0.12244897959183673,0.29545454545454547,0.7045454545454546,0.48,0.7327296176331661
278,parakeet toy,product_type,112,7,0.5418910013415713,0.12987012987012986,0.2857142857142857,0.7142857142857143,1.0,0.6944615763444424,0.24675324675324675,0.5714285714285714,0.4285714285714286,0.95,0.8235117450306138,0.4805194805194805,0.8571428571428571,0.1428571428571429,0.74,0.6314995099951556
279,marlon tufted queen bed,attribute_constraint,374,1,1.0,0.021621621621621623,1.0,0.0,0.8,1.0,0.04054054054054054,1.0,0.0,0.75,1.0,0.10810810810810811,1.0,0.0,0.8,0.1458085589318505
280,johan desk by laurel foundry,multi_constraint,116,0,1.0,0.03773584905660377,,,0.4,1.0,0.03773584905660377,,,0.2,1.0,0.09433962264150944,,,0.2,0.4733098482031973
281,brunk ship wheel,product_type,90,1,0.8259896754927477,0.19607843137254902,1.0,0.0,1.0,0.8740472256188766,0.39215686274509803,1.0,0.0,1.0,0.784895621606791,0.7254901960784313,1.0,0.0,0.9,0.6248367588861367
282,grantola wall mirror,product_type,130,1,1.0,0.06976744186046512,1.0,0.0,0.9,1.0,0.13178294573643412,1.0,0.0,0.85,1.0,0.21705426356589147,1.0,0.0,0.56,0.20988295349979266
283,gaia driftwood table,product_type,115,1,1.0,0.03773584905660377,1.0,0.0,0.4,0.9709467104359008,0.04716981132075472,1.0,0.0,0.25,0.9823698316855779,0.08490566037735849,1.0,0.0,0.18,0.19990309100211096
284,family lamp,product_type,331,0,1.0,0.029197080291970802,,,0.8,1.0,0.058394160583941604,,,0.8,1.0,0.13138686131386862,,,0.72,0.5978459395440454
285,"48"" sliding single track , barn door for laundry",long_descriptive,183,7,0.6045588977664643,0.08695652173913043,0.2857142857142857,0.7142857142857143,1.0,0.6912570216454533,0.16521739130434782,0.42857142857142855,0.5714285714285714,1.0,0.8204303118357301,0.3565217391304348,0.7142857142857143,0.2857142857142857,0.86,0.6017217655258877
286,hitchcock mid-century wall shelf,multi_constraint,256,0,1.0,0.05847953216374269,,,1.0,1.0,0.10526315789473684,,,0.9,0.9549635833114987,0.2222222222222222,,,0.8,0.5586730499822428
287,cover set for outdoor furniture,multi_constraint,406,45,0.7348851780912219,0.09523809523809523,0.13333333333333333,0.8666666666666667,1.0,0.7776183387324619,0.18095238095238095,0.28888888888888886,0.7111111111111111,0.95,0.7896722526751083,0.37142857142857144,0.6444444444444445,0.3555555555555555,0.8,0.6755585717513599
288,round outdoor patio cover,attribute_constraint,272,0,1.0,0.0970873786407767,,,1.0,1.0,0.18446601941747573,,,0.95,0.9706844914300893,0.4077669902912621,,,0.86,0.700856683428001
289,coma inducer comforter king set,multi_constraint,251,27,1.0,0.04310344827586207,0.37037037037037035,0.6296296296296297,1.0,0.9512942943729805,0.08620689655172414,0.6666666666666666,0.33333333333333337,1.0,0.9747574421370996,0.21120689655172414,0.9629629629629629,0.03703703703703709,0.98,0.616333509383887
290,mission double vanity,product_type,168,0,1.0,0.047619047619047616,,,0.8,1.0,0.08333333333333333,,,0.7,1.0,0.21428571428571427,,,0.72,
291,front door cabinet with doors,multi_constraint,218,15,0.3333333333333333,0.03317535545023697,0.0,1.0,0.7,0.37522153963031174,0.07582938388625593,0.0,1.0,0.8,0.5558971287153963,0.17061611374407584,0.06666666666666667,0.9333333333333333,0.72,0.17970190879174627
292,decorative white pillow,attribute_constraint,204,12,0.2609130957159234,0.0136986301369863,0.0,1.0,0.3,0.30633995554518,0.03424657534246575,0.0,1.0,0.35,0.4717913114962088,0.0958904109589041,0.0,1.0,0.38,0.22901713637099336
293,wood floor protector mat,attribute_constraint,102,13,0.4312029135226515,0.0273972602739726,0.0,1.0,0.2,0.47176352415815564,0.0410958904109589,0.0,1.0,0.15,0.695515349694322,0.1095890410958904,0.15384615384615385,0.8461538461538461,0.18,0.5190259997172483
294,moen multi function dual shower head,multi_constraint,136,0,1.0,0.10204081632653061,,,1.0,1.0,0.20408163265306123,,,1.0,0.9718290746677406,0.4489795918367347,,,0.9,0.6156737528997487
295,end table between recliners,product_type,139,6,0.6639455028696112,0.04477611940298507,0.3333333333333333,0.6666666666666667,0.6,0.7081681427189455,0.07462686567164178,0.3333333333333333,0.6666666666666667,0.5,0.7957976586889235,0.12686567164179105,0.3333333333333333,0.6666666666666667,0.36,0.059181595211155284
296,zakariyah twin platform,attribute_constraint,171,1,1.0,0.03529411764705882,1.0,0.0,0.6,0.9744058247626352,0.07058823529411765,1.0,0.0,0.6,0.9844688975302426,0.1588235294117647,1.0,0.0,0.56,0.01971793319861093
297,seat cushions desk,product_type,487,8,0.25081999022883733,0.050505050505050504,0.125,0.875,1.0,0.24275309535589001,0.0707070707070707,0.125,0.875,0.95,0.24914974486466002,0.13131313131313133,0.25,0.75,0.9,-0.14650440477221455
298,small woven pouf,attribute_constraint,98,9,0.3480974911723065,0.10204081632653061,0.0,1.0,1.0,0.4527720005104149,0.20408163265306123,0.0,1.0,1.0,0.6749760623371189,0.5102040816326531,0.4444444444444444,0.5555555555555556,1.0,-0.008118658189535615
300,animal print handmade tufted wool beige/black area rug by allmodern,long_descriptive,1114,2,0.5821032065260975,0.008992805755395683,0.0,1.0,1.0,0.6833800218492042,0.017985611510791366,0.0,1.0,1.0,0.798147164547621,0.044964028776978415,0.0,1.0,1.0,0.06316735696421497
301,circle cabinet pulls,product_type,148,2,0.5364673227675151,0.00684931506849315,0.0,1.0,0.1,0.648803942912535,0.04794520547945205,0.0,1.0,0.4,0.7761040843448046,0.11643835616438356,0.0,1.0,0.36,-0.0673404490507766
302,mattress foam topper queen,attribute_constraint,238,59,0.9575861412006988,0.04739336492890995,0.15254237288135594,0.847457627118644,1.0,0.8790968727566743,0.0947867298578199,0.2542372881355932,0.7457627118644068,1.0,0.8619405341024595,0.23696682464454977,0.6440677966101694,0.35593220338983056,1.0,0.6255862951935898
303,hawaii vintage art,style,72,8,0.9957591943893841,0.15151515151515152,1.0,0.0,1.0,0.9964675584678003,0.30303030303030304,1.0,0.0,1.0,0.9974621024071162,0.5151515151515151,1.0,0.0,0.68,0.6699982302524508
304,merlyn 6,attribute_constraint,759,0,0.0,0.0,,,0.8,0.0,0.0,,,0.7,0.0,0.0,,,0.72,-0.05433193007658005
305,ligth bulb,brand_entity_proxy,299,193,0.3775028156362593,0.010238907849829351,0.0,1.0,0.3,0.42759937707709467,0.020477815699658702,0.0,1.0,0.3,0.5304925572451484,0.040955631399317405,0.0051813471502590676,0.9948186528497409,0.24,0.07222809522995724
306,mobley zero gravity adjustable bed with wireless remote,long_descriptive,114,2,1.0,0.1111111111111111,1.0,0.0,1.0,1.0,0.2222222222222222,1.0,0.0,1.0,1.0,0.5555555555555556,1.0,0.0,1.0,0.6650011414582205
307,real touch roses floral arrangements in glass vase,long_descriptive,189,6,0.8661976753294208,0.057803468208092484,0.8333333333333334,0.16666666666666663,1.0,0.8906720518507957,0.11560693641618497,0.8333333333333334,0.16666666666666663,1.0,0.9436532565217468,0.2832369942196532,1.0,0.0,0.98,0.4779579405806773
308,led 60,attribute_constraint,776,2,0.5269265956852179,0.018480492813141684,0.0,1.0,1.0,0.6181515568214494,0.028747433264887063,0.0,1.0,0.75,0.7843161013996502,0.07186858316221766,1.0,0.0,0.78,0.63812896247583
309,moen 5995 arbor one,attribute_constraint,72,0,0.48882922182497557,0.07692307692307693,,,0.3,0.521929644123759,0.07692307692307693,,,0.2,0.7049394145228812,0.07692307692307693,,,0.12,0.2295717120336341
310,meade mirror,product_type,589,4,1.0,0.02288329519450801,1.0,0.0,1.0,1.0,0.04576659038901602,1.0,0.0,1.0,0.9881945120128424,0.11212814645308924,1.0,0.0,1.0,0.664439722219906
311,odum velvet,brand_entity_proxy,571,4,0.5880687303248302,0.011090573012939002,0.5,0.5,0.7,0.6529070820705477,0.0166358595194085,0.5,0.5,0.5,0.7549064681969344,0.033271719038817,0.5,0.5,0.4,0.06580673157210727
312,coat rack for bedroom,product_type,119,10,0.6491130601453098,0.07563025210084033,0.5,0.5,0.9,0.7034344820187209,0.12605042016806722,0.5,0.5,0.75,0.8376783407099564,0.2857142857142857,0.7,0.30000000000000004,0.68,0.29626819035422514
313,malachi sled,brand_entity_proxy,105,3,0.9595468207283594,0.0410958904109589,1.0,0.0,0.3,0.9213338509969756,0.0410958904109589,1.0,0.0,0.15,0.870081631088811,0.0684931506849315,1.0,0.0,0.1,0.4274900296493532
314,body pillow and case,product_type,145,11,0.43893943504566835,0.06382978723404255,0.09090909090909091,0.9090909090909091,0.9,0.6295534814949694,0.1347517730496454,0.45454545454545453,0.5454545454545454,0.95,0.7739417927203901,0.2765957446808511,0.5454545454545454,0.4545454545454546,0.78,0.3852849914818185
315,medium clips,brand_entity_proxy,316,4,0.9909331158293706,0.16129032258064516,1.0,0.0,1.0,0.9927942090228828,0.3225806451612903,1.0,0.0,1.0,0.9431923233389989,0.6612903225806451,1.0,0.0,0.88,0.6605685378600378
316,rolande heavy duty power lift assist recliner,multi_constraint,406,1,0.6943559465628248,0.030211480362537766,0.0,1.0,1.0,0.8308477017867739,0.06042296072507553,1.0,0.0,1.0,0.8973547046474368,0.1510574018126888,1.0,0.0,1.0,0.6749507251341081
317,hulmeville writing desk with hutch,multi_constraint,340,2,1.0,0.029585798816568046,1.0,0.0,1.0,1.0,0.05621301775147929,1.0,0.0,0.95,1.0,0.1390532544378698,1.0,0.0,0.94,0.0723844737871534
318,sunjoy lantern,brand_entity_proxy,156,1,0.6943559465628248,0.05,0.0,1.0,0.7,0.7787676299523247,0.09285714285714286,0.0,1.0,0.65,0.865751383782762,0.2571428571428571,0.0,1.0,0.72,0.4079547931118177
319,landis wall mounted bathroom shelves,multi_constraint,673,1,1.0,0.05917159763313609,1.0,0.0,1.0,1.0,0.10059171597633136,1.0,0.0,0.85,0.9501636626545358,0.24260355029585798,1.0,0.0,0.88,0.496924441601141
320,blaylock bookcase headboard,product_type,93,1,1.0,0.1282051282051282,1.0,0.0,1.0,1.0,0.2564102564102564,1.0,0.0,1.0,1.0,0.6410256410256411,1.0,0.0,1.0,0.4604075634798385
321,hussain handmade tufted magenta rug,multi_constraint,297,1,1.0,0.02356902356902357,1.0,0.0,0.7,1.0,0.04377104377104377,1.0,0.0,0.65,1.0,0.10101010101010101,1.0,0.0,0.6,0.10033500931359768
322,cream queen duvet cover,attribute_constraint,242,0,1.0,0.04149377593360996,,,1.0,1.0,0.08298755186721991,,,1.0,1.0,0.2074688796680498,,,1.0,0.11111111111111112
323,hub leaning full length mirror,multi_constraint,126,1,1.0,0.08,1.0,0.0,1.0,1.0,0.16,1.0,0.0,1.0,1.0,0.384,1.0,0.0,0.96,0.2164928205676353
324,chase utility laundry cart,product_type,113,1,1.0,0.08571428571428572,1.0,0.0,0.9,1.0,0.18095238095238095,1.0,0.0,0.95,1.0,0.3904761904761905,1.0,0.0,0.82,0.36983614063451437
325,outdoor waterproof chest,product_type,120,46,0.7015099647232445,0.06976744186046512,0.08695652173913043,0.9130434782608696,0.7,0.6932877150256979,0.11627906976744186,0.17391304347826086,0.8260869565217391,0.55,0.7187626293619451,0.2558139534883721,0.3695652173913043,0.6304347826086957,0.5,0.37653988469263844
326,bowersville ladder writing desk,product_type,284,1,1.0,0.028268551236749116,1.0,0.0,0.8,1.0,0.045936395759717315,1.0,0.0,0.65,1.0,0.13427561837455831,1.0,0.0,0.76,0.1448395753739787
327,kohler purist brushed bronze,product_type,115,8,0.42707280183811397,0.11363636363636363,0.125,0.875,1.0,0.5227718467812869,0.2159090909090909,0.125,0.875,0.95,0.7078985281891633,0.4772727272727273,0.5,0.5,0.86,0.6209422846113375
328,golub dining table,product_type,659,1,1.0,0.012364760432766615,1.0,0.0,0.8,0.9739599640827753,0.02627511591962906,1.0,0.0,0.85,0.9841983395676627,0.06491499227202473,1.0,0.0,0.86,0.078836683699175
329,wayfair tension rod,product_type,83,2,1.0,0.12195121951219512,1.0,0.0,1.0,1.0,0.24390243902439024,1.0,0.0,1.0,1.0,0.45121951219512196,1.0,0.0,0.74,0.24711995550697977
330,kari 2 piece,attribute_constraint,600,1,0.2752370541183385,0.008771929824561403,1.0,0.0,0.5,0.1992230672338483,0.017543859649122806,1.0,0.0,0.5,0.14672897571866408,0.017543859649122806,1.0,0.0,0.48,-0.33517867403995927
331,upholstered girls bed,product_type,533,52,0.7406794336655346,0.011320754716981131,0.07692307692307693,0.9230769230769231,0.6,0.6460484901128384,0.020754716981132074,0.09615384615384616,0.9038461538461539,0.55,0.5849117395502234,0.04905660377358491,0.17307692307692307,0.8269230769230769,0.52,0.15107817757751632
332,attleboro drum coffee table,product_type,1410,1,1.0,0.0071174377224199285,1.0,0.0,1.0,1.0,0.014234875444839857,1.0,0.0,1.0,1.0,0.03558718861209965,1.0,0.0,1.0,0.0998531483020029
333,stainless steel colander set,product_type,315,21,0.9432379215722527,0.12048192771084337,0.42857142857142855,0.5714285714285714,1.0,0.7737269875479855,0.24096385542168675,0.5238095238095238,0.47619047619047616,1.0,0.9610233412261754,0.6024096385542169,1.0,0.0,1.0,0.7104215418405166
334,itchington butterfly,brand_entity_proxy,122,6,0.928725055863521,0.16,1.0,0.0,1.0,0.793663608492268,0.18,1.0,0.0,0.85,0.6804728056588739,0.3,1.0,0.0,0.76,0.34233952635942894
335,canadian,brand_entity_proxy,81,42,1.0,0.23809523809523808,0.23809523809523808,0.7619047619047619,1.0,1.0,0.42857142857142855,0.42857142857142855,0.5714285714285714,0.9,0.9311352682808867,0.5476190476190477,0.5476190476190477,0.45238095238095233,0.46,0.7566495479230771
336,mystic swivel,brand_entity_proxy,360,1,1.0,0.029154518950437316,1.0,0.0,1.0,1.0,0.05830903790087463,1.0,0.0,1.0,1.0,0.1457725947521866,1.0,0.0,1.0,0.21083354959439488
337,iittala bowl,brand_entity_proxy,201,39,0.955830517697074,0.08264462809917356,0.23076923076923078,0.7692307692307692,1.0,0.9095704037110209,0.15702479338842976,0.4358974358974359,0.5641025641025641,1.0,0.8729935869396906,0.39669421487603307,0.7692307692307693,0.23076923076923073,0.98,0.8028019111307259
338,mahone porch rocking chair,product_type,204,1,0.8871958738785231,0.05714285714285714,1.0,0.0,1.0,0.9183497146685337,0.11428571428571428,1.0,0.0,1.0,0.9504528301300131,0.2857142857142857,1.0,0.0,1.0,0.5646260300875043
339,ruckus chair,product_type,3044,6,0.7352205296465154,0.038461538461538464,0.6666666666666666,0.33333333333333337,0.6,0.6007380824011853,0.04807692307692308,0.8333333333333334,0.16666666666666663,0.7,0.46907604524583335,0.057692307692307696,0.8333333333333334,0.16666666666666663,0.74,0.05181374053302395
340,berenice 4 storage cabinet,attribute_constraint,505,3,0.9842543681010357,0.024691358024691357,1.0,0.0,1.0,0.9877326743057525,0.044444444444444446,1.0,0.0,0.9,0.9788520202781836,0.10123456790123457,1.0,0.0,0.84,0.43142024114659194
341,canvas map art,product_type,199,22,1.0,0.04522613065326633,0.4090909090909091,0.5909090909090908,0.9,0.8155820357874273,0.08542713567839195,0.5454545454545454,0.4545454545454546,0.85,0.9279659713528324,0.18090452261306533,0.7272727272727273,0.2727272727272727,0.72,0.4703299411444161
342,brendon counter stool,product_type,478,2,0.8718838771078951,0.020964360587002098,1.0,0.0,1.0,0.9029326746116895,0.041928721174004195,1.0,0.0,1.0,0.9381172502953129,0.10482180293501048,1.0,0.0,1.0,0.12818270987633146
343,navy and peach bedding,product_type,116,0,1.0,0.008695652173913044,,,0.1,1.0,0.034782608695652174,,,0.2,1.0,0.09565217391304348,,,0.22,0.01810144347361855
344,ottoman bed queen,attribute_constraint,116,0,0.9216017310213247,0.03508771929824561,,,0.4,0.9494043170253829,0.05263157894736842,,,0.35,0.9723821856645821,0.10526315789473684,,,0.26,-0.1008675621504434
345,oriental vanity,brand_entity_proxy,1148,0,0.9148568823583791,0.011889035667107,,,1.0,0.945051411928014,0.02509907529722589,,,1.0,0.9554375450919035,0.062087186261558784,,,0.98,0.6217562090414775
346,nesting tray set,product_type,110,19,0.955830517697074,0.11363636363636363,0.47368421052631576,0.5263157894736843,1.0,0.8765943838145478,0.2159090909090909,0.7368421052631579,0.26315789473684215,0.95,0.9672023190054564,0.42045454545454547,0.9473684210526315,0.052631578947368474,0.74,0.7437090454162599
347,olive green console table,attribute_constraint,577,0,1.0,0.017513134851138354,,,1.0,1.0,0.03327495621716287,,,0.95,1.0,0.08581436077057793,,,0.98,0.172010455296431
348,one alium way,product_type,2,0,1.0,0.0,,,0.0,1.0,0.0,,,0.0,1.0,0.0,,,0.0,
349,mud room sign,product_type,98,5,0.8770914975690763,0.06315789473684211,0.6,0.4,0.6,0.9403805915021793,0.12631578947368421,0.8,0.19999999999999996,0.6,0.9589613333937919,0.24210526315789474,1.0,0.0,0.46,0.3942694619744028
351,white bathroom vanity black hardware,multi_constraint,727,0,1.0,0.014184397163120567,,,1.0,1.0,0.028368794326241134,,,1.0,1.0,0.07092198581560284,,,1.0,0.2960598055049912
352,amarillo,brand_entity_proxy,81,29,1.0,0.27586206896551724,0.27586206896551724,0.7241379310344828,0.8,1.0,0.5517241379310345,0.5517241379310345,0.4482758620689655,0.8,1.0,0.7931034482758621,0.7931034482758621,0.2068965517241379,0.46,0.8304421390689802
353,pennfield playhouse,brand_entity_proxy,54,1,1.0,0.4,1.0,0.0,1.0,0.972937690366868,0.68,1.0,0.0,0.9,0.9961700940051041,0.84,1.0,0.0,0.44,0.8425358548255774
354,tressler rug,product_type,1402,0,1.0,0.007288629737609329,,,1.0,1.0,0.013848396501457727,,,0.95,1.0,0.03498542274052478,,,0.96,0.2493003449836312
355,argenteuil,brand_entity_proxy,59,30,1.0,0.3333333333333333,0.3333333333333333,0.6666666666666667,1.0,1.0,0.6666666666666666,0.6666666666666666,0.33333333333333337,1.0,0.9996060479741372,0.9666666666666667,0.9666666666666667,0.033333333333333326,0.58,0.8620436777900274
356,platform bed side table,product_type,960,0,1.0,0.010615711252653927,,,1.0,1.0,0.021231422505307854,,,1.0,0.9693160204010303,0.049893842887473464,,,0.98,-0.07773037935656897
357,tall free standing pet gate,multi_constraint,355,34,0.7373232024126578,0.1694915254237288,0.14705882352941177,0.8529411764705882,1.0,0.7366426368376602,0.3389830508474576,0.3235294117647059,0.6764705882352942,1.0,0.9054597334728784,0.847457627118644,0.9411764705882353,0.05882352941176472,1.0,0.642709376697389
358,sliding closet mirror,product_type,116,4,0.9464134469677261,0.061946902654867256,0.75,0.25,0.7,0.9574127679290766,0.10619469026548672,1.0,0.0,0.6,0.960603192809495,0.24778761061946902,1.0,0.0,0.56,0.30407868588880144
359,french molding,brand_entity_proxy,203,8,0.6001439694302613,0.06896551724137931,0.375,0.625,1.0,0.6875322618885115,0.12413793103448276,0.5,0.5,0.95,0.7521798057651657,0.2,0.625,0.375,0.76,0.38598728030250573
360,huntsville sectional sofa,product_type,125,0,1.0,0.032,,,0.4,1.0,0.072,,,0.45,1.0,0.168,,,0.42,
361,kisner,brand_entity_proxy,98,25,1.0,0.32,0.32,0.6799999999999999,0.8,1.0,0.64,0.64,0.36,0.8,0.9982808939167078,0.84,0.84,0.16000000000000003,0.42,0.7501075428696289
362,brushed gold wall decor,attribute_constraint,245,0,1.0,0.03125,,,0.7,1.0,0.05803571428571429,,,0.65,1.0,0.13392857142857142,,,0.6,0.39251968696037753
363,fortunat coffee table,product_type,1380,1,0.6943559465628248,0.007246376811594203,0.0,1.0,1.0,0.7787676299523247,0.014492753623188406,0.0,1.0,1.0,0.865751383782762,0.035507246376811595,0.0,1.0,0.98,0.02382805746996641
364,croscill ashton,brand_entity_proxy,114,0,0.9216017310213247,0.13333333333333333,,,0.7,0.9494043170253829,0.24444444444444444,,,0.6,0.8894845111342449,0.4666666666666667,,,0.46,0.7326715864773119
365,gas detector,brand_entity_proxy,130,9,0.7976685874009682,0.43478260869565216,0.6666666666666666,0.33333333333333337,1.0,0.8680841231907486,0.782608695652174,0.8888888888888888,0.11111111111111116,1.0,0.8961129860306117,0.8695652173913043,1.0,0.0,0.96,0.6000242863404601
366,drudge report,brand_entity_proxy,1,0,,,,,0.0,,,,,0.0,,,,,0.0,
367,wooden chair outdoor,attribute_constraint,202,42,0.5876535327723719,0.02040816326530612,0.047619047619047616,0.9523809523809523,0.4,0.6368949418617614,0.05102040816326531,0.09523809523809523,0.9047619047619048,0.5,0.6649612838778698,0.12755102040816327,0.30952380952380953,0.6904761904761905,0.5,0.4337920107908482
368,pasta tools,brand_entity_proxy,143,81,1.0,0.08333333333333333,0.12345679012345678,0.8765432098765432,1.0,1.0,0.16666666666666666,0.24691358024691357,0.7530864197530864,1.0,0.9619344835107323,0.4,0.5432098765432098,0.45679012345679015,0.96,0.6749035339767955
369,wrought tv stand,product_type,362,2,0.5821032065260975,0.027777777777777776,0.0,1.0,1.0,0.7290810490353403,0.05555555555555555,0.5,0.5,1.0,0.827282666275861,0.1388888888888889,0.5,0.5,1.0,0.12749917891502957
370,rug for teen room,product_type,3,1,0.8213137146137828,0.0,0.0,1.0,0.0,0.8213137146137828,0.0,0.0,1.0,0.0,0.8213137146137828,0.0,0.0,1.0,0.0,0.0
371,milk cow chair,product_type,112,8,0.4684582515218598,0.030927835051546393,0.125,0.875,0.4,0.5396726421578875,0.05154639175257732,0.25,0.75,0.35,0.6800261100064862,0.07216494845360824,0.375,0.625,0.18,0.18749989719925278
372,verden callan,brand_entity_proxy,120,1,0.8726483110678437,0.08333333333333333,1.0,0.0,0.5,0.8769642413262289,0.10416666666666667,1.0,0.0,0.35,0.8674844488389529,0.16666666666666666,1.0,0.0,0.22,0.7270211854846821
373,togo chair,product_type,3233,0,1.0,0.0028680688336520078,,,0.9,1.0,0.0057361376673040155,,,0.9,1.0,0.011790949649458253,,,0.74,0.2761920209071427
374,sinks bed frame,product_type,170,0,1.0,0.06382978723404255,,,0.9,1.0,0.09929078014184398,,,0.7,0.9843500333548644,0.2198581560283688,,,0.64,0.6132796805256693
375,pastel pink desk chair,product_type,211,0,1.0,0.03864734299516908,,,0.8,1.0,0.05314009661835749,,,0.55,1.0,0.12077294685990338,,,0.5,0.19855330512773528
376,island estate coffee table,product_type,1430,3,0.9066056081130398,0.00700770847932726,1.0,0.0,1.0,0.9272369994011558,0.01401541695865452,1.0,0.0,1.0,0.9520748087516596,0.0350385423966363,1.0,0.0,1.0,0.10806159181285019
377,glinda upholstered bench,product_type,134,0,1.0,0.07462686567164178,,,1.0,1.0,0.14925373134328357,,,1.0,1.0,0.373134328358209,,,1.0,
378,cliffside 5 light candle style drum chandelier,multi_constraint,580,0,1.0,0.017825311942959002,,,1.0,1.0,0.035650623885918005,,,1.0,1.0,0.08912655971479501,,,1.0,0.27961905702902484
379,urban outfitters duvet,product_type,71,0,1.0,0.1267605633802817,,,0.9,1.0,0.22535211267605634,,,0.8,1.0,0.39436619718309857,,,0.56,
380,gravity feeder,brand_entity_proxy,124,6,0.8772606727407974,0.2222222222222222,0.8333333333333334,0.16666666666666663,1.0,0.9405834233538687,0.4444444444444444,1.0,0.0,1.0,0.8861245946091836,0.8444444444444444,1.0,0.0,0.84,0.7219253320504561
381,farmhouse hood vent,style,80,0,1.0,0.1,,,0.8,1.0,0.2125,,,0.85,1.0,0.45,,,0.72,
382,counter top one cup hot water dispenser,multi_constraint,89,4,0.4700182601018591,0.18181818181818182,0.0,1.0,1.0,0.5788037469624102,0.36363636363636365,0.0,1.0,1.0,0.7487819837882415,0.8181818181818182,0.5,0.5,0.92,0.754165562150633
383,minnestrista,brand_entity_proxy,3,0,1.0,0.0,,,0.0,1.0,0.0,,,0.0,1.0,0.0,,,0.0,
384,dining table vinyl cloth,product_type,687,20,0.8277801660067686,0.16393442622950818,0.35,0.65,1.0,0.7731586667706564,0.32786885245901637,0.6,0.4,1.0,0.8613129437611381,0.5901639344262295,0.95,0.050000000000000044,0.76,0.3936147367523932
385,mom urn,brand_entity_proxy,55,0,1.0,0.37037037037037035,,,1.0,0.9659370277440175,0.6666666666666666,,,0.95,0.9913580906345963,0.8518518518518519,,,0.5,0.7950021563841276
386,alter furniture,brand_entity_proxy,298,0,1.0,0.0,,,0.0,1.0,0.005076142131979695,,,0.05,0.9862624056311926,0.005076142131979695,,,0.02,0.5999078634472439
387,self enclosed planters,product_type,92,0,1.0,0.10869565217391304,,,1.0,1.0,0.20652173913043478,,,0.95,1.0,0.32608695652173914,,,0.6,
388,outdoor sectional doning,product_type,64,0,1.0,0.016666666666666666,,,0.1,1.0,0.1,,,0.3,1.0,0.21666666666666667,,,0.26,0.3983482379543289
389,brush nickel faucet bathroom,product_type,337,157,0.7476007959739591,0.006191950464396285,0.006369426751592357,0.9936305732484076,0.2,0.7132886510562044,0.009287925696594427,0.012738853503184714,0.9872611464968153,0.15,0.6721897257614416,0.021671826625386997,0.025477707006369428,0.9745222929936306,0.14,0.09000625970512988
390,cushion replacement insert,product_type,61,0,1.0,0.13114754098360656,,,0.8,1.0,0.16393442622950818,,,0.5,1.0,0.2459016393442623,,,0.3,
391,"writing desk 48""",attribute_constraint,229,8,0.3649302102017378,0.034934497816593885,0.0,1.0,0.8,0.5083330381412999,0.056768558951965066,0.125,0.875,0.65,0.718223548810438,0.14847161572052403,0.125,0.875,0.68,0.08022745474627818
392,china clock,brand_entity_proxy,368,0,1.0,0.028985507246376812,,,1.0,1.0,0.057971014492753624,,,1.0,1.0,0.14492753623188406,,,1.0,0.41419190910269665
393,propane gas dryer,product_type,96,0,1.0,0.13333333333333333,,,1.0,1.0,0.26666666666666666,,,1.0,0.9855282772907894,0.6533333333333333,,,1.0,0.5523940047656621
394,gray leather cocktail table,attribute_constraint,117,0,0.7951657524814092,0.038834951456310676,,,0.6,0.7965570560721794,0.05825242718446602,,,0.4,0.825886299597953,0.08737864077669903,,,0.24,-0.0350873450978011
395,pantry grey,attribute_constraint,74,0,0.5231737964779629,0.0625,,,0.1,0.43024431977243377,0.125,,,0.1,0.6932622235942102,0.1875,,,0.08,0.15982985757578966
396,alyse 8 light,attribute_constraint,136,1,0.6943559465628248,0.07575757575757576,0.0,1.0,1.0,0.840478838926804,0.13636363636363635,1.0,0.0,0.9,0.9031990882399865,0.23484848484848486,1.0,0.0,0.62,0.2116184054370482
397,maryford queen tufted bed,attribute_constraint,493,0,1.0,0.020366598778004074,,,1.0,1.0,0.04073319755600815,,,1.0,1.0,0.09775967413441955,,,0.96,0.09283018039413937
398,super bright lights,product_type,107,19,0.955830517697074,0.08433734939759036,0.3684210526315789,0.631578947368421,0.7,0.8272016808973744,0.13253012048192772,0.5263157894736842,0.4736842105263158,0.55,0.944143482815637,0.1566265060240964,0.5789473684210527,0.42105263157894735,0.26,0.7534656467659419
399,12v dirt bike,attribute_constraint,85,0,1.0,0.14705882352941177,,,1.0,1.0,0.29411764705882354,,,1.0,0.9142473487072489,0.5882352941176471,,,0.84,0.41955691335107037
400,small ladies rocker swivel recliner,multi_constraint,24,0,1.0,0.041666666666666664,,,0.1,1.0,0.08333333333333333,,,0.1,1.0,0.20833333333333334,,,0.1,
401,glass lsmp shades,product_type,55,18,0.7118141052352057,0.12962962962962962,0.2222222222222222,0.7777777777777778,0.7,0.7044489347231044,0.18518518518518517,0.2777777777777778,0.7222222222222222,0.5,0.9116685148743668,0.5,0.7777777777777778,0.2222222222222222,0.54,0.3990316139895072
402,modern farmhouse lighting semi flush mount,style,251,7,0.4572854731296665,0.04424778761061947,0.14285714285714285,0.8571428571428572,1.0,0.5842568833376859,0.08849557522123894,0.2857142857142857,0.7142857142857143,1.0,0.7241444005344491,0.2168141592920354,0.42857142857142855,0.5714285714285714,0.98,0.4970550686440342
403,wood rack wide,attribute_constraint,149,31,0.589729181609174,0.04032258064516129,0.06451612903225806,0.935483870967742,0.5,0.6123846385307748,0.06451612903225806,0.0967741935483871,0.9032258064516129,0.4,0.7528142969355707,0.0967741935483871,0.12903225806451613,0.8709677419354839,0.24,0.36891929892979836
404,large cushion outdoor chair,attribute_constraint,564,4,0.4700182601018591,0.01532567049808429,0.0,1.0,0.8,0.5788037469624102,0.034482758620689655,0.0,1.0,0.9,0.7157078870808333,0.0842911877394636,0.0,1.0,0.88,0.3511595644717073
405,queen ann style living room chair,multi_constraint,446,0,1.0,0.02608695652173913,,,0.9,1.0,0.0463768115942029,,,0.8,1.0,0.0782608695652174,,,0.54,0.6629343898179052
406,refrigerator with ice an water in door,multi_constraint,98,22,0.8356329630349425,0.12987012987012986,0.3181818181818182,0.6818181818181819,1.0,0.7240602833456158,0.2597402597402597,0.45454545454545453,0.5454545454545454,1.0,0.896566234274737,0.6363636363636364,0.8636363636363636,0.13636363636363635,0.98,0.5908771835910479
407,huge bookcase,product_type,331,11,0.3333333333333333,0.030211480362537766,0.0,1.0,1.0,0.4526257649152574,0.06042296072507553,0.09090909090909091,0.9090909090909091,1.0,0.6124424160592851,0.1510574018126888,0.18181818181818182,0.8181818181818181,1.0,0.03686714997105081
408,girl reading statue,product_type,102,31,1.0,0.09803921568627451,0.3225806451612903,0.6774193548387097,1.0,1.0,0.19607843137254902,0.6451612903225806,0.3548387096774194,1.0,0.9955649585929625,0.4803921568627451,1.0,0.0,0.98,0.7662882474819075
409,teal chair,product_type,3393,40,0.3333333333333333,0.0029411764705882353,0.0,1.0,0.9,0.3201263109813948,0.005555555555555556,0.0,1.0,0.9,0.3778282923312762,0.012091503267973857,0.025,0.975,0.84,0.21140581973579434
410,pool floats,brand_entity_proxy,281,58,1.0,0.10416666666666667,0.1724137931034483,0.8275862068965517,1.0,0.9780900196216153,0.20833333333333334,0.3275862068965517,0.6724137931034483,1.0,0.8727787502962059,0.4895833333333333,0.6551724137931034,0.3448275862068966,0.96,0.6970717881987804
411,outdoor clock,brand_entity_proxy,1566,85,1.0,0.02865329512893983,0.11764705882352941,0.8823529411764706,1.0,0.9784411392344535,0.05730659025787966,0.2235294117647059,0.7764705882352941,1.0,0.8676344998695777,0.14326647564469913,0.43529411764705883,0.5647058823529412,1.0,0.7101502696696524
412,jennie tufted upholstered low profile platform bed,multi_constraint,1090,1,1.0,0.007662835249042145,1.0,0.0,0.8,1.0,0.016283524904214558,1.0,0.0,0.85,1.0,0.040229885057471264,1.0,0.0,0.84,0.3415632296564183
413,burruss patio sectional with cushions,multi_constraint,599,1,0.8032285550939751,0.016042780748663103,1.0,0.0,0.9,0.857572190184248,0.0338680926916221,1.0,0.0,0.95,0.9135717057386487,0.08021390374331551,1.0,0.0,0.9,0.27856508312421163
414,shower hooks,brand_entity_proxy,914,165,0.8800456786592188,0.02666666666666667,0.048484848484848485,0.9515151515151515,1.0,0.9225853976999883,0.05333333333333334,0.10909090909090909,0.8909090909090909,1.0,0.9370016970486278,0.13333333333333333,0.2787878787878788,0.7212121212121212,1.0,0.7856145154661488
415,toilet paper stand,product_type,151,75,1.0,0.08130081300813008,0.13333333333333333,0.8666666666666667,1.0,1.0,0.16260162601626016,0.26666666666666666,0.7333333333333334,1.0,0.9794815446367242,0.4065040650406504,0.64,0.36,1.0,0.7774436867941107
416,wayfair coffee table,product_type,1447,0,1.0,0.00693000693000693,,,1.0,1.0,0.01386001386001386,,,1.0,1.0,0.03465003465003465,,,1.0,0.09021533838220729
417,twin bed frame,attribute_constraint,567,188,0.8091026734983539,0.017793594306049824,0.0425531914893617,0.9574468085106383,1.0,0.7818820196017698,0.03202846975088968,0.06914893617021277,0.9308510638297872,0.9,0.7195717362229868,0.0800711743772242,0.13829787234042554,0.8617021276595744,0.9,0.34816524752900707
418,writing desk,product_type,1123,608,1.0,0.01002004008016032,0.01644736842105263,0.9835526315789473,1.0,1.0,0.02004008016032064,0.03289473684210526,0.9671052631578947,1.0,1.0,0.050100200400801605,0.08223684210526316,0.9177631578947368,1.0,0.7287895403969478
419,living room ideas,product_type,21,16,0.9086768598011254,0.0,0.0,1.0,0.0,0.9797694964688384,0.0,0.0,1.0,0.0,0.9800024214458435,0.047619047619047616,0.0625,0.9375,0.02,0.25849213105659874
420,tile backsplash,brand_entity_proxy,1013,766,1.0,0.010101010101010102,0.013054830287206266,0.9869451697127938,1.0,1.0,0.020202020202020204,0.02610966057441253,0.9738903394255874,1.0,1.0,0.050505050505050504,0.06527415143603134,0.9347258485639687,1.0,0.420754077706257
421,dining room tables,product_type,758,649,1.0,0.0125,0.01386748844375963,0.9861325115562404,0.9,0.9493484299704303,0.019444444444444445,0.01848998459167951,0.9815100154083205,0.7,0.9723516795380376,0.044444444444444446,0.046224961479198766,0.9537750385208013,0.64,0.27081878522682296
422,ergonomic chair,product_type,3328,428,1.0,0.0032637075718015664,0.02336448598130841,0.9766355140186916,1.0,0.9777083390768576,0.006527415143603133,0.04439252336448598,0.955607476635514,1.0,0.9474609844137053,0.016318537859007835,0.10514018691588785,0.8948598130841121,1.0,0.6171514598567205
423,wall shelves,brand_entity_proxy,3034,285,1.0,0.02386634844868735,0.03508771929824561,0.9649122807017544,1.0,1.0,0.045346062052505964,0.06666666666666667,0.9333333333333333,0.95,1.0,0.10978520286396182,0.16140350877192983,0.8385964912280701,0.92,0.57395487462654
424,wayfair comforters,brand_entity_proxy,618,4,0.9108954758022454,0.027932960893854747,0.75,0.25,1.0,0.929185311690164,0.05307262569832402,0.75,0.25,0.95,0.9495248590990856,0.13128491620111732,1.0,0.0,0.98,0.7217465776998037
425,side table with storage,product_type,742,56,0.7114849938691005,0.012517385257301807,0.07142857142857142,0.9285714285714286,0.9,0.6516755322129671,0.025034770514603615,0.14285714285714285,0.8571428571428572,0.9,0.5473454119289417,0.059805285118219746,0.21428571428571427,0.7857142857142857,0.88,0.2639351221016935
426,outdoor storage,product_type,3254,223,1.0,0.008169934640522876,0.04484304932735426,0.9551569506726457,1.0,1.0,0.016339869281045753,0.08968609865470852,0.9103139013452914,1.0,1.0,0.04084967320261438,0.2242152466367713,0.7757847533632287,1.0,0.5142339154114082
427,lowes tile,brand_entity_proxy,1125,0,1.0,0.007987220447284345,,,0.5,1.0,0.019169329073482427,,,0.6,1.0,0.051118210862619806,,,0.64,0.8478292786375436
428,kitchen storage cabinet,product_type,537,66,0.84037276213159,0.012658227848101266,0.06060606060606061,0.9393939393939394,0.6,0.7326789700872649,0.027426160337552744,0.12121212121212122,0.8787878787878788,0.65,0.6470650134533406,0.06751054852320675,0.22727272727272727,0.7727272727272727,0.64,0.3434869294734164
429,gray dresser,attribute_constraint,860,94,0.5629682620482266,0.01949317738791423,0.0425531914893617,0.9574468085106383,1.0,0.6268061712873494,0.03898635477582846,0.10638297872340426,0.8936170212765957,1.0,0.5964542120482152,0.08771929824561403,0.20212765957446807,0.7978723404255319,0.9,0.710315418999122
430,30 inch bathroom vanity,attribute_constraint,662,98,0.9477344873475497,0.015772870662460567,0.09183673469387756,0.9081632653061225,1.0,0.9662695446835886,0.031545741324921134,0.19387755102040816,0.8061224489795918,1.0,0.9525674860634303,0.07728706624605679,0.45918367346938777,0.5408163265306123,0.98,0.6173402339051733
431,shoe bench entryway,product_type,160,75,1.0,0.06493506493506493,0.13333333333333333,0.8666666666666667,1.0,0.9553813714509604,0.12337662337662338,0.22666666666666666,0.7733333333333333,0.95,0.937186663605386,0.2792207792207792,0.5466666666666666,0.45333333333333337,0.88,0.5824215429476366
432,butcher block island,product_type,176,42,0.8650111786183293,0.05747126436781609,0.19047619047619047,0.8095238095238095,1.0,0.8410101348469132,0.11494252873563218,0.35714285714285715,0.6428571428571428,1.0,0.8385944066274923,0.28735632183908044,0.7380952380952381,0.26190476190476186,1.0,0.608886701646336
433,trundle daybed,brand_entity_proxy,273,113,1.0,0.04132231404958678,0.08849557522123894,0.911504424778761,1.0,1.0,0.08264462809917356,0.17699115044247787,0.8230088495575221,1.0,1.0,0.2066115702479339,0.4424778761061947,0.5575221238938053,1.0,0.804786592318359
434,bathroom lighting,brand_entity_proxy,3530,226,1.0,0.007288629737609329,0.04424778761061947,0.9557522123893806,1.0,1.0,0.014577259475218658,0.08849557522123894,0.911504424778761,1.0,1.0,0.03644314868804665,0.22123893805309736,0.7787610619469026,1.0,0.6192951884234222
435,shoe closet,brand_entity_proxy,443,47,0.5620123278040758,0.028169014084507043,0.0851063829787234,0.9148936170212766,1.0,0.577186602060403,0.056338028169014086,0.1702127659574468,0.8297872340425532,1.0,0.5414407233295327,0.14084507042253522,0.2978723404255319,0.7021276595744681,1.0,0.6105495135967669
436,full bed with trundle,product_type,214,46,0.8382547631433311,0.009615384615384616,0.043478260869565216,0.9565217391304348,0.2,0.7335180476389273,0.052884615384615384,0.17391304347826086,0.8260869565217391,0.55,0.6786152183919265,0.12980769230769232,0.2826086956521739,0.7173913043478262,0.54,0.3055758986175749
437,kitchen islands with seating,product_type,195,47,0.9575861412006988,0.055865921787709494,0.19148936170212766,0.8085106382978724,1.0,0.9235187881720851,0.11173184357541899,0.3617021276595745,0.6382978723404256,1.0,0.8402714169253677,0.27932960893854747,0.7021276595744681,0.2978723404255319,1.0,0.6611175708745384
438,indoor water fountain,product_type,156,101,1.0,0.06451612903225806,0.09900990099009901,0.900990099009901,1.0,1.0,0.11612903225806452,0.1782178217821782,0.8217821782178218,0.9,0.9810326323785049,0.2967741935483871,0.44554455445544555,0.5544554455445545,0.92,0.45637938305170705
439,parsons chairs,brand_entity_proxy,3276,216,1.0,0.004111842105263158,0.046296296296296294,0.9537037037037037,1.0,1.0,0.008223684210526315,0.09259259259259259,0.9074074074074074,1.0,0.9808887414498549,0.02055921052631579,0.2222222222222222,0.7777777777777778,1.0,0.47441146771205467
440,wood bar stools,attribute_constraint,777,255,0.9074250374176304,0.01310615989515072,0.03529411764705882,0.9647058823529412,1.0,0.9165818019254948,0.02621231979030144,0.07058823529411765,0.9294117647058824,1.0,0.8145710433430898,0.06422018348623854,0.13333333333333333,0.8666666666666667,0.98,0.37205683598092965
441,desk for kids,product_type,1385,78,1.0,0.004012036108324975,0.05128205128205128,0.9487179487179487,0.4,1.0,0.010030090270812437,0.1282051282051282,0.8717948717948718,0.5,0.9165587948545165,0.033099297893681046,0.3974358974358974,0.6025641025641026,0.66,0.34545051002092464
442,above toilet cabinet,product_type,1137,70,1.0,0.02444987775061125,0.14285714285714285,0.8571428571428572,1.0,1.0,0.0488997555012225,0.2857142857142857,0.7142857142857143,1.0,0.9514943385670739,0.12224938875305623,0.6428571428571429,0.3571428571428571,1.0,0.5137458771214624
443,patio design,brand_entity_proxy,409,352,1.0,0.011235955056179775,0.011363636363636364,0.9886363636363636,0.4,1.0,0.02247191011235955,0.022727272727272728,0.9772727272727273,0.4,1.0,0.03932584269662921,0.03977272727272727,0.9602272727272727,0.28,0.47980905094851967
444,outdoor lounge chair,product_type,364,114,1.0,0.02857142857142857,0.07894736842105263,0.9210526315789473,0.9,0.9528513804575317,0.05396825396825397,0.14035087719298245,0.8596491228070176,0.85,0.9440967964533254,0.13015873015873017,0.32456140350877194,0.6754385964912281,0.82,0.5000407965318837
445,chaise lounge couch,product_type,350,170,1.0,0.027777777777777776,0.052941176470588235,0.9470588235294117,0.9,0.9525002608446935,0.05864197530864197,0.1,0.9,0.95,0.9327221995042112,0.14506172839506173,0.2411764705882353,0.7588235294117647,0.94,0.6715069449433716
446,card table,product_type,4326,57,0.9074250374176304,0.002861230329041488,0.15789473684210525,0.8421052631578947,1.0,0.9402551418644377,0.005722460658082976,0.3333333333333333,0.6666666666666667,1.0,0.8814643396259342,0.013733905579399141,0.7192982456140351,0.2807017543859649,1.0,0.32511865330008916
447,tall buffet cabinet,attribute_constraint,212,3,0.5159958223394444,0.02403846153846154,0.0,1.0,0.5,0.6229152997582164,0.04326923076923077,0.0,1.0,0.45,0.776430153274753,0.17307692307692307,0.3333333333333333,0.6666666666666667,0.72,0.2274141474558049
448,bed side table,product_type,203,81,0.44879108889881736,0.0,0.0,1.0,0.0,0.4553457380570726,0.005050505050505051,0.0,1.0,0.05,0.5009662237863504,0.020202020202020204,0.012345679012345678,0.9876543209876543,0.08,-0.24184815647513136
449,living room designs,product_type,172,164,1.0,0.012121212121212121,0.012195121951219513,0.9878048780487805,0.2,1.0,0.024242424242424242,0.024390243902439025,0.975609756097561,0.2,0.9828601867810848,0.05454545454545454,0.054878048780487805,0.9451219512195121,0.18,0.1838568688851926
451,aiden black velvet bed,attribute_constraint,111,0,0.6874708847784539,0.019801980198019802,,,0.4,0.7275596718417807,0.039603960396039604,,,0.3,0.8202075967785136,0.0594059405940594,,,0.16,-0.20622621784170053
452,day bed indian,product_type,105,0,1.0,0.0761904761904762,,,0.8,1.0,0.1619047619047619,,,0.85,1.0,0.3333333333333333,,,0.7,
453,midcentury tv unit,product_type,118,25,0.8122282747268722,0.05084745762711865,0.2,0.8,0.6,0.7857685918976788,0.0847457627118644,0.28,0.72,0.5,0.8613736061257424,0.19491525423728814,0.52,0.48,0.46,0.36622531777711037
454,carpet 5x6,attribute_constraint,110,0,1.0,0.025,,,0.2,0.9665625086152866,0.0625,,,0.25,0.8308158892380045,0.1375,,,0.22,0.22949777528745113
455,deer coat hooks,product_type,110,2,0.5821032065260975,0.08256880733944955,0.0,1.0,0.9,0.6833800218492042,0.1559633027522936,0.0,1.0,0.85,0.8233699603279344,0.42201834862385323,0.5,0.5,0.92,0.13410686529027757
456,wall design shelf,product_type,221,76,0.6870303531693138,0.05128205128205128,0.07894736842105263,0.9210526315789473,1.0,0.6981049401310012,0.09743589743589744,0.14473684210526316,0.8552631578947368,0.95,0.6658345199159337,0.22564102564102564,0.3026315789473684,0.6973684210526316,0.88,0.5108075653983221
457,5 gang light switch,attribute_constraint,329,0,1.0,0.057803468208092484,,,1.0,1.0,0.11560693641618497,,,1.0,1.0,0.28901734104046245,,,1.0,0.7489921439130038
458,bubble guppies chair,product_type,120,0,0.9363792118010483,0.031578947368421054,,,0.3,0.9255037292283974,0.05263157894736842,,,0.25,0.9125601006354523,0.06315789473684211,,,0.12,0.32195279417261613
459,tye dye duvet cover,product_type,205,19,1.0,0.02926829268292683,0.3157894736842105,0.6842105263157895,0.6,0.9548244247619115,0.06341463414634146,0.6842105263157895,0.3157894736842105,0.65,0.9966592347933233,0.17560975609756097,1.0,0.0,0.72,0.497731128395951
460,small wardrobe grey,attribute_constraint,111,7,0.4388786687548512,0.047619047619047616,0.14285714285714285,0.8571428571428572,0.4,0.5514531676323515,0.07142857142857142,0.14285714285714285,0.8571428571428572,0.35,0.6424402001964662,0.14285714285714285,0.14285714285714285,0.8571428571428572,0.26,0.28407345523057154
461,luau string lights,product_type,61,4,1.0,0.1724137931034483,1.0,0.0,1.0,1.0,0.3448275862068966,1.0,0.0,1.0,0.9898957631142831,0.5517241379310345,1.0,0.0,0.64,0.5040810543937168
462,large bases,attribute_constraint,2,0,1.0,0.0,,,0.0,1.0,0.0,,,0.0,1.0,0.0,,,0.0,0.9999999999999999
463,bistro sets patio,product_type,274,139,1.0,0.04784688995215311,0.07194244604316546,0.9280575539568345,1.0,1.0,0.09569377990430622,0.14388489208633093,0.8561151079136691,1.0,1.0,0.23923444976076555,0.3597122302158273,0.6402877697841727,1.0,0.8706479421212403
464,cake cutlery,brand_entity_proxy,157,85,1.0,0.10869565217391304,0.11764705882352941,0.8823529411764706,1.0,1.0,0.21739130434782608,0.23529411764705882,0.7647058823529411,1.0,0.9441167079189607,0.5,0.5411764705882353,0.45882352941176474,1.0,0.6200214778101705
465,white abstract,attribute_constraint,2,1,1.0,0.0,0.0,1.0,0.0,1.0,0.0,0.0,1.0,0.0,1.0,0.0,0.0,1.0,0.0,0.9999999999999999
466,rock climbing wall kids,product_type,93,1,0.6943559465628248,0.30303030303030304,0.0,1.0,1.0,0.7787676299523247,0.5757575757575758,0.0,1.0,0.95,0.7897027255804747,0.9393939393939394,0.0,1.0,0.8,0.7342243962734579
467,town & country living curtains,product_type,150,0,1.0,0.02,,,0.3,1.0,0.06666666666666667,,,0.5,1.0,0.19333333333333333,,,0.58,
468,glow in the dark silent wall clock,multi_constraint,294,4,0.8426410969412287,0.035211267605633804,0.75,0.25,1.0,0.8749410114333407,0.07042253521126761,0.75,0.25,1.0,0.9365875711673834,0.176056338028169,1.0,0.0,1.0,0.3436792819224744
469,garage sports storage rack,product_type,161,64,1.0,0.06369426751592357,0.15625,0.84375,1.0,0.9287468449794392,0.12738853503184713,0.265625,0.734375,1.0,0.8304240413473851,0.3057324840764331,0.53125,0.46875,0.96,0.5489604956552471
470,elephant framed,brand_entity_proxy,638,45,1.0,0.03508771929824561,0.2222222222222222,0.7777777777777778,1.0,1.0,0.07017543859649122,0.4444444444444444,0.5555555555555556,1.0,0.9424673965874634,0.15789473684210525,0.8444444444444444,0.15555555555555556,0.9,0.8243157622949939
471,adjustable height artist stool,product_type,310,1,0.6943559465628248,0.04950495049504951,0.0,1.0,1.0,0.7787676299523247,0.09900990099009901,0.0,1.0,1.0,0.8909769437346536,0.24752475247524752,1.0,0.0,1.0,0.7787950874421042
472,window wall accent,product_type,108,47,0.9432379215722527,0.09,0.1702127659574468,0.8297872340425532,0.9,0.9418087471864629,0.17,0.3404255319148936,0.6595744680851063,0.85,0.8998243375632586,0.31,0.5957446808510638,0.4042553191489362,0.62,0.6818380167816552
473,chair pillow cushion,product_type,286,126,1.0,0.026022304832713755,0.05555555555555555,0.9444444444444444,0.7,0.9665625086152865,0.055762081784386616,0.11904761904761904,0.8809523809523809,0.75,0.9718986897390621,0.11152416356877323,0.23809523809523808,0.7619047619047619,0.62,0.543627274794992
474,48 inch bathroom vanity with trough sink,multi_constraint,784,0,1.0,0.014104372355430184,,,1.0,1.0,0.028208744710860368,,,1.0,1.0,0.07052186177715092,,,1.0,0.49618709555198925
475,rattan truck,brand_entity_proxy,70,0,1.0,0.30303030303030304,,,1.0,1.0,0.42424242424242425,,,0.7,0.9911725412178966,0.5151515151515151,,,0.34,0.7938796841863855
476,hardwood beds,brand_entity_proxy,2224,639,0.7898916330153443,0.005302226935312832,0.010954616588419406,0.9890453834115805,1.0,0.8165215006098001,0.01007423117709438,0.02190923317683881,0.9780907668231612,0.95,0.7894285963582661,0.02545068928950159,0.050078247261345854,0.9499217527386541,0.96,0.515334240752546
478,worn leather office chair,attribute_constraint,445,1,0.7827068917847372,0.023474178403755867,1.0,0.0,1.0,0.8427181265760506,0.04460093896713615,1.0,0.0,0.95,0.9045579367130147,0.09624413145539906,1.0,0.0,0.82,0.16750179722043954
479,garage door mail slot,product_type,83,0,1.0,0.18181818181818182,,,1.0,1.0,0.36363636363636365,,,1.0,0.9853307271990932,0.8181818181818182,,,0.92,0.7945190144196685
480,pictures to hang over fireplace,multi_constraint,3,0,1.0,0.3333333333333333,,,0.1,1.0,0.3333333333333333,,,0.05,1.0,0.3333333333333333,,,0.02,
481,emma headboard,brand_entity_proxy,219,1,0.6943559465628248,0.02843601895734597,0.0,1.0,0.6,0.7787676299523247,0.07109004739336493,0.0,1.0,0.75,0.865751383782762,0.2037914691943128,0.0,1.0,0.86,0.22948513385701455
482,48 inch kitchen hood,attribute_constraint,104,12,0.7516061639261181,0.10101010101010101,0.4166666666666667,0.5833333333333333,1.0,0.7675274609403537,0.20202020202020202,0.5,0.5,1.0,0.9163141547302119,0.5050505050505051,0.9166666666666666,0.08333333333333337,1.0,0.4859507706582554
483,rustic twig,style,248,4,0.5734654091600279,0.0430622009569378,0.25,0.75,0.9,0.6422995300340515,0.09090909090909091,0.25,0.75,0.95,0.7386451225084997,0.15311004784688995,0.25,0.75,0.68,0.36111175286217934
484,nespresso vertuo next premium by breville with aeroccino,long_descriptive,53,0,1.0,0.38461538461538464,,,1.0,0.9336975380477095,0.6538461538461539,,,0.85,0.9778299043954931,0.7307692307692307,,,0.42,0.6365656814142027
485,pedistole sink,brand_entity_proxy,255,0,1.0,0.019736842105263157,,,0.3,0.961615361834617,0.05263157894736842,,,0.4,0.9790476232781447,0.07236842105263158,,,0.24,0.7171106917947602
486,54 in bench cushion,attribute_constraint,87,0,1.0,0.10344827586206896,,,0.9,1.0,0.1839080459770115,,,0.8,1.0,0.3793103448275862,,,0.66,
487,rack glass,brand_entity_proxy,946,2,0.24277232042914673,0.0,0.0,1.0,0.0,0.3875835196395449,0.002304147465437788,0.0,1.0,0.1,0.3716532412013382,0.01152073732718894,0.5,0.5,0.22,0.03295946187685364
