query_id,query,query_type,n_judged,n_highest,cNDCG@10,RelevantRecall@10,HighestRecall@10,RelevantHidden@10,JudgedCoverage@10,cNDCG@20,RelevantRecall@20,HighestRecall@20,RelevantHidden@20,JudgedCoverage@20,cNDCG@50,RelevantRecall@50,HighestRecall@50,RelevantHidden@50,JudgedCoverage@50,RelevanceVisibilitySpearman
0,salon chair,product_type,3301,39,0.618923621405608,0.003316749585406302,0.07692307692307693,0.9230769230769231,1.0,0.5440580249963255,0.006633499170812604,0.10256410256410256,0.8974358974358975,1.0,0.5205531666651841,0.01658374792703151,0.15384615384615385,0.8461538461538461,1.0,0.41153013258616394
1,smart coffee table,product_type,1436,8,0.5255664792793981,0.007052186177715092,0.125,0.875,1.0,0.6048136069557486,0.014104372355430184,0.125,0.875,1.0,0.716076660716058,0.03526093088857546,0.125,0.875,1.0,0.09747685573339214
2,dinosaur,brand_entity_proxy,165,151,1.0,0.06329113924050633,0.06622516556291391,0.9337748344370861,1.0,0.9780900196216153,0.12658227848101267,0.12582781456953643,0.8741721854304636,1.0,0.9786825163009678,0.31645569620253167,0.31788079470198677,0.6821192052980132,1.0,0.2617307683984354
3,turquoise pillows,brand_entity_proxy,997,55,0.806984674510095,0.012953367875647668,0.14545454545454545,0.8545454545454545,1.0,0.6877689840592434,0.025906735751295335,0.18181818181818182,0.8181818181818181,1.0,0.5794374142468568,0.06217616580310881,0.2909090909090909,0.7090909090909091,1.0,0.5109634086858913
4,chair and a half recliner,multi_constraint,239,23,0.42203467342381934,0.031578947368421054,0.0,1.0,0.6,0.41374506379161974,0.04736842105263158,0.043478260869565216,0.9565217391304348,0.45,0.5969673392335549,0.08421052631578947,0.13043478260869565,0.8695652173913043,0.32,0.5415890806325775
5,sofa with ottoman,product_type,1344,179,0.955830517697074,0.007639419404125287,0.05027932960893855,0.9497206703910615,1.0,0.9004617850703956,0.013750954927425516,0.08379888268156424,0.9162011173184358,0.9,0.8264732790499025,0.03666921313980138,0.18994413407821228,0.8100558659217877,0.96,0.5002064785562363
6,acrylic clear chair,attribute_constraint,109,43,1.0,0.09090909090909091,0.20930232558139536,0.7906976744186046,0.9,0.9507369012841353,0.15151515151515152,0.3023255813953488,0.6976744186046512,0.75,0.8906414138795762,0.2222222222222222,0.46511627906976744,0.5348837209302326,0.44,0.6594476149764745
7,driftwood mirror,product_type,603,23,0.8013151345851657,0.018691588785046728,0.2608695652173913,0.7391304347826086,1.0,0.6833264130041599,0.037383177570093455,0.34782608695652173,0.6521739130434783,1.0,0.7880103922567999,0.09345794392523364,0.5652173913043478,0.4347826086956522,1.0,0.4450000843572402
8,home sweet home sign,product_type,105,25,0.9537125187088151,0.10638297872340426,0.36,0.64,1.0,0.8555304523626662,0.2127659574468085,0.56,0.43999999999999995,1.0,0.9336797503545844,0.4574468085106383,0.88,0.12,0.86,0.6024609781152823
9,coffee table fire pit,product_type,1516,74,1.0,0.006622516556291391,0.13513513513513514,0.8648648648648649,1.0,0.9305102045399973,0.012582781456953643,0.21621621621621623,0.7837837837837838,0.95,0.7937974649873705,0.029801324503311258,0.40540540540540543,0.5945945945945945,0.9,0.32892568958731144
10,king poster bed,attribute_constraint,177,21,0.8013151345851657,0.056818181818181816,0.2857142857142857,0.7142857142857143,1.0,0.7772081402690642,0.11363636363636363,0.5714285714285714,0.4285714285714286,1.0,0.9256911068568646,0.26704545454545453,0.9047619047619048,0.09523809523809523,0.94,0.4831896993684532
11,ombre rug,product_type,1428,65,1.0,0.007042253521126761,0.15384615384615385,0.8461538461538461,1.0,0.9552743574352078,0.014084507042253521,0.27692307692307694,0.7230769230769231,1.0,0.8652127110206022,0.035211267605633804,0.5692307692307692,0.4307692307692308,1.0,0.33866548705941285
12,large spoon and fork wall decor,multi_constraint,225,27,0.841610994396208,0.05113636363636364,0.2222222222222222,0.7777777777777778,0.9,0.7363176912886853,0.10795454545454546,0.37037037037037035,0.6296296296296297,0.95,0.8865091308491195,0.2556818181818182,0.8148148148148148,0.18518518518518523,0.9,0.5597508354679049
13,outdoor privacy wall,product_type,122,46,0.955830517697074,0.17543859649122806,0.1956521739130435,0.8043478260869565,1.0,0.9714944583233123,0.3157894736842105,0.3695652173913043,0.6304347826086957,0.9,0.9636505072081848,0.7894736842105263,0.9130434782608695,0.08695652173913049,0.9,0.8506217020446002
14,beds that have leds,product_type,2692,20,0.5849953870898761,0.003182686187141948,0.2,0.8,1.0,0.4364973391064995,0.005092297899427116,0.2,0.8,0.9,0.5376711845224627,0.012730744748567792,0.3,0.7,0.72,0.35246911760314
15,black 5 drawer dresser by guilford,multi_constraint,613,2,0.8383354523103075,0.016722408026755852,0.5,0.5,1.0,0.8775146726258255,0.033444816053511704,0.5,0.5,1.0,0.9444488638950614,0.08193979933110368,1.0,0.0,0.98,0.2499491424385416
16,blk 18x18 seat cushions,attribute_constraint,493,4,0.37211643370744885,0.022556390977443608,0.0,1.0,0.7,0.5841393499203886,0.045112781954887216,0.25,0.75,0.7,0.6128931432399163,0.09398496240601503,0.5,0.5,0.6,0.14876154066913222
17,closet storage with zipper,product_type,103,21,0.43893943504566835,0.0970873786407767,0.09523809523809523,0.9047619047619048,1.0,0.4230469239421607,0.17475728155339806,0.09523809523809523,0.9047619047619048,0.9,0.6629899589457808,0.36893203883495146,0.23809523809523808,0.7619047619047619,0.76,0.0551145424884427
18,chrome bathroom 4 light vanity light,multi_constraint,1053,34,0.8943286401726792,0.0364963503649635,0.23529411764705882,0.7647058823529411,1.0,0.7902854332869589,0.072992700729927,0.35294117647058826,0.6470588235294117,1.0,0.8228085839875364,0.18248175182481752,0.6764705882352942,0.32352941176470584,1.0,0.5261568971266256
19,gurney  slade 56,attribute_constraint,14,0,0.8486026589039901,0.0,,,0.0,0.9694728972377789,0.0,,,0.0,0.9694728972377789,0.2,,,0.04,0.4314554973040049
20,foutains with brick look,product_type,94,12,0.27881953779323454,0.03333333333333333,0.0,1.0,0.3,0.39694556062099695,0.06666666666666667,0.0,1.0,0.4,0.6251755452085828,0.1111111111111111,0.08333333333333333,0.9166666666666666,0.24,-0.11369565301860222
21,living curtains pearl,product_type,127,1,0.6943559465628248,0.03937007874015748,0.0,1.0,0.5,0.7787676299523247,0.07086614173228346,0.0,1.0,0.45,0.865751383782762,0.2125984251968504,0.0,1.0,0.54,-0.07776157913597391
22,light and navy blue decorative pillow,multi_constraint,251,22,0.47481757731527635,0.03571428571428571,0.09090909090909091,0.9090909090909091,0.7,0.4725240644208839,0.0663265306122449,0.13636363636363635,0.8636363636363636,0.65,0.6557819197355317,0.14795918367346939,0.36363636363636365,0.6363636363636364,0.58,0.6039052110122439
23,stoneford end tables white and wood,multi_constraint,1266,0,1.0,0.008143322475570033,,,1.0,1.0,0.016286644951140065,,,1.0,1.0,0.03664495114006515,,,0.9,0.2395413902285442
24,wood coffee table set by storage,multi_constraint,2559,84,0.38224261473290666,0.004764173415912339,0.011904761904761904,0.9880952380952381,1.0,0.43438758204526007,0.009528346831824679,0.047619047619047616,0.9523809523809523,1.0,0.4475051293939805,0.023820867079561697,0.11904761904761904,0.8809523809523809,1.0,0.5922599792297323
25,sunflower,brand_entity_proxy,242,227,1.0,0.04329004329004329,0.04405286343612335,0.9559471365638766,1.0,1.0,0.08658008658008658,0.0881057268722467,0.9118942731277533,1.0,1.0,0.21645021645021645,0.22026431718061673,0.7797356828193833,1.0,0.2977930206904847
26,leather chairs,attribute_constraint,3746,876,0.7877736340270854,0.0027380590203833284,0.00684931506849315,0.9931506849315068,0.9,0.8366219882148936,0.005780346820809248,0.017123287671232876,0.9828767123287672,0.95,0.8596226599691662,0.014602981442044418,0.04452054794520548,0.9554794520547946,0.96,0.5138619249774709
27,outdoor welcome rug,product_type,344,100,0.5476641081756296,0.02631578947368421,0.03,0.97,0.9,0.5683848632322624,0.043859649122807015,0.06,0.94,0.75,0.5908683435397056,0.09941520467836257,0.13,0.87,0.68,0.22126973818777299
28,rooster decor,brand_entity_proxy,725,175,1.0,0.03333333333333333,0.05714285714285714,0.9428571428571428,1.0,1.0,0.06666666666666667,0.11428571428571428,0.8857142857142857,1.0,1.0,0.16666666666666666,0.2857142857142857,0.7142857142857143,1.0,0.686932987610039
29,bathroom vanity knobs,product_type,802,138,0.0,0.0,0.0,1.0,1.0,0.0,0.0,0.0,1.0,1.0,0.0,0.0,0.0,1.0,1.0,-0.5346873173308313
30,3 1/2 inch drawer pull,multi_constraint,549,88,0.5358918212400514,0.029411764705882353,0.045454545454545456,0.9545454545454546,1.0,0.5808870269259033,0.058823529411764705,0.10227272727272728,0.8977272727272727,1.0,0.5437636573807652,0.14411764705882352,0.19318181818181818,0.8068181818181819,1.0,0.6946880995728595
31,burnt orange curtains,product_type,168,1,0.6943559465628248,0.05952380952380952,0.0,1.0,1.0,0.7787676299523247,0.10119047619047619,0.0,1.0,0.85,0.865751383782762,0.16071428571428573,0.0,1.0,0.54,-0.07898343157499718
32,dark gray dresser,attribute_constraint,211,3,0.613816622381599,0.027472527472527472,0.3333333333333333,0.6666666666666667,0.5,0.739414920578686,0.06043956043956044,0.3333333333333333,0.6666666666666667,0.55,0.8283662072076665,0.13736263736263737,0.6666666666666666,0.33333333333333337,0.5,0.551691370189149
33,non slip shower floor tile,multi_constraint,669,125,0.4199166744355605,0.01818181818181818,0.008,0.992,0.8,0.5051243245519592,0.03896103896103896,0.048,0.952,0.8,0.49135921637495816,0.07792207792207792,0.096,0.904,0.68,0.5362472853911868
34,bar stool with backrest,product_type,740,374,0.6979570834298974,0.012244897959183673,0.013368983957219251,0.9866310160427807,0.9,0.6903493676475533,0.02585034013605442,0.029411764705882353,0.9705882352941176,0.95,0.6687326879624487,0.0653061224489796,0.06684491978609626,0.9331550802139037,0.96,0.09644903535092139
35,enclosed shoe rack,product_type,174,51,0.4066972554326934,0.046511627906976744,0.0196078431372549,0.9803921568627451,0.8,0.4245305348999081,0.09302325581395349,0.0196078431372549,0.9803921568627451,0.8,0.44220906579355607,0.2558139534883721,0.1568627450980392,0.8431372549019608,0.88,-0.08274255254044602
36,laundry basket with wheels,product_type,157,37,0.8109900424622541,0.05128205128205128,0.16216216216216217,0.8378378378378378,0.8,0.7827334180463362,0.09615384615384616,0.2702702702702703,0.7297297297297297,0.75,0.8457773536158588,0.2564102564102564,0.7027027027027027,0.29729729729729726,0.8,0.5129667064989233
37,bar stool 24 inches height,multi_constraint,875,110,0.733129554587597,0.012150668286755772,0.05454545454545454,0.9454545454545454,1.0,0.6384973801109706,0.023086269744835967,0.06363636363636363,0.9363636363636364,0.95,0.5620494161902467,0.0583232077764277,0.12727272727272726,0.8727272727272728,0.96,0.29894693634691444
38,calvin patio chair,product_type,255,1,1.0,0.04245283018867924,1.0,0.0,0.9,1.0,0.08490566037735849,1.0,0.0,0.9,1.0,0.18396226415094338,1.0,0.0,0.78,0.5262858843697242
39,door jewelry organizer,product_type,149,31,0.7013133146827742,0.06711409395973154,0.1935483870967742,0.8064516129032258,1.0,0.6647453650149775,0.1342281879194631,0.3225806451612903,0.6774193548387097,1.0,0.7579999648291718,0.3288590604026846,0.6451612903225806,0.3548387096774194,0.98,0.4032438693810125
40,elegant executive chair,product_type,166,40,0.5668751486586392,0.054878048780487805,0.075,0.925,0.9,0.5529097493190799,0.11585365853658537,0.175,0.825,0.95,0.6442917479328384,0.2926829268292683,0.5,0.5,0.96,0.3356022319155906
41,closet pull out valet rod,multi_constraint,143,19,0.7175489032751208,0.125,0.2631578947368421,0.736842105263158,1.0,0.6777467620006572,0.2375,0.47368421052631576,0.5263157894736843,1.0,0.81555733321796,0.4125,0.8421052631578947,0.1578947368421053,0.76,0.5094576769855259
42,toddler couch fold out,product_type,149,3,0.7103006252970802,0.10666666666666667,0.3333333333333333,0.6666666666666667,0.8,0.8175898141075942,0.21333333333333335,0.6666666666666666,0.33333333333333337,0.85,0.8899176748416108,0.5066666666666667,0.6666666666666666,0.33333333333333337,0.78,0.7527852567468917
43,solid teak end table,product_type,1231,22,0.8777267965010664,0.009514747859181731,0.36363636363636365,0.6363636363636364,1.0,0.8487993921964126,0.019029495718363463,0.6818181818181818,0.31818181818181823,1.0,0.8976442274413139,0.04281636536631779,0.9090909090909091,0.09090909090909094,0.98,0.2878433807267915
44,chrome shower head and valve,multi_constraint,219,33,0.5752579402228116,0.03686635944700461,0.09090909090909091,0.9090909090909091,0.8,0.5616740062039263,0.08294930875576037,0.15151515151515152,0.8484848484848485,0.9,0.6082488711680872,0.19815668202764977,0.30303030303030304,0.696969696969697,0.86,0.2309459769205981
45,70s inspired furniture,attribute_constraint,169,20,0.30173721187681646,0.0,0.0,1.0,0.0,0.37441711853324094,0.018691588785046728,0.0,1.0,0.1,0.5565156204894776,0.056074766355140186,0.0,1.0,0.14,0.36359301058645604
46,beach blue headboard,attribute_constraint,104,5,0.6989815994463621,0.09803921568627451,0.6,0.4,1.0,0.7570742423923692,0.14705882352941177,0.6,0.4,0.75,0.8327834940381114,0.28431372549019607,0.6,0.4,0.58,0.28386951601152016
47,porcelain loaf pan,product_type,105,0,0.9337457765456111,0.09,,,1.0,0.9572416874849684,0.18,,,0.95,0.9766602392356607,0.48,,,0.98,0.1962400561854513
48,arwen table lamp,product_type,282,1,0.8259896754927477,0.03546099290780142,1.0,0.0,1.0,0.8740472256188766,0.0673758865248227,1.0,0.0,0.95,0.9235691157413181,0.16312056737588654,1.0,0.0,0.92,0.10076130498577024
49,moen matte black hooks,attribute_constraint,135,0,0.92663607790064,0.05172413793103448,,,0.7,0.9171433102136999,0.07758620689655173,,,0.5,0.9547724125769118,0.20689655172413793,,,0.52,0.4842801814412478
50,tufted chair with gold legs,multi_constraint,404,28,0.7877872241459625,0.017902813299232736,0.17857142857142858,0.8214285714285714,0.7,0.7214360630519965,0.03580562659846547,0.25,0.75,0.7,0.8115015082034461,0.0741687979539642,0.5,0.5,0.58,0.3702180481715677
51,kohen 5 drawer dresser,attribute_constraint,595,1,0.8471779732814125,0.017006802721088437,1.0,0.0,1.0,0.8893838149761623,0.034013605442176874,1.0,0.0,1.0,0.932875691891381,0.08333333333333333,1.0,0.0,0.98,0.1656464334208012
52,westling coffee table,product_type,1433,0,1.0,0.007042253521126761,,,1.0,1.0,0.014084507042253521,,,1.0,1.0,0.035211267605633804,,,1.0,0.1336902947395182
53,carolyn console table,product_type,610,0,1.0,0.01639344262295082,,,1.0,1.0,0.03278688524590164,,,1.0,1.0,0.08196721311475409,,,1.0,
54,wayfair sleep zippered,product_type,143,5,0.5092932688116033,0.06521739130434782,0.2,0.8,0.9,0.6391895500066285,0.13043478260869565,0.2,0.8,0.9,0.7516382644779981,0.3115942028985507,0.4,0.6,0.86,0.1755285433844419
55,tollette teal outdoor rug,product_type,171,1,1.0,0.058823529411764705,1.0,0.0,1.0,1.0,0.11764705882352941,1.0,0.0,1.0,1.0,0.29411764705882354,1.0,0.0,1.0,0.18622492465354767
56,royal blue counter height chairs,multi_constraint,344,0,1.0,0.030303030303030304,,,0.7,0.8940764709918938,0.04329004329004329,,,0.5,0.8998250428810587,0.06926406926406926,,,0.36,0.3595437143943862
57,jordanna solid wood rocking,attribute_constraint,1406,1,0.9517900181710754,0.042105263157894736,1.0,0.0,0.9,0.9651044788209475,0.08947368421052632,1.0,0.0,0.9,0.9495313884114942,0.1736842105263158,1.0,0.0,0.72,0.38453487578437334
58,medium size chandelier,product_type,164,63,0.7120023851081075,0.012345679012345678,0.031746031746031744,0.9682539682539683,0.2,0.6505580476014469,0.037037037037037035,0.031746031746031744,0.9682539682539683,0.3,0.5970147497571849,0.08641975308641975,0.1111111111111111,0.8888888888888888,0.28,-0.03588581716829453
59,broadway lever,brand_entity_proxy,165,43,1.0,0.06451612903225806,0.23255813953488372,0.7674418604651163,1.0,1.0,0.12903225806451613,0.46511627906976744,0.5348837209302326,1.0,0.9997049182480748,0.3096774193548387,1.0,0.0,0.96,0.7212652928270823
60,capricorn chest,brand_entity_proxy,332,3,0.3924453405319179,0.018518518518518517,0.3333333333333333,0.6666666666666667,1.0,0.5058291486191724,0.046296296296296294,0.3333333333333333,0.6666666666666667,1.0,0.6968887921118144,0.12654320987654322,0.6666666666666666,0.33333333333333337,0.92,-0.053689785518602956
61,overstreet rustic pub stools,style,162,1,0.8125952066495404,0.018518518518518517,0.0,1.0,0.3,0.8643519933564188,0.04938271604938271,1.0,0.0,0.4,0.9176858378337531,0.09876543209876543,1.0,0.0,0.32,0.1289235869102955
62,7qt slow cooker,attribute_constraint,157,9,0.905536473741476,0.06756756756756757,0.7777777777777778,0.2222222222222222,1.0,0.920704268200865,0.13513513513513514,0.7777777777777778,0.2222222222222222,1.0,0.9595149946736827,0.33783783783783783,0.8888888888888888,0.11111111111111116,1.0,0.474831723074397
63,monthly calendar,brand_entity_proxy,115,72,0.7606971932189102,0.09433962264150944,0.1111111111111111,0.8888888888888888,1.0,0.8455617821086663,0.18867924528301888,0.25,0.75,1.0,0.8555944189915622,0.4716981132075472,0.5833333333333334,0.41666666666666663,1.0,0.4845025190104766
64,zachary 72.5,attribute_constraint,77,1,1.0,0.02702702702702703,1.0,0.0,0.2,1.0,0.02702702702702703,1.0,0.0,0.1,0.9879155217602926,0.04054054054054054,1.0,0.0,0.06,0.23642505344570802
65,gnome fairy garden,product_type,156,38,0.5432534204450873,0.06535947712418301,0.05263157894736842,0.9473684210526316,1.0,0.5881341224034361,0.13071895424836602,0.18421052631578946,0.8157894736842105,1.0,0.637713615311495,0.3202614379084967,0.42105263157894735,0.5789473684210527,0.98,0.12037736759737169
66,novara pergola,brand_entity_proxy,69,1,1.0,0.15625,1.0,0.0,1.0,1.0,0.3125,1.0,0.0,1.0,1.0,0.78125,1.0,0.0,1.0,0.4832869257366599
67,osgood mirror,product_type,587,0,1.0,0.01984126984126984,,,1.0,1.0,0.03968253968253968,,,1.0,1.0,0.0992063492063492,,,1.0,0.4613678218369521
68,nautical platters,brand_entity_proxy,204,89,0.6741138521166831,0.05952380952380952,0.06741573033707865,0.9325842696629214,1.0,0.7681248600751728,0.11904761904761904,0.16853932584269662,0.8314606741573034,1.0,0.7633371118841865,0.2976190476190476,0.38202247191011235,0.6179775280898876,1.0,0.5866731526225913
69,wall sconce with usb port,multi_constraint,235,13,0.8990684392693267,0.04975124378109453,0.6153846153846154,0.3846153846153846,1.0,0.8570974286819911,0.08955223880597014,0.6153846153846154,0.3846153846153846,0.9,0.9023102923696188,0.208955223880597,0.7692307692307693,0.23076923076923073,0.86,0.43047242653452805
70,annex dresser,product_type,504,1,0.6943559465628248,0.015904572564612324,0.0,1.0,0.8,0.7787676299523247,0.033797216699801194,0.0,1.0,0.85,0.865751383782762,0.07157057654075547,0.0,1.0,0.72,0.09070781347706185
71,infant girl crib bedding,product_type,139,47,0.5809927382627268,0.07246376811594203,0.06382978723404255,0.9361702127659575,1.0,0.660527794586302,0.14492753623188406,0.2127659574468085,0.7872340425531915,1.0,0.6962287122935469,0.36231884057971014,0.5531914893617021,0.44680851063829785,1.0,0.3071683679576052
72,fold in half table,product_type,174,85,0.9575861412006988,0.06134969325153374,0.10588235294117647,0.8941176470588236,1.0,0.9726274804087407,0.12269938650306748,0.2235294117647059,0.7764705882352941,1.0,0.9638199427266748,0.3067484662576687,0.5529411764705883,0.44705882352941173,1.0,0.7462501079035331
73,certified international melamine,product_type,181,0,1.0,0.06289308176100629,,,1.0,1.0,0.11949685534591195,,,0.95,1.0,0.2830188679245283,,,0.9,0.534263921039714
74,serta kleinmon,brand_entity_proxy,87,3,1.0,0.10714285714285714,1.0,0.0,0.9,1.0,0.15476190476190477,1.0,0.0,0.65,1.0,0.2261904761904762,1.0,0.0,0.38,0.30151638181423085
75,sheffield home bath set,product_type,231,4,0.47793939913262634,0.058394160583941604,0.25,0.75,0.8,0.5850989715491859,0.08759124087591241,0.25,0.75,0.7,0.6681182082879928,0.22627737226277372,0.25,0.75,0.66,0.5279583368973261
76,46 inch closet door,attribute_constraint,135,2,0.3731548097891462,0.10909090909090909,0.0,1.0,0.8,0.4774760027817579,0.18181818181818182,0.0,1.0,0.65,0.5003209380041775,0.38181818181818183,0.0,1.0,0.52,0.4720757941000543
77,sancroft armchair,brand_entity_proxy,661,1,0.6943559465628248,0.015128593040847202,0.0,1.0,1.0,0.7787676299523247,0.030257186081694403,0.0,1.0,1.0,0.865751383782762,0.07413010590015129,0.0,1.0,0.98,-0.04345075190376711
78,dorel vanity,brand_entity_proxy,948,3,0.5159958223394444,0.011723329425556858,0.0,1.0,1.0,0.6229152997582164,0.023446658851113716,0.0,1.0,1.0,0.7516339866803449,0.05509964830011723,0.0,1.0,0.94,0.38522122765371813
79,palram harmony greenhouses,product_type,122,0,1.0,0.09523809523809523,,,1.0,0.9275523895786346,0.17142857142857143,,,1.0,0.9466453344586817,0.44761904761904764,,,1.0,0.3310034396109149
80,7 draw white dresser,attribute_constraint,198,39,0.9575861412006988,0.05102040816326531,0.23076923076923078,0.7692307692307692,1.0,0.8313414460188979,0.10204081632653061,0.3333333333333333,0.6666666666666667,1.0,0.7744257964036348,0.25,0.5384615384615384,0.46153846153846156,0.98,0.42063746867425544
81,orren ellis l shape desk,multi_constraint,233,75,0.3333333333333333,0.045662100456621,0.0,1.0,1.0,0.35489219409887995,0.0821917808219178,0.0,1.0,0.9,0.42504185212712203,0.2100456621004566,0.09333333333333334,0.9066666666666666,0.92,0.06272985486308565
82,bathroom vanity with counter space,multi_constraint,668,53,0.42590829591570295,0.01529051987767584,0.018867924528301886,0.9811320754716981,1.0,0.4149881718472804,0.03058103975535168,0.03773584905660377,0.9622641509433962,1.0,0.4562023517778308,0.07492354740061162,0.18867924528301888,0.8113207547169812,0.98,0.234078447786535
83,wall art fiji,product_type,103,0,1.0,0.0,,,0.0,1.0,0.010309278350515464,,,0.05,1.0,0.020618556701030927,,,0.04,0.348539804966602
84,full metal bed rose gold,multi_constraint,299,1,0.6943559465628248,0.03827751196172249,0.0,1.0,0.8,0.7261111450818278,0.07177033492822966,0.0,1.0,0.75,0.819158183249871,0.16267942583732056,0.0,1.0,0.74,0.5622388769061335
85,3/4 size mattress,attribute_constraint,152,0,1.0,0.018867924528301886,,,0.2,1.0,0.03773584905660377,,,0.2,1.0,0.1320754716981132,,,0.28,0.795389978280441
86,aloe vera plant pot,product_type,142,15,0.630067391571673,0.07246376811594203,0.3333333333333333,0.6666666666666667,1.0,0.67540596543059,0.14492753623188406,0.5333333333333333,0.4666666666666667,1.0,0.832924847230392,0.36231884057971014,0.8666666666666667,0.1333333333333333,1.0,0.47571168975534983
87,vlad modular sectional,product_type,221,0,1.0,0.04524886877828054,,,1.0,1.0,0.09049773755656108,,,1.0,1.0,0.22171945701357465,,,0.98,
88,rose gold lounge,attribute_constraint,159,1,0.5992397983790063,0.046296296296296294,0.0,1.0,0.7,0.6201187122238776,0.06481481481481481,1.0,0.0,0.5,0.608935622594203,0.1111111111111111,1.0,0.0,0.36,0.0478815823094524
89,whimsical solar lights,product_type,142,68,0.6967705191613881,0.044444444444444446,0.04411764705882353,0.9558823529411765,0.6,0.7575244466869526,0.0962962962962963,0.10294117647058823,0.8970588235294118,0.65,0.7005623538607094,0.2074074074074074,0.2647058823529412,0.7352941176470589,0.58,0.23364199208984976
90,filaret outdoor sofa,product_type,242,0,1.0,0.03319502074688797,,,0.8,1.0,0.06639004149377593,,,0.8,1.0,0.14937759336099585,,,0.72,-0.031811894882434306
91,industrial pipe dining  table,style,686,8,0.4113645054230252,0.014925373134328358,0.125,0.875,1.0,0.5752943086103186,0.028358208955223882,0.25,0.75,0.95,0.7146569253051872,0.06417910447761194,0.5,0.5,0.86,0.23655925564967722
92,antique silver entry table,attribute_constraint,170,0,1.0,0.03614457831325301,,,0.6,1.0,0.04819277108433735,,,0.4,1.0,0.10843373493975904,,,0.36,0.2040257024575224
93,outdoor sectional dining,product_type,233,58,0.42203467342381934,0.027149321266968326,0.0,1.0,0.6,0.4169923266962511,0.05429864253393665,0.05172413793103448,0.9482758620689655,0.6,0.49013238648518936,0.13122171945701358,0.1206896551724138,0.8793103448275862,0.58,0.2671511709426816
94,kohler whitehaven farmhouse kitchen sink,style,197,4,0.6769125582181964,0.06666666666666667,0.25,0.75,1.0,0.7432303612797106,0.13333333333333333,0.25,0.75,1.0,0.8909987263899181,0.3333333333333333,1.0,0.0,1.0,0.7152037385531596
95,entertainment stand end table,product_type,820,49,0.3333333333333333,0.012269938650306749,0.0,1.0,1.0,0.3208977498778518,0.023312883435582823,0.0,1.0,1.0,0.32954826334384896,0.06012269938650307,0.0,1.0,1.0,-0.18391775551244396
96,bar room wall decor,product_type,384,75,0.955830517697074,0.03546099290780142,0.12,0.88,1.0,0.8996771179160017,0.0673758865248227,0.2,0.8,0.95,0.8713585884517175,0.1595744680851064,0.48,0.52,0.92,0.5225560899910521
97,regner power loom red,attribute_constraint,197,1,1.0,0.05102040816326531,1.0,0.0,1.0,1.0,0.10204081632653061,1.0,0.0,1.0,1.0,0.25510204081632654,1.0,0.0,1.0,0.17097758963865514
98,gracie oaks 62 oller 14 ceiling fan,multi_constraint,124,0,1.0,0.08849557522123894,,,1.0,1.0,0.17699115044247787,,,1.0,1.0,0.4424778761061947,,,1.0,0.4378040540846698
99,arched christmas tree,product_type,121,0,1.0,0.09009009009009009,,,1.0,1.0,0.17117117117117117,,,0.95,1.0,0.43243243243243246,,,0.96,0.44255354537702174
100,tufted upholstered bed diamond,product_type,887,211,0.8314393152098816,0.012315270935960592,0.03317535545023697,0.966824644549763,1.0,0.7998661769584138,0.024630541871921183,0.061611374407582936,0.9383886255924171,1.0,0.7323445623472286,0.0603448275862069,0.12796208530805686,0.8720379146919431,0.98,0.4465260807657036
101,48 in entry table with side by side drawer,long_descriptive,283,4,0.6535030491871531,0.019305019305019305,0.5,0.5,0.5,0.7049101754793399,0.04633204633204633,0.5,0.5,0.6,0.8136846290467751,0.0888030888030888,0.5,0.5,0.48,0.14398930122068943
102,flamingo,brand_entity_proxy,68,57,1.0,0.17543859649122806,0.17543859649122806,0.8245614035087719,1.0,0.9603789329441845,0.3333333333333333,0.3333333333333333,0.6666666666666667,1.0,0.9783727146391595,0.8421052631578947,0.8421052631578947,0.1578947368421053,0.98,0.5381713602182188
103,kitchen anti fatigue mats,product_type,368,230,0.8606337550063157,0.027247956403269755,0.030434782608695653,0.9695652173913043,1.0,0.8419695289892258,0.05449591280653951,0.06086956521739131,0.9391304347826087,1.0,0.7831301007451513,0.1362397820163488,0.13478260869565217,0.8652173913043478,1.0,0.25192048104810677
104,flour and sugar containers,product_type,179,12,0.6227836537786147,0.05056179775280899,0.3333333333333333,0.6666666666666667,0.9,0.6674652218769109,0.09550561797752809,0.4166666666666667,0.5833333333333333,0.85,0.8029134508000919,0.2303370786516854,0.5833333333333334,0.41666666666666663,0.82,0.21961060702469215
105,outdoor movie screen,product_type,149,62,1.0,0.07352941176470588,0.16129032258064516,0.8387096774193549,1.0,1.0,0.14705882352941177,0.3225806451612903,0.6774193548387097,1.0,0.9017247896933832,0.3161764705882353,0.6451612903225806,0.3548387096774194,0.94,0.5403648965993979
106,bed risers,product_type,2245,36,1.0,0.10526315789473684,0.2777777777777778,0.7222222222222222,1.0,0.9768332182007543,0.21052631578947367,0.5277777777777778,0.4722222222222222,1.0,0.8427446027670767,0.3684210526315789,0.8333333333333334,0.16666666666666663,0.98,0.19963301453716487
107,front porch furniture sets,product_type,309,43,0.4454348576459405,0.0231023102310231,0.046511627906976744,0.9534883720930233,0.7,0.4299175221629712,0.039603960396039604,0.046511627906976744,0.9534883720930233,0.6,0.46580969350873785,0.09900990099009901,0.06976744186046512,0.9302325581395349,0.6,0.22920461853244437
108,ayesha curry kitchen,product_type,131,81,1.0,0.07936507936507936,0.12345679012345678,0.8765432098765432,1.0,1.0,0.15873015873015872,0.24691358024691357,0.7530864197530864,1.0,0.9526236089590335,0.38095238095238093,0.5679012345679012,0.4320987654320988,1.0,0.6845114589148166
109,hillsby oriental rug,product_type,247,39,1.0,0.04048582995951417,0.2564102564102564,0.7435897435897436,1.0,1.0,0.08097165991902834,0.5128205128205128,0.4871794871794872,1.0,0.9670343412788641,0.19838056680161945,0.9230769230769231,0.07692307692307687,0.98,0.6105624626281745
110,mila task chair,product_type,348,0,1.0,0.02881844380403458,,,1.0,1.0,0.05763688760806916,,,1.0,1.0,0.1440922190201729,,,1.0,0.09271455408231195
111,delta trinsic,brand_entity_proxy,161,69,1.0,0.05161290322580645,0.11594202898550725,0.8840579710144928,0.8,1.0,0.10967741935483871,0.2463768115942029,0.7536231884057971,0.85,0.9510229288764024,0.1870967741935484,0.4057971014492754,0.5942028985507246,0.58,0.6942559650625334
112,pineapple,brand_entity_proxy,271,266,1.0,0.03759398496240601,0.03759398496240601,0.9624060150375939,1.0,1.0,0.07518796992481203,0.07518796992481203,0.924812030075188,1.0,1.0,0.18796992481203006,0.18796992481203006,0.8120300751879699,1.0,0.16789353831629153
113,led light strip,product_type,432,75,1.0,0.026455026455026454,0.13333333333333333,0.8666666666666667,1.0,1.0,0.05291005291005291,0.26666666666666666,0.7333333333333334,1.0,0.9908416037541284,0.13227513227513227,0.6533333333333333,0.3466666666666667,1.0,0.723225803018518
114,geralyn upholstered storage platform bed,multi_constraint,1252,3,0.7431286862216819,0.008136696501220505,0.3333333333333333,0.6666666666666667,1.0,0.7998731274903537,0.01627339300244101,0.3333333333333333,0.6666666666666667,1.0,0.8681868729983435,0.04068348250610252,0.3333333333333333,0.6666666666666667,1.0,0.06639691561628293
115,peacock,brand_entity_proxy,224,202,1.0,0.04878048780487805,0.04950495049504951,0.9504950495049505,1.0,1.0,0.0975609756097561,0.09900990099009901,0.900990099009901,1.0,1.0,0.24390243902439024,0.24752475247524752,0.7524752475247525,1.0,0.4236061158423806
116,brockham solid blackout thermal grommet curtain panels,multi_constraint,595,0,1.0,0.01721170395869191,,,1.0,1.0,0.03442340791738382,,,1.0,1.0,0.08605851979345955,,,1.0,0.24730582091743836
117,tall storage cabinet,attribute_constraint,430,128,0.7991971355969069,0.0166270783847981,0.0390625,0.9609375,0.7,0.7741228671283771,0.035629453681710214,0.0703125,0.9296875,0.75,0.7183850771460394,0.07600950118764846,0.1484375,0.8515625,0.64,0.3273056918227983
118,body pillow case,product_type,216,94,0.6446164943700128,0.046296296296296294,0.05319148936170213,0.9468085106382979,1.0,0.6492489223747429,0.09259259259259259,0.10638297872340426,0.8936170212765957,1.0,0.6262642418219183,0.21296296296296297,0.2127659574468085,0.7872340425531915,0.92,0.2930815702227323
119,welcome sign,brand_entity_proxy,441,158,0.9477344873475497,0.0273972602739726,0.056962025316455694,0.9430379746835443,1.0,0.9420320193578962,0.0547945205479452,0.11392405063291139,0.8860759493670887,1.0,0.8675366175723874,0.136986301369863,0.24050632911392406,0.759493670886076,1.0,0.4982567336458607
120,zodiac pillow,brand_entity_proxy,979,33,1.0,0.012077294685990338,0.30303030303030304,0.696969696969697,1.0,0.9291638322269516,0.024154589371980676,0.5151515151515151,0.48484848484848486,1.0,0.941884152665897,0.05434782608695652,0.9696969696969697,0.030303030303030276,1.0,0.5216704552384074
121,upholstered bed,product_type,2977,726,0.92663607790064,0.005548705302096177,0.012396694214876033,0.987603305785124,1.0,0.9526533201221142,0.011097410604192354,0.024793388429752067,0.9752066115702479,0.95,0.9168245967874005,0.027127003699136867,0.05922865013774105,0.940771349862259,0.96,0.6102856158225453
122,king size bed,attribute_constraint,448,375,0.933745776545611,0.02142857142857143,0.024,0.976,1.0,0.921731677576554,0.0380952380952381,0.042666666666666665,0.9573333333333334,0.9,0.9572769874829087,0.07857142857142857,0.088,0.912,0.7,0.14097614758240304
123,entrance table,product_type,4329,187,0.32348221418025946,0.0021929824561403508,0.0053475935828877,0.9946524064171123,1.0,0.3140377390404955,0.005263157894736842,0.0106951871657754,0.9893048128342246,1.0,0.25120301466258543,0.011403508771929825,0.016042780748663103,0.983957219251337,1.0,0.0647330451538408
124,unique coffee tables,product_type,1467,324,0.7523405950706065,0.007739938080495356,0.021604938271604937,0.9783950617283951,1.0,0.6318985502395437,0.01393188854489164,0.027777777777777776,0.9722222222222222,1.0,0.5369064436440584,0.034055727554179564,0.046296296296296294,0.9537037037037037,1.0,0.05897400819833968
125,boho bed frame,product_type,283,1,0.746778342184579,0.016,1.0,0.0,0.5,0.7654881452516329,0.048,1.0,0.0,0.65,0.8204279120436844,0.096,1.0,0.0,0.54,0.03809754394832266
126,leather dining chairs,attribute_constraint,719,241,0.9069212362975005,0.014749262536873156,0.03319502074688797,0.966804979253112,1.0,0.8460002382395724,0.028023598820058997,0.058091286307053944,0.941908713692946,0.95,0.8063526766974684,0.06784660766961652,0.13278008298755187,0.8672199170124482,0.92,0.5424089790982
127,wine bar,brand_entity_proxy,1580,159,1.0,0.035842293906810034,0.06289308176100629,0.9371069182389937,1.0,0.9255480065859142,0.07168458781362007,0.1069182389937107,0.8930817610062893,1.0,0.9079054731421515,0.17921146953405018,0.2641509433962264,0.7358490566037736,1.0,0.6074137944849812
128,block coffee table,product_type,1455,113,0.84037276213159,0.007326007326007326,0.061946902654867256,0.9380530973451328,1.0,0.7804906767795751,0.014652014652014652,0.10619469026548672,0.8938053097345133,1.0,0.7375301597727806,0.034432234432234435,0.25663716814159293,0.7433628318584071,1.0,0.3008290504528102
129,wainscoting ideas,brand_entity_proxy,185,28,0.393758437646072,0.010526315789473684,0.03571428571428571,0.9642857142857143,0.1,0.4539827658218287,0.010526315789473684,0.03571428571428571,0.9642857142857143,0.05,0.590596518001088,0.010526315789473684,0.03571428571428571,0.9642857142857143,0.02,-0.0661649882405229
130,entertainment console,brand_entity_proxy,875,187,0.3965255762463672,0.01152073732718894,0.0053475935828877,0.9946524064171123,1.0,0.3997053023622765,0.021889400921658985,0.0106951871657754,0.9893048128342246,0.95,0.37426529456430435,0.055299539170506916,0.016042780748663103,0.983957219251337,0.98,-0.35592849710654334
131,kids chair,product_type,3479,173,0.933745776545611,0.00497787610619469,0.05202312138728324,0.9479768786127167,1.0,0.8967646705251089,0.00995575221238938,0.09826589595375723,0.9017341040462428,1.0,0.8897212674467371,0.025995575221238937,0.24277456647398843,0.7572254335260116,1.0,0.2608234306164384
132,farmhouse cabinet,style,1260,42,0.7333178344604987,0.015228426395939087,0.14285714285714285,0.8571428571428572,1.0,0.6314136119167444,0.025380710659898477,0.21428571428571427,0.7857142857142857,0.95,0.6209577806342407,0.05922165820642978,0.4523809523809524,0.5476190476190477,0.92,0.3203554267877156
133,outdoor light fixtures,product_type,227,170,0.9477344873475497,0.025,0.029411764705882353,0.9705882352941176,0.5,0.9194294229454,0.065,0.07058823529411765,0.9294117647058824,0.65,0.945023733635209,0.165,0.17058823529411765,0.8294117647058823,0.66,0.508535889512903
134,black hanging bookshelf,attribute_constraint,150,3,0.5159958223394444,0.03278688524590164,0.0,1.0,0.4,0.6229152997582164,0.06557377049180328,0.0,1.0,0.4,0.7729828915590347,0.16393442622950818,0.0,1.0,0.4,0.6247723232302078
135,low profile loveseat recliner,product_type,552,10,0.5625887967137817,0.0472972972972973,0.3,0.7,0.8,0.6620472242296961,0.10810810810810811,0.4,0.6,0.85,0.7710120509669831,0.22297297297297297,0.5,0.5,0.68,0.7355473562756182
136,black fluffy stool,attribute_constraint,166,0,1.0,0.024242424242424242,,,0.4,0.963643712011461,0.03636363636363636,,,0.3,0.9801548046678967,0.07878787878787878,,,0.26,-0.11291021849748921
137,orren ellis l shaped desk,multi_constraint,233,80,0.3965255762463672,0.04926108374384237,0.0125,0.9875,1.0,0.3849875217865382,0.09359605911330049,0.025,0.975,1.0,0.44569529315993195,0.21674876847290642,0.1375,0.8625,0.96,0.037276550768301685
138,glass doors for bath,product_type,172,142,1.0,0.06535947712418301,0.07042253521126761,0.9295774647887324,1.0,1.0,0.13071895424836602,0.14084507042253522,0.8591549295774648,1.0,1.0,0.3137254901960784,0.3380281690140845,0.6619718309859155,0.96,0.5706518513103251
139,auburn throw pillows,product_type,339,0,0.7951657524814092,0.0321285140562249,,,1.0,0.72574764501735,0.04819277108433735,,,0.85,0.7594078516679064,0.13253012048192772,,,0.88,0.012150436732765432
140,wire basket with dividers,product_type,131,3,0.7431286862216819,0.08,0.3333333333333333,0.6666666666666667,1.0,0.7998731274903537,0.16,0.3333333333333333,0.6666666666666667,1.0,0.8681868729983435,0.4,0.3333333333333333,0.6666666666666667,1.0,0.2660703766230771
141,podium with locking cabinet,product_type,161,3,0.20704120938762777,0.027777777777777776,0.0,1.0,0.5,0.20786180878302535,0.027777777777777776,0.0,1.0,0.35,0.30626335196815446,0.1111111111111111,0.3333333333333333,0.6666666666666667,0.26,0.2314552892322632
142,kitchen wooden stand,attribute_constraint,203,5,0.4361244635927053,0.05333333333333334,0.4,0.6,0.5,0.4072901674192214,0.05333333333333334,0.4,0.6,0.3,0.4443684279951889,0.05333333333333334,0.4,0.6,0.22,0.15484805853477518
143,queen wingback chair,attribute_constraint,244,3,0.6295622542805632,0.04265402843601896,0.3333333333333333,0.6666666666666667,0.9,0.711394213624285,0.09004739336492891,0.3333333333333333,0.6666666666666667,0.95,0.7661658250595256,0.2037914691943128,0.3333333333333333,0.6666666666666667,0.94,0.07596365505353433
144,rug plum,product_type,1423,116,1.0,0.007558578987150416,0.08620689655172414,0.9137931034482758,1.0,1.0,0.015117157974300832,0.1724137931034483,0.8275862068965517,1.0,0.9902204847993954,0.03779289493575208,0.4224137931034483,0.5775862068965517,1.0,0.371113871934233
145,liberty hardware francisco,product_type,143,32,0.43507199299807126,0.046153846153846156,0.09375,0.90625,0.7,0.44537413046663177,0.046153846153846156,0.09375,0.90625,0.35,0.529805455187091,0.09230769230769231,0.09375,0.90625,0.28,-0.03260601617849675
146,laundry vanity cabinet,product_type,111,4,0.4700182601018591,0.01818181818181818,0.0,1.0,0.2,0.5788037469624102,0.02727272727272727,0.0,1.0,0.15,0.7157078870808333,0.06363636363636363,0.0,1.0,0.14,-0.16181991672293405
147,drum picture,brand_entity_proxy,425,12,1.0,0.13513513513513514,0.8333333333333334,0.16666666666666663,1.0,0.8651150477962544,0.16216216216216217,0.9166666666666666,0.08333333333333337,0.75,0.6795496993277069,0.1891891891891892,0.9166666666666666,0.08333333333333337,0.6,0.157879473311322
148,industrial,style,249,194,1.0,0.04060913705583756,0.041237113402061855,0.9587628865979382,0.8,1.0,0.07614213197969544,0.07731958762886598,0.9226804123711341,0.75,1.0,0.1319796954314721,0.13402061855670103,0.865979381443299,0.52,0.5768693399696723
149,mid century modern,style,173,155,1.0,0.05325443786982249,0.05806451612903226,0.9419354838709677,0.9,0.9772913518293451,0.10650887573964497,0.10967741935483871,0.8903225806451613,0.9,0.9780187986103982,0.21893491124260356,0.23225806451612904,0.7677419354838709,0.74,0.151125850652147
150,dumbbells,brand_entity_proxy,54,21,1.0,0.47619047619047616,0.47619047619047616,0.5238095238095238,1.0,0.9347967382841033,0.8571428571428571,0.8571428571428571,0.1428571428571429,1.0,0.9902910638986131,0.9047619047619048,0.9047619047619048,0.09523809523809523,0.54,0.7713978791921182
151,leather chair,attribute_constraint,3042,630,0.8379347378101539,0.002831858407079646,0.009523809523809525,0.9904761904761905,0.8,0.8475269517630094,0.006017699115044248,0.020634920634920634,0.9793650793650793,0.85,0.8251143687080204,0.013451327433628318,0.044444444444444446,0.9555555555555556,0.76,0.4661124940896951
152,wishbone chair,product_type,3286,46,0.48006117753205346,0.0028337531486146094,0.021739130434782608,0.9782608695652174,0.9,0.42802669308910507,0.005037783375314861,0.021739130434782608,0.9782608695652174,0.8,0.3997037536089912,0.011964735516372796,0.021739130434782608,0.9782608695652174,0.76,0.21784104807832955
153,bohemian,style,178,145,1.0,0.06535947712418301,0.06896551724137931,0.9310344827586207,1.0,1.0,0.13071895424836602,0.13793103448275862,0.8620689655172413,1.0,0.968794323855058,0.24836601307189543,0.2413793103448276,0.7586206896551724,0.76,0.4434775807499475
155,floating bed,product_type,2376,8,0.6277207292790152,0.00471253534401508,0.5,0.5,1.0,0.6746728604310902,0.008953817153628653,0.5,0.5,1.0,0.766267337509885,0.022620169651272386,0.5,0.5,0.98,0.34972459159005137
156,papasan chair frame only,product_type,150,19,0.44281305753755196,0.09259259259259259,0.10526315789473684,0.8947368421052632,1.0,0.5121090254888593,0.18518518518518517,0.3157894736842105,0.6842105263157895,1.0,0.7689117415340434,0.46296296296296297,0.8421052631578947,0.1578947368421053,1.0,0.6496178028660948
157,velvet chaise,brand_entity_proxy,1085,51,0.6088036102153903,0.014705882352941176,0.09803921568627451,0.9019607843137255,1.0,0.49975853141890525,0.03125,0.09803921568627451,0.9019607843137255,1.0,0.5247312128637935,0.08088235294117647,0.3137254901960784,0.6862745098039216,1.0,0.20547231775276065
158,led nightstand,brand_entity_proxy,834,44,0.8010066431488295,0.013140604467805518,0.18181818181818182,0.8181818181818181,1.0,0.8031772024240821,0.026281208935611037,0.3409090909090909,0.6590909090909092,1.0,0.7671407470556559,0.0657030223390276,0.6363636363636364,0.36363636363636365,1.0,0.35921592168000205
159,meditation,brand_entity_proxy,122,93,1.0,0.10416666666666667,0.10752688172043011,0.8924731182795699,1.0,1.0,0.20833333333333334,0.21505376344086022,0.7849462365591398,1.0,0.9851168632159072,0.4791666666666667,0.4946236559139785,0.5053763440860215,0.94,0.6188863680063688
160,marble,brand_entity_proxy,242,226,1.0,0.039301310043668124,0.03982300884955752,0.9601769911504425,0.9,1.0,0.06986899563318777,0.07079646017699115,0.9292035398230089,0.8,0.9906421487163746,0.17467248908296942,0.17699115044247787,0.8230088495575221,0.8,0.31184204185177017
161,accent chair recliner,product_type,205,38,0.5332700211316628,0.014925373134328358,0.02631578947368421,0.9736842105263158,0.3,0.46236594339760473,0.024875621890547265,0.05263157894736842,0.9473684210526316,0.25,0.5000186603028396,0.06467661691542288,0.07894736842105263,0.9210526315789473,0.26,0.01121424873162078
162,turquoise chair,product_type,3354,23,0.48006117753205346,0.002213788741302973,0.043478260869565216,0.9565217391304348,0.7,0.47931190470394514,0.004743833017077799,0.13043478260869565,0.8695652173913043,0.75,0.5783706296059716,0.012966476913345983,0.17391304347826086,0.8260869565217391,0.82,0.31029246382379133
163,dual monitor stand,product_type,94,47,1.0,0.10752688172043011,0.2127659574468085,0.7872340425531915,1.0,1.0,0.21505376344086022,0.425531914893617,0.574468085106383,1.0,0.9201422512738866,0.5161290322580645,0.8085106382978723,0.19148936170212771,0.96,0.7173019867108084
164,modern outdoor furniture,style,195,128,0.9069212362975005,0.03333333333333333,0.046875,0.953125,0.6,0.8465538038985313,0.05555555555555555,0.0625,0.9375,0.5,0.845508073227067,0.08888888888888889,0.09375,0.90625,0.32,0.27276045913539343
165,kitchen storage shelves,product_type,193,69,0.811178322335156,0.02617801047120419,0.043478260869565216,0.9565217391304348,0.5,0.8094670055209416,0.04712041884816754,0.08695652173913043,0.9130434782608696,0.45,0.8240077237528795,0.11518324607329843,0.2028985507246377,0.7971014492753623,0.44,0.529242237412971
166,feather wall art,product_type,111,26,1.0,0.08256880733944955,0.34615384615384615,0.6538461538461539,0.9,0.9169514203535546,0.1559633027522936,0.5769230769230769,0.42307692307692313,0.9,0.9461934116115879,0.22018348623853212,0.7692307692307693,0.23076923076923073,0.5,0.5899893014472607
167,camper,brand_entity_proxy,136,87,1.0,0.06896551724137931,0.06896551724137931,0.9310344827586207,0.6,1.0,0.11494252873563218,0.11494252873563218,0.8850574712643678,0.5,1.0,0.21839080459770116,0.21839080459770116,0.7816091954022988,0.38,0.7777177819099786
168,printers,brand_entity_proxy,68,0,0.92663607790064,0.125,,,0.7,0.9526533201221141,0.1875,,,0.5,0.9700441907499687,0.3333333333333333,,,0.34,0.6626712145963134
169,coffee bar buffet,product_type,126,27,0.43638289305226546,0.008,0.0,1.0,0.1,0.4688967543699583,0.024,0.0,1.0,0.15,0.6308996385385224,0.056,0.037037037037037035,0.962962962962963,0.14,0.14941705594732918
170,zen,brand_entity_proxy,127,99,0.9510907186004265,0.1,0.09090909090909091,0.9090909090909091,1.0,0.9311287963816315,0.19,0.18181818181818182,0.8181818181818181,1.0,0.9320636973838247,0.32,0.31313131313131315,0.6868686868686869,0.68,0.3554595050559557
171,nectar queen mattress,attribute_constraint,99,0,1.0,0.10101010101010101,,,1.0,1.0,0.1414141414141414,,,0.7,1.0,0.2828282828282828,,,0.56,
172,picasso,brand_entity_proxy,59,42,1.0,0.23809523809523808,0.23809523809523808,0.7619047619047619,1.0,1.0,0.42857142857142855,0.42857142857142855,0.5714285714285714,0.9,0.8832514259109946,0.7142857142857143,0.7142857142857143,0.2857142857142857,0.6,0.514242246786648
173,bedroom accessories,brand_entity_proxy,316,4,0.2354665834770435,0.00980392156862745,0.0,1.0,0.2,0.3266934612756794,0.00980392156862745,0.0,1.0,0.15,0.5006699860590156,0.014705882352941176,0.0,1.0,0.12,0.18855920608867216
174,star wars rug,product_type,90,0,0.35408660364352734,0.0,,,0.1,0.4942874479434138,0.0,,,0.05,0.6045392609944686,0.0,,,0.02,0.326572920192807
175,basket planter,brand_entity_proxy,564,70,0.9086768598011254,0.033003300330033,0.11428571428571428,0.8857142857142857,1.0,0.8960627180630195,0.066006600660066,0.22857142857142856,0.7714285714285715,1.0,0.7625742613551675,0.1485148514851485,0.4,0.6,0.94,0.7223634524672143
176,mexican art,brand_entity_proxy,397,23,0.8803485966094551,0.02544529262086514,0.34782608695652173,0.6521739130434783,1.0,0.8528980052065248,0.04580152671755725,0.6521739130434783,0.34782608695652173,0.9,0.8717124548084256,0.08651399491094147,0.6956521739130435,0.30434782608695654,0.68,0.3177307877340709
177,rustic storage cabinet,style,378,16,0.6192265393558443,0.013262599469496022,0.25,0.75,0.5,0.6187250596049044,0.021220159151193633,0.25,0.75,0.4,0.7228443475060838,0.050397877984084884,0.375,0.625,0.38,0.22499717541034012
178,almost heaven sauna,product_type,74,24,0.38224261473290666,0.18867924528301888,0.041666666666666664,0.9583333333333334,1.0,0.4335714356179975,0.37735849056603776,0.16666666666666666,0.8333333333333334,1.0,0.7518380556808186,0.8867924528301887,0.75,0.25,0.94,0.4870124859557542
179,promo codes or discounts,product_type,1,0,1.0,0.0,,,0.0,1.0,0.0,,,0.0,1.0,0.0,,,0.0,
180,outdoor lounge cushions,product_type,403,72,0.9134166588977729,0.024875621890547265,0.1111111111111111,0.8888888888888888,1.0,0.7077001710386813,0.04477611940298507,0.1111111111111111,0.8888888888888888,0.9,0.6605525249476117,0.08955223880597014,0.20833333333333334,0.7916666666666666,0.72,0.2638655152857706
181,e12/candelabra,attribute_constraint,122,104,1.0,0.02459016393442623,0.028846153846153848,0.9711538461538461,0.3,1.0,0.03278688524590164,0.038461538461538464,0.9615384615384616,0.2,1.0,0.05737704918032787,0.0673076923076923,0.9326923076923077,0.14,0.614282734223425
182,penny round tile,attribute_constraint,98,58,0.9086768598011254,0.10204081632653061,0.13793103448275862,0.8620689655172413,1.0,0.9410630271568168,0.20408163265306123,0.3103448275862069,0.6896551724137931,1.0,0.9487247447925269,0.5102040816326531,0.7931034482758621,0.2068965517241379,1.0,0.73978189469661
183,farmhouse bread box,style,78,6,0.5365363213431114,0.13513513513513514,0.3333333333333333,0.6666666666666667,1.0,0.690942059562378,0.2702702702702703,0.6666666666666666,0.33333333333333337,1.0,0.8213554001449218,0.6351351351351351,0.8333333333333334,0.16666666666666663,0.94,0.36999098457324686
184,sugar canister,brand_entity_proxy,185,59,0.74591043058532,0.05434782608695652,0.11864406779661017,0.8813559322033898,1.0,0.6929074541603305,0.10326086956521739,0.1864406779661017,0.8135593220338984,0.95,0.6923101075007029,0.24456521739130435,0.4406779661016949,0.5593220338983051,0.9,0.3865982591455154
185,lunch bag,brand_entity_proxy,124,34,1.0,0.21739130434782608,0.29411764705882354,0.7058823529411764,1.0,1.0,0.43478260869565216,0.5882352941176471,0.4117647058823529,1.0,0.9216859010180634,0.8043478260869565,0.9411764705882353,0.05882352941176472,0.96,0.6931917883326576
186,board game storage cabinet,product_type,385,4,0.6424301751988069,0.013089005235602094,0.25,0.75,0.5,0.7991266178752883,0.020942408376963352,0.5,0.5,0.4,0.8644177914176339,0.06282722513089005,1.0,0.0,0.48,0.1896972748399416
188,"bedroom wall decor floral, multicolored with some teal (prints)",long_descriptive,277,8,0.6370557979461686,0.016853932584269662,0.375,0.625,0.5,0.5977066631125348,0.028089887640449437,0.375,0.625,0.4,0.5723044917066591,0.05056179775280899,0.5,0.5,0.38,-0.3435529932963171
189,big basket for dirty cloths,multi_constraint,73,31,0.596573389575203,0.06944444444444445,0.03225806451612903,0.967741935483871,0.5,0.6462723301449433,0.1111111111111111,0.12903225806451613,0.8709677419354839,0.4,0.7791216921701672,0.2916666666666667,0.3870967741935484,0.6129032258064516,0.42,0.2224128124504447
190,benjiamino faux leather power lift chair,multi_constraint,792,5,0.43518692560571737,0.014064697609001406,0.0,1.0,1.0,0.5441885155473163,0.02812939521800281,0.0,1.0,1.0,0.6862448652703705,0.07032348804500703,0.0,1.0,1.0,0.39993892362797745
191,biycicle plant stands,product_type,217,0,1.0,0.04608294930875576,,,1.0,1.0,0.08755760368663594,,,0.95,1.0,0.22119815668202766,,,0.96,
193,belchertown table lamp,product_type,278,0,1.0,0.03237410071942446,,,0.9,1.0,0.0683453237410072,,,0.95,1.0,0.17266187050359713,,,0.96,
194,black frame 22 x 36,multi_constraint,293,0,1.0,0.10112359550561797,,,0.9,0.963643712011461,0.14606741573033707,,,0.7,0.9355837708305494,0.3258426966292135,,,0.62,0.6490394033933182
195,black freestanding tub  with faucet,multi_constraint,110,3,0.8309956722297465,0.09803921568627451,0.6666666666666666,0.33333333333333337,1.0,0.9161505166884577,0.19607843137254902,1.0,0.0,1.0,0.9447727211535031,0.49019607843137253,1.0,0.0,1.0,0.34547139920490916
196,chabely 5 draw chest,attribute_constraint,165,0,1.0,0.0625,,,1.0,1.0,0.1125,,,0.9,1.0,0.275,,,0.88,0.25386087202440183
197,desk for kids tjat ate 10 year old,long_descriptive,41,23,1.0,0.12195121951219512,0.21739130434782608,0.782608695652174,0.5,0.9305102045399973,0.17073170731707318,0.30434782608695654,0.6956521739130435,0.35,0.9904781748872257,0.5365853658536586,0.8260869565217391,0.17391304347826086,0.44,0.6936689942385907
198,cake plates with tops,product_type,82,10,0.48960433994886654,0.20833333333333334,0.3,0.7,1.0,0.5824435218164125,0.3541666666666667,0.3,0.7,0.9,0.7225904660745506,0.5416666666666666,0.5,0.5,0.56,0.6340145824188238
199,blue faux throw with pillows,multi_constraint,384,0,1.0,0.024128686327077747,,,0.9,1.0,0.04289544235924933,,,0.8,0.9826137020047634,0.10187667560321716,,,0.78,0.019928130230787187
200,ceramic tile sea shell,product_type,247,3,0.6533043851072476,0.040983606557377046,0.6666666666666666,0.33333333333333337,1.0,0.7751853388799397,0.08196721311475409,1.0,0.0,1.0,0.8519263150098721,0.18032786885245902,1.0,0.0,0.88,0.2462747138780362
201,delta trinsic double towel hook in champagne bronze,long_descriptive,124,0,1.0,0.07142857142857142,,,0.7,0.9603789329441843,0.11224489795918367,,,0.6,0.9783727146391596,0.2755102040816326,,,0.56,0.5739342010445885
202,full mattress padded liner,product_type,83,45,1.0,0.08433734939759036,0.15555555555555556,0.8444444444444444,0.7,0.9293334790454478,0.0963855421686747,0.17777777777777778,0.8222222222222222,0.4,0.8588657190058172,0.26506024096385544,0.4222222222222222,0.5777777777777777,0.44,0.3825473594495388
203,ge top loading washer 4.5,multi_constraint,87,5,0.7425540343317618,0.12048192771084337,0.6,0.4,1.0,0.8340147216064783,0.24096385542168675,0.8,0.19999999999999996,1.0,0.9092692346742879,0.6024096385542169,1.0,0.0,1.0,0.4724774610195794
204,fleur de lis living candle wall sconce bronze,long_descriptive,191,7,0.6045588977664643,0.05747126436781609,0.2857142857142857,0.7142857142857143,1.0,0.6735224991505174,0.11494252873563218,0.2857142857142857,0.7142857142857143,1.0,0.8085665528988143,0.2413793103448276,0.5714285714285714,0.4285714285714286,0.84,0.3515453475826847
205,ines shag rug w003096809,attribute_constraint,93,12,0.7890254564105805,0.10752688172043011,0.5,0.5,1.0,0.8902987527876471,0.20430107526881722,0.8333333333333334,0.16666666666666663,0.95,0.9540638340597981,0.44086021505376344,1.0,0.0,0.82,0.5101848113207174
206,grill cover 73,attribute_constraint,67,2,1.0,0.1694915254237288,1.0,0.0,1.0,1.0,0.3389830508474576,1.0,0.0,1.0,1.0,0.847457627118644,1.0,0.0,1.0,0.5430717778553614
207,dull bed with shirt head board,multi_constraint,34,0,1.0,0.0,,,0.0,1.0,0.0,,,0.0,1.0,0.0,,,0.0,
208,"fawkes 36"" blue vanity",attribute_constraint,118,0,1.0,0.059322033898305086,,,0.7,1.0,0.11864406779661017,,,0.7,1.0,0.2288135593220339,,,0.54,
209,door pulls bronze matte 4 inch,multi_constraint,198,0,0.92663607790064,0.031746031746031744,,,0.4,0.9153465697556695,0.047619047619047616,,,0.35,0.9537916560881871,0.1349206349206349,,,0.38,0.6480492725114206
210,love seat wide faux leather tuxedo arm sofa,long_descriptive,1045,9,0.8952484657709383,0.009615384615384616,0.7777777777777778,0.2222222222222222,1.0,0.9120681823686839,0.019230769230769232,0.7777777777777778,0.2222222222222222,1.0,0.9736970554750433,0.04423076923076923,1.0,0.0,0.92,0.1470202641003098
211,memory foam rug galveston,product_type,332,0,1.0,0.08403361344537816,,,1.0,1.0,0.15126050420168066,,,0.9,1.0,0.37815126050420167,,,0.9,0.6484628188121755
212,nettie 5 pc bar set,multi_constraint,358,2,0.7992128641898095,0.041237113402061855,1.0,0.0,1.0,0.8005689743103518,0.07216494845360824,1.0,0.0,0.85,0.7567276566133555,0.13402061855670103,1.0,0.0,0.64,0.12753213651190032
213,kraus kitchen sink faucet oletto kpf 2820 sfs,long_descriptive,271,1,0.6002795454386829,0.04316546762589928,1.0,0.0,0.9,0.5397201448120411,0.04316546762589928,1.0,0.0,0.7,0.4557482060871794,0.12949640287769784,1.0,0.0,0.86,-0.2089859978447912
214,light wood nightstand with silver accents,multi_constraint,225,0,1.0,0.029850746268656716,,,0.4,1.0,0.05223880597014925,,,0.35,1.0,0.13432835820895522,,,0.36,0.8139606118919457
215,king adjustable bed including mattress,multi_constraint,250,30,0.4318863272769684,0.0411522633744856,0.06666666666666667,0.9333333333333333,1.0,0.44040505886145714,0.07407407407407407,0.06666666666666667,0.9333333333333333,0.9,0.49917422186402427,0.16872427983539096,0.16666666666666666,0.8333333333333334,0.82,0.1567304411856559
216,music plug wall plate,product_type,189,8,0.88199321988976,0.054945054945054944,0.75,0.25,1.0,0.9017045133832451,0.10989010989010989,0.75,0.25,1.0,0.9484364451222574,0.27472527472527475,0.875,0.125,1.0,0.35445991181413605
218,wand bunk beds,product_type,65,0,1.0,0.046153846153846156,,,0.3,1.0,0.046153846153846156,,,0.15,1.0,0.2153846153846154,,,0.28,
219,trinaic towel rod,product_type,38,0,1.0,0.15789473684210525,,,0.6,1.0,0.21052631578947367,,,0.4,1.0,0.42105263157894735,,,0.32,
220,sheets for twinxl,product_type,127,52,0.8943286401726792,0.10309278350515463,0.15384615384615385,0.8461538461538461,1.0,0.8642792930724537,0.20618556701030927,0.28846153846153844,0.7115384615384616,1.0,0.8486748118797681,0.4742268041237113,0.6923076923076923,0.3076923076923077,0.92,0.7706019019594426
221,small space dining table and chairs sets,multi_constraint,1719,73,0.833758197368034,0.008865248226950355,0.0958904109589041,0.904109589041096,1.0,0.7597314108221509,0.016843971631205674,0.1643835616438356,0.8356164383561644,1.0,0.6788424509104397,0.0425531914893617,0.3287671232876712,0.6712328767123288,1.0,0.22106597948281265
222,small loving roomtables,attribute_constraint,77,31,0.7481772648836651,0.05555555555555555,0.06451612903225806,0.935483870967742,0.2,0.7676880497827883,0.05555555555555555,0.06451612903225806,0.935483870967742,0.1,0.8830544551860681,0.08333333333333333,0.06451612903225806,0.935483870967742,0.06,0.6428392685866241
223,wisdom stone river 3-3/4,multi_constraint,207,1,0.4580563587727217,0.25,1.0,0.0,0.8,0.4619176379046953,0.4166666666666667,1.0,0.0,0.75,0.5389479747096235,0.4166666666666667,1.0,0.0,0.4,0.2051440542877471
224,twin over full bunk beds cool desins,multi_constraint,73,22,0.8182198962070145,0.1095890410958904,0.2727272727272727,0.7272727272727273,0.8,0.7431318206511439,0.1780821917808219,0.36363636363636365,0.6363636363636364,0.65,0.85928050811961,0.4794520547945205,0.6363636363636364,0.36363636363636365,0.7,0.2266898468886605
225,white splashproof shiplap wallpaper,attribute_constraint,45,2,0.8205725510999616,0.15151515151515152,1.0,0.0,0.5,0.8640565904367702,0.18181818181818182,1.0,0.0,0.3,0.8924196995092776,0.36363636363636365,1.0,0.0,0.24,0.7981679513602703
226,power lift chair,product_type,316,197,1.0,0.03184713375796178,0.050761421319796954,0.949238578680203,1.0,0.9528513804575317,0.06369426751592357,0.09137055837563451,0.9086294416243654,1.0,0.872563290989819,0.15605095541401273,0.18781725888324874,0.8121827411167513,0.98,0.110632768175061
227,owl,brand_entity_proxy,203,176,1.0,0.056818181818181816,0.056818181818181816,0.9431818181818182,1.0,1.0,0.11363636363636363,0.11363636363636363,0.8863636363636364,1.0,1.0,0.26704545454545453,0.26704545454545453,0.7329545454545454,0.94,0.5668878134534638
228,bee,brand_entity_proxy,244,178,1.0,0.049723756906077346,0.05056179775280899,0.949438202247191,0.9,0.9659370277440176,0.09392265193370165,0.09550561797752809,0.9044943820224719,0.9,0.9814066183482458,0.2265193370165746,0.2303370786516854,0.7696629213483146,0.84,0.6121364000084242
229,waterfall faucet,brand_entity_proxy,556,133,1.0,0.019417475728155338,0.07518796992481203,0.924812030075188,1.0,1.0,0.038834951456310676,0.15037593984962405,0.849624060150376,1.0,0.9619178758834424,0.09320388349514563,0.3533834586466165,0.6466165413533835,1.0,0.6211546206872665
230,gold,attribute_constraint,274,228,1.0,0.030303030303030304,0.03070175438596491,0.9692982456140351,0.7,1.0,0.05194805194805195,0.05263157894736842,0.9473684210526316,0.6,1.0,0.11255411255411256,0.11403508771929824,0.8859649122807017,0.52,0.3913669869009026
231,anti fatigue mat,product_type,359,307,1.0,0.027855153203342618,0.03257328990228013,0.9674267100977199,1.0,1.0,0.055710306406685235,0.06514657980456026,0.9348534201954397,1.0,1.0,0.1392757660167131,0.16286644951140064,0.8371335504885994,1.0,0.5955390319055023
232,storage dresser,product_type,2329,423,0.8506629589898831,0.012195121951219513,0.01182033096926714,0.9881796690307328,0.7,0.8672664618279083,0.02264808362369338,0.026004728132387706,0.9739952718676123,0.65,0.804524580565049,0.06445993031358885,0.07092198581560284,0.9290780141843972,0.78,0.646903363297879
233,kelly clarkson light fixtures,product_type,156,81,0.9477344873475497,0.06622516556291391,0.1111111111111111,0.8888888888888888,1.0,0.9188652375586505,0.13245033112582782,0.20987654320987653,0.7901234567901234,1.0,0.9134596095331856,0.2980132450331126,0.48148148148148145,0.5185185185185186,0.9,0.617516247878313
234,artificial orchid arrangement,product_type,144,107,1.0,0.06944444444444445,0.09345794392523364,0.9065420560747663,1.0,1.0,0.1388888888888889,0.18691588785046728,0.8130841121495327,1.0,0.959161470081973,0.3472222222222222,0.42990654205607476,0.5700934579439252,1.0,0.47543553857179205
235,bathroom wastebasket,brand_entity_proxy,1368,133,0.9537125187088151,0.06535947712418301,0.06766917293233082,0.9323308270676691,1.0,0.9701275709322188,0.13071895424836602,0.14285714285714285,0.8571428571428572,1.0,0.9534407701791398,0.3006535947712418,0.3383458646616541,0.6616541353383458,0.96,0.412406178684495
236,3 piece rug set with runners,multi_constraint,2202,29,0.7695126060034293,0.05056179775280899,0.20689655172413793,0.7931034482758621,1.0,0.7586734283024045,0.09550561797752809,0.41379310344827586,0.5862068965517242,0.9,0.8381855896902367,0.20224719101123595,0.6551724137931034,0.3448275862068966,0.74,0.47109887645876214
237,cloud modular sectional,product_type,205,4,0.6088303612473878,0.046875,0.5,0.5,0.9,0.7729887971328463,0.09375,1.0,0.0,0.95,0.8144001507868348,0.21875,1.0,0.0,0.9,0.09967933611164215
238,outdoor seat/back cushion,product_type,318,54,1.0,0.028391167192429023,0.16666666666666666,0.8333333333333334,0.9,0.9304512300911565,0.056782334384858045,0.2777777777777778,0.7222222222222222,0.9,0.8359913520829523,0.138801261829653,0.5925925925925926,0.40740740740740744,0.88,0.518039132463129
239,bathroom single faucet,product_type,573,146,0.9052116356304494,0.03333333333333333,0.06164383561643835,0.9383561643835616,1.0,0.9388266846219682,0.06296296296296296,0.11643835616438356,0.8835616438356164,0.9,0.8643082834779768,0.13703703703703704,0.2465753424657534,0.7534246575342466,0.86,0.13968078754007804
240,eiffel tower wall art,product_type,68,33,1.0,0.15625,0.30303030303030304,0.696969696969697,1.0,1.0,0.3125,0.6060606060606061,0.3939393939393939,1.0,1.0,0.515625,1.0,0.0,0.66,0.8825823938762302
241,decorative wall clocks,product_type,243,148,0.8519147813733781,0.047619047619047616,0.0472972972972973,0.9527027027027027,0.9,0.8441360165650585,0.09523809523809523,0.0945945945945946,0.9054054054054054,0.95,0.8562861050245869,0.20634920634920634,0.21621621621621623,0.7837837837837838,0.8,0.6545861905337842
242,accent leather chair,attribute_constraint,283,175,1.0,0.010676156583629894,0.017142857142857144,0.9828571428571429,0.3,1.0,0.021352313167259787,0.03428571428571429,0.9657142857142857,0.3,0.9402847029608026,0.05338078291814947,0.08571428571428572,0.9142857142857143,0.3,0.4499980429672742
243,indoor multi tiered plant stand,multi_constraint,209,135,1.0,0.05154639175257732,0.07407407407407407,0.9259259259259259,1.0,1.0,0.0979381443298969,0.14074074074074075,0.8592592592592593,0.95,0.9234629831551748,0.23711340206185566,0.28888888888888886,0.7111111111111111,0.92,0.5139187645793092
244,pull out sleeper loveseat,product_type,143,9,0.5963581424452365,0.027972027972027972,0.2222222222222222,0.7777777777777778,0.4,0.7292044973331385,0.04895104895104895,0.4444444444444444,0.5555555555555556,0.35,0.8211045016850868,0.06993006993006994,0.4444444444444444,0.5555555555555556,0.2,0.30205042228482587
245,anchor decor,brand_entity_proxy,485,57,1.0,0.058823529411764705,0.17543859649122806,0.8245614035087719,1.0,0.9784411392344535,0.11764705882352941,0.3333333333333333,0.6666666666666667,1.0,0.9462574613290851,0.2823529411764706,0.7894736842105263,0.21052631578947367,0.98,0.5650235502623311
246,clear shower curtain,attribute_constraint,252,12,0.6101871780591609,0.08,0.25,0.75,1.0,0.7474329522529991,0.16,0.5833333333333334,0.41666666666666663,1.0,0.8387524686306009,0.376,0.75,0.25,0.96,0.8239657889093904
247,beaded curtains,brand_entity_proxy,961,40,0.7554797864180018,0.013293943870014771,0.125,0.875,0.9,0.6321869151262325,0.026587887740029542,0.15,0.85,0.9,0.6268760325765704,0.06499261447562776,0.3,0.7,0.88,0.4738297513993655
248,surge protector,brand_entity_proxy,104,39,1.0,0.22727272727272727,0.2564102564102564,0.7435897435897436,1.0,1.0,0.45454545454545453,0.5128205128205128,0.4871794871794872,1.0,0.9271237087165122,0.7727272727272727,0.8717948717948718,0.1282051282051282,0.7,0.7754666693677319
249,bistro table and chairs,product_type,197,124,0.955830517697074,0.05181347150259067,0.07258064516129033,0.9274193548387096,1.0,0.9714944583233123,0.10362694300518134,0.1532258064516129,0.8467741935483871,1.0,0.9844401594904405,0.23834196891191708,0.3629032258064516,0.6370967741935484,0.92,0.7754656573049511
250,multi color rug,product_type,131,96,1.0,0.08547008547008547,0.10416666666666667,0.8958333333333334,1.0,0.9763266600610571,0.13675213675213677,0.15625,0.84375,0.8,0.9576956737546408,0.2564102564102564,0.2916666666666667,0.7083333333333333,0.6,0.5844216714266129
251,coffee container,brand_entity_proxy,1483,90,1.0,0.07352941176470588,0.1111111111111111,0.8888888888888888,1.0,1.0,0.14705882352941177,0.2222222222222222,0.7777777777777778,1.0,0.8090005586458476,0.2647058823529412,0.3888888888888889,0.6111111111111112,0.92,0.19911853744747446
252,accent chairs living room,product_type,443,100,1.0,0.008379888268156424,0.03,0.97,0.3,1.0,0.01675977653631285,0.06,0.94,0.3,0.9286136731637028,0.03910614525139665,0.14,0.86,0.28,0.6840428783183834
253,antique brass faucet,product_type,117,5,0.43518692560571737,0.05172413793103448,0.0,1.0,0.6,0.6211849233514828,0.08620689655172414,0.0,1.0,0.5,0.7624540742298647,0.22413793103448276,0.6,0.4,0.52,0.14329881435506417
254,comfortable accent chair,product_type,201,131,0.5752317468069429,0.005050505050505051,0.0,1.0,0.1,0.6538486522734038,0.015151515151515152,0.0,1.0,0.15,0.7095001873251612,0.045454545454545456,0.030534351145038167,0.9694656488549618,0.18,0.22176880990839065
255,desk and chair set,product_type,217,107,1.0,0.04926108374384237,0.09345794392523364,0.9065420560747663,1.0,1.0,0.09852216748768473,0.18691588785046728,0.8130841121495327,1.0,0.981333146397703,0.22660098522167488,0.4205607476635514,0.5794392523364487,0.92,0.7958085464893755
256,high weight capacity bunk beds,multi_constraint,138,68,0.911298659909514,0.07874015748031496,0.11764705882352941,0.8823529411764706,1.0,0.9195882695417138,0.11811023622047244,0.19117647058823528,0.8088235294117647,0.75,0.9044815670590798,0.25984251968503935,0.39705882352941174,0.6029411764705883,0.66,0.6642757067411404
257,living room coffee table sets,multi_constraint,1834,132,0.806984674510095,0.007457121551081283,0.06060606060606061,0.9393939393939394,1.0,0.8064710432859626,0.013422818791946308,0.10606060606060606,0.8939393939393939,0.9,0.7944980388843961,0.035048471290082026,0.24242424242424243,0.7575757575757576,0.94,0.7187770262548631
258,breakfast bar table,product_type,126,58,1.0,0.056,0.1206896551724138,0.8793103448275862,0.7,0.9777083390768576,0.104,0.22413793103448276,0.7758620689655172,0.65,0.8045085372672696,0.224,0.3620689655172414,0.6379310344827587,0.56,0.3537420996765319
259,nursery end table,product_type,634,0,1.0,0.01263823064770932,,,0.8,1.0,0.020537124802527645,,,0.65,1.0,0.05845181674565561,,,0.74,-0.01878521447327969
260,retractable side awning,product_type,68,26,0.955830517697074,0.20833333333333334,0.34615384615384615,0.6538461538461539,1.0,0.9239146432416944,0.4166666666666667,0.6538461538461539,0.34615384615384615,1.0,0.9628389298889657,0.8958333333333334,1.0,0.0,0.88,0.8275275302961836
261,semi flush foyer light,product_type,175,125,0.8943286401726792,0.05714285714285714,0.064,0.9359999999999999,1.0,0.8817157700572655,0.11428571428571428,0.128,0.872,1.0,0.9153840472705155,0.28,0.344,0.656,0.98,0.2854463589265966
262,bathroom freestanding cabinet,product_type,138,87,1.0,0.07352941176470588,0.11494252873563218,0.8850574712643678,1.0,1.0,0.14705882352941177,0.22988505747126436,0.7701149425287357,1.0,1.0,0.3602941176470588,0.5632183908045977,0.4367816091954023,0.98,0.7362200946247124
263,small curtain rods,attribute_constraint,291,75,0.38947404358579696,0.04,0.05333333333333334,0.9466666666666667,0.9,0.34408532516114054,0.072,0.08,0.92,0.9,0.3243549193098109,0.136,0.13333333333333333,0.8666666666666667,0.82,0.18087521798843836
264,cortez pillow,brand_entity_proxy,897,15,1.0,0.01669449081803005,0.6666666666666666,0.33333333333333337,1.0,0.9716307558996979,0.03171953255425709,0.9333333333333333,0.06666666666666665,0.95,0.9711461275205936,0.07679465776293823,0.9333333333333333,0.06666666666666665,0.92,0.552277526827146
265,candace wingback upholstered bed,product_type,690,0,0.9305687780632229,0.008888888888888889,,,0.6,0.8882634135747687,0.013333333333333334,,,0.5,0.8941200418597562,0.02074074074074074,,,0.3,-0.06713178183606518
266,champagne velvet desk chair,product_type,353,1,0.6943559465628248,0.022857142857142857,0.0,1.0,0.8,0.7787676299523247,0.045714285714285714,0.0,1.0,0.8,0.865751383782762,0.10285714285714286,0.0,1.0,0.72,0.14363797149203902
267,dolomite subway tile,product_type,154,2,1.0,0.06493506493506493,1.0,0.0,1.0,1.0,0.12337662337662338,1.0,0.0,0.95,1.0,0.3181818181818182,1.0,0.0,0.98,0.1961037301832307
268,betty resin free standing umbrella,multi_constraint,311,1,0.8471779732814125,0.11904761904761904,1.0,0.0,1.0,0.8893838149761623,0.23809523809523808,1.0,0.0,1.0,0.932875691891381,0.5952380952380952,1.0,0.0,1.0,0.6884589534281101
269,donaldson teak couch,product_type,99,0,1.0,0.0967741935483871,,,0.9,1.0,0.1827956989247312,,,0.85,1.0,0.3763440860215054,,,0.7,0.33923134013323913
270,edge chair mat,product_type,95,42,0.6655140206470291,0.09574468085106383,0.11904761904761904,0.8809523809523809,0.9,0.716699379672499,0.20212765957446807,0.2857142857142857,0.7142857142857143,0.95,0.7415967995227776,0.5212765957446809,0.6190476190476191,0.38095238095238093,0.98,0.3027388817330196
271,chinese flower stand,product_type,96,1,0.6943559465628248,0.07608695652173914,0.0,1.0,0.7,0.7787676299523247,0.10869565217391304,0.0,1.0,0.5,0.865751383782762,0.29347826086956524,0.0,1.0,0.54,0.2564887572398519
272,oliver parsons,brand_entity_proxy,115,0,1.0,0.046511627906976744,,,0.4,1.0,0.10465116279069768,,,0.45,0.9852259760043575,0.313953488372093,,,0.54,0.6749802487394281
273,stainless steel free standing shower caddy,multi_constraint,542,4,0.780359707276365,0.10869565217391304,0.5,0.5,1.0,0.8254436684383607,0.21739130434782608,0.5,0.5,1.0,0.9070678621661069,0.5434782608695652,0.75,0.25,1.0,0.5767151304574211
274,gowdy height adjustable standing desk,multi_constraint,331,1,1.0,0.10416666666666667,1.0,0.0,1.0,1.0,0.20833333333333334,1.0,0.0,1.0,0.9754666162146984,0.5,1.0,0.0,1.0,0.5669246516336574
275,hinged square ottoman,attribute_constraint,127,13,0.5944689807058212,0.064,0.3076923076923077,0.6923076923076923,0.8,0.6590082057740088,0.128,0.46153846153846156,0.5384615384615384,0.8,0.788471009616138,0.224,0.5384615384615384,0.46153846153846156,0.56,0.2584533583028179
276,chaves l-shape floating desk with hutch,multi_constraint,377,0,1.0,0.0273972602739726,,,1.0,1.0,0.0547945205479452,,,1.0,1.0,0.136986301369863,,,1.0,0.29864424888529806
277,barstool patio sets,product_type,256,44,0.8519147813733781,0.025510204081632654,0.09090909090909091,0.9090909090909091,0.5,0.7889758387867385,0.05612244897959184,0.18181818181818182,0.8181818181818181,0.55,0.7471814233276041,0.1377551020408163,0.36363636363636365,0.6363636363636364,0.54,0.7027163756146646
278,parakeet toy,product_type,112,7,0.5418910013415713,0.12987012987012986,0.2857142857142857,0.7142857142857143,1.0,0.6567089775757415,0.2597402597402597,0.42857142857142855,0.5714285714285714,1.0,0.8149065533686258,0.5584415584415584,0.8571428571428571,0.1428571428571429,0.86,0.593898132600103
279,marlon tufted queen bed,attribute_constraint,374,1,1.0,0.024324324324324326,1.0,0.0,0.9,1.0,0.043243243243243246,1.0,0.0,0.8,1.0,0.10270270270270271,1.0,0.0,0.76,0.15462589066666738
280,johan desk by laurel foundry,multi_constraint,116,0,1.0,0.02830188679245283,,,0.3,1.0,0.03773584905660377,,,0.2,1.0,0.07547169811320754,,,0.16,0.47514438249855856
281,brunk ship wheel,product_type,90,1,0.6943559465628248,0.19607843137254902,0.0,1.0,1.0,0.8385530573335902,0.39215686274509803,1.0,0.0,1.0,0.7513295845967027,0.6862745098039216,1.0,0.0,0.8,0.5963744913328638
282,grantola wall mirror,product_type,130,1,1.0,0.046511627906976744,1.0,0.0,0.6,1.0,0.10077519379844961,1.0,0.0,0.65,1.0,0.20155038759689922,1.0,0.0,0.52,0.2065777101375912
283,gaia driftwood table,product_type,115,1,1.0,0.04716981132075472,1.0,0.0,0.5,0.9739599640827753,0.0660377358490566,1.0,0.0,0.35,0.9584970002414345,0.11320754716981132,1.0,0.0,0.24,0.19253339179465984
284,family lamp,product_type,331,0,1.0,0.025547445255474453,,,0.7,1.0,0.05474452554744526,,,0.75,1.0,0.12773722627737227,,,0.7,0.5952498862976713
285,"48"" sliding single track , barn door for laundry",long_descriptive,183,7,0.39872345510290313,0.06086956521739131,0.14285714285714285,0.8571428571428572,0.8,0.5699730716571751,0.13043478260869565,0.2857142857142857,0.7142857142857143,0.85,0.7345959213385179,0.3391304347826087,0.8571428571428571,0.1428571428571429,0.84,0.5790804932778115
286,hitchcock mid-century wall shelf,multi_constraint,256,0,1.0,0.05847953216374269,,,1.0,0.9671350294324229,0.10526315789473684,,,0.95,0.9536542615205652,0.23391812865497075,,,0.84,0.5914470390520197
287,cover set for outdoor furniture,multi_constraint,406,45,0.6909039756611977,0.09523809523809523,0.13333333333333333,0.8666666666666667,1.0,0.8005195183529574,0.19047619047619047,0.35555555555555557,0.6444444444444444,1.0,0.7768808254971221,0.38095238095238093,0.7111111111111111,0.28888888888888886,0.84,0.6851797155923027
288,round outdoor patio cover,attribute_constraint,272,0,1.0,0.0970873786407767,,,1.0,0.9321516989432659,0.17475728155339806,,,1.0,0.9049039254020816,0.34951456310679613,,,0.8,0.6291348301414499
289,coma inducer comforter king set,multi_constraint,251,27,1.0,0.04310344827586207,0.37037037037037035,0.6296296296296297,1.0,0.9521185802999358,0.08620689655172414,0.6666666666666666,0.33333333333333337,1.0,0.9635711994605486,0.2025862068965517,0.9259259259259259,0.07407407407407407,0.94,0.6019999623096226
290,mission double vanity,product_type,168,0,1.0,0.05357142857142857,,,0.9,1.0,0.09523809523809523,,,0.8,1.0,0.23809523809523808,,,0.8,
291,front door cabinet with doors,multi_constraint,218,15,0.4318863272769684,0.03317535545023697,0.06666666666666667,0.9333333333333333,0.7,0.446817056241008,0.06635071090047394,0.13333333333333333,0.8666666666666667,0.7,0.578425217708435,0.15639810426540285,0.13333333333333333,0.8666666666666667,0.66,0.15242926015449937
292,decorative white pillow,attribute_constraint,204,12,0.2444654977624786,0.0136986301369863,0.0,1.0,0.3,0.32684085415378616,0.03424657534246575,0.08333333333333333,0.9166666666666666,0.45,0.4381358115129135,0.1095890410958904,0.16666666666666666,0.8333333333333334,0.52,0.19076613462928765
293,wood floor protector mat,attribute_constraint,102,13,0.37574719213263447,0.0136986301369863,0.0,1.0,0.1,0.4468020112400014,0.0136986301369863,0.0,1.0,0.05,0.6749715846590209,0.0821917808219178,0.0,1.0,0.12,0.42712795392431424
294,moen multi function dual shower head,multi_constraint,136,0,1.0,0.10204081632653061,,,1.0,1.0,0.20408163265306123,,,1.0,0.9714104548270339,0.4387755102040816,,,0.9,0.591464208717928
295,end table between recliners,product_type,139,6,0.6715705668073926,0.022388059701492536,0.3333333333333333,0.6666666666666667,0.3,0.7316450507780373,0.05970149253731343,0.3333333333333333,0.6666666666666667,0.45,0.8122250619103423,0.11940298507462686,0.3333333333333333,0.6666666666666667,0.34,0.11078168242010707
296,zakariyah twin platform,attribute_constraint,171,1,1.0,0.041176470588235294,1.0,0.0,0.7,1.0,0.08235294117647059,1.0,0.0,0.7,1.0,0.18235294117647058,1.0,0.0,0.62,0.06572644399536977
297,seat cushions desk,product_type,487,8,0.21474953213833275,0.050505050505050504,0.0,1.0,0.9,0.19645061251924276,0.06060606060606061,0.0,1.0,0.85,0.21525303167772386,0.09090909090909091,0.0,1.0,0.72,-0.055923386886074095
298,small woven pouf,attribute_constraint,98,9,0.3480974911723065,0.10204081632653061,0.0,1.0,1.0,0.48569421899782184,0.20408163265306123,0.1111111111111111,0.8888888888888888,1.0,0.7379603164317142,0.47959183673469385,0.7777777777777778,0.2222222222222222,0.94,0.12677597019044076
300,animal print handmade tufted wool beige/black area rug by allmodern,long_descriptive,1114,2,0.5821032065260975,0.008992805755395683,0.0,1.0,1.0,0.7358426115854704,0.017985611510791366,0.5,0.5,1.0,0.8315933246897858,0.044064748201438846,0.5,0.5,0.98,0.07169215513858913
301,circle cabinet pulls,product_type,148,2,0.5269265956852179,0.0273972602739726,0.0,1.0,0.5,0.6415754002495765,0.0547945205479452,0.0,1.0,0.45,0.7940319148387553,0.13013698630136986,0.0,1.0,0.4,0.04136627584547705
302,mattress foam topper queen,attribute_constraint,238,59,0.8551595247651802,0.04739336492890995,0.13559322033898305,0.864406779661017,1.0,0.8584867378378177,0.0947867298578199,0.2711864406779661,0.728813559322034,1.0,0.8108596766678667,0.23696682464454977,0.5932203389830508,0.4067796610169492,1.0,0.6200225965564812
303,hawaii vintage art,style,72,8,0.861895636824667,0.15151515151515152,0.75,0.25,1.0,0.9497871922451628,0.2878787878787879,1.0,0.0,0.95,0.9639243954156599,0.5303030303030303,1.0,0.0,0.7,0.6241533005337985
304,merlyn 6,attribute_constraint,759,0,0.0,0.0,,,0.8,0.0,0.0,,,0.75,0.037716659911679155,0.05714285714285714,,,0.82,-0.02095864954405278
305,ligth bulb,brand_entity_proxy,299,193,0.4264120970358327,0.010238907849829351,0.0,1.0,0.3,0.39340332826194496,0.020477815699658702,0.0,1.0,0.3,0.49819862394376135,0.04778156996587031,0.010362694300518135,0.9896373056994818,0.28,-0.1295709486207816
306,mobley zero gravity adjustable bed with wireless remote,long_descriptive,114,2,1.0,0.1111111111111111,1.0,0.0,1.0,1.0,0.2222222222222222,1.0,0.0,1.0,1.0,0.5555555555555556,1.0,0.0,1.0,0.6581518787652988
307,real touch roses floral arrangements in glass vase,long_descriptive,189,6,0.7904164838282591,0.057803468208092484,0.8333333333333334,0.16666666666666663,1.0,0.8287523341215146,0.11560693641618497,0.8333333333333334,0.16666666666666663,1.0,0.9022515318615716,0.2832369942196532,1.0,0.0,0.98,0.4880941525837402
308,led 60,attribute_constraint,776,2,0.5821032065260975,0.02053388090349076,0.0,1.0,1.0,0.7020048033650482,0.030800821355236138,0.0,1.0,0.8,0.7697715788478477,0.07392197125256673,0.5,0.5,0.82,0.5694315220120452
309,moen 5995 arbor one,attribute_constraint,72,0,0.5009732673492617,0.07692307692307693,,,0.3,0.611641978786274,0.07692307692307693,,,0.15,0.772650739368221,0.11538461538461539,,,0.18,0.33392249023074055
310,meade mirror,product_type,589,4,0.9108954758022454,0.02288329519450801,0.75,0.25,1.0,0.9723718854883427,0.04576659038901602,1.0,0.0,1.0,0.9813520300955981,0.11441647597254005,1.0,0.0,1.0,0.692013071013012
311,odum velvet,brand_entity_proxy,571,4,0.33372360346033486,0.0036968576709796672,0.0,1.0,0.5,0.4482681281658877,0.009242144177449169,0.0,1.0,0.4,0.6276011040521574,0.029574861367837338,0.0,1.0,0.4,0.04528119979861785
312,coat rack for bedroom,product_type,119,10,0.6816637311946208,0.058823529411764705,0.4,0.6,0.7,0.7970307409608843,0.09243697478991597,0.4,0.6,0.55,0.9051448424633429,0.20168067226890757,0.6,0.4,0.48,0.35093672547911187
313,malachi sled,brand_entity_proxy,105,3,0.9621445226862937,0.0684931506849315,1.0,0.0,0.5,0.9503630123869864,0.0821917808219178,1.0,0.0,0.3,0.9084827024428849,0.0821917808219178,1.0,0.0,0.12,0.5259188852345316
314,body pillow and case,product_type,145,11,0.5515377306675132,0.07092198581560284,0.2727272727272727,0.7272727272727273,1.0,0.6598848639108013,0.1276595744680851,0.36363636363636365,0.6363636363636364,0.9,0.8330558107113236,0.2907801418439716,0.7272727272727273,0.2727272727272727,0.82,0.40845851540820677
315,medium clips,brand_entity_proxy,316,4,1.0,0.16129032258064516,1.0,0.0,1.0,1.0,0.3225806451612903,1.0,0.0,1.0,0.9074851633194031,0.6129032258064516,1.0,0.0,0.88,0.645255242430975
316,rolande heavy duty power lift assist recliner,multi_constraint,406,1,0.6943559465628248,0.030211480362537766,0.0,1.0,1.0,0.7787676299523247,0.06042296072507553,0.0,1.0,1.0,0.8909769437346536,0.1510574018126888,1.0,0.0,1.0,0.6740285744901066
317,hulmeville writing desk with hutch,multi_constraint,340,2,1.0,0.023668639053254437,1.0,0.0,0.8,1.0,0.05029585798816568,1.0,0.0,0.85,1.0,0.1301775147928994,1.0,0.0,0.88,0.10001213553797532
318,sunjoy lantern,brand_entity_proxy,156,1,0.6943559465628248,0.05,0.0,1.0,0.7,0.7787676299523247,0.1,0.0,1.0,0.7,0.865751383782762,0.2642857142857143,0.0,1.0,0.74,0.40319802822245016
319,landis wall mounted bathroom shelves,multi_constraint,673,1,1.0,0.047337278106508875,1.0,0.0,0.8,0.9709467104359008,0.09467455621301775,1.0,0.0,0.85,0.9423473111525189,0.21893491124260356,1.0,0.0,0.8,0.4956744058040966
320,blaylock bookcase headboard,product_type,93,1,1.0,0.1282051282051282,1.0,0.0,1.0,1.0,0.2564102564102564,1.0,0.0,1.0,1.0,0.6410256410256411,1.0,0.0,1.0,0.47299273605787506
321,hussain handmade tufted magenta rug,multi_constraint,297,1,1.0,0.026936026936026935,1.0,0.0,0.8,1.0,0.04040404040404041,1.0,0.0,0.6,1.0,0.09090909090909091,1.0,0.0,0.54,0.10033500931359768
322,cream queen duvet cover,attribute_constraint,242,0,1.0,0.04149377593360996,,,1.0,1.0,0.08298755186721991,,,1.0,1.0,0.2074688796680498,,,1.0,0.11111111111111112
323,hub leaning full length mirror,multi_constraint,126,1,1.0,0.08,1.0,0.0,1.0,1.0,0.16,1.0,0.0,1.0,1.0,0.4,1.0,0.0,1.0,0.2164928205676353
324,chase utility laundry cart,product_type,113,1,1.0,0.08571428571428572,1.0,0.0,0.9,1.0,0.17142857142857143,1.0,0.0,0.9,1.0,0.4,1.0,0.0,0.84,0.3797646276314141
325,outdoor waterproof chest,product_type,120,46,0.8126366730480796,0.06976744186046512,0.10869565217391304,0.8913043478260869,0.7,0.8467435353380861,0.11627906976744186,0.1956521739130435,0.8043478260869565,0.55,0.7549578202186215,0.26744186046511625,0.45652173913043476,0.5434782608695652,0.52,0.4381306558268654
326,bowersville ladder writing desk,product_type,284,1,1.0,0.024734982332155476,1.0,0.0,0.7,1.0,0.053003533568904596,1.0,0.0,0.75,1.0,0.1413427561837456,1.0,0.0,0.8,0.1448395753739787
327,kohler purist brushed bronze,product_type,115,8,0.5255664792793981,0.09090909090909091,0.125,0.875,0.8,0.6399572566661337,0.20454545454545456,0.25,0.75,0.9,0.7887586047422076,0.42045454545454547,0.5,0.5,0.74,0.6020936752422891
328,golub dining table,product_type,659,1,1.0,0.015455950540958269,1.0,0.0,1.0,0.9691443955127602,0.027820710973724884,1.0,0.0,0.95,0.9812761477713878,0.06800618238021638,1.0,0.0,0.9,0.09739322966251149
329,wayfair tension rod,product_type,83,2,1.0,0.12195121951219512,1.0,0.0,1.0,1.0,0.24390243902439024,1.0,0.0,1.0,0.9878362257109915,0.4146341463414634,1.0,0.0,0.7,0.1919123058724417
330,kari 2 piece,attribute_constraint,600,1,0.0,0.0,0.0,1.0,0.4,0.025594175237364843,0.0,0.0,1.0,0.35,0.07683033429050533,0.008771929824561403,0.0,1.0,0.4,-0.33851867389198403
331,upholstered girls bed,product_type,533,52,0.6807322964748714,0.005660377358490566,0.019230769230769232,0.9807692307692307,0.3,0.6062389866607405,0.013207547169811321,0.07692307692307693,0.9230769230769231,0.35,0.5118443210926945,0.03962264150943396,0.15384615384615385,0.8461538461538461,0.42,0.13041938482819573
332,attleboro drum coffee table,product_type,1410,1,1.0,0.0071174377224199285,1.0,0.0,1.0,1.0,0.014234875444839857,1.0,0.0,1.0,1.0,0.03558718861209965,1.0,0.0,1.0,0.08182447914702033
333,stainless steel colander set,product_type,315,21,0.9069212362975005,0.12048192771084337,0.38095238095238093,0.6190476190476191,1.0,0.8207189772669302,0.24096385542168675,0.6190476190476191,0.38095238095238093,1.0,0.9654730809356641,0.6024096385542169,1.0,0.0,1.0,0.715100826146825
334,itchington butterfly,brand_entity_proxy,122,6,0.6772546274309789,0.08,0.6666666666666666,0.33333333333333337,1.0,0.6573361311304541,0.14,0.6666666666666666,0.33333333333333337,0.9,0.6468732592493707,0.42,1.0,0.0,0.88,0.34349380620223613
335,canadian,brand_entity_proxy,81,42,1.0,0.09523809523809523,0.09523809523809523,0.9047619047619048,0.4,1.0,0.2619047619047619,0.2619047619047619,0.7380952380952381,0.55,0.9486255070571783,0.40476190476190477,0.40476190476190477,0.5952380952380952,0.34,0.7619334134811991
336,mystic swivel,brand_entity_proxy,360,1,1.0,0.029154518950437316,1.0,0.0,1.0,1.0,0.05830903790087463,1.0,0.0,1.0,1.0,0.14285714285714285,1.0,0.0,0.98,0.27283622340202723
337,iittala bowl,brand_entity_proxy,201,39,1.0,0.08264462809917356,0.2564102564102564,0.7435897435897436,1.0,0.9520270945305764,0.1652892561983471,0.46153846153846156,0.5384615384615384,1.0,0.8953561238159314,0.4049586776859504,0.7948717948717948,0.20512820512820518,1.0,0.8300905825739735
338,mahone porch rocking chair,product_type,204,1,0.6943559465628248,0.05714285714285714,0.0,1.0,1.0,0.7787676299523247,0.11428571428571428,0.0,1.0,1.0,0.8923648110925042,0.2857142857142857,1.0,0.0,1.0,0.5683988563997153
339,ruckus chair,product_type,3044,6,0.0,0.0,0.0,1.0,0.8,0.0,0.0,0.0,1.0,0.75,0.08750400374722857,0.009615384615384616,0.16666666666666666,0.8333333333333334,0.66,0.02656105272109343
340,berenice 4 storage cabinet,attribute_constraint,505,3,0.9743005540669458,0.022222222222222223,1.0,0.0,0.9,0.9799777185542351,0.04197530864197531,1.0,0.0,0.85,0.9751570794726069,0.08641975308641975,1.0,0.0,0.72,0.4125742294163147
341,canvas map art,product_type,199,22,0.9086768598011254,0.04020100502512563,0.3181818181818182,0.6818181818181819,0.8,0.7782181320014275,0.07035175879396985,0.45454545454545453,0.5454545454545454,0.7,0.8998502951740248,0.1658291457286432,0.6818181818181818,0.31818181818181823,0.66,0.4293225263471272
342,brendon counter stool,product_type,478,2,0.9154690441477004,0.020964360587002098,1.0,0.0,1.0,0.9359550257073402,0.041928721174004195,1.0,0.0,1.0,0.9591697917075496,0.09643605870020965,1.0,0.0,0.92,0.11537190921168676
343,navy and peach bedding,product_type,116,0,1.0,0.008695652173913044,,,0.1,1.0,0.008695652173913044,,,0.05,0.9846298672989355,0.043478260869565216,,,0.1,-0.07379819262321408
344,ottoman bed queen,attribute_constraint,116,0,0.77990823370192,0.008771929824561403,,,0.2,0.8579599603663427,0.02631578947368421,,,0.2,0.9224669929889917,0.08771929824561403,,,0.22,-0.12262331084955863
345,oriental vanity,brand_entity_proxy,1148,0,0.77990823370192,0.011889035667107,,,1.0,0.8195753222009599,0.022457067371202115,,,0.95,0.8873967938033809,0.0607661822985469,,,0.98,0.6278073508656822
346,nesting tray set,product_type,110,19,0.9575861412006988,0.10227272727272728,0.47368421052631576,0.5263157894736843,0.9,0.8579859899813846,0.19318181818181818,0.7368421052631579,0.26315789473684215,0.9,0.9521631523390509,0.38636363636363635,0.8947368421052632,0.10526315789473684,0.7,0.6771505497650254
347,olive green console table,attribute_constraint,577,0,1.0,0.017513134851138354,,,1.0,1.0,0.03502626970227671,,,1.0,1.0,0.0840630472854641,,,0.96,0.17098475192555188
348,one alium way,product_type,2,0,1.0,0.0,,,0.0,1.0,0.0,,,0.0,1.0,0.0,,,0.0,
349,mud room sign,product_type,98,5,0.8050314167312568,0.07368421052631578,0.6,0.4,0.7,0.8426578218702402,0.09473684210526316,0.6,0.4,0.45,0.9340613513755315,0.2,0.6,0.4,0.38,0.3018738896870854
351,white bathroom vanity black hardware,multi_constraint,727,0,1.0,0.014184397163120567,,,1.0,1.0,0.02695035460992908,,,0.95,1.0,0.06808510638297872,,,0.96,0.2952945953589457
352,amarillo,brand_entity_proxy,81,29,1.0,0.20689655172413793,0.20689655172413793,0.7931034482758621,0.6,1.0,0.2413793103448276,0.2413793103448276,0.7586206896551724,0.35,0.9997828104101636,0.3793103448275862,0.3793103448275862,0.6206896551724138,0.22,0.8293407569216737
353,pennfield playhouse,brand_entity_proxy,54,1,1.0,0.4,1.0,0.0,1.0,0.9716868997693012,0.64,1.0,0.0,0.85,0.9954945555459656,0.88,1.0,0.0,0.46,0.8425358548255774
354,tressler rug,product_type,1402,0,1.0,0.007288629737609329,,,1.0,1.0,0.013848396501457727,,,0.95,1.0,0.034256559766763846,,,0.94,0.24977531877231526
355,argenteuil,brand_entity_proxy,59,30,1.0,0.3333333333333333,0.3333333333333333,0.6666666666666667,1.0,1.0,0.6666666666666666,0.6666666666666666,0.33333333333333337,1.0,0.998619372899998,0.9666666666666667,0.9666666666666667,0.033333333333333326,0.58,0.8500984998067939
356,platform bed side table,product_type,960,0,1.0,0.010615711252653927,,,1.0,0.9603789329441843,0.020169851380042462,,,1.0,0.9491391329640538,0.049893842887473464,,,1.0,-0.07177243584082484
357,tall free standing pet gate,multi_constraint,355,34,0.7836106837038427,0.1694915254237288,0.17647058823529413,0.8235294117647058,1.0,0.7218964373564017,0.3389830508474576,0.29411764705882354,0.7058823529411764,1.0,0.9083014643709231,0.847457627118644,0.9411764705882353,0.05882352941176472,1.0,0.6424732097174931
358,sliding closet mirror,product_type,116,4,0.9655176169806103,0.07079646017699115,1.0,0.0,0.8,0.97259556428045,0.13274336283185842,1.0,0.0,0.75,0.9815030051243758,0.21238938053097345,1.0,0.0,0.48,0.37401277782738274
359,french molding,brand_entity_proxy,203,8,0.4157062508821063,0.041379310344827586,0.25,0.75,1.0,0.49884850057244606,0.08275862068965517,0.375,0.625,0.95,0.6709777630527974,0.18620689655172415,0.5,0.5,0.76,0.34870324733253655
360,huntsville sectional sofa,product_type,125,0,1.0,0.048,,,0.6,1.0,0.064,,,0.4,1.0,0.112,,,0.28,
361,kisner,brand_entity_proxy,98,25,1.0,0.28,0.28,0.72,0.7,0.9676617088516802,0.4,0.4,0.6,0.5,0.9914529986271331,0.48,0.48,0.52,0.24,0.7294206277325735
362,brushed gold wall decor,attribute_constraint,245,0,1.0,0.03125,,,0.7,1.0,0.0625,,,0.7,1.0,0.125,,,0.56,0.32923001054397216
363,fortunat coffee table,product_type,1380,1,0.6943559465628248,0.007246376811594203,0.0,1.0,1.0,0.7787676299523247,0.014492753623188406,0.0,1.0,1.0,0.865751383782762,0.034782608695652174,0.0,1.0,0.96,0.02011020453139009
364,croscill ashton,brand_entity_proxy,114,0,1.0,0.1111111111111111,,,0.5,0.961615361834617,0.2,,,0.45,0.9103089119648949,0.2222222222222222,,,0.2,0.7555760945770864
365,gas detector,brand_entity_proxy,130,9,0.864110397040683,0.43478260869565216,0.7777777777777778,0.2222222222222222,1.0,0.9034199076521239,0.7391304347826086,1.0,0.0,1.0,0.9067085492807057,0.8695652173913043,1.0,0.0,0.82,0.563048771773281
366,drudge report,brand_entity_proxy,1,0,,,,,0.0,,,,,0.0,,,,,0.0,
367,wooden chair outdoor,attribute_constraint,202,42,0.5328178880076417,0.02040816326530612,0.0,1.0,0.4,0.5819529361634731,0.04081632653061224,0.07142857142857142,0.9285714285714286,0.4,0.6501701095162062,0.08673469387755102,0.16666666666666666,0.8333333333333334,0.34,0.4275528896337508
368,pasta tools,brand_entity_proxy,143,81,1.0,0.08333333333333333,0.12345679012345678,0.8765432098765432,1.0,1.0,0.16666666666666666,0.24691358024691357,0.7530864197530864,1.0,0.9706948981103704,0.375,0.5308641975308642,0.4691358024691358,0.9,0.7344499171502175
369,wrought tv stand,product_type,362,2,0.5821032065260975,0.027777777777777776,0.0,1.0,1.0,0.6833800218492042,0.05555555555555555,0.0,1.0,1.0,0.798147164547621,0.1388888888888889,0.0,1.0,1.0,0.13982158476677797
370,rug for teen room,product_type,3,1,0.7579237460681981,0.0,0.0,1.0,0.0,0.7579237460681981,0.0,0.0,1.0,0.0,0.7579237460681981,0.0,0.0,1.0,0.0,-0.8660254037844387
371,milk cow chair,product_type,112,8,0.5241139291290873,0.030927835051546393,0.125,0.875,0.4,0.6036036839011013,0.041237113402061855,0.25,0.75,0.25,0.7343676276667317,0.05154639175257732,0.25,0.75,0.14,0.24482018484540324
372,verden callan,brand_entity_proxy,120,1,0.8068314466028823,0.041666666666666664,1.0,0.0,0.3,0.8601800479801924,0.0625,1.0,0.0,0.25,0.8701873336445882,0.125,1.0,0.0,0.18,0.7187650998779755
373,togo chair,product_type,3233,0,1.0,0.0028680688336520078,,,0.9,1.0,0.004780114722753346,,,0.75,1.0,0.010834926704907584,,,0.68,0.2804151945050236
374,sinks bed frame,product_type,170,0,1.0,0.04964539007092199,,,0.7,1.0,0.09929078014184398,,,0.7,1.0,0.19148936170212766,,,0.54,0.6212464209845634
375,pastel pink desk chair,product_type,211,0,1.0,0.03864734299516908,,,0.8,1.0,0.06280193236714976,,,0.65,1.0,0.12077294685990338,,,0.5,0.18371886279060562
376,island estate coffee table,product_type,1430,3,0.9376014767060817,0.00700770847932726,1.0,0.0,1.0,0.9513856914096326,0.01401541695865452,1.0,0.0,1.0,0.9679802919419982,0.0350385423966363,1.0,0.0,1.0,0.11153985698978852
377,glinda upholstered bench,product_type,134,0,1.0,0.07462686567164178,,,1.0,1.0,0.14925373134328357,,,1.0,1.0,0.373134328358209,,,1.0,
378,cliffside 5 light candle style drum chandelier,multi_constraint,580,0,1.0,0.017825311942959002,,,1.0,1.0,0.035650623885918005,,,1.0,1.0,0.08912655971479501,,,1.0,0.2695531180773232
379,urban outfitters duvet,product_type,71,0,1.0,0.14084507042253522,,,1.0,1.0,0.23943661971830985,,,0.85,1.0,0.352112676056338,,,0.5,
380,gravity feeder,brand_entity_proxy,124,6,0.9466333177850903,0.2222222222222222,1.0,0.0,1.0,0.9563948542713951,0.4444444444444444,1.0,0.0,1.0,0.9166184866255024,0.8666666666666667,1.0,0.0,0.8,0.7515761034992487
381,farmhouse hood vent,style,80,0,1.0,0.1125,,,0.9,1.0,0.1875,,,0.75,1.0,0.4125,,,0.66,
382,counter top one cup hot water dispenser,multi_constraint,89,4,0.4700182601018591,0.18181818181818182,0.0,1.0,1.0,0.616848483179056,0.36363636363636365,0.25,0.75,1.0,0.7598734506114087,0.7454545454545455,0.25,0.75,0.86,0.7289092388075823
383,minnestrista,brand_entity_proxy,3,0,1.0,0.0,,,0.0,1.0,0.0,,,0.0,1.0,0.0,,,0.0,
384,dining table vinyl cloth,product_type,687,20,0.5375576871042891,0.16393442622950818,0.2,0.8,1.0,0.5606057076421707,0.3114754098360656,0.35,0.65,0.95,0.7512108411653144,0.5573770491803278,0.95,0.050000000000000044,0.68,0.34995239624982755
385,mom urn,brand_entity_proxy,55,0,1.0,0.37037037037037035,,,1.0,1.0,0.6296296296296297,,,0.85,0.994060252724515,0.7777777777777778,,,0.44,0.8110396638616172
386,alter furniture,brand_entity_proxy,298,0,1.0,0.0,,,0.0,1.0,0.0,,,0.0,1.0,0.0,,,0.0,0.6105388290883862
387,self enclosed planters,product_type,92,0,1.0,0.09782608695652174,,,0.9,1.0,0.16304347826086957,,,0.75,1.0,0.32608695652173914,,,0.6,
388,outdoor sectional doning,product_type,64,0,1.0,0.06666666666666667,,,0.4,1.0,0.11666666666666667,,,0.35,0.9862624056311926,0.21666666666666667,,,0.26,0.31797973380564853
389,brush nickel faucet bathroom,product_type,337,157,0.7105496795547187,0.018575851393188854,0.025477707006369428,0.9745222929936306,0.6,0.6468798141054293,0.030959752321981424,0.03821656050955414,0.9617834394904459,0.5,0.6988109164261341,0.04643962848297214,0.050955414012738856,0.9490445859872612,0.3,0.09900425738232908
390,cushion replacement insert,product_type,61,0,1.0,0.09836065573770492,,,0.6,1.0,0.13114754098360656,,,0.4,1.0,0.22950819672131148,,,0.28,
391,"writing desk 48""",attribute_constraint,229,8,0.434112485669856,0.03056768558951965,0.125,0.875,0.7,0.5286356551762177,0.06550218340611354,0.125,0.875,0.75,0.6991258409841145,0.13537117903930132,0.25,0.75,0.62,0.1298749379524952
392,china clock,brand_entity_proxy,368,0,1.0,0.028985507246376812,,,1.0,1.0,0.057971014492753624,,,1.0,1.0,0.14492753623188406,,,1.0,0.4148259571839866
393,propane gas dryer,product_type,96,0,1.0,0.13333333333333333,,,1.0,1.0,0.26666666666666666,,,1.0,0.9566488886433272,0.6,,,0.96,0.4360048152841729
394,gray leather cocktail table,attribute_constraint,117,0,0.5810820381115674,0.038834951456310676,,,0.7,0.6900229586580034,0.038834951456310676,,,0.45,0.7996304999262611,0.04854368932038835,,,0.22,-0.08031103433496696
395,pantry grey,attribute_constraint,74,0,0.47479014188018465,0.0,,,0.0,0.4751499549009426,0.0625,,,0.05,0.6123835312506922,0.1875,,,0.14,0.16751398534385648
396,alyse 8 light,attribute_constraint,136,1,0.6943559465628248,0.05303030303030303,0.0,1.0,0.7,0.840478838926804,0.09090909090909091,1.0,0.0,0.6,0.9031990882399865,0.1590909090909091,1.0,0.0,0.42,0.21556978645143293
397,maryford queen tufted bed,attribute_constraint,493,0,1.0,0.020366598778004074,,,1.0,1.0,0.038696537678207736,,,0.95,1.0,0.09775967413441955,,,0.96,0.0957451377495109
398,super bright lights,product_type,107,19,1.0,0.08433734939759036,0.3684210526315789,0.631578947368421,0.7,0.8545370089754051,0.13253012048192772,0.5263157894736842,0.4736842105263158,0.55,0.9548511450485988,0.1686746987951807,0.631578947368421,0.368421052631579,0.28,0.7670259061266098
399,12v dirt bike,attribute_constraint,85,0,1.0,0.14705882352941177,,,1.0,1.0,0.29411764705882354,,,1.0,0.9434533111601409,0.47058823529411764,,,0.64,0.4746986791057824
400,small ladies rocker swivel recliner,multi_constraint,24,0,1.0,0.0,,,0.0,1.0,0.08333333333333333,,,0.1,1.0,0.25,,,0.12,
401,glass lsmp shades,product_type,55,18,0.8545365814817667,0.1111111111111111,0.2777777777777778,0.7222222222222222,0.6,0.8016283444678208,0.2037037037037037,0.4444444444444444,0.5555555555555556,0.55,0.9561405060017604,0.5555555555555556,0.8888888888888888,0.11111111111111116,0.6,0.5370556596456615
402,modern farmhouse lighting semi flush mount,style,251,7,0.38441023776109734,0.04424778761061947,0.0,1.0,1.0,0.5246539382150917,0.08849557522123894,0.14285714285714285,0.8571428571428572,1.0,0.6803281479583976,0.22123893805309736,0.2857142857142857,0.7142857142857143,1.0,0.46529030936320376
403,wood rack wide,attribute_constraint,149,31,0.6176717990221129,0.008064516129032258,0.03225806451612903,0.967741935483871,0.1,0.5773716491262033,0.04032258064516129,0.03225806451612903,0.967741935483871,0.25,0.6829277414161267,0.07258064516129033,0.0967741935483871,0.9032258064516129,0.18,0.26340917901001387
404,large cushion outdoor chair,attribute_constraint,564,4,0.4700182601018591,0.019157088122605363,0.0,1.0,1.0,0.6175112375674012,0.03639846743295019,0.25,0.75,0.95,0.7418340318661469,0.08620689655172414,0.25,0.75,0.9,0.338182748976833
405,queen ann style living room chair,multi_constraint,446,0,1.0,0.014492753623188406,,,0.5,1.0,0.02608695652173913,,,0.45,1.0,0.05507246376811594,,,0.38,0.6564433956354736
406,refrigerator with ice an water in door,multi_constraint,98,22,0.7177795332994793,0.12987012987012986,0.2727272727272727,0.7272727272727273,1.0,0.6724910142565352,0.2597402597402597,0.45454545454545453,0.5454545454545454,1.0,0.8772707704585293,0.6363636363636364,0.9090909090909091,0.09090909090909094,0.98,0.6324135588681817
407,huge bookcase,product_type,331,11,0.3333333333333333,0.030211480362537766,0.0,1.0,1.0,0.4501626213388243,0.06042296072507553,0.09090909090909091,0.9090909090909091,1.0,0.5930313771956732,0.1510574018126888,0.09090909090909091,0.9090909090909091,1.0,0.06121005282274943
408,girl reading statue,product_type,102,31,1.0,0.09803921568627451,0.3225806451612903,0.6774193548387097,1.0,0.9536180118904022,0.19607843137254902,0.5806451612903226,0.4193548387096774,1.0,0.9774661136032945,0.49019607843137253,0.967741935483871,0.032258064516129004,1.0,0.732987104936638
409,teal chair,product_type,3393,40,0.478677609688283,0.0029411764705882353,0.075,0.925,0.9,0.4942759646612305,0.0058823529411764705,0.1,0.9,0.9,0.4982943793154973,0.01437908496732026,0.2,0.8,0.88,0.2923419827246595
410,pool floats,brand_entity_proxy,281,58,1.0,0.10416666666666667,0.1724137931034483,0.8275862068965517,1.0,0.9768332182007543,0.20833333333333334,0.3275862068965517,0.6724137931034483,1.0,0.8892483527160419,0.4479166666666667,0.603448275862069,0.39655172413793105,0.88,0.7016893854739474
411,outdoor clock,brand_entity_proxy,1566,85,1.0,0.02865329512893983,0.11764705882352941,0.8823529411764706,1.0,1.0,0.05730659025787966,0.23529411764705882,0.7647058823529411,1.0,0.9169883221924178,0.14040114613180515,0.49411764705882355,0.5058823529411764,1.0,0.7049559905173985
412,jennie tufted upholstered low profile platform bed,multi_constraint,1090,1,1.0,0.008620689655172414,1.0,0.0,0.9,1.0,0.017241379310344827,1.0,0.0,0.9,1.0,0.040229885057471264,1.0,0.0,0.84,0.34417320983096983
413,burruss patio sectional with cushions,multi_constraint,599,1,1.0,0.017825311942959002,1.0,0.0,1.0,1.0,0.035650623885918005,1.0,0.0,1.0,1.0,0.08377896613190731,1.0,0.0,0.94,0.271755687424169
414,shower hooks,brand_entity_proxy,914,165,0.9368077570869662,0.02666666666666667,0.05454545454545454,0.9454545454545454,1.0,0.9592177897479789,0.05333333333333334,0.11515151515151516,0.8848484848484849,1.0,0.9578155530457125,0.13333333333333333,0.28484848484848485,0.7151515151515151,1.0,0.7811552548624185
415,toilet paper stand,product_type,151,75,1.0,0.08130081300813008,0.13333333333333333,0.8666666666666667,1.0,1.0,0.16260162601626016,0.26666666666666666,0.7333333333333334,1.0,0.9595960792224268,0.4065040650406504,0.6133333333333333,0.3866666666666667,1.0,0.7722152304030749
416,wayfair coffee table,product_type,1447,0,1.0,0.00693000693000693,,,1.0,1.0,0.01386001386001386,,,1.0,1.0,0.03465003465003465,,,1.0,0.09021533838220729
417,twin bed frame,attribute_constraint,567,188,0.7436041517241594,0.01601423487544484,0.026595744680851064,0.973404255319149,0.9,0.7460613410043547,0.028469750889679714,0.06382978723404255,0.9361702127659575,0.8,0.6810201242359074,0.07829181494661921,0.11170212765957446,0.8882978723404256,0.88,0.25041022208165026
418,writing desk,product_type,1123,608,1.0,0.01002004008016032,0.01644736842105263,0.9835526315789473,1.0,1.0,0.02004008016032064,0.03289473684210526,0.9671052631578947,1.0,1.0,0.050100200400801605,0.08223684210526316,0.9177631578947368,1.0,0.7177818170054001
419,living room ideas,product_type,21,16,0.8824665955977139,0.047619047619047616,0.0625,0.9375,0.1,0.9644736320014974,0.047619047619047616,0.0625,0.9375,0.05,0.9648826667265292,0.047619047619047616,0.0625,0.9375,0.02,0.24002840740969886
420,tile backsplash,brand_entity_proxy,1013,766,1.0,0.010101010101010102,0.013054830287206266,0.9869451697127938,1.0,1.0,0.020202020202020204,0.02610966057441253,0.9738903394255874,1.0,0.9898399903933316,0.050505050505050504,0.0639686684073107,0.9360313315926893,1.0,0.49172298671308157
421,dining room tables,product_type,758,649,1.0,0.005555555555555556,0.0061633281972265025,0.9938366718027735,0.4,1.0,0.015277777777777777,0.01694915254237288,0.9830508474576272,0.55,0.9885734578540565,0.0375,0.040061633281972264,0.9599383667180277,0.54,0.22576801770638896
422,ergonomic chair,product_type,3328,428,0.9477344873475497,0.0032637075718015664,0.02102803738317757,0.9789719626168224,1.0,0.9662695446835886,0.006527415143603133,0.04439252336448598,0.955607476635514,1.0,0.9304737698233446,0.016318537859007835,0.102803738317757,0.897196261682243,1.0,0.6097694851682058
423,wall shelves,brand_entity_proxy,3034,285,1.0,0.021479713603818614,0.031578947368421054,0.968421052631579,0.9,1.0,0.04295942720763723,0.06315789473684211,0.9368421052631579,0.9,1.0,0.10501193317422435,0.1543859649122807,0.8456140350877193,0.88,0.5786802877959731
424,wayfair comforters,brand_entity_proxy,618,4,0.9599811799864374,0.025139664804469275,1.0,0.0,1.0,0.9681955513336405,0.05307262569832402,1.0,0.0,1.0,0.9464437123311314,0.12569832402234637,1.0,0.0,0.96,0.7229049742406443
425,side table with storage,product_type,742,56,0.7011902929248583,0.012517385257301807,0.08928571428571429,0.9107142857142857,0.9,0.5599567735746789,0.02642559109874826,0.08928571428571429,0.9107142857142857,0.95,0.5081699790960409,0.0584144645340751,0.17857142857142858,0.8214285714285714,0.9,0.28340262887584466
426,outdoor storage,product_type,3254,223,1.0,0.008169934640522876,0.04484304932735426,0.9551569506726457,1.0,1.0,0.016339869281045753,0.08968609865470852,0.9103139013452914,1.0,1.0,0.04003267973856209,0.21973094170403587,0.7802690582959642,0.98,0.4807831642077692
427,lowes tile,brand_entity_proxy,1125,0,1.0,0.007987220447284345,,,0.5,1.0,0.020766773162939296,,,0.65,1.0,0.05910543130990415,,,0.74,0.8473830208051473
428,kitchen storage cabinet,product_type,537,66,0.8182198962070145,0.010548523206751054,0.07575757575757576,0.9242424242424242,0.5,0.8142860739086129,0.016877637130801686,0.09090909090909091,0.9090909090909091,0.4,0.711609271254557,0.052742616033755275,0.22727272727272727,0.7727272727272727,0.5,0.38750052040686095
429,gray dresser,attribute_constraint,860,94,0.6907156957882958,0.01949317738791423,0.05319148936170213,0.9468085106382979,1.0,0.7293203616067333,0.037037037037037035,0.11702127659574468,0.8829787234042553,0.95,0.6290626921973994,0.08771929824561403,0.19148936170212766,0.8085106382978724,0.9,0.7151037803442193
430,30 inch bathroom vanity,attribute_constraint,662,98,0.8632555551147044,0.015772870662460567,0.08163265306122448,0.9183673469387755,1.0,0.91174960018775,0.031545741324921134,0.1836734693877551,0.8163265306122449,1.0,0.9096264751153362,0.07886435331230283,0.4489795918367347,0.5510204081632653,1.0,0.6066847673031213
431,shoe bench entryway,product_type,160,75,0.9510907186004265,0.06493506493506493,0.12,0.88,1.0,0.9468766859825296,0.12337662337662338,0.24,0.76,0.95,0.9029983614371335,0.2792207792207792,0.49333333333333335,0.5066666666666666,0.9,0.5928224916343886
432,butcher block island,product_type,176,42,0.894393898287665,0.05747126436781609,0.19047619047619047,0.8095238095238095,1.0,0.8361169379495195,0.11494252873563218,0.3333333333333333,0.6666666666666667,1.0,0.8315289258801253,0.28735632183908044,0.7142857142857143,0.2857142857142857,1.0,0.5789112457389582
433,trundle daybed,brand_entity_proxy,273,113,1.0,0.04132231404958678,0.08849557522123894,0.911504424778761,1.0,1.0,0.08264462809917356,0.17699115044247787,0.8230088495575221,1.0,0.9900020461948187,0.2066115702479339,0.4336283185840708,0.5663716814159292,1.0,0.7946118616282088
434,bathroom lighting,brand_entity_proxy,3530,226,1.0,0.007288629737609329,0.04424778761061947,0.9557522123893806,1.0,1.0,0.014577259475218658,0.08849557522123894,0.911504424778761,1.0,0.9907940618881942,0.03644314868804665,0.2168141592920354,0.7831858407079646,1.0,0.5897891220821684
435,shoe closet,brand_entity_proxy,443,47,0.6624526907116111,0.028169014084507043,0.0851063829787234,0.9148936170212766,1.0,0.5689030021306385,0.056338028169014086,0.10638297872340426,0.8936170212765957,1.0,0.5709670195634289,0.14084507042253522,0.2978723404255319,0.7021276595744681,1.0,0.6108746086629115
436,full bed with trundle,product_type,214,46,0.7577724751602855,0.028846153846153848,0.06521739130434782,0.9347826086956522,0.6,0.7225938254470032,0.04326923076923077,0.10869565217391304,0.8913043478260869,0.45,0.6415474621744869,0.11538461538461539,0.30434782608695654,0.6956521739130435,0.48,0.2996063623547958
437,kitchen islands with seating,product_type,195,47,0.9575861412006988,0.055865921787709494,0.19148936170212766,0.8085106382978724,1.0,0.9726274804087407,0.11173184357541899,0.40425531914893614,0.5957446808510638,1.0,0.8491365062884945,0.27932960893854747,0.7021276595744681,0.2978723404255319,1.0,0.6811528689918409
438,indoor water fountain,product_type,156,101,1.0,0.06451612903225806,0.09900990099009901,0.900990099009901,1.0,1.0,0.12258064516129032,0.18811881188118812,0.8118811881188119,0.95,0.9501201633764278,0.27741935483870966,0.38613861386138615,0.6138613861386139,0.86,0.42438620924765197
439,parsons chairs,brand_entity_proxy,3276,216,1.0,0.004111842105263158,0.046296296296296294,0.9537037037037037,1.0,1.0,0.008223684210526315,0.09259259259259259,0.9074074074074074,1.0,0.9696793554957608,0.02055921052631579,0.2175925925925926,0.7824074074074074,1.0,0.47662213424133665
440,wood bar stools,attribute_constraint,777,255,0.7105496795547187,0.01310615989515072,0.023529411764705882,0.9764705882352941,1.0,0.7210198399825114,0.02621231979030144,0.047058823529411764,0.9529411764705882,1.0,0.7311726400148355,0.06422018348623854,0.11764705882352941,0.8823529411764706,0.98,0.3635294119613984
441,desk for kids,product_type,1385,78,1.0,0.007021063189568706,0.08974358974358974,0.9102564102564102,0.7,1.0,0.014042126379137413,0.1794871794871795,0.8205128205128205,0.7,0.907577498477134,0.037111334002006016,0.4358974358974359,0.5641025641025641,0.74,0.36949575347026703
442,above toilet cabinet,product_type,1137,70,1.0,0.02444987775061125,0.14285714285714285,0.8571428571428572,1.0,1.0,0.0488997555012225,0.2857142857142857,0.7142857142857143,1.0,0.9622481770812155,0.12224938875305623,0.6571428571428571,0.34285714285714286,1.0,0.5141439292935707
443,patio design,brand_entity_proxy,409,352,1.0,0.0028089887640449437,0.002840909090909091,0.9971590909090909,0.1,1.0,0.016853932584269662,0.017045454545454544,0.9829545454545454,0.3,0.9835051587382828,0.03932584269662921,0.03977272727272727,0.9602272727272727,0.28,0.4931944402987162
444,outdoor lounge chair,product_type,364,114,1.0,0.025396825396825397,0.07017543859649122,0.9298245614035088,0.8,0.9528513804575317,0.047619047619047616,0.12280701754385964,0.8771929824561404,0.75,0.9162546635156987,0.11746031746031746,0.2894736842105263,0.7105263157894737,0.74,0.5225787407018654
445,chaise lounge couch,product_type,350,170,1.0,0.027777777777777776,0.052941176470588235,0.9470588235294117,0.9,1.0,0.05555555555555555,0.10588235294117647,0.8941176470588236,0.9,0.9567832686721447,0.13271604938271606,0.22941176470588234,0.7705882352941177,0.86,0.6539707583772987
446,card table,product_type,4326,57,0.9368077570869662,0.002861230329041488,0.15789473684210525,0.8421052631578947,1.0,0.9373078093695941,0.005722460658082976,0.3157894736842105,0.6842105263157895,1.0,0.931667002647713,0.01402002861230329,0.7894736842105263,0.21052631578947367,1.0,0.3230887378714392
447,tall buffet cabinet,attribute_constraint,212,3,0.5159958223394444,0.02403846153846154,0.0,1.0,0.5,0.6229152997582164,0.04326923076923077,0.0,1.0,0.45,0.7961119006639125,0.14903846153846154,0.0,1.0,0.62,0.22990426157308383
448,bed side table,product_type,203,81,0.4721957772068878,0.005050505050505051,0.0,1.0,0.1,0.4964512445782343,0.010101010101010102,0.012345679012345678,0.9876543209876543,0.1,0.5122404780125032,0.015151515151515152,0.012345679012345678,0.9876543209876543,0.06,-0.21024103553062853
449,living room designs,product_type,172,164,0.8899541168509599,0.012121212121212121,0.012195121951219513,0.9878048780487805,0.3,0.9289799801831713,0.012121212121212121,0.012195121951219513,0.9878048780487805,0.15,0.9612334964944959,0.03636363636363636,0.036585365853658534,0.9634146341463414,0.14,0.1464357899280218
451,aiden black velvet bed,attribute_constraint,111,0,0.7849818707050383,0.0297029702970297,,,0.3,0.8239275696596488,0.039603960396039604,,,0.2,0.8587792827167223,0.06930693069306931,,,0.2,-0.1905137441013805
452,day bed indian,product_type,105,0,1.0,0.06666666666666667,,,0.7,1.0,0.14285714285714285,,,0.75,1.0,0.29523809523809524,,,0.62,
453,midcentury tv unit,product_type,118,25,0.8566545804700255,0.03389830508474576,0.16,0.84,0.4,0.8161392858400669,0.09322033898305085,0.32,0.6799999999999999,0.55,0.8713132786372864,0.211864406779661,0.56,0.43999999999999995,0.5,0.38753518664194636
454,carpet 5x6,attribute_constraint,110,0,1.0,0.0625,,,0.5,0.896917467100522,0.1125,,,0.45,0.8513896606171912,0.15,,,0.26,0.22821207346511246
455,deer coat hooks,product_type,110,2,0.5821032065260975,0.07339449541284404,0.0,1.0,0.8,0.6833800218492042,0.1651376146788991,0.0,1.0,0.9,0.798147164547621,0.41284403669724773,0.0,1.0,0.9,0.013933180809379485
456,wall design shelf,product_type,221,76,0.6489247802724082,0.05128205128205128,0.05263157894736842,0.9473684210526316,1.0,0.6068265942840608,0.10256410256410256,0.09210526315789473,0.9078947368421053,1.0,0.6570790159916635,0.22564102564102564,0.3157894736842105,0.6842105263157895,0.88,0.503729572587231
457,5 gang light switch,attribute_constraint,329,0,1.0,0.057803468208092484,,,1.0,1.0,0.11560693641618497,,,1.0,1.0,0.28901734104046245,,,1.0,0.7521327065564863
458,bubble guppies chair,product_type,120,0,1.0,0.010526315789473684,,,0.1,1.0,0.021052631578947368,,,0.1,0.9362861973865262,0.05263157894736842,,,0.1,0.4066616250220809
459,tye dye duvet cover,product_type,205,19,0.9537125187088151,0.02926829268292683,0.3157894736842105,0.6842105263157895,0.6,0.8504114972540884,0.06829268292682927,0.631578947368421,0.368421052631579,0.7,0.9404865362334979,0.18536585365853658,0.7894736842105263,0.21052631578947367,0.76,0.4309311197305893
460,small wardrobe grey,attribute_constraint,111,7,0.3667484874948767,0.023809523809523808,0.0,1.0,0.2,0.49659179555425687,0.047619047619047616,0.0,1.0,0.3,0.6144484102222438,0.07142857142857142,0.0,1.0,0.16,0.2230452760761085
461,luau string lights,product_type,61,4,1.0,0.1724137931034483,1.0,0.0,1.0,1.0,0.3448275862068966,1.0,0.0,1.0,0.9897736311928409,0.5344827586206896,1.0,0.0,0.62,0.49863152948135225
462,large bases,attribute_constraint,2,0,1.0,0.0,,,0.0,1.0,0.0,,,0.0,1.0,0.0,,,0.0,0.9999999999999999
463,bistro sets patio,product_type,274,139,1.0,0.04784688995215311,0.07194244604316546,0.9280575539568345,1.0,1.0,0.09569377990430622,0.14388489208633093,0.8561151079136691,1.0,1.0,0.23923444976076555,0.3597122302158273,0.6402877697841727,1.0,0.8633913434639533
464,cake cutlery,brand_entity_proxy,157,85,1.0,0.10869565217391304,0.11764705882352941,0.8823529411764706,1.0,1.0,0.21739130434782608,0.23529411764705882,0.7647058823529411,1.0,0.9251847699950403,0.4782608695652174,0.5176470588235295,0.48235294117647054,0.98,0.5575960468830664
465,white abstract,attribute_constraint,2,1,0.7967075809905066,0.0,0.0,1.0,0.0,0.7967075809905066,0.0,0.0,1.0,0.0,0.7967075809905066,0.0,0.0,1.0,0.0,-0.9999999999999999
466,rock climbing wall kids,product_type,93,1,0.6943559465628248,0.30303030303030304,0.0,1.0,1.0,0.7787676299523247,0.5757575757575758,0.0,1.0,0.95,0.7892603624368772,0.9090909090909091,0.0,1.0,0.72,0.7253113788468131
467,town & country living curtains,product_type,150,0,1.0,0.013333333333333334,,,0.2,1.0,0.05333333333333334,,,0.4,1.0,0.18666666666666668,,,0.56,
468,glow in the dark silent wall clock,multi_constraint,294,4,0.887485966771202,0.035211267605633804,0.75,0.25,1.0,0.9105809018642328,0.07042253521126761,0.75,0.25,1.0,0.9632563451792612,0.176056338028169,1.0,0.0,1.0,0.3532606995722098
469,garage sports storage rack,product_type,161,64,1.0,0.06369426751592357,0.15625,0.84375,1.0,0.9487147883851599,0.12738853503184713,0.28125,0.71875,1.0,0.8542132777576289,0.3184713375796178,0.5625,0.4375,1.0,0.598691481438025
470,elephant framed,brand_entity_proxy,638,45,1.0,0.03508771929824561,0.2222222222222222,0.7777777777777778,1.0,0.9784411392344535,0.07017543859649122,0.4222222222222222,0.5777777777777777,1.0,0.9658619182203617,0.15789473684210525,0.9111111111111111,0.0888888888888889,0.9,0.8225258215367629
471,adjustable height artist stool,product_type,310,1,0.6943559465628248,0.04950495049504951,0.0,1.0,1.0,0.8308477017867739,0.09900990099009901,1.0,0.0,1.0,0.8973547046474368,0.24752475247524752,1.0,0.0,1.0,0.7632110149256213
472,window wall accent,product_type,108,47,0.9074250374176304,0.1,0.19148936170212766,0.8085106382978724,1.0,0.9146653830875159,0.17,0.3191489361702128,0.6808510638297872,0.85,0.8876484969865946,0.3,0.574468085106383,0.42553191489361697,0.62,0.6799782744691303
473,chair pillow cushion,product_type,286,126,1.0,0.022304832713754646,0.047619047619047616,0.9523809523809523,0.6,1.0,0.04460966542750929,0.09523809523809523,0.9047619047619048,0.6,0.9574681217687009,0.10408921933085502,0.2222222222222222,0.7777777777777778,0.56,0.47900393243882144
474,48 inch bathroom vanity with trough sink,multi_constraint,784,0,1.0,0.014104372355430184,,,1.0,1.0,0.028208744710860368,,,1.0,1.0,0.07052186177715092,,,1.0,0.49785411404219115
475,rattan truck,brand_entity_proxy,70,0,1.0,0.09090909090909091,,,0.3,0.9652498273011313,0.18181818181818182,,,0.3,0.9619272877349956,0.30303030303030304,,,0.2,0.7088970239701802
476,hardwood beds,brand_entity_proxy,2224,639,0.7144233020466024,0.005302226935312832,0.009389671361502348,0.9906103286384976,1.0,0.7685352958257647,0.010604453870625663,0.02190923317683881,0.9780907668231612,1.0,0.7616347150138103,0.02545068928950159,0.050078247261345854,0.9499217527386541,0.96,0.5664656423567899
478,worn leather office chair,attribute_constraint,445,1,0.6943559465628248,0.01643192488262911,0.0,1.0,0.7,0.7787676299523247,0.035211267605633804,0.0,1.0,0.75,0.865751383782762,0.06338028169014084,0.0,1.0,0.54,0.19005333422243703
479,garage door mail slot,product_type,83,0,1.0,0.18181818181818182,,,1.0,1.0,0.36363636363636365,,,1.0,0.9861910928322911,0.8545454545454545,,,0.96,0.8104732114963689
480,pictures to hang over fireplace,multi_constraint,3,0,1.0,0.3333333333333333,,,0.1,1.0,0.3333333333333333,,,0.05,1.0,0.6666666666666666,,,0.04,
481,emma headboard,brand_entity_proxy,219,1,0.6943559465628248,0.023696682464454975,0.0,1.0,0.5,0.7787676299523247,0.07109004739336493,0.0,1.0,0.75,0.8539179432239323,0.17535545023696683,0.0,1.0,0.74,0.23312163736444555
482,48 inch kitchen hood,attribute_constraint,104,12,0.8376318198599177,0.10101010101010101,0.5833333333333334,0.41666666666666663,1.0,0.8346200148174417,0.20202020202020202,0.6666666666666666,0.33333333333333337,1.0,0.9441619543638282,0.5050505050505051,1.0,0.0,1.0,0.5281026960007893
483,rustic twig,style,248,4,0.5591227842996138,0.0430622009569378,0.25,0.75,0.9,0.6496184352722464,0.07177033492822966,0.25,0.75,0.75,0.770880823790037,0.13875598086124402,0.25,0.75,0.62,0.4271304386211902
484,nespresso vertuo next premium by breville with aeroccino,long_descriptive,53,0,1.0,0.38461538461538464,,,1.0,0.9336975380477095,0.6538461538461539,,,0.9,0.9856387990271169,0.7307692307692307,,,0.46,0.7401926528072125
485,pedistole sink,brand_entity_proxy,255,0,1.0,0.006578947368421052,,,0.1,1.0,0.039473684210526314,,,0.3,1.0,0.11842105263157894,,,0.36,0.7882246211097591
486,54 in bench cushion,attribute_constraint,87,0,1.0,0.10344827586206896,,,0.9,1.0,0.16091954022988506,,,0.7,1.0,0.27586206896551724,,,0.48,
487,rack glass,brand_entity_proxy,946,2,0.4387867133443176,0.0,0.0,1.0,0.0,0.4112494779827857,0.0,0.0,1.0,0.05,0.40712402555894345,0.013824884792626729,0.5,0.5,0.22,0.040205060061197555
