query_id,query,query_type,n_judged,n_highest,cNDCG@10,RelevantRecall@10,HighestRecall@10,RelevantHidden@10,JudgedCoverage@10,cNDCG@20,RelevantRecall@20,HighestRecall@20,RelevantHidden@20,JudgedCoverage@20,cNDCG@50,RelevantRecall@50,HighestRecall@50,RelevantHidden@50,JudgedCoverage@50,RelevanceVisibilitySpearman
0,salon chair,product_type,3301,39,0.7057270809561408,0.0026533996683250414,0.10256410256410256,0.8974358974358975,0.9,0.6427958814810567,0.005638474295190713,0.20512820512820512,0.7948717948717949,0.9,0.6079861383310698,0.015588723051409618,0.3076923076923077,0.6923076923076923,0.96,0.3957172021431455
1,smart coffee table,product_type,1436,8,0.5255664792793981,0.007052186177715092,0.125,0.875,1.0,0.6048136069557486,0.014104372355430184,0.125,0.875,1.0,0.716076660716058,0.03526093088857546,0.125,0.875,1.0,0.0683158710852726
2,dinosaur,brand_entity_proxy,165,151,0.9537125187088151,0.06329113924050633,0.059602649006622516,0.9403973509933775,1.0,0.9701275709322188,0.12658227848101267,0.12582781456953643,0.8741721854304636,1.0,0.9836940396642968,0.31645569620253167,0.32450331125827814,0.6754966887417219,1.0,0.2777219244851442
3,turquoise pillows,brand_entity_proxy,997,55,0.9069212362975005,0.012953367875647668,0.14545454545454545,0.8545454545454545,1.0,0.7217466156780056,0.023316062176165803,0.18181818181818182,0.8181818181818181,1.0,0.5772937801885956,0.05829015544041451,0.2545454545454545,0.7454545454545455,0.96,0.512147159639683
4,chair and a half recliner,multi_constraint,239,23,0.4224856985217458,0.010526315789473684,0.0,1.0,0.2,0.43739854511274645,0.021052631578947368,0.043478260869565216,0.9565217391304348,0.2,0.5607479665745024,0.04736842105263158,0.08695652173913043,0.9130434782608696,0.2,0.3449230812866718
5,sofa with ottoman,product_type,1344,179,1.0,0.0053475935828877,0.03910614525139665,0.9608938547486033,0.7,0.9561494783113111,0.01145912910618793,0.08379888268156424,0.9162011173184358,0.75,0.8653761209821036,0.02750190985485103,0.16759776536312848,0.8324022346368716,0.72,0.4591601108804906
6,acrylic clear chair,attribute_constraint,109,43,1.0,0.050505050505050504,0.11627906976744186,0.8837209302325582,0.5,0.8936615537081162,0.09090909090909091,0.20930232558139536,0.7906976744186046,0.45,0.7916552122477561,0.1111111111111111,0.2558139534883721,0.7441860465116279,0.22,0.41806554726310796
7,driftwood mirror,product_type,603,23,0.9575861412006988,0.018691588785046728,0.391304347826087,0.6086956521739131,1.0,0.8091489436680809,0.037383177570093455,0.5217391304347826,0.4782608695652174,1.0,0.8239910522499834,0.09345794392523364,0.5652173913043478,0.4347826086956522,1.0,0.46203770805715005
8,home sweet home sign,product_type,105,25,0.8546557236450504,0.10638297872340426,0.28,0.72,1.0,0.792528182423268,0.19148936170212766,0.48,0.52,0.9,0.8289353888996615,0.3404255319148936,0.52,0.48,0.64,0.43977250370537674
9,coffee table fire pit,product_type,1516,74,0.9095430364058891,0.006622516556291391,0.10810810810810811,0.8918918918918919,1.0,0.9189133810848762,0.013245033112582781,0.22972972972972974,0.7702702702702703,1.0,0.9460907962474275,0.029801324503311258,0.5540540540540541,0.44594594594594594,0.9,0.37597780231117445
10,king poster bed,attribute_constraint,177,21,0.7814926847155838,0.05113636363636364,0.23809523809523808,0.7619047619047619,0.9,0.7425053979783677,0.10795454545454546,0.47619047619047616,0.5238095238095238,0.95,0.8897288237640151,0.19886363636363635,0.7619047619047619,0.23809523809523814,0.7,0.48911798929160294
11,ombre rug,product_type,1428,65,1.0,0.007042253521126761,0.15384615384615385,0.8461538461538461,1.0,0.9516759749177383,0.014084507042253521,0.27692307692307694,0.7230769230769231,1.0,0.8379686051142966,0.035211267605633804,0.5230769230769231,0.4769230769230769,1.0,0.3066301686467575
12,large spoon and fork wall decor,multi_constraint,225,27,0.884542244434516,0.05113636363636364,0.25925925925925924,0.7407407407407407,0.9,0.7637640177517734,0.10795454545454546,0.4074074074074074,0.5925925925925926,0.95,0.9201624505266338,0.25,0.9259259259259259,0.07407407407407407,0.88,0.5372586784987303
13,outdoor privacy wall,product_type,122,46,0.7799082337019199,0.12280701754385964,0.15217391304347827,0.8478260869565217,0.8,0.8579599603663427,0.2807017543859649,0.34782608695652173,0.6521739130434783,0.85,0.869260090632231,0.6140350877192983,0.717391304347826,0.28260869565217395,0.72,0.7583465753736474
14,beds that have leds,product_type,2692,20,0.3467268898217413,0.002546148949713558,0.1,0.9,0.7,0.33127317977249415,0.002546148949713558,0.1,0.9,0.55,0.4259503843951902,0.008911521323997454,0.25,0.75,0.56,0.38614971954451466
15,black 5 drawer dresser by guilford,multi_constraint,613,2,0.6561709361507525,0.013377926421404682,0.0,1.0,0.8,0.739497520958232,0.028428093645484948,0.5,0.5,0.85,0.8586765170204133,0.07357859531772576,1.0,0.0,0.88,0.23019194042863617
16,blk 18x18 seat cushions,attribute_constraint,493,4,0.5734654091600279,0.007518796992481203,0.0,1.0,0.2,0.6207479513569585,0.022556390977443608,0.25,0.75,0.3,0.6355972672834557,0.05263157894736842,0.25,0.75,0.28,0.09190247874482955
17,closet storage with zipper,product_type,103,21,0.7619616188993971,0.04854368932038835,0.14285714285714285,0.8571428571428572,0.5,0.7042194412736971,0.08737864077669903,0.2857142857142857,0.7142857142857143,0.45,0.8319203415438832,0.17475728155339806,0.47619047619047616,0.5238095238095238,0.36,0.3606760501081912
18,chrome bathroom 4 light vanity light,multi_constraint,1053,34,0.7153586163609843,0.032846715328467155,0.14705882352941177,0.8529411764705882,0.9,0.5798799772855475,0.06934306569343066,0.14705882352941177,0.8529411764705882,0.95,0.6066134967678358,0.16058394160583941,0.2647058823529412,0.7352941176470589,0.9,0.5833170814885972
19,gurney  slade 56,attribute_constraint,14,0,0.8643145546088339,0.1,,,0.1,0.9820418539921404,0.3,,,0.15,0.9820418539921404,0.3,,,0.06,0.47067872433164165
20,foutains with brick look,product_type,94,12,0.27965247072535343,0.05555555555555555,0.0,1.0,0.6,0.38280183537047363,0.07777777777777778,0.0,1.0,0.45,0.5963741849289365,0.1,0.0,1.0,0.22,-0.21712573238462002
21,living curtains pearl,product_type,127,1,0.6943559465628248,0.07086614173228346,0.0,1.0,0.9,0.7787676299523247,0.12598425196850394,0.0,1.0,0.8,0.865751383782762,0.28346456692913385,0.0,1.0,0.72,-0.05589113500398125
22,light and navy blue decorative pillow,multi_constraint,251,22,0.6215454215139965,0.030612244897959183,0.09090909090909091,0.9090909090909091,0.6,0.5643363135703885,0.04591836734693878,0.13636363636363635,0.8636363636363636,0.45,0.6877693305188743,0.07653061224489796,0.13636363636363635,0.8636363636363636,0.3,0.6192177714751479
23,stoneford end tables white and wood,multi_constraint,1266,0,1.0,0.006514657980456026,,,0.8,1.0,0.010586319218241042,,,0.65,1.0,0.028501628664495113,,,0.7,0.25641353510636244
24,wood coffee table set by storage,multi_constraint,2559,84,0.3333333333333333,0.004764173415912339,0.0,1.0,1.0,0.3333333333333334,0.009528346831824679,0.0,1.0,1.0,0.3721755893350023,0.023344449737970462,0.047619047619047616,0.9523809523809523,0.98,0.48914717584154493
25,sunflower,brand_entity_proxy,242,227,1.0,0.04329004329004329,0.04405286343612335,0.9559471365638766,1.0,1.0,0.08658008658008658,0.0881057268722467,0.9118942731277533,1.0,1.0,0.21645021645021645,0.22026431718061673,0.7797356828193833,1.0,0.364821757113677
26,leather chairs,attribute_constraint,3746,876,0.7592070603942273,0.002433830240340736,0.005707762557077625,0.9942922374429224,0.9,0.8197289321277844,0.005476118040766657,0.01598173515981735,0.9840182648401826,0.95,0.8145672953368045,0.014602981442044418,0.0410958904109589,0.9589041095890412,0.98,0.4952638567751259
27,outdoor welcome rug,product_type,344,100,0.8532721558012799,0.029239766081871343,0.09,0.91,1.0,0.8804354733332654,0.05847953216374269,0.18,0.8200000000000001,1.0,0.82668274322059,0.14327485380116958,0.36,0.64,0.98,0.45317286720953076
28,rooster decor,brand_entity_proxy,725,175,1.0,0.03333333333333333,0.05714285714285714,0.9428571428571428,1.0,1.0,0.06666666666666667,0.11428571428571428,0.8857142857142857,1.0,0.9884091346698421,0.16666666666666666,0.28,0.72,1.0,0.7006050881667303
29,bathroom vanity knobs,product_type,802,138,1.0,0.07246376811594203,0.07246376811594203,0.927536231884058,1.0,1.0,0.13768115942028986,0.13768115942028986,0.8623188405797102,0.95,0.9232572046467267,0.2826086956521739,0.2826086956521739,0.7173913043478262,0.84,0.396278185763019
30,3 1/2 inch drawer pull,multi_constraint,549,88,0.584297301519495,0.029411764705882353,0.045454545454545456,0.9545454545454546,1.0,0.6150074539910448,0.058823529411764705,0.10227272727272728,0.8977272727272727,1.0,0.5653807840066617,0.14705882352941177,0.19318181818181818,0.8068181818181819,1.0,0.7422515894177469
31,burnt orange curtains,product_type,168,1,0.6943559465628248,0.05357142857142857,0.0,1.0,0.9,0.7787676299523247,0.09523809523809523,0.0,1.0,0.8,0.865751383782762,0.21428571428571427,0.0,1.0,0.72,-0.13004342774469232
32,dark gray dresser,attribute_constraint,211,3,0.8188396408490943,0.005494505494505495,0.3333333333333333,0.6666666666666667,0.1,0.8588590700677327,0.01098901098901099,0.3333333333333333,0.6666666666666667,0.1,0.907037835104343,0.04395604395604396,0.6666666666666666,0.33333333333333337,0.16,0.5941168450587497
33,non slip shower floor tile,multi_constraint,669,125,0.575683879930964,0.01818181818181818,0.016,0.984,0.7,0.5838588741623649,0.04155844155844156,0.048,0.952,0.8,0.6101384702479085,0.0987012987012987,0.128,0.872,0.76,0.7280360290644079
34,bar stool with backrest,product_type,740,374,0.6171085403675854,0.013605442176870748,0.013368983957219251,0.9866310160427807,1.0,0.6314066161464538,0.02585034013605442,0.02406417112299465,0.9759358288770054,0.95,0.6593627732371736,0.0653061224489796,0.06684491978609626,0.9331550802139037,0.96,0.043710558393973815
35,enclosed shoe rack,product_type,174,51,0.3965255762463672,0.05813953488372093,0.0196078431372549,0.9803921568627451,1.0,0.37411554358535465,0.11627906976744186,0.0196078431372549,0.9803921568627451,1.0,0.4239913673838214,0.25,0.09803921568627451,0.9019607843137255,0.86,-0.15447718560887838
36,laundry basket with wheels,product_type,157,37,0.6738109341664468,0.038461538461538464,0.08108108108108109,0.9189189189189189,0.6,0.6489207849624905,0.08974358974358974,0.16216216216216217,0.8378378378378378,0.7,0.7406012839806195,0.22435897435897437,0.4594594594594595,0.5405405405405406,0.7,0.368903086181994
37,bar stool 24 inches height,multi_constraint,875,110,0.6384501831358457,0.012150668286755772,0.03636363636363636,0.9636363636363636,1.0,0.6237763933128977,0.023086269744835967,0.06363636363636363,0.9363636363636364,0.95,0.5623790994085086,0.0583232077764277,0.12727272727272726,0.8727272727272728,0.96,0.27508602945581245
38,calvin patio chair,product_type,255,1,0.48241428980087975,0.02358490566037736,0.0,1.0,0.7,0.62535926322644,0.05660377358490566,0.0,1.0,0.7,0.7570727083200242,0.14150943396226415,0.0,1.0,0.7,0.4090848831164307
39,door jewelry organizer,product_type,149,31,0.4781738085681532,0.06711409395973154,0.06451612903225806,0.935483870967742,1.0,0.47593133965983914,0.1342281879194631,0.12903225806451613,0.8709677419354839,1.0,0.589229046968445,0.33557046979865773,0.3548387096774194,0.6451612903225806,1.0,0.07380631355686787
40,elegant executive chair,product_type,166,40,0.6463029801640195,0.06097560975609756,0.1,0.9,1.0,0.5609034832338199,0.10365853658536585,0.125,0.875,0.85,0.6157772209378168,0.18292682926829268,0.225,0.775,0.6,0.150752213797672
41,closet pull out valet rod,multi_constraint,143,19,0.7839136016540788,0.125,0.3157894736842105,0.6842105263157895,1.0,0.782027299123533,0.2375,0.631578947368421,0.368421052631579,0.95,0.8602926421747794,0.4375,0.8421052631578947,0.1578947368421053,0.76,0.4973016344318892
42,toddler couch fold out,product_type,149,3,0.5159958223394444,0.12,0.0,1.0,0.9,0.6229152997582164,0.22666666666666666,0.0,1.0,0.85,0.7918613151125947,0.44,0.6666666666666666,0.33333333333333337,0.66,0.7175555879265706
43,solid teak end table,product_type,1231,22,0.8645073774981994,0.008563273073263558,0.3181818181818182,0.6818181818181819,0.9,0.7122811328567363,0.017126546146527116,0.4090909090909091,0.5909090909090908,0.95,0.7848755343651814,0.03615604186489058,0.6363636363636364,0.36363636363636365,0.84,0.025896472369430098
44,chrome shower head and valve,multi_constraint,219,33,0.5432534204450873,0.04608294930875576,0.06060606060606061,0.9393939393939394,1.0,0.5621782113281497,0.08755760368663594,0.18181818181818182,0.8181818181818181,0.95,0.6783929368978375,0.21658986175115208,0.45454545454545453,0.5454545454545454,0.94,0.29710179575601325
45,70s inspired furniture,attribute_constraint,169,20,0.4342648940640067,0.009345794392523364,0.0,1.0,0.1,0.4903597374569095,0.037383177570093455,0.0,1.0,0.2,0.7025484674846303,0.11214953271028037,0.1,0.9,0.24,0.6069504597919818
46,beach blue headboard,attribute_constraint,104,5,0.7225301029848981,0.049019607843137254,0.4,0.6,0.5,0.8192008498278922,0.09803921568627451,0.4,0.6,0.5,0.8968306273585368,0.16666666666666666,0.6,0.4,0.34,0.3226795134615501
47,porcelain loaf pan,product_type,105,0,1.0,0.1,,,1.0,1.0,0.2,,,1.0,1.0,0.5,,,1.0,0.30099978542730876
48,arwen table lamp,product_type,282,1,0.8471779732814125,0.031914893617021274,1.0,0.0,0.9,0.8893838149761623,0.06028368794326241,1.0,0.0,0.85,0.932875691891381,0.16666666666666666,1.0,0.0,0.94,0.10149411447657583
49,moen matte black hooks,attribute_constraint,135,0,1.0,0.0603448275862069,,,0.7,1.0,0.11206896551724138,,,0.65,1.0,0.3275862068965517,,,0.76,0.518168862309597
50,tufted chair with gold legs,multi_constraint,404,28,0.37574719213263447,0.01278772378516624,0.0,1.0,0.5,0.38557701983555587,0.023017902813299233,0.0,1.0,0.45,0.5114122575068815,0.06905370843989769,0.07142857142857142,0.9285714285714286,0.54,0.26833136627024934
51,kohen 5 drawer dresser,attribute_constraint,595,1,0.6943559465628248,0.013605442176870748,0.0,1.0,0.8,0.7787676299523247,0.02891156462585034,0.0,1.0,0.85,0.865751383782762,0.07312925170068027,0.0,1.0,0.86,0.1899585037579403
52,westling coffee table,product_type,1433,0,1.0,0.007042253521126761,,,1.0,1.0,0.013380281690140845,,,0.95,0.9857115326074308,0.028873239436619718,,,0.84,0.066756186566765
53,carolyn console table,product_type,610,0,1.0,0.01639344262295082,,,1.0,1.0,0.03278688524590164,,,1.0,1.0,0.08032786885245902,,,0.98,
54,wayfair sleep zippered,product_type,143,5,0.681950912594874,0.057971014492753624,0.4,0.6,0.8,0.7433302569802918,0.11594202898550725,0.6,0.4,0.8,0.8233229031101176,0.26811594202898553,0.6,0.4,0.74,0.2568866638582526
55,tollette teal outdoor rug,product_type,171,1,0.8125952066495404,0.058823529411764705,1.0,0.0,1.0,0.8643519933564188,0.09411764705882353,1.0,0.0,0.8,0.9176858378337531,0.2411764705882353,1.0,0.0,0.82,0.181843161720523
56,royal blue counter height chairs,multi_constraint,344,0,0.428385432108412,0.012987012987012988,,,0.8,0.45791642749559813,0.021645021645021644,,,0.65,0.4753344524117908,0.04329004329004329,,,0.54,-0.23264226644310418
57,jordanna solid wood rocking,attribute_constraint,1406,1,0.7962372977085499,0.05263157894736842,1.0,0.0,1.0,0.7969313235645272,0.08947368421052632,1.0,0.0,0.95,0.774308385049458,0.17894736842105263,1.0,0.0,0.84,0.21140116135506926
58,medium size chandelier,product_type,164,63,0.44281305753755196,0.024691358024691357,0.015873015873015872,0.9841269841269842,0.4,0.4750206459060526,0.043209876543209874,0.015873015873015872,0.9841269841269842,0.35,0.5115887753734807,0.06790123456790123,0.047619047619047616,0.9523809523809523,0.22,-0.02189423502325551
59,broadway lever,brand_entity_proxy,165,43,1.0,0.06451612903225806,0.23255813953488372,0.7674418604651163,1.0,1.0,0.12903225806451613,0.46511627906976744,0.5348837209302326,1.0,0.9675529108871974,0.3225806451612903,0.9302325581395349,0.06976744186046513,1.0,0.7247656613087275
60,capricorn chest,brand_entity_proxy,332,3,0.25526318308269724,0.0030864197530864196,0.0,1.0,0.4,0.4422441956572079,0.009259259259259259,0.0,1.0,0.4,0.6563882599567681,0.04938271604938271,0.6666666666666666,0.33333333333333337,0.44,-0.10443608572623282
61,overstreet rustic pub stools,style,162,1,1.0,0.024691358024691357,1.0,0.0,0.4,1.0,0.04938271604938271,1.0,0.0,0.4,1.0,0.09259259259259259,1.0,0.0,0.3,0.1356646894938404
62,7qt slow cooker,attribute_constraint,157,9,0.8544608792907804,0.06756756756756757,0.6666666666666666,0.33333333333333337,1.0,0.908108886001805,0.13513513513513514,0.7777777777777778,0.2222222222222222,1.0,0.9514675551739383,0.33783783783783783,0.8888888888888888,0.11111111111111116,1.0,0.5084518013690004
63,monthly calendar,brand_entity_proxy,115,72,0.8824665955977139,0.09433962264150944,0.1111111111111111,0.8888888888888888,1.0,0.9014391302747716,0.18867924528301888,0.2361111111111111,0.7638888888888888,1.0,0.8657612059342231,0.4528301886792453,0.5138888888888888,0.48611111111111116,0.96,0.4501854590719763
64,zachary 72.5,attribute_constraint,77,1,1.0,0.013513513513513514,1.0,0.0,0.1,1.0,0.013513513513513514,1.0,0.0,0.05,1.0,0.013513513513513514,1.0,0.0,0.02,0.33775007635101145
65,gnome fairy garden,product_type,156,38,0.6150499989137242,0.06535947712418301,0.07894736842105263,0.9210526315789473,1.0,0.6105212834102888,0.13071895424836602,0.18421052631578946,0.8157894736842105,1.0,0.6826773295581708,0.3202614379084967,0.47368421052631576,0.5263157894736843,0.98,0.27892906588941907
66,novara pergola,brand_entity_proxy,69,1,0.790775910220674,0.15625,1.0,0.0,1.0,0.8485586723104293,0.3125,1.0,0.0,1.0,0.8840564065746984,0.609375,1.0,0.0,0.78,0.35969714225106203
67,osgood mirror,product_type,587,0,1.0,0.017857142857142856,,,0.9,1.0,0.037698412698412696,,,0.95,0.9697467305148428,0.09126984126984126,,,0.96,0.20849555225727429
68,nautical platters,brand_entity_proxy,204,89,0.778550859274018,0.05952380952380952,0.06741573033707865,0.9325842696629214,1.0,0.7395622798526732,0.11904761904761904,0.12359550561797752,0.8764044943820225,1.0,0.807607747768031,0.2976190476190476,0.4044943820224719,0.5955056179775281,1.0,0.5545385944824777
69,wall sconce with usb port,multi_constraint,235,13,0.6688828551968977,0.04975124378109453,0.3076923076923077,0.6923076923076923,1.0,0.7095172750813233,0.0945273631840796,0.38461538461538464,0.6153846153846154,0.95,0.8160692259943564,0.20398009950248755,0.6153846153846154,0.3846153846153846,0.82,0.49086007859558417
70,annex dresser,product_type,504,1,0.6943559465628248,0.017892644135188866,0.0,1.0,0.9,0.7787676299523247,0.033797216699801194,0.0,1.0,0.85,0.8793775667303247,0.0775347912524851,1.0,0.0,0.78,0.002381350711808306
71,infant girl crib bedding,product_type,139,47,0.7601933920987803,0.07246376811594203,0.14893617021276595,0.851063829787234,1.0,0.6812447581373557,0.14492753623188406,0.2127659574468085,0.7872340425531915,1.0,0.6906752530693643,0.36231884057971014,0.5319148936170213,0.46808510638297873,1.0,0.26245083182752404
72,fold in half table,product_type,174,85,1.0,0.06134969325153374,0.11764705882352941,0.8823529411764706,1.0,0.9735859552961229,0.1165644171779141,0.21176470588235294,0.788235294117647,0.95,0.8963818966084707,0.27607361963190186,0.43529411764705883,0.5647058823529412,0.9,0.5365656603172764
73,certified international melamine,product_type,181,0,1.0,0.050314465408805034,,,0.8,1.0,0.10062893081761007,,,0.8,1.0,0.20125786163522014,,,0.64,0.5086995056780318
74,serta kleinmon,brand_entity_proxy,87,3,0.9743005540669458,0.05952380952380952,1.0,0.0,0.5,0.9799777185542351,0.05952380952380952,1.0,0.0,0.25,0.9748163468730663,0.08333333333333333,1.0,0.0,0.14,0.2649161273743531
75,sheffield home bath set,product_type,231,4,0.4700182601018591,0.029197080291970802,0.0,1.0,0.4,0.5381880919549978,0.072992700729927,0.0,1.0,0.5,0.6655595413906488,0.1678832116788321,0.0,1.0,0.52,0.5127712561671867
76,46 inch closet door,attribute_constraint,135,2,0.54506934171377,0.14545454545454545,0.0,1.0,0.8,0.5072925287804747,0.2,0.0,1.0,0.8,0.5769654075983249,0.36363636363636365,0.0,1.0,0.62,0.39495441630366906
77,sancroft armchair,brand_entity_proxy,661,1,0.6943559465628248,0.0045385779122541605,0.0,1.0,0.3,0.7787676299523247,0.01059001512859304,0.0,1.0,0.35,0.865751383782762,0.0226928895612708,0.0,1.0,0.3,0.011219677721630008
78,dorel vanity,brand_entity_proxy,948,3,0.5159958223394444,0.010550996483001172,0.0,1.0,0.9,0.6229152997582164,0.022274325908558032,0.0,1.0,0.95,0.7180909582672179,0.0492379835873388,0.0,1.0,0.9,-0.01137529058400606
79,palram harmony greenhouses,product_type,122,0,1.0,0.09523809523809523,,,1.0,0.9230721825777396,0.17142857142857143,,,1.0,0.9243740519170502,0.4380952380952381,,,1.0,0.266482972194371
80,7 draw white dresser,attribute_constraint,198,39,0.46988949834572724,0.025510204081632654,0.05128205128205128,0.9487179487179487,0.5,0.5408382774746986,0.05102040816326531,0.05128205128205128,0.9487179487179487,0.5,0.6330974472747206,0.14285714285714285,0.28205128205128205,0.717948717948718,0.56,0.18775565115608162
81,orren ellis l shape desk,multi_constraint,233,75,0.5123686152600141,0.0365296803652968,0.04,0.96,0.8,0.5251181873176252,0.0684931506849315,0.08,0.92,0.75,0.5394738111868191,0.1506849315068493,0.14666666666666667,0.8533333333333333,0.66,0.12937876463798634
82,bathroom vanity with counter space,multi_constraint,668,53,0.3333333333333333,0.010703363914373088,0.0,1.0,0.7,0.35489219409887995,0.021406727828746176,0.0,1.0,0.7,0.34510130599227923,0.05045871559633028,0.018867924528301886,0.9811320754716981,0.66,0.07473875177197978
83,wall art fiji,product_type,103,0,1.0,0.010309278350515464,,,0.1,1.0,0.030927835051546393,,,0.15,1.0,0.061855670103092786,,,0.12,0.3318098943282051
84,full metal bed rose gold,multi_constraint,299,1,0.41887868345118245,0.019138755980861243,0.0,1.0,0.8,0.5239952839234568,0.04784688995215311,0.0,1.0,0.8,0.7111499803017786,0.10526315789473684,0.0,1.0,0.56,0.5006237153490939
85,3/4 size mattress,attribute_constraint,152,0,1.0,0.018867924528301886,,,0.2,1.0,0.05660377358490566,,,0.3,1.0,0.1320754716981132,,,0.28,0.7957163590675893
86,aloe vera plant pot,product_type,142,15,0.4953985955231794,0.07246376811594203,0.2,0.8,1.0,0.6544485179584444,0.14492753623188406,0.6,0.4,1.0,0.7987123591010559,0.36231884057971014,0.8666666666666667,0.1333333333333333,1.0,0.4389465543532312
87,vlad modular sectional,product_type,221,0,1.0,0.04524886877828054,,,1.0,1.0,0.07692307692307693,,,0.85,1.0,0.18099547511312217,,,0.8,
88,rose gold lounge,attribute_constraint,159,1,0.5453770203464486,0.027777777777777776,1.0,0.0,0.5,0.5639235506372008,0.027777777777777776,1.0,0.0,0.35,0.5887339015909833,0.08333333333333333,1.0,0.0,0.38,0.09601996133677652
89,whimsical solar lights,product_type,142,68,0.8645073774981994,0.044444444444444446,0.08823529411764706,0.9117647058823529,0.6,0.7317881813456574,0.08888888888888889,0.10294117647058823,0.8970588235294118,0.65,0.7181661927300605,0.16296296296296298,0.19117647058823528,0.8088235294117647,0.46,0.23490497291482476
90,filaret outdoor sofa,product_type,242,0,1.0,0.03319502074688797,,,0.8,1.0,0.06224066390041494,,,0.75,1.0,0.14937759336099585,,,0.72,-0.04933148916551406
91,industrial pipe dining  table,style,686,8,0.5739228146633244,0.014925373134328358,0.25,0.75,1.0,0.6755559982833578,0.029850746268656716,0.375,0.625,1.0,0.8255145012886399,0.07462686567164178,0.75,0.25,1.0,0.21798351210483516
92,antique silver entry table,attribute_constraint,170,0,1.0,0.030120481927710843,,,0.5,1.0,0.04216867469879518,,,0.35,1.0,0.060240963855421686,,,0.2,0.22774962134793203
93,outdoor sectional dining,product_type,233,58,0.6519780935750487,0.01809954751131222,0.034482758620689655,0.9655172413793104,0.4,0.5747258848126283,0.03619909502262444,0.06896551724137931,0.9310344827586207,0.4,0.5751607108592584,0.06787330316742081,0.10344827586206896,0.896551724137931,0.32,0.13283947609484156
94,kohler whitehaven farmhouse kitchen sink,style,197,4,0.4700182601018591,0.06666666666666667,0.0,1.0,1.0,0.6175112375674012,0.13333333333333333,0.25,0.75,1.0,0.7853943708625092,0.3333333333333333,0.75,0.25,1.0,0.7288313705427236
95,entertainment stand end table,product_type,820,49,0.3333333333333333,0.0098159509202454,0.0,1.0,0.8,0.35489219409887995,0.013496932515337423,0.0,1.0,0.55,0.42065538586680873,0.033128834355828224,0.061224489795918366,0.9387755102040817,0.54,0.15728304270280297
96,bar room wall decor,product_type,384,75,0.9575861412006988,0.03546099290780142,0.12,0.88,1.0,0.921975910379171,0.07092198581560284,0.22666666666666666,0.7733333333333333,1.0,0.9384025571580438,0.16666666666666666,0.5733333333333334,0.42666666666666664,0.94,0.6843415983430277
97,regner power loom red,attribute_constraint,197,1,0.6943559465628248,0.05102040816326531,0.0,1.0,1.0,0.7787676299523247,0.10204081632653061,0.0,1.0,1.0,0.865751383782762,0.23979591836734693,0.0,1.0,0.94,0.016831990689815793
98,gracie oaks 62 oller 14 ceiling fan,multi_constraint,124,0,1.0,0.08849557522123894,,,1.0,1.0,0.17699115044247787,,,1.0,1.0,0.4336283185840708,,,0.98,0.40214580533569216
99,arched christmas tree,product_type,121,0,1.0,0.08108108108108109,,,0.9,1.0,0.17117117117117117,,,0.95,1.0,0.42342342342342343,,,0.94,0.4391162362867148
100,tufted upholstered bed diamond,product_type,887,211,0.7113619721111846,0.008620689655172414,0.023696682464454975,0.976303317535545,0.7,0.7242885992706719,0.01600985221674877,0.037914691943127965,0.9620853080568721,0.65,0.6759827168835817,0.03940886699507389,0.07582938388625593,0.9241706161137441,0.68,0.28949699078143465
101,48 in entry table with side by side drawer,long_descriptive,283,4,0.7458773242569755,0.011583011583011582,0.25,0.75,0.3,0.7980392327188106,0.019305019305019305,0.25,0.75,0.25,0.8536376141310956,0.04633204633204633,0.5,0.5,0.24,0.27063931952899967
102,flamingo,brand_entity_proxy,68,57,1.0,0.17543859649122806,0.17543859649122806,0.8245614035087719,1.0,0.9676617088516802,0.3333333333333333,0.3333333333333333,0.6666666666666667,1.0,0.9683896708997066,0.8421052631578947,0.8421052631578947,0.1578947368421053,1.0,0.5279979885694812
103,kitchen anti fatigue mats,product_type,368,230,0.9074250374176304,0.027247956403269755,0.0391304347826087,0.9608695652173913,1.0,0.8951783796868072,0.05449591280653951,0.07391304347826087,0.9260869565217391,1.0,0.8285140827800195,0.1362397820163488,0.1565217391304348,0.8434782608695652,1.0,0.21356905575580115
104,flour and sugar containers,product_type,179,12,0.5432534204450873,0.05056179775280899,0.16666666666666666,0.8333333333333334,0.9,0.6053101326287205,0.10674157303370786,0.25,0.75,0.95,0.773756501038106,0.21910112359550563,0.4166666666666667,0.5833333333333333,0.78,0.16833733939323714
105,outdoor movie screen,product_type,149,62,1.0,0.07352941176470588,0.16129032258064516,0.8387096774193549,1.0,1.0,0.14705882352941177,0.3225806451612903,0.6774193548387097,1.0,0.8827387308031054,0.35294117647058826,0.5806451612903226,0.4193548387096774,0.96,0.48903675207423536
106,bed risers,product_type,2245,36,1.0,0.10526315789473684,0.2777777777777778,0.7222222222222222,1.0,0.9757624746743075,0.21052631578947367,0.5277777777777778,0.4722222222222222,1.0,0.7105768096273838,0.2631578947368421,0.6666666666666666,0.33333333333333337,1.0,0.0523048057451698
107,front porch furniture sets,product_type,309,43,0.4199166744355605,0.009900990099009901,0.0,1.0,0.3,0.4115030555244228,0.026402640264026403,0.0,1.0,0.4,0.4640847725817162,0.052805280528052806,0.046511627906976744,0.9534883720930233,0.32,0.1322682411031422
108,ayesha curry kitchen,product_type,131,81,1.0,0.07936507936507936,0.12345679012345678,0.8765432098765432,1.0,1.0,0.15873015873015872,0.24691358024691357,0.7530864197530864,1.0,0.9609869619407757,0.3968253968253968,0.5679012345679012,0.4320987654320988,1.0,0.6831115116002535
109,hillsby oriental rug,product_type,247,39,0.911298659909514,0.04048582995951417,0.20512820512820512,0.7948717948717949,1.0,0.8703760057749971,0.06882591093117409,0.3333333333333333,0.6666666666666667,0.85,0.8040606901973508,0.145748987854251,0.5641025641025641,0.4358974358974359,0.72,0.4416105952597559
110,mila task chair,product_type,348,0,1.0,0.020172910662824207,,,0.7,1.0,0.04899135446685879,,,0.85,1.0,0.12968299711815562,,,0.9,0.09271455408231195
111,delta trinsic,brand_entity_proxy,161,69,1.0,0.06451612903225806,0.14492753623188406,0.855072463768116,1.0,0.9768332182007543,0.12903225806451613,0.2753623188405797,0.7246376811594203,1.0,0.9873543385351338,0.3032258064516129,0.6666666666666666,0.33333333333333337,0.94,0.7812054171381666
112,pineapple,brand_entity_proxy,271,266,1.0,0.03759398496240601,0.03759398496240601,0.9624060150375939,1.0,1.0,0.07518796992481203,0.07518796992481203,0.924812030075188,1.0,1.0,0.18796992481203006,0.18796992481203006,0.8120300751879699,1.0,0.1444094734578541
113,led light strip,product_type,432,75,1.0,0.026455026455026454,0.13333333333333333,0.8666666666666667,1.0,1.0,0.05291005291005291,0.26666666666666666,0.7333333333333334,1.0,0.9648882724519138,0.12962962962962962,0.6266666666666667,0.3733333333333333,1.0,0.7288687530933524
114,geralyn upholstered storage platform bed,multi_constraint,1252,3,0.5159958223394444,0.008136696501220505,0.0,1.0,1.0,0.6229152997582164,0.01627339300244101,0.0,1.0,1.0,0.7745438122564573,0.03986981285598047,0.3333333333333333,0.6666666666666667,0.98,0.006637920310795751
115,peacock,brand_entity_proxy,224,202,1.0,0.04878048780487805,0.04950495049504951,0.9504950495049505,1.0,1.0,0.0975609756097561,0.09900990099009901,0.900990099009901,1.0,1.0,0.24390243902439024,0.24752475247524752,0.7524752475247525,1.0,0.38393369840419167
116,brockham solid blackout thermal grommet curtain panels,multi_constraint,595,0,1.0,0.01721170395869191,,,1.0,1.0,0.03442340791738382,,,1.0,1.0,0.08605851979345955,,,1.0,0.2565370222724876
117,tall storage cabinet,attribute_constraint,430,128,0.7996492687209279,0.014251781472684086,0.03125,0.96875,0.6,0.6781289337877321,0.0332541567695962,0.046875,0.953125,0.7,0.5895257018208978,0.07838479809976247,0.078125,0.921875,0.66,0.1574300010929108
118,body pillow case,product_type,216,94,0.8382547631433311,0.046296296296296294,0.07446808510638298,0.925531914893617,1.0,0.8498185192725473,0.09259259259259259,0.1595744680851064,0.8404255319148937,1.0,0.8276220959127764,0.23148148148148148,0.3829787234042553,0.6170212765957447,1.0,0.4726445761997666
119,welcome sign,brand_entity_proxy,441,158,1.0,0.0273972602739726,0.06329113924050633,0.9367088607594937,1.0,0.906213704765464,0.0547945205479452,0.10126582278481013,0.8987341772151899,1.0,0.8419528898940306,0.13150684931506848,0.22151898734177214,0.7784810126582279,0.96,0.41242776855811664
120,zodiac pillow,brand_entity_proxy,979,33,0.9477344873475497,0.012077294685990338,0.2727272727272727,0.7272727272727273,1.0,0.9186897296019706,0.024154589371980676,0.5151515151515151,0.48484848484848486,1.0,0.9017176832621695,0.05555555555555555,0.8787878787878788,0.12121212121212122,1.0,0.5546623270374289
121,upholstered bed,product_type,2977,726,0.7385698048448441,0.004932182490752158,0.009641873278236915,0.990358126721763,1.0,0.7965313154464834,0.010480887792848335,0.02203856749311295,0.977961432506887,1.0,0.789425640768003,0.025893958076448828,0.049586776859504134,0.9504132231404958,0.96,0.48994393771312955
122,king size bed,attribute_constraint,448,375,0.9368077570869662,0.016666666666666666,0.016,0.984,0.7,0.9592177897479789,0.02857142857142857,0.029333333333333333,0.9706666666666667,0.6,0.9672050057256945,0.06904761904761905,0.072,0.928,0.58,0.209940728488103
123,entrance table,product_type,4329,187,0.6190710720643373,0.0035087719298245615,0.0213903743315508,0.9786096256684492,1.0,0.4826874563253751,0.006578947368421052,0.0213903743315508,0.9786096256684492,1.0,0.42161348308032803,0.014912280701754385,0.053475935828877004,0.946524064171123,1.0,0.16473621075997563
124,unique coffee tables,product_type,1467,324,0.5881273104127742,0.005417956656346749,0.009259259259259259,0.9907407407407407,0.9,0.4856502840618094,0.01238390092879257,0.012345679012345678,0.9876543209876543,0.95,0.4461455462457846,0.033281733746130034,0.021604938271604937,0.9783950617283951,0.96,0.005573193734810972
125,boho bed frame,product_type,283,1,0.5497260010760513,0.024,0.0,1.0,0.7,0.6740810664151677,0.048,0.0,1.0,0.7,0.7649512782155538,0.112,0.0,1.0,0.6,-0.040484103966205054
126,leather dining chairs,attribute_constraint,719,241,1.0,0.014749262536873156,0.04149377593360996,0.9585062240663901,1.0,1.0,0.02654867256637168,0.07468879668049792,0.9253112033195021,0.9,0.9351973139620632,0.058997050147492625,0.15352697095435686,0.8464730290456431,0.82,0.4541104461571237
127,wine bar,brand_entity_proxy,1580,159,0.70843168056646,0.035842293906810034,0.0440251572327044,0.9559748427672956,1.0,0.811831326792255,0.07168458781362007,0.1069182389937107,0.8930817610062893,1.0,0.8449817464913278,0.17921146953405018,0.2641509433962264,0.7358490566037736,1.0,0.5988401066095543
128,block coffee table,product_type,1455,113,0.5415312164810443,0.006593406593406593,0.035398230088495575,0.9646017699115044,1.0,0.5773543781066749,0.013186813186813187,0.07964601769911504,0.9203539823008849,1.0,0.5171992057091662,0.0336996336996337,0.12389380530973451,0.8761061946902655,0.96,0.14799133096055184
129,wainscoting ideas,brand_entity_proxy,185,28,0.5914640815742044,0.0,0.0,1.0,0.0,0.581977529502089,0.0,0.0,1.0,0.0,0.6492544935564835,0.0,0.0,1.0,0.0,0.05583121649223439
130,entertainment console,brand_entity_proxy,875,187,0.8319567064488885,0.0069124423963133645,0.0213903743315508,0.9786096256684492,0.6,0.7960634922980764,0.01728110599078341,0.053475935828877004,0.946524064171123,0.75,0.7764040019422216,0.04032258064516129,0.11764705882352941,0.8823529411764706,0.7,0.5772631164383809
131,kids chair,product_type,3479,173,1.0,0.00497787610619469,0.05202312138728324,0.9479768786127167,0.9,0.9757624746743075,0.010508849557522125,0.10404624277456648,0.8959537572254335,0.95,0.9135296170379295,0.023230088495575223,0.2254335260115607,0.7745664739884393,0.88,0.29121250397880116
132,farmhouse cabinet,style,1260,42,0.5319227959492455,0.01015228426395939,0.09523809523809523,0.9047619047619048,0.8,0.46560121868320675,0.023688663282571912,0.14285714285714285,0.8571428571428572,0.8,0.47794121554808017,0.043993231810490696,0.2857142857142857,0.7142857142857143,0.76,0.3061609123914342
133,outdoor light fixtures,product_type,227,170,0.7699997955101787,0.035,0.029411764705882353,0.9705882352941176,0.8,0.8515653778831598,0.075,0.07647058823529412,0.9235294117647059,0.8,0.8683788959476599,0.175,0.18823529411764706,0.8117647058823529,0.74,0.2919091332120585
134,black hanging bookshelf,attribute_constraint,150,3,0.5159958223394444,0.0,0.0,1.0,0.0,0.6707360565360166,0.02459016393442623,0.0,1.0,0.15,0.7831310235720981,0.09016393442622951,0.0,1.0,0.22,0.5908664006993941
135,low profile loveseat recliner,product_type,552,10,0.3473661529187608,0.033783783783783786,0.0,1.0,0.6,0.4484015421266027,0.08783783783783784,0.1,0.9,0.7,0.6628006734823059,0.1891891891891892,0.1,0.9,0.58,0.7212550723860645
136,black fluffy stool,attribute_constraint,166,0,1.0,0.024242424242424242,,,0.4,1.0,0.04242424242424243,,,0.35,1.0,0.08484848484848485,,,0.28,0.031679845477712805
137,orren ellis l shaped desk,multi_constraint,233,80,0.6470374113085078,0.034482758620689655,0.0625,0.9375,0.8,0.6653403523059892,0.06403940886699508,0.0875,0.9125,0.7,0.5961564071133125,0.12315270935960591,0.1875,0.8125,0.6,0.13180638455859908
138,glass doors for bath,product_type,172,142,1.0,0.06535947712418301,0.07042253521126761,0.9295774647887324,1.0,1.0,0.13071895424836602,0.14084507042253522,0.8591549295774648,1.0,1.0,0.3137254901960784,0.3380281690140845,0.6619718309859155,0.96,0.623660589759319
139,auburn throw pillows,product_type,339,0,0.8357804136936722,0.0321285140562249,,,1.0,0.8567112906538517,0.0642570281124498,,,0.95,0.8168374648748941,0.14859437751004015,,,0.92,0.0382260930918463
140,wire basket with dividers,product_type,131,3,0.8147811271402815,0.08,0.6666666666666666,0.33333333333333337,1.0,0.8556971068121424,0.16,0.6666666666666666,0.33333333333333337,1.0,0.8944046963190624,0.392,0.6666666666666666,0.33333333333333337,1.0,0.2847135686876048
141,podium with locking cabinet,product_type,161,3,0.27249714022451343,0.027777777777777776,0.3333333333333333,0.6666666666666667,0.6,0.30174682263528946,0.1388888888888889,0.3333333333333333,0.6666666666666667,0.5,0.4480266566389313,0.25,0.3333333333333333,0.6666666666666667,0.38,0.4439114665925279
142,kitchen wooden stand,attribute_constraint,203,5,0.6267490438585046,0.04,0.2,0.8,0.3,0.6602894818262082,0.06666666666666667,0.2,0.8,0.25,0.669362738594756,0.14666666666666667,0.2,0.8,0.24,0.5049762270807383
143,queen wingback chair,attribute_constraint,244,3,0.4801696018801446,0.037914691943127965,0.0,1.0,0.9,0.5310556041051264,0.07109004739336493,0.0,1.0,0.95,0.6430573119901865,0.1848341232227488,0.0,1.0,0.94,0.006395744362677859
144,rug plum,product_type,1423,116,0.9575861412006988,0.007558578987150416,0.07758620689655173,0.9224137931034483,1.0,0.9726274804087407,0.015117157974300832,0.16379310344827586,0.8362068965517242,1.0,0.9850586231963062,0.03779289493575208,0.4224137931034483,0.5775862068965517,1.0,0.35337826061269423
145,liberty hardware francisco,product_type,143,32,0.5397881962744111,0.06923076923076923,0.09375,0.90625,1.0,0.6335246024694674,0.14615384615384616,0.3125,0.6875,1.0,0.6718062807521248,0.24615384615384617,0.46875,0.53125,0.66,0.17788756397767388
146,laundry vanity cabinet,product_type,111,4,0.4700182601018591,0.02727272727272727,0.0,1.0,0.3,0.5788037469624102,0.045454545454545456,0.0,1.0,0.25,0.7362893848956548,0.08181818181818182,0.0,1.0,0.18,-0.008181357093598386
147,drum picture,brand_entity_proxy,425,12,0.8040683266190386,0.0945945945945946,0.5,0.5,0.8,0.74768024821059,0.13513513513513514,0.6666666666666666,0.33333333333333337,0.8,0.6530793195101635,0.25675675675675674,0.9166666666666666,0.08333333333333337,0.76,0.2590122898894144
148,industrial,style,249,194,1.0,0.04568527918781726,0.04639175257731959,0.9536082474226804,0.9,1.0,0.09137055837563451,0.09278350515463918,0.9072164948453608,0.9,0.98872647893357,0.18781725888324874,0.18556701030927836,0.8144329896907216,0.74,0.5792605664177332
149,mid century modern,style,173,155,1.0,0.05917159763313609,0.06451612903225806,0.935483870967742,1.0,1.0,0.0650887573964497,0.07096774193548387,0.9290322580645162,0.55,0.9885734578540565,0.14201183431952663,0.14838709677419354,0.8516129032258064,0.48,0.2383540857804351
150,dumbbells,brand_entity_proxy,54,21,1.0,0.47619047619047616,0.47619047619047616,0.5238095238095238,1.0,0.7804829553670841,0.5714285714285714,0.5714285714285714,0.4285714285714286,0.85,0.9602251589251026,0.8571428571428571,0.8571428571428571,0.1428571428571429,0.5,0.6544086273715125
151,leather chair,attribute_constraint,3042,630,0.5614009184175036,0.00247787610619469,0.004761904761904762,0.9952380952380953,0.8,0.6194802274789515,0.005663716814159292,0.014285714285714285,0.9857142857142858,0.85,0.6038713728495871,0.01415929203539823,0.031746031746031744,0.9682539682539683,0.84,0.46759996149303434
152,wishbone chair,product_type,3286,46,0.48006117753205346,0.0031486146095717885,0.021739130434782608,0.9782608695652174,1.0,0.4759081127891693,0.005982367758186398,0.06521739130434782,0.9347826086956522,0.95,0.4268366113455635,0.014168765743073047,0.06521739130434782,0.9347826086956522,0.9,0.23523421818704657
153,bohemian,style,178,145,0.955830517697074,0.058823529411764705,0.05517241379310345,0.9448275862068966,0.9,0.9239146432416944,0.0915032679738562,0.08275862068965517,0.9172413793103449,0.7,0.9199778736959868,0.16993464052287582,0.15172413793103448,0.8482758620689655,0.52,0.28149074372882976
155,floating bed,product_type,2376,8,0.5337637473939093,0.004241281809613572,0.25,0.75,1.0,0.6116416422389006,0.008953817153628653,0.25,0.75,1.0,0.7209822916093869,0.022620169651272386,0.25,0.75,0.98,0.3360997837770165
156,papasan chair frame only,product_type,150,19,0.5055531673265647,0.09259259259259259,0.15789473684210525,0.8421052631578947,1.0,0.6219375169087646,0.16666666666666666,0.47368421052631576,0.5263157894736843,0.9,0.7771385530537996,0.3888888888888889,0.7368421052631579,0.26315789473684215,0.84,0.6137067719129482
157,velvet chaise,brand_entity_proxy,1085,51,0.6157844300582126,0.016544117647058824,0.11764705882352941,0.8823529411764706,1.0,0.5315130830534911,0.029411764705882353,0.1568627450980392,0.8431372549019608,1.0,0.4400604476494815,0.06066176470588235,0.27450980392156865,0.7254901960784313,0.98,0.1710967157365299
158,led nightstand,brand_entity_proxy,834,44,1.0,0.013140604467805518,0.22727272727272727,0.7727272727272727,1.0,0.9044623121344846,0.026281208935611037,0.36363636363636365,0.6363636363636364,1.0,0.7913996544339008,0.06044678055190539,0.6363636363636364,0.36363636363636365,1.0,0.29008356120378204
159,meditation,brand_entity_proxy,122,93,1.0,0.10416666666666667,0.10752688172043011,0.8924731182795699,1.0,0.9616153618346172,0.1875,0.1935483870967742,0.8064516129032258,0.95,0.9461774177741509,0.4375,0.45161290322580644,0.5483870967741935,0.9,0.47233493361077844
160,marble,brand_entity_proxy,242,226,1.0,0.03056768558951965,0.030973451327433628,0.9690265486725663,0.7,1.0,0.06986899563318777,0.07079646017699115,0.9292035398230089,0.8,1.0,0.17903930131004367,0.18141592920353983,0.8185840707964602,0.82,0.32771871657314394
161,accent chair recliner,product_type,205,38,0.45298473672387823,0.0,0.0,1.0,0.0,0.46037972638161484,0.009950248756218905,0.0,1.0,0.1,0.5286399192741947,0.014925373134328358,0.02631578947368421,0.9736842105263158,0.06,0.07547402111256565
162,turquoise chair,product_type,3354,23,0.3333333333333333,0.0031625553447185324,0.0,1.0,1.0,0.35820450024429645,0.006325110689437065,0.043478260869565216,0.9565217391304348,1.0,0.4742266965530877,0.013915243516761544,0.043478260869565216,0.9565217391304348,0.88,0.30224222762473274
163,dual monitor stand,product_type,94,47,0.955830517697074,0.10752688172043011,0.19148936170212766,0.8085106382978724,1.0,0.9714944583233123,0.20430107526881722,0.3829787234042553,0.6170212765957447,0.95,0.9091655633085158,0.5053763440860215,0.8085106382978723,0.19148936170212771,0.94,0.6432356914439146
164,modern outdoor furniture,style,195,128,0.6868294699994203,0.005555555555555556,0.0,1.0,0.1,0.689557398183755,0.005555555555555556,0.0,1.0,0.05,0.7240530310587336,0.027777777777777776,0.0234375,0.9765625,0.1,0.04891117710562752
165,kitchen storage shelves,product_type,193,69,1.0,0.04712041884816754,0.13043478260869565,0.8695652173913043,0.9,0.9784411392344535,0.06806282722513089,0.18840579710144928,0.8115942028985508,0.65,0.8414545140507383,0.1518324607329843,0.37681159420289856,0.6231884057971014,0.58,0.5255597968040784
166,feather wall art,product_type,111,26,0.955830517697074,0.08256880733944955,0.3076923076923077,0.6923076923076923,0.9,0.9714944583233123,0.1559633027522936,0.6153846153846154,0.3846153846153846,0.85,0.96358580742358,0.22935779816513763,0.8461538461538461,0.15384615384615385,0.5,0.6173999614013328
167,camper,brand_entity_proxy,136,87,1.0,0.10344827586206896,0.10344827586206896,0.896551724137931,0.9,1.0,0.14942528735632185,0.14942528735632185,0.8505747126436781,0.65,0.9840400760956513,0.27586206896551724,0.27586206896551724,0.7241379310344828,0.48,0.7250506634962104
168,printers,brand_entity_proxy,68,0,1.0,0.20833333333333334,,,1.0,1.0,0.4166666666666667,,,1.0,0.9838253057457934,0.8958333333333334,,,0.88,0.7498215232156797
169,coffee bar buffet,product_type,126,27,0.5589992367574207,0.008,0.0,1.0,0.1,0.5016793872346091,0.016,0.037037037037037035,0.962962962962963,0.1,0.6367019011189073,0.024,0.07407407407407407,0.9259259259259259,0.08,0.006957178354839577
170,zen,brand_entity_proxy,127,99,0.9052116356304494,0.07,0.0707070707070707,0.9292929292929293,0.8,0.9172678238564217,0.15,0.15151515151515152,0.8484848484848485,0.8,0.9125918904780826,0.38,0.37373737373737376,0.6262626262626263,0.78,0.2501762041362319
171,nectar queen mattress,attribute_constraint,99,0,1.0,0.0707070707070707,,,0.7,1.0,0.13131313131313133,,,0.65,1.0,0.2727272727272727,,,0.54,
172,picasso,brand_entity_proxy,59,42,1.0,0.23809523809523808,0.23809523809523808,0.7619047619047619,1.0,1.0,0.4523809523809524,0.4523809523809524,0.5476190476190477,0.95,0.9657800852808958,0.8333333333333334,0.8333333333333334,0.16666666666666663,0.72,0.6878539454881231
173,bedroom accessories,brand_entity_proxy,316,4,0.14213532225685732,0.004901960784313725,0.0,1.0,0.3,0.21395852911530178,0.00980392156862745,0.0,1.0,0.25,0.3063850416359818,0.0196078431372549,0.0,1.0,0.26,-0.05813784028850848
174,star wars rug,product_type,90,0,0.0,0.0,,,0.4,0.0,0.0,,,0.5,0.05847885504273582,0.0,,,0.26,-0.1668795606853219
175,basket planter,brand_entity_proxy,564,70,0.9134166588977729,0.033003300330033,0.11428571428571428,0.8857142857142857,1.0,0.8825776630399158,0.0627062706270627,0.22857142857142856,0.7714285714285715,1.0,0.7240590580724671,0.1485148514851485,0.38571428571428573,0.6142857142857143,0.98,0.4856333044450623
176,mexican art,brand_entity_proxy,397,23,0.7585927843495285,0.02544529262086514,0.30434782608695654,0.6956521739130435,1.0,0.7983282353666571,0.04071246819338423,0.5217391304347826,0.4782608695652174,0.8,0.848027378842063,0.07633587786259542,0.7391304347826086,0.26086956521739135,0.6,0.3543637078754957
177,rustic storage cabinet,style,378,16,0.3775028156362593,0.01856763925729443,0.0,1.0,0.7,0.45084767892576816,0.03183023872679045,0.125,0.875,0.6,0.6223834588947076,0.05305039787798409,0.1875,0.8125,0.4,0.11800342326245578
178,almost heaven sauna,product_type,74,24,0.8551595247651802,0.18867924528301888,0.3333333333333333,0.6666666666666667,1.0,0.7627099811195112,0.37735849056603776,0.5,0.5,1.0,0.8957856333328692,0.9245283018867925,0.875,0.125,0.98,0.6782904143113619
179,promo codes or discounts,product_type,1,0,1.0,0.0,,,0.0,1.0,0.0,,,0.0,1.0,0.0,,,0.0,
180,outdoor lounge cushions,product_type,403,72,1.0,0.01990049751243781,0.1111111111111111,0.8888888888888888,0.8,0.8083038748714204,0.03980099502487562,0.1527777777777778,0.8472222222222222,0.8,0.7145698381843267,0.09203980099502487,0.2638888888888889,0.7361111111111112,0.74,0.415454450543144
181,e12/candelabra,attribute_constraint,122,104,1.0,0.03278688524590164,0.038461538461538464,0.9615384615384616,0.4,1.0,0.09016393442622951,0.10576923076923077,0.8942307692307693,0.55,1.0,0.18032786885245902,0.21153846153846154,0.7884615384615384,0.44,0.5473416670324107
182,penny round tile,attribute_constraint,98,58,0.8842222191013388,0.10204081632653061,0.13793103448275862,0.8620689655172413,1.0,0.9252808005308549,0.20408163265306123,0.3103448275862069,0.6896551724137931,1.0,0.940943621267796,0.5,0.7931034482758621,0.2068965517241379,0.98,0.7463870901849725
183,farmhouse bread box,style,78,6,0.6842834443543773,0.13513513513513514,0.6666666666666666,0.33333333333333337,1.0,0.7420325595205479,0.2702702702702703,0.6666666666666666,0.33333333333333337,1.0,0.841055907366687,0.6621621621621622,0.8333333333333334,0.16666666666666663,0.98,0.43099526892167994
184,sugar canister,brand_entity_proxy,185,59,0.841610994396208,0.05434782608695652,0.11864406779661017,0.8813559322033898,1.0,0.7560875743589888,0.10869565217391304,0.1864406779661017,0.8135593220338984,1.0,0.6754364882663582,0.2608695652173913,0.3728813559322034,0.6271186440677966,0.96,0.23127960709714404
185,lunch bag,brand_entity_proxy,124,34,1.0,0.21739130434782608,0.29411764705882354,0.7058823529411764,1.0,1.0,0.43478260869565216,0.5882352941176471,0.4117647058823529,1.0,0.939372092872652,0.8260869565217391,0.9705882352941176,0.02941176470588236,1.0,0.7404696022830608
186,board game storage cabinet,product_type,385,4,0.4700182601018591,0.007853403141361256,0.0,1.0,0.3,0.5788037469624102,0.020942408376963352,0.0,1.0,0.4,0.7157078870808333,0.04450261780104712,0.0,1.0,0.34,0.0946703184833899
188,"bedroom wall decor floral, multicolored with some teal (prints)",long_descriptive,277,8,0.4221756291635144,0.011235955056179775,0.125,0.875,0.3,0.47386368617489005,0.02247191011235955,0.25,0.75,0.4,0.40370672676969654,0.03932584269662921,0.5,0.5,0.5,-0.35851676727409154
189,big basket for dirty cloths,multi_constraint,73,31,0.6155411967368624,0.05555555555555555,0.03225806451612903,0.967741935483871,0.4,0.6324305390381033,0.09722222222222222,0.06451612903225806,0.935483870967742,0.35,0.793006298561149,0.2222222222222222,0.25806451612903225,0.7419354838709677,0.32,0.2134134500969585
190,benjiamino faux leather power lift chair,multi_constraint,792,5,0.43518692560571737,0.008438818565400843,0.0,1.0,0.6,0.5441885155473163,0.014064697609001406,0.0,1.0,0.5,0.7065220614831526,0.03656821378340366,0.0,1.0,0.52,0.36215056200645085
191,biycicle plant stands,product_type,217,0,1.0,0.041474654377880185,,,0.9,1.0,0.08755760368663594,,,0.95,1.0,0.22119815668202766,,,0.96,
193,belchertown table lamp,product_type,278,0,1.0,0.03597122302158273,,,1.0,1.0,0.07194244604316546,,,1.0,1.0,0.16546762589928057,,,0.92,
194,black frame 22 x 36,multi_constraint,293,0,1.0,0.10112359550561797,,,0.9,1.0,0.12359550561797752,,,0.55,0.9719238074243699,0.23595505617977527,,,0.42,0.6557079169336578
195,black freestanding tub  with faucet,multi_constraint,110,3,0.5159958223394444,0.09803921568627451,0.0,1.0,1.0,0.6229152997582164,0.18627450980392157,0.0,1.0,0.95,0.7745438122564573,0.45098039215686275,0.3333333333333333,0.6666666666666667,0.92,0.269243062173844
196,chabely 5 draw chest,attribute_constraint,165,0,1.0,0.04375,,,0.7,1.0,0.06875,,,0.55,0.9850030692922281,0.1375,,,0.44,0.19818962815940142
197,desk for kids tjat ate 10 year old,long_descriptive,41,23,0.9368077570869662,0.12195121951219512,0.17391304347826086,0.8260869565217391,0.5,0.9106732828980729,0.1951219512195122,0.30434782608695654,0.6956521739130435,0.4,0.9727599769849589,0.4878048780487805,0.7391304347826086,0.26086956521739135,0.4,0.5815189173257647
198,cake plates with tops,product_type,82,10,0.3837280886352637,0.10416666666666667,0.2,0.8,0.7,0.4669728863088108,0.1875,0.3,0.7,0.55,0.6032483645631411,0.3125,0.3,0.7,0.4,0.3175815797804435
199,blue faux throw with pillows,multi_constraint,384,0,1.0,0.02680965147453083,,,1.0,1.0,0.05361930294906166,,,1.0,1.0,0.13136729222520108,,,0.98,0.047531759384386404
200,ceramic tile sea shell,product_type,247,3,1.0,0.040983606557377046,1.0,0.0,1.0,1.0,0.08196721311475409,1.0,0.0,1.0,1.0,0.18032786885245902,1.0,0.0,0.88,0.2357096743773512
201,delta trinsic double towel hook in champagne bronze,long_descriptive,124,0,1.0,0.08163265306122448,,,0.8,1.0,0.1326530612244898,,,0.65,0.9835051587382828,0.24489795918367346,,,0.5,0.6038208421790222
202,full mattress padded liner,product_type,83,45,0.9432379215722527,0.024096385542168676,0.044444444444444446,0.9555555555555556,0.2,0.9402008261527637,0.04819277108433735,0.08888888888888889,0.9111111111111111,0.2,0.8610227834999178,0.12048192771084337,0.2,0.8,0.2,0.46329614244680295
203,ge top loading washer 4.5,multi_constraint,87,5,0.490560796047546,0.12048192771084337,0.2,0.8,1.0,0.5888759479567881,0.24096385542168675,0.2,0.8,1.0,0.8005190903613922,0.6024096385542169,1.0,0.0,1.0,0.3336717902217058
204,fleur de lis living candle wall sconce bronze,long_descriptive,191,7,0.38441023776109734,0.05747126436781609,0.0,1.0,1.0,0.559447098167773,0.11494252873563218,0.2857142857142857,0.7142857142857143,1.0,0.7576518680692269,0.27011494252873564,0.8571428571428571,0.1428571428571429,0.94,0.3526891492535951
205,ines shag rug w003096809,attribute_constraint,93,12,0.4066972554326934,0.07526881720430108,0.08333333333333333,0.9166666666666666,0.7,0.5538531584109952,0.16129032258064516,0.16666666666666666,0.8333333333333334,0.75,0.8033816006698117,0.27956989247311825,0.4166666666666667,0.5833333333333333,0.52,0.2915341778975528
206,grill cover 73,attribute_constraint,67,2,1.0,0.1694915254237288,1.0,0.0,1.0,1.0,0.3389830508474576,1.0,0.0,1.0,0.9890906012906326,0.8305084745762712,1.0,0.0,0.98,0.5221037555443436
207,dull bed with shirt head board,multi_constraint,34,0,1.0,0.029411764705882353,,,0.1,1.0,0.029411764705882353,,,0.05,1.0,0.058823529411764705,,,0.04,
208,"fawkes 36"" blue vanity",attribute_constraint,118,0,1.0,0.0423728813559322,,,0.5,1.0,0.06779661016949153,,,0.4,1.0,0.16101694915254236,,,0.38,
209,door pulls bronze matte 4 inch,multi_constraint,198,0,0.77990823370192,0.023809523809523808,,,0.4,0.8216036723778037,0.03968253968253968,,,0.3,0.9026217976568884,0.16666666666666666,,,0.46,0.7172994357021251
210,love seat wide faux leather tuxedo arm sofa,long_descriptive,1045,9,0.5834003569127586,0.009615384615384616,0.4444444444444444,0.5555555555555556,1.0,0.684075722032039,0.015384615384615385,0.5555555555555556,0.4444444444444444,0.8,0.7911750095513966,0.02980769230769231,0.6666666666666666,0.33333333333333337,0.62,0.13215919564737394
211,memory foam rug galveston,product_type,332,0,1.0,0.08403361344537816,,,1.0,1.0,0.14285714285714285,,,0.85,1.0,0.33613445378151263,,,0.8,0.5934766845978731
212,nettie 5 pc bar set,multi_constraint,358,2,0.6675139551208341,0.04639175257731959,0.5,0.5,0.9,0.7535535042759844,0.06701030927835051,1.0,0.0,0.7,0.7557876460606702,0.0979381443298969,1.0,0.0,0.44,0.6396891305742948
213,kraus kitchen sink faucet oletto kpf 2820 sfs,long_descriptive,271,1,0.5175046148974989,0.03597122302158273,0.0,1.0,0.7,0.5908495735750133,0.05755395683453238,0.0,1.0,0.6,0.5817397875498679,0.1223021582733813,0.0,1.0,0.5,-0.002192034432626364
214,light wood nightstand with silver accents,multi_constraint,225,0,1.0,0.022388059701492536,,,0.3,1.0,0.04477611940298507,,,0.3,0.9838720027399551,0.15671641791044777,,,0.42,0.7312818447025103
215,king adjustable bed including mattress,multi_constraint,250,30,0.4957015134734157,0.0411522633744856,0.1,0.9,1.0,0.4381204552246047,0.0823045267489712,0.1,0.9,1.0,0.5366800712243568,0.1934156378600823,0.23333333333333334,0.7666666666666666,0.94,0.08681311269337591
216,music plug wall plate,product_type,189,8,0.48246882105378225,0.054945054945054944,0.25,0.75,1.0,0.5689147773853456,0.10989010989010989,0.25,0.75,1.0,0.7678661972835339,0.27472527472527475,0.75,0.25,1.0,0.2815438423306755
218,wand bunk beds,product_type,65,0,1.0,0.046153846153846156,,,0.3,1.0,0.06153846153846154,,,0.2,1.0,0.18461538461538463,,,0.24,
219,trinaic towel rod,product_type,38,0,1.0,0.07894736842105263,,,0.3,1.0,0.23684210526315788,,,0.45,1.0,0.3684210526315789,,,0.28,
220,sheets for twinxl,product_type,127,52,0.9537125187088151,0.10309278350515463,0.17307692307692307,0.8269230769230769,1.0,0.9027591478314461,0.20618556701030927,0.3076923076923077,0.6923076923076923,1.0,0.848785503643086,0.4948453608247423,0.6730769230769231,0.32692307692307687,0.96,0.7627140582712796
221,small space dining table and chairs sets,multi_constraint,1719,73,0.7289662244006556,0.007978723404255319,0.0821917808219178,0.9178082191780822,1.0,0.7222989900427297,0.014184397163120567,0.1506849315068493,0.8493150684931507,0.9,0.6448770813947967,0.03634751773049645,0.2876712328767123,0.7123287671232876,0.88,0.2793173415049428
222,small loving roomtables,attribute_constraint,77,31,0.9095430364058891,0.05555555555555555,0.06451612903225806,0.935483870967742,0.2,0.8824052985107018,0.1111111111111111,0.12903225806451613,0.8709677419354839,0.2,0.9290701151832336,0.1111111111111111,0.12903225806451613,0.8709677419354839,0.08,0.7334473536119308
223,wisdom stone river 3-3/4,multi_constraint,207,1,0.29761205886060954,0.0,0.0,1.0,0.0,0.31159912324289973,0.0,0.0,1.0,0.15,0.41991344733410635,0.25,1.0,0.0,0.2,0.21472247890064147
224,twin over full bunk beds cool desins,multi_constraint,73,22,0.38224261473290666,0.1095890410958904,0.045454545454545456,0.9545454545454546,0.8,0.4832336935136122,0.1643835616438356,0.09090909090909091,0.9090909090909091,0.6,0.6704212125370926,0.3287671232876712,0.2727272727272727,0.7272727272727273,0.48,-0.14734840047762934
225,white splashproof shiplap wallpaper,attribute_constraint,45,2,0.8205725510999616,0.15151515151515152,1.0,0.0,0.5,0.8640565904367702,0.15151515151515152,1.0,0.0,0.25,0.875899501700722,0.30303030303030304,1.0,0.0,0.2,0.3499365051520336
226,power lift chair,product_type,316,197,0.8990684392693267,0.03184713375796178,0.04060913705583756,0.9593908629441624,1.0,0.840294931316278,0.054140127388535034,0.06091370558375635,0.9390862944162437,0.85,0.8526186426574478,0.12738853503184713,0.15736040609137056,0.8426395939086294,0.8,0.14832615738767366
227,owl,brand_entity_proxy,203,176,1.0,0.056818181818181816,0.056818181818181816,0.9431818181818182,1.0,1.0,0.11363636363636363,0.11363636363636363,0.8863636363636364,1.0,1.0,0.2840909090909091,0.2840909090909091,0.7159090909090908,1.0,0.555995645858725
228,bee,brand_entity_proxy,244,178,1.0,0.055248618784530384,0.056179775280898875,0.9438202247191011,1.0,1.0,0.09944751381215469,0.10112359550561797,0.898876404494382,0.9,1.0,0.2541436464088398,0.25842696629213485,0.7415730337078652,0.92,0.6990398433042843
229,waterfall faucet,brand_entity_proxy,556,133,1.0,0.019417475728155338,0.07518796992481203,0.924812030075188,1.0,1.0,0.038834951456310676,0.15037593984962405,0.849624060150376,1.0,0.960462583298092,0.0912621359223301,0.3458646616541353,0.6541353383458647,0.96,0.6067676814058707
230,gold,attribute_constraint,274,228,1.0,0.021645021645021644,0.021929824561403508,0.9780701754385965,0.5,0.9616153618346172,0.047619047619047616,0.04824561403508772,0.9517543859649122,0.55,0.9790476232781447,0.10822510822510822,0.10964912280701754,0.8903508771929824,0.52,0.3477497901221804
231,anti fatigue mat,product_type,359,307,1.0,0.027855153203342618,0.03257328990228013,0.9674267100977199,1.0,1.0,0.055710306406685235,0.06514657980456026,0.9348534201954397,1.0,1.0,0.1392757660167131,0.16286644951140064,0.8371335504885994,1.0,0.5297074538723473
232,storage dresser,product_type,2329,423,0.6804062636515905,0.0156794425087108,0.01182033096926714,0.9881796690307328,1.0,0.7367028041664102,0.0313588850174216,0.030732860520094562,0.9692671394799054,1.0,0.7335308905144218,0.06794425087108014,0.07328605200945626,0.9267139479905437,0.9,0.5788593622133317
233,kelly clarkson light fixtures,product_type,156,81,0.8874699304014748,0.033112582781456956,0.06172839506172839,0.9382716049382716,0.5,0.8063955876982664,0.039735099337748346,0.07407407407407407,0.9259259259259259,0.3,0.8305835062366145,0.0728476821192053,0.1111111111111111,0.8888888888888888,0.24,0.42129953277139215
234,artificial orchid arrangement,product_type,144,107,1.0,0.06944444444444445,0.09345794392523364,0.9065420560747663,1.0,1.0,0.1388888888888889,0.18691588785046728,0.8130841121495327,1.0,0.9806348711776298,0.3402777777777778,0.4392523364485981,0.5607476635514019,0.98,0.4926406847203491
235,bathroom wastebasket,brand_entity_proxy,1368,133,1.0,0.06535947712418301,0.07518796992481203,0.924812030075188,1.0,1.0,0.13071895424836602,0.15037593984962405,0.849624060150376,1.0,0.9602275947181802,0.3202614379084967,0.3383458646616541,0.6616541353383458,0.98,0.48465287890376574
236,3 piece rug set with runners,multi_constraint,2202,29,0.6324057856334998,0.028089887640449437,0.10344827586206896,0.896551724137931,0.6,0.6001632807005198,0.05056179775280899,0.13793103448275862,0.8620689655172413,0.5,0.7070253161584652,0.11235955056179775,0.27586206896551724,0.7241379310344828,0.42,0.4643106235541926
237,cloud modular sectional,product_type,205,4,0.43553587708246955,0.036458333333333336,0.0,1.0,0.8,0.5320455659403647,0.06770833333333333,0.0,1.0,0.7,0.6632175182479053,0.17708333333333334,0.0,1.0,0.74,-0.006880466387743926
238,outdoor seat/back cushion,product_type,318,54,0.7355081213746353,0.031545741324921134,0.1111111111111111,0.8888888888888888,1.0,0.78468694905332,0.06309148264984227,0.25925925925925924,0.7407407407407407,1.0,0.7622321974098552,0.12933753943217666,0.5,0.5,0.82,0.5455355988323493
239,bathroom single faucet,product_type,573,146,0.955830517697074,0.025925925925925925,0.04794520547945205,0.952054794520548,0.7,0.925529457461227,0.06296296296296296,0.10273972602739725,0.8972602739726028,0.85,0.9345084056167459,0.14444444444444443,0.23972602739726026,0.7602739726027398,0.78,0.7238153695501316
240,eiffel tower wall art,product_type,68,33,1.0,0.15625,0.30303030303030304,0.696969696969697,1.0,1.0,0.28125,0.5454545454545454,0.4545454545454546,0.9,0.9991685862296856,0.484375,0.9393939393939394,0.06060606060606055,0.62,0.8732254109283872
241,decorative wall clocks,product_type,243,148,0.8340611153182703,0.042328042328042326,0.04054054054054054,0.9594594594594594,0.8,0.8302862984954766,0.07407407407407407,0.07432432432432433,0.9256756756756757,0.75,0.8862868794295827,0.19576719576719576,0.22297297297297297,0.777027027027027,0.76,0.6736834958590358
242,accent leather chair,attribute_constraint,283,175,0.9432379215722527,0.017793594306049824,0.022857142857142857,0.9771428571428571,0.5,0.8918768010705019,0.03202846975088968,0.045714285714285714,0.9542857142857143,0.45,0.8421262746586362,0.060498220640569395,0.08,0.92,0.34,0.21234019914690738
243,indoor multi tiered plant stand,multi_constraint,209,135,0.9537125187088151,0.05154639175257732,0.06666666666666667,0.9333333333333333,1.0,0.8515785982299525,0.08762886597938144,0.0962962962962963,0.9037037037037037,0.85,0.8693724350701633,0.2268041237113402,0.2518518518518518,0.7481481481481482,0.88,0.406161301828378
244,pull out sleeper loveseat,product_type,143,9,0.5697238878396684,0.006993006993006993,0.0,1.0,0.1,0.7010183126700802,0.027972027972027972,0.2222222222222222,0.7777777777777778,0.2,0.8199011017046477,0.06993006993006994,0.3333333333333333,0.6666666666666667,0.2,0.2846110214600669
245,anchor decor,brand_entity_proxy,485,57,1.0,0.058823529411764705,0.17543859649122806,0.8245614035087719,1.0,1.0,0.11764705882352941,0.3508771929824561,0.6491228070175439,1.0,0.9427259924955289,0.2823529411764706,0.7719298245614035,0.22807017543859653,0.96,0.6805051457657957
246,clear shower curtain,attribute_constraint,252,12,0.7469316229444566,0.08,0.4166666666666667,0.5833333333333333,1.0,0.7359850247899303,0.152,0.4166666666666667,0.5833333333333333,0.95,0.8805406955910416,0.384,0.8333333333333334,0.16666666666666663,0.98,0.8299492465051865
247,beaded curtains,brand_entity_proxy,961,40,1.0,0.014771048744460856,0.25,0.75,1.0,1.0,0.029542097488921712,0.5,0.5,1.0,0.8879725505820983,0.06794682422451995,0.75,0.25,0.92,0.7391983689194924
248,surge protector,brand_entity_proxy,104,39,1.0,0.22727272727272727,0.2564102564102564,0.7435897435897436,1.0,1.0,0.45454545454545453,0.5128205128205128,0.4871794871794872,1.0,0.9886166461144159,0.8409090909090909,0.9230769230769231,0.07692307692307687,0.74,0.8430634916577641
249,bistro table and chairs,product_type,197,124,1.0,0.05181347150259067,0.08064516129032258,0.9193548387096774,1.0,1.0,0.09844559585492228,0.1532258064516129,0.8467741935483871,0.95,1.0,0.21761658031088082,0.3387096774193548,0.6612903225806452,0.84,0.6706689665949438
250,multi color rug,product_type,131,96,0.9048032373092417,0.05982905982905983,0.0625,0.9375,0.7,0.9170042569147486,0.10256410256410256,0.10416666666666667,0.8958333333333334,0.6,0.9348015886624342,0.1794871794871795,0.1875,0.8125,0.42,0.5161122872346423
251,coffee container,brand_entity_proxy,1483,90,1.0,0.07352941176470588,0.1111111111111111,0.8888888888888888,1.0,1.0,0.13970588235294118,0.2111111111111111,0.7888888888888889,0.95,0.9298613183545003,0.3088235294117647,0.43333333333333335,0.5666666666666667,0.88,0.36900411472732825
252,accent chairs living room,product_type,443,100,0.9368077570869662,0.008379888268156424,0.03,0.97,0.3,0.8640820564444497,0.008379888268156424,0.03,0.97,0.15,0.7767464770421464,0.013966480446927373,0.04,0.96,0.1,0.6258764003897924
253,antique brass faucet,product_type,117,5,0.6844149874855241,0.0603448275862069,0.2,0.8,0.7,0.7831400872021071,0.09482758620689655,0.4,0.6,0.55,0.8507257638778917,0.20689655172413793,0.6,0.4,0.48,0.20475180890744116
254,comfortable accent chair,product_type,201,131,0.7453597752277844,0.010101010101010102,0.007633587786259542,0.9923664122137404,0.2,0.7645858662636305,0.025252525252525252,0.022900763358778626,0.9770992366412213,0.25,0.8105761712664656,0.030303030303030304,0.030534351145038167,0.9694656488549618,0.12,0.18867894605154337
255,desk and chair set,product_type,217,107,1.0,0.019704433497536946,0.037383177570093455,0.9626168224299065,0.4,1.0,0.054187192118226604,0.102803738317757,0.897196261682243,0.55,0.9893600507304342,0.15270935960591134,0.2803738317757009,0.719626168224299,0.62,0.7483260260039624
256,high weight capacity bunk beds,multi_constraint,138,68,0.8585157560180571,0.03937007874015748,0.058823529411764705,0.9411764705882353,0.5,0.8595679957379818,0.11023622047244094,0.16176470588235295,0.8382352941176471,0.7,0.8135338346816292,0.2440944881889764,0.35294117647058826,0.6470588235294117,0.62,0.4945075482265235
257,living room coffee table sets,multi_constraint,1834,132,0.8650111786183293,0.007457121551081283,0.06060606060606061,0.9393939393939394,1.0,0.8293997068953405,0.014168530947054437,0.11363636363636363,0.8863636363636364,1.0,0.796757201413651,0.03355704697986577,0.25,0.75,0.94,0.4997867719239148
258,breakfast bar table,product_type,126,58,0.8611375561264455,0.064,0.10344827586206896,0.896551724137931,0.8,0.8639526851201471,0.104,0.1724137931034483,0.8275862068965517,0.65,0.7563542043349171,0.224,0.3275862068965517,0.6724137931034483,0.56,0.30850920848436875
259,nursery end table,product_type,634,0,1.0,0.014218009478672985,,,0.9,0.9652498273011313,0.023696682464454975,,,0.8,0.9810315078027004,0.05845181674565561,,,0.76,-0.0654767880195818
260,retractable side awning,product_type,68,26,0.9368077570869662,0.20833333333333334,0.34615384615384615,0.6538461538461539,1.0,0.9376589289824323,0.4166666666666667,0.6923076923076923,0.3076923076923077,1.0,0.9559477969992616,0.9166666666666666,1.0,0.0,0.92,0.7950253457435091
261,semi flush foyer light,product_type,175,125,0.7144097119277253,0.05714285714285714,0.056,0.944,1.0,0.7681896138855786,0.10857142857142857,0.112,0.888,0.95,0.7814260222611983,0.2342857142857143,0.24,0.76,0.82,0.14447592026372477
262,bathroom freestanding cabinet,product_type,138,87,1.0,0.07352941176470588,0.11494252873563218,0.8850574712643678,1.0,0.9763266600610571,0.13970588235294118,0.20689655172413793,0.7931034482758621,0.95,0.9779655621525293,0.3235294117647059,0.4942528735632184,0.5057471264367817,0.88,0.6721366272410629
263,small curtain rods,attribute_constraint,291,75,0.8109900424622541,0.08,0.09333333333333334,0.9066666666666666,1.0,0.7646788277226473,0.136,0.16,0.84,0.85,0.702913350535598,0.32,0.32,0.6799999999999999,0.8,0.6052795509349782
264,cortez pillow,brand_entity_proxy,897,15,1.0,0.01669449081803005,0.6666666666666666,0.33333333333333337,1.0,0.9180718414889472,0.0333889816360601,0.8,0.19999999999999996,1.0,0.9441730157211051,0.07512520868113523,0.8666666666666667,0.1333333333333333,0.92,0.5515430599790437
265,candace wingback upholstered bed,product_type,690,0,0.7381919257729246,0.008888888888888889,,,0.9,0.795527607422254,0.01925925925925926,,,0.85,0.8391034736102216,0.05037037037037037,,,0.82,-0.007159725524693685
266,champagne velvet desk chair,product_type,353,1,0.6943559465628248,0.02,0.0,1.0,0.7,0.7787676299523247,0.04,0.0,1.0,0.7,0.865751383782762,0.09142857142857143,0.0,1.0,0.64,0.142343345845083
267,dolomite subway tile,product_type,154,2,1.0,0.06493506493506493,1.0,0.0,1.0,1.0,0.11688311688311688,1.0,0.0,0.9,1.0,0.2792207792207792,1.0,0.0,0.86,0.1961037301832307
268,betty resin free standing umbrella,multi_constraint,311,1,1.0,0.11904761904761904,1.0,0.0,1.0,1.0,0.23809523809523808,1.0,0.0,1.0,1.0,0.5952380952380952,1.0,0.0,1.0,0.6707435088670012
269,donaldson teak couch,product_type,99,0,1.0,0.0967741935483871,,,0.9,1.0,0.17204301075268819,,,0.8,1.0,0.3010752688172043,,,0.56,0.3733026101029531
270,edge chair mat,product_type,95,42,0.9575861412006988,0.10638297872340426,0.21428571428571427,0.7857142857142857,1.0,0.9017913126356922,0.2127659574468085,0.38095238095238093,0.6190476190476191,1.0,0.8718367535305406,0.5319148936170213,0.7619047619047619,0.23809523809523814,1.0,0.4833459209982353
271,chinese flower stand,product_type,96,1,0.6943559465628248,0.07608695652173914,0.0,1.0,0.7,0.7787676299523247,0.16304347826086957,0.0,1.0,0.75,0.8923648110925042,0.33695652173913043,0.0,1.0,0.62,0.3079345032997754
272,oliver parsons,brand_entity_proxy,115,0,1.0,0.03488372093023256,,,0.3,1.0,0.09302325581395349,,,0.4,0.9861910928322911,0.18604651162790697,,,0.32,0.6098347019442019
273,stainless steel free standing shower caddy,multi_constraint,542,4,0.780359707276365,0.10869565217391304,0.5,0.5,1.0,0.8254436684383607,0.21739130434782608,0.5,0.5,1.0,0.8655691304870051,0.4673913043478261,0.75,0.25,0.9,0.6022666614320281
274,gowdy height adjustable standing desk,multi_constraint,331,1,0.6483519325223678,0.09375,0.0,1.0,1.0,0.8020950407156298,0.1875,1.0,0.0,0.95,0.8168586881245626,0.3645833333333333,1.0,0.0,0.76,0.6183837331315517
275,hinged square ottoman,attribute_constraint,127,13,0.6590964594587343,0.056,0.3076923076923077,0.6923076923076923,0.7,0.7042560388238264,0.12,0.38461538461538464,0.6153846153846154,0.75,0.8766735361188165,0.208,0.5384615384615384,0.46153846153846156,0.52,0.4075089129089217
276,chaves l-shape floating desk with hutch,multi_constraint,377,0,1.0,0.0273972602739726,,,1.0,1.0,0.0547945205479452,,,1.0,1.0,0.1095890410958904,,,0.8,0.2954509352059108
277,barstool patio sets,product_type,256,44,0.4768163665222114,0.00510204081632653,0.022727272727272728,0.9772727272727273,0.2,0.4634718999863388,0.00510204081632653,0.022727272727272728,0.9772727272727273,0.15,0.4357763914616489,0.05102040816326531,0.09090909090909091,0.9090909090909091,0.26,0.009606255361666463
278,parakeet toy,product_type,112,7,0.4911705278921376,0.12987012987012986,0.14285714285714285,0.8571428571428572,1.0,0.5799086805239833,0.2597402597402597,0.14285714285714285,0.8571428571428572,1.0,0.7781293397892128,0.6233766233766234,0.7142857142857143,0.2857142857142857,0.96,0.6098023566523522
279,marlon tufted queen bed,attribute_constraint,374,1,0.8471779732814125,0.016216216216216217,1.0,0.0,0.6,0.8893838149761623,0.02972972972972973,1.0,0.0,0.55,0.932875691891381,0.08108108108108109,1.0,0.0,0.6,0.18559753953418162
280,johan desk by laurel foundry,multi_constraint,116,0,1.0,0.02830188679245283,,,0.3,1.0,0.05660377358490566,,,0.3,1.0,0.12264150943396226,,,0.26,0.4613853752833493
281,brunk ship wheel,product_type,90,1,0.8871958738785231,0.19607843137254902,1.0,0.0,1.0,0.9183497146685337,0.39215686274509803,1.0,0.0,1.0,0.7437662830777152,0.5490196078431373,1.0,0.0,0.74,0.39783374911615565
282,grantola wall mirror,product_type,130,1,0.8871958738785231,0.05426356589147287,1.0,0.0,0.7,0.9183497146685337,0.08527131782945736,1.0,0.0,0.55,0.9504528301300131,0.20930232558139536,1.0,0.0,0.54,0.21153557518089336
283,gaia driftwood table,product_type,115,1,0.8871958738785231,0.02830188679245283,1.0,0.0,0.3,0.9183497146685337,0.03773584905660377,1.0,0.0,0.2,0.9384977496410415,0.07547169811320754,1.0,0.0,0.16,0.29485261478231967
284,family lamp,product_type,331,0,1.0,0.021897810218978103,,,0.6,1.0,0.04744525547445255,,,0.65,1.0,0.12773722627737227,,,0.7,0.5763238206950722
285,"48"" sliding single track , barn door for laundry",long_descriptive,183,7,0.3516803516647608,0.043478260869565216,0.0,1.0,0.6,0.50050277028879,0.12173913043478261,0.14285714285714285,0.8571428571428572,0.75,0.7246947905032499,0.3391304347826087,0.5714285714285714,0.4285714285714286,0.8,0.7232441235257584
286,hitchcock mid-century wall shelf,multi_constraint,256,0,1.0,0.05847953216374269,,,1.0,1.0,0.10526315789473684,,,0.9,0.9854314065074474,0.23976608187134502,,,0.84,0.716706531524181
287,cover set for outdoor furniture,multi_constraint,406,45,0.9477344873475497,0.09523809523809523,0.2,0.8,1.0,0.8939940706476872,0.18095238095238095,0.3333333333333333,0.6666666666666667,0.95,0.8637748890172074,0.44761904761904764,0.7333333333333333,0.2666666666666667,0.94,0.71366547135457
288,round outdoor patio cover,attribute_constraint,272,0,1.0,0.08737864077669903,,,0.9,0.9676617088516802,0.13592233009708737,,,0.7,0.9537426705935906,0.34951456310679613,,,0.74,0.7630220582820239
289,coma inducer comforter king set,multi_constraint,251,27,0.7900799128882461,0.04310344827586207,0.2962962962962963,0.7037037037037037,1.0,0.794421062376755,0.08620689655172414,0.5555555555555556,0.4444444444444444,1.0,0.8876406675700442,0.20689655172413793,0.9259259259259259,0.07407407407407407,0.96,0.5993721453460075
290,mission double vanity,product_type,168,0,1.0,0.023809523809523808,,,0.4,1.0,0.041666666666666664,,,0.35,1.0,0.14285714285714285,,,0.48,
291,front door cabinet with doors,multi_constraint,218,15,0.37574719213263447,0.018957345971563982,0.0,1.0,0.4,0.40603381646409137,0.023696682464454975,0.0,1.0,0.25,0.5788568263849065,0.08530805687203792,0.06666666666666667,0.9333333333333333,0.36,0.1549149416149127
292,decorative white pillow,attribute_constraint,204,12,0.31018959268774093,0.03424657534246575,0.0,1.0,0.5,0.41823599834536257,0.0547945205479452,0.0,1.0,0.45,0.6168354920528669,0.1095890410958904,0.08333333333333333,0.9166666666666666,0.34,0.4610506937100799
293,wood floor protector mat,attribute_constraint,102,13,0.42590829591570295,0.0958904109589041,0.07692307692307693,0.9230769230769231,0.7,0.5266908574454842,0.1780821917808219,0.15384615384615385,0.8461538461538461,0.65,0.6719638064234563,0.2876712328767123,0.3076923076923077,0.6923076923076923,0.42,0.46464681983543293
294,moen multi function dual shower head,multi_constraint,136,0,1.0,0.08163265306122448,,,0.8,0.9676617088516802,0.16326530612244897,,,0.8,0.9540871626392424,0.2857142857142857,,,0.58,0.5104874574890799
295,end table between recliners,product_type,139,6,0.3508174921836955,0.007462686567164179,0.0,1.0,0.1,0.509158834775713,0.007462686567164179,0.0,1.0,0.1,0.7032122106717246,0.007462686567164179,0.0,1.0,0.04,0.11244789545081804
296,zakariyah twin platform,attribute_constraint,171,1,0.8471779732814125,0.047058823529411764,1.0,0.0,0.8,0.8893838149761623,0.08823529411764706,1.0,0.0,0.75,0.9203467779301615,0.14705882352941177,1.0,0.0,0.5,0.04053130713047802
297,seat cushions desk,product_type,487,8,0.7947828844529587,0.0707070707070707,0.625,0.375,0.7,0.8645213011997933,0.10101010101010101,0.625,0.375,0.55,0.7250390262399625,0.13131313131313133,0.75,0.25,0.28,0.15981371637990752
298,small woven pouf,attribute_constraint,98,9,0.5591556363218172,0.10204081632653061,0.4444444444444444,0.5555555555555556,1.0,0.6658196369086542,0.20408163265306123,0.5555555555555556,0.4444444444444444,1.0,0.8128088600994651,0.5,0.8888888888888888,0.11111111111111116,0.98,0.28165498796004323
300,animal print handmade tufted wool beige/black area rug by allmodern,long_descriptive,1114,2,0.5821032065260975,0.008992805755395683,0.0,1.0,1.0,0.6833800218492042,0.017985611510791366,0.0,1.0,1.0,0.798147164547621,0.044064748201438846,0.0,1.0,0.98,0.04900594360350601
301,circle cabinet pulls,product_type,148,2,0.5821032065260975,0.0273972602739726,0.0,1.0,0.4,0.6612806797376994,0.06164383561643835,0.0,1.0,0.45,0.7840583035323035,0.1643835616438356,0.0,1.0,0.5,-0.0827325516909541
302,mattress foam topper queen,attribute_constraint,238,59,0.7874707160768492,0.04265402843601896,0.1016949152542373,0.8983050847457628,0.9,0.6768796975589394,0.08530805687203792,0.15254237288135594,0.847457627118644,0.9,0.6533169647959473,0.22274881516587677,0.3728813559322034,0.6271186440677966,0.94,0.47236052706370635
303,hawaii vintage art,style,72,8,0.6542409492021547,0.13636363636363635,0.375,0.625,0.9,0.782402239543939,0.2727272727272727,0.625,0.375,0.9,0.9035617706630128,0.48484848484848486,1.0,0.0,0.64,0.530318103591857
304,merlyn 6,attribute_constraint,759,0,0.0,0.0,,,0.2,0.0,0.0,,,0.25,0.08106355933272102,0.0,,,0.42,0.05728506400686382
305,ligth bulb,brand_entity_proxy,299,193,1.0,0.020477815699658702,0.031088082901554404,0.9689119170984456,0.6,1.0,0.04778156996587031,0.07253886010362694,0.927461139896373,0.7,0.9696152203834247,0.11945392491467577,0.17616580310880828,0.8238341968911918,0.7,0.5397860169605674
306,mobley zero gravity adjustable bed with wireless remote,long_descriptive,114,2,1.0,0.1111111111111111,1.0,0.0,1.0,1.0,0.2222222222222222,1.0,0.0,1.0,1.0,0.5555555555555556,1.0,0.0,1.0,0.6400947316657779
307,real touch roses floral arrangements in glass vase,long_descriptive,189,6,0.8435012980203701,0.057803468208092484,0.6666666666666666,0.33333333333333337,1.0,0.9456262216996992,0.11560693641618497,1.0,0.0,1.0,0.9619532530194002,0.2832369942196532,1.0,0.0,0.98,0.519895818831963
308,led 60,attribute_constraint,776,2,0.5821032065260975,0.02053388090349076,0.0,1.0,1.0,0.6833800218492042,0.039014373716632446,0.0,1.0,0.95,0.8087397206125144,0.09650924024640657,0.5,0.5,0.96,0.6940903937010822
309,moen 5995 arbor one,attribute_constraint,72,0,1.0,0.19230769230769232,,,0.5,0.8628118745691574,0.2692307692307692,,,0.35,0.8748717569298553,0.38461538461538464,,,0.2,0.5523634525900166
310,meade mirror,product_type,589,4,0.7662825673507715,0.02288329519450801,0.75,0.25,1.0,0.8142560403678438,0.04576659038901602,0.75,0.25,1.0,0.8871517406936822,0.10983981693363844,1.0,0.0,0.98,0.6377164348323474
311,odum velvet,brand_entity_proxy,571,4,0.42546599800298185,0.011090573012939002,0.0,1.0,0.7,0.5433964028074921,0.018484288354898338,0.0,1.0,0.55,0.6918092208176285,0.031423290203327174,0.0,1.0,0.36,0.057495906902132264
312,coat rack for bedroom,product_type,119,10,0.6358283830274569,0.07563025210084033,0.3,0.7,0.9,0.692206429038745,0.14285714285714285,0.3,0.7,0.85,0.8806436783616052,0.3949579831932773,0.9,0.09999999999999998,0.94,0.28216018128973824
313,malachi sled,brand_entity_proxy,105,3,0.7970159932598041,0.0547945205479452,0.6666666666666666,0.33333333333333337,0.4,0.8624696066511627,0.1232876712328767,0.6666666666666666,0.33333333333333337,0.5,0.8652482446794586,0.2328767123287671,1.0,0.0,0.38,0.5726861519373444
314,body pillow and case,product_type,145,11,0.6948831501974877,0.05673758865248227,0.36363636363636365,0.6363636363636364,0.8,0.7831337108776601,0.1276595744680851,0.7272727272727273,0.2727272727272727,0.9,0.8721910661893529,0.2765957446808511,0.8181818181818182,0.18181818181818177,0.78,0.3579560350726507
315,medium clips,brand_entity_proxy,316,4,0.9145923575780844,0.16129032258064516,1.0,0.0,1.0,0.9127696162008668,0.2903225806451613,1.0,0.0,0.95,0.7961582258152743,0.4032258064516129,1.0,0.0,0.54,0.48395965076360536
316,rolande heavy duty power lift assist recliner,multi_constraint,406,1,1.0,0.030211480362537766,1.0,0.0,1.0,1.0,0.06042296072507553,1.0,0.0,1.0,1.0,0.1510574018126888,1.0,0.0,1.0,0.6751599369835674
317,hulmeville writing desk with hutch,multi_constraint,340,2,0.5821032065260975,0.01775147928994083,0.0,1.0,0.6,0.6833800218492042,0.04437869822485207,0.0,1.0,0.75,0.798147164547621,0.10355029585798817,0.0,1.0,0.7,0.04530936527134793
318,sunjoy lantern,brand_entity_proxy,156,1,0.6399196422972498,0.05714285714285714,0.0,1.0,0.9,0.7393653498363629,0.10714285714285714,0.0,1.0,0.8,0.8418412228048185,0.2714285714285714,0.0,1.0,0.78,0.34219434804126925
319,landis wall mounted bathroom shelves,multi_constraint,673,1,1.0,0.047337278106508875,1.0,0.0,0.8,1.0,0.08875739644970414,1.0,0.0,0.75,0.9738146397204759,0.20118343195266272,1.0,0.0,0.7,0.5137206972403017
320,blaylock bookcase headboard,product_type,93,1,0.6943559465628248,0.1282051282051282,0.0,1.0,1.0,0.8291356586608952,0.2564102564102564,1.0,0.0,1.0,0.8963157996241624,0.5128205128205128,1.0,0.0,0.8,0.495951556322518
321,hussain handmade tufted magenta rug,multi_constraint,297,1,0.6943559465628248,0.03367003367003367,0.0,1.0,1.0,0.7787676299523247,0.06734006734006734,0.0,1.0,1.0,0.8897888981259474,0.15824915824915825,1.0,0.0,0.94,0.06914980371612812
322,cream queen duvet cover,attribute_constraint,242,0,1.0,0.03734439834024896,,,0.9,1.0,0.07883817427385892,,,0.95,1.0,0.1908713692946058,,,0.92,0.11018902720147535
323,hub leaning full length mirror,multi_constraint,126,1,1.0,0.072,1.0,0.0,0.9,1.0,0.128,1.0,0.0,0.8,1.0,0.296,1.0,0.0,0.74,0.2164928205676353
324,chase utility laundry cart,product_type,113,1,1.0,0.08571428571428572,1.0,0.0,0.9,1.0,0.17142857142857143,1.0,0.0,0.9,1.0,0.3238095238095238,1.0,0.0,0.68,0.35792195623823475
325,outdoor waterproof chest,product_type,120,46,0.4872475371084773,0.03488372093023256,0.043478260869565216,0.9565217391304348,0.4,0.58493943050276,0.03488372093023256,0.043478260869565216,0.9565217391304348,0.25,0.6317576139698365,0.08139534883720931,0.13043478260869565,0.8695652173913043,0.22,0.2974351151943851
326,bowersville ladder writing desk,product_type,284,1,0.8259896754927477,0.014134275618374558,1.0,0.0,0.4,0.8740472256188766,0.04240282685512368,1.0,0.0,0.6,0.9235691157413181,0.1166077738515901,1.0,0.0,0.66,0.14279237289519456
327,kohler purist brushed bronze,product_type,115,8,0.5827862728350789,0.056818181818181816,0.125,0.875,0.5,0.6678380844716045,0.09090909090909091,0.25,0.75,0.4,0.7065838828320208,0.14772727272727273,0.25,0.75,0.26,0.03208961065478176
328,golub dining table,product_type,659,1,0.9517900181710754,0.010819165378670788,1.0,0.0,0.7,0.9651044788209475,0.01854714064914992,1.0,0.0,0.65,0.9788246384131872,0.03863987635239567,1.0,0.0,0.52,0.13759907924974057
329,wayfair tension rod,product_type,83,2,1.0,0.12195121951219512,1.0,0.0,1.0,1.0,0.23170731707317074,1.0,0.0,0.95,1.0,0.43902439024390244,1.0,0.0,0.72,0.289182926657104
330,kari 2 piece,attribute_constraint,600,1,0.21667313238838556,0.02631578947368421,0.0,1.0,0.7,0.15683312030734226,0.02631578947368421,0.0,1.0,0.55,0.11022196167908249,0.03508771929824561,0.0,1.0,0.46,-0.09948492651254973
331,upholstered girls bed,product_type,533,52,0.4589627680851436,0.011320754716981131,0.038461538461538464,0.9615384615384616,0.6,0.45902909707667017,0.01509433962264151,0.038461538461538464,0.9615384615384616,0.4,0.4232933987458629,0.045283018867924525,0.09615384615384616,0.9038461538461539,0.48,0.02114837216313412
332,attleboro drum coffee table,product_type,1410,1,1.0,0.0071174377224199285,1.0,0.0,1.0,1.0,0.014234875444839857,1.0,0.0,1.0,1.0,0.032740213523131674,1.0,0.0,0.92,0.09918442911969641
333,stainless steel colander set,product_type,315,21,1.0,0.12048192771084337,0.47619047619047616,0.5238095238095238,1.0,0.8790330286287164,0.24096385542168675,0.7142857142857143,0.2857142857142857,1.0,0.9787944229576968,0.6024096385542169,1.0,0.0,1.0,0.6739538473288291
334,itchington butterfly,brand_entity_proxy,122,6,0.5010278004078434,0.08,0.6666666666666666,0.33333333333333337,1.0,0.5598350375825788,0.16,1.0,0.0,1.0,0.5377929148003314,0.24,1.0,0.0,0.64,0.2412291986719476
335,canadian,brand_entity_proxy,81,42,1.0,0.07142857142857142,0.07142857142857142,0.9285714285714286,0.3,0.9652498273011314,0.09523809523809523,0.09523809523809523,0.9047619047619048,0.2,0.942806859440757,0.14285714285714285,0.14285714285714285,0.8571428571428572,0.12,0.7481953630300818
336,mystic swivel,brand_entity_proxy,360,1,0.3597459266465061,0.0029154518950437317,0.0,1.0,0.3,0.5365690106259942,0.008746355685131196,0.0,1.0,0.3,0.664379256324051,0.043731778425655975,0.0,1.0,0.38,-0.10225690818195789
337,iittala bowl,brand_entity_proxy,201,39,1.0,0.08264462809917356,0.2564102564102564,0.7435897435897436,1.0,0.9535699723234905,0.1652892561983471,0.46153846153846156,0.5384615384615384,1.0,0.8987982899111154,0.38016528925619836,0.7435897435897436,0.2564102564102564,0.92,0.8529554408079001
338,mahone porch rocking chair,product_type,204,1,0.8871958738785231,0.05714285714285714,1.0,0.0,1.0,0.9183497146685337,0.11428571428571428,1.0,0.0,1.0,0.9504528301300131,0.2857142857142857,1.0,0.0,1.0,0.4949577288265466
339,ruckus chair,product_type,3044,6,0.07775512242353891,0.0,0.0,1.0,0.8,0.12125944815567341,0.019230769230769232,0.3333333333333333,0.6666666666666667,0.85,0.09476409997821475,0.028846153846153848,0.3333333333333333,0.6666666666666667,0.88,0.056514449421365756
340,berenice 4 storage cabinet,attribute_constraint,505,3,0.6593007041766438,0.019753086419753086,0.3333333333333333,0.6666666666666667,0.8,0.734563258401794,0.03209876543209877,0.3333333333333333,0.6666666666666667,0.65,0.8012981988138058,0.07160493827160494,0.3333333333333333,0.6666666666666667,0.62,0.47789460519663746
341,canvas map art,product_type,199,22,0.8122418648457492,0.04020100502512563,0.2727272727272727,0.7272727272727273,0.8,0.7614263694390797,0.08040201005025126,0.4090909090909091,0.5909090909090908,0.8,0.8331411975066773,0.1658291457286432,0.6363636363636364,0.36363636363636365,0.66,0.3275013943674641
342,brendon counter stool,product_type,478,2,0.8718838771078951,0.008385744234800839,1.0,0.0,0.4,0.9029326746116895,0.016771488469601678,1.0,0.0,0.4,0.9381172502953129,0.03773584905660377,1.0,0.0,0.36,0.12282978166181648
343,navy and peach bedding,product_type,116,0,1.0,0.008695652173913044,,,0.1,1.0,0.017391304347826087,,,0.1,1.0,0.06956521739130435,,,0.16,0.11278591702793095
344,ottoman bed queen,attribute_constraint,116,0,1.0,0.03508771929824561,,,0.4,1.0,0.07017543859649122,,,0.4,0.9848842407886498,0.13157894736842105,,,0.3,-0.023733544035398443
345,oriental vanity,brand_entity_proxy,1148,0,1.0,0.013210039630118891,,,1.0,1.0,0.023778071334214,,,0.9,0.925416530766853,0.046235138705416116,,,0.74,0.482308172612373
346,nesting tray set,product_type,110,19,0.9086768598011254,0.10227272727272728,0.42105263157894735,0.5789473684210527,0.9,0.8448060479954633,0.18181818181818182,0.631578947368421,0.368421052631579,0.8,0.9176104923711876,0.3522727272727273,0.7894736842105263,0.21052631578947367,0.64,0.6080347321802577
347,olive green console table,attribute_constraint,577,0,1.0,0.01576182136602452,,,0.9,1.0,0.0297723292469352,,,0.85,1.0,0.08056042031523643,,,0.92,0.16247141394725503
348,one alium way,product_type,2,0,1.0,0.0,,,0.0,1.0,0.0,,,0.0,1.0,0.0,,,0.0,
349,mud room sign,product_type,98,5,0.530967984732111,0.05263157894736842,0.2,0.8,0.5,0.6214850738638382,0.12631578947368421,0.2,0.8,0.6,0.8026447358409003,0.3157894736842105,0.4,0.6,0.6,0.18981454100368816
351,white bathroom vanity black hardware,multi_constraint,727,0,1.0,0.009929078014184398,,,0.7,1.0,0.019858156028368795,,,0.7,1.0,0.04680851063829787,,,0.66,0.29510329282243436
352,amarillo,brand_entity_proxy,81,29,1.0,0.3448275862068966,0.3448275862068966,0.6551724137931034,1.0,1.0,0.5862068965517241,0.5862068965517241,0.4137931034482759,0.85,0.9955196745932193,0.7586206896551724,0.7586206896551724,0.24137931034482762,0.44,0.8040089675336279
353,pennfield playhouse,brand_entity_proxy,54,1,1.0,0.4,1.0,0.0,1.0,1.0,0.68,1.0,0.0,0.85,0.9914016504341505,0.84,1.0,0.0,0.46,0.7729047924432983
354,tressler rug,product_type,1402,0,1.0,0.006559766763848397,,,0.9,1.0,0.013848396501457727,,,0.95,1.0,0.03498542274052478,,,0.96,0.24140847280242006
355,argenteuil,brand_entity_proxy,59,30,1.0,0.3333333333333333,0.3333333333333333,0.6666666666666667,1.0,1.0,0.6666666666666666,0.6666666666666666,0.33333333333333337,1.0,0.9997981694891247,0.9666666666666667,0.9666666666666667,0.033333333333333326,0.6,0.8640345407872331
356,platform bed side table,product_type,960,0,1.0,0.005307855626326964,,,0.5,1.0,0.013800424628450107,,,0.65,0.9855282772907894,0.032908704883227176,,,0.62,-0.03901760218682678
357,tall free standing pet gate,multi_constraint,355,34,0.7427379751193959,0.1694915254237288,0.17647058823529413,0.8235294117647058,1.0,0.7368898914372896,0.3389830508474576,0.35294117647058826,0.6470588235294117,1.0,0.8774288450697166,0.847457627118644,0.9117647058823529,0.08823529411764708,1.0,0.6375601078795862
358,sliding closet mirror,product_type,116,4,0.9765904909689566,0.035398230088495575,0.75,0.25,0.4,0.9813955901740687,0.061946902654867256,1.0,0.0,0.35,0.9772784596447921,0.12389380530973451,1.0,0.0,0.28,0.3291662720870963
359,french molding,brand_entity_proxy,203,8,0.517829212365477,0.05517241379310345,0.375,0.625,0.8,0.6729468594113075,0.10344827586206896,0.75,0.25,0.85,0.7522006494732407,0.2206896551724138,0.75,0.25,0.76,0.40668309683998066
360,huntsville sectional sofa,product_type,125,0,1.0,0.016,,,0.2,1.0,0.024,,,0.15,1.0,0.072,,,0.18,
361,kisner,brand_entity_proxy,98,25,1.0,0.2,0.2,0.8,0.5,1.0,0.4,0.4,0.6,0.5,0.9677547506022874,0.6,0.6,0.4,0.3,0.7012864231461782
362,brushed gold wall decor,attribute_constraint,245,0,1.0,0.03571428571428571,,,0.8,1.0,0.06696428571428571,,,0.75,1.0,0.14285714285714285,,,0.64,0.3871596492182715
363,fortunat coffee table,product_type,1380,1,0.6943559465628248,0.007246376811594203,0.0,1.0,1.0,0.7787676299523247,0.013043478260869565,0.0,1.0,0.9,0.865751383782762,0.034057971014492754,0.0,1.0,0.94,0.031128568694807176
364,croscill ashton,brand_entity_proxy,114,0,1.0,0.06666666666666667,,,0.3,1.0,0.1111111111111111,,,0.25,0.8982231008903433,0.15555555555555556,,,0.14,0.7501226402676162
365,gas detector,brand_entity_proxy,130,9,0.5527678361136231,0.30434782608695654,0.4444444444444444,0.5555555555555556,1.0,0.6621799151107557,0.4782608695652174,0.7777777777777778,0.2222222222222222,0.85,0.7112809569213564,0.6956521739130435,0.8888888888888888,0.11111111111111116,0.6,0.47828356666861355
366,drudge report,brand_entity_proxy,1,0,,,,,0.0,,,,,0.0,,,,,0.0,
367,wooden chair outdoor,attribute_constraint,202,42,0.5354396881160303,0.01020408163265306,0.0,1.0,0.2,0.5336376516311074,0.03571428571428571,0.07142857142857142,0.9285714285714286,0.35,0.5862881504549804,0.061224489795918366,0.09523809523809523,0.9047619047619048,0.24,0.3254728424045453
368,pasta tools,brand_entity_proxy,143,81,1.0,0.08333333333333333,0.12345679012345678,0.8765432098765432,1.0,1.0,0.16666666666666666,0.24691358024691357,0.7530864197530864,1.0,0.9521206698429517,0.4083333333333333,0.5432098765432098,0.45679012345679015,0.98,0.7015400387642259
369,wrought tv stand,product_type,362,2,0.5821032065260975,0.027777777777777776,0.0,1.0,1.0,0.6833800218492042,0.05555555555555555,0.0,1.0,1.0,0.8220866799902716,0.1388888888888889,0.5,0.5,1.0,0.14032454010766565
370,rug for teen room,product_type,3,1,1.0,0.0,0.0,1.0,0.0,1.0,0.0,0.0,1.0,0.0,1.0,0.0,0.0,1.0,0.0,0.8660254037844387
371,milk cow chair,product_type,112,8,0.5354626873336625,0.05154639175257732,0.25,0.75,0.5,0.647305095849088,0.09278350515463918,0.25,0.75,0.45,0.7601061775225874,0.10309278350515463,0.25,0.75,0.2,0.37183859297332894
372,verden callan,brand_entity_proxy,120,1,0.5955887570214414,0.020833333333333332,0.0,1.0,0.1,0.7072776101745323,0.020833333333333332,0.0,1.0,0.15,0.6587912177954567,0.0625,1.0,0.0,0.1,0.5480032936714446
373,togo chair,product_type,3233,0,1.0,0.0025493945188017845,,,0.8,1.0,0.005098789037603569,,,0.8,1.0,0.012746972594008922,,,0.8,0.2720944435500908
374,sinks bed frame,product_type,170,0,0.8486026589039901,0.0,,,0.0,0.8242873941917839,0.0,,,0.0,0.8171361751554818,0.0,,,0.0,-0.056882526876504004
375,pastel pink desk chair,product_type,211,0,1.0,0.024154589371980676,,,0.5,1.0,0.06280193236714976,,,0.65,1.0,0.13526570048309178,,,0.56,0.2356394109705594
376,island estate coffee table,product_type,1430,3,0.6593007041766438,0.00700770847932726,0.3333333333333333,0.6666666666666667,1.0,0.7748512910504423,0.01401541695865452,0.6666666666666666,0.33333333333333337,1.0,0.8517062951373683,0.03433777154870357,0.6666666666666666,0.33333333333333337,0.98,0.08000009906958101
377,glinda upholstered bench,product_type,134,0,1.0,0.07462686567164178,,,1.0,1.0,0.14925373134328357,,,1.0,1.0,0.35074626865671643,,,0.94,
378,cliffside 5 light candle style drum chandelier,multi_constraint,580,0,1.0,0.017825311942959002,,,1.0,1.0,0.0338680926916221,,,0.95,1.0,0.08377896613190731,,,0.94,0.2777099996416332
379,urban outfitters duvet,product_type,71,0,1.0,0.08450704225352113,,,0.6,1.0,0.14084507042253522,,,0.5,1.0,0.22535211267605634,,,0.32,
380,gravity feeder,brand_entity_proxy,124,6,0.825799645016702,0.2222222222222222,0.6666666666666666,0.33333333333333337,1.0,0.9319952588434288,0.4444444444444444,1.0,0.0,1.0,0.9302778605779031,0.8666666666666667,1.0,0.0,0.78,0.8056682224458184
381,farmhouse hood vent,style,80,0,1.0,0.1125,,,0.9,1.0,0.2,,,0.8,1.0,0.4625,,,0.74,
382,counter top one cup hot water dispenser,multi_constraint,89,4,0.4700182601018591,0.18181818181818182,0.0,1.0,1.0,0.5788037469624102,0.36363636363636365,0.0,1.0,1.0,0.7492085988012668,0.7636363636363637,0.25,0.75,0.86,0.7567107730301652
383,minnestrista,brand_entity_proxy,3,0,1.0,0.0,,,0.0,1.0,0.0,,,0.0,1.0,0.0,,,0.0,
384,dining table vinyl cloth,product_type,687,20,0.9575861412006988,0.16393442622950818,0.45,0.55,1.0,0.8270024079004054,0.29508196721311475,0.6,0.4,0.9,0.9035085556777979,0.5901639344262295,0.95,0.050000000000000044,0.74,0.36176742798386824
385,mom urn,brand_entity_proxy,55,0,0.77990823370192,0.3333333333333333,,,1.0,0.8256216692180229,0.6666666666666666,,,1.0,0.8976784070219485,0.8518518518518519,,,0.54,0.6987771115191901
386,alter furniture,brand_entity_proxy,298,0,1.0,0.005076142131979695,,,0.1,1.0,0.005076142131979695,,,0.05,1.0,0.005076142131979695,,,0.02,0.6758904240761826
387,self enclosed planters,product_type,92,0,1.0,0.09782608695652174,,,0.9,1.0,0.15217391304347827,,,0.7,1.0,0.33695652173913043,,,0.62,
388,outdoor sectional doning,product_type,64,0,0.6410457898283654,0.05,,,0.5,0.7683426731629992,0.06666666666666667,,,0.3,0.8413466862813898,0.16666666666666666,,,0.24,-0.25158836081326036
389,brush nickel faucet bathroom,product_type,337,157,0.6885850935030453,0.01238390092879257,0.012738853503184714,0.9872611464968153,0.4,0.7741518206121965,0.02476780185758514,0.03184713375796178,0.9681528662420382,0.4,0.7385955046504394,0.07120743034055728,0.11464968152866242,0.8853503184713376,0.46,0.10123670841256653
390,cushion replacement insert,product_type,61,0,1.0,0.09836065573770492,,,0.6,1.0,0.14754098360655737,,,0.45,1.0,0.21311475409836064,,,0.26,
391,"writing desk 48""",attribute_constraint,229,8,0.42707280183811397,0.017467248908296942,0.0,1.0,0.4,0.5570201433305436,0.048034934497816595,0.125,0.875,0.55,0.6817392441772899,0.1222707423580786,0.25,0.75,0.56,0.039574080816549784
392,china clock,brand_entity_proxy,368,0,1.0,0.028985507246376812,,,1.0,1.0,0.057971014492753624,,,1.0,1.0,0.14492753623188406,,,1.0,0.41778484823000667
393,propane gas dryer,product_type,96,0,1.0,0.13333333333333333,,,1.0,1.0,0.26666666666666666,,,1.0,0.9380064203206634,0.6,,,0.98,0.3769009300006041
394,gray leather cocktail table,attribute_constraint,117,0,0.9337457765456111,0.009708737864077669,,,0.1,0.8897412238442725,0.009708737864077669,,,0.05,0.8947127824987819,0.02912621359223301,,,0.06,0.08265019067482035
395,pantry grey,attribute_constraint,74,0,0.7909506325094736,0.0625,,,0.1,0.7158096251797915,0.125,,,0.1,0.7763628425010786,0.125,,,0.04,0.3089019362762857
396,alyse 8 light,attribute_constraint,136,1,1.0,0.06818181818181818,1.0,0.0,0.9,1.0,0.10606060606060606,1.0,0.0,0.7,1.0,0.19696969696969696,1.0,0.0,0.52,0.27560882575333406
397,maryford queen tufted bed,attribute_constraint,493,0,1.0,0.016293279022403257,,,0.8,1.0,0.03665987780040733,,,0.9,1.0,0.0835030549898167,,,0.82,0.10695651219324753
398,super bright lights,product_type,107,19,0.9069212362975005,0.07228915662650602,0.3157894736842105,0.6842105263157895,0.6,0.889510018228173,0.10843373493975904,0.3684210526315789,0.631578947368421,0.45,0.9607116289705208,0.18072289156626506,0.631578947368421,0.368421052631579,0.3,0.7602010968437697
399,12v dirt bike,attribute_constraint,85,0,1.0,0.14705882352941177,,,1.0,1.0,0.2647058823529412,,,0.9,0.9838720027399551,0.3382352941176471,,,0.46,0.4591151366098856
400,small ladies rocker swivel recliner,multi_constraint,24,0,1.0,0.0,,,0.0,1.0,0.0,,,0.0,1.0,0.125,,,0.06,
401,glass lsmp shades,product_type,55,18,0.5905425821917344,0.0,0.0,1.0,0.0,0.5975939765787006,0.0,0.0,1.0,0.0,0.8634872514160739,0.0,0.0,1.0,0.0,-0.0653499824505923
402,modern farmhouse lighting semi flush mount,style,251,7,0.38441023776109734,0.04424778761061947,0.0,1.0,1.0,0.5674281548728433,0.08849557522123894,0.2857142857142857,0.7142857142857143,1.0,0.7122019110970743,0.22123893805309736,0.42857142857142855,0.5714285714285714,1.0,0.4750247345410527
403,wood rack wide,attribute_constraint,149,31,0.8546557236450504,0.03225806451612903,0.12903225806451613,0.8709677419354839,0.4,0.7438153358299817,0.04032258064516129,0.16129032258064516,0.8387096774193549,0.25,0.7558623491492534,0.12096774193548387,0.2903225806451613,0.7096774193548387,0.3,0.2511588615608079
404,large cushion outdoor chair,attribute_constraint,564,4,0.4700182601018591,0.017241379310344827,0.0,1.0,0.9,0.5788037469624102,0.03639846743295019,0.0,1.0,0.95,0.7157078870808333,0.08237547892720307,0.0,1.0,0.86,0.21985304251331061
405,queen ann style living room chair,multi_constraint,446,0,1.0,0.020289855072463767,,,0.7,1.0,0.020289855072463767,,,0.35,1.0,0.034782608695652174,,,0.24,0.6537388147261269
406,refrigerator with ice an water in door,multi_constraint,98,22,0.8187236973271445,0.12987012987012986,0.3181818181818182,0.6818181818181819,1.0,0.6788555563010917,0.24675324675324675,0.4090909090909091,0.5909090909090908,1.0,0.8754400841805757,0.6363636363636364,0.9090909090909091,0.09090909090909094,1.0,0.5674502408254871
407,huge bookcase,product_type,331,11,0.3333333333333333,0.02416918429003021,0.0,1.0,0.8,0.4219450531779068,0.054380664652567974,0.0,1.0,0.9,0.6045070990550768,0.13595166163141995,0.09090909090909091,0.9090909090909091,0.9,0.03669075212429937
408,girl reading statue,product_type,102,31,0.9477344873475497,0.09803921568627451,0.2903225806451613,0.7096774193548387,1.0,0.9406797859066668,0.19607843137254902,0.5806451612903226,0.4193548387096774,1.0,0.9675325122872657,0.47058823529411764,0.967741935483871,0.032258064516129004,0.96,0.7047535275613008
409,teal chair,product_type,3393,40,0.5534250996314135,0.00261437908496732,0.05,0.95,0.8,0.4969322337325374,0.005555555555555556,0.05,0.95,0.85,0.478297089013623,0.013725490196078431,0.1,0.9,0.84,0.4351493105981344
410,pool floats,brand_entity_proxy,281,58,0.9368077570869662,0.10416666666666667,0.15517241379310345,0.8448275862068966,1.0,0.933628030971057,0.20833333333333334,0.3103448275862069,0.6896551724137931,1.0,0.8605575180734499,0.5,0.6551724137931034,0.3448275862068966,0.96,0.7618509934333818
411,outdoor clock,brand_entity_proxy,1566,85,0.9053206285482486,0.02865329512893983,0.09411764705882353,0.9058823529411765,1.0,0.9140258581813661,0.05730659025787966,0.2,0.8,1.0,0.9044653986090441,0.14326647564469913,0.49411764705882355,0.5058823529411764,1.0,0.7112492035305377
412,jennie tufted upholstered low profile platform bed,multi_constraint,1090,1,0.6943559465628248,0.006704980842911878,0.0,1.0,0.7,0.7787676299523247,0.011494252873563218,0.0,1.0,0.6,0.865751383782762,0.031609195402298854,0.0,1.0,0.66,0.2510667714871783
413,burruss patio sectional with cushions,multi_constraint,599,1,0.6943559465628248,0.016042780748663103,0.0,1.0,0.9,0.7787676299523247,0.0338680926916221,0.0,1.0,0.95,0.8818436151149892,0.08199643493761141,1.0,0.0,0.92,0.2342770640615853
414,shower hooks,brand_entity_proxy,914,165,1.0,0.02666666666666667,0.06060606060606061,0.9393939393939394,1.0,1.0,0.05333333333333334,0.12121212121212122,0.8787878787878788,1.0,1.0,0.13333333333333333,0.30303030303030304,0.696969696969697,1.0,0.7230856948710839
415,toilet paper stand,product_type,151,75,1.0,0.08130081300813008,0.13333333333333333,0.8666666666666667,1.0,1.0,0.16260162601626016,0.26666666666666666,0.7333333333333334,1.0,0.9625662015262257,0.4065040650406504,0.6133333333333333,0.3866666666666667,1.0,0.7174382072961194
416,wayfair coffee table,product_type,1447,0,1.0,0.00693000693000693,,,1.0,1.0,0.01386001386001386,,,1.0,1.0,0.03395703395703396,,,0.98,0.08517361496580728
417,twin bed frame,attribute_constraint,567,188,0.8463507934928552,0.01601423487544484,0.031914893617021274,0.9680851063829787,0.9,0.877166479064567,0.033807829181494664,0.0797872340425532,0.9202127659574468,0.95,0.7735866129047501,0.08185053380782918,0.14361702127659576,0.8563829787234043,0.92,0.1761910274339511
418,writing desk,product_type,1123,608,0.8532721558012799,0.01002004008016032,0.014802631578947368,0.9851973684210527,1.0,0.9053066402442285,0.02004008016032064,0.03125,0.96875,1.0,0.9483113286593278,0.050100200400801605,0.0805921052631579,0.9194078947368421,1.0,0.6254033104725804
419,living room ideas,product_type,21,16,0.92663607790064,0.0,0.0,1.0,0.0,0.9693369260514476,0.0,0.0,1.0,0.0,0.9696899669821081,0.0,0.0,1.0,0.0,0.35081074929109834
420,tile backsplash,brand_entity_proxy,1013,766,1.0,0.010101010101010102,0.013054830287206266,0.9869451697127938,1.0,1.0,0.020202020202020204,0.02610966057441253,0.9738903394255874,1.0,0.9906421487163746,0.049494949494949494,0.06266318537859007,0.9373368146214099,0.98,0.52748316276576
421,dining room tables,product_type,758,649,1.0,0.008333333333333333,0.009244992295839754,0.9907550077041603,0.6,1.0,0.016666666666666666,0.01848998459167951,0.9815100154083205,0.6,1.0,0.04027777777777778,0.04468412942989214,0.9553158705701079,0.58,0.41152653875544265
422,ergonomic chair,product_type,3328,428,0.8611375561264455,0.00293733681462141,0.02102803738317757,0.9789719626168224,1.0,0.9103827127966565,0.006201044386422976,0.04439252336448598,0.955607476635514,1.0,0.9119799971494774,0.015992167101827676,0.10514018691588785,0.8948598130841121,1.0,0.6054450158154306
423,wall shelves,brand_entity_proxy,3034,285,0.9216017310213247,0.01909307875894988,0.028070175438596492,0.9719298245614035,0.9,0.949404317025383,0.03818615751789976,0.056140350877192984,0.9438596491228071,0.85,0.9323344939723706,0.10501193317422435,0.14385964912280702,0.856140350877193,0.9,0.5734883756364044
424,wayfair comforters,brand_entity_proxy,618,4,0.4700182601018591,0.025139664804469275,0.0,1.0,0.9,0.6003052696836951,0.05027932960893855,0.25,0.75,0.95,0.7194021628309955,0.12290502793296089,0.25,0.75,0.92,0.7732878239528427
425,side table with storage,product_type,742,56,0.6365628141719454,0.012517385257301807,0.08928571428571429,0.9107142857142857,0.9,0.5290277393570334,0.022253129346314324,0.08928571428571429,0.9107142857142857,0.8,0.4693734531306456,0.05146036161335188,0.10714285714285714,0.8928571428571429,0.74,0.20007573303677947
426,outdoor storage,product_type,3254,223,0.8816594966636494,0.007352941176470588,0.03587443946188341,0.9641255605381166,1.0,0.9236269031464044,0.013888888888888888,0.07174887892376682,0.9282511210762332,0.9,0.8941214148565715,0.03431372549019608,0.17937219730941703,0.820627802690583,0.92,0.5175402690028272
427,lowes tile,brand_entity_proxy,1125,0,1.0,0.006389776357827476,,,0.4,1.0,0.012779552715654952,,,0.4,0.9860416298881254,0.04472843450479233,,,0.56,0.8454271994409411
428,kitchen storage cabinet,product_type,537,66,0.5187987797453005,0.014767932489451477,0.045454545454545456,0.9545454545454546,0.7,0.4753183376383066,0.03164556962025317,0.045454545454545456,0.9545454545454546,0.75,0.460531894934116,0.08227848101265822,0.12121212121212122,0.8787878787878788,0.78,0.29720351062966716
429,gray dresser,attribute_constraint,860,94,0.5605362033736255,0.009746588693957114,0.02127659574468085,0.9787234042553191,0.7,0.542760089288935,0.02729044834307992,0.05319148936170213,0.9468085106382979,0.8,0.5237126986188916,0.07212475633528265,0.11702127659574468,0.8829787234042553,0.82,0.7199400441883096
430,30 inch bathroom vanity,attribute_constraint,662,98,0.7550276532939808,0.012618296529968454,0.05102040816326531,0.9489795918367347,0.8,0.7250087435753858,0.02050473186119874,0.07142857142857142,0.9285714285714286,0.65,0.629114092125397,0.056782334384858045,0.15306122448979592,0.846938775510204,0.74,0.2378241655528396
431,shoe bench entryway,product_type,160,75,1.0,0.06493506493506493,0.13333333333333333,0.8666666666666667,1.0,0.9535699723234905,0.12337662337662338,0.24,0.76,0.95,0.9048509106833015,0.3116883116883117,0.52,0.48,0.96,0.5219507564162854
432,butcher block island,product_type,176,42,0.5242306598349795,0.05747126436781609,0.047619047619047616,0.9523809523809523,1.0,0.5986131095180194,0.11494252873563218,0.19047619047619047,0.8095238095238095,1.0,0.6882799914959262,0.27586206896551724,0.5238095238095238,0.47619047619047616,0.96,0.47911805476662467
433,trundle daybed,brand_entity_proxy,273,113,1.0,0.04132231404958678,0.08849557522123894,0.911504424778761,1.0,0.9784411392344535,0.08264462809917356,0.168141592920354,0.831858407079646,1.0,0.9475277571901712,0.2024793388429752,0.3893805309734513,0.6106194690265487,0.98,0.7099551361199439
434,bathroom lighting,brand_entity_proxy,3530,226,0.9575861412006988,0.007288629737609329,0.03982300884955752,0.9601769911504425,1.0,0.9726274804087407,0.014577259475218658,0.084070796460177,0.915929203539823,1.0,0.9659989264143289,0.03644314868804665,0.2079646017699115,0.7920353982300885,1.0,0.7228449335932742
435,shoe closet,brand_entity_proxy,443,47,0.6884139210130843,0.028169014084507043,0.0851063829787234,0.9148936170212766,1.0,0.6107891576413894,0.056338028169014086,0.1276595744680851,0.8723404255319149,1.0,0.5620071808924278,0.14084507042253522,0.2553191489361702,0.7446808510638299,1.0,0.5741559225928872
436,full bed with trundle,product_type,214,46,0.3333333333333333,0.03365384615384615,0.0,1.0,0.7,0.42799590032274537,0.057692307692307696,0.021739130434782608,0.9782608695652174,0.6,0.5284371830344077,0.12980769230769232,0.17391304347826086,0.8260869565217391,0.54,0.2617204935979501
437,kitchen islands with seating,product_type,195,47,0.7666888146990527,0.055865921787709494,0.14893617021276595,0.851063829787234,1.0,0.7316462377068856,0.11173184357541899,0.2553191489361702,0.7446808510638299,1.0,0.7139037599853237,0.24581005586592178,0.5319148936170213,0.46808510638297873,0.88,0.6231602032725753
438,indoor water fountain,product_type,156,101,1.0,0.06451612903225806,0.09900990099009901,0.900990099009901,1.0,1.0,0.12258064516129032,0.18811881188118812,0.8118811881188119,0.95,0.980889776182516,0.2967741935483871,0.44554455445544555,0.5544554455445545,0.92,0.4998027759830154
439,parsons chairs,brand_entity_proxy,3276,216,0.955830517697074,0.004111842105263158,0.041666666666666664,0.9583333333333334,1.0,0.9714944583233123,0.008223684210526315,0.08796296296296297,0.912037037037037,1.0,0.9744422056852592,0.02055921052631579,0.2222222222222222,0.7777777777777778,1.0,0.3909699344345929
440,wood bar stools,attribute_constraint,777,255,0.8446849276286175,0.010484927916120577,0.0196078431372549,0.9803921568627451,0.8,0.8528185500714695,0.022280471821756225,0.047058823529411764,0.9529411764705882,0.85,0.7704915804988623,0.05504587155963303,0.10196078431372549,0.8980392156862745,0.84,0.30656270448111106
441,desk for kids,product_type,1385,78,0.8311363972596455,0.006018054162487462,0.05128205128205128,0.9487179487179487,0.6,0.8448734387439872,0.013039117352056168,0.1282051282051282,0.8717948717948718,0.65,0.7725704763466835,0.03510531594784353,0.3076923076923077,0.6923076923076923,0.7,0.6760978045726219
442,above toilet cabinet,product_type,1137,70,1.0,0.022004889975550123,0.12857142857142856,0.8714285714285714,0.9,1.0,0.04645476772616137,0.2714285714285714,0.7285714285714286,0.95,0.970972627977784,0.1198044009779951,0.6571428571428571,0.34285714285714286,0.98,0.5728140170418163
443,patio design,brand_entity_proxy,409,352,1.0,0.011235955056179775,0.011363636363636364,0.9886363636363636,0.4,1.0,0.014044943820224719,0.014204545454545454,0.9857954545454546,0.25,0.9833041757017094,0.03932584269662921,0.03977272727272727,0.9602272727272727,0.28,0.5090510683528463
444,outdoor lounge chair,product_type,364,114,0.9216017310213247,0.015873015873015872,0.043859649122807015,0.956140350877193,0.6,0.8766517304143556,0.0380952380952381,0.08771929824561403,0.9122807017543859,0.65,0.7850931645770285,0.09523809523809523,0.18421052631578946,0.8157894736842105,0.64,0.32359311396389806
445,chaise lounge couch,product_type,350,170,0.46882595583513387,0.024691358024691357,0.0058823529411764705,0.9941176470588236,0.8,0.5040456682846781,0.043209876543209874,0.029411764705882353,0.9705882352941176,0.7,0.4743416528768895,0.08024691358024691,0.058823529411764705,0.9411764705882353,0.56,-0.20076764831829003
446,card table,product_type,4326,57,1.0,0.002861230329041488,0.17543859649122806,0.8245614035087719,1.0,1.0,0.005722460658082976,0.3508771929824561,0.6491228070175439,1.0,0.9720471444061382,0.01402002861230329,0.8245614035087719,0.17543859649122806,0.98,0.4457911195128296
447,tall buffet cabinet,attribute_constraint,212,3,0.5159958223394444,0.03365384615384615,0.0,1.0,0.7,0.6229152997582164,0.052884615384615384,0.0,1.0,0.55,0.7727350238815642,0.10576923076923077,0.0,1.0,0.44,0.1834323034186704
448,bed side table,product_type,203,81,0.47605580957989446,0.005050505050505051,0.0,1.0,0.1,0.4689106005381449,0.010101010101010102,0.0,1.0,0.1,0.47000883556659784,0.015151515151515152,0.0,1.0,0.06,-0.1088798672014519
449,living room designs,product_type,172,164,1.0,0.01818181818181818,0.018292682926829267,0.9817073170731707,0.3,1.0,0.03636363636363636,0.036585365853658534,0.9634146341463414,0.3,1.0,0.048484848484848485,0.04878048780487805,0.9512195121951219,0.16,0.16938880726194852
451,aiden black velvet bed,attribute_constraint,111,0,1.0,0.019801980198019802,,,0.2,1.0,0.039603960396039604,,,0.2,0.9712129047353377,0.0594059405940594,,,0.12,0.2720222016292907
452,day bed indian,product_type,105,0,1.0,0.0761904761904762,,,0.8,1.0,0.13333333333333333,,,0.7,1.0,0.26666666666666666,,,0.56,
453,midcentury tv unit,product_type,118,25,0.630067391571673,0.01694915254237288,0.04,0.96,0.2,0.6196890170274655,0.0423728813559322,0.08,0.92,0.25,0.7434850895958616,0.13559322033898305,0.28,0.72,0.32,0.29194520344825337
454,carpet 5x6,attribute_constraint,110,0,0.8454256604216018,0.0,,,0.0,0.9002427683263422,0.0125,,,0.05,0.7827850020597139,0.05,,,0.08,0.06814219658394907
455,deer coat hooks,product_type,110,2,0.8291785028105267,0.08256880733944955,1.0,0.0,0.9,0.8705768994822526,0.14678899082568808,1.0,0.0,0.8,0.9174896670604172,0.3486238532110092,1.0,0.0,0.76,0.2716970257829
456,wall design shelf,product_type,221,76,0.5187987797453005,0.046153846153846156,0.039473684210526314,0.9605263157894737,0.9,0.593022517858566,0.08717948717948718,0.09210526315789473,0.9078947368421053,0.85,0.6471985769641938,0.20512820512820512,0.27631578947368424,0.7236842105263157,0.8,0.4230621852204756
457,5 gang light switch,attribute_constraint,329,0,1.0,0.057803468208092484,,,1.0,1.0,0.09826589595375723,,,0.85,0.9709152004006194,0.2254335260115607,,,0.8,0.6940643442096456
458,bubble guppies chair,product_type,120,0,0.8415908474314977,0.042105263157894736,,,0.5,0.897767905235079,0.042105263157894736,,,0.25,0.944196286197878,0.07368421052631578,,,0.16,0.5357981643590273
459,tye dye duvet cover,product_type,205,19,0.4532876546741145,0.03902439024390244,0.10526315789473684,0.8947368421052632,0.8,0.44258114176934954,0.06829268292682927,0.10526315789473684,0.8947368421052632,0.7,0.6090730176865202,0.17560975609756097,0.21052631578947367,0.7894736842105263,0.72,0.05912511405274576
460,small wardrobe grey,attribute_constraint,111,7,0.5024747393340396,0.0,0.0,1.0,0.0,0.6026440525184721,0.011904761904761904,0.14285714285714285,0.8571428571428572,0.05,0.6879021203515235,0.023809523809523808,0.14285714285714285,0.8571428571428572,0.04,0.2496132970688957
461,luau string lights,product_type,61,4,1.0,0.1724137931034483,1.0,0.0,1.0,1.0,0.3275862068965517,1.0,0.0,0.95,0.989642473917371,0.5517241379310345,1.0,0.0,0.64,0.463209617550983
462,large bases,attribute_constraint,2,0,1.0,0.0,,,0.0,1.0,0.0,,,0.0,1.0,0.0,,,0.0,0.9999999999999999
463,bistro sets patio,product_type,274,139,1.0,0.0430622009569378,0.06474820143884892,0.935251798561151,0.9,1.0,0.09090909090909091,0.1366906474820144,0.8633093525179856,0.95,0.9465421852882284,0.20574162679425836,0.302158273381295,0.697841726618705,0.92,0.474601099223418
464,cake cutlery,brand_entity_proxy,157,85,1.0,0.10869565217391304,0.11764705882352941,0.8823529411764706,1.0,0.9757624746743075,0.21739130434782608,0.2235294117647059,0.7764705882352941,1.0,0.9677518940423132,0.5,0.5058823529411764,0.49411764705882355,0.92,0.671197046156796
465,white abstract,attribute_constraint,2,1,1.0,0.0,0.0,1.0,0.0,1.0,0.0,0.0,1.0,0.0,1.0,0.0,0.0,1.0,0.0,0.9999999999999999
466,rock climbing wall kids,product_type,93,1,0.6352363165194673,0.2727272727272727,0.0,1.0,1.0,0.7051198437630378,0.5151515151515151,0.0,1.0,0.95,0.8153222087784036,0.9090909090909091,0.0,1.0,0.72,0.7244407215553885
467,town & country living curtains,product_type,150,0,1.0,0.05333333333333334,,,0.8,1.0,0.10666666666666667,,,0.8,1.0,0.24666666666666667,,,0.74,
468,glow in the dark silent wall clock,multi_constraint,294,4,0.8295020572037796,0.035211267605633804,1.0,0.0,1.0,0.8644989265664373,0.07042253521126761,1.0,0.0,1.0,0.9085417161443625,0.176056338028169,1.0,0.0,1.0,0.32129362941193845
469,garage sports storage rack,product_type,161,64,1.0,0.06369426751592357,0.15625,0.84375,1.0,0.9768332182007543,0.12738853503184713,0.296875,0.703125,1.0,0.916769899779798,0.3184713375796178,0.65625,0.34375,1.0,0.6931743555126632
470,elephant framed,brand_entity_proxy,638,45,1.0,0.03508771929824561,0.2222222222222222,0.7777777777777778,1.0,1.0,0.07017543859649122,0.4444444444444444,0.5555555555555556,1.0,0.9319705784091877,0.1543859649122807,0.8666666666666667,0.1333333333333333,0.9,0.827973933406794
471,adjustable height artist stool,product_type,310,1,1.0,0.04950495049504951,1.0,0.0,1.0,1.0,0.09405940594059406,1.0,0.0,0.95,1.0,0.21287128712871287,1.0,0.0,0.86,0.7706630080695593
472,window wall accent,product_type,108,47,1.0,0.1,0.2127659574468085,0.7872340425531915,1.0,0.9784411392344535,0.2,0.40425531914893614,0.5957446808510638,1.0,0.9356003270210518,0.32,0.6170212765957447,0.3829787234042553,0.64,0.7611887983742247
473,chair pillow cushion,product_type,286,126,1.0,0.03345724907063197,0.07142857142857142,0.9285714285714286,0.9,0.9777083390768576,0.06319702602230483,0.1349206349206349,0.8650793650793651,0.85,0.9683243212351662,0.1449814126394052,0.29365079365079366,0.7063492063492063,0.78,0.5617258870357766
474,48 inch bathroom vanity with trough sink,multi_constraint,784,0,1.0,0.014104372355430184,,,1.0,1.0,0.02679830747531735,,,0.95,1.0,0.06629055007052186,,,0.94,0.46972557216154315
475,rattan truck,brand_entity_proxy,70,0,0.7791714369672128,0.030303030303030304,,,0.1,0.7856623262612143,0.09090909090909091,,,0.15,0.8479108928845783,0.18181818181818182,,,0.14,0.4256214899161621
476,hardwood beds,brand_entity_proxy,2224,639,1.0,0.005302226935312832,0.01564945226917058,0.9843505477308294,1.0,0.9277895692048839,0.010604453870625663,0.026604068857589983,0.97339593114241,1.0,0.9085057257116018,0.025980911983032873,0.06416275430359937,0.9358372456964006,0.98,0.5381163051560592
478,worn leather office chair,attribute_constraint,445,1,0.8871958738785231,0.02112676056338028,1.0,0.0,0.9,0.9183497146685337,0.035211267605633804,1.0,0.0,0.75,0.9259051589972008,0.07511737089201878,1.0,0.0,0.64,0.10850579249598133
479,garage door mail slot,product_type,83,0,1.0,0.18181818181818182,,,1.0,1.0,0.36363636363636365,,,1.0,1.0,0.8909090909090909,,,0.98,0.8179185034654955
480,pictures to hang over fireplace,multi_constraint,3,0,1.0,0.3333333333333333,,,0.1,1.0,0.6666666666666666,,,0.1,1.0,0.6666666666666666,,,0.04,
481,emma headboard,brand_entity_proxy,219,1,0.5979359829049758,0.018957345971563982,0.0,1.0,0.5,0.7089765875942201,0.04739336492890995,0.0,1.0,0.55,0.8234006606091365,0.08056872037914692,0.0,1.0,0.36,0.14125050124386682
482,48 inch kitchen hood,attribute_constraint,104,12,0.6733794209721947,0.10101010101010101,0.3333333333333333,0.6666666666666667,1.0,0.7320606119367989,0.20202020202020202,0.5,0.5,1.0,0.867589229458348,0.494949494949495,0.8333333333333334,0.16666666666666663,0.98,0.4032323901859532
483,rustic twig,style,248,4,0.6190206661677634,0.04784688995215311,0.5,0.5,1.0,0.6972215157342291,0.09569377990430622,0.5,0.5,1.0,0.8152997724688555,0.14832535885167464,0.5,0.5,0.62,0.4369387818981849
484,nespresso vertuo next premium by breville with aeroccino,long_descriptive,53,0,1.0,0.38461538461538464,,,1.0,1.0,0.7307692307692307,,,0.95,0.9915394123950966,0.9230769230769231,,,0.56,0.7673330500768103
485,pedistole sink,brand_entity_proxy,255,0,1.0,0.006578947368421052,,,0.1,0.9303549584852354,0.006578947368421052,,,0.05,0.9619840327701045,0.039473684210526314,,,0.12,0.7850760654606981
486,54 in bench cushion,attribute_constraint,87,0,1.0,0.10344827586206896,,,0.9,1.0,0.14942528735632185,,,0.65,1.0,0.2413793103448276,,,0.42,
487,rack glass,brand_entity_proxy,946,2,0.7575031784654611,0.0,0.0,1.0,0.0,0.7920051775916603,0.004608294930875576,0.5,0.5,0.15,0.7932879349810483,0.03917050691244239,0.5,0.5,0.38,0.5624674024161037
