query_id,query,query_type,n_judged,n_highest,cNDCG@10,RelevantRecall@10,HighestRecall@10,RelevantHidden@10,JudgedCoverage@10,cNDCG@20,RelevantRecall@20,HighestRecall@20,RelevantHidden@20,JudgedCoverage@20,cNDCG@50,RelevantRecall@50,HighestRecall@50,RelevantHidden@50,JudgedCoverage@50,RelevanceVisibilitySpearman
0,salon chair,product_type,3301,39,0.7048665495109122,0.003316749585406302,0.1282051282051282,0.8717948717948718,1.0,0.5950187203010368,0.006633499170812604,0.15384615384615385,0.8461538461538461,1.0,0.5790074719290164,0.01658374792703151,0.2564102564102564,0.7435897435897436,1.0,0.394012969557923
1,smart coffee table,product_type,1436,8,0.5255664792793981,0.007052186177715092,0.125,0.875,1.0,0.589581972396508,0.013399153737658674,0.125,0.875,1.0,0.7051334282998345,0.03314527503526093,0.125,0.875,0.96,0.09210989355456285
2,dinosaur,brand_entity_proxy,165,151,1.0,0.06329113924050633,0.06622516556291391,0.9337748344370861,1.0,1.0,0.12658227848101267,0.13245033112582782,0.8675496688741722,1.0,0.9904743550716205,0.310126582278481,0.31788079470198677,0.6821192052980132,0.98,0.29631744935360954
3,turquoise pillows,brand_entity_proxy,997,55,0.8182198962070145,0.012953367875647668,0.10909090909090909,0.8909090909090909,1.0,0.6806312371646208,0.02461139896373057,0.14545454545454545,0.8545454545454545,1.0,0.5287705997153839,0.06217616580310881,0.16363636363636364,0.8363636363636364,1.0,0.5450186927278371
4,chair and a half recliner,multi_constraint,239,23,0.4237902969274442,0.021052631578947368,0.0,1.0,0.4,0.4652119281193597,0.04736842105263158,0.08695652173913043,0.9130434782608696,0.45,0.594840982315161,0.07894736842105263,0.21739130434782608,0.782608695652174,0.3,0.5442561634901999
5,sofa with ottoman,product_type,1344,179,0.739381743866519,0.006875477463712758,0.0335195530726257,0.9664804469273743,0.9,0.6919107193849799,0.014514896867838044,0.055865921787709494,0.9441340782122905,0.95,0.6085071917090007,0.03590527119938885,0.09497206703910614,0.9050279329608939,0.94,0.4411648884394056
6,acrylic clear chair,attribute_constraint,109,43,1.0,0.08080808080808081,0.18604651162790697,0.813953488372093,0.8,0.9540349991379147,0.1414141414141414,0.32558139534883723,0.6744186046511628,0.7,0.8735791566233735,0.1717171717171717,0.37209302325581395,0.627906976744186,0.34,0.6183068240861482
7,driftwood mirror,product_type,603,23,0.911298659909514,0.018691588785046728,0.34782608695652173,0.6521739130434783,1.0,0.758337087128387,0.037383177570093455,0.43478260869565216,0.5652173913043479,1.0,0.8151542711518656,0.09158878504672897,0.5652173913043478,0.4347826086956522,0.98,0.36909318819983106
8,home sweet home sign,product_type,105,25,0.8990684392693267,0.10638297872340426,0.32,0.6799999999999999,1.0,0.8450112370217927,0.2127659574468085,0.56,0.43999999999999995,1.0,0.8818539046796233,0.40425531914893614,0.68,0.31999999999999995,0.76,0.5352815913448778
9,coffee table fire pit,product_type,1516,74,1.0,0.006622516556291391,0.13513513513513514,0.8648648648648649,1.0,0.9069759504876311,0.012582781456953643,0.21621621621621623,0.7837837837837838,0.95,0.831575002515522,0.02913907284768212,0.43243243243243246,0.5675675675675675,0.88,0.33112578474658755
10,king poster bed,attribute_constraint,177,21,0.8038716765785683,0.056818181818181816,0.2857142857142857,0.7142857142857143,1.0,0.7275870456733698,0.11363636363636363,0.47619047619047616,0.5238095238095238,1.0,0.9364598027503164,0.26136363636363635,1.0,0.0,0.92,0.49603054190952867
11,ombre rug,product_type,1428,65,1.0,0.007042253521126761,0.15384615384615385,0.8461538461538461,1.0,1.0,0.014084507042253521,0.3076923076923077,0.6923076923076923,1.0,0.9141950665851011,0.035211267605633804,0.6307692307692307,0.36923076923076925,1.0,0.34807679696321314
12,large spoon and fork wall decor,multi_constraint,225,27,0.7957756462290442,0.05113636363636364,0.18518518518518517,0.8148148148148149,0.9,0.8000331794228502,0.10795454545454546,0.4444444444444444,0.5555555555555556,0.95,0.8711322054395135,0.25,0.6666666666666666,0.33333333333333337,0.88,0.6018768000320099
13,outdoor privacy wall,product_type,122,46,1.0,0.17543859649122806,0.21739130434782608,0.782608695652174,1.0,1.0,0.3157894736842105,0.391304347826087,0.6086956521739131,0.9,0.9773255340288669,0.7368421052631579,0.8913043478260869,0.10869565217391308,0.86,0.835547750054078
14,beds that have leds,product_type,2692,20,0.7034066032439746,0.0038192234245703373,0.3,0.7,0.9,0.5675307433092898,0.005092297899427116,0.3,0.7,0.75,0.5100406839104752,0.011457670273711012,0.4,0.6,0.7,0.0426539968961288
15,black 5 drawer dresser by guilford,multi_constraint,613,2,0.8383354523103075,0.016722408026755852,0.5,0.5,1.0,0.8775146726258255,0.033444816053511704,0.5,0.5,1.0,0.944582697772762,0.08193979933110368,1.0,0.0,0.98,0.265391785841403
16,blk 18x18 seat cushions,attribute_constraint,493,4,0.30773111851247914,0.018796992481203006,0.0,1.0,0.6,0.46636021747170814,0.022556390977443608,0.0,1.0,0.5,0.5218402672953499,0.06015037593984962,0.5,0.5,0.5,0.07751878814943394
17,closet storage with zipper,product_type,103,21,0.3333333333333333,0.08737864077669903,0.0,1.0,0.9,0.35757085865902594,0.17475728155339806,0.047619047619047616,0.9523809523809523,0.9,0.6128190052981942,0.33980582524271846,0.19047619047619047,0.8095238095238095,0.7,0.020262699444280403
18,chrome bathroom 4 light vanity light,multi_constraint,1053,34,0.8590331472570637,0.0364963503649635,0.20588235294117646,0.7941176470588236,1.0,0.7581597536061889,0.06934306569343066,0.3235294117647059,0.6764705882352942,1.0,0.8011945992390055,0.17883211678832117,0.6470588235294118,0.3529411764705882,1.0,0.517041026086569
19,gurney  slade 56,attribute_constraint,14,0,0.8572048559638626,0.2,,,0.2,0.973016302471465,0.2,,,0.1,0.973016302471465,0.2,,,0.04,0.35300904324873134
20,foutains with brick look,product_type,94,12,0.30173721187681646,0.03333333333333333,0.08333333333333333,0.9166666666666666,0.5,0.3704873140478354,0.05555555555555555,0.08333333333333333,0.9166666666666666,0.35,0.5799182052899193,0.1,0.08333333333333333,0.9166666666666666,0.22,-0.24608615460710498
21,living curtains pearl,product_type,127,1,0.6943559465628248,0.047244094488188976,0.0,1.0,0.6,0.7787676299523247,0.07086614173228346,0.0,1.0,0.45,0.865751383782762,0.14173228346456693,0.0,1.0,0.36,-0.04860098695998369
22,light and navy blue decorative pillow,multi_constraint,251,22,0.42590829591570295,0.04591836734693878,0.045454545454545456,0.9545454545454546,0.9,0.43769682001793536,0.0663265306122449,0.045454545454545456,0.9545454545454546,0.65,0.5682531102593102,0.15306122448979592,0.13636363636363635,0.8636363636363636,0.6,0.6036245260340544
23,stoneford end tables white and wood,multi_constraint,1266,0,1.0,0.006514657980456026,,,0.8,1.0,0.013843648208469055,,,0.85,1.0,0.030944625407166124,,,0.76,0.20093305870632946
24,wood coffee table set by storage,multi_constraint,2559,84,0.3965255762463672,0.004764173415912339,0.011904761904761904,0.9880952380952381,1.0,0.46612889157919185,0.009528346831824679,0.05952380952380952,0.9404761904761905,1.0,0.45610542481604044,0.023820867079561697,0.11904761904761904,0.8809523809523809,1.0,0.5723424334017176
25,sunflower,brand_entity_proxy,242,227,1.0,0.04329004329004329,0.04405286343612335,0.9559471365638766,1.0,1.0,0.08658008658008658,0.0881057268722467,0.9118942731277533,1.0,1.0,0.21645021645021645,0.22026431718061673,0.7797356828193833,1.0,0.3137674429083475
26,leather chairs,attribute_constraint,3746,876,0.8824665955977139,0.0030422878004259203,0.0091324200913242,0.9908675799086758,1.0,0.8985580196685046,0.005780346820809248,0.0182648401826484,0.9817351598173516,0.95,0.9053871737778048,0.014602981442044418,0.04680365296803653,0.9531963470319634,0.96,0.5204599520745116
27,outdoor welcome rug,product_type,344,100,0.7476660540889449,0.029239766081871343,0.07,0.9299999999999999,1.0,0.74160608303574,0.05847953216374269,0.13,0.87,1.0,0.7203657043995694,0.13157894736842105,0.28,0.72,0.9,0.37424630135458936
28,rooster decor,brand_entity_proxy,725,175,1.0,0.03333333333333333,0.05714285714285714,0.9428571428571428,1.0,1.0,0.06666666666666667,0.11428571428571428,0.8857142857142857,1.0,1.0,0.16666666666666666,0.2857142857142857,0.7142857142857143,1.0,0.6950067678370336
29,bathroom vanity knobs,product_type,802,138,0.0,0.0,0.0,1.0,1.0,0.0,0.0,0.0,1.0,0.95,0.0,0.0,0.0,1.0,0.98,-0.5600575684573851
30,3 1/2 inch drawer pull,multi_constraint,549,88,0.5534250996314135,0.029411764705882353,0.022727272727272728,0.9772727272727273,1.0,0.6355538118538709,0.058823529411764705,0.10227272727272728,0.8977272727272727,1.0,0.6194892907845839,0.14705882352941177,0.23863636363636365,0.7613636363636364,1.0,0.7684777174111213
31,burnt orange curtains,product_type,168,1,0.6943559465628248,0.041666666666666664,0.0,1.0,0.7,0.7787676299523247,0.07142857142857142,0.0,1.0,0.6,0.865751383782762,0.15476190476190477,0.0,1.0,0.52,-0.021540935884090142
32,dark gray dresser,attribute_constraint,211,3,0.6685546218013253,0.03296703296703297,0.3333333333333333,0.6666666666666667,0.6,0.7417729291332158,0.04945054945054945,0.6666666666666666,0.33333333333333337,0.45,0.8521286214966405,0.0989010989010989,0.6666666666666666,0.33333333333333337,0.36,0.5452300958540683
33,non slip shower floor tile,multi_constraint,669,125,0.751410474378626,0.01818181818181818,0.048,0.952,0.7,0.6268200092403902,0.02857142857142857,0.048,0.952,0.6,0.636472729148008,0.07012987012987013,0.08,0.92,0.56,0.569784710248249
34,bar stool with backrest,product_type,740,374,0.7991971355969069,0.013605442176870748,0.016042780748663103,0.983957219251337,1.0,0.7224557703813713,0.024489795918367346,0.0213903743315508,0.9786096256684492,0.9,0.6584418770836993,0.06394557823129252,0.05080213903743316,0.9491978609625669,0.94,0.061664957083747626
35,enclosed shoe rack,product_type,174,51,0.3965255762463672,0.040697674418604654,0.0196078431372549,0.9803921568627451,0.7,0.4216953586669728,0.09302325581395349,0.0392156862745098,0.9607843137254902,0.8,0.4526648081906401,0.2441860465116279,0.17647058823529413,0.8235294117647058,0.84,-0.0964429438346316
36,laundry basket with wheels,product_type,157,37,0.9014470060563649,0.05128205128205128,0.16216216216216217,0.8378378378378378,0.8,0.8917784870667678,0.10256410256410256,0.3783783783783784,0.6216216216216216,0.8,0.8473325062773295,0.2692307692307692,0.6756756756756757,0.32432432432432434,0.84,0.5199569239021273
37,bar stool 24 inches height,multi_constraint,875,110,0.5647571496703804,0.012150668286755772,0.03636363636363636,0.9636363636363636,1.0,0.5314432486294219,0.023086269744835967,0.05454545454545454,0.9454545454545454,0.95,0.4643366465509626,0.05953827460510328,0.07272727272727272,0.9272727272727272,0.98,0.25655725793561657
38,calvin patio chair,product_type,255,1,1.0,0.04716981132075472,1.0,0.0,1.0,1.0,0.08490566037735849,1.0,0.0,0.9,1.0,0.18867924528301888,1.0,0.0,0.8,0.5081768208638041
39,door jewelry organizer,product_type,149,31,0.4066972554326934,0.06711409395973154,0.03225806451612903,0.967741935483871,1.0,0.47695132562821985,0.1342281879194631,0.16129032258064516,0.8387096774193549,1.0,0.6250095939915096,0.3288590604026846,0.4838709677419355,0.5161290322580645,0.98,0.26447262357877654
40,elegant executive chair,product_type,166,40,0.7537758309104857,0.06097560975609756,0.15,0.85,1.0,0.6515133149127647,0.12195121951219512,0.2,0.8,1.0,0.6712127248601911,0.2865853658536585,0.425,0.575,0.94,0.30601440640457916
41,closet pull out valet rod,multi_constraint,143,19,0.8623893785099406,0.125,0.3684210526315789,0.631578947368421,1.0,0.801300920903694,0.2375,0.631578947368421,0.368421052631579,1.0,0.8722276984295113,0.425,0.8421052631578947,0.1578947368421053,0.76,0.5153425312890234
42,toddler couch fold out,product_type,149,3,0.7431286862216819,0.12,0.3333333333333333,0.6666666666666667,0.9,0.8431659559770847,0.22666666666666666,0.6666666666666666,0.33333333333333337,0.85,0.8944744301003841,0.5066666666666667,0.6666666666666666,0.33333333333333337,0.78,0.7829308512455803
43,solid teak end table,product_type,1231,22,0.7606971932189102,0.009514747859181731,0.36363636363636365,0.6363636363636364,1.0,0.8017112604199774,0.019029495718363463,0.7272727272727273,0.2727272727272727,1.0,0.8696329781678293,0.04281636536631779,0.9545454545454546,0.045454545454545414,0.96,0.30802044513051785
44,chrome shower head and valve,multi_constraint,219,33,0.5747405489838048,0.041474654377880185,0.06060606060606061,0.9393939393939394,0.9,0.5578033170295159,0.07373271889400922,0.12121212121212122,0.8787878787878788,0.8,0.6077046132113144,0.20276497695852536,0.3333333333333333,0.6666666666666667,0.88,0.15274662090149166
45,70s inspired furniture,attribute_constraint,169,20,0.5686307721622641,0.018691588785046728,0.05,0.95,0.2,0.5094241428554687,0.028037383177570093,0.05,0.95,0.15,0.6980788057484684,0.07476635514018691,0.15,0.85,0.16,0.6098657460327408
46,beach blue headboard,attribute_constraint,104,5,0.6989815994463621,0.09803921568627451,0.6,0.4,1.0,0.7570742423923692,0.13725490196078433,0.6,0.4,0.7,0.8327834940381114,0.3333333333333333,0.6,0.4,0.68,0.2188176209504538
47,porcelain loaf pan,product_type,105,0,1.0,0.1,,,1.0,0.9652498273011313,0.19,,,1.0,0.9810315078027004,0.49,,,1.0,0.20361750190670888
48,arwen table lamp,product_type,282,1,1.0,0.03546099290780142,1.0,0.0,1.0,1.0,0.07092198581560284,1.0,0.0,1.0,1.0,0.1773049645390071,1.0,0.0,1.0,0.10295973345818706
49,moen matte black hooks,attribute_constraint,135,0,0.7951657524814092,0.05172413793103448,,,0.8,0.8678066648051393,0.06896551724137931,,,0.5,0.9278418478979147,0.19827586206896552,,,0.5,0.475534715410706
50,tufted chair with gold legs,multi_constraint,404,28,0.6714920520082944,0.023017902813299233,0.17857142857142858,0.8214285714285714,0.9,0.6961032262576788,0.03580562659846547,0.2857142857142857,0.7142857142857143,0.7,0.7672677724876877,0.07161125319693094,0.42857142857142855,0.5714285714285714,0.56,0.3762983740064038
51,kohen 5 drawer dresser,attribute_constraint,595,1,1.0,0.017006802721088437,1.0,0.0,1.0,1.0,0.034013605442176874,1.0,0.0,1.0,1.0,0.08503401360544217,1.0,0.0,1.0,0.1702247583162016
52,westling coffee table,product_type,1433,0,1.0,0.007042253521126761,,,1.0,1.0,0.014084507042253521,,,1.0,1.0,0.03450704225352113,,,0.98,0.1320178316432293
53,carolyn console table,product_type,610,0,1.0,0.01639344262295082,,,1.0,1.0,0.03278688524590164,,,1.0,1.0,0.08196721311475409,,,1.0,
54,wayfair sleep zippered,product_type,143,5,0.490560796047546,0.057971014492753624,0.0,1.0,0.8,0.5888759479567881,0.12318840579710146,0.2,0.8,0.85,0.7625542045530751,0.30434782608695654,0.6,0.4,0.84,0.1704036224097137
55,tollette teal outdoor rug,product_type,171,1,1.0,0.058823529411764705,1.0,0.0,1.0,1.0,0.11764705882352941,1.0,0.0,1.0,1.0,0.29411764705882354,1.0,0.0,1.0,0.18622492465354767
56,royal blue counter height chairs,multi_constraint,344,0,1.0,0.025974025974025976,,,0.6,0.9603789329441843,0.04329004329004329,,,0.5,0.8712307009920852,0.09090909090909091,,,0.46,0.3121114934263481
57,jordanna solid wood rocking,attribute_constraint,1406,1,0.8832424599621761,0.03684210526315789,1.0,0.0,0.9,0.9154881404921111,0.07894736842105263,1.0,0.0,0.85,0.8851995990371616,0.17894736842105263,1.0,0.0,0.76,0.33698340480415134
58,medium size chandelier,product_type,164,63,0.47879675185156667,0.012345679012345678,0.0,1.0,0.2,0.47359266214996243,0.024691358024691357,0.0,1.0,0.2,0.5104862917628588,0.08024691358024691,0.047619047619047616,0.9523809523809523,0.26,-0.07449221975367999
59,broadway lever,brand_entity_proxy,165,43,1.0,0.06451612903225806,0.23255813953488372,0.7674418604651163,1.0,1.0,0.12903225806451613,0.46511627906976744,0.5348837209302326,1.0,0.9947973162815664,0.3161290322580645,1.0,0.0,0.98,0.6993014601854897
60,capricorn chest,brand_entity_proxy,332,3,0.7533157249928802,0.018518518518518517,1.0,0.0,1.0,0.8078097872108464,0.04938271604938271,1.0,0.0,1.0,0.8365906538164646,0.12037037037037036,1.0,0.0,0.92,-0.07532805150298787
61,overstreet rustic pub stools,style,162,1,0.8471779732814125,0.024691358024691357,1.0,0.0,0.4,0.8893838149761623,0.043209876543209874,1.0,0.0,0.35,0.932875691891381,0.13580246913580246,1.0,0.0,0.44,0.13229413820206795
62,7qt slow cooker,attribute_constraint,157,9,0.8239733455428215,0.06756756756756757,0.6666666666666666,0.33333333333333337,1.0,0.8881161663498809,0.13513513513513514,0.7777777777777778,0.2222222222222222,1.0,0.9368021998391481,0.33783783783783783,0.8888888888888888,0.11111111111111116,1.0,0.4789823500243481
63,monthly calendar,brand_entity_proxy,115,72,0.9074250374176304,0.09433962264150944,0.125,0.875,1.0,0.9402551418644377,0.18867924528301888,0.2638888888888889,0.7361111111111112,1.0,0.9082115202088602,0.4716981132075472,0.5972222222222222,0.4027777777777778,1.0,0.5420366441532269
64,zachary 72.5,attribute_constraint,77,1,1.0,0.013513513513513514,1.0,0.0,0.1,1.0,0.02702702702702703,1.0,0.0,0.1,0.9719022421471338,0.04054054054054054,1.0,0.0,0.06,0.09872694539491104
65,gnome fairy garden,product_type,156,38,0.6564746593503457,0.06535947712418301,0.10526315789473684,0.8947368421052632,1.0,0.6356350437527275,0.13071895424836602,0.21052631578947367,0.7894736842105263,1.0,0.6796577073292099,0.3202614379084967,0.47368421052631576,0.5263157894736843,0.98,0.1856351594561474
66,novara pergola,brand_entity_proxy,69,1,1.0,0.15625,1.0,0.0,1.0,1.0,0.3125,1.0,0.0,1.0,1.0,0.78125,1.0,0.0,1.0,0.4883741565338878
67,osgood mirror,product_type,587,0,1.0,0.01984126984126984,,,1.0,1.0,0.03968253968253968,,,1.0,1.0,0.09722222222222222,,,0.98,0.4379676152384675
68,nautical platters,brand_entity_proxy,204,89,0.7540962185742315,0.05952380952380952,0.07865168539325842,0.9213483146067416,1.0,0.7934203089049144,0.11904761904761904,0.16853932584269662,0.8314606741573034,1.0,0.7521054509081175,0.2976190476190476,0.3595505617977528,0.6404494382022472,1.0,0.612016327466041
69,wall sconce with usb port,multi_constraint,235,13,0.6733794209721947,0.04477611940298507,0.3076923076923077,0.6923076923076923,0.9,0.7455576647028203,0.08955223880597014,0.5384615384615384,0.46153846153846156,0.9,0.8571079178495559,0.208955223880597,0.6153846153846154,0.3846153846153846,0.84,0.4575238636115243
70,annex dresser,product_type,504,1,0.8259896754927477,0.011928429423459244,1.0,0.0,0.6,0.8740472256188766,0.02584493041749503,1.0,0.0,0.65,0.9235691157413181,0.06958250497017893,1.0,0.0,0.7,0.10737726845971998
71,infant girl crib bedding,product_type,139,47,0.554462448726138,0.07246376811594203,0.0851063829787234,0.9148936170212766,1.0,0.6136796611249057,0.14492753623188406,0.2127659574468085,0.7872340425531915,1.0,0.6188197617779395,0.36231884057971014,0.44680851063829785,0.5531914893617021,1.0,0.2298157497493032
72,fold in half table,product_type,174,85,0.9510907186004265,0.06134969325153374,0.10588235294117647,0.8941176470588236,1.0,0.9684355467480761,0.12269938650306748,0.2235294117647059,0.7764705882352941,1.0,0.95635351043533,0.3006134969325153,0.5529411764705883,0.44705882352941173,1.0,0.757032834418609
73,certified international melamine,product_type,181,0,1.0,0.06289308176100629,,,1.0,1.0,0.11949685534591195,,,0.95,1.0,0.2641509433962264,,,0.84,0.5303807187062939
74,serta kleinmon,brand_entity_proxy,87,3,1.0,0.08333333333333333,1.0,0.0,0.7,1.0,0.11904761904761904,1.0,0.0,0.5,0.9636005042583161,0.2261904761904762,1.0,0.0,0.38,0.13420093294621835
75,sheffield home bath set,product_type,231,4,0.5679200864962692,0.051094890510948905,0.25,0.75,0.8,0.6150134968981894,0.0948905109489051,0.25,0.75,0.8,0.7190143806687508,0.20437956204379562,0.25,0.75,0.62,0.5319355423268967
76,46 inch closet door,attribute_constraint,135,2,0.3731548097891462,0.07272727272727272,0.0,1.0,0.6,0.43017157759725005,0.18181818181818182,0.0,1.0,0.65,0.5177238006388916,0.32727272727272727,0.0,1.0,0.5,0.4283180739194098
77,sancroft armchair,brand_entity_proxy,661,1,0.6943559465628248,0.015128593040847202,0.0,1.0,1.0,0.7787676299523247,0.030257186081694403,0.0,1.0,1.0,0.865751383782762,0.07413010590015129,0.0,1.0,0.98,-0.05283448236185766
78,dorel vanity,brand_entity_proxy,948,3,0.5159958223394444,0.011723329425556858,0.0,1.0,1.0,0.6229152997582164,0.023446658851113716,0.0,1.0,1.0,0.7516339866803449,0.05861664712778429,0.0,1.0,1.0,0.36074035376937535
79,palram harmony greenhouses,product_type,122,0,0.92663607790064,0.08571428571428572,,,1.0,0.8807870222251609,0.1619047619047619,,,1.0,0.9069703448337855,0.42857142857142855,,,1.0,0.2402715323064001
80,7 draw white dresser,attribute_constraint,198,39,0.8463507934928552,0.05102040816326531,0.1794871794871795,0.8205128205128205,1.0,0.8029605855528104,0.10204081632653061,0.3333333333333333,0.6666666666666667,1.0,0.7245397768439503,0.24489795918367346,0.48717948717948717,0.5128205128205128,0.96,0.3741099437272685
81,orren ellis l shape desk,multi_constraint,233,75,0.48006117753205346,0.045662100456621,0.013333333333333334,0.9866666666666667,1.0,0.44993667346748967,0.091324200913242,0.02666666666666667,0.9733333333333334,1.0,0.46621753027133556,0.2237442922374429,0.12,0.88,0.98,0.018977528047695782
82,bathroom vanity with counter space,multi_constraint,668,53,0.3333333333333333,0.01529051987767584,0.0,1.0,1.0,0.3333333333333334,0.03058103975535168,0.0,1.0,1.0,0.39254983316458886,0.07186544342507645,0.09433962264150944,0.9056603773584906,0.94,0.23740596518543547
83,wall art fiji,product_type,103,0,1.0,0.020618556701030927,,,0.2,1.0,0.020618556701030927,,,0.1,0.9844933985977983,0.09278350515463918,,,0.18,0.30253255071101054
84,full metal bed rose gold,multi_constraint,299,1,0.6943559465628248,0.03827751196172249,0.0,1.0,0.8,0.7787676299523247,0.0861244019138756,0.0,1.0,0.9,0.8276096187523344,0.18181818181818182,0.0,1.0,0.78,0.4471984290543992
85,3/4 size mattress,attribute_constraint,152,0,1.0,0.0,,,0.0,1.0,0.018867924528301886,,,0.1,1.0,0.0660377358490566,,,0.14,0.7820083660073601
86,aloe vera plant pot,product_type,142,15,0.6738109341664468,0.07246376811594203,0.26666666666666666,0.7333333333333334,1.0,0.7030420175667262,0.14492753623188406,0.4666666666666667,0.5333333333333333,1.0,0.8705914638610736,0.36231884057971014,0.8666666666666667,0.1333333333333333,1.0,0.45456011808040714
87,vlad modular sectional,product_type,221,0,1.0,0.04524886877828054,,,1.0,1.0,0.09049773755656108,,,1.0,1.0,0.22171945701357465,,,0.98,
88,rose gold lounge,attribute_constraint,159,1,0.6123685411432255,0.05555555555555555,1.0,0.0,0.7,0.522611984668659,0.05555555555555555,1.0,0.0,0.5,0.5430699403716159,0.07407407407407407,1.0,0.0,0.36,-0.10588829235213255
89,whimsical solar lights,product_type,142,68,0.5629682620482267,0.05185185185185185,0.029411764705882353,0.9705882352941176,0.8,0.6465396322875494,0.0962962962962963,0.08823529411764706,0.9117647058823529,0.7,0.6647626797813345,0.23703703703703705,0.25,0.75,0.66,0.1279891523286925
90,filaret outdoor sofa,product_type,242,0,1.0,0.029045643153526972,,,0.7,1.0,0.058091286307053944,,,0.7,1.0,0.1078838174273859,,,0.52,-0.03826648224988474
91,industrial pipe dining  table,style,686,8,0.6058846138182283,0.014925373134328358,0.25,0.75,1.0,0.6717157808077002,0.029850746268656716,0.25,0.75,1.0,0.8239094745399408,0.06716417910447761,0.625,0.375,0.9,0.26972799906010675
92,antique silver entry table,attribute_constraint,170,0,1.0,0.04819277108433735,,,0.8,1.0,0.08433734939759036,,,0.7,1.0,0.14457831325301204,,,0.48,0.10438524311780217
93,outdoor sectional dining,product_type,233,58,0.5223432908710792,0.02262443438914027,0.017241379310344827,0.9827586206896551,0.5,0.574257726979547,0.058823529411764705,0.06896551724137931,0.9310344827586207,0.65,0.5481028461061686,0.1583710407239819,0.22413793103448276,0.7758620689655172,0.7,0.2811452406334271
94,kohler whitehaven farmhouse kitchen sink,style,197,4,0.6769125582181964,0.06666666666666667,0.25,0.75,1.0,0.7432303612797106,0.13333333333333333,0.25,0.75,1.0,0.8900844413510943,0.3333333333333333,1.0,0.0,1.0,0.7209313239130769
95,entertainment stand end table,product_type,820,49,0.30173721187681646,0.011042944785276074,0.0,1.0,1.0,0.31294222820732276,0.022085889570552148,0.0,1.0,0.95,0.32516578220737474,0.053987730061349694,0.0,1.0,0.9,-0.1040700435013713
96,bar room wall decor,product_type,384,75,0.9510907186004265,0.03546099290780142,0.12,0.88,1.0,0.924233905446549,0.07092198581560284,0.22666666666666666,0.7733333333333333,1.0,0.8717633137933078,0.1524822695035461,0.49333333333333335,0.5066666666666666,0.9,0.6863460747202017
97,regner power loom red,attribute_constraint,197,1,0.8471779732814125,0.05102040816326531,1.0,0.0,1.0,0.8893838149761623,0.10204081632653061,1.0,0.0,1.0,0.932875691891381,0.25510204081632654,1.0,0.0,1.0,0.16300454141716345
98,gracie oaks 62 oller 14 ceiling fan,multi_constraint,124,0,1.0,0.08849557522123894,,,1.0,1.0,0.17699115044247787,,,1.0,1.0,0.4336283185840708,,,0.98,0.43859645961242494
99,arched christmas tree,product_type,121,0,1.0,0.09009009009009009,,,1.0,1.0,0.18018018018018017,,,1.0,1.0,0.42342342342342343,,,0.94,0.44341287264959844
100,tufted upholstered bed diamond,product_type,887,211,0.7355081213746353,0.011083743842364532,0.023696682464454975,0.976303317535545,0.9,0.7116928831514597,0.023399014778325122,0.04739336492890995,0.95260663507109,0.95,0.6718874602750295,0.0603448275862069,0.10900473933649289,0.8909952606635071,0.98,0.43067885720354565
101,48 in entry table with side by side drawer,long_descriptive,283,4,0.5298241244530195,0.02702702702702703,0.0,1.0,0.7,0.6695202714702578,0.04247104247104247,0.25,0.75,0.55,0.7455792484290504,0.07335907335907337,0.5,0.5,0.38,0.1407829457423205
102,flamingo,brand_entity_proxy,68,57,1.0,0.17543859649122806,0.17543859649122806,0.8245614035087719,1.0,1.0,0.3508771929824561,0.3508771929824561,0.6491228070175439,1.0,0.9861910928322911,0.8245614035087719,0.8245614035087719,0.17543859649122806,0.96,0.6154889847486245
103,kitchen anti fatigue mats,product_type,368,230,0.6744338774498602,0.027247956403269755,0.021739130434782608,0.9782608695652174,1.0,0.7662169148024889,0.05449591280653951,0.06086956521739131,0.9391304347826087,1.0,0.7817150480431488,0.1362397820163488,0.15217391304347827,0.8478260869565217,1.0,0.2698775415586737
104,flour and sugar containers,product_type,179,12,0.6379980500118245,0.05056179775280899,0.3333333333333333,0.6666666666666667,0.9,0.7075960331700035,0.10674157303370786,0.4166666666666667,0.5833333333333333,0.95,0.7991234019897406,0.24157303370786518,0.5833333333333334,0.41666666666666663,0.86,0.19900822392467388
105,outdoor movie screen,product_type,149,62,1.0,0.07352941176470588,0.16129032258064516,0.8387096774193549,1.0,1.0,0.14705882352941177,0.3225806451612903,0.6774193548387097,1.0,0.8842146506967382,0.29411764705882354,0.5967741935483871,0.4032258064516129,0.88,0.5452922852469919
106,bed risers,product_type,2245,36,1.0,0.10526315789473684,0.2777777777777778,0.7222222222222222,1.0,1.0,0.21052631578947367,0.5555555555555556,0.4444444444444444,1.0,0.8741910109631694,0.4,0.8611111111111112,0.13888888888888884,0.96,0.2298033774031292
107,front porch furniture sets,product_type,309,43,0.5289704589316268,0.0231023102310231,0.046511627906976744,0.9534883720930233,0.7,0.5037927876425558,0.0462046204620462,0.046511627906976744,0.9534883720930233,0.7,0.506970884168674,0.09570957095709572,0.09302325581395349,0.9069767441860466,0.58,0.23963704318283302
108,ayesha curry kitchen,product_type,131,81,1.0,0.07936507936507936,0.12345679012345678,0.8765432098765432,1.0,1.0,0.15873015873015872,0.24691358024691357,0.7530864197530864,1.0,0.9612519864360956,0.3968253968253968,0.5679012345679012,0.4320987654320988,1.0,0.6853338494897392
109,hillsby oriental rug,product_type,247,39,1.0,0.04048582995951417,0.2564102564102564,0.7435897435897436,1.0,1.0,0.08097165991902834,0.5128205128205128,0.4871794871794872,1.0,0.9780255397477329,0.20242914979757085,0.9487179487179487,0.05128205128205132,1.0,0.6178811149473593
110,mila task chair,product_type,348,0,1.0,0.02881844380403458,,,1.0,1.0,0.05763688760806916,,,1.0,1.0,0.1440922190201729,,,1.0,0.09271455408231195
111,delta trinsic,brand_entity_proxy,161,69,1.0,0.06451612903225806,0.14492753623188406,0.855072463768116,1.0,1.0,0.1032258064516129,0.2318840579710145,0.7681159420289855,0.8,0.9014385203081319,0.16774193548387098,0.36231884057971014,0.6376811594202898,0.52,0.676994628724438
112,pineapple,brand_entity_proxy,271,266,1.0,0.03759398496240601,0.03759398496240601,0.9624060150375939,1.0,1.0,0.07518796992481203,0.07518796992481203,0.924812030075188,1.0,1.0,0.18796992481203006,0.18796992481203006,0.8120300751879699,1.0,0.16123387813255552
113,led light strip,product_type,432,75,1.0,0.026455026455026454,0.13333333333333333,0.8666666666666667,1.0,1.0,0.05291005291005291,0.26666666666666666,0.7333333333333334,1.0,0.98872647893357,0.13227513227513227,0.6533333333333333,0.3466666666666667,1.0,0.7311193309105353
114,geralyn upholstered storage platform bed,multi_constraint,1252,3,0.7431286862216819,0.008136696501220505,0.3333333333333333,0.6666666666666667,1.0,0.7998731274903537,0.01627339300244101,0.3333333333333333,0.6666666666666667,1.0,0.8681868729983435,0.03986981285598047,0.3333333333333333,0.6666666666666667,0.98,0.0010046742667760677
115,peacock,brand_entity_proxy,224,202,1.0,0.04878048780487805,0.04950495049504951,0.9504950495049505,1.0,1.0,0.0975609756097561,0.09900990099009901,0.900990099009901,1.0,1.0,0.24390243902439024,0.24752475247524752,0.7524752475247525,1.0,0.41492353751442235
116,brockham solid blackout thermal grommet curtain panels,multi_constraint,595,0,1.0,0.01721170395869191,,,1.0,1.0,0.03442340791738382,,,1.0,1.0,0.08605851979345955,,,1.0,0.25376120648040984
117,tall storage cabinet,attribute_constraint,430,128,0.7271515232263314,0.009501187648456057,0.0234375,0.9765625,0.4,0.7770723802750549,0.021377672209026127,0.03125,0.96875,0.45,0.6885357242529553,0.08076009501187649,0.1484375,0.8515625,0.68,0.3454681643063152
118,body pillow case,product_type,216,94,0.8442327945045965,0.046296296296296294,0.0851063829787234,0.9148936170212766,1.0,0.8775629512340318,0.09259259259259259,0.18085106382978725,0.8191489361702128,1.0,0.8623451680908049,0.23148148148148148,0.425531914893617,0.574468085106383,1.0,0.5490225020115159
119,welcome sign,brand_entity_proxy,441,158,0.9510907186004265,0.0273972602739726,0.056962025316455694,0.9430379746835443,1.0,0.9684355467480761,0.0547945205479452,0.12025316455696203,0.879746835443038,1.0,0.8840429129694442,0.136986301369863,0.2468354430379747,0.7531645569620253,1.0,0.5595583658038188
120,zodiac pillow,brand_entity_proxy,979,33,1.0,0.012077294685990338,0.30303030303030304,0.696969696969697,1.0,0.904080631589727,0.024154589371980676,0.48484848484848486,0.5151515151515151,1.0,0.9462451905855737,0.05555555555555555,0.9696969696969697,0.030303030303030276,1.0,0.5459113165785793
121,upholstered bed,product_type,2977,726,1.0,0.006165228113440197,0.013774104683195593,0.9862258953168044,1.0,0.9665625086152865,0.011713933415536375,0.026170798898071626,0.9738292011019284,1.0,0.9165617099638812,0.02836004932182491,0.06060606060606061,0.9393939393939394,1.0,0.5939078775004172
122,king size bed,attribute_constraint,448,375,1.0,0.023809523809523808,0.02666666666666667,0.9733333333333334,1.0,1.0,0.04523809523809524,0.050666666666666665,0.9493333333333334,0.95,0.9500760304354394,0.0761904761904762,0.08266666666666667,0.9173333333333333,0.64,0.013648974735855905
123,entrance table,product_type,4329,187,0.7012613856063047,0.0035087719298245615,0.026737967914438502,0.9732620320855615,1.0,0.6428337847989573,0.007017543859649123,0.0481283422459893,0.9518716577540107,1.0,0.48460912890656244,0.014912280701754385,0.06951871657754011,0.9304812834224598,1.0,0.10079393570510328
124,unique coffee tables,product_type,1467,324,0.8506629589898831,0.007739938080495356,0.024691358024691357,0.9753086419753086,1.0,0.6778048526994298,0.014705882352941176,0.027777777777777776,0.9722222222222222,1.0,0.604736245345442,0.0348297213622291,0.05864197530864197,0.941358024691358,1.0,0.09478795358575721
125,boho bed frame,product_type,283,1,0.6285390820978636,0.032,0.0,1.0,0.9,0.6456546886913934,0.052,0.0,1.0,0.8,0.7971851780027693,0.128,1.0,0.0,0.74,0.07414033397813767
126,leather dining chairs,attribute_constraint,719,241,0.92663607790064,0.014749262536873156,0.03734439834024896,0.9626556016597511,1.0,0.9526533201221142,0.029498525073746312,0.07883817427385892,0.9211618257261411,1.0,0.9036919462988948,0.07227138643067847,0.17427385892116182,0.8257261410788381,0.98,0.546641069010954
127,wine bar,brand_entity_proxy,1580,159,0.9537125187088151,0.035842293906810034,0.05660377358490566,0.9433962264150944,1.0,0.9145057379106899,0.06810035842293907,0.1069182389937107,0.8930817610062893,1.0,0.912506108786311,0.17562724014336917,0.27044025157232704,0.729559748427673,1.0,0.5929941756513207
128,block coffee table,product_type,1455,113,1.0,0.007326007326007326,0.08849557522123894,0.911504424778761,1.0,0.9545415572776119,0.014652014652014652,0.1592920353982301,0.8407079646017699,1.0,0.9267070132388193,0.03663003663003663,0.3805309734513274,0.6194690265486726,1.0,0.3273243628140533
129,wainscoting ideas,brand_entity_proxy,185,28,0.7429002398289589,0.021052631578947368,0.07142857142857142,0.9285714285714286,0.2,0.6977700066858546,0.021052631578947368,0.07142857142857142,0.9285714285714286,0.1,0.786735553074559,0.021052631578947368,0.07142857142857142,0.9285714285714286,0.06,0.4820915180916508
130,entertainment console,brand_entity_proxy,875,187,0.37574719213263447,0.01152073732718894,0.0053475935828877,0.9946524064171123,1.0,0.3607058529245928,0.02304147465437788,0.0053475935828877,0.9946524064171123,1.0,0.35768659177953077,0.0576036866359447,0.0106951871657754,0.9893048128342246,1.0,-0.4622183107327193
131,kids chair,product_type,3479,173,0.8625913697059289,0.00497787610619469,0.046242774566473986,0.953757225433526,1.0,0.9113209566116027,0.010508849557522125,0.10404624277456648,0.8959537572254335,1.0,0.8504178433105647,0.024336283185840708,0.23699421965317918,0.7630057803468209,1.0,0.25952827361164826
132,farmhouse cabinet,style,1260,42,0.5171163022676825,0.01353637901861252,0.09523809523809523,0.9047619047619048,1.0,0.4718359497429616,0.025380710659898477,0.11904761904761904,0.8809523809523809,0.95,0.529132405840984,0.05752961082910321,0.4523809523809524,0.5476190476190477,0.9,0.2539719379305081
133,outdoor light fixtures,product_type,227,170,1.0,0.04,0.047058823529411764,0.9529411764705882,0.8,0.9744102412230782,0.07,0.07647058823529412,0.9235294117647059,0.7,0.9719949719266583,0.185,0.21176470588235294,0.788235294117647,0.74,0.5236073694628344
134,black hanging bookshelf,attribute_constraint,150,3,0.5159958223394444,0.02459016393442623,0.0,1.0,0.3,0.6229152997582164,0.07377049180327869,0.0,1.0,0.45,0.7968618591853153,0.19672131147540983,0.0,1.0,0.48,0.6411018929908898
135,low profile loveseat recliner,product_type,552,10,0.6804119088111256,0.0472972972972973,0.4,0.6,0.8,0.7298879010905145,0.11486486486486487,0.5,0.5,0.9,0.810222925939369,0.2635135135135135,0.5,0.5,0.8,0.7461405196976006
136,black fluffy stool,attribute_constraint,166,0,0.92663607790064,0.024242424242424242,,,0.4,0.9526533201221141,0.03636363636363636,,,0.3,0.9741556643296638,0.09090909090909091,,,0.32,-0.12428247072025793
137,orren ellis l shaped desk,multi_constraint,233,80,0.49778013021855183,0.04433497536945813,0.0375,0.9625,1.0,0.47614555122675895,0.08866995073891626,0.0625,0.9375,1.0,0.46004840004928177,0.22167487684729065,0.1375,0.8625,0.98,0.021522281071950037
138,glass doors for bath,product_type,172,142,1.0,0.058823529411764705,0.06338028169014084,0.9366197183098591,0.9,1.0,0.12418300653594772,0.13380281690140844,0.8661971830985915,0.95,1.0,0.3202614379084967,0.34507042253521125,0.6549295774647887,0.98,0.5967944684525951
139,auburn throw pillows,product_type,339,0,0.7877736340270853,0.020080321285140562,,,0.6,0.7588013397287666,0.028112449799196786,,,0.45,0.745698159899458,0.07228915662650602,,,0.48,-0.0358369622736059
140,wire basket with dividers,product_type,131,3,0.6593007041766438,0.08,0.3333333333333333,0.6666666666666667,1.0,0.734563258401794,0.16,0.3333333333333333,0.6666666666666667,1.0,0.8465195754016916,0.4,0.6666666666666666,0.33333333333333337,1.0,0.25238327807276406
141,podium with locking cabinet,product_type,161,3,0.13180047901209685,0.0,0.0,1.0,0.3,0.19258029008984068,0.027777777777777776,0.3333333333333333,0.6666666666666667,0.35,0.31954758465673533,0.08333333333333333,0.3333333333333333,0.6666666666666667,0.28,0.29469689362459967
142,kitchen wooden stand,attribute_constraint,203,5,0.4577903081501338,0.04,0.0,1.0,0.4,0.5404865338727021,0.09333333333333334,0.2,0.8,0.4,0.6319941525475757,0.17333333333333334,0.2,0.8,0.32,0.5314945803065731
143,queen wingback chair,attribute_constraint,244,3,0.5906464227927423,0.037914691943127965,0.3333333333333333,0.6666666666666667,1.0,0.704223939033816,0.08056872037914692,0.6666666666666666,0.33333333333333337,1.0,0.7698070650057152,0.20853080568720378,0.6666666666666666,0.33333333333333337,1.0,0.13737851991624025
144,rug plum,product_type,1423,116,0.9477344873475497,0.007558578987150416,0.07758620689655173,0.9224137931034483,1.0,0.9662695446835886,0.015117157974300832,0.16379310344827586,0.8362068965517242,1.0,0.9714281141697196,0.03779289493575208,0.41379310344827586,0.5862068965517242,1.0,0.33902277622509674
145,liberty hardware francisco,product_type,143,32,0.4438675140152175,0.046153846153846156,0.0625,0.9375,0.7,0.4684847456289104,0.09230769230769231,0.15625,0.84375,0.65,0.5595283505634756,0.18461538461538463,0.25,0.75,0.58,-0.08977087368681112
146,laundry vanity cabinet,product_type,111,4,0.4700182601018591,0.045454545454545456,0.0,1.0,0.5,0.5788037469624102,0.05454545454545454,0.0,1.0,0.3,0.7157078870808333,0.06363636363636363,0.0,1.0,0.14,-0.1296195605202192
147,drum picture,brand_entity_proxy,425,12,0.933745776545611,0.10810810810810811,0.6666666666666666,0.33333333333333337,0.8,0.7988150162993348,0.14864864864864866,0.8333333333333334,0.16666666666666663,0.8,0.68280949505164,0.1891891891891892,0.9166666666666666,0.08333333333333337,0.6,0.12108465206574323
148,industrial,style,249,194,1.0,0.050761421319796954,0.05154639175257732,0.9484536082474226,1.0,1.0,0.09137055837563451,0.09278350515463918,0.9072164948453608,0.9,1.0,0.15736040609137056,0.15979381443298968,0.8402061855670103,0.62,0.5370225861478398
149,mid century modern,style,173,155,1.0,0.05325443786982249,0.05806451612903226,0.9419354838709677,0.9,1.0,0.10059171597633136,0.10967741935483871,0.8903225806451613,0.85,0.949877429221206,0.21301775147928995,0.21935483870967742,0.7806451612903226,0.72,0.09561657574793275
150,dumbbells,brand_entity_proxy,54,21,1.0,0.47619047619047616,0.47619047619047616,0.5238095238095238,1.0,0.9007337660281208,0.8095238095238095,0.8095238095238095,0.19047619047619047,1.0,0.985353140961142,0.9047619047619048,0.9047619047619048,0.09523809523809523,0.5,0.7348387379981791
151,leather chair,attribute_constraint,3042,630,0.7919672818521463,0.003185840707964602,0.009523809523809525,0.9904761904761905,0.9,0.7962727502658234,0.005309734513274336,0.015873015873015872,0.9841269841269842,0.75,0.7707452118278715,0.012743362831858408,0.04126984126984127,0.9587301587301588,0.72,0.45213225571436555
152,wishbone chair,product_type,3286,46,0.5289704589316268,0.0025188916876574307,0.043478260869565216,0.9565217391304348,0.8,0.4860051910449059,0.004722921914357683,0.06521739130434782,0.9347826086956522,0.75,0.43255830025086495,0.010390428211586901,0.06521739130434782,0.9347826086956522,0.66,0.20121933857855756
153,bohemian,style,178,145,0.9432379215722527,0.06535947712418301,0.06206896551724138,0.9379310344827586,1.0,0.9633676079520094,0.12418300653594772,0.12413793103448276,0.8758620689655172,0.95,0.9411546802672409,0.26143790849673204,0.25517241379310346,0.7448275862068965,0.82,0.3953312044230024
155,floating bed,product_type,2376,8,0.5255664792793981,0.003770028275212064,0.125,0.875,0.8,0.6246049938318349,0.008011310084825637,0.25,0.75,0.9,0.721491625749507,0.02120640904806786,0.25,0.75,0.94,0.2104225614200702
156,papasan chair frame only,product_type,150,19,0.44236092441353086,0.09259259259259259,0.10526315789473684,0.8947368421052632,1.0,0.48821540849864736,0.18518518518518517,0.2631578947368421,0.736842105263158,1.0,0.7534588968736987,0.46296296296296297,0.7894736842105263,0.21052631578947367,1.0,0.6189192706404907
157,velvet chaise,brand_entity_proxy,1085,51,0.4285891736947906,0.014705882352941176,0.058823529411764705,0.9411764705882353,1.0,0.4903610630037726,0.03308823529411765,0.13725490196078433,0.8627450980392157,1.0,0.5114180814941657,0.08088235294117647,0.35294117647058826,0.6470588235294117,1.0,0.19655229808842198
158,led nightstand,brand_entity_proxy,834,44,0.8988252059479763,0.013140604467805518,0.18181818181818182,0.8181818181818181,1.0,0.9131462306661183,0.026281208935611037,0.38636363636363635,0.6136363636363636,1.0,0.7980285231439023,0.0657030223390276,0.6136363636363636,0.38636363636363635,1.0,0.36562050140094887
159,meditation,brand_entity_proxy,122,93,1.0,0.10416666666666667,0.10752688172043011,0.8924731182795699,1.0,1.0,0.20833333333333334,0.21505376344086022,0.7849462365591398,1.0,0.9856215795673516,0.4895833333333333,0.5053763440860215,0.4946236559139785,0.96,0.6041025923191383
160,marble,brand_entity_proxy,242,226,1.0,0.039301310043668124,0.03982300884955752,0.9601769911504425,0.9,1.0,0.08296943231441048,0.084070796460177,0.915929203539823,0.95,1.0,0.18340611353711792,0.18584070796460178,0.8141592920353982,0.84,0.2956900377037902
161,accent chair recliner,product_type,205,38,0.4066972554326934,0.024875621890547265,0.02631578947368421,0.9736842105263158,0.5,0.42591221391570866,0.03482587064676617,0.02631578947368421,0.9736842105263158,0.35,0.4820850644981553,0.06467661691542288,0.02631578947368421,0.9736842105263158,0.26,0.02835767612696412
162,turquoise chair,product_type,3354,23,0.45560653683226676,0.0028462998102466793,0.08695652173913043,0.9130434782608696,0.9,0.40128947627395073,0.005376344086021506,0.08695652173913043,0.9130434782608696,0.85,0.4995423853306658,0.01265022137887413,0.08695652173913043,0.9130434782608696,0.84,0.2850077887135991
163,dual monitor stand,product_type,94,47,1.0,0.10752688172043011,0.2127659574468085,0.7872340425531915,1.0,0.9565311588560688,0.20430107526881722,0.3829787234042553,0.6170212765957447,0.95,0.9235121788963989,0.4946236559139785,0.7659574468085106,0.23404255319148937,0.92,0.6386132907196949
164,modern outdoor furniture,style,195,128,0.9053206285482486,0.044444444444444446,0.0546875,0.9453125,0.8,0.8429776566820563,0.06666666666666667,0.0703125,0.9296875,0.6,0.8054193499457386,0.10555555555555556,0.1015625,0.8984375,0.38,0.274641732772532
165,kitchen storage shelves,product_type,193,69,1.0,0.04712041884816754,0.13043478260869565,0.8695652173913043,0.9,0.9520270945305764,0.07853403141361257,0.2028985507246377,0.7971014492753623,0.75,0.8635832439854373,0.18324607329842932,0.4057971014492754,0.5942028985507246,0.7,0.5558941005860989
166,feather wall art,product_type,111,26,1.0,0.09174311926605505,0.38461538461538464,0.6153846153846154,1.0,0.9410123019754388,0.1743119266055046,0.6923076923076923,0.3076923076923077,1.0,0.9490320631078726,0.25688073394495414,0.8461538461538461,0.15384615384615385,0.58,0.5918271475209902
167,camper,brand_entity_proxy,136,87,1.0,0.11494252873563218,0.11494252873563218,0.8850574712643678,1.0,1.0,0.21839080459770116,0.21839080459770116,0.7816091954022988,0.95,1.0,0.3793103448275862,0.3793103448275862,0.6206896551724138,0.66,0.8155600818072789
168,printers,brand_entity_proxy,68,0,0.9305687780632229,0.14583333333333334,,,0.7,0.9551913563983283,0.22916666666666666,,,0.6,0.9591656931472543,0.4583333333333333,,,0.46,0.6824033599440945
169,coffee bar buffet,product_type,126,27,0.47605580957989446,0.016,0.0,1.0,0.2,0.5464229390571345,0.032,0.0,1.0,0.2,0.6819661257952302,0.064,0.07407407407407407,0.9259259259259259,0.16,0.25381634118831303
170,zen,brand_entity_proxy,127,99,1.0,0.1,0.10101010101010101,0.898989898989899,1.0,0.9744102412230782,0.2,0.1919191919191919,0.8080808080808081,1.0,0.9366115213324716,0.34,0.3333333333333333,0.6666666666666667,0.74,0.3554106043123794
171,nectar queen mattress,attribute_constraint,99,0,1.0,0.09090909090909091,,,0.9,1.0,0.15151515151515152,,,0.75,1.0,0.32323232323232326,,,0.64,
172,picasso,brand_entity_proxy,59,42,1.0,0.23809523809523808,0.23809523809523808,0.7619047619047619,1.0,1.0,0.4523809523809524,0.4523809523809524,0.5476190476190477,0.95,0.9298174862796783,0.7619047619047619,0.7619047619047619,0.23809523809523814,0.64,0.5472064933755356
173,bedroom accessories,brand_entity_proxy,316,4,0.42999944008829655,0.014705882352941176,0.0,1.0,0.3,0.5272835223216115,0.0196078431372549,0.0,1.0,0.2,0.6627980446558633,0.049019607843137254,0.0,1.0,0.22,0.37372769633159586
174,star wars rug,product_type,90,0,0.5462169152524982,0.0,,,0.0,0.6228917292453912,0.14285714285714285,,,0.05,0.7946633400059934,0.14285714285714285,,,0.02,0.3473330569287801
175,basket planter,brand_entity_proxy,564,70,0.9368077570869662,0.033003300330033,0.12857142857142856,0.8714285714285714,1.0,0.9373078093695941,0.066006600660066,0.2571428571428571,0.7428571428571429,1.0,0.8174612063186634,0.14521452145214522,0.4857142857142857,0.5142857142857142,0.96,0.6783849864933876
176,mexican art,brand_entity_proxy,397,23,0.8988252059479763,0.02544529262086514,0.34782608695652173,0.6521739130434783,1.0,0.9127951110532802,0.05089058524173028,0.7391304347826086,0.26086956521739135,1.0,0.918324431484434,0.089058524173028,0.8260869565217391,0.17391304347826086,0.7,0.37025035717854626
177,rustic storage cabinet,style,378,16,0.6884139210130843,0.021220159151193633,0.1875,0.8125,0.8,0.7233537765594461,0.03713527851458886,0.375,0.625,0.7,0.8054962312915974,0.07427055702917772,0.5625,0.4375,0.56,0.2264188362895694
178,almost heaven sauna,product_type,74,24,0.38559884598578353,0.18867924528301888,0.041666666666666664,0.9583333333333334,1.0,0.410532629793676,0.37735849056603776,0.125,0.875,1.0,0.7613083846901602,0.9245283018867925,0.875,0.125,0.98,0.4794477330834883
179,promo codes or discounts,product_type,1,0,1.0,0.0,,,0.0,1.0,0.0,,,0.0,1.0,0.0,,,0.0,
180,outdoor lounge cushions,product_type,403,72,0.9477344873475497,0.022388059701492536,0.1111111111111111,0.8888888888888888,0.9,0.8238767023943585,0.03980099502487562,0.1527777777777778,0.8472222222222222,0.8,0.7324529045367978,0.09950248756218906,0.3333333333333333,0.6666666666666667,0.8,0.34412004883945235
181,e12/candelabra,attribute_constraint,122,104,1.0,0.02459016393442623,0.028846153846153848,0.9711538461538461,0.3,1.0,0.03278688524590164,0.038461538461538464,0.9615384615384616,0.2,1.0,0.07377049180327869,0.08653846153846154,0.9134615384615384,0.18,0.614282734223425
182,penny round tile,attribute_constraint,98,58,0.9510907186004265,0.10204081632653061,0.15517241379310345,0.8448275862068966,1.0,0.9684355467480761,0.20408163265306123,0.3275862068965517,0.6724137931034483,1.0,0.9620850401775088,0.5102040816326531,0.8103448275862069,0.18965517241379315,1.0,0.7610653023813339
183,farmhouse bread box,style,78,6,0.4767610926713327,0.13513513513513514,0.16666666666666666,0.8333333333333334,1.0,0.6529374888345453,0.25675675675675674,0.5,0.5,0.95,0.8180055271984967,0.6351351351351351,1.0,0.0,0.94,0.3794902231360742
184,sugar canister,brand_entity_proxy,185,59,0.8506629589898831,0.05434782608695652,0.13559322033898305,0.864406779661017,1.0,0.7612039316953697,0.10869565217391304,0.2033898305084746,0.7966101694915254,1.0,0.705933228403207,0.2554347826086957,0.3898305084745763,0.6101694915254237,0.94,0.3376291463204167
185,lunch bag,brand_entity_proxy,124,34,1.0,0.21739130434782608,0.29411764705882354,0.7058823529411764,1.0,0.9780900196216153,0.43478260869565216,0.5588235294117647,0.4411764705882353,1.0,0.9183571163970896,0.782608695652174,0.9117647058823529,0.08823529411764708,0.88,0.6776142791850341
186,board game storage cabinet,product_type,385,4,0.5322996497667225,0.015706806282722512,0.0,1.0,0.6,0.6657361381314079,0.02617801047120419,0.25,0.75,0.5,0.7743840813449456,0.06806282722513089,0.5,0.5,0.52,0.16312298297388475
188,"bedroom wall decor floral, multicolored with some teal (prints)",long_descriptive,277,8,0.5122455397230188,0.03932584269662921,0.25,0.75,0.7,0.721360864602738,0.0449438202247191,0.25,0.75,0.4,0.6809315393175055,0.07865168539325842,0.75,0.25,0.3,-0.05072200181054469
189,big basket for dirty cloths,multi_constraint,73,31,0.6550258333915895,0.08333333333333333,0.0967741935483871,0.9032258064516129,0.6,0.6333477853341156,0.125,0.16129032258064516,0.8387096774193549,0.45,0.7903001545614491,0.25,0.3225806451612903,0.6774193548387097,0.36,0.18770098622985507
190,benjiamino faux leather power lift chair,multi_constraint,792,5,0.43518692560571737,0.014064697609001406,0.0,1.0,1.0,0.5441885155473163,0.026722925457102673,0.0,1.0,0.95,0.6862448652703705,0.06891701828410689,0.0,1.0,0.98,0.3778838850671295
191,biycicle plant stands,product_type,217,0,1.0,0.04608294930875576,,,1.0,1.0,0.09216589861751152,,,1.0,1.0,0.2304147465437788,,,1.0,
193,belchertown table lamp,product_type,278,0,1.0,0.03597122302158273,,,1.0,1.0,0.0683453237410072,,,0.95,1.0,0.16906474820143885,,,0.94,
194,black frame 22 x 36,multi_constraint,293,0,0.9305687780632229,0.07865168539325842,,,0.8,0.9228530652500085,0.1348314606741573,,,0.65,0.9123223405935409,0.23595505617977527,,,0.46,0.6312274527526742
195,black freestanding tub  with faucet,multi_constraint,110,3,0.7249568260258472,0.09803921568627451,0.6666666666666666,0.33333333333333337,1.0,0.8321934333158127,0.19607843137254902,1.0,0.0,1.0,0.8894745717620278,0.49019607843137253,1.0,0.0,1.0,0.34021098531474814
196,chabely 5 draw chest,attribute_constraint,165,0,1.0,0.0625,,,1.0,1.0,0.1125,,,0.9,1.0,0.225,,,0.72,0.2338192242330017
197,desk for kids tjat ate 10 year old,long_descriptive,41,23,0.8824665955977139,0.07317073170731707,0.08695652173913043,0.9130434782608696,0.3,0.8509782045868866,0.12195121951219512,0.17391304347826086,0.8260869565217391,0.25,0.956524885645123,0.5121951219512195,0.6956521739130435,0.30434782608695654,0.42,0.4319854814419966
198,cake plates with tops,product_type,82,10,0.5694969487670277,0.16666666666666666,0.3,0.7,0.8,0.6218987889244249,0.2708333333333333,0.4,0.6,0.65,0.7338131430522536,0.375,0.5,0.5,0.46,0.5518913167613131
199,blue faux throw with pillows,multi_constraint,384,0,0.9305687780632229,0.0160857908847185,,,0.6,0.9551913563983283,0.02680965147453083,,,0.55,0.9755410594964452,0.06702412868632708,,,0.52,0.04640508064342316
200,ceramic tile sea shell,product_type,247,3,0.5159958223394444,0.040983606557377046,0.0,1.0,1.0,0.7603852269082926,0.08196721311475409,1.0,0.0,1.0,0.8421782536201483,0.1885245901639344,1.0,0.0,0.92,0.24263159680883445
201,delta trinsic double towel hook in champagne bronze,long_descriptive,124,0,0.9052116356304495,0.061224489795918366,,,0.7,0.938826684621968,0.10204081632653061,,,0.55,0.9666083514034188,0.22448979591836735,,,0.46,0.5966259100540661
202,full mattress padded liner,product_type,83,45,0.9134166588977729,0.07228915662650602,0.13333333333333333,0.8666666666666667,0.6,0.8756827721048333,0.12048192771084337,0.17777777777777778,0.8222222222222222,0.5,0.8819899231494334,0.25301204819277107,0.35555555555555557,0.6444444444444444,0.42,0.4451276662724185
203,ge top loading washer 4.5,multi_constraint,87,5,0.6267490438585046,0.12048192771084337,0.2,0.8,1.0,0.8571243472931952,0.24096385542168675,1.0,0.0,1.0,0.901652390969406,0.6024096385542169,1.0,0.0,1.0,0.46673342120651956
204,fleur de lis living candle wall sconce bronze,long_descriptive,191,7,0.5536212941849071,0.05172413793103448,0.14285714285714285,0.8571428571428572,0.9,0.6314682427198158,0.10344827586206896,0.14285714285714285,0.8571428571428572,0.9,0.7767534580496325,0.2471264367816092,0.42857142857142855,0.5714285714285714,0.86,0.36911258424035936
205,ines shag rug w003096809,attribute_constraint,93,12,0.6444156112001193,0.0967741935483871,0.4166666666666667,0.5833333333333333,0.9,0.7383484416574796,0.1935483870967742,0.5833333333333334,0.41666666666666663,0.9,0.8376754968978748,0.43010752688172044,0.75,0.25,0.8,0.34410591489547215
206,grill cover 73,attribute_constraint,67,2,0.9664515752024124,0.1694915254237288,1.0,0.0,1.0,0.974581998014136,0.3389830508474576,1.0,0.0,1.0,0.9837954136616822,0.847457627118644,1.0,0.0,1.0,0.5558461422171507
207,dull bed with shirt head board,multi_constraint,34,0,1.0,0.0,,,0.0,1.0,0.0,,,0.0,1.0,0.0,,,0.0,
208,"fawkes 36"" blue vanity",attribute_constraint,118,0,1.0,0.05084745762711865,,,0.6,1.0,0.09322033898305085,,,0.55,1.0,0.1864406779661017,,,0.44,
209,door pulls bronze matte 4 inch,multi_constraint,198,0,0.857980942822373,0.015873015873015872,,,0.2,0.9083455376384937,0.03968253968253968,,,0.3,0.9499701204590414,0.12698412698412698,,,0.36,0.700216504198848
210,love seat wide faux leather tuxedo arm sofa,long_descriptive,1045,9,0.8400174493011847,0.009615384615384616,0.6666666666666666,0.33333333333333337,1.0,0.9324296248896533,0.01730769230769231,0.8888888888888888,0.11111111111111116,0.9,0.9715724946367073,0.04038461538461539,1.0,0.0,0.84,0.14075880875951535
211,memory foam rug galveston,product_type,332,0,1.0,0.08403361344537816,,,1.0,1.0,0.15966386554621848,,,0.95,1.0,0.3949579831932773,,,0.94,0.6364694188584004
212,nettie 5 pc bar set,multi_constraint,358,2,0.8890015734676617,0.041237113402061855,1.0,0.0,1.0,0.8705246197800316,0.07731958762886598,1.0,0.0,0.9,0.8096440644572138,0.12371134020618557,1.0,0.0,0.62,0.14907416380586022
213,kraus kitchen sink faucet oletto kpf 2820 sfs,long_descriptive,271,1,0.6271253305892748,0.03597122302158273,1.0,0.0,0.7,0.5081653998291887,0.05755395683453238,1.0,0.0,0.65,0.4692068610201797,0.1366906474820144,1.0,0.0,0.86,-0.13800015851977032
214,light wood nightstand with silver accents,multi_constraint,225,0,1.0,0.007462686567164179,,,0.1,1.0,0.03731343283582089,,,0.25,1.0,0.09701492537313433,,,0.26,0.8251145771114311
215,king adjustable bed including mattress,multi_constraint,250,30,0.44236092441353086,0.0411522633744856,0.06666666666666667,0.9333333333333333,1.0,0.4757159671511671,0.0823045267489712,0.16666666666666666,0.8333333333333334,1.0,0.5036670905248111,0.18106995884773663,0.16666666666666666,0.8333333333333334,0.88,0.11855712266352646
216,music plug wall plate,product_type,189,8,0.9284275151110473,0.054945054945054944,0.875,0.125,1.0,0.940382643912852,0.10989010989010989,0.875,0.125,1.0,0.9571676578002838,0.27472527472527475,0.875,0.125,1.0,0.38881173521079193
218,wand bunk beds,product_type,65,0,1.0,0.046153846153846156,,,0.3,1.0,0.1076923076923077,,,0.35,1.0,0.23076923076923078,,,0.3,
219,trinaic towel rod,product_type,38,0,1.0,0.05263157894736842,,,0.2,1.0,0.21052631578947367,,,0.4,1.0,0.5,,,0.38,
220,sheets for twinxl,product_type,127,52,0.8878984756873929,0.10309278350515463,0.15384615384615385,0.8461538461538461,1.0,0.9049446883254,0.20618556701030927,0.3269230769230769,0.6730769230769231,1.0,0.8571482089914235,0.5154639175257731,0.7307692307692307,0.2692307692307693,1.0,0.7791415817569174
221,small space dining table and chairs sets,multi_constraint,1719,73,0.7940852808404051,0.008865248226950355,0.0821917808219178,0.9178082191780822,1.0,0.7641231023935416,0.015957446808510637,0.1506849315068493,0.8493150684931507,0.95,0.6337638988582615,0.038120567375886524,0.2876712328767123,0.7123287671232876,0.96,0.20237385789962858
222,small loving roomtables,attribute_constraint,77,31,0.7779785710502075,0.0,0.0,1.0,0.0,0.7342915553720647,0.0,0.0,1.0,0.0,0.8157172969561693,0.027777777777777776,0.03225806451612903,0.967741935483871,0.02,0.4455268736642583
223,wisdom stone river 3-3/4,multi_constraint,207,1,0.4577230415330084,0.3333333333333333,1.0,0.0,0.9,0.4222821783473648,0.3333333333333333,1.0,0.0,0.7,0.4813852640680245,0.4166666666666667,1.0,0.0,0.52,0.16968784119695976
224,twin over full bunk beds cool desins,multi_constraint,73,22,0.571384317730928,0.1095890410958904,0.09090909090909091,0.9090909090909091,0.8,0.5847780637959633,0.2465753424657534,0.3181818181818182,0.6818181818181819,0.9,0.8129387078968874,0.4931506849315068,0.6818181818181818,0.31818181818181823,0.72,0.19551999294146968
225,white splashproof shiplap wallpaper,attribute_constraint,45,2,0.8205725510999616,0.15151515151515152,1.0,0.0,0.5,0.8640565904367702,0.24242424242424243,1.0,0.0,0.4,0.8924196995092776,0.30303030303030304,1.0,0.0,0.2,0.7981679513602703
226,power lift chair,product_type,316,197,0.9368077570869662,0.03184713375796178,0.04568527918781726,0.9543147208121827,1.0,0.9128358016383811,0.06369426751592357,0.08629441624365482,0.9137055837563451,1.0,0.8140723077666964,0.1592356687898089,0.16751269035532995,0.8324873096446701,1.0,0.12627174572536762
227,owl,brand_entity_proxy,203,176,1.0,0.056818181818181816,0.056818181818181816,0.9431818181818182,1.0,1.0,0.11363636363636363,0.11363636363636363,0.8863636363636364,1.0,1.0,0.2556818181818182,0.2556818181818182,0.7443181818181819,0.9,0.5678780105075312
228,bee,brand_entity_proxy,244,178,1.0,0.049723756906077346,0.05056179775280899,0.949438202247191,0.9,1.0,0.10497237569060773,0.10674157303370786,0.8932584269662921,0.95,0.9907940618881942,0.2541436464088398,0.25842696629213485,0.7415730337078652,0.92,0.6589483209943244
229,waterfall faucet,brand_entity_proxy,556,133,1.0,0.019417475728155338,0.07518796992481203,0.924812030075188,1.0,1.0,0.038834951456310676,0.15037593984962405,0.849624060150376,1.0,0.9763159994927686,0.09514563106796116,0.3609022556390977,0.6390977443609023,1.0,0.5729934416850726
230,gold,attribute_constraint,274,228,1.0,0.03896103896103896,0.039473684210526314,0.9605263157894737,0.9,1.0,0.06493506493506493,0.06578947368421052,0.9342105263157895,0.75,0.9851168632159072,0.12987012987012986,0.13157894736842105,0.868421052631579,0.6,0.3521962164954106
231,anti fatigue mat,product_type,359,307,1.0,0.027855153203342618,0.03257328990228013,0.9674267100977199,1.0,1.0,0.055710306406685235,0.06514657980456026,0.9348534201954397,1.0,1.0,0.1392757660167131,0.16286644951140064,0.8371335504885994,1.0,0.6023360277813153
232,storage dresser,product_type,2329,423,0.7919672818521463,0.0156794425087108,0.014184397163120567,0.9858156028368794,0.9,0.7846476445715178,0.024390243902439025,0.02364066193853428,0.9763593380614657,0.7,0.7494630530460763,0.06620209059233449,0.06619385342789598,0.933806146572104,0.8,0.6623596689870387
233,kelly clarkson light fixtures,product_type,156,81,0.7965100773735325,0.059602649006622516,0.08641975308641975,0.9135802469135803,0.9,0.8218341264580494,0.11920529801324503,0.1728395061728395,0.8271604938271605,0.9,0.8632882285313971,0.304635761589404,0.48148148148148145,0.5185185185185186,0.92,0.6040443190931064
234,artificial orchid arrangement,product_type,144,107,1.0,0.06944444444444445,0.09345794392523364,0.9065420560747663,1.0,1.0,0.1388888888888889,0.18691588785046728,0.8130841121495327,1.0,0.9619935088193409,0.3472222222222222,0.42990654205607476,0.5700934579439252,1.0,0.5201689185580403
235,bathroom wastebasket,brand_entity_proxy,1368,133,1.0,0.058823529411764705,0.06766917293233082,0.9323308270676691,0.9,1.0,0.12418300653594772,0.14285714285714285,0.8571428571428572,0.95,0.9420485884142081,0.3006535947712418,0.3157894736842105,0.6842105263157895,0.94,0.362108093472172
236,3 piece rug set with runners,multi_constraint,2202,29,0.8627977768311482,0.05056179775280899,0.27586206896551724,0.7241379310344828,1.0,0.7734662284946459,0.10112359550561797,0.3793103448275862,0.6206896551724138,0.95,0.8520067880355261,0.1853932584269663,0.6206896551724138,0.3793103448275862,0.68,0.4686937718864895
237,cloud modular sectional,product_type,205,4,0.9108954758022454,0.046875,0.75,0.25,0.9,0.8868987443171134,0.08333333333333333,0.75,0.25,0.85,0.9452977125455883,0.203125,1.0,0.0,0.82,0.16381979564618257
238,outdoor seat/back cushion,product_type,318,54,0.9069212362975005,0.031545741324921134,0.14814814814814814,0.8518518518518519,1.0,0.9399300050713884,0.05993690851735016,0.3148148148148148,0.6851851851851851,0.95,0.8593603129018907,0.12618296529968454,0.5925925925925926,0.40740740740740744,0.8,0.524041037987643
239,bathroom single faucet,product_type,573,146,0.8643145546088337,0.02962962962962963,0.0547945205479452,0.9452054794520548,1.0,0.9124330438832966,0.05925925925925926,0.1095890410958904,0.8904109589041096,0.9,0.8794784785570815,0.13703703703703704,0.2534246575342466,0.7465753424657534,0.8,0.2322732160429897
240,eiffel tower wall art,product_type,68,33,1.0,0.15625,0.30303030303030304,0.696969696969697,1.0,1.0,0.3125,0.6060606060606061,0.3939393939393939,1.0,0.9939598230313278,0.5,0.9696969696969697,0.030303030303030276,0.64,0.8674524099812091
241,decorative wall clocks,product_type,243,148,0.9432379215722527,0.047619047619047616,0.05405405405405406,0.9459459459459459,0.9,0.91466190232499,0.10052910052910052,0.10810810810810811,0.8918918918918919,0.95,0.9234834559077832,0.23809523809523808,0.2702702702702703,0.7297297297297297,0.9,0.6839005782177328
242,accent leather chair,attribute_constraint,283,175,1.0,0.02491103202846975,0.04,0.96,0.7,0.9735859552961229,0.03558718861209965,0.05714285714285714,0.9428571428571428,0.5,0.9658672794152049,0.0711743772241993,0.10857142857142857,0.8914285714285715,0.4,0.5516277817204659
243,indoor multi tiered plant stand,multi_constraint,209,135,1.0,0.05154639175257732,0.07407407407407407,0.9259259259259259,1.0,0.9784411392344535,0.10309278350515463,0.14074074074074075,0.8592592592592593,1.0,0.9686864462319944,0.24742268041237114,0.34074074074074073,0.6592592592592592,0.96,0.607950475777853
244,pull out sleeper loveseat,product_type,143,9,0.6446958107756762,0.013986013986013986,0.0,1.0,0.2,0.733902076154075,0.027972027972027972,0.2222222222222222,0.7777777777777778,0.2,0.8067137431870818,0.08391608391608392,0.5555555555555556,0.4444444444444444,0.24,0.22252675452392484
245,anchor decor,brand_entity_proxy,485,57,1.0,0.058823529411764705,0.17543859649122806,0.8245614035087719,1.0,1.0,0.11764705882352941,0.3508771929824561,0.6491228070175439,1.0,0.9517049732729365,0.2823529411764706,0.7719298245614035,0.22807017543859653,0.96,0.5691024031647186
246,clear shower curtain,attribute_constraint,252,12,0.5895409017362723,0.08,0.25,0.75,1.0,0.6662811968989137,0.16,0.4166666666666667,0.5833333333333333,1.0,0.7600374047293529,0.376,0.5,0.5,0.96,0.8254648337429226
247,beaded curtains,brand_entity_proxy,961,40,0.894393898287665,0.014771048744460856,0.2,0.8,1.0,0.9102864093911729,0.029542097488921712,0.425,0.575,1.0,0.7856982432798979,0.0723781388478582,0.575,0.42500000000000004,0.98,0.5485604818360862
248,surge protector,brand_entity_proxy,104,39,1.0,0.22727272727272727,0.2564102564102564,0.7435897435897436,1.0,1.0,0.45454545454545453,0.5128205128205128,0.4871794871794872,1.0,0.9348251784197498,0.7727272727272727,0.8717948717948718,0.1282051282051282,0.72,0.7421470588164883
249,bistro table and chairs,product_type,197,124,1.0,0.05181347150259067,0.08064516129032258,0.9193548387096774,1.0,0.9763266600610571,0.10362694300518134,0.1532258064516129,0.8467741935483871,1.0,0.9870778321648319,0.2538860103626943,0.3870967741935484,0.6129032258064516,0.98,0.7587642386537399
250,multi color rug,product_type,131,96,1.0,0.08547008547008547,0.10416666666666667,0.8958333333333334,1.0,1.0,0.1452991452991453,0.17708333333333334,0.8229166666666666,0.85,0.9623724939203581,0.3418803418803419,0.4166666666666667,0.5833333333333333,0.8,0.5993242226621641
251,coffee container,brand_entity_proxy,1483,90,1.0,0.07352941176470588,0.1111111111111111,0.8888888888888888,1.0,0.9065619401663442,0.1323529411764706,0.18888888888888888,0.8111111111111111,1.0,0.7039283204579787,0.22794117647058823,0.3111111111111111,0.6888888888888889,0.94,0.1814832493074723
252,accent chairs living room,product_type,443,100,1.0,0.0223463687150838,0.08,0.92,0.8,1.0,0.0335195530726257,0.12,0.88,0.6,0.9363969667769134,0.061452513966480445,0.21,0.79,0.44,0.7479983320712662
253,antique brass faucet,product_type,117,5,0.43518692560571737,0.06896551724137931,0.0,1.0,0.8,0.5837578643299036,0.1206896551724138,0.2,0.8,0.7,0.7556439631779933,0.21551724137931033,0.4,0.6,0.5,0.15482860401581644
254,comfortable accent chair,product_type,201,131,0.4953985955231794,0.020202020202020204,0.007633587786259542,0.9923664122137404,0.4,0.6238858038757465,0.04040404040404041,0.015267175572519083,0.9847328244274809,0.4,0.7242105100798644,0.07575757575757576,0.04580152671755725,0.9541984732824428,0.3,0.25979325234125905
255,desk and chair set,product_type,217,107,1.0,0.04926108374384237,0.09345794392523364,0.9065420560747663,1.0,1.0,0.08866995073891626,0.16822429906542055,0.8317757009345794,0.9,1.0,0.2019704433497537,0.38317757009345793,0.6168224299065421,0.82,0.8094358228553954
256,high weight capacity bunk beds,multi_constraint,138,68,0.955830517697074,0.06299212598425197,0.11764705882352941,0.8823529411764706,0.8,0.9272928170217852,0.11811023622047244,0.20588235294117646,0.7941176470588236,0.75,0.8900050963345284,0.2283464566929134,0.35294117647058826,0.6470588235294117,0.58,0.6603667476548983
257,living room coffee table sets,multi_constraint,1834,132,0.8546557236450504,0.007457121551081283,0.05303030303030303,0.946969696969697,1.0,0.7859992098165639,0.014168530947054437,0.08333333333333333,0.9166666666666666,0.95,0.8230150872967382,0.035794183445190156,0.2727272727272727,0.7272727272727273,0.96,0.6250568471343824
258,breakfast bar table,product_type,126,58,1.0,0.064,0.13793103448275862,0.8620689655172413,0.8,0.9264231274620175,0.08,0.1724137931034483,0.8275862068965517,0.5,0.7800228615642548,0.192,0.3275862068965517,0.6724137931034483,0.48,0.3117673047913742
259,nursery end table,product_type,634,0,1.0,0.009478672985781991,,,0.6,1.0,0.014218009478672985,,,0.45,1.0,0.04107424960505529,,,0.52,-0.036593163453729795
260,retractable side awning,product_type,68,26,1.0,0.20833333333333334,0.38461538461538464,0.6153846153846154,1.0,0.9744102412230782,0.4166666666666667,0.7307692307692307,0.2692307692307693,1.0,0.9786488707083745,0.9166666666666666,1.0,0.0,0.88,0.8764634036676262
261,semi flush foyer light,product_type,175,125,1.0,0.05714285714285714,0.08,0.92,1.0,0.929684598658286,0.10857142857142857,0.136,0.864,0.95,0.8987995398601706,0.2742857142857143,0.312,0.688,0.96,0.2969643699008277
262,bathroom freestanding cabinet,product_type,138,87,1.0,0.07352941176470588,0.11494252873563218,0.8850574712643678,1.0,1.0,0.14705882352941177,0.22988505747126436,0.7701149425287357,1.0,1.0,0.35294117647058826,0.5517241379310345,0.4482758620689655,0.96,0.733677099887266
263,small curtain rods,attribute_constraint,291,75,0.544221363816962,0.048,0.05333333333333334,0.9466666666666667,1.0,0.5267970102095066,0.08,0.10666666666666667,0.8933333333333333,0.9,0.39678857492113717,0.136,0.16,0.84,0.82,0.13248645885239707
264,cortez pillow,brand_entity_proxy,897,15,1.0,0.01669449081803005,0.6666666666666666,0.33333333333333337,1.0,1.0,0.0333889816360601,1.0,0.0,1.0,0.9922032746723468,0.07679465776293823,1.0,0.0,0.94,0.5884341083384591
265,candace wingback upholstered bed,product_type,690,0,1.0,0.011851851851851851,,,0.8,0.8980887266872835,0.016296296296296295,,,0.55,0.9135937245621613,0.028148148148148148,,,0.44,-0.12416011824529781
266,champagne velvet desk chair,product_type,353,1,0.6943559465628248,0.02857142857142857,0.0,1.0,1.0,0.7787676299523247,0.045714285714285714,0.0,1.0,0.8,0.865751383782762,0.10571428571428572,0.0,1.0,0.74,0.12561588964113785
267,dolomite subway tile,product_type,154,2,1.0,0.05844155844155844,1.0,0.0,0.9,1.0,0.12337662337662338,1.0,0.0,0.95,1.0,0.3116883116883117,1.0,0.0,0.96,0.1961037301832307
268,betty resin free standing umbrella,multi_constraint,311,1,1.0,0.11904761904761904,1.0,0.0,1.0,1.0,0.23809523809523808,1.0,0.0,1.0,1.0,0.5952380952380952,1.0,0.0,1.0,0.6778953205705069
269,donaldson teak couch,product_type,99,0,1.0,0.10752688172043011,,,1.0,1.0,0.17204301075268819,,,0.8,1.0,0.43010752688172044,,,0.8,0.34071269969713974
270,edge chair mat,product_type,95,42,0.718283334419609,0.09574468085106383,0.16666666666666666,0.8333333333333334,0.9,0.7244067947127573,0.20212765957446807,0.2857142857142857,0.7142857142857143,0.95,0.7107664068824266,0.5212765957446809,0.5714285714285714,0.4285714285714286,0.98,0.1867584941674593
271,chinese flower stand,product_type,96,1,0.6943559465628248,0.06521739130434782,0.0,1.0,0.6,0.7787676299523247,0.10869565217391304,0.0,1.0,0.5,0.865751383782762,0.2826086956521739,0.0,1.0,0.52,0.2382889436508447
272,oliver parsons,brand_entity_proxy,115,0,0.88995411685096,0.046511627906976744,,,0.5,0.8942298074843027,0.09302325581395349,,,0.45,0.9279765369046271,0.23255813953488372,,,0.44,0.5277995689428057
273,stainless steel free standing shower caddy,multi_constraint,542,4,0.8074483267440766,0.10869565217391304,0.5,0.5,1.0,0.8469720045315139,0.21739130434782608,0.5,0.5,1.0,0.9183486190202741,0.532608695652174,0.75,0.25,0.98,0.5840084031573548
274,gowdy height adjustable standing desk,multi_constraint,331,1,1.0,0.10416666666666667,1.0,0.0,1.0,1.0,0.20833333333333334,1.0,0.0,1.0,0.9879812428284072,0.5104166666666666,1.0,0.0,1.0,0.441681929181157
275,hinged square ottoman,attribute_constraint,127,13,0.37962081462451813,0.072,0.07692307692307693,0.9230769230769231,0.9,0.4597192835482787,0.136,0.15384615384615385,0.8461538461538461,0.85,0.6166917274434632,0.288,0.23076923076923078,0.7692307692307692,0.74,0.034568993961016606
276,chaves l-shape floating desk with hutch,multi_constraint,377,0,1.0,0.0273972602739726,,,1.0,1.0,0.0547945205479452,,,1.0,1.0,0.136986301369863,,,1.0,0.2985054091601073
277,barstool patio sets,product_type,256,44,0.7856692251577037,0.025510204081632654,0.09090909090909091,0.9090909090909091,0.5,0.7021311188450527,0.05612244897959184,0.1590909090909091,0.8409090909090909,0.55,0.6854836078193509,0.14285714285714285,0.29545454545454547,0.7045454545454546,0.56,0.7122575369200094
278,parakeet toy,product_type,112,7,0.6190810663775804,0.12987012987012986,0.2857142857142857,0.7142857142857143,1.0,0.8289644323033725,0.2597402597402597,0.8571428571428571,0.1428571428571429,1.0,0.8786247894545571,0.4675324675324675,0.8571428571428571,0.1428571428571429,0.72,0.6433311292128332
279,marlon tufted queen bed,attribute_constraint,374,1,1.0,0.02702702702702703,1.0,0.0,1.0,1.0,0.051351351351351354,1.0,0.0,0.95,1.0,0.10810810810810811,1.0,0.0,0.8,0.09527019411033888
280,johan desk by laurel foundry,multi_constraint,116,0,1.0,0.02830188679245283,,,0.3,1.0,0.04716981132075472,,,0.25,1.0,0.09433962264150944,,,0.2,0.47239258105551674
281,brunk ship wheel,product_type,90,1,0.8032285550939751,0.19607843137254902,1.0,0.0,1.0,0.857572190184248,0.39215686274509803,1.0,0.0,1.0,0.735292151331844,0.6274509803921569,1.0,0.0,0.8,0.5111495684149004
282,grantola wall mirror,product_type,130,1,1.0,0.046511627906976744,1.0,0.0,0.6,1.0,0.10852713178294573,1.0,0.0,0.7,1.0,0.23255813953488372,1.0,0.0,0.6,0.21153557518089336
283,gaia driftwood table,product_type,115,1,1.0,0.03773584905660377,1.0,0.0,0.4,0.9457626960816156,0.03773584905660377,1.0,0.0,0.2,0.9398842265861823,0.05660377358490566,1.0,0.0,0.12,0.09856972689965839
284,family lamp,product_type,331,0,1.0,0.029197080291970802,,,0.8,1.0,0.05474452554744526,,,0.75,1.0,0.12773722627737227,,,0.7,0.5922351147857527
285,"48"" sliding single track , barn door for laundry",long_descriptive,183,7,0.5770654570303435,0.0782608695652174,0.2857142857142857,0.7142857142857143,1.0,0.6875162816410519,0.1565217391304348,0.42857142857142855,0.5714285714285714,0.95,0.7683548573823419,0.3391304347826087,0.5714285714285714,0.4285714285714286,0.84,0.579591582944811
286,hitchcock mid-century wall shelf,multi_constraint,256,0,1.0,0.05847953216374269,,,1.0,1.0,0.1111111111111111,,,0.95,0.9681419792955528,0.23976608187134502,,,0.86,0.6213027962183234
287,cover set for outdoor furniture,multi_constraint,406,45,0.8545365814817667,0.09523809523809523,0.15555555555555556,0.8444444444444444,1.0,0.9061226592929688,0.19047619047619047,0.37777777777777777,0.6222222222222222,1.0,0.8806232552298306,0.4666666666666667,0.8,0.19999999999999996,0.98,0.7071432565173886
288,round outdoor patio cover,attribute_constraint,272,0,1.0,0.0970873786407767,,,1.0,1.0,0.18446601941747573,,,0.95,0.9530812774199376,0.4077669902912621,,,0.88,0.7169772076525691
289,coma inducer comforter king set,multi_constraint,251,27,1.0,0.04310344827586207,0.37037037037037035,0.6296296296296297,1.0,0.9780900196216153,0.08620689655172414,0.7037037037037037,0.2962962962962963,1.0,0.9918358845614316,0.21551724137931033,1.0,0.0,1.0,0.6202910107459009
290,mission double vanity,product_type,168,0,1.0,0.05357142857142857,,,0.9,1.0,0.09523809523809523,,,0.8,1.0,0.23214285714285715,,,0.78,
291,front door cabinet with doors,multi_constraint,218,15,0.3333333333333333,0.02843601895734597,0.0,1.0,0.6,0.4012995662352891,0.06635071090047394,0.0,1.0,0.7,0.5744199028039254,0.17061611374407584,0.13333333333333333,0.8666666666666667,0.72,0.15600589190797545
292,decorative white pillow,attribute_constraint,204,12,0.13708339325122665,0.0273972602739726,0.0,1.0,0.8,0.2519034985725118,0.06164383561643835,0.0,1.0,0.75,0.39903864239653064,0.17123287671232876,0.08333333333333333,0.9166666666666666,0.68,0.225958278416855
293,wood floor protector mat,attribute_constraint,102,13,0.39540925771357055,0.0,0.0,1.0,0.0,0.4442782856379994,0.0136986301369863,0.0,1.0,0.05,0.684596622340525,0.0684931506849315,0.0,1.0,0.12,0.577493113685124
294,moen multi function dual shower head,multi_constraint,136,0,1.0,0.10204081632653061,,,1.0,1.0,0.19387755102040816,,,0.95,0.9405088642213836,0.3877551020408163,,,0.84,0.5463843678276414
295,end table between recliners,product_type,139,6,0.4639594030703842,0.007462686567164179,0.0,1.0,0.1,0.5971473504811475,0.03731343283582089,0.0,1.0,0.25,0.7086067608207097,0.11194029850746269,0.16666666666666666,0.8333333333333334,0.3,0.0935896104327426
296,zakariyah twin platform,attribute_constraint,171,1,1.0,0.041176470588235294,1.0,0.0,0.7,1.0,0.08235294117647059,1.0,0.0,0.7,0.9870163864872523,0.17058823529411765,1.0,0.0,0.58,0.03724498493070953
297,seat cushions desk,product_type,487,8,0.29076218338618764,0.0707070707070707,0.0,1.0,0.8,0.2944157606327828,0.09090909090909091,0.0,1.0,0.65,0.3249531510861434,0.1414141414141414,0.0,1.0,0.62,0.11002264095222641
298,small woven pouf,attribute_constraint,98,9,0.3480974911723065,0.10204081632653061,0.0,1.0,1.0,0.5138966404263717,0.20408163265306123,0.2222222222222222,0.7777777777777778,1.0,0.740964852738353,0.5,0.7777777777777778,0.2222222222222222,0.98,0.1505074325906218
300,animal print handmade tufted wool beige/black area rug by allmodern,long_descriptive,1114,2,0.5821032065260975,0.008992805755395683,0.0,1.0,1.0,0.7299359312982885,0.017985611510791366,0.5,0.5,1.0,0.8278276742370196,0.044964028776978415,0.5,0.5,1.0,0.0649375336343036
301,circle cabinet pulls,product_type,148,2,0.5180451450800451,0.0136986301369863,0.0,1.0,0.2,0.634846359155049,0.02054794520547945,0.0,1.0,0.2,0.7896126171001291,0.07534246575342465,0.0,1.0,0.24,-0.003848025660044378
302,mattress foam topper queen,attribute_constraint,238,59,0.9432379215722527,0.04739336492890995,0.15254237288135594,0.847457627118644,1.0,0.892545648470598,0.0947867298578199,0.2711864406779661,0.728813559322034,1.0,0.808265370218339,0.23696682464454977,0.559322033898305,0.44067796610169496,1.0,0.550073796387888
303,hawaii vintage art,style,72,8,0.9868957362176294,0.15151515151515152,1.0,0.0,1.0,0.9890846103584972,0.2727272727272727,1.0,0.0,0.9,0.9921577920415547,0.5303030303030303,1.0,0.0,0.7,0.6743355430335644
304,merlyn 6,attribute_constraint,759,0,0.0,0.0,,,0.3,0.0,0.0,,,0.6,0.0,0.0,,,0.68,-0.053873190825273844
305,ligth bulb,brand_entity_proxy,299,193,0.646503863333913,0.0034129692832764505,0.0051813471502590676,0.9948186528497409,0.1,0.6028776586310497,0.010238907849829351,0.010362694300518135,0.9896373056994818,0.15,0.6424341908840686,0.06825938566552901,0.03626943005181347,0.9637305699481865,0.4,0.06370137506724996
306,mobley zero gravity adjustable bed with wireless remote,long_descriptive,114,2,1.0,0.1111111111111111,1.0,0.0,1.0,1.0,0.2222222222222222,1.0,0.0,1.0,1.0,0.5555555555555556,1.0,0.0,1.0,0.6388494111761557
307,real touch roses floral arrangements in glass vase,long_descriptive,189,6,0.7310114709769956,0.057803468208092484,0.6666666666666666,0.33333333333333337,1.0,0.8505537934814255,0.11560693641618497,1.0,0.0,1.0,0.8954286020879436,0.2832369942196532,1.0,0.0,0.98,0.48284792402297444
308,led 60,attribute_constraint,776,2,0.5393978322287292,0.014373716632443531,0.0,1.0,0.8,0.6959427753288557,0.03285420944558522,0.0,1.0,0.85,0.8068577852590298,0.07802874743326489,1.0,0.0,0.82,0.6527308551347191
309,moen 5995 arbor one,attribute_constraint,72,0,0.4323181322709948,0.07692307692307693,,,0.4,0.5265151275584325,0.07692307692307693,,,0.3,0.704458072460208,0.11538461538461539,,,0.18,0.2156582749406866
310,meade mirror,product_type,589,4,0.9464134469677261,0.02288329519450801,1.0,0.0,1.0,0.9574127679290766,0.04576659038901602,1.0,0.0,1.0,0.961319386550869,0.11212814645308924,1.0,0.0,1.0,0.645600032937127
311,odum velvet,brand_entity_proxy,571,4,0.4182946855727748,0.011090573012939002,0.0,1.0,0.7,0.5171437665934226,0.0166358595194085,0.0,1.0,0.5,0.7235108688230762,0.03512014787430684,0.25,0.75,0.42,0.05789220702190093
312,coat rack for bedroom,product_type,119,10,0.5268398566463763,0.06722689075630252,0.2,0.8,0.8,0.6890675399157148,0.12605042016806722,0.4,0.6,0.75,0.8267216803466146,0.2605042016806723,0.7,0.30000000000000004,0.62,0.32360245791666853
313,malachi sled,brand_entity_proxy,105,3,0.9621445226862937,0.0410958904109589,1.0,0.0,0.3,0.9068135429253821,0.0684931506849315,1.0,0.0,0.25,0.8468083626572711,0.0684931506849315,1.0,0.0,0.1,0.33099115162466847
314,body pillow and case,product_type,145,11,0.37574719213263447,0.05673758865248227,0.0,1.0,0.8,0.5146648830961758,0.11347517730496454,0.18181818181818182,0.8181818181818181,0.8,0.706033736865519,0.28368794326241137,0.36363636363636365,0.6363636363636364,0.8,0.28344521746887436
315,medium clips,brand_entity_proxy,316,4,1.0,0.16129032258064516,1.0,0.0,1.0,1.0,0.3225806451612903,1.0,0.0,1.0,0.9383097737030537,0.6451612903225806,1.0,0.0,0.88,0.6546429655256061
316,rolande heavy duty power lift assist recliner,multi_constraint,406,1,1.0,0.030211480362537766,1.0,0.0,1.0,1.0,0.06042296072507553,1.0,0.0,1.0,1.0,0.1510574018126888,1.0,0.0,1.0,0.6754823116152642
317,hulmeville writing desk with hutch,multi_constraint,340,2,1.0,0.026627218934911243,1.0,0.0,0.9,1.0,0.05325443786982249,1.0,0.0,0.9,1.0,0.13609467455621302,1.0,0.0,0.92,0.06492500511443149
318,sunjoy lantern,brand_entity_proxy,156,1,0.6943559465628248,0.03571428571428571,0.0,1.0,0.5,0.7787676299523247,0.09285714285714286,0.0,1.0,0.65,0.865751383782762,0.2642857142857143,0.0,1.0,0.74,0.37353045151245645
319,landis wall mounted bathroom shelves,multi_constraint,673,1,1.0,0.05917159763313609,1.0,0.0,1.0,0.9465028854150159,0.10650887573964497,1.0,0.0,0.95,0.9308595237681376,0.24260355029585798,1.0,0.0,0.9,0.4874171270884087
320,blaylock bookcase headboard,product_type,93,1,1.0,0.1282051282051282,1.0,0.0,1.0,1.0,0.2564102564102564,1.0,0.0,1.0,1.0,0.6410256410256411,1.0,0.0,1.0,0.43628598270526836
321,hussain handmade tufted magenta rug,multi_constraint,297,1,1.0,0.02356902356902357,1.0,0.0,0.7,1.0,0.04040404040404041,1.0,0.0,0.6,1.0,0.07407407407407407,1.0,0.0,0.44,0.10033500931359768
322,cream queen duvet cover,attribute_constraint,242,0,1.0,0.04149377593360996,,,1.0,1.0,0.08298755186721991,,,1.0,1.0,0.2074688796680498,,,1.0,0.11111111111111112
323,hub leaning full length mirror,multi_constraint,126,1,1.0,0.08,1.0,0.0,1.0,1.0,0.16,1.0,0.0,1.0,1.0,0.392,1.0,0.0,0.98,0.2164928205676353
324,chase utility laundry cart,product_type,113,1,1.0,0.08571428571428572,1.0,0.0,0.9,1.0,0.17142857142857143,1.0,0.0,0.9,1.0,0.4095238095238095,1.0,0.0,0.86,0.42642851651684277
325,outdoor waterproof chest,product_type,120,46,0.740617075840843,0.08139534883720931,0.10869565217391304,0.8913043478260869,0.8,0.7489589312405133,0.10465116279069768,0.15217391304347827,0.8478260869565217,0.5,0.7514824507092974,0.23255813953488372,0.32608695652173914,0.6739130434782609,0.44,0.43683797353513004
326,bowersville ladder writing desk,product_type,284,1,1.0,0.03180212014134275,1.0,0.0,0.9,1.0,0.04946996466431095,1.0,0.0,0.7,1.0,0.1413427561837456,1.0,0.0,0.8,0.1448395753739787
327,kohler purist brushed bronze,product_type,115,8,0.42215000375741857,0.11363636363636363,0.125,0.875,1.0,0.552919626119533,0.2159090909090909,0.25,0.75,0.95,0.7369790303313519,0.4431818181818182,0.5,0.5,0.78,0.5942547676074978
328,golub dining table,product_type,659,1,0.9517900181710754,0.012364760432766615,1.0,0.0,0.9,0.9651044788209475,0.02627511591962906,1.0,0.0,0.9,0.9788246384131872,0.07264296754250386,1.0,0.0,0.96,0.1452164268211102
329,wayfair tension rod,product_type,83,2,1.0,0.12195121951219512,1.0,0.0,1.0,1.0,0.24390243902439024,1.0,0.0,1.0,0.9882081546389194,0.43902439024390244,1.0,0.0,0.72,0.20242804865997277
330,kari 2 piece,attribute_constraint,600,1,0.509406755728625,0.008771929824561403,1.0,0.0,0.4,0.3963746630020845,0.017543859649122806,1.0,0.0,0.6,0.25407775100173163,0.02631578947368421,1.0,0.0,0.44,-0.30850759992514376
331,upholstered girls bed,product_type,533,52,0.5458626172564841,0.0037735849056603774,0.019230769230769232,0.9807692307692307,0.2,0.5393489476436398,0.009433962264150943,0.057692307692307696,0.9423076923076923,0.25,0.49758374698776336,0.04339622641509434,0.11538461538461539,0.8846153846153846,0.46,0.14064935417970365
332,attleboro drum coffee table,product_type,1410,1,1.0,0.0071174377224199285,1.0,0.0,1.0,1.0,0.014234875444839857,1.0,0.0,1.0,1.0,0.03558718861209965,1.0,0.0,1.0,0.07484305088374071
333,stainless steel colander set,product_type,315,21,0.8842222191013388,0.12048192771084337,0.38095238095238093,0.6190476190476191,1.0,0.8519205823306304,0.24096385542168675,0.7142857142857143,0.2857142857142857,1.0,0.9603873368581574,0.6024096385542169,1.0,0.0,1.0,0.7190322329411626
334,itchington butterfly,brand_entity_proxy,122,6,0.8889173285594403,0.12,1.0,0.0,0.9,0.7788858910952652,0.16,1.0,0.0,0.95,0.6429174472836535,0.28,1.0,0.0,0.74,0.2473980982292015
335,canadian,brand_entity_proxy,81,42,1.0,0.19047619047619047,0.19047619047619047,0.8095238095238095,0.8,1.0,0.30952380952380953,0.30952380952380953,0.6904761904761905,0.65,0.978482843418624,0.4523809523809524,0.4523809523809524,0.5476190476190477,0.38,0.8042043379461755
336,mystic swivel,brand_entity_proxy,360,1,1.0,0.029154518950437316,1.0,0.0,1.0,0.9739599640827753,0.05539358600583091,1.0,0.0,1.0,0.9841983395676627,0.14285714285714285,1.0,0.0,1.0,0.16705256887815742
337,iittala bowl,brand_entity_proxy,201,39,0.9575861412006988,0.08264462809917356,0.23076923076923078,0.7692307692307692,1.0,0.9483899550830481,0.1652892561983471,0.46153846153846156,0.5384615384615384,1.0,0.8975568326074045,0.38016528925619836,0.8205128205128205,0.17948717948717952,0.96,0.7894285916735451
338,mahone porch rocking chair,product_type,204,1,1.0,0.05714285714285714,1.0,0.0,1.0,1.0,0.11428571428571428,1.0,0.0,1.0,1.0,0.28,1.0,0.0,0.98,0.5772182409842429
339,ruckus chair,product_type,3044,6,0.9457961481371483,0.07692307692307693,1.0,0.0,0.9,0.7727963807641627,0.07692307692307693,1.0,0.0,0.7,0.5510932147191443,0.08653846153846154,1.0,0.0,0.78,0.051426166699477714
340,berenice 4 storage cabinet,attribute_constraint,505,3,0.9520896899080846,0.024691358024691357,1.0,0.0,1.0,0.9379928010110986,0.03950617283950617,1.0,0.0,0.85,0.947972422529183,0.10123456790123457,1.0,0.0,0.86,0.47080482962399095
341,canvas map art,product_type,199,22,1.0,0.05025125628140704,0.45454545454545453,0.5454545454545454,1.0,0.8604467642387961,0.08542713567839195,0.5909090909090909,0.40909090909090906,0.85,0.9314972524518914,0.15577889447236182,0.7272727272727273,0.2727272727272727,0.62,0.45749768889492437
342,brendon counter stool,product_type,478,2,1.0,0.020964360587002098,1.0,0.0,1.0,1.0,0.039832285115303984,1.0,0.0,0.95,1.0,0.09643605870020965,1.0,0.0,0.92,0.11403648856993538
343,navy and peach bedding,product_type,116,0,1.0,0.017391304347826087,,,0.2,1.0,0.017391304347826087,,,0.1,1.0,0.0782608695652174,,,0.18,0.13506461668776915
344,ottoman bed queen,attribute_constraint,116,0,0.9363792118010483,0.03508771929824561,,,0.4,0.9589412206131108,0.043859649122807015,,,0.25,0.9775879347944593,0.09649122807017543,,,0.24,-0.017800158026548833
345,oriental vanity,brand_entity_proxy,1148,0,0.88995411685096,0.011889035667107,,,1.0,0.9289799801831714,0.023778071334214,,,0.95,0.9443232148948505,0.062087186261558784,,,0.98,0.6581185241647458
346,nesting tray set,product_type,110,19,0.9432379215722527,0.11363636363636363,0.47368421052631576,0.5263157894736843,1.0,0.8662854188627864,0.20454545454545456,0.7368421052631579,0.26315789473684215,0.9,0.9513955770148126,0.38636363636363635,0.8947368421052632,0.10526315789473684,0.7,0.7203682423589731
347,olive green console table,attribute_constraint,577,0,1.0,0.014010507880910683,,,0.8,1.0,0.03152364273204904,,,0.9,1.0,0.08056042031523643,,,0.92,0.17272844765604642
348,one alium way,product_type,2,0,1.0,0.0,,,0.0,1.0,0.0,,,0.0,1.0,0.0,,,0.0,
349,mud room sign,product_type,98,5,0.8546199457017736,0.07368421052631578,0.8,0.19999999999999996,0.7,0.9257990679276924,0.14736842105263157,1.0,0.0,0.7,0.9489242280339522,0.30526315789473685,1.0,0.0,0.58,0.3931277809677998
351,white bathroom vanity black hardware,multi_constraint,727,0,1.0,0.01276595744680851,,,0.9,1.0,0.02695035460992908,,,0.95,1.0,0.06808510638297872,,,0.96,0.2960215449976889
352,amarillo,brand_entity_proxy,81,29,1.0,0.3103448275862069,0.3103448275862069,0.6896551724137931,0.9,1.0,0.5862068965517241,0.5862068965517241,0.4137931034482759,0.85,1.0,0.9310344827586207,0.9310344827586207,0.06896551724137934,0.54,0.8304421390689802
353,pennfield playhouse,brand_entity_proxy,54,1,1.0,0.4,1.0,0.0,1.0,0.9739599640827753,0.68,1.0,0.0,0.9,0.9959429269648749,0.88,1.0,0.0,0.48,0.8355727485873495
354,tressler rug,product_type,1402,0,1.0,0.007288629737609329,,,1.0,1.0,0.014577259475218658,,,1.0,1.0,0.03571428571428571,,,0.98,0.2494099543194814
355,argenteuil,brand_entity_proxy,59,30,1.0,0.3333333333333333,0.3333333333333333,0.6666666666666667,1.0,1.0,0.6666666666666666,0.6666666666666666,0.33333333333333337,1.0,0.9995857650471929,0.9333333333333333,0.9333333333333333,0.06666666666666665,0.56,0.8620436777900274
356,platform bed side table,product_type,960,0,0.713654010247531,0.0074309978768577496,,,0.9,0.7488003844470089,0.01592356687898089,,,0.9,0.8469219676801307,0.045647558386411886,,,0.96,-0.10297543304421046
357,tall free standing pet gate,multi_constraint,355,34,0.5353744300010446,0.1694915254237288,0.11764705882352941,0.8823529411764706,1.0,0.6300424602476324,0.3389830508474576,0.3235294117647059,0.6764705882352942,1.0,0.8339234244552324,0.847457627118644,0.9411764705882353,0.05882352941176472,1.0,0.6405144739324784
358,sliding closet mirror,product_type,116,4,0.9108954758022454,0.07964601769911504,0.75,0.25,0.9,0.929185311690164,0.12389380530973451,0.75,0.25,0.7,0.974399061324339,0.2743362831858407,1.0,0.0,0.62,0.3007622430048085
359,french molding,brand_entity_proxy,203,8,0.6707614059953713,0.05517241379310345,0.375,0.625,0.9,0.6913202825352037,0.08275862068965517,0.5,0.5,0.8,0.7973181830892784,0.20689655172413793,0.75,0.25,0.76,0.3747560407411817
360,huntsville sectional sofa,product_type,125,0,1.0,0.048,,,0.6,1.0,0.056,,,0.35,1.0,0.12,,,0.3,
361,kisner,brand_entity_proxy,98,25,1.0,0.36,0.36,0.64,0.9,1.0,0.6,0.6,0.4,0.75,0.9978126482461951,0.8,0.8,0.19999999999999996,0.4,0.7476251130531824
362,brushed gold wall decor,attribute_constraint,245,0,1.0,0.03571428571428571,,,0.8,1.0,0.07142857142857142,,,0.8,1.0,0.13839285714285715,,,0.62,0.4168460120976278
363,fortunat coffee table,product_type,1380,1,0.6943559465628248,0.007246376811594203,0.0,1.0,1.0,0.7787676299523247,0.014492753623188406,0.0,1.0,1.0,0.865751383782762,0.03333333333333333,0.0,1.0,0.92,-0.013012485285017117
364,croscill ashton,brand_entity_proxy,114,0,0.8415908474314977,0.17777777777777778,,,0.9,0.897767905235079,0.26666666666666666,,,0.7,0.9070616687556952,0.4444444444444444,,,0.44,0.7670283486269737
365,gas detector,brand_entity_proxy,130,9,0.8620230059027235,0.43478260869565216,0.7777777777777778,0.2222222222222222,1.0,0.8514381411302293,0.6956521739130435,0.8888888888888888,0.11111111111111116,1.0,0.8963234043009406,0.8695652173913043,1.0,0.0,0.94,0.574829600977909
366,drudge report,brand_entity_proxy,1,0,,,,,0.0,,,,,0.0,,,,,0.0,
367,wooden chair outdoor,attribute_constraint,202,42,0.6865988399750619,0.025510204081632654,0.07142857142857142,0.9285714285714286,0.5,0.7005804827656947,0.061224489795918366,0.14285714285714285,0.8571428571428572,0.6,0.7413264294268088,0.12244897959183673,0.3333333333333333,0.6666666666666667,0.48,0.4605384072266018
368,pasta tools,brand_entity_proxy,143,81,1.0,0.08333333333333333,0.12345679012345678,0.8765432098765432,1.0,1.0,0.16666666666666666,0.24691358024691357,0.7530864197530864,1.0,0.9689821995010656,0.375,0.5185185185185185,0.4814814814814815,0.9,0.6932077826410264
369,wrought tv stand,product_type,362,2,0.5821032065260975,0.027777777777777776,0.0,1.0,1.0,0.6833800218492042,0.05555555555555555,0.0,1.0,1.0,0.8244777861130265,0.1388888888888889,0.5,0.5,1.0,0.09983663516620657
370,rug for teen room,product_type,3,1,0.8213137146137828,0.0,0.0,1.0,0.0,0.8213137146137828,0.0,0.0,1.0,0.0,0.8213137146137828,0.0,0.0,1.0,0.0,0.0
371,milk cow chair,product_type,112,8,0.5076398368848901,0.030927835051546393,0.125,0.875,0.4,0.6050448273278443,0.05154639175257732,0.375,0.625,0.35,0.6872754789402025,0.08247422680412371,0.5,0.5,0.22,0.1311261497111207
372,verden callan,brand_entity_proxy,120,1,0.8946230201615624,0.08333333333333333,1.0,0.0,0.4,0.8938329445187927,0.10416666666666667,1.0,0.0,0.35,0.8253254037510855,0.125,1.0,0.0,0.16,0.663400761103591
373,togo chair,product_type,3233,0,1.0,0.0025493945188017845,,,0.8,1.0,0.0057361376673040155,,,0.9,1.0,0.013702995538559592,,,0.86,0.26136970204803717
374,sinks bed frame,product_type,170,0,1.0,0.06382978723404255,,,0.9,1.0,0.11347517730496454,,,0.8,0.9861910928322911,0.2907801418439716,,,0.82,0.593203494569256
375,pastel pink desk chair,product_type,211,0,1.0,0.033816425120772944,,,0.7,1.0,0.05314009661835749,,,0.55,1.0,0.12077294685990338,,,0.5,0.21281719199035995
376,island estate coffee table,product_type,1430,3,0.8240350447649629,0.00700770847932726,0.6666666666666666,0.33333333333333337,1.0,0.862906777543564,0.01401541695865452,0.6666666666666666,0.33333333333333337,1.0,0.9309267191463545,0.0350385423966363,1.0,0.0,1.0,0.10892462001464692
377,glinda upholstered bench,product_type,134,0,1.0,0.07462686567164178,,,1.0,1.0,0.1417910447761194,,,0.95,1.0,0.3656716417910448,,,0.98,
378,cliffside 5 light candle style drum chandelier,multi_constraint,580,0,1.0,0.017825311942959002,,,1.0,1.0,0.035650623885918005,,,1.0,1.0,0.08912655971479501,,,1.0,0.2895692955330059
379,urban outfitters duvet,product_type,71,0,1.0,0.14084507042253522,,,1.0,1.0,0.18309859154929578,,,0.65,1.0,0.352112676056338,,,0.5,
380,gravity feeder,brand_entity_proxy,124,6,0.9751579604896715,0.2222222222222222,1.0,0.0,1.0,0.9797019280928616,0.4444444444444444,1.0,0.0,1.0,0.9139059087367483,0.7777777777777778,1.0,0.0,0.78,0.7243601309150168
381,farmhouse hood vent,style,80,0,1.0,0.125,,,1.0,1.0,0.1875,,,0.75,1.0,0.4875,,,0.78,
382,counter top one cup hot water dispenser,multi_constraint,89,4,0.4700182601018591,0.18181818181818182,0.0,1.0,1.0,0.5788037469624102,0.36363636363636365,0.0,1.0,1.0,0.7605393186659026,0.8181818181818182,0.75,0.25,0.94,0.7558297384949425
383,minnestrista,brand_entity_proxy,3,0,1.0,0.0,,,0.0,1.0,0.0,,,0.0,1.0,0.0,,,0.0,
384,dining table vinyl cloth,product_type,687,20,0.9510907186004265,0.16393442622950818,0.45,0.55,1.0,0.8307170358661782,0.26229508196721313,0.65,0.35,0.85,0.8571638837637422,0.4426229508196721,0.95,0.050000000000000044,0.7,0.35824739177180476
385,mom urn,brand_entity_proxy,55,0,0.92663607790064,0.3333333333333333,,,1.0,0.9192158287374007,0.5925925925925926,,,0.85,0.9718113574243784,0.8148148148148148,,,0.48,0.6873217490352688
386,alter furniture,brand_entity_proxy,298,0,0.9337457765456111,0.0,,,0.0,0.9572416874849684,0.005076142131979695,,,0.05,0.9766602392356607,0.01015228426395939,,,0.04,0.4590681713487014
387,self enclosed planters,product_type,92,0,1.0,0.10869565217391304,,,1.0,1.0,0.18478260869565216,,,0.85,1.0,0.31521739130434784,,,0.58,
388,outdoor sectional doning,product_type,64,0,1.0,0.06666666666666667,,,0.4,1.0,0.1,,,0.3,1.0,0.16666666666666666,,,0.2,0.3843711067980367
389,brush nickel faucet bathroom,product_type,337,157,0.8824665955977139,0.006191950464396285,0.012738853503184714,0.9872611464968153,0.2,0.7831032233464168,0.015479876160990712,0.025477707006369428,0.9745222929936306,0.25,0.728929933599226,0.04643962848297214,0.06369426751592357,0.9363057324840764,0.3,0.07435033333692499
390,cushion replacement insert,product_type,61,0,1.0,0.14754098360655737,,,0.9,1.0,0.21311475409836064,,,0.65,1.0,0.26229508196721313,,,0.32,
391,"writing desk 48""",attribute_constraint,229,8,0.413286545585664,0.034934497816593885,0.0,1.0,0.8,0.511288381460973,0.06550218340611354,0.125,0.875,0.75,0.6855135675382269,0.13537117903930132,0.25,0.75,0.62,0.11152695502845845
392,china clock,brand_entity_proxy,368,0,1.0,0.028985507246376812,,,1.0,1.0,0.057971014492753624,,,1.0,1.0,0.14492753623188406,,,1.0,0.40721738020850656
393,propane gas dryer,product_type,96,0,1.0,0.13333333333333333,,,1.0,1.0,0.26666666666666666,,,1.0,0.9573472857524694,0.6266666666666667,,,1.0,0.5060201870816313
394,gray leather cocktail table,attribute_constraint,117,0,0.7682269253321375,0.038834951456310676,,,0.5,0.8504212253571933,0.038834951456310676,,,0.25,0.8405858477007331,0.04854368932038835,,,0.14,-0.04366425167726358
395,pantry grey,attribute_constraint,74,0,0.6618313225363276,0.0625,,,0.1,0.6254342341821714,0.0625,,,0.1,0.7589869135688615,0.375,,,0.14,0.31043876182989916
396,alyse 8 light,attribute_constraint,136,1,0.6943559465628248,0.06818181818181818,0.0,1.0,0.9,0.8299559804270543,0.09848484848484848,0.0,1.0,0.65,0.8968135887222768,0.19696969696969696,1.0,0.0,0.52,0.22661170117496354
397,maryford queen tufted bed,attribute_constraint,493,0,1.0,0.020366598778004074,,,1.0,1.0,0.038696537678207736,,,0.95,1.0,0.09775967413441955,,,0.96,0.07623734621740914
398,super bright lights,product_type,107,19,0.9575861412006988,0.0963855421686747,0.42105263157894735,0.5789473684210527,0.8,0.8248096281276667,0.12048192771084337,0.47368421052631576,0.5263157894736843,0.5,0.9129448387753424,0.18072289156626506,0.5789473684210527,0.42105263157894735,0.3,0.7330303135696142
399,12v dirt bike,attribute_constraint,85,0,1.0,0.14705882352941177,,,1.0,1.0,0.29411764705882354,,,1.0,0.9578113541989499,0.5,,,0.68,0.5034682960212845
400,small ladies rocker swivel recliner,multi_constraint,24,0,1.0,0.0,,,0.0,1.0,0.08333333333333333,,,0.1,1.0,0.2916666666666667,,,0.14,
401,glass lsmp shades,product_type,55,18,0.6996229492941352,0.16666666666666666,0.2777777777777778,0.7222222222222222,0.9,0.7376635276166748,0.2777777777777778,0.3888888888888889,0.6111111111111112,0.75,0.8868517416706552,0.5370370370370371,0.7777777777777778,0.2222222222222222,0.58,0.415510795688189
402,modern farmhouse lighting semi flush mount,style,251,7,0.44987000995377063,0.04424778761061947,0.14285714285714285,0.8571428571428572,1.0,0.5458108343361476,0.08849557522123894,0.14285714285714285,0.8571428571428572,1.0,0.7365219251801044,0.22123893805309736,0.5714285714285714,0.4285714285714286,1.0,0.49014706306444245
403,wood rack wide,attribute_constraint,149,31,0.5534250996314135,0.024193548387096774,0.06451612903225806,0.935483870967742,0.3,0.5360726352707887,0.04032258064516129,0.06451612903225806,0.935483870967742,0.25,0.6341846317612773,0.07258064516129033,0.06451612903225806,0.935483870967742,0.18,0.17633134711067677
404,large cushion outdoor chair,attribute_constraint,564,4,0.5298241244530195,0.019157088122605363,0.25,0.75,1.0,0.6263336976720789,0.038314176245210725,0.25,0.75,1.0,0.7477888707475842,0.08812260536398467,0.25,0.75,0.92,0.33580593950382154
405,queen ann style living room chair,multi_constraint,446,0,1.0,0.02608695652173913,,,0.9,1.0,0.04057971014492753,,,0.7,1.0,0.08115942028985507,,,0.56,0.6610203787128293
406,refrigerator with ice an water in door,multi_constraint,98,22,0.6884139210130843,0.12987012987012986,0.18181818181818182,0.8181818181818181,1.0,0.6575502355009165,0.2597402597402597,0.36363636363636365,0.6363636363636364,1.0,0.8257007502929341,0.6233766233766234,0.7727272727272727,0.2272727272727273,0.98,0.5567440354412868
407,huge bookcase,product_type,331,11,0.3333333333333333,0.030211480362537766,0.0,1.0,1.0,0.48259231095356514,0.06042296072507553,0.18181818181818182,0.8181818181818181,1.0,0.63664753924616,0.1510574018126888,0.2727272727272727,0.7272727272727273,1.0,0.03721994566455369
408,girl reading statue,product_type,102,31,1.0,0.09803921568627451,0.3225806451612903,0.6774193548387097,1.0,1.0,0.19607843137254902,0.6451612903225806,0.3548387096774194,1.0,0.9944390519466143,0.4803921568627451,1.0,0.0,0.98,0.7604967444305563
409,teal chair,product_type,3393,40,0.38559884598578353,0.00261437908496732,0.025,0.975,0.8,0.3562843582669715,0.004901960784313725,0.025,0.975,0.75,0.39288928615575636,0.012091503267973857,0.05,0.95,0.76,0.2333381378240194
410,pool floats,brand_entity_proxy,281,58,0.9477344873475497,0.10416666666666667,0.15517241379310345,0.8448275862068966,1.0,0.9228007035396574,0.20833333333333334,0.29310344827586204,0.7068965517241379,1.0,0.8877263381186105,0.4791666666666667,0.6379310344827587,0.3620689655172413,0.92,0.6850172185647185
411,outdoor clock,brand_entity_proxy,1566,85,1.0,0.02865329512893983,0.11764705882352941,0.8823529411764706,1.0,0.9757624746743075,0.05730659025787966,0.2235294117647059,0.7764705882352941,1.0,0.9048328348760295,0.14040114613180515,0.4823529411764706,0.5176470588235293,1.0,0.6934790892031077
412,jennie tufted upholstered low profile platform bed,multi_constraint,1090,1,1.0,0.008620689655172414,1.0,0.0,0.9,1.0,0.017241379310344827,1.0,0.0,0.9,1.0,0.0421455938697318,1.0,0.0,0.88,0.34534913496455893
413,burruss patio sectional with cushions,multi_constraint,599,1,0.8471779732814125,0.017825311942959002,1.0,0.0,1.0,0.8893838149761623,0.03208556149732621,1.0,0.0,0.9,0.932875691891381,0.08377896613190731,1.0,0.0,0.94,0.2421101849265441
414,shower hooks,brand_entity_proxy,914,165,1.0,0.02666666666666667,0.06060606060606061,0.9393939393939394,1.0,1.0,0.05333333333333334,0.12121212121212122,0.8787878787878788,1.0,0.9838720027399551,0.13066666666666665,0.296969696969697,0.703030303030303,1.0,0.8116216343082484
415,toilet paper stand,product_type,151,75,1.0,0.08130081300813008,0.13333333333333333,0.8666666666666667,1.0,0.9757624746743075,0.16260162601626016,0.25333333333333335,0.7466666666666666,1.0,0.9772442248502184,0.4065040650406504,0.64,0.36,1.0,0.7702783422640378
416,wayfair coffee table,product_type,1447,0,1.0,0.00693000693000693,,,1.0,1.0,0.01386001386001386,,,1.0,1.0,0.03465003465003465,,,1.0,0.08923850447027978
417,twin bed frame,attribute_constraint,567,188,0.6891483521575726,0.017793594306049824,0.031914893617021274,0.9680851063829787,1.0,0.7770948353443867,0.033807829181494664,0.07446808510638298,0.925531914893617,0.95,0.7767297709336748,0.08185053380782918,0.1702127659574468,0.8297872340425532,0.92,0.33655888290287117
418,writing desk,product_type,1123,608,1.0,0.01002004008016032,0.01644736842105263,0.9835526315789473,1.0,1.0,0.02004008016032064,0.03289473684210526,0.9671052631578947,1.0,1.0,0.050100200400801605,0.08223684210526316,0.9177631578947368,1.0,0.7187985261029214
419,living room ideas,product_type,21,16,0.911298659909514,0.0,0.0,1.0,0.0,0.955244976200879,0.047619047619047616,0.0625,0.9375,0.05,0.9787873717801973,0.047619047619047616,0.0625,0.9375,0.02,0.14770978917519928
420,tile backsplash,brand_entity_proxy,1013,766,1.0,0.010101010101010102,0.013054830287206266,0.9869451697127938,1.0,1.0,0.020202020202020204,0.02610966057441253,0.9738903394255874,1.0,1.0,0.050505050505050504,0.06527415143603134,0.9347258485639687,1.0,0.3755847384447649
421,dining room tables,product_type,758,649,1.0,0.0125,0.01386748844375963,0.9861325115562404,0.9,1.0,0.025,0.02773497688751926,0.9722650231124808,0.9,0.9906944199254171,0.05416666666666667,0.060092449922958396,0.9399075500770416,0.78,0.40094387803844994
422,ergonomic chair,product_type,3328,428,1.0,0.0032637075718015664,0.02336448598130841,0.9766355140186916,1.0,1.0,0.006527415143603133,0.04672897196261682,0.9532710280373832,1.0,0.9588326694829269,0.016318537859007835,0.10747663551401869,0.8925233644859814,1.0,0.5849161366215795
423,wall shelves,brand_entity_proxy,3034,285,1.0,0.02386634844868735,0.03508771929824561,0.9649122807017544,1.0,1.0,0.045346062052505964,0.06666666666666667,0.9333333333333333,0.95,1.0,0.11455847255369929,0.16842105263157894,0.8315789473684211,0.96,0.5687023003363072
424,wayfair comforters,brand_entity_proxy,618,4,1.0,0.027932960893854747,1.0,0.0,1.0,0.9809776318916771,0.05027932960893855,1.0,0.0,0.95,0.9641503747044698,0.12569832402234637,1.0,0.0,0.96,0.7339002104177212
425,side table with storage,product_type,742,56,0.43450812738535693,0.013908205841446454,0.03571428571428571,0.9642857142857143,1.0,0.47276250752849663,0.02364394993045897,0.08928571428571429,0.9107142857142857,0.85,0.46201866551548315,0.055632823365785816,0.17857142857142858,0.8214285714285714,0.84,0.26173703740607623
426,outdoor storage,product_type,3254,223,1.0,0.008169934640522876,0.04484304932735426,0.9551569506726457,1.0,1.0,0.016339869281045753,0.08968609865470852,0.9103139013452914,1.0,1.0,0.04084967320261438,0.2242152466367713,0.7757847533632287,1.0,0.5143948238804487
427,lowes tile,brand_entity_proxy,1125,0,1.0,0.011182108626198083,,,0.7,0.963643712011461,0.020766773162939296,,,0.7,0.9638488443321935,0.05591054313099041,,,0.74,0.846677823242842
428,kitchen storage cabinet,product_type,537,66,0.6400084407336407,0.016877637130801686,0.030303030303030304,0.9696969696969697,0.8,0.6546555908755349,0.027426160337552744,0.10606060606060606,0.8939393939393939,0.65,0.5892874675980536,0.05907172995780591,0.16666666666666666,0.8333333333333334,0.58,0.305822040669185
429,gray dresser,attribute_constraint,860,94,0.6326891916800615,0.01949317738791423,0.05319148936170213,0.9468085106382979,1.0,0.6427012180685584,0.03508771929824561,0.09574468085106383,0.9042553191489362,0.9,0.5573153075319928,0.07992202729044834,0.1595744680851064,0.8404255319148937,0.84,0.7123121737872464
430,30 inch bathroom vanity,attribute_constraint,662,98,1.0,0.015772870662460567,0.10204081632653061,0.8979591836734694,1.0,1.0,0.031545741324921134,0.20408163265306123,0.7959183673469388,1.0,0.9321574727124975,0.07886435331230283,0.4387755102040816,0.5612244897959184,1.0,0.6000916685586284
431,shoe bench entryway,product_type,160,75,1.0,0.06493506493506493,0.13333333333333333,0.8666666666666667,1.0,0.9780900196216153,0.12987012987012986,0.25333333333333335,0.7466666666666666,1.0,0.9029077294160358,0.2792207792207792,0.5066666666666667,0.4933333333333333,0.92,0.5869928405165303
432,butcher block island,product_type,176,42,0.9368077570869662,0.05747126436781609,0.21428571428571427,0.7857142857142857,1.0,0.8877526010011563,0.11494252873563218,0.38095238095238093,0.6190476190476191,1.0,0.8636769935854219,0.28735632183908044,0.7619047619047619,0.23809523809523814,1.0,0.6155368467704317
433,trundle daybed,brand_entity_proxy,273,113,1.0,0.04132231404958678,0.08849557522123894,0.911504424778761,1.0,1.0,0.08264462809917356,0.17699115044247787,0.8230088495575221,1.0,1.0,0.2066115702479339,0.4424778761061947,0.5575221238938053,1.0,0.7875132274368262
434,bathroom lighting,brand_entity_proxy,3530,226,1.0,0.007288629737609329,0.04424778761061947,0.9557522123893806,1.0,0.9735859552961229,0.014577259475218658,0.084070796460177,0.915929203539823,1.0,0.96066578182449,0.03571428571428571,0.2079646017699115,0.7920353982300885,1.0,0.5337865221813431
435,shoe closet,brand_entity_proxy,443,47,0.3333333333333333,0.028169014084507043,0.0,1.0,1.0,0.4731385301350504,0.056338028169014086,0.1276595744680851,0.8723404255319149,1.0,0.4835147000940961,0.14084507042253522,0.2553191489361702,0.7446808510638299,1.0,0.6062840480069753
436,full bed with trundle,product_type,214,46,0.7659543835545644,0.02403846153846154,0.10869565217391304,0.8913043478260869,0.5,0.6568003423387665,0.038461538461538464,0.10869565217391304,0.8913043478260869,0.4,0.6466499640342458,0.08653846153846154,0.13043478260869565,0.8695652173913043,0.36,0.2506876873037048
437,kitchen islands with seating,product_type,195,47,0.7869669149567194,0.055865921787709494,0.1276595744680851,0.8723404255319149,1.0,0.8625154027713766,0.11173184357541899,0.3404255319148936,0.6595744680851063,1.0,0.8206037824049589,0.27932960893854747,0.7021276595744681,0.2978723404255319,1.0,0.6803808413832708
438,indoor water fountain,product_type,156,101,1.0,0.06451612903225806,0.09900990099009901,0.900990099009901,1.0,1.0,0.12903225806451613,0.19801980198019803,0.801980198019802,1.0,0.9519594176159061,0.3032258064516129,0.43564356435643564,0.5643564356435644,0.94,0.419266920113928
439,parsons chairs,brand_entity_proxy,3276,216,1.0,0.004111842105263158,0.046296296296296294,0.9537037037037037,1.0,0.9763266600610571,0.008223684210526315,0.08796296296296297,0.912037037037037,1.0,0.9762071919410298,0.02055921052631579,0.2222222222222222,0.7777777777777778,1.0,0.4452152225423225
440,wood bar stools,attribute_constraint,777,255,0.7814926847155838,0.01310615989515072,0.023529411764705882,0.9764705882352941,1.0,0.7444654706725548,0.02621231979030144,0.043137254901960784,0.9568627450980393,1.0,0.7306858879027642,0.0655307994757536,0.10980392156862745,0.8901960784313725,1.0,0.3517046618996688
441,desk for kids,product_type,1385,78,1.0,0.009027081243731194,0.11538461538461539,0.8846153846153846,0.9,0.9777083390768576,0.015045135406218655,0.19230769230769232,0.8076923076923077,0.75,0.9443726588030251,0.037111334002006016,0.46153846153846156,0.5384615384615384,0.74,0.20584313604309085
442,above toilet cabinet,product_type,1137,70,1.0,0.02444987775061125,0.14285714285714285,0.8571428571428572,1.0,0.9784411392344535,0.0488997555012225,0.2714285714285714,0.7285714285714286,1.0,0.9600346620535639,0.12224938875305623,0.6571428571428571,0.34285714285714286,1.0,0.5129302894665297
443,patio design,brand_entity_proxy,409,352,1.0,0.0028089887640449437,0.002840909090909091,0.9971590909090909,0.1,1.0,0.011235955056179775,0.011363636363636364,0.9886363636363636,0.2,0.9904743550716205,0.02247191011235955,0.022727272727272728,0.9772727272727273,0.16,0.48139046256888396
444,outdoor lounge chair,product_type,364,114,1.0,0.031746031746031744,0.08771929824561403,0.9122807017543859,1.0,0.9281826595926894,0.05714285714285714,0.13157894736842105,0.868421052631579,0.9,0.8503506635927367,0.12063492063492064,0.24561403508771928,0.7543859649122807,0.76,0.4926812973422047
445,chaise lounge couch,product_type,350,170,0.9432379215722527,0.027777777777777776,0.047058823529411764,0.9529411764705882,0.9,0.9633676079520094,0.05864197530864197,0.10588235294117647,0.8941176470588236,0.95,0.9287442509787277,0.15123456790123457,0.2529411764705882,0.7470588235294118,0.98,0.6804750172251538
446,card table,product_type,4326,57,0.8532721558012799,0.002861230329041488,0.15789473684210525,0.8421052631578947,1.0,0.9053066402442285,0.005722460658082976,0.3333333333333333,0.6666666666666667,1.0,0.8830081059937535,0.01402002861230329,0.7543859649122807,0.24561403508771928,1.0,0.2329720571506025
447,tall buffet cabinet,attribute_constraint,212,3,0.5159958223394444,0.02403846153846154,0.0,1.0,0.5,0.6229152997582164,0.04807692307692308,0.0,1.0,0.5,0.7728568570437008,0.15865384615384615,0.0,1.0,0.66,0.2129963053404817
448,bed side table,product_type,203,81,0.6545998936834372,0.015151515151515152,0.024691358024691357,0.9753086419753086,0.3,0.540668281535326,0.015151515151515152,0.024691358024691357,0.9753086419753086,0.15,0.5064150941185787,0.015151515151515152,0.024691358024691357,0.9753086419753086,0.06,-0.2559000130102966
449,living room designs,product_type,172,164,1.0,0.01818181818181818,0.018292682926829267,0.9817073170731707,0.3,1.0,0.01818181818181818,0.018292682926829267,0.9817073170731707,0.15,0.9835051587382828,0.06666666666666667,0.06707317073170732,0.9329268292682926,0.22,0.11348507049385069
451,aiden black velvet bed,attribute_constraint,111,0,0.5734923014668308,0.0,,,0.1,0.6508512094260989,0.039603960396039604,,,0.25,0.7799218434909541,0.0594059405940594,,,0.2,-0.29755497145731075
452,day bed indian,product_type,105,0,1.0,0.0761904761904762,,,0.8,1.0,0.1619047619047619,,,0.85,1.0,0.3523809523809524,,,0.74,
453,midcentury tv unit,product_type,118,25,0.8463507934928552,0.059322033898305086,0.24,0.76,0.7,0.7614081632468582,0.11016949152542373,0.36,0.64,0.65,0.8491367842569092,0.16101694915254236,0.44,0.56,0.38,0.35039512947751783
454,carpet 5x6,attribute_constraint,110,0,1.0,0.0625,,,0.5,0.9330720571764405,0.0875,,,0.35,0.7975129877360939,0.1875,,,0.3,0.15685562232531675
455,deer coat hooks,product_type,110,2,0.7437677542157901,0.09174311926605505,0.5,0.5,1.0,0.8058653492233786,0.1651376146788991,0.5,0.5,0.9,0.8762345005906258,0.41284403669724773,0.5,0.5,0.9,0.1846146457242782
456,wall design shelf,product_type,221,76,0.7198551821362814,0.05128205128205128,0.06578947368421052,0.9342105263157895,1.0,0.6541962678148011,0.09743589743589744,0.10526315789473684,0.8947368421052632,0.95,0.7134366819674564,0.2205128205128205,0.32894736842105265,0.6710526315789473,0.86,0.4907222086054452
457,5 gang light switch,attribute_constraint,329,0,1.0,0.057803468208092484,,,1.0,1.0,0.11560693641618497,,,1.0,1.0,0.28901734104046245,,,1.0,0.772770689642229
458,bubble guppies chair,product_type,120,0,0.9148568823583791,0.05263157894736842,,,0.6,0.9127131207796942,0.07368421052631578,,,0.4,0.8489563912582826,0.09473684210526316,,,0.2,0.2402058105556501
459,tye dye duvet cover,product_type,205,19,0.9432379215722527,0.03414634146341464,0.3157894736842105,0.6842105263157895,0.7,0.9131833240846081,0.06341463414634146,0.5789473684210527,0.42105263157894735,0.65,0.9786938360409367,0.17073170731707318,0.9473684210526315,0.052631578947368474,0.7,0.4866451695110612
460,small wardrobe grey,attribute_constraint,111,7,0.43332320239731226,0.07142857142857142,0.0,1.0,0.6,0.4990951764797731,0.08333333333333333,0.0,1.0,0.35,0.6542121935059446,0.14285714285714285,0.2857142857142857,0.7142857142857143,0.26,0.34860200376297135
461,luau string lights,product_type,61,4,1.0,0.1724137931034483,1.0,0.0,1.0,1.0,0.3275862068965517,1.0,0.0,0.95,0.9901168562281035,0.5172413793103449,1.0,0.0,0.6,0.5204296291308103
462,large bases,attribute_constraint,2,0,1.0,0.0,,,0.0,1.0,0.0,,,0.0,1.0,0.0,,,0.0,0.9999999999999999
463,bistro sets patio,product_type,274,139,1.0,0.04784688995215311,0.07194244604316546,0.9280575539568345,1.0,1.0,0.09569377990430622,0.14388489208633093,0.8561151079136691,1.0,1.0,0.23923444976076555,0.3597122302158273,0.6402877697841727,1.0,0.8815239261490068
464,cake cutlery,brand_entity_proxy,157,85,1.0,0.10869565217391304,0.11764705882352941,0.8823529411764706,1.0,1.0,0.21739130434782608,0.23529411764705882,0.7647058823529411,1.0,0.953508457908496,0.5108695652173914,0.5529411764705883,0.44705882352941173,1.0,0.5851129846270265
465,white abstract,attribute_constraint,2,1,1.0,0.0,0.0,1.0,0.0,1.0,0.0,0.0,1.0,0.0,1.0,0.0,0.0,1.0,0.0,0.9999999999999999
466,rock climbing wall kids,product_type,93,1,0.6943559465628248,0.30303030303030304,0.0,1.0,1.0,0.7535836155980394,0.5757575757575758,0.0,1.0,0.95,0.7872424159854164,0.8787878787878788,0.0,1.0,0.66,0.7185794925729123
467,town & country living curtains,product_type,150,0,1.0,0.02666666666666667,,,0.4,1.0,0.06666666666666667,,,0.5,1.0,0.18,,,0.54,
468,glow in the dark silent wall clock,multi_constraint,294,4,0.8456275915393052,0.035211267605633804,0.75,0.25,1.0,0.8773144900642622,0.07042253521126761,0.75,0.25,1.0,0.91719175421752,0.176056338028169,0.75,0.25,1.0,0.3232826119163052
469,garage sports storage rack,product_type,161,64,0.955830517697074,0.06369426751592357,0.140625,0.859375,1.0,0.9450804136194352,0.12738853503184713,0.28125,0.71875,1.0,0.8293755744392592,0.3184713375796178,0.53125,0.46875,1.0,0.5789233979257247
470,elephant framed,brand_entity_proxy,638,45,1.0,0.03508771929824561,0.2222222222222222,0.7777777777777778,1.0,1.0,0.07017543859649122,0.4444444444444444,0.5555555555555556,1.0,0.9671588571797295,0.16140350877192983,0.8888888888888888,0.11111111111111116,0.92,0.8113041992944834
471,adjustable height artist stool,product_type,310,1,0.8871958738785231,0.04950495049504951,1.0,0.0,1.0,0.9183497146685337,0.09900990099009901,1.0,0.0,1.0,0.9504528301300131,0.24752475247524752,1.0,0.0,1.0,0.7530953709965105
472,window wall accent,product_type,108,47,1.0,0.1,0.2127659574468085,0.7872340425531915,1.0,0.9540349991379147,0.16,0.3191489361702128,0.6808510638297872,0.8,0.8946141072175724,0.29,0.48936170212765956,0.5106382978723405,0.58,0.6875238192099187
473,chair pillow cushion,product_type,286,126,0.9305687780632227,0.026022304832713755,0.05555555555555555,0.9444444444444444,0.7,0.9551913563983282,0.04460966542750929,0.09523809523809523,0.9047619047619048,0.65,0.9461368328925258,0.12267657992565056,0.2619047619047619,0.7380952380952381,0.7,0.6323093488622219
474,48 inch bathroom vanity with trough sink,multi_constraint,784,0,1.0,0.014104372355430184,,,1.0,1.0,0.028208744710860368,,,1.0,1.0,0.07052186177715092,,,1.0,0.49383027630722104
475,rattan truck,brand_entity_proxy,70,0,1.0,0.24242424242424243,,,0.8,1.0,0.3939393939393939,,,0.65,0.9916377356188051,0.48484848484848486,,,0.32,0.7938796841863855
476,hardwood beds,brand_entity_proxy,2224,639,0.745056857277548,0.003711558854718982,0.006259780907668232,0.9937402190923318,0.7,0.8354680199731664,0.009013785790031814,0.02034428794992175,0.9796557120500783,0.85,0.8110381278977254,0.024390243902439025,0.053208137715179966,0.94679186228482,0.92,0.5072191337207956
478,worn leather office chair,attribute_constraint,445,1,0.6943559465628248,0.02112676056338028,0.0,1.0,0.9,0.7787676299523247,0.03755868544600939,0.0,1.0,0.8,0.865751383782762,0.08215962441314555,0.0,1.0,0.7,0.16423347502292643
479,garage door mail slot,product_type,83,0,1.0,0.18181818181818182,,,1.0,1.0,0.36363636363636365,,,1.0,0.9854314065074474,0.7636363636363637,,,0.86,0.7987734669734553
480,pictures to hang over fireplace,multi_constraint,3,0,1.0,0.3333333333333333,,,0.1,1.0,0.6666666666666666,,,0.1,1.0,0.6666666666666666,,,0.04,
481,emma headboard,brand_entity_proxy,219,1,0.6943559465628248,0.037914691943127965,0.0,1.0,0.8,0.7787676299523247,0.06635071090047394,0.0,1.0,0.7,0.865751383782762,0.1943127962085308,0.0,1.0,0.82,0.22003421176757887
482,48 inch kitchen hood,attribute_constraint,104,12,0.7424350571691596,0.10101010101010101,0.4166666666666667,0.5833333333333333,1.0,0.7597591190450136,0.20202020202020202,0.5,0.5,1.0,0.9082149977712247,0.494949494949495,0.9166666666666666,0.08333333333333337,0.98,0.47639644492582994
483,rustic twig,style,248,4,0.5591227842996138,0.04784688995215311,0.25,0.75,1.0,0.6069698372272521,0.07655502392344497,0.25,0.75,0.9,0.756521028601467,0.1722488038277512,0.5,0.5,0.76,0.3869991903026945
484,nespresso vertuo next premium by breville with aeroccino,long_descriptive,53,0,1.0,0.38461538461538464,,,1.0,0.9013592468993897,0.6538461538461539,,,0.85,0.9738651347948465,0.6538461538461539,,,0.4,0.599556048773842
485,pedistole sink,brand_entity_proxy,255,0,1.0,0.006578947368421052,,,0.1,1.0,0.019736842105263157,,,0.15,0.9861175420603098,0.06578947368421052,,,0.2,0.6284082791987997
486,54 in bench cushion,attribute_constraint,87,0,1.0,0.10344827586206896,,,0.9,1.0,0.19540229885057472,,,0.85,1.0,0.3333333333333333,,,0.58,
487,rack glass,brand_entity_proxy,946,2,0.6040601875226108,0.0,0.0,1.0,0.0,0.6283925971329373,0.002304147465437788,0.0,1.0,0.05,0.5565370836260303,0.020737327188940093,0.5,0.5,0.2,0.07742253926075675
