query_id,query,query_type,n_judged,n_highest,cNDCG@10,RelevantRecall@10,HighestRecall@10,RelevantHidden@10,JudgedCoverage@10,cNDCG@20,RelevantRecall@20,HighestRecall@20,RelevantHidden@20,JudgedCoverage@20,cNDCG@50,RelevantRecall@50,HighestRecall@50,RelevantHidden@50,JudgedCoverage@50,RelevanceVisibilitySpearman
0,salon chair,product_type,3301,39,0.8353129377017654,0.003316749585406302,0.1794871794871795,0.8205128205128205,1.0,0.6821657464965225,0.006301824212271974,0.20512820512820512,0.7948717948717949,0.95,0.6055072882792646,0.015920398009950248,0.2564102564102564,0.7435897435897436,0.96,0.4063877735594772
1,smart coffee table,product_type,1436,8,0.5255664792793981,0.007052186177715092,0.125,0.875,1.0,0.6048136069557486,0.014104372355430184,0.125,0.875,1.0,0.7067057310472319,0.03385049365303244,0.125,0.875,0.98,0.06640527789077495
2,dinosaur,brand_entity_proxy,165,151,1.0,0.06329113924050633,0.06622516556291391,0.9337748344370861,1.0,1.0,0.12658227848101267,0.13245033112582782,0.8675496688741722,1.0,0.989566688903243,0.3037974683544304,0.31125827814569534,0.6887417218543046,0.96,0.2939784939508856
3,turquoise pillows,brand_entity_proxy,997,55,0.720292813455127,0.011658031088082901,0.09090909090909091,0.9090909090909091,1.0,0.6172616317539731,0.023316062176165803,0.12727272727272726,0.8727272727272728,1.0,0.5637650958742011,0.05958549222797927,0.2727272727272727,0.7272727272727273,0.98,0.5279687184021844
4,chair and a half recliner,multi_constraint,239,23,0.42465647353220787,0.015789473684210527,0.0,1.0,0.3,0.4672288577302998,0.021052631578947368,0.0,1.0,0.2,0.6196924225312379,0.06315789473684211,0.13043478260869565,0.8695652173913043,0.24,0.4787582808304542
5,sofa with ottoman,product_type,1344,179,0.9014470060563649,0.006875477463712758,0.03910614525139665,0.9608938547486033,0.9,0.750436273610321,0.013750954927425516,0.055865921787709494,0.9441340782122905,0.9,0.6654895897044438,0.03514132925897632,0.11173184357541899,0.888268156424581,0.94,0.414136935040842
6,acrylic clear chair,attribute_constraint,109,43,1.0,0.08080808080808081,0.18604651162790697,0.813953488372093,0.8,0.9768332182007543,0.1111111111111111,0.2558139534883721,0.7441860465116279,0.55,0.895882155424015,0.18181818181818182,0.3953488372093023,0.6046511627906976,0.36,0.631280683454052
7,driftwood mirror,product_type,603,23,0.9575861412006988,0.018691588785046728,0.391304347826087,0.6086956521739131,1.0,0.8270788609842383,0.037383177570093455,0.5652173913043478,0.4347826086956522,1.0,0.8507348056634182,0.09345794392523364,0.6521739130434783,0.34782608695652173,1.0,0.43466599370728387
8,home sweet home sign,product_type,105,25,0.8698739994728926,0.10638297872340426,0.32,0.6799999999999999,1.0,0.8023495607424147,0.19148936170212766,0.52,0.48,0.9,0.8666977784911494,0.3723404255319149,0.72,0.28,0.7,0.5161971008511482
9,coffee table fire pit,product_type,1516,74,0.9575861412006988,0.005960264900662252,0.12162162162162163,0.8783783783783784,0.9,0.9258463331193928,0.009933774834437087,0.17567567567567569,0.8243243243243243,0.75,0.8310581210067898,0.027152317880794703,0.40540540540540543,0.5945945945945945,0.82,0.3226748250240766
10,king poster bed,attribute_constraint,177,21,0.8480411588814943,0.056818181818181816,0.3333333333333333,0.6666666666666667,1.0,0.7630006497066911,0.10795454545454546,0.5238095238095238,0.47619047619047616,0.95,0.9179515466085839,0.25,0.8571428571428571,0.1428571428571429,0.88,0.4919344948489615
11,ombre rug,product_type,1428,65,1.0,0.007042253521126761,0.15384615384615385,0.8461538461538461,1.0,0.9772913518293451,0.014084507042253521,0.2923076923076923,0.7076923076923076,1.0,0.8395199224869502,0.03450704225352113,0.5076923076923077,0.49230769230769234,0.98,0.31407879030197994
12,large spoon and fork wall decor,multi_constraint,225,27,0.8043890678175752,0.05113636363636364,0.2222222222222222,0.7777777777777778,0.9,0.7815845445967003,0.10795454545454546,0.4444444444444444,0.5555555555555556,0.95,0.8763892992127997,0.21022727272727273,0.6296296296296297,0.37037037037037035,0.74,0.63473394235342
13,outdoor privacy wall,product_type,122,46,1.0,0.15789473684210525,0.1956521739130435,0.8043478260869565,0.9,1.0,0.3157894736842105,0.391304347826087,0.6086956521739131,0.9,0.9817137807525009,0.7017543859649122,0.8260869565217391,0.17391304347826086,0.82,0.827940335030824
14,beds that have leds,product_type,2692,20,0.7065768066669244,0.004455760661998727,0.25,0.75,0.9,0.6211143834254079,0.008911521323997454,0.3,0.7,0.85,0.6474089745967524,0.021005728835136857,0.45,0.55,0.88,0.3816825830335814
15,black 5 drawer dresser by guilford,multi_constraint,613,2,0.8383354523103075,0.016722408026755852,0.5,0.5,1.0,0.8775146726258255,0.033444816053511704,0.5,0.5,1.0,0.9441943310099928,0.08193979933110368,1.0,0.0,0.98,0.24888836105916073
16,blk 18x18 seat cushions,attribute_constraint,493,4,0.6461092856354751,0.015037593984962405,0.25,0.75,0.4,0.6592733960525233,0.03007518796992481,0.5,0.5,0.45,0.6098752487510597,0.07894736842105263,0.5,0.5,0.52,0.11402918622589717
17,closet storage with zipper,product_type,103,21,0.37962081462451813,0.06796116504854369,0.0,1.0,0.7,0.4313728532941576,0.11650485436893204,0.047619047619047616,0.9523809523809523,0.6,0.6580870649369766,0.2621359223300971,0.2857142857142857,0.7142857142857143,0.54,0.1159026408212839
18,chrome bathroom 4 light vanity light,multi_constraint,1053,34,0.7996492687209279,0.0364963503649635,0.17647058823529413,0.8235294117647058,1.0,0.7882439963876531,0.06934306569343066,0.38235294117647056,0.6176470588235294,1.0,0.7930193000037011,0.17883211678832117,0.6470588235294118,0.3529411764705882,1.0,0.521725709522143
19,gurney  slade 56,attribute_constraint,14,0,0.8482378089219648,0.0,,,0.0,0.9674378546104168,0.0,,,0.0,0.9674378546104168,0.1,,,0.02,0.35300904324873134
20,foutains with brick look,product_type,94,12,0.2704440083705358,0.0,0.0,1.0,0.0,0.4163011798036943,0.0,0.0,1.0,0.05,0.593485173396112,0.03333333333333333,0.08333333333333333,0.9166666666666666,0.1,-0.0815272390296846
21,living curtains pearl,product_type,127,1,0.7863639746437393,0.031496062992125984,0.0,1.0,0.4,0.8453652093485086,0.06299212598425197,0.0,1.0,0.4,0.9061642441405326,0.11023622047244094,1.0,0.0,0.28,0.13365271413995516
22,light and navy blue decorative pillow,multi_constraint,251,22,0.48006117753205346,0.030612244897959183,0.045454545454545456,0.9545454545454546,0.6,0.5263984840416255,0.061224489795918366,0.09090909090909091,0.9090909090909091,0.6,0.6816089268796283,0.14285714285714285,0.3181818181818182,0.6818181818181819,0.56,0.6232021861154585
23,stoneford end tables white and wood,multi_constraint,1266,0,1.0,0.007328990228013029,,,0.9,1.0,0.013843648208469055,,,0.85,1.0,0.03257328990228013,,,0.8,0.24131473878927584
24,wood coffee table set by storage,multi_constraint,2559,84,0.5211050586064612,0.004764173415912339,0.03571428571428571,0.9642857142857143,1.0,0.5265348602420324,0.009528346831824679,0.07142857142857142,0.9285714285714286,1.0,0.5094328611298954,0.023820867079561697,0.15476190476190477,0.8452380952380952,1.0,0.570205141373241
25,sunflower,brand_entity_proxy,242,227,1.0,0.04329004329004329,0.04405286343612335,0.9559471365638766,1.0,1.0,0.08658008658008658,0.0881057268722467,0.9118942731277533,1.0,1.0,0.21645021645021645,0.22026431718061673,0.7797356828193833,1.0,0.27013948711942887
26,leather chairs,attribute_constraint,3746,876,0.8611375561264455,0.0030422878004259203,0.0091324200913242,0.9908675799086758,1.0,0.8629784056717184,0.005780346820809248,0.017123287671232876,0.9828767123287672,0.95,0.9160479310607504,0.013690295101916642,0.04680365296803653,0.9531963470319634,0.9,0.54535514490861
27,outdoor welcome rug,product_type,344,100,0.6324459583587113,0.029239766081871343,0.05,0.95,1.0,0.6248046861941634,0.05555555555555555,0.08,0.92,0.95,0.6642858616486773,0.11988304093567251,0.22,0.78,0.82,0.2968792548245944
28,rooster decor,brand_entity_proxy,725,175,1.0,0.03333333333333333,0.05714285714285714,0.9428571428571428,1.0,1.0,0.06666666666666667,0.11428571428571428,0.8857142857142857,1.0,0.9907940618881942,0.16666666666666666,0.28,0.72,1.0,0.7121869588965963
29,bathroom vanity knobs,product_type,802,138,0.0,0.0,0.0,1.0,0.8,0.0,0.0,0.0,1.0,0.8,0.0,0.0,0.0,1.0,0.88,-0.49743100366860893
30,3 1/2 inch drawer pull,multi_constraint,549,88,0.583845168395474,0.029411764705882353,0.045454545454545456,0.9545454545454546,1.0,0.5862603208988488,0.058823529411764705,0.09090909090909091,0.9090909090909091,1.0,0.5846711881166996,0.14705882352941177,0.2159090909090909,0.7840909090909091,1.0,0.7201251082996832
31,burnt orange curtains,product_type,168,1,0.6943559465628248,0.023809523809523808,0.0,1.0,0.4,0.7787676299523247,0.06547619047619048,0.0,1.0,0.55,0.865751383782762,0.1488095238095238,0.0,1.0,0.5,-0.016754061243181222
32,dark gray dresser,attribute_constraint,211,3,0.8864335680588812,0.016483516483516484,0.6666666666666666,0.33333333333333337,0.3,0.9115210861339315,0.03296703296703297,0.6666666666666666,0.33333333333333337,0.3,0.9302686440529443,0.08241758241758242,0.6666666666666666,0.33333333333333337,0.3,0.4326116861624539
33,non slip shower floor tile,multi_constraint,669,125,0.5729390580646594,0.012987012987012988,0.024,0.976,0.5,0.547720769342431,0.023376623376623377,0.032,0.968,0.45,0.5717077763697552,0.06753246753246753,0.08,0.92,0.54,0.7216936228739896
34,bar stool with backrest,product_type,740,374,0.6913386390717092,0.012244897959183673,0.0106951871657754,0.9893048128342246,0.9,0.6375478420908401,0.02585034013605442,0.0213903743315508,0.9786096256684492,0.95,0.6501260701116384,0.061224489795918366,0.053475935828877004,0.946524064171123,0.9,0.10021355683128201
35,enclosed shoe rack,product_type,174,51,0.38559884598578353,0.046511627906976744,0.0196078431372549,0.9803921568627451,0.8,0.4132112943538219,0.10465116279069768,0.0392156862745098,0.9607843137254902,0.9,0.40611229315814845,0.2558139534883721,0.09803921568627451,0.9019607843137255,0.88,-0.165291258512435
36,laundry basket with wheels,product_type,157,37,0.92663607790064,0.04487179487179487,0.16216216216216217,0.8378378378378378,0.7,0.8864758308075281,0.09615384615384616,0.3783783783783784,0.6216216216216216,0.75,0.8205364152402385,0.23717948717948717,0.5945945945945946,0.4054054054054054,0.74,0.5033958712013464
37,bar stool 24 inches height,multi_constraint,875,110,0.5905953582139375,0.012150668286755772,0.03636363636363636,0.9636363636363636,1.0,0.5725314180485048,0.024301336573511544,0.06363636363636363,0.9363636363636364,1.0,0.5454588345002115,0.0583232077764277,0.12727272727272726,0.8727272727272728,0.96,0.29357948364319
38,calvin patio chair,product_type,255,1,1.0,0.04716981132075472,1.0,0.0,1.0,1.0,0.08018867924528301,1.0,0.0,0.85,0.9849477884517644,0.1792452830188679,1.0,0.0,0.78,0.5247417006599171
39,door jewelry organizer,product_type,149,31,0.3333333333333333,0.06711409395973154,0.0,1.0,1.0,0.42624450769176625,0.1342281879194631,0.12903225806451613,0.8709677419354839,1.0,0.5535510830859488,0.33557046979865773,0.3548387096774194,0.6451612903225806,1.0,0.11839762799747555
40,elegant executive chair,product_type,166,40,0.5620123278040758,0.06097560975609756,0.1,0.9,1.0,0.5999068677278663,0.12195121951219512,0.225,0.775,1.0,0.660877744090039,0.29878048780487804,0.525,0.475,0.98,0.34729270898316855
41,closet pull out valet rod,multi_constraint,143,19,0.8280830839570048,0.125,0.3684210526315789,0.631578947368421,1.0,0.7856933165858347,0.25,0.631578947368421,0.368421052631579,1.0,0.8515900335878342,0.3875,0.7894736842105263,0.21052631578947367,0.66,0.502386867310942
42,toddler couch fold out,product_type,149,3,0.7089417837068731,0.10666666666666667,0.3333333333333333,0.6666666666666667,0.9,0.7732383204328971,0.21333333333333335,0.3333333333333333,0.6666666666666667,0.85,0.8725444155811428,0.4666666666666667,0.3333333333333333,0.6666666666666667,0.72,0.7660752054122119
43,solid teak end table,product_type,1231,22,0.884542244434516,0.009514747859181731,0.36363636363636365,0.6363636363636364,1.0,0.8588517114883907,0.019029495718363463,0.6818181818181818,0.31818181818181823,1.0,0.9133873453763413,0.04281636536631779,0.9090909090909091,0.09090909090909094,0.96,0.3122424703976569
44,chrome shower head and valve,multi_constraint,219,33,0.5624644609280969,0.04608294930875576,0.09090909090909091,0.9090909090909091,1.0,0.5060782485097659,0.07834101382488479,0.12121212121212122,0.8787878787878788,0.85,0.5947912744631046,0.1935483870967742,0.30303030303030304,0.696969696969697,0.84,0.10535307179900293
45,70s inspired furniture,attribute_constraint,169,20,0.5652745409093872,0.028037383177570093,0.05,0.95,0.3,0.5053122763884309,0.037383177570093455,0.05,0.95,0.2,0.7233265088611373,0.06542056074766354,0.1,0.9,0.14,0.6306354367007019
46,beach blue headboard,attribute_constraint,104,5,0.6983913121737403,0.0784313725490196,0.6,0.4,0.8,0.7565978728991952,0.10784313725490197,0.6,0.4,0.55,0.8222421117226802,0.21568627450980393,0.6,0.4,0.44,0.19607710012740678
47,porcelain loaf pan,product_type,105,0,0.9052116356304495,0.09,,,1.0,0.938826684621968,0.18,,,0.95,0.9666083514034188,0.48,,,0.98,0.19328907789694827
48,arwen table lamp,product_type,282,1,0.8471779732814125,0.03546099290780142,1.0,0.0,1.0,0.8893838149761623,0.0673758865248227,1.0,0.0,0.95,0.932875691891381,0.1524822695035461,1.0,0.0,0.86,0.10149411447657583
49,moen matte black hooks,attribute_constraint,135,0,0.92663607790064,0.05172413793103448,,,0.7,0.9130322530662985,0.09482758620689655,,,0.65,0.9525283789688235,0.20689655172413793,,,0.52,0.47881426517215925
50,tufted chair with gold legs,multi_constraint,404,28,0.84037276213159,0.017902813299232736,0.17857142857142858,0.8214285714285714,0.7,0.7064354550314088,0.030690537084398978,0.25,0.75,0.6,0.7730265623355154,0.07161125319693094,0.35714285714285715,0.6428571428571428,0.56,0.3479559550019329
51,kohen 5 drawer dresser,attribute_constraint,595,1,1.0,0.017006802721088437,1.0,0.0,1.0,1.0,0.034013605442176874,1.0,0.0,1.0,1.0,0.08333333333333333,1.0,0.0,0.98,0.16691695284817376
52,westling coffee table,product_type,1433,0,1.0,0.007042253521126761,,,1.0,1.0,0.014084507042253521,,,1.0,1.0,0.035211267605633804,,,1.0,0.13589652265377164
53,carolyn console table,product_type,610,0,1.0,0.01639344262295082,,,1.0,1.0,0.03278688524590164,,,1.0,1.0,0.08196721311475409,,,1.0,
54,wayfair sleep zippered,product_type,143,5,0.5092932688116033,0.057971014492753624,0.2,0.8,0.8,0.6397627757892981,0.11594202898550725,0.2,0.8,0.8,0.7744126041566061,0.2463768115942029,0.6,0.4,0.68,0.21588729606042675
55,tollette teal outdoor rug,product_type,171,1,1.0,0.058823529411764705,1.0,0.0,1.0,1.0,0.11764705882352941,1.0,0.0,1.0,1.0,0.29411764705882354,1.0,0.0,1.0,0.18622492465354767
56,royal blue counter height chairs,multi_constraint,344,0,1.0,0.03896103896103896,,,0.9,1.0,0.047619047619047616,,,0.55,0.9410163121025695,0.08225108225108226,,,0.38,0.540484236694274
57,jordanna solid wood rocking,attribute_constraint,1406,1,0.8577721221757447,0.042105263157894736,1.0,0.0,1.0,0.897052109654805,0.06842105263157895,1.0,0.0,0.75,0.8113505607728523,0.14210526315789473,1.0,0.0,0.6,0.2861846662020574
58,medium size chandelier,product_type,164,63,0.37962081462451813,0.018518518518518517,0.0,1.0,0.3,0.4330772384058749,0.04938271604938271,0.015873015873015872,0.9841269841269842,0.4,0.47985810286790825,0.09876543209876543,0.031746031746031744,0.9682539682539683,0.32,-0.17942908584147266
59,broadway lever,brand_entity_proxy,165,43,1.0,0.06451612903225806,0.23255813953488372,0.7674418604651163,1.0,1.0,0.12903225806451613,0.46511627906976744,0.5348837209302326,1.0,0.9844928932834659,0.2903225806451613,0.9767441860465116,0.023255813953488413,0.9,0.7259264644759149
60,capricorn chest,brand_entity_proxy,332,3,0.6863454702511226,0.024691358024691357,0.3333333333333333,0.6666666666666667,0.9,0.735161577564672,0.05246913580246913,0.3333333333333333,0.6666666666666667,0.95,0.8569455488225798,0.12345679012345678,0.6666666666666666,0.33333333333333337,0.86,0.003852020662078345
61,overstreet rustic pub stools,style,162,1,0.6943559465628248,0.04938271604938271,0.0,1.0,0.8,0.7787676299523247,0.08641975308641975,0.0,1.0,0.7,0.865751383782762,0.14814814814814814,0.0,1.0,0.48,0.04634508026187093
62,7qt slow cooker,attribute_constraint,157,9,0.8509559922540189,0.06756756756756757,0.6666666666666666,0.33333333333333337,1.0,0.9086705549975644,0.13513513513513514,0.7777777777777778,0.2222222222222222,1.0,0.9336607880806193,0.33783783783783783,0.7777777777777778,0.2222222222222222,1.0,0.4735865349894118
63,monthly calendar,brand_entity_proxy,115,72,0.8632555551147044,0.09433962264150944,0.1111111111111111,0.8888888888888888,1.0,0.91174960018775,0.18867924528301888,0.25,0.75,1.0,0.9036745791480348,0.4716981132075472,0.5972222222222222,0.4027777777777778,1.0,0.543506780898538
64,zachary 72.5,attribute_constraint,77,1,1.0,0.013513513513513514,1.0,0.0,0.1,1.0,0.013513513513513514,1.0,0.0,0.05,0.9755525317186005,0.02702702702702703,1.0,0.0,0.04,0.16108080564432856
65,gnome fairy garden,product_type,156,38,0.6166173425444474,0.06535947712418301,0.07894736842105263,0.9210526315789473,1.0,0.607827399280152,0.12418300653594772,0.15789473684210525,0.8421052631578947,0.95,0.5790478230839108,0.3202614379084967,0.2631578947368421,0.736842105263158,0.98,0.04365467092107528
66,novara pergola,brand_entity_proxy,69,1,1.0,0.15625,1.0,0.0,1.0,1.0,0.3125,1.0,0.0,1.0,1.0,0.703125,1.0,0.0,0.9,0.44258907935883585
67,osgood mirror,product_type,587,0,1.0,0.01984126984126984,,,1.0,1.0,0.03968253968253968,,,1.0,1.0,0.0992063492063492,,,1.0,0.4497109988211842
68,nautical platters,brand_entity_proxy,204,89,0.8082491001905819,0.05952380952380952,0.07865168539325842,0.9213483146067416,1.0,0.8091080491423137,0.11904761904761904,0.15730337078651685,0.8426966292134832,1.0,0.8077915774679497,0.2976190476190476,0.39325842696629215,0.6067415730337078,1.0,0.6757537312993628
69,wall sconce with usb port,multi_constraint,235,13,0.8421283856352149,0.04975124378109453,0.5384615384615384,0.46153846153846156,1.0,0.8148696759645221,0.0945273631840796,0.6153846153846154,0.3846153846153846,0.95,0.8760409652514914,0.19900497512437812,0.6923076923076923,0.3076923076923077,0.82,0.390919161836381
70,annex dresser,product_type,504,1,0.6943559465628248,0.015904572564612324,0.0,1.0,0.8,0.8291356586608952,0.02982107355864811,0.0,1.0,0.75,0.8963157996241624,0.06560636182902585,1.0,0.0,0.66,0.10412997203452684
71,infant girl crib bedding,product_type,139,47,0.554462448726138,0.07246376811594203,0.0851063829787234,0.9148936170212766,1.0,0.6153039703103114,0.14492753623188406,0.2127659574468085,0.7872340425531915,1.0,0.6381655659899605,0.36231884057971014,0.48936170212765956,0.5106382978723405,1.0,0.2239613647963399
72,fold in half table,product_type,174,85,1.0,0.06134969325153374,0.11764705882352941,0.8823529411764706,1.0,1.0,0.12269938650306748,0.23529411764705882,0.7647058823529411,1.0,0.9756490880057153,0.3006134969325153,0.5647058823529412,0.43529411764705883,1.0,0.7644430013535337
73,certified international melamine,product_type,181,0,1.0,0.050314465408805034,,,0.8,1.0,0.1069182389937107,,,0.85,1.0,0.2578616352201258,,,0.82,0.5297335183173906
74,serta kleinmon,brand_entity_proxy,87,3,0.9842543681010357,0.09523809523809523,1.0,0.0,0.8,0.9877326743057525,0.13095238095238096,1.0,0.0,0.55,0.981180455044127,0.23809523809523808,1.0,0.0,0.4,0.32417368218177417
75,sheffield home bath set,product_type,231,4,0.5389830261406382,0.058394160583941604,0.25,0.75,0.8,0.590964020356516,0.08759124087591241,0.25,0.75,0.65,0.7128174313021414,0.2116788321167883,0.25,0.75,0.64,0.5123258905456858
76,46 inch closet door,attribute_constraint,135,2,0.4898927308728905,0.12727272727272726,0.0,1.0,0.8,0.5673881823774524,0.21818181818181817,0.0,1.0,0.7,0.5092537961009085,0.36363636363636365,0.0,1.0,0.48,0.321628511010408
77,sancroft armchair,brand_entity_proxy,661,1,0.6943559465628248,0.015128593040847202,0.0,1.0,1.0,0.7787676299523247,0.028744326777609682,0.0,1.0,0.95,0.865751383782762,0.07413010590015129,0.0,1.0,0.98,-0.026519238251125468
78,dorel vanity,brand_entity_proxy,948,3,0.5159958223394444,0.011723329425556858,0.0,1.0,1.0,0.6229152997582164,0.023446658851113716,0.0,1.0,1.0,0.7516339866803449,0.053927315357561546,0.0,1.0,0.92,0.2975607145590752
79,palram harmony greenhouses,product_type,122,0,1.0,0.09523809523809523,,,1.0,0.8923941032785011,0.1619047619047619,,,1.0,0.9266943858303787,0.4380952380952381,,,1.0,0.29874320590264297
80,7 draw white dresser,attribute_constraint,198,39,0.8101238658574904,0.05102040816326531,0.15384615384615385,0.8461538461538461,1.0,0.6916899451088223,0.10204081632653061,0.20512820512820512,0.7948717948717949,1.0,0.6821691740650029,0.24489795918367346,0.38461538461538464,0.6153846153846154,0.96,0.3635051571362404
81,orren ellis l shape desk,multi_constraint,233,75,0.6337103840391982,0.045662100456621,0.05333333333333334,0.9466666666666667,1.0,0.6415014706827153,0.0867579908675799,0.12,0.88,0.95,0.5819501602532228,0.2054794520547945,0.2,0.8,0.9,0.15470248640635811
82,bathroom vanity with counter space,multi_constraint,668,53,0.42590829591570295,0.013761467889908258,0.018867924528301886,0.9811320754716981,0.9,0.39307819146889567,0.027522935779816515,0.018867924528301886,0.9811320754716981,0.9,0.4148044213880207,0.07033639143730887,0.11320754716981132,0.8867924528301887,0.92,0.16292660137809806
83,wall art fiji,product_type,103,0,1.0,0.0,,,0.0,1.0,0.010309278350515464,,,0.05,0.9843500333548644,0.061855670103092786,,,0.12,0.2997442322712777
84,full metal bed rose gold,multi_constraint,299,1,0.6943559465628248,0.03827751196172249,0.0,1.0,0.8,0.7787676299523247,0.06698564593301436,0.0,1.0,0.7,0.865751383782762,0.1722488038277512,0.0,1.0,0.72,0.5521574500411008
85,3/4 size mattress,attribute_constraint,152,0,1.0,0.018867924528301886,,,0.2,1.0,0.03773584905660377,,,0.2,1.0,0.10377358490566038,,,0.22,0.7957163590675893
86,aloe vera plant pot,product_type,142,15,0.6613374802049091,0.07246376811594203,0.26666666666666666,0.7333333333333334,1.0,0.6930537547490442,0.14492753623188406,0.4666666666666667,0.5333333333333333,1.0,0.8616983955867439,0.36231884057971014,0.8666666666666667,0.1333333333333333,1.0,0.4371904275536511
87,vlad modular sectional,product_type,221,0,1.0,0.04524886877828054,,,1.0,1.0,0.09049773755656108,,,1.0,1.0,0.21266968325791855,,,0.94,
88,rose gold lounge,attribute_constraint,159,1,0.3834688183050575,0.018518518518518517,0.0,1.0,0.4,0.46596533901528625,0.037037037037037035,0.0,1.0,0.4,0.5410189178726349,0.09259259259259259,1.0,0.0,0.38,-0.06006475231019492
89,whimsical solar lights,product_type,142,68,0.5668883589138177,0.037037037037037035,0.04411764705882353,0.9558823529411765,0.5,0.6514252886842233,0.05925925925925926,0.058823529411764705,0.9411764705882353,0.45,0.6661226234570915,0.17037037037037037,0.22058823529411764,0.7794117647058824,0.48,0.18373296330965813
90,filaret outdoor sofa,product_type,242,0,1.0,0.016597510373443983,,,0.4,1.0,0.04564315352697095,,,0.55,1.0,0.11203319502074689,,,0.54,0.020746887966804982
91,industrial pipe dining  table,style,686,8,0.445248344740568,0.013432835820895522,0.125,0.875,0.9,0.5379114331037969,0.026865671641791045,0.125,0.875,0.9,0.7083815948259701,0.06417910447761194,0.375,0.625,0.86,0.24373179116728422
92,antique silver entry table,attribute_constraint,170,0,1.0,0.024096385542168676,,,0.4,1.0,0.03614457831325301,,,0.3,1.0,0.0783132530120482,,,0.26,0.15736866197305024
93,outdoor sectional dining,product_type,233,58,0.5831107372509856,0.013574660633484163,0.017241379310344827,0.9827586206896551,0.3,0.5644794432934702,0.03619909502262444,0.05172413793103448,0.9482758620689655,0.4,0.5417296886386926,0.1085972850678733,0.10344827586206896,0.896551724137931,0.48,0.2305599937094307
94,kohler whitehaven farmhouse kitchen sink,style,197,4,0.6769125582181964,0.06666666666666667,0.25,0.75,1.0,0.7843370148590356,0.13333333333333333,0.5,0.5,1.0,0.8775212183316782,0.3333333333333333,0.75,0.25,1.0,0.7056312988625253
95,entertainment stand end table,product_type,820,49,0.3333333333333333,0.012269938650306749,0.0,1.0,1.0,0.32149666336386196,0.023312883435582823,0.0,1.0,1.0,0.3298781885409033,0.05889570552147239,0.0,1.0,0.98,-0.12887907804190338
96,bar room wall decor,product_type,384,75,1.0,0.031914893617021274,0.12,0.88,0.9,0.9784411392344535,0.06382978723404255,0.24,0.76,0.9,0.9124071801803347,0.1524822695035461,0.49333333333333335,0.5066666666666666,0.88,0.6988564689514232
97,regner power loom red,attribute_constraint,197,1,1.0,0.05102040816326531,1.0,0.0,1.0,1.0,0.10204081632653061,1.0,0.0,1.0,1.0,0.25510204081632654,1.0,0.0,1.0,0.17274937813231997
98,gracie oaks 62 oller 14 ceiling fan,multi_constraint,124,0,1.0,0.08849557522123894,,,1.0,1.0,0.17699115044247787,,,1.0,1.0,0.4424778761061947,,,1.0,0.4520673535842609
99,arched christmas tree,product_type,121,0,1.0,0.09009009009009009,,,1.0,1.0,0.17117117117117117,,,0.95,1.0,0.44144144144144143,,,0.98,0.41591439992714274
100,tufted upholstered bed diamond,product_type,887,211,0.8623893785099406,0.012315270935960592,0.03317535545023697,0.966824644549763,1.0,0.7470583050694418,0.024630541871921183,0.04739336492890995,0.95260663507109,1.0,0.6884337454020086,0.06157635467980296,0.10900473933649289,0.8909952606635071,1.0,0.4121174833136126
101,48 in entry table with side by side drawer,long_descriptive,283,4,0.5298241244530195,0.011583011583011582,0.0,1.0,0.3,0.6263336976720789,0.02702702702702703,0.0,1.0,0.35,0.7708747404312485,0.07722007722007722,0.25,0.75,0.4,0.20358004186940531
102,flamingo,brand_entity_proxy,68,57,1.0,0.17543859649122806,0.17543859649122806,0.8245614035087719,1.0,1.0,0.3508771929824561,0.3508771929824561,0.6491228070175439,1.0,0.985963223074562,0.7894736842105263,0.7894736842105263,0.21052631578947367,0.92,0.6073502874296344
103,kitchen anti fatigue mats,product_type,368,230,0.717792136596471,0.027247956403269755,0.021739130434782608,0.9782608695652174,1.0,0.7007675713499645,0.05449591280653951,0.043478260869565216,0.9565217391304348,1.0,0.7638242476533681,0.1362397820163488,0.14347826086956522,0.8565217391304347,1.0,0.2300493012585724
104,flour and sugar containers,product_type,179,12,0.5564728394479544,0.0449438202247191,0.16666666666666666,0.8333333333333334,0.8,0.6136808372038312,0.0898876404494382,0.4166666666666667,0.5833333333333333,0.8,0.711710979520156,0.20786516853932585,0.4166666666666667,0.5833333333333333,0.74,0.16650141435755672
105,outdoor movie screen,product_type,149,62,1.0,0.07352941176470588,0.16129032258064516,0.8387096774193549,1.0,1.0,0.14705882352941177,0.3225806451612903,0.6774193548387097,1.0,0.8874326685872388,0.3014705882352941,0.6451612903225806,0.3548387096774194,0.88,0.5742015190932368
106,bed risers,product_type,2245,36,0.9368077570869662,0.10526315789473684,0.25,0.75,1.0,0.9592177897479789,0.21052631578947367,0.5277777777777778,0.4722222222222222,1.0,0.8844197106577962,0.42105263157894735,0.8888888888888888,0.11111111111111116,0.98,0.21958014611628204
107,front porch furniture sets,product_type,309,43,0.4264120970358327,0.019801980198019802,0.0,1.0,0.6,0.4376049695634719,0.033003300330033,0.046511627906976744,0.9534883720930233,0.5,0.43819390215697,0.0891089108910891,0.09302325581395349,0.9069767441860466,0.54,0.20704325773949367
108,ayesha curry kitchen,product_type,131,81,1.0,0.07936507936507936,0.12345679012345678,0.8765432098765432,1.0,1.0,0.15873015873015872,0.24691358024691357,0.7530864197530864,1.0,0.9460819127885656,0.373015873015873,0.5308641975308642,0.4691358024691358,0.96,0.6941980898850887
109,hillsby oriental rug,product_type,247,39,1.0,0.04048582995951417,0.2564102564102564,0.7435897435897436,1.0,0.8863286326682911,0.06882591093117409,0.38461538461538464,0.6153846153846154,0.85,0.842377647323403,0.18218623481781376,0.6410256410256411,0.3589743589743589,0.9,0.5037412819694324
110,mila task chair,product_type,348,0,1.0,0.02881844380403458,,,1.0,1.0,0.05763688760806916,,,1.0,1.0,0.1440922190201729,,,1.0,0.09271455408231195
111,delta trinsic,brand_entity_proxy,161,69,0.955830517697074,0.01935483870967742,0.043478260869565216,0.9565217391304348,0.3,0.9256190283534117,0.03870967741935484,0.08695652173913043,0.9130434782608696,0.3,0.8919999025489364,0.08387096774193549,0.17391304347826086,0.8260869565217391,0.26,0.5677335015702009
112,pineapple,brand_entity_proxy,271,266,1.0,0.03759398496240601,0.03759398496240601,0.9624060150375939,1.0,1.0,0.07518796992481203,0.07518796992481203,0.924812030075188,1.0,1.0,0.18796992481203006,0.18796992481203006,0.8120300751879699,1.0,0.1573782853946031
113,led light strip,product_type,432,75,1.0,0.026455026455026454,0.13333333333333333,0.8666666666666667,1.0,0.9763266600610571,0.05291005291005291,0.25333333333333335,0.7466666666666666,1.0,0.9870778321648319,0.12698412698412698,0.6266666666666667,0.3733333333333333,0.96,0.7072736919157079
114,geralyn upholstered storage platform bed,multi_constraint,1252,3,0.7431286862216819,0.008136696501220505,0.3333333333333333,0.6666666666666667,1.0,0.7998731274903537,0.01627339300244101,0.3333333333333333,0.6666666666666667,1.0,0.8681868729983435,0.04068348250610252,0.3333333333333333,0.6666666666666667,1.0,0.06231600816004973
115,peacock,brand_entity_proxy,224,202,1.0,0.04878048780487805,0.04950495049504951,0.9504950495049505,1.0,1.0,0.0975609756097561,0.09900990099009901,0.900990099009901,1.0,1.0,0.24390243902439024,0.24752475247524752,0.7524752475247525,1.0,0.38126444467814513
116,brockham solid blackout thermal grommet curtain panels,multi_constraint,595,0,1.0,0.01721170395869191,,,1.0,1.0,0.03442340791738382,,,1.0,1.0,0.08605851979345955,,,1.0,0.24814502104062464
117,tall storage cabinet,attribute_constraint,430,128,0.720721358741045,0.019002375296912115,0.03125,0.96875,0.8,0.701994550831454,0.03800475059382423,0.0625,0.9375,0.8,0.6851363902852716,0.09738717339667459,0.1640625,0.8359375,0.82,0.37526052083090095
118,body pillow case,product_type,216,94,0.7453597752277844,0.046296296296296294,0.06382978723404255,0.9361702127659575,1.0,0.7217000363432294,0.08333333333333333,0.10638297872340426,0.8936170212765957,0.9,0.7372915090279847,0.19907407407407407,0.26595744680851063,0.7340425531914894,0.86,0.38743077269606974
119,welcome sign,brand_entity_proxy,441,158,1.0,0.0273972602739726,0.06329113924050633,0.9367088607594937,1.0,0.9784411392344535,0.0547945205479452,0.12025316455696203,0.879746835443038,1.0,0.8979448315099795,0.136986301369863,0.25316455696202533,0.7468354430379747,1.0,0.46356809120339076
120,zodiac pillow,brand_entity_proxy,979,33,1.0,0.012077294685990338,0.30303030303030304,0.696969696969697,1.0,0.9545415572776119,0.024154589371980676,0.5454545454545454,0.4545454545454546,1.0,0.9140246269763093,0.05555555555555555,0.8787878787878788,0.12121212121212122,1.0,0.5330533156785474
121,upholstered bed,product_type,2977,726,0.8313928408361743,0.005548705302096177,0.009641873278236915,0.990358126721763,1.0,0.8911864447590784,0.011713933415536375,0.023415977961432508,0.9765840220385675,1.0,0.8241908341720385,0.025893958076448828,0.05371900826446281,0.9462809917355371,1.0,0.6121132726658357
122,king size bed,attribute_constraint,448,375,1.0,0.023809523809523808,0.02666666666666667,0.9733333333333334,1.0,1.0,0.04285714285714286,0.048,0.952,0.9,0.9688176195557368,0.09523809523809523,0.10133333333333333,0.8986666666666667,0.8,0.1521850809808004
123,entrance table,product_type,4329,187,0.3589542101716347,0.0008771929824561404,0.0106951871657754,0.9893048128342246,1.0,0.2316573268370008,0.0008771929824561404,0.0106951871657754,0.9893048128342246,1.0,0.21800984768635662,0.005263157894736842,0.03208556149732621,0.9679144385026738,1.0,0.04688981689442528
124,unique coffee tables,product_type,1467,324,0.8516646394453452,0.00696594427244582,0.024691358024691357,0.9753086419753086,1.0,0.7638582881622538,0.014705882352941176,0.037037037037037035,0.962962962962963,1.0,0.6316259426548038,0.03560371517027864,0.06172839506172839,0.9382716049382716,1.0,0.09096928060810065
125,boho bed frame,product_type,283,1,0.6943559465628248,0.024,0.0,1.0,0.6,0.7527275940351001,0.04,0.0,1.0,0.5,0.8008650109677592,0.088,1.0,0.0,0.48,0.11414787790926342
126,leather dining chairs,attribute_constraint,719,241,1.0,0.014749262536873156,0.04149377593360996,0.9585062240663901,1.0,0.9545415572776119,0.029498525073746312,0.07468879668049792,0.9253112033195021,1.0,0.9468970314199696,0.07079646017699115,0.1825726141078838,0.8174273858921162,0.96,0.5869569457655639
127,wine bar,brand_entity_proxy,1580,159,1.0,0.035842293906810034,0.06289308176100629,0.9371069182389937,1.0,1.0,0.07168458781362007,0.12578616352201258,0.8742138364779874,1.0,0.943404885233865,0.17562724014336917,0.2830188679245283,0.7169811320754718,1.0,0.5921151467765013
128,block coffee table,product_type,1455,113,0.836179114306529,0.007326007326007326,0.061946902654867256,0.9380530973451328,1.0,0.8942753493776453,0.014652014652014652,0.1504424778761062,0.8495575221238938,1.0,0.8004994715163504,0.03663003663003663,0.2920353982300885,0.7079646017699115,1.0,0.28268739838936807
129,wainscoting ideas,brand_entity_proxy,185,28,0.6249016527668734,0.010526315789473684,0.03571428571428571,0.9642857142857143,0.1,0.6109057818076268,0.021052631578947368,0.07142857142857142,0.9285714285714286,0.1,0.7209133274676017,0.07368421052631578,0.10714285714285714,0.8928571428571429,0.14,0.333905978390872
130,entertainment console,brand_entity_proxy,875,187,0.4066972554326934,0.01152073732718894,0.0053475935828877,0.9946524064171123,1.0,0.3806800132112192,0.020737327188940093,0.0053475935828877,0.9946524064171123,0.9,0.3696109801004264,0.055299539170506916,0.0106951871657754,0.9893048128342246,0.96,-0.43020069630905305
131,kids chair,product_type,3479,173,0.9305687780632227,0.00497787610619469,0.05202312138728324,0.9479768786127167,1.0,0.9551913563983282,0.010508849557522125,0.10982658959537572,0.8901734104046243,1.0,0.9065195832279777,0.025995575221238937,0.24855491329479767,0.7514450867052023,1.0,0.2703919806725946
132,farmhouse cabinet,style,1260,42,0.5391262546669688,0.011844331641285956,0.09523809523809523,0.9047619047619048,1.0,0.48079045380698987,0.023688663282571912,0.14285714285714285,0.8571428571428572,1.0,0.5971847378955172,0.05583756345177665,0.4523809523809524,0.5476190476190477,0.86,0.32944921846473113
133,outdoor light fixtures,product_type,227,170,1.0,0.035,0.041176470588235294,0.9588235294117647,0.7,1.0,0.065,0.07647058823529412,0.9235294117647059,0.65,0.989566688903243,0.175,0.2,0.8,0.7,0.5357259234563889
134,black hanging bookshelf,attribute_constraint,150,3,0.5159958223394444,0.01639344262295082,0.0,1.0,0.2,0.6229152997582164,0.06557377049180328,0.0,1.0,0.4,0.7729828915590347,0.21311475409836064,0.0,1.0,0.52,0.6344001181936454
135,low profile loveseat recliner,product_type,552,10,0.41210912784913734,0.060810810810810814,0.2,0.8,1.0,0.5348635765254651,0.11486486486486487,0.3,0.7,0.9,0.7298358794414351,0.2635135135135135,0.6,0.4,0.8,0.7399528544988756
136,black fluffy stool,attribute_constraint,166,0,0.9052116356304495,0.01818181818181818,,,0.4,0.938826684621968,0.03636363636363636,,,0.35,0.9666083514034188,0.09090909090909091,,,0.32,-0.1291562931014445
137,orren ellis l shaped desk,multi_constraint,233,80,0.5730683814710713,0.03940886699507389,0.0625,0.9375,1.0,0.5592235847771515,0.08866995073891626,0.1,0.9,1.0,0.5608547678471917,0.22660098522167488,0.225,0.775,0.98,0.1159404011392777
138,glass doors for bath,product_type,172,142,1.0,0.06535947712418301,0.07042253521126761,0.9295774647887324,1.0,1.0,0.13071895424836602,0.14084507042253522,0.8591549295774648,1.0,1.0,0.3202614379084967,0.34507042253521125,0.6549295774647887,0.98,0.6489296426141372
139,auburn throw pillows,product_type,339,0,0.8357804136936722,0.024096385542168676,,,0.8,0.8276167776159941,0.04819277108433735,,,0.7,0.8003866545312434,0.10441767068273092,,,0.68,0.00532434868065002
140,wire basket with dividers,product_type,131,3,0.8115024912512995,0.08,0.6666666666666666,0.33333333333333337,1.0,0.8531427416052665,0.16,0.6666666666666666,0.33333333333333337,1.0,0.9032727878612752,0.4,0.6666666666666666,0.33333333333333337,1.0,0.2569862347026736
141,podium with locking cabinet,product_type,161,3,0.15141215438193187,0.027777777777777776,0.0,1.0,0.4,0.2522759896343458,0.08333333333333333,0.0,1.0,0.4,0.31770043227526096,0.1388888888888889,0.3333333333333333,0.6666666666666667,0.3,0.267923249781549
142,kitchen wooden stand,attribute_constraint,203,5,0.46801711126896134,0.05333333333333334,0.2,0.8,0.4,0.5319961940830438,0.06666666666666667,0.2,0.8,0.25,0.5486148584786613,0.06666666666666667,0.2,0.8,0.12,0.3705691860971152
143,queen wingback chair,attribute_constraint,244,3,0.4592126063688851,0.04265402843601896,0.0,1.0,1.0,0.6664063120331177,0.09004739336492891,0.6666666666666666,0.33333333333333337,1.0,0.7334451417039658,0.2132701421800948,0.6666666666666666,0.33333333333333337,1.0,0.07512732465425548
144,rug plum,product_type,1423,116,1.0,0.007558578987150416,0.08620689655172414,0.9137931034482758,1.0,0.9757624746743075,0.015117157974300832,0.16379310344827586,0.8362068965517242,1.0,0.9260026135416434,0.037037037037037035,0.3706896551724138,0.6293103448275862,1.0,0.299656352690355
145,liberty hardware francisco,product_type,143,32,0.49172233893712536,0.046153846153846156,0.09375,0.90625,0.7,0.4818313659468418,0.06923076923076923,0.125,0.875,0.55,0.5746880125514284,0.1,0.21875,0.78125,0.36,-0.00873097102451189
146,laundry vanity cabinet,product_type,111,4,0.4700182601018591,0.03636363636363636,0.0,1.0,0.4,0.5788037469624102,0.06363636363636363,0.0,1.0,0.35,0.7157078870808333,0.09090909090909091,0.0,1.0,0.2,-0.08660027538477576
147,drum picture,brand_entity_proxy,425,12,0.9363792118010482,0.12162162162162163,0.75,0.25,1.0,0.8042112268413526,0.14864864864864866,0.8333333333333334,0.16666666666666663,0.8,0.6599687376943129,0.17567567567567569,0.8333333333333334,0.16666666666666663,0.58,0.18839403825104137
148,industrial,style,249,194,1.0,0.02030456852791878,0.020618556701030927,0.979381443298969,0.4,1.0,0.06598984771573604,0.06701030927835051,0.9329896907216495,0.65,0.9764095037921509,0.09137055837563451,0.09278350515463918,0.9072164948453608,0.36,0.42989369718816584
149,mid century modern,style,173,155,1.0,0.029585798816568046,0.03225806451612903,0.967741935483871,0.5,0.9780900196216153,0.07692307692307693,0.08387096774193549,0.9161290322580645,0.65,0.9588262448290551,0.14792899408284024,0.15483870967741936,0.8451612903225807,0.5,0.15755501463959384
150,dumbbells,brand_entity_proxy,54,21,0.914856882358379,0.42857142857142855,0.42857142857142855,0.5714285714285714,1.0,0.8746321516834928,0.7619047619047619,0.7619047619047619,0.23809523809523814,0.95,0.9336726290096807,0.9047619047619048,0.9047619047619048,0.09523809523809523,0.52,0.6470967991327248
151,leather chair,attribute_constraint,3042,630,0.7983974463374329,0.00247787610619469,0.006349206349206349,0.9936507936507937,0.7,0.7526307196619741,0.00495575221238938,0.014285714285714285,0.9857142857142858,0.7,0.7466192566958133,0.012743362831858408,0.0380952380952381,0.9619047619047619,0.72,0.4741237539588836
152,wishbone chair,product_type,3286,46,0.48006117753205346,0.0025188916876574307,0.021739130434782608,0.9782608695652174,0.8,0.42802669308910507,0.005037783375314861,0.021739130434782608,0.9782608695652174,0.8,0.3997037536089912,0.009760705289672544,0.021739130434782608,0.9782608695652174,0.62,0.24459221912109255
153,bohemian,style,178,145,0.9432379215722527,0.0457516339869281,0.041379310344827586,0.9586206896551724,0.7,0.927857598043595,0.08496732026143791,0.08275862068965517,0.9172413793103449,0.65,0.9407756478976247,0.16339869281045752,0.16551724137931034,0.8344827586206897,0.52,0.3239972914151025
155,floating bed,product_type,2376,8,0.5827862728350789,0.00471253534401508,0.25,0.75,1.0,0.6859267642001554,0.00942507068803016,0.375,0.625,1.0,0.7743527523782441,0.022620169651272386,0.375,0.625,0.96,0.31198309204416036
156,papasan chair frame only,product_type,150,19,0.5289704589316268,0.09259259259259259,0.10526315789473684,0.8947368421052632,1.0,0.591724097788324,0.18518518518518517,0.3684210526315789,0.631578947368421,1.0,0.7918654317150431,0.4166666666666667,0.7368421052631579,0.26315789473684215,0.92,0.6737885329469263
157,velvet chaise,brand_entity_proxy,1085,51,0.6433014024755277,0.014705882352941176,0.09803921568627451,0.9019607843137255,1.0,0.6227790840920133,0.03125,0.17647058823529413,0.8235294117647058,1.0,0.5309958927280422,0.07536764705882353,0.3137254901960784,0.6862745098039216,1.0,0.15046131772129828
158,led nightstand,brand_entity_proxy,834,44,0.8545365814817667,0.013140604467805518,0.1590909090909091,0.8409090909090909,1.0,0.8106500146682387,0.026281208935611037,0.29545454545454547,0.7045454545454546,1.0,0.7939091618862868,0.0657030223390276,0.6363636363636364,0.36363636363636365,1.0,0.3416060927507349
159,meditation,brand_entity_proxy,122,93,1.0,0.10416666666666667,0.10752688172043011,0.8924731182795699,1.0,1.0,0.20833333333333334,0.21505376344086022,0.7849462365591398,1.0,0.9836940396642968,0.40625,0.41935483870967744,0.5806451612903225,0.8,0.5258021779466803
160,marble,brand_entity_proxy,242,226,1.0,0.03056768558951965,0.030973451327433628,0.9690265486725663,0.7,1.0,0.07423580786026202,0.0752212389380531,0.9247787610619469,0.85,1.0,0.1615720524017467,0.16371681415929204,0.8362831858407079,0.74,0.2969722861762708
161,accent chair recliner,product_type,205,38,0.4683221547150041,0.009950248756218905,0.02631578947368421,0.9736842105263158,0.2,0.4680305261417732,0.01990049751243781,0.02631578947368421,0.9736842105263158,0.2,0.4948520085274577,0.03482587064676617,0.02631578947368421,0.9736842105263158,0.14,0.04705372331656306
162,turquoise chair,product_type,3354,23,0.3775028156362593,0.002530044275774826,0.0,1.0,0.8,0.3618388750100211,0.004743833017077799,0.043478260869565216,0.9565217391304348,0.75,0.4894581790523623,0.010120177103099304,0.043478260869565216,0.9565217391304348,0.64,0.3143466029454056
163,dual monitor stand,product_type,94,47,1.0,0.10752688172043011,0.2127659574468085,0.7872340425531915,1.0,0.9037144792913626,0.20430107526881722,0.3191489361702128,0.6808510638297872,0.95,0.8833765098282638,0.4946236559139785,0.7446808510638298,0.25531914893617025,0.92,0.5645552941973688
164,modern outdoor furniture,style,195,128,0.7620807610626807,0.03333333333333333,0.03125,0.96875,0.6,0.8000246639429054,0.05,0.0390625,0.9609375,0.45,0.8327615942125904,0.1111111111111111,0.109375,0.890625,0.4,0.38825341706191385
165,kitchen storage shelves,product_type,193,69,0.955830517697074,0.031413612565445025,0.08695652173913043,0.9130434782608696,0.6,0.8560396620012244,0.06806282722513089,0.15942028985507245,0.8405797101449275,0.65,0.8341792906250542,0.12041884816753927,0.2463768115942029,0.7536231884057971,0.46,0.5084557768005984
166,feather wall art,product_type,111,26,0.92663607790064,0.08256880733944955,0.34615384615384615,0.6538461538461539,1.0,0.9526533201221142,0.1559633027522936,0.6538461538461539,0.34615384615384615,0.9,0.9272686827934783,0.22018348623853212,0.8076923076923077,0.1923076923076923,0.5,0.5432056501273888
167,camper,brand_entity_proxy,136,87,1.0,0.09195402298850575,0.09195402298850575,0.9080459770114943,0.8,1.0,0.1839080459770115,0.1839080459770115,0.8160919540229885,0.8,0.9861175420603099,0.28735632183908044,0.28735632183908044,0.7126436781609196,0.5,0.7433866232402631
168,printers,brand_entity_proxy,68,0,1.0,0.041666666666666664,,,0.2,0.9603789329441843,0.125,,,0.3,0.9773162141538558,0.25,,,0.26,0.7136459234114144
169,coffee bar buffet,product_type,126,27,0.3965255762463672,0.024,0.0,1.0,0.3,0.44398701959011505,0.04,0.037037037037037035,0.962962962962963,0.25,0.6124030367994362,0.072,0.037037037037037035,0.962962962962963,0.18,0.050006799921328976
170,zen,brand_entity_proxy,127,99,1.0,0.1,0.10101010101010101,0.898989898989899,1.0,0.9644899900915856,0.17,0.1717171717171717,0.8282828282828283,0.9,0.8944394583983499,0.28,0.2828282828282828,0.7171717171717171,0.6,0.26916599289168597
171,nectar queen mattress,attribute_constraint,99,0,1.0,0.09090909090909091,,,0.9,1.0,0.13131313131313133,,,0.65,1.0,0.23232323232323232,,,0.46,
172,picasso,brand_entity_proxy,59,42,1.0,0.23809523809523808,0.23809523809523808,0.7619047619047619,1.0,1.0,0.47619047619047616,0.47619047619047616,0.5238095238095238,1.0,0.8812742962953944,0.7142857142857143,0.7142857142857143,0.2857142857142857,0.6,0.4593018358051685
173,bedroom accessories,brand_entity_proxy,316,4,0.35302680130983466,0.00980392156862745,0.0,1.0,0.4,0.46710874767017474,0.00980392156862745,0.0,1.0,0.2,0.5953798453108781,0.0392156862745098,0.0,1.0,0.2,0.40839197848797076
174,star wars rug,product_type,90,0,0.20424960638019765,0.0,,,0.1,0.41570172448126097,0.0,,,0.1,0.5233615116221303,0.0,,,0.08,0.31379745143220816
175,basket planter,brand_entity_proxy,564,70,0.9014470060563649,0.033003300330033,0.11428571428571428,0.8857142857142857,1.0,0.8698379457564636,0.066006600660066,0.21428571428571427,0.7857142857142857,1.0,0.8693380441270452,0.15841584158415842,0.5285714285714286,0.4714285714285714,0.96,0.709203087872575
176,mexican art,brand_entity_proxy,397,23,0.9048032373092417,0.02544529262086514,0.34782608695652173,0.6521739130434783,1.0,0.869841429080643,0.04580152671755725,0.6086956521739131,0.3913043478260869,0.9,0.8980888770757979,0.08651399491094147,0.7391304347826086,0.26086956521739135,0.68,0.33290803693332655
177,rustic storage cabinet,style,378,16,0.7448559741076545,0.015915119363395226,0.3125,0.6875,0.6,0.6843298566523978,0.03183023872679045,0.3125,0.6875,0.6,0.8181725128193208,0.050397877984084884,0.375,0.625,0.38,0.2436198807630309
178,almost heaven sauna,product_type,74,24,0.6010699553505001,0.18867924528301888,0.20833333333333334,0.7916666666666666,1.0,0.6007843741595861,0.37735849056603776,0.375,0.625,1.0,0.8146302527074746,0.9433962264150944,0.9166666666666666,0.08333333333333337,1.0,0.5788454338446993
179,promo codes or discounts,product_type,1,0,1.0,0.0,,,0.0,1.0,0.0,,,0.0,1.0,0.0,,,0.0,
180,outdoor lounge cushions,product_type,403,72,0.8525377246567915,0.024875621890547265,0.09722222222222222,0.9027777777777778,1.0,0.7877831212520837,0.04477611940298507,0.1527777777777778,0.8472222222222222,0.9,0.7440327859253782,0.10696517412935323,0.3472222222222222,0.6527777777777778,0.86,0.3884925081263241
181,e12/candelabra,attribute_constraint,122,104,1.0,0.00819672131147541,0.009615384615384616,0.9903846153846154,0.1,1.0,0.01639344262295082,0.019230769230769232,0.9807692307692307,0.1,1.0,0.040983606557377046,0.04807692307692308,0.9519230769230769,0.1,0.614282734223425
182,penny round tile,attribute_constraint,98,58,1.0,0.10204081632653061,0.1724137931034483,0.8275862068965517,1.0,0.9267458335579344,0.20408163265306123,0.29310344827586204,0.7068965517241379,1.0,0.9504283668376399,0.5,0.7758620689655172,0.22413793103448276,0.98,0.7251036825002486
183,farmhouse bread box,style,78,6,0.4767610926713327,0.13513513513513514,0.16666666666666666,0.8333333333333334,1.0,0.6083163225313901,0.2702702702702703,0.3333333333333333,0.6666666666666667,1.0,0.8060318415786135,0.6486486486486487,0.8333333333333334,0.16666666666666663,0.96,0.32624219779765623
184,sugar canister,brand_entity_proxy,185,59,0.7034965717860189,0.05434782608695652,0.1016949152542373,0.8983050847457628,1.0,0.6870937953346177,0.10869565217391304,0.1864406779661017,0.8135593220338984,1.0,0.6931369746409811,0.24456521739130435,0.423728813559322,0.576271186440678,0.9,0.3125002594759582
185,lunch bag,brand_entity_proxy,124,34,1.0,0.21739130434782608,0.29411764705882354,0.7058823529411764,1.0,1.0,0.43478260869565216,0.5882352941176471,0.4117647058823529,1.0,0.9011639415528231,0.782608695652174,0.9117647058823529,0.08823529411764708,0.96,0.6852851339734334
186,board game storage cabinet,product_type,385,4,0.5734654091600279,0.01832460732984293,0.25,0.75,0.7,0.6610170541210604,0.034031413612565446,0.25,0.75,0.65,0.8194265017497425,0.08900523560209424,0.75,0.25,0.68,0.20195244251961064
188,"bedroom wall decor floral, multicolored with some teal (prints)",long_descriptive,277,8,0.40550258889201557,0.028089887640449437,0.125,0.875,0.6,0.5697037808271187,0.0449438202247191,0.125,0.875,0.45,0.7376302873725117,0.05056179775280899,0.125,0.875,0.2,0.08086931235313072
189,big basket for dirty cloths,multi_constraint,73,31,0.5341361977364265,0.05555555555555555,0.03225806451612903,0.967741935483871,0.4,0.5584117984126862,0.08333333333333333,0.03225806451612903,0.967741935483871,0.3,0.7284727638680285,0.2222222222222222,0.1935483870967742,0.8064516129032258,0.32,0.04113994218736549
190,benjiamino faux leather power lift chair,multi_constraint,792,5,0.43518692560571737,0.014064697609001406,0.0,1.0,1.0,0.5441885155473163,0.02812939521800281,0.0,1.0,1.0,0.6862448652703705,0.06891701828410689,0.0,1.0,0.98,0.39158197711846654
191,biycicle plant stands,product_type,217,0,1.0,0.04608294930875576,,,1.0,1.0,0.08755760368663594,,,0.95,1.0,0.21658986175115208,,,0.94,
193,belchertown table lamp,product_type,278,0,1.0,0.03597122302158273,,,1.0,1.0,0.0683453237410072,,,0.95,1.0,0.1618705035971223,,,0.9,
194,black frame 22 x 36,multi_constraint,293,0,1.0,0.07865168539325842,,,0.7,0.9676617088516802,0.15730337078651685,,,0.7,0.9170160922946148,0.24719101123595505,,,0.48,0.6714140211931419
195,black freestanding tub  with faucet,multi_constraint,110,3,0.9445621041708653,0.09803921568627451,1.0,0.0,1.0,0.956808673776726,0.19607843137254902,1.0,0.0,1.0,0.9715521274207489,0.4803921568627451,1.0,0.0,0.98,0.3460087067192255
196,chabely 5 draw chest,attribute_constraint,165,0,1.0,0.05,,,0.8,1.0,0.10625,,,0.85,1.0,0.25,,,0.8,0.2241695419630683
197,desk for kids tjat ate 10 year old,long_descriptive,41,23,1.0,0.07317073170731707,0.13043478260869565,0.8695652173913043,0.3,0.9320591511248557,0.17073170731707318,0.30434782608695654,0.6956521739130435,0.35,0.9894407068758495,0.43902439024390244,0.6956521739130435,0.30434782608695654,0.36,0.6521319287153219
198,cake plates with tops,product_type,82,10,0.3846125142812304,0.16666666666666666,0.1,0.9,0.9,0.6035703160792274,0.3125,0.3,0.7,0.8,0.7312491793635766,0.5833333333333334,0.7,0.30000000000000004,0.6,0.6196573681430353
199,blue faux throw with pillows,multi_constraint,384,0,0.9337457765456111,0.01876675603217158,,,0.7,0.9572416874849684,0.029490616621983913,,,0.6,0.9608593964207837,0.0777479892761394,,,0.62,0.03274410090924396
200,ceramic tile sea shell,product_type,247,3,0.5159958223394444,0.040983606557377046,0.0,1.0,1.0,0.7160298325969701,0.06967213114754098,0.6666666666666666,0.33333333333333337,0.85,0.8374758980874882,0.1762295081967213,1.0,0.0,0.86,0.1916279578400104
201,delta trinsic double towel hook in champagne bronze,long_descriptive,124,0,1.0,0.04081632653061224,,,0.4,1.0,0.07142857142857142,,,0.35,0.9826137020047634,0.16326530612244897,,,0.32,0.63038674540963
202,full mattress padded liner,product_type,83,45,0.8611511462453225,0.04819277108433735,0.08888888888888889,0.9111111111111111,0.4,0.8624806181510061,0.10843373493975904,0.15555555555555556,0.8444444444444444,0.45,0.830938386200033,0.20481927710843373,0.26666666666666666,0.7333333333333334,0.34,0.3048266558146721
203,ge top loading washer 4.5,multi_constraint,87,5,0.5560491656685747,0.12048192771084337,0.2,0.8,1.0,0.7213241608465479,0.24096385542168675,0.6,0.4,1.0,0.8484643804142706,0.6024096385542169,1.0,0.0,1.0,0.3980119358754983
204,fleur de lis living candle wall sconce bronze,long_descriptive,191,7,0.6559144038866422,0.05747126436781609,0.42857142857142855,0.5714285714285714,1.0,0.7482455950413195,0.10344827586206896,0.42857142857142855,0.5714285714285714,0.9,0.8580302929690578,0.2471264367816092,0.7142857142857143,0.2857142857142857,0.86,0.3924167947238572
205,ines shag rug w003096809,attribute_constraint,93,12,0.48006117753205346,0.0967741935483871,0.08333333333333333,0.9166666666666666,0.9,0.554529401788682,0.17204301075268819,0.16666666666666666,0.8333333333333334,0.8,0.7902832181497818,0.3655913978494624,0.5833333333333334,0.41666666666666663,0.68,0.1314293424947984
206,grill cover 73,attribute_constraint,67,2,0.8383354523103075,0.1694915254237288,0.5,0.5,1.0,0.9316671639664095,0.3389830508474576,1.0,0.0,1.0,0.9454146368308209,0.8135593220338984,1.0,0.0,0.98,0.5238457143209513
207,dull bed with shirt head board,multi_constraint,34,0,1.0,0.0,,,0.0,1.0,0.0,,,0.0,1.0,0.0,,,0.0,
208,"fawkes 36"" blue vanity",attribute_constraint,118,0,1.0,0.01694915254237288,,,0.2,1.0,0.05084745762711865,,,0.3,1.0,0.16101694915254236,,,0.38,
209,door pulls bronze matte 4 inch,multi_constraint,198,0,0.9148568823583791,0.031746031746031744,,,0.4,0.9086951239394752,0.031746031746031744,,,0.25,0.9501609432523528,0.07142857142857142,,,0.2,0.6923179444715262
210,love seat wide faux leather tuxedo arm sofa,long_descriptive,1045,9,0.7479481606403444,0.009615384615384616,0.5555555555555556,0.4444444444444444,1.0,0.8198873640320052,0.019230769230769232,0.6666666666666666,0.33333333333333337,1.0,0.9271535678806494,0.0375,1.0,0.0,0.78,0.14783802260898407
211,memory foam rug galveston,product_type,332,0,1.0,0.08403361344537816,,,1.0,1.0,0.15966386554621848,,,0.95,1.0,0.40336134453781514,,,0.96,0.6609805204032743
212,nettie 5 pc bar set,multi_constraint,358,2,0.8371502542999002,0.030927835051546393,1.0,0.0,0.8,0.8252736289955986,0.04639175257731959,1.0,0.0,0.65,0.7839594131388111,0.11855670103092783,1.0,0.0,0.58,0.1623015177405974
213,kraus kitchen sink faucet oletto kpf 2820 sfs,long_descriptive,271,1,0.5331373891434117,0.02877697841726619,1.0,0.0,0.9,0.465844719938897,0.03597122302158273,1.0,0.0,0.65,0.41171729637225285,0.05755395683453238,1.0,0.0,0.5,-0.18599796209994054
214,light wood nightstand with silver accents,multi_constraint,225,0,1.0,0.05223880597014925,,,0.7,1.0,0.08955223880597014,,,0.6,1.0,0.1791044776119403,,,0.48,0.8246963034157003
215,king adjustable bed including mattress,multi_constraint,250,30,0.3900954117610807,0.037037037037037035,0.03333333333333333,0.9666666666666667,0.9,0.41593072624340927,0.07818930041152264,0.1,0.9,0.95,0.4824613798626956,0.1934156378600823,0.13333333333333333,0.8666666666666667,0.94,0.06867608187127376
216,music plug wall plate,product_type,189,8,0.8180000320636025,0.054945054945054944,0.625,0.375,1.0,0.8835440941947643,0.10989010989010989,0.75,0.25,1.0,0.935558220977141,0.27472527472527475,0.875,0.125,1.0,0.363336155933855
218,wand bunk beds,product_type,65,0,1.0,0.07692307692307693,,,0.5,1.0,0.1076923076923077,,,0.35,1.0,0.2153846153846154,,,0.28,
219,trinaic towel rod,product_type,38,0,1.0,0.15789473684210525,,,0.6,1.0,0.23684210526315788,,,0.45,1.0,0.5,,,0.38,
220,sheets for twinxl,product_type,127,52,0.8777267965010664,0.10309278350515463,0.15384615384615385,0.8461538461538461,1.0,0.8758566661657009,0.20618556701030927,0.3076923076923077,0.6923076923076923,1.0,0.8474132379768105,0.5051546391752577,0.7115384615384616,0.28846153846153844,0.98,0.7534818026076607
221,small space dining table and chairs sets,multi_constraint,1719,73,0.639252739053446,0.007978723404255319,0.0547945205479452,0.9452054794520548,1.0,0.5540188326965136,0.015070921985815602,0.0821917808219178,0.9178082191780822,1.0,0.5235534141938678,0.03368794326241135,0.2328767123287671,0.7671232876712328,0.98,0.23769714063073996
222,small loving roomtables,attribute_constraint,77,31,0.7071619632612289,0.0,0.0,1.0,0.0,0.6238924823137437,0.0,0.0,1.0,0.0,0.8227509930137824,0.027777777777777776,0.03225806451612903,0.967741935483871,0.02,0.49797324474085336
223,wisdom stone river 3-3/4,multi_constraint,207,1,0.15282202671858752,0.08333333333333333,1.0,0.0,0.7,0.2494469866491497,0.08333333333333333,1.0,0.0,0.5,0.30737892974485953,0.25,1.0,0.0,0.34,0.19884756022958483
224,twin over full bunk beds cool desins,multi_constraint,73,22,0.6241410282065163,0.0547945205479452,0.0,1.0,0.4,0.6162813228639968,0.1506849315068493,0.3181818181818182,0.6818181818181819,0.55,0.7742085486123824,0.3972602739726027,0.5454545454545454,0.4545454545454546,0.58,0.16293332745122477
225,white splashproof shiplap wallpaper,attribute_constraint,45,2,0.8093434930038351,0.15151515151515152,1.0,0.0,0.5,0.855548881871948,0.24242424242424243,1.0,0.0,0.4,0.8856870315054981,0.2727272727272727,1.0,0.0,0.18,0.7954805171806061
226,power lift chair,product_type,316,197,0.8532721558012799,0.03184713375796178,0.04568527918781726,0.9543147208121827,1.0,0.858143812410123,0.06369426751592357,0.08629441624365482,0.9137055837563451,1.0,0.8506157447355002,0.1592356687898089,0.20304568527918782,0.7969543147208122,1.0,0.0965947091977537
227,owl,brand_entity_proxy,203,176,1.0,0.056818181818181816,0.056818181818181816,0.9431818181818182,1.0,1.0,0.11363636363636363,0.11363636363636363,0.8863636363636364,1.0,1.0,0.23295454545454544,0.23295454545454544,0.7670454545454546,0.82,0.5413902393112339
228,bee,brand_entity_proxy,244,178,1.0,0.049723756906077346,0.05056179775280899,0.949438202247191,0.9,1.0,0.09944751381215469,0.10112359550561797,0.898876404494382,0.9,0.9730574205676665,0.23204419889502761,0.2303370786516854,0.7696629213483146,0.86,0.5756729073678526
229,waterfall faucet,brand_entity_proxy,556,133,1.0,0.019417475728155338,0.07518796992481203,0.924812030075188,1.0,0.9652498273011314,0.036893203883495145,0.14285714285714285,0.8571428571428572,1.0,0.9669136853389453,0.0912621359223301,0.3533834586466165,0.6466165413533835,0.98,0.6112478439783567
230,gold,attribute_constraint,274,228,1.0,0.021645021645021644,0.021929824561403508,0.9780701754385965,0.5,0.9659370277440176,0.05194805194805195,0.05263157894736842,0.9473684210526316,0.6,0.965605775533369,0.09956709956709957,0.10087719298245613,0.8991228070175439,0.48,0.2903283725855908
231,anti fatigue mat,product_type,359,307,1.0,0.027855153203342618,0.03257328990228013,0.9674267100977199,1.0,1.0,0.055710306406685235,0.06514657980456026,0.9348534201954397,1.0,1.0,0.1392757660167131,0.16286644951140064,0.8371335504885994,1.0,0.5735442587343321
232,storage dresser,product_type,2329,423,0.8506629589898831,0.013937282229965157,0.014184397163120567,0.9858156028368794,0.8,0.7882487801928384,0.02613240418118467,0.028368794326241134,0.9716312056737588,0.85,0.8271871248233342,0.06968641114982578,0.08274231678486997,0.91725768321513,0.86,0.6331665146315312
233,kelly clarkson light fixtures,product_type,156,81,0.9477344873475497,0.059602649006622516,0.09876543209876543,0.9012345679012346,0.9,0.9431027628843429,0.09933774834437085,0.1728395061728395,0.8271604938271605,0.75,0.9086405239379798,0.23841059602649006,0.38271604938271603,0.617283950617284,0.72,0.559466971425127
234,artificial orchid arrangement,product_type,144,107,0.92663607790064,0.06944444444444445,0.08411214953271028,0.9158878504672897,1.0,0.9526533201221142,0.1388888888888889,0.17757009345794392,0.822429906542056,1.0,0.9428567169153503,0.3472222222222222,0.42990654205607476,0.5700934579439252,1.0,0.4490543144773379
235,bathroom wastebasket,brand_entity_proxy,1368,133,1.0,0.058823529411764705,0.06766917293233082,0.9323308270676691,0.9,0.975128833089037,0.12418300653594772,0.13533834586466165,0.8646616541353384,0.95,0.9376234064978408,0.3137254901960784,0.3157894736842105,0.6842105263157895,0.96,0.4127146971003853
236,3 piece rug set with runners,multi_constraint,2202,29,0.6841770113502685,0.05056179775280899,0.1724137931034483,0.8275862068965517,0.9,0.6783193608791996,0.08426966292134831,0.2413793103448276,0.7586206896551724,0.8,0.7696759472230307,0.17415730337078653,0.4827586206896552,0.5172413793103448,0.64,0.47085683000499284
237,cloud modular sectional,product_type,205,4,0.8663432137033682,0.046875,0.75,0.25,1.0,0.8937779675352459,0.09375,0.75,0.25,0.95,0.9158604906080566,0.1875,0.75,0.25,0.76,0.12835086027759668
238,outdoor seat/back cushion,product_type,318,54,0.911298659909514,0.031545741324921134,0.14814814814814814,0.8518518518518519,1.0,0.9208450709625748,0.056782334384858045,0.2962962962962963,0.7037037037037037,0.9,0.8257373762897653,0.12618296529968454,0.5555555555555556,0.4444444444444444,0.8,0.4938344745178808
239,bathroom single faucet,product_type,573,146,0.8863992957602966,0.025925925925925925,0.04794520547945205,0.952054794520548,0.8,0.7540302996577658,0.04814814814814815,0.0821917808219178,0.9178082191780822,0.8,0.6404022592592951,0.07777777777777778,0.136986301369863,0.863013698630137,0.66,0.10761392134181433
240,eiffel tower wall art,product_type,68,33,1.0,0.15625,0.30303030303030304,0.696969696969697,1.0,1.0,0.3125,0.6060606060606061,0.3939393939393939,1.0,0.9803556674817118,0.4375,0.8484848484848485,0.1515151515151515,0.56,0.821096714643272
241,decorative wall clocks,product_type,243,148,0.9510907186004265,0.042328042328042326,0.0472972972972973,0.9527027027027027,0.8,0.942021502044199,0.08994708994708994,0.10135135135135136,0.8986486486486487,0.85,0.9472785189971707,0.24338624338624337,0.28378378378378377,0.7162162162162162,0.92,0.7058214227763885
242,accent leather chair,attribute_constraint,283,175,1.0,0.021352313167259787,0.03428571428571429,0.9657142857142857,0.6,1.0,0.028469750889679714,0.045714285714285714,0.9542857142857143,0.4,0.9625625110825768,0.06761565836298933,0.10857142857142857,0.8914285714285715,0.38,0.5351101864033849
243,indoor multi tiered plant stand,multi_constraint,209,135,1.0,0.05154639175257732,0.07407407407407407,0.9259259259259259,1.0,1.0,0.0979381443298969,0.14074074074074075,0.8592592592592593,0.95,0.9891293597761979,0.2422680412371134,0.34074074074074073,0.6592592592592592,0.94,0.5891338204734532
244,pull out sleeper loveseat,product_type,143,9,0.5501748970445436,0.027972027972027972,0.1111111111111111,0.8888888888888888,0.4,0.6850851904386779,0.04195804195804196,0.2222222222222222,0.7777777777777778,0.3,0.7906890042864184,0.07692307692307693,0.3333333333333333,0.6666666666666667,0.22,0.19113583303935863
245,anchor decor,brand_entity_proxy,485,57,1.0,0.058823529411764705,0.17543859649122806,0.8245614035087719,1.0,1.0,0.11764705882352941,0.3508771929824561,0.6491228070175439,1.0,0.970100652059588,0.27058823529411763,0.7719298245614035,0.22807017543859653,0.92,0.6301524142355759
246,clear shower curtain,attribute_constraint,252,12,0.709192305126817,0.08,0.3333333333333333,0.6666666666666667,1.0,0.735840099887495,0.152,0.4166666666666667,0.5833333333333333,0.95,0.8097082028676404,0.384,0.5,0.5,0.98,0.8297775030376955
247,beaded curtains,brand_entity_proxy,961,40,0.92663607790064,0.014771048744460856,0.225,0.775,1.0,0.907927677557322,0.029542097488921712,0.425,0.575,1.0,0.7813206599994186,0.06794682422451995,0.55,0.44999999999999996,0.92,0.5612138604485365
248,surge protector,brand_entity_proxy,104,39,1.0,0.22727272727272727,0.2564102564102564,0.7435897435897436,1.0,1.0,0.4318181818181818,0.48717948717948717,0.5128205128205128,0.95,0.9393168176014061,0.75,0.8461538461538461,0.15384615384615385,0.68,0.755185167293062
249,bistro table and chairs,product_type,197,124,0.9432379215722527,0.05181347150259067,0.07258064516129033,0.9274193548387096,1.0,0.9633676079520094,0.09326424870466321,0.13709677419354838,0.8629032258064516,0.9,0.9800040923896373,0.23834196891191708,0.3629032258064516,0.6370967741935484,0.92,0.7610816514528467
250,multi color rug,product_type,131,96,0.955830517697074,0.07692307692307693,0.08333333333333333,0.9166666666666666,0.9,0.9276439366346234,0.1111111111111111,0.125,0.875,0.65,0.9314596724487598,0.2564102564102564,0.28125,0.71875,0.6,0.5026590254585892
251,coffee container,brand_entity_proxy,1483,90,1.0,0.07352941176470588,0.1111111111111111,0.8888888888888888,1.0,0.942958166377989,0.13970588235294118,0.2,0.8,1.0,0.8003980340728187,0.2647058823529412,0.36666666666666664,0.6333333333333333,0.92,0.16142997813022175
252,accent chairs living room,product_type,443,100,0.9432379215722527,0.00558659217877095,0.02,0.98,0.2,0.9165274862138209,0.013966480446927373,0.04,0.96,0.25,0.8962583139680249,0.0335195530726257,0.11,0.89,0.24,0.7755792559645794
253,antique brass faucet,product_type,117,5,0.5176882393520761,0.02586206896551724,0.0,1.0,0.3,0.6538908062516842,0.07758620689655173,0.2,0.8,0.45,0.8046678794614985,0.13793103448275862,0.4,0.6,0.32,0.2092617606454905
254,comfortable accent chair,product_type,201,131,0.6467344933582716,0.025252525252525252,0.015267175572519083,0.9847328244274809,0.5,0.723976027966061,0.045454545454545456,0.03816793893129771,0.9618320610687023,0.45,0.7705413447049064,0.09595959595959595,0.0916030534351145,0.9083969465648855,0.38,0.31041995907673525
255,desk and chair set,product_type,217,107,1.0,0.04926108374384237,0.09345794392523364,0.9065420560747663,1.0,1.0,0.09852216748768473,0.18691588785046728,0.8130841121495327,1.0,1.0,0.23645320197044334,0.4485981308411215,0.5514018691588785,0.96,0.7906852971115166
256,high weight capacity bunk beds,multi_constraint,138,68,1.0,0.05511811023622047,0.10294117647058823,0.8970588235294118,0.7,0.9272474133889727,0.10236220472440945,0.16176470588235295,0.8382352941176471,0.65,0.8993567856245509,0.25984251968503935,0.39705882352941174,0.6029411764705883,0.66,0.667539547335002
257,living room coffee table sets,multi_constraint,1834,132,0.8525377246567915,0.006711409395973154,0.045454545454545456,0.9545454545454546,0.9,0.8569217970992482,0.01267710663683818,0.09090909090909091,0.9090909090909091,0.85,0.8303539857264843,0.03355704697986577,0.23484848484848486,0.7651515151515151,0.9,0.6990738341563557
258,breakfast bar table,product_type,126,58,0.9537125187088151,0.04,0.08620689655172414,0.9137931034482758,0.5,0.8561640939479369,0.048,0.10344827586206896,0.896551724137931,0.3,0.8006081642632176,0.136,0.22413793103448276,0.7758620689655172,0.34,0.36283502450786675
259,nursery end table,product_type,634,0,1.0,0.011058451816745656,,,0.7,1.0,0.022116903633491312,,,0.7,1.0,0.052132701421800945,,,0.66,-0.039850715096495064
260,retractable side awning,product_type,68,26,0.9477344873475497,0.20833333333333334,0.34615384615384615,0.6538461538461539,1.0,0.9431027628843429,0.4166666666666667,0.6923076923076923,0.3076923076923077,1.0,0.9655649607599419,0.9166666666666666,1.0,0.0,0.9,0.8549170116607969
261,semi flush foyer light,product_type,175,125,0.8698739994728926,0.045714285714285714,0.048,0.952,0.8,0.8696389399645258,0.10285714285714286,0.112,0.888,0.9,0.8860173925307593,0.2742857142857143,0.32,0.6799999999999999,0.96,0.34854502774194956
262,bathroom freestanding cabinet,product_type,138,87,1.0,0.07352941176470588,0.11494252873563218,0.8850574712643678,1.0,1.0,0.14705882352941177,0.22988505747126436,0.7701149425287357,1.0,0.9902204847993954,0.34558823529411764,0.5287356321839081,0.47126436781609193,0.94,0.6889666287761628
263,small curtain rods,attribute_constraint,291,75,0.3183191637810562,0.024,0.04,0.96,0.9,0.3326085575363485,0.056,0.06666666666666667,0.9333333333333333,0.85,0.3252067055908553,0.152,0.17333333333333334,0.8266666666666667,0.86,0.06180529293169416
264,cortez pillow,brand_entity_proxy,897,15,1.0,0.01669449081803005,0.6666666666666666,0.33333333333333337,1.0,0.9163350785461912,0.0333889816360601,0.8,0.19999999999999996,1.0,0.9355070985706162,0.07679465776293823,0.8666666666666667,0.1333333333333333,0.96,0.5983065893661466
265,candace wingback upholstered bed,product_type,690,0,1.0,0.011851851851851851,,,0.8,1.0,0.01925925925925926,,,0.65,0.9848842407886498,0.034074074074074076,,,0.46,-0.03120842031843832
266,champagne velvet desk chair,product_type,353,1,0.8032285550939751,0.02,1.0,0.0,0.7,0.857572190184248,0.04285714285714286,1.0,0.0,0.75,0.9135717057386487,0.10571428571428572,1.0,0.0,0.74,0.15112447911253968
267,dolomite subway tile,product_type,154,2,1.0,0.06493506493506493,1.0,0.0,1.0,1.0,0.11688311688311688,1.0,0.0,0.9,1.0,0.3051948051948052,1.0,0.0,0.94,0.1961037301832307
268,betty resin free standing umbrella,multi_constraint,311,1,1.0,0.11904761904761904,1.0,0.0,1.0,1.0,0.23809523809523808,1.0,0.0,1.0,1.0,0.5952380952380952,1.0,0.0,1.0,0.6722703001295474
269,donaldson teak couch,product_type,99,0,1.0,0.08602150537634409,,,0.8,1.0,0.15053763440860216,,,0.7,0.9857115326074308,0.3010752688172043,,,0.56,0.30664142972742575
270,edge chair mat,product_type,95,42,0.8340611153182703,0.10638297872340426,0.19047619047619047,0.8095238095238095,1.0,0.7999502801088575,0.2127659574468085,0.3333333333333333,0.6666666666666667,1.0,0.8318212909052459,0.5212765957446809,0.7380952380952381,0.26190476190476186,0.98,0.4135782373434854
271,chinese flower stand,product_type,96,1,0.6943559465628248,0.043478260869565216,0.0,1.0,0.4,0.7787676299523247,0.13043478260869565,0.0,1.0,0.6,0.8514709521351533,0.2717391304347826,0.0,1.0,0.52,0.1576847353549027
272,oliver parsons,brand_entity_proxy,115,0,1.0,0.046511627906976744,,,0.4,1.0,0.06976744186046512,,,0.3,0.9410948797417569,0.1744186046511628,,,0.3,0.6182794950472866
273,stainless steel free standing shower caddy,multi_constraint,542,4,0.6769125582181964,0.10869565217391304,0.25,0.75,1.0,0.7876647060715505,0.21739130434782608,0.5,0.5,1.0,0.880292394854734,0.5434782608695652,0.75,0.25,1.0,0.554952992492661
274,gowdy height adjustable standing desk,multi_constraint,331,1,1.0,0.10416666666666667,1.0,0.0,1.0,1.0,0.20833333333333334,1.0,0.0,1.0,0.9610586043242434,0.4895833333333333,1.0,0.0,1.0,0.615313885308487
275,hinged square ottoman,attribute_constraint,127,13,0.3333333333333333,0.056,0.0,1.0,0.7,0.45462361578580346,0.12,0.07692307692307693,0.9230769230769231,0.75,0.6476572631860268,0.28,0.3076923076923077,0.6923076923076923,0.7,0.08288600823728833
276,chaves l-shape floating desk with hutch,multi_constraint,377,0,1.0,0.0273972602739726,,,1.0,1.0,0.0547945205479452,,,1.0,1.0,0.136986301369863,,,1.0,0.2896196667478994
277,barstool patio sets,product_type,256,44,0.9086768598011254,0.030612244897959183,0.13636363636363635,0.8636363636363636,0.6,0.7278080412626909,0.05102040816326531,0.18181818181818182,0.8181818181818181,0.5,0.7626795904535079,0.11734693877551021,0.25,0.75,0.46,0.7036260650517596
278,parakeet toy,product_type,112,7,0.6360502505403446,0.12987012987012986,0.42857142857142855,0.5714285714285714,1.0,0.8023444026205431,0.22077922077922077,0.7142857142857143,0.2857142857142857,0.85,0.8597339134163617,0.4155844155844156,0.8571428571428571,0.1428571428571429,0.64,0.6584980713553755
279,marlon tufted queen bed,attribute_constraint,374,1,1.0,0.021621621621621623,1.0,0.0,0.8,1.0,0.04054054054054054,1.0,0.0,0.75,1.0,0.0918918918918919,1.0,0.0,0.68,0.13527077222438635
280,johan desk by laurel foundry,multi_constraint,116,0,1.0,0.02830188679245283,,,0.3,1.0,0.04716981132075472,,,0.25,1.0,0.07547169811320754,,,0.16,0.478813451089281
281,brunk ship wheel,product_type,90,1,1.0,0.19607843137254902,1.0,0.0,1.0,1.0,0.39215686274509803,1.0,0.0,1.0,0.8095099320583827,0.6274509803921569,1.0,0.0,0.78,0.40086185252262635
282,grantola wall mirror,product_type,130,1,1.0,0.05426356589147287,1.0,0.0,0.7,1.0,0.10852713178294573,1.0,0.0,0.7,1.0,0.20155038759689922,1.0,0.0,0.52,0.21153557518089336
283,gaia driftwood table,product_type,115,1,1.0,0.04716981132075472,1.0,0.0,0.5,1.0,0.05660377358490566,1.0,0.0,0.3,0.9617708187846613,0.08490566037735849,1.0,0.0,0.18,0.21556370181794451
284,family lamp,product_type,331,0,1.0,0.0364963503649635,,,1.0,1.0,0.06569343065693431,,,0.9,1.0,0.13503649635036497,,,0.74,0.6248951394982024
285,"48"" sliding single track , barn door for laundry",long_descriptive,183,7,0.38441023776109734,0.08695652173913043,0.0,1.0,1.0,0.5284594861856134,0.14782608695652175,0.14285714285714285,0.8571428571428572,0.85,0.6927376297773853,0.28695652173913044,0.42857142857142855,0.5714285714285714,0.72,0.49173299767797185
286,hitchcock mid-century wall shelf,multi_constraint,256,0,1.0,0.05847953216374269,,,1.0,1.0,0.10526315789473684,,,0.9,1.0,0.24561403508771928,,,0.84,0.6321900460120508
287,cover set for outdoor furniture,multi_constraint,406,45,1.0,0.09523809523809523,0.2222222222222222,0.7777777777777778,1.0,0.9757624746743075,0.19047619047619047,0.4222222222222222,0.5777777777777777,1.0,0.9414725907869346,0.4380952380952381,0.8666666666666667,0.1333333333333333,0.94,0.6756667296704061
288,round outdoor patio cover,attribute_constraint,272,0,0.77990823370192,0.06796116504854369,,,0.8,0.8579599603663427,0.14563106796116504,,,0.8,0.8788500227834836,0.3300970873786408,,,0.72,0.6816471964777672
289,coma inducer comforter king set,multi_constraint,251,27,0.9477344873475497,0.04310344827586207,0.3333333333333333,0.6666666666666667,1.0,0.944710683918042,0.08620689655172414,0.6666666666666666,0.33333333333333337,1.0,0.9649853138290246,0.20689655172413793,0.9629629629629629,0.03703703703703709,0.98,0.6234101348262124
290,mission double vanity,product_type,168,0,1.0,0.023809523809523808,,,0.4,1.0,0.06547619047619048,,,0.55,1.0,0.18452380952380953,,,0.62,
291,front door cabinet with doors,multi_constraint,218,15,0.37574719213263447,0.02843601895734597,0.0,1.0,0.6,0.40603381646409137,0.06635071090047394,0.06666666666666667,0.9333333333333333,0.7,0.5642424719860357,0.16587677725118483,0.13333333333333333,0.8666666666666667,0.7,0.14065830562050813
292,decorative white pillow,attribute_constraint,204,12,0.2940828828975433,0.03424657534246575,0.08333333333333333,0.9166666666666666,0.6,0.3614539542587791,0.0410958904109589,0.08333333333333333,0.9166666666666666,0.35,0.47200742006086355,0.1095890410958904,0.08333333333333333,0.9166666666666666,0.4,0.24642478804673631
293,wood floor protector mat,attribute_constraint,102,13,0.46345933386044075,0.0410958904109589,0.07692307692307693,0.9230769230769231,0.3,0.5487074419697275,0.0684931506849315,0.15384615384615385,0.8461538461538461,0.25,0.7694163890411726,0.136986301369863,0.15384615384615385,0.8461538461538461,0.2,0.6727451967360698
294,moen multi function dual shower head,multi_constraint,136,0,1.0,0.10204081632653061,,,1.0,1.0,0.20408163265306123,,,1.0,0.9564931181943527,0.4387755102040816,,,0.9,0.5826986841003724
295,end table between recliners,product_type,139,6,0.4073884476270398,0.029850746268656716,0.0,1.0,0.4,0.5157856544722926,0.04477611940298507,0.0,1.0,0.3,0.7186907157390671,0.09701492537313433,0.0,1.0,0.26,0.07251129945684305
296,zakariyah twin platform,attribute_constraint,171,1,1.0,0.041176470588235294,1.0,0.0,0.7,0.9691443955127602,0.058823529411764705,1.0,0.0,0.5,0.9812761477713878,0.11176470588235295,1.0,0.0,0.4,0.010954407332561627
297,seat cushions desk,product_type,487,8,0.3264499514977471,0.04040404040404041,0.125,0.875,0.7,0.29058318759819374,0.06060606060606061,0.125,0.875,0.65,0.25820504216289475,0.09090909090909091,0.125,0.875,0.58,-0.020407095419804122
298,small woven pouf,attribute_constraint,98,9,0.40267797265976357,0.10204081632653061,0.1111111111111111,0.8888888888888888,1.0,0.5323715216975466,0.19387755102040816,0.2222222222222222,0.7777777777777778,0.95,0.7167638040531668,0.5,0.5555555555555556,0.4444444444444444,0.98,0.06307572901100747
300,animal print handmade tufted wool beige/black area rug by allmodern,long_descriptive,1114,2,0.5821032065260975,0.008992805755395683,0.0,1.0,1.0,0.6833800218492042,0.017985611510791366,0.0,1.0,1.0,0.798147164547621,0.044064748201438846,0.0,1.0,0.98,0.06428536328216569
301,circle cabinet pulls,product_type,148,2,0.5416870696036744,0.02054794520547945,0.0,1.0,0.3,0.6527586900056606,0.06164383561643835,0.0,1.0,0.5,0.8027545312459173,0.13013698630136986,0.0,1.0,0.4,0.0346322309403994
302,mattress foam topper queen,attribute_constraint,238,59,0.7577724751602855,0.04739336492890995,0.1016949152542373,0.8983050847457628,1.0,0.7473887438615413,0.0947867298578199,0.2033898305084746,0.7966101694915254,1.0,0.7542284717998944,0.23696682464454977,0.5254237288135594,0.47457627118644063,1.0,0.5467752580822405
303,hawaii vintage art,style,72,8,0.9256286368899214,0.15151515151515152,0.875,0.125,1.0,0.9753750559395755,0.2878787878787879,1.0,0.0,0.95,0.9823081045542651,0.5303030303030303,1.0,0.0,0.7,0.6756414006450823
304,merlyn 6,attribute_constraint,759,0,0.2200917662980802,0.02857142857142857,,,0.8,0.17610301188963978,0.02857142857142857,,,0.7,0.1419266041228485,0.08571428571428572,,,0.7,-0.04369491368691715
305,ligth bulb,brand_entity_proxy,299,193,0.92663607790064,0.010238907849829351,0.010362694300518135,0.9896373056994818,0.3,0.8790906558757687,0.013651877133105802,0.015544041450777202,0.9844559585492227,0.2,0.8422563935708789,0.04436860068259386,0.05181347150259067,0.9481865284974094,0.26,0.24577560713253396
306,mobley zero gravity adjustable bed with wireless remote,long_descriptive,114,2,1.0,0.1111111111111111,1.0,0.0,1.0,1.0,0.2222222222222222,1.0,0.0,1.0,1.0,0.5555555555555556,1.0,0.0,1.0,0.6388494111761557
307,real touch roses floral arrangements in glass vase,long_descriptive,189,6,0.8829863287287736,0.057803468208092484,0.8333333333333334,0.16666666666666663,1.0,0.9410209256132783,0.11560693641618497,1.0,0.0,1.0,0.9587308075604308,0.2774566473988439,1.0,0.0,0.96,0.5016586247851599
308,led 60,attribute_constraint,776,2,0.5821032065260975,0.01642710472279261,0.0,1.0,0.8,0.6833800218492042,0.030800821355236138,0.0,1.0,0.75,0.8019025519626115,0.07392197125256673,0.5,0.5,0.72,0.6655661672072776
309,moen 5995 arbor one,attribute_constraint,72,0,0.49667571720465364,0.038461538461538464,,,0.2,0.4879921887122688,0.038461538461538464,,,0.15,0.6492695423299901,0.038461538461538464,,,0.08,0.2114842438128023
310,meade mirror,product_type,589,4,0.9108954758022454,0.02288329519450801,0.75,0.25,1.0,0.929185311690164,0.04576659038901602,0.75,0.25,1.0,0.9522026674735902,0.11441647597254005,0.75,0.25,1.0,0.6977748157700875
311,odum velvet,brand_entity_proxy,571,4,0.4991632339636909,0.009242144177449169,0.25,0.75,0.6,0.6019663445791532,0.0166358595194085,0.25,0.75,0.5,0.7231398246218967,0.04251386321626617,0.5,0.5,0.48,0.06004508914446883
312,coat rack for bedroom,product_type,119,10,0.4066972554326934,0.058823529411764705,0.1,0.9,0.7,0.5881770339127306,0.1092436974789916,0.1,0.9,0.65,0.7358520400066808,0.24369747899159663,0.5,0.5,0.58,0.2063296325681211
313,malachi sled,brand_entity_proxy,105,3,0.81624193889116,0.0547945205479452,0.6666666666666666,0.33333333333333337,0.4,0.8312784612559554,0.0958904109589041,0.6666666666666666,0.33333333333333337,0.4,0.8425488964994602,0.1232876712328767,0.6666666666666666,0.33333333333333337,0.2,0.3732551373529961
314,body pillow and case,product_type,145,11,0.6431637888166241,0.0425531914893617,0.2727272727272727,0.7272727272727273,0.6,0.6750544383532364,0.09929078014184398,0.5454545454545454,0.4545454545454546,0.7,0.7960534234601817,0.23404255319148937,0.6363636363636364,0.36363636363636365,0.66,0.40845851540820677
315,medium clips,brand_entity_proxy,316,4,0.8163048093456167,0.16129032258064516,1.0,0.0,1.0,0.8540105815352765,0.3225806451612903,1.0,0.0,1.0,0.8070240648613871,0.5645161290322581,1.0,0.0,0.8,0.6209169464474583
316,rolande heavy duty power lift assist recliner,multi_constraint,406,1,1.0,0.030211480362537766,1.0,0.0,1.0,1.0,0.06042296072507553,1.0,0.0,1.0,1.0,0.1510574018126888,1.0,0.0,1.0,0.6755897698258297
317,hulmeville writing desk with hutch,multi_constraint,340,2,0.9664515752024124,0.029585798816568046,1.0,0.0,1.0,0.974581998014136,0.05917159763313609,1.0,0.0,1.0,0.9837954136616822,0.13313609467455623,1.0,0.0,0.9,0.0955917096578438
318,sunjoy lantern,brand_entity_proxy,156,1,0.6943559465628248,0.03571428571428571,0.0,1.0,0.5,0.7787676299523247,0.08571428571428572,0.0,1.0,0.6,0.8533811233655103,0.22857142857142856,0.0,1.0,0.64,0.3182495253981761
319,landis wall mounted bathroom shelves,multi_constraint,673,1,1.0,0.05917159763313609,1.0,0.0,1.0,1.0,0.08875739644970414,1.0,0.0,0.75,0.9600511316964965,0.20710059171597633,1.0,0.0,0.74,0.4836670196972752
320,blaylock bookcase headboard,product_type,93,1,1.0,0.1282051282051282,1.0,0.0,1.0,1.0,0.2564102564102564,1.0,0.0,1.0,1.0,0.6282051282051282,1.0,0.0,0.98,0.44991991966480804
321,hussain handmade tufted magenta rug,multi_constraint,297,1,0.8871958738785231,0.030303030303030304,1.0,0.0,0.9,0.9183497146685337,0.04713804713804714,1.0,0.0,0.7,0.9504528301300131,0.08754208754208755,1.0,0.0,0.52,0.09965707006147878
322,cream queen duvet cover,attribute_constraint,242,0,1.0,0.04149377593360996,,,1.0,1.0,0.08298755186721991,,,1.0,1.0,0.2074688796680498,,,1.0,0.11111111111111112
323,hub leaning full length mirror,multi_constraint,126,1,1.0,0.08,1.0,0.0,1.0,1.0,0.144,1.0,0.0,0.9,1.0,0.384,1.0,0.0,0.96,0.2164928205676353
324,chase utility laundry cart,product_type,113,1,1.0,0.08571428571428572,1.0,0.0,0.9,1.0,0.17142857142857143,1.0,0.0,0.9,1.0,0.3904761904761905,1.0,0.0,0.82,0.30927236995342616
325,outdoor waterproof chest,product_type,120,46,0.6009382098902248,0.08139534883720931,0.10869565217391304,0.8913043478260869,0.8,0.6837817589375165,0.12790697674418605,0.17391304347826086,0.8260869565217391,0.6,0.6414638800982647,0.18604651162790697,0.2608695652173913,0.7391304347826086,0.36,0.3972228013604047
326,bowersville ladder writing desk,product_type,284,1,1.0,0.02120141342756184,1.0,0.0,0.6,1.0,0.05653710247349823,1.0,0.0,0.8,1.0,0.127208480565371,1.0,0.0,0.72,0.1448395753739787
327,kohler purist brushed bronze,product_type,115,8,0.5255664792793981,0.11363636363636363,0.125,0.875,1.0,0.6215049378290776,0.19318181818181818,0.25,0.75,0.9,0.7691086088249209,0.36363636363636365,0.5,0.5,0.66,0.5680125318737994
328,golub dining table,product_type,659,1,1.0,0.015455950540958269,1.0,0.0,1.0,1.0,0.027820710973724884,1.0,0.0,0.9,1.0,0.07109737248840804,1.0,0.0,0.92,0.12081800527672333
329,wayfair tension rod,product_type,83,2,1.0,0.12195121951219512,1.0,0.0,1.0,1.0,0.24390243902439024,1.0,0.0,1.0,1.0,0.43902439024390244,1.0,0.0,0.72,0.25763569829451083
330,kari 2 piece,attribute_constraint,600,1,0.0,0.0,0.0,1.0,0.3,0.027062309633131852,0.0,0.0,1.0,0.35,0.06997316987106017,0.0,0.0,1.0,0.24,-0.28142432396116995
331,upholstered girls bed,product_type,533,52,0.6816637311946208,0.007547169811320755,0.038461538461538464,0.9615384615384616,0.4,0.6082217832318891,0.018867924528301886,0.07692307692307693,0.9230769230769231,0.5,0.5326679590078229,0.03962264150943396,0.11538461538461539,0.8846153846153846,0.42,0.14169098851299392
332,attleboro drum coffee table,product_type,1410,1,1.0,0.0071174377224199285,1.0,0.0,1.0,1.0,0.014234875444839857,1.0,0.0,1.0,1.0,0.03558718861209965,1.0,0.0,1.0,0.08460635094541526
333,stainless steel colander set,product_type,315,21,0.884542244434516,0.12048192771084337,0.38095238095238093,0.6190476190476191,1.0,0.7801731974125861,0.24096385542168675,0.5714285714285714,0.4285714285714286,1.0,0.9349369185663496,0.6024096385542169,0.9523809523809523,0.04761904761904767,1.0,0.7182432084503738
334,itchington butterfly,brand_entity_proxy,122,6,0.7395810324857848,0.1,0.8333333333333334,0.16666666666666663,1.0,0.6551548273907001,0.12,1.0,0.0,1.0,0.5768164177557419,0.24,1.0,0.0,0.7,0.11607774445712597
335,canadian,brand_entity_proxy,81,42,1.0,0.21428571428571427,0.21428571428571427,0.7857142857142857,0.9,1.0,0.2857142857142857,0.2857142857142857,0.7142857142857143,0.6,0.9291291315378974,0.40476190476190477,0.40476190476190477,0.5952380952380952,0.34,0.7376276319138376
336,mystic swivel,brand_entity_proxy,360,1,1.0,0.023323615160349854,1.0,0.0,0.8,1.0,0.04956268221574344,1.0,0.0,0.85,0.9879155217602926,0.1282798833819242,1.0,0.0,0.88,0.15494553789796886
337,iittala bowl,brand_entity_proxy,201,39,0.9510907186004265,0.08264462809917356,0.23076923076923078,0.7692307692307692,1.0,0.924233905446549,0.1652892561983471,0.4358974358974359,0.5641025641025641,1.0,0.8624899387803139,0.3305785123966942,0.717948717948718,0.28205128205128205,0.82,0.7936669517562429
338,mahone porch rocking chair,product_type,204,1,0.8471779732814125,0.05714285714285714,1.0,0.0,1.0,0.8893838149761623,0.11428571428571428,1.0,0.0,1.0,0.932875691891381,0.26285714285714284,1.0,0.0,0.92,0.5368377132110265
339,ruckus chair,product_type,3044,6,0.6690113071521486,0.038461538461538464,0.6666666666666666,0.33333333333333337,0.9,0.6043663423449269,0.04807692307692308,0.8333333333333334,0.16666666666666663,0.9,0.4555666456633809,0.07692307692307693,0.8333333333333334,0.16666666666666663,0.8,0.044445532431489826
340,berenice 4 storage cabinet,attribute_constraint,505,3,0.8864335680588812,0.024691358024691357,0.6666666666666666,0.33333333333333337,1.0,0.9352884500743185,0.04691358024691358,1.0,0.0,1.0,0.9467664439513869,0.11604938271604938,1.0,0.0,0.98,0.5041555111994942
341,canvas map art,product_type,199,22,0.8485585501205013,0.05025125628140704,0.3181818181818182,0.6818181818181819,1.0,0.7364623787862575,0.08040201005025126,0.4090909090909091,0.5909090909090908,0.8,0.8437789258092309,0.16080402010050251,0.6363636363636364,0.36363636363636365,0.64,0.42095366618441515
342,brendon counter stool,product_type,478,2,0.9374596158959401,0.018867924528301886,1.0,0.0,0.9,0.9526162072602588,0.039832285115303984,1.0,0.0,0.95,0.9697916948422965,0.09433962264150944,1.0,0.0,0.9,0.0874618186142171
343,navy and peach bedding,product_type,116,0,1.0,0.02608695652173913,,,0.3,1.0,0.034782608695652174,,,0.2,1.0,0.06086956521739131,,,0.14,0.13784945414524893
344,ottoman bed queen,attribute_constraint,116,0,0.9216017310213247,0.03508771929824561,,,0.4,0.9494043170253829,0.043859649122807015,,,0.25,0.9584238155527076,0.07017543859649122,,,0.18,-0.12855669685840823
345,oriental vanity,brand_entity_proxy,1148,0,0.8611375561264456,0.011889035667107,,,1.0,0.9103827127966565,0.02509907529722589,,,1.0,0.9510821189928905,0.06472919418758256,,,1.0,0.6356111607159626
346,nesting tray set,product_type,110,19,0.8905202757957813,0.10227272727272728,0.3684210526315789,0.631578947368421,0.9,0.8329988581642402,0.2159090909090909,0.6842105263157895,0.3157894736842105,0.95,0.9204676322760028,0.3977272727272727,0.8947368421052632,0.10526315789473684,0.7,0.7008896242709771
347,olive green console table,attribute_constraint,577,0,1.0,0.017513134851138354,,,1.0,1.0,0.03502626970227671,,,1.0,1.0,0.0840630472854641,,,0.96,0.17303615866731012
348,one alium way,product_type,2,0,1.0,0.0,,,0.0,1.0,0.0,,,0.0,1.0,0.0,,,0.0,
349,mud room sign,product_type,98,5,0.8854864681095491,0.09473684210526316,0.6,0.4,0.9,0.90758609294432,0.12631578947368421,0.8,0.19999999999999996,0.6,0.9363874346124418,0.25263157894736843,0.8,0.19999999999999996,0.48,0.2590272730863378
351,white bathroom vanity black hardware,multi_constraint,727,0,1.0,0.009929078014184398,,,0.7,1.0,0.02269503546099291,,,0.8,1.0,0.059574468085106386,,,0.84,0.29575372144657297
352,amarillo,brand_entity_proxy,81,29,0.9363792118010482,0.13793103448275862,0.13793103448275862,0.8620689655172413,0.4,0.8530561188070321,0.1724137931034483,0.1724137931034483,0.8275862068965517,0.25,0.9145208295098305,0.3103448275862069,0.3103448275862069,0.6896551724137931,0.18,0.6200781489334692
353,pennfield playhouse,brand_entity_proxy,54,1,1.0,0.4,1.0,0.0,1.0,0.9734728598270767,0.68,1.0,0.0,0.9,0.9872833533271411,0.8,1.0,0.0,0.48,0.7311261550139309
354,tressler rug,product_type,1402,0,1.0,0.007288629737609329,,,1.0,1.0,0.014577259475218658,,,1.0,1.0,0.03498542274052478,,,0.96,0.2502990078213771
355,argenteuil,brand_entity_proxy,59,30,1.0,0.3333333333333333,0.3333333333333333,0.6666666666666667,1.0,1.0,0.6666666666666666,0.6666666666666666,0.33333333333333337,1.0,0.9977446529176317,0.8666666666666667,0.8666666666666667,0.1333333333333333,0.56,0.8441259108151771
356,platform bed side table,product_type,960,0,0.694765116060299,0.0074309978768577496,,,0.9,0.8030113722943567,0.016985138004246284,,,0.9,0.8750868335782112,0.04777070063694268,,,0.96,-0.09477286894811619
357,tall free standing pet gate,multi_constraint,355,34,0.5783056800393526,0.1694915254237288,0.14705882352941177,0.8529411764705882,1.0,0.6600668445180933,0.3389830508474576,0.35294117647058826,0.6470588235294117,1.0,0.828846900338759,0.847457627118644,0.9117647058823529,0.08823529411764708,1.0,0.6412474202262258
358,sliding closet mirror,product_type,116,4,0.8401655716275255,0.07079646017699115,0.5,0.5,0.8,0.8320389226651006,0.11504424778761062,0.75,0.25,0.7,0.9066126282445652,0.18584070796460178,0.75,0.25,0.46,0.14925856148127745
359,french molding,brand_entity_proxy,203,8,0.7072348154820349,0.05517241379310345,0.375,0.625,0.8,0.7406572194889455,0.09655172413793103,0.375,0.625,0.7,0.7859736664956686,0.20689655172413793,0.5,0.5,0.68,0.2944189227861371
360,huntsville sectional sofa,product_type,125,0,1.0,0.032,,,0.4,1.0,0.064,,,0.4,1.0,0.128,,,0.32,
361,kisner,brand_entity_proxy,98,25,1.0,0.2,0.2,0.8,0.5,0.8974015262443973,0.28,0.28,0.72,0.35,0.9512877879714213,0.48,0.48,0.52,0.24,0.6690148355323717
362,brushed gold wall decor,attribute_constraint,245,0,1.0,0.03571428571428571,,,0.8,1.0,0.06696428571428571,,,0.75,1.0,0.10714285714285714,,,0.48,0.4457077537858909
363,fortunat coffee table,product_type,1380,1,0.6943559465628248,0.005072463768115942,0.0,1.0,0.7,0.7787676299523247,0.011594202898550725,0.0,1.0,0.8,0.865751383782762,0.03260869565217391,0.0,1.0,0.9,-0.01754150613746463
364,croscill ashton,brand_entity_proxy,114,0,0.9052116356304495,0.1111111111111111,,,0.6,0.9040765119230995,0.17777777777777778,,,0.45,0.8285870984775329,0.28888888888888886,,,0.28,0.6399628632163197
365,gas detector,brand_entity_proxy,130,9,0.7539369670705675,0.43478260869565216,0.6666666666666666,0.33333333333333337,1.0,0.8746884969176335,0.8260869565217391,1.0,0.0,1.0,0.8525320692727612,0.8695652173913043,1.0,0.0,0.78,0.5665122697447534
366,drudge report,brand_entity_proxy,1,0,,,,,0.0,,,,,0.0,,,,,0.0,
367,wooden chair outdoor,attribute_constraint,202,42,0.5804236790276114,0.030612244897959183,0.047619047619047616,0.9523809523809523,0.6,0.5905975641361384,0.05102040816326531,0.09523809523809523,0.9047619047619048,0.5,0.6643071362754795,0.09693877551020408,0.16666666666666666,0.8333333333333334,0.38,0.3834305801142021
368,pasta tools,brand_entity_proxy,143,81,1.0,0.08333333333333333,0.12345679012345678,0.8765432098765432,1.0,1.0,0.16666666666666666,0.24691358024691357,0.7530864197530864,1.0,0.9695530188657167,0.35,0.48148148148148145,0.5185185185185186,0.84,0.7293925278615093
369,wrought tv stand,product_type,362,2,0.5821032065260975,0.027777777777777776,0.0,1.0,1.0,0.6833800218492042,0.05555555555555555,0.0,1.0,1.0,0.798147164547621,0.1361111111111111,0.0,1.0,0.98,0.06840192636072591
370,rug for teen room,product_type,3,1,0.7579237460681981,0.0,0.0,1.0,0.0,0.7579237460681981,0.0,0.0,1.0,0.0,0.7579237460681981,0.0,0.0,1.0,0.0,-0.8660254037844387
371,milk cow chair,product_type,112,8,0.48220738083391734,0.041237113402061855,0.25,0.75,0.4,0.5329109691818802,0.041237113402061855,0.25,0.75,0.3,0.7144025982231481,0.061855670103092786,0.375,0.625,0.16,0.18163862929767755
372,verden callan,brand_entity_proxy,120,1,0.7326395277933744,0.020833333333333332,1.0,0.0,0.1,0.6969904832033944,0.020833333333333332,1.0,0.0,0.05,0.6065798461001058,0.020833333333333332,1.0,0.0,0.04,0.20688779226217405
373,togo chair,product_type,3233,0,1.0,0.0031867431485022306,,,1.0,1.0,0.006373486297004461,,,1.0,1.0,0.014340344168260038,,,0.9,0.27426686602818295
374,sinks bed frame,product_type,170,0,1.0,0.05673758865248227,,,0.8,0.9603789329441843,0.09929078014184398,,,0.75,0.9783727146391596,0.22695035460992907,,,0.66,0.6011702350281501
375,pastel pink desk chair,product_type,211,0,1.0,0.024154589371980676,,,0.5,1.0,0.057971014492753624,,,0.6,1.0,0.11594202898550725,,,0.48,0.2196638576844198
376,island estate coffee table,product_type,1430,3,0.6593007041766438,0.00700770847932726,0.3333333333333333,0.6666666666666667,1.0,0.734563258401794,0.01401541695865452,0.3333333333333333,0.6666666666666667,1.0,0.8460397249352649,0.0350385423966363,0.6666666666666666,0.33333333333333337,1.0,0.09425314058410265
377,glinda upholstered bench,product_type,134,0,1.0,0.06716417910447761,,,0.9,1.0,0.1417910447761194,,,0.95,1.0,0.3656716417910448,,,0.98,
378,cliffside 5 light candle style drum chandelier,multi_constraint,580,0,1.0,0.017825311942959002,,,1.0,1.0,0.035650623885918005,,,1.0,1.0,0.08912655971479501,,,1.0,0.28112316284939415
379,urban outfitters duvet,product_type,71,0,1.0,0.09859154929577464,,,0.7,1.0,0.19718309859154928,,,0.7,1.0,0.2676056338028169,,,0.38,
380,gravity feeder,brand_entity_proxy,124,6,0.8569704747774222,0.2222222222222222,0.8333333333333334,0.16666666666666663,1.0,0.922729130903307,0.4444444444444444,1.0,0.0,1.0,0.8718661071367168,0.7333333333333333,1.0,0.0,0.7,0.765927226254628
381,farmhouse hood vent,style,80,0,1.0,0.1125,,,0.9,1.0,0.1875,,,0.75,1.0,0.4375,,,0.7,
382,counter top one cup hot water dispenser,multi_constraint,89,4,0.4700182601018591,0.18181818181818182,0.0,1.0,1.0,0.5788037469624102,0.36363636363636365,0.0,1.0,1.0,0.781004486252219,0.7090909090909091,0.75,0.25,0.8,0.76439535203183
383,minnestrista,brand_entity_proxy,3,0,1.0,0.0,,,0.0,1.0,0.0,,,0.0,1.0,0.0,,,0.0,
384,dining table vinyl cloth,product_type,687,20,0.8724430235590779,0.14754098360655737,0.4,0.6,1.0,0.8474143259441886,0.3114754098360656,0.75,0.25,1.0,0.8480316356173812,0.5245901639344263,0.95,0.050000000000000044,0.84,0.3543771043204585
385,mom urn,brand_entity_proxy,55,0,1.0,0.3333333333333333,,,0.9,0.8934509901206248,0.5185185185185185,,,0.75,0.977452836814711,0.7037037037037037,,,0.44,0.7033592565127584
386,alter furniture,brand_entity_proxy,298,0,1.0,0.0,,,0.0,0.9676617088516802,0.0,,,0.0,0.9823480410115811,0.005076142131979695,,,0.02,0.5559830209144627
387,self enclosed planters,product_type,92,0,1.0,0.10869565217391304,,,1.0,1.0,0.1956521739130435,,,0.9,1.0,0.3695652173913043,,,0.68,
388,outdoor sectional doning,product_type,64,0,1.0,0.03333333333333333,,,0.2,1.0,0.1,,,0.3,0.9711290643838053,0.18333333333333332,,,0.22,0.26905977475862564
389,brush nickel faucet bathroom,product_type,337,157,0.6489247802724082,0.009287925696594427,0.006369426751592357,0.9936305732484076,0.3,0.7179224433868469,0.015479876160990712,0.01910828025477707,0.9808917197452229,0.25,0.6694492180872356,0.04643962848297214,0.05732484076433121,0.9426751592356688,0.3,0.039973499904399704
390,cushion replacement insert,product_type,61,0,1.0,0.06557377049180328,,,0.4,1.0,0.09836065573770492,,,0.3,1.0,0.11475409836065574,,,0.14,
391,"writing desk 48""",attribute_constraint,229,8,0.4184756332276246,0.03056768558951965,0.125,0.875,0.7,0.5156107084864796,0.056768558951965066,0.125,0.875,0.65,0.7083519371745012,0.10480349344978165,0.125,0.875,0.48,0.11980153556282798
392,china clock,brand_entity_proxy,368,0,1.0,0.028985507246376812,,,1.0,1.0,0.057971014492753624,,,1.0,1.0,0.14492753623188406,,,1.0,0.41767917354979167
393,propane gas dryer,product_type,96,0,1.0,0.13333333333333333,,,1.0,1.0,0.26666666666666666,,,1.0,0.9270243267258041,0.6,,,0.94,0.3887217070573179
394,gray leather cocktail table,attribute_constraint,117,0,0.8521705090845474,0.02912621359223301,,,0.3,0.7977159408928697,0.02912621359223301,,,0.15,0.8572368125716181,0.06796116504854369,,,0.18,-0.025730719738387472
395,pantry grey,attribute_constraint,74,0,0.551331062461933,0.0,,,0.0,0.578023046360569,0.0,,,0.0,0.6805982749073936,0.0,,,0.0,0.28123907631124523
396,alyse 8 light,attribute_constraint,136,1,0.6943559465628248,0.06060606060606061,0.0,1.0,0.8,0.8385530573335902,0.09848484848484848,1.0,0.0,0.65,0.9020304820637299,0.18181818181818182,1.0,0.0,0.48,0.20373759552502532
397,maryford queen tufted bed,attribute_constraint,493,0,1.0,0.020366598778004074,,,1.0,1.0,0.04073319755600815,,,1.0,1.0,0.09572301425661914,,,0.94,0.0977631851493835
398,super bright lights,product_type,107,19,0.8083682423538655,0.08433734939759036,0.2631578947368421,0.736842105263158,0.7,0.7544007590303704,0.12048192771084337,0.3157894736842105,0.6842105263157895,0.5,0.8542697882551173,0.21686746987951808,0.5263157894736842,0.4736842105263158,0.36,0.6641734611570628
399,12v dirt bike,attribute_constraint,85,0,1.0,0.14705882352941177,,,1.0,1.0,0.29411764705882354,,,1.0,0.9428681860114667,0.5294117647058824,,,0.72,0.41356324316034077
400,small ladies rocker swivel recliner,multi_constraint,24,0,1.0,0.08333333333333333,,,0.2,1.0,0.125,,,0.15,1.0,0.375,,,0.18,
401,glass lsmp shades,product_type,55,18,0.6490478020303241,0.14814814814814814,0.16666666666666666,0.8333333333333334,0.8,0.6560164315582424,0.24074074074074073,0.2777777777777778,0.7222222222222222,0.65,0.8729577440440849,0.5185185185185185,0.7222222222222222,0.2777777777777778,0.56,0.33782322482297517
402,modern farmhouse lighting semi flush mount,style,251,7,0.5536212941849071,0.04424778761061947,0.14285714285714285,0.8571428571428572,1.0,0.6704369114070455,0.08849557522123894,0.2857142857142857,0.7142857142857143,1.0,0.8057328789547882,0.22123893805309736,0.5714285714285714,0.4285714285714286,1.0,0.5124383983275415
403,wood rack wide,attribute_constraint,149,31,0.5655774588596235,0.024193548387096774,0.03225806451612903,0.967741935483871,0.3,0.5769729584895984,0.03225806451612903,0.06451612903225806,0.935483870967742,0.2,0.5951602310110172,0.08064516129032258,0.12903225806451613,0.8709677419354839,0.22,0.17762749887101872
404,large cushion outdoor chair,attribute_constraint,564,4,0.6005540286277394,0.019157088122605363,0.25,0.75,1.0,0.6825453902142135,0.034482758620689655,0.25,0.75,0.9,0.7857297135929734,0.0842911877394636,0.25,0.75,0.88,0.341823287593388
405,queen ann style living room chair,multi_constraint,446,0,1.0,0.02608695652173913,,,0.9,1.0,0.04057971014492753,,,0.7,0.9838720027399551,0.06666666666666667,,,0.46,0.6645155294264462
406,refrigerator with ice an water in door,multi_constraint,98,22,0.6783074999417439,0.12987012987012986,0.18181818181818182,0.8181818181818181,1.0,0.652697842570173,0.2597402597402597,0.36363636363636365,0.6363636363636364,1.0,0.8242457872634273,0.5844155844155844,0.7727272727272727,0.2272727272727273,0.92,0.5058824413787125
407,huge bookcase,product_type,331,11,0.4781738085681532,0.030211480362537766,0.18181818181818182,0.8181818181818181,1.0,0.5402693914938504,0.06042296072507553,0.18181818181818182,0.8181818181818181,1.0,0.6754447803551495,0.14803625377643503,0.2727272727272727,0.7272727272727273,0.98,0.046392633695628537
408,girl reading statue,product_type,102,31,1.0,0.09803921568627451,0.3225806451612903,0.6774193548387097,1.0,0.9780900196216153,0.19607843137254902,0.6129032258064516,0.3870967741935484,1.0,0.992494701480176,0.49019607843137253,1.0,0.0,1.0,0.7503616140906917
409,teal chair,product_type,3393,40,0.3775028156362593,0.00261437908496732,0.0,1.0,0.8,0.4295452414796449,0.00522875816993464,0.05,0.95,0.8,0.4473686795633141,0.014052287581699347,0.125,0.875,0.86,0.3106044482386555
410,pool floats,brand_entity_proxy,281,58,0.8634438349876061,0.10416666666666667,0.13793103448275862,0.8620689655172413,1.0,0.8881977699311502,0.20833333333333334,0.29310344827586204,0.7068965517241379,1.0,0.8436290098303328,0.4895833333333333,0.6206896551724138,0.3793103448275862,0.96,0.6730335847173013
411,outdoor clock,brand_entity_proxy,1566,85,1.0,0.02865329512893983,0.11764705882352941,0.8823529411764706,1.0,0.949539074312115,0.05730659025787966,0.21176470588235294,0.788235294117647,1.0,0.9247440968657622,0.14326647564469913,0.5058823529411764,0.49411764705882355,1.0,0.7111259100781724
412,jennie tufted upholstered low profile platform bed,multi_constraint,1090,1,1.0,0.005747126436781609,1.0,0.0,0.6,1.0,0.014367816091954023,1.0,0.0,0.75,1.0,0.038314176245210725,1.0,0.0,0.8,0.3460948435858594
413,burruss patio sectional with cushions,multi_constraint,599,1,0.6943559465628248,0.017825311942959002,0.0,1.0,1.0,0.7787676299523247,0.03208556149732621,0.0,1.0,0.9,0.852557320218433,0.0784313725490196,0.0,1.0,0.9,0.25571414730407577
414,shower hooks,brand_entity_proxy,914,165,0.9216017310213247,0.024,0.05454545454545454,0.9454545454545454,1.0,0.949404317025383,0.050666666666666665,0.11515151515151516,0.8848484848484849,1.0,0.962460094475187,0.13066666666666665,0.2909090909090909,0.7090909090909091,1.0,0.7630251625097637
415,toilet paper stand,product_type,151,75,1.0,0.08130081300813008,0.13333333333333333,0.8666666666666667,1.0,0.9777083390768576,0.16260162601626016,0.25333333333333335,0.7466666666666666,1.0,0.9589422870282386,0.3983739837398374,0.6133333333333333,0.3866666666666667,0.98,0.7709138242271404
416,wayfair coffee table,product_type,1447,0,1.0,0.00693000693000693,,,1.0,1.0,0.01386001386001386,,,1.0,1.0,0.03395703395703396,,,0.98,0.08974267681191977
417,twin bed frame,attribute_constraint,567,188,0.7900799128882461,0.017793594306049824,0.0425531914893617,0.9574468085106383,1.0,0.815818724365188,0.033807829181494664,0.0797872340425532,0.9202127659574468,0.95,0.780989808638936,0.07829181494661921,0.1702127659574468,0.8297872340425532,0.88,0.3886223713689762
418,writing desk,product_type,1123,608,1.0,0.01002004008016032,0.01644736842105263,0.9835526315789473,1.0,1.0,0.02004008016032064,0.03289473684210526,0.9671052631578947,1.0,0.9903521848605263,0.050100200400801605,0.0805921052631579,0.9194078947368421,1.0,0.7852770482027241
419,living room ideas,product_type,21,16,0.9095430364058891,0.0,0.0,1.0,0.0,0.9499896641585185,0.047619047619047616,0.0625,0.9375,0.05,0.9735925670521868,0.047619047619047616,0.0625,0.9375,0.02,0.0
420,tile backsplash,brand_entity_proxy,1013,766,1.0,0.010101010101010102,0.013054830287206266,0.9869451697127938,1.0,1.0,0.020202020202020204,0.02610966057441253,0.9738903394255874,1.0,1.0,0.050505050505050504,0.06527415143603134,0.9347258485639687,1.0,0.4046323459429799
421,dining room tables,product_type,758,649,1.0,0.009722222222222222,0.01078582434514638,0.9892141756548536,0.7,1.0,0.016666666666666666,0.01848998459167951,0.9815100154083205,0.6,0.9793438055394268,0.04583333333333333,0.04930662557781202,0.9506933744221879,0.66,0.38768752599210105
422,ergonomic chair,product_type,3328,428,1.0,0.0032637075718015664,0.02336448598130841,0.9766355140186916,1.0,0.9744102412230782,0.006527415143603133,0.04439252336448598,0.955607476635514,1.0,0.9448497444125905,0.016318537859007835,0.10514018691588785,0.8948598130841121,1.0,0.5955788122315675
423,wall shelves,brand_entity_proxy,3034,285,1.0,0.01909307875894988,0.028070175438596492,0.9719298245614035,0.8,1.0,0.0405727923627685,0.05964912280701754,0.9403508771929825,0.85,1.0,0.1026252983293556,0.15087719298245614,0.8491228070175438,0.86,0.55883116407368
424,wayfair comforters,brand_entity_proxy,618,4,0.8074483267440766,0.025139664804469275,0.5,0.5,0.9,0.8240391824609589,0.05027932960893855,0.5,0.5,0.95,0.869283531006214,0.13128491620111732,0.5,0.5,0.98,0.8015995729335046
425,side table with storage,product_type,742,56,0.6847376644270303,0.011126564673157162,0.07142857142857142,0.9285714285714286,0.8,0.5961681977682232,0.022253129346314324,0.10714285714285714,0.8928571428571429,0.8,0.5111424071739605,0.055632823365785816,0.16071428571428573,0.8392857142857143,0.84,0.27669522656921647
426,outdoor storage,product_type,3254,223,1.0,0.008169934640522876,0.04484304932735426,0.9551569506726457,1.0,1.0,0.016339869281045753,0.08968609865470852,0.9103139013452914,1.0,1.0,0.0392156862745098,0.21524663677130046,0.7847533632286996,0.96,0.5046231336810966
427,lowes tile,brand_entity_proxy,1125,0,0.88995411685096,0.009584664536741214,,,0.7,0.8905953420177884,0.019169329073482427,,,0.7,0.9402811197726405,0.051118210862619806,,,0.68,0.8415045380006176
428,kitchen storage cabinet,product_type,537,66,0.6925904614552043,0.014767932489451477,0.06060606060606061,0.9393939393939394,0.7,0.6218363988858643,0.027426160337552744,0.07575757575757576,0.9242424242424242,0.7,0.6018646984944959,0.07383966244725738,0.18181818181818182,0.8181818181818181,0.72,0.33094467525109145
429,gray dresser,attribute_constraint,860,94,0.7648908410439711,0.015594541910331383,0.0425531914893617,0.9574468085106383,0.8,0.7194201296812452,0.031189083820662766,0.09574468085106383,0.9042553191489362,0.8,0.6337914406447759,0.07992202729044834,0.20212765957446807,0.7978723404255319,0.9,0.6680806485289357
430,30 inch bathroom vanity,attribute_constraint,662,98,0.8340611153182703,0.015772870662460567,0.08163265306122448,0.9183673469387755,1.0,0.8461273146972041,0.031545741324921134,0.16326530612244897,0.8367346938775511,1.0,0.8771596238510098,0.07886435331230283,0.42857142857142855,0.5714285714285714,1.0,0.5838764961007115
431,shoe bench entryway,product_type,160,75,0.9537125187088151,0.05844155844155844,0.10666666666666667,0.8933333333333333,0.9,0.9474189227615639,0.11688311688311688,0.21333333333333335,0.7866666666666666,0.9,0.9110203440758176,0.3116883116883117,0.5333333333333333,0.4666666666666667,0.96,0.6287412544957179
432,butcher block island,product_type,176,42,0.8088720434739953,0.05747126436781609,0.16666666666666666,0.8333333333333334,1.0,0.8060621896095261,0.11494252873563218,0.3333333333333333,0.6666666666666667,1.0,0.8163670669627361,0.28735632183908044,0.7142857142857143,0.2857142857142857,1.0,0.5942651711113749
433,trundle daybed,brand_entity_proxy,273,113,1.0,0.04132231404958678,0.08849557522123894,0.911504424778761,1.0,1.0,0.08264462809917356,0.17699115044247787,0.8230088495575221,1.0,0.9811687749970376,0.2066115702479339,0.4247787610619469,0.5752212389380531,1.0,0.7925179824508917
434,bathroom lighting,brand_entity_proxy,3530,226,1.0,0.007288629737609329,0.04424778761061947,0.9557522123893806,1.0,1.0,0.014577259475218658,0.08849557522123894,0.911504424778761,1.0,1.0,0.03644314868804665,0.22123893805309736,0.7787610619469026,1.0,0.6196639350652275
435,shoe closet,brand_entity_proxy,443,47,0.5250842331427514,0.028169014084507043,0.06382978723404255,0.9361702127659575,1.0,0.5304433213083704,0.056338028169014086,0.1276595744680851,0.8723404255319149,1.0,0.5148020935901239,0.14084507042253522,0.2553191489361702,0.7446808510638299,1.0,0.5897090607088316
436,full bed with trundle,product_type,214,46,0.6982655748662335,0.02403846153846154,0.06521739130434782,0.9347826086956522,0.5,0.7080344499270478,0.052884615384615384,0.08695652173913043,0.9130434782608696,0.55,0.6510548473432782,0.13942307692307693,0.2608695652173913,0.7391304347826086,0.58,0.3810061445078731
437,kitchen islands with seating,product_type,195,47,0.9074250374176304,0.055865921787709494,0.19148936170212766,0.8085106382978724,1.0,0.7989719028568314,0.11173184357541899,0.2765957446808511,0.7234042553191489,1.0,0.7500766429911652,0.2737430167597765,0.574468085106383,0.42553191489361697,0.98,0.5944474723916009
438,indoor water fountain,product_type,156,101,0.92663607790064,0.06451612903225806,0.0891089108910891,0.9108910891089109,1.0,0.9526533201221142,0.12903225806451613,0.18811881188118812,0.8118811881188119,1.0,0.9337528877174834,0.2967741935483871,0.40594059405940597,0.594059405940594,0.92,0.45064044067088427
439,parsons chairs,brand_entity_proxy,3276,216,0.8532721558012799,0.004111842105263158,0.041666666666666664,0.9583333333333334,1.0,0.9053066402442285,0.008223684210526315,0.08796296296296297,0.912037037037037,1.0,0.9272215962178302,0.02055921052631579,0.2175925925925926,0.7824074074074074,1.0,0.4697840714281942
440,wood bar stools,attribute_constraint,777,255,0.7231461552741725,0.01310615989515072,0.027450980392156862,0.9725490196078431,1.0,0.7743813948220047,0.02621231979030144,0.058823529411764705,0.9411764705882353,1.0,0.7736745440190048,0.061598951507208385,0.12549019607843137,0.8745098039215686,0.94,0.3221369381486046
441,desk for kids,product_type,1385,78,1.0,0.0050150451354062184,0.0641025641025641,0.9358974358974359,0.5,0.9268304261414602,0.011033099297893681,0.14102564102564102,0.858974358974359,0.55,0.9253355585905968,0.033099297893681046,0.3717948717948718,0.6282051282051282,0.66,0.36389800066319844
442,above toilet cabinet,product_type,1137,70,1.0,0.02444987775061125,0.14285714285714285,0.8571428571428572,1.0,0.9757624746743075,0.04645476772616137,0.2571428571428571,0.7428571428571429,0.95,0.9012120780508835,0.11491442542787286,0.5714285714285714,0.4285714285714286,0.94,0.5262471129736458
443,patio design,brand_entity_proxy,409,352,0.9363792118010482,0.0056179775280898875,0.005681818181818182,0.9943181818181818,0.2,0.9589412206131109,0.011235955056179775,0.011363636363636364,0.9886363636363636,0.2,0.9775879347944593,0.028089887640449437,0.028409090909090908,0.9715909090909091,0.22,0.4523646566378265
444,outdoor lounge chair,product_type,364,114,1.0,0.022222222222222223,0.06140350877192982,0.9385964912280702,0.7,0.8718894101760276,0.03492063492063492,0.09649122807017543,0.9035087719298246,0.55,0.8516849753832296,0.1111111111111111,0.2543859649122807,0.7456140350877193,0.72,0.48619822735038853
445,chaise lounge couch,product_type,350,170,0.9477344873475497,0.027777777777777776,0.047058823529411764,0.9529411764705882,0.9,0.9662695446835886,0.05864197530864197,0.10588235294117647,0.8941176470588236,0.95,0.9512625199717745,0.14506172839506173,0.2529411764705882,0.7470588235294118,0.94,0.6509964228466574
446,card table,product_type,4326,57,0.9510907186004265,0.002861230329041488,0.15789473684210525,0.8421052631578947,1.0,0.9461438858249337,0.005722460658082976,0.3157894736842105,0.6842105263157895,1.0,0.8736381432687392,0.013161659513590844,0.7017543859649122,0.29824561403508776,1.0,0.25036993167551336
447,tall buffet cabinet,attribute_constraint,212,3,0.5917067769668569,0.03365384615384615,0.3333333333333333,0.6666666666666667,0.7,0.6819012423355953,0.057692307692307696,0.3333333333333333,0.6666666666666667,0.6,0.7904849487863445,0.16826923076923078,0.3333333333333333,0.6666666666666667,0.7,0.21254263258872255
448,bed side table,product_type,203,81,0.49120494769811857,0.010101010101010102,0.0,1.0,0.2,0.46163256319690255,0.015151515151515152,0.0,1.0,0.15,0.4439146469011819,0.030303030303030304,0.024691358024691357,0.9753086419753086,0.12,-0.3219296120809189
449,living room designs,product_type,172,164,1.0,0.03636363636363636,0.036585365853658534,0.9634146341463414,0.6,0.9626932496335554,0.03636363636363636,0.036585365853658534,0.9634146341463414,0.3,0.9796359917585232,0.06060606060606061,0.06097560975609756,0.9390243902439024,0.2,0.07179727095073661
451,aiden black velvet bed,attribute_constraint,111,0,1.0,0.0297029702970297,,,0.3,0.9275523895786346,0.04950495049504951,,,0.25,0.8798520877506323,0.07920792079207921,,,0.16,-0.12078964187871032
452,day bed indian,product_type,105,0,1.0,0.0761904761904762,,,0.8,1.0,0.13333333333333333,,,0.7,1.0,0.2571428571428571,,,0.54,
453,midcentury tv unit,product_type,118,25,0.7568371608459036,0.0423728813559322,0.16,0.84,0.5,0.7272227565412361,0.0847457627118644,0.28,0.72,0.5,0.8327252334297578,0.17796610169491525,0.52,0.48,0.42,0.4021476681492625
454,carpet 5x6,attribute_constraint,110,0,0.9337457765456111,0.05,,,0.4,0.887447908111716,0.0875,,,0.35,0.7757988490399024,0.1375,,,0.24,0.1182845676551569
455,deer coat hooks,product_type,110,2,0.8383354523103075,0.08256880733944955,0.5,0.5,0.9,0.8775146726258255,0.1743119266055046,0.5,0.5,0.95,0.9473893999782985,0.43119266055045874,1.0,0.0,0.94,0.2368640737594513
456,wall design shelf,product_type,221,76,0.5534250996314135,0.046153846153846156,0.02631578947368421,0.9736842105263158,0.9,0.5943944799357245,0.09230769230769231,0.07894736842105263,0.9210526315789473,0.9,0.6362635645361625,0.20512820512820512,0.23684210526315788,0.7631578947368421,0.8,0.44939356023085925
457,5 gang light switch,attribute_constraint,329,0,1.0,0.057803468208092484,,,1.0,1.0,0.11560693641618497,,,1.0,1.0,0.28901734104046245,,,1.0,0.8066118544536327
458,bubble guppies chair,product_type,120,0,0.9148568823583791,0.021052631578947368,,,0.2,0.945051411928014,0.031578947368421054,,,0.15,0.9272037669352351,0.05263157894736842,,,0.12,0.3906676499665876
459,tye dye duvet cover,product_type,205,19,0.707940482743322,0.02926829268292683,0.15789473684210525,0.8421052631578947,0.6,0.6808118469171318,0.06341463414634146,0.2631578947368421,0.736842105263158,0.65,0.8728792726917391,0.18048780487804877,0.7894736842105263,0.21052631578947367,0.74,0.3914196252434178
460,small wardrobe grey,attribute_constraint,111,7,0.4075672458478181,0.011904761904761904,0.0,1.0,0.1,0.4415981871089062,0.011904761904761904,0.0,1.0,0.15,0.5926643284426101,0.047619047619047616,0.14285714285714285,0.8571428571428572,0.12,0.21169625237869855
461,luau string lights,product_type,61,4,1.0,0.1724137931034483,1.0,0.0,1.0,1.0,0.3448275862068966,1.0,0.0,1.0,0.9901678953607274,0.5172413793103449,1.0,0.0,0.6,0.5013562919375346
462,large bases,attribute_constraint,2,0,1.0,0.0,,,0.0,1.0,0.0,,,0.0,1.0,0.0,,,0.0,0.9999999999999999
463,bistro sets patio,product_type,274,139,1.0,0.04784688995215311,0.07194244604316546,0.9280575539568345,1.0,1.0,0.09569377990430622,0.14388489208633093,0.8561151079136691,1.0,1.0,0.23923444976076555,0.3597122302158273,0.6402877697841727,1.0,0.8704515166859702
464,cake cutlery,brand_entity_proxy,157,85,1.0,0.10869565217391304,0.11764705882352941,0.8823529411764706,1.0,1.0,0.21739130434782608,0.23529411764705882,0.7647058823529411,1.0,0.9403684738661076,0.5,0.5411764705882353,0.45882352941176474,1.0,0.49140417327041247
465,white abstract,attribute_constraint,2,1,0.7967075809905066,0.0,0.0,1.0,0.0,0.7967075809905066,0.0,0.0,1.0,0.0,0.7967075809905066,0.0,0.0,1.0,0.0,-0.9999999999999999
466,rock climbing wall kids,product_type,93,1,0.569419452054506,0.24242424242424243,0.0,1.0,1.0,0.6574800459297621,0.48484848484848486,0.0,1.0,0.95,0.7494201105139358,0.8181818181818182,0.0,1.0,0.7,0.6831966983172891
467,town & country living curtains,product_type,150,0,1.0,0.013333333333333334,,,0.2,1.0,0.05333333333333334,,,0.4,1.0,0.16666666666666666,,,0.5,
468,glow in the dark silent wall clock,multi_constraint,294,4,0.7506097941789055,0.035211267605633804,0.5,0.5,1.0,0.8018003030513715,0.07042253521126761,0.5,0.5,1.0,0.8880372284470919,0.176056338028169,0.75,0.25,1.0,0.30753458055612026
469,garage sports storage rack,product_type,161,64,1.0,0.06369426751592357,0.15625,0.84375,1.0,0.9549996909062027,0.12738853503184713,0.28125,0.71875,1.0,0.8528768465408281,0.3057324840764331,0.546875,0.453125,0.96,0.571228126100739
470,elephant framed,brand_entity_proxy,638,45,1.0,0.03508771929824561,0.2222222222222222,0.7777777777777778,1.0,0.9780900196216153,0.07017543859649122,0.4222222222222222,0.5777777777777777,1.0,0.9227928963718055,0.14035087719298245,0.7111111111111111,0.28888888888888886,0.8,0.8214558200502927
471,adjustable height artist stool,product_type,310,1,0.8032285550939751,0.04950495049504951,1.0,0.0,1.0,0.857572190184248,0.09900990099009901,1.0,0.0,1.0,0.9135717057386487,0.24257425742574257,1.0,0.0,0.98,0.7436508103656099
472,window wall accent,product_type,108,47,1.0,0.09,0.19148936170212766,0.8085106382978724,0.9,0.9311438461252679,0.15,0.2978723404255319,0.7021276595744681,0.75,0.8816006165609716,0.26,0.48936170212765956,0.5106382978723405,0.52,0.6422025917943789
473,chair pillow cushion,product_type,286,126,0.8899541168509599,0.007434944237918215,0.015873015873015872,0.9841269841269842,0.2,0.8437918101166624,0.03345724907063197,0.07142857142857142,0.9285714285714286,0.5,0.9147332631514428,0.07063197026022305,0.1349206349206349,0.8650793650793651,0.42,0.5286497500617461
474,48 inch bathroom vanity with trough sink,multi_constraint,784,0,1.0,0.014104372355430184,,,1.0,1.0,0.028208744710860368,,,1.0,1.0,0.06770098730606489,,,0.96,0.4939644042317201
475,rattan truck,brand_entity_proxy,70,0,1.0,0.2727272727272727,,,0.9,1.0,0.36363636363636365,,,0.6,0.953619247207294,0.48484848484848486,,,0.32,0.7542211094188231
476,hardwood beds,brand_entity_proxy,2224,639,0.8506629589898831,0.004772004241781549,0.010954616588419406,0.9890453834115805,0.9,0.8557118845518117,0.01007423117709438,0.023474178403755867,0.9765258215962441,0.95,0.8494186916846171,0.025980911983032873,0.0594679186228482,0.9405320813771518,0.98,0.5767903132653087
478,worn leather office chair,attribute_constraint,445,1,0.6943559465628248,0.023474178403755867,0.0,1.0,1.0,0.8299559804270543,0.03755868544600939,0.0,1.0,0.8,0.8968135887222768,0.07511737089201878,1.0,0.0,0.64,0.1671113289119244
479,garage door mail slot,product_type,83,0,1.0,0.18181818181818182,,,1.0,1.0,0.36363636363636365,,,1.0,0.9856215795673516,0.8181818181818182,,,0.92,0.8030279195272421
480,pictures to hang over fireplace,multi_constraint,3,0,1.0,0.3333333333333333,,,0.1,1.0,0.3333333333333333,,,0.05,1.0,0.3333333333333333,,,0.02,
481,emma headboard,brand_entity_proxy,219,1,0.6943559465628248,0.04265402843601896,0.0,1.0,0.9,0.7787676299523247,0.09004739336492891,0.0,1.0,0.95,0.865751383782762,0.17535545023696683,0.0,1.0,0.74,0.27129910977388855
482,48 inch kitchen hood,attribute_constraint,104,12,0.7424350571691596,0.10101010101010101,0.4166666666666667,0.5833333333333333,1.0,0.8190100870185858,0.20202020202020202,0.6666666666666666,0.33333333333333337,1.0,0.8985106915304655,0.5050505050505051,0.8333333333333334,0.16666666666666663,1.0,0.46664289780541296
483,rustic twig,style,248,4,0.4700182601018591,0.04784688995215311,0.0,1.0,1.0,0.5788037469624102,0.07177033492822966,0.0,1.0,0.75,0.7163154276805226,0.11961722488038277,0.25,0.75,0.52,0.2681550138392733
484,nespresso vertuo next premium by breville with aeroccino,long_descriptive,53,0,1.0,0.38461538461538464,,,1.0,0.9013592468993897,0.6538461538461539,,,1.0,0.9749253433920829,0.6923076923076923,,,0.46,0.6118925929872956
485,pedistole sink,brand_entity_proxy,255,0,0.92663607790064,0.0,,,0.0,0.9526533201221141,0.0,,,0.0,0.9741556643296638,0.03289473684210526,,,0.1,0.6823680087706385
486,54 in bench cushion,attribute_constraint,87,0,1.0,0.10344827586206896,,,0.9,1.0,0.1724137931034483,,,0.75,1.0,0.28735632183908044,,,0.5,
487,rack glass,brand_entity_proxy,946,2,0.4205996688263022,0.002304147465437788,0.0,1.0,0.1,0.37001089173543616,0.002304147465437788,0.0,1.0,0.1,0.3932839535963186,0.01152073732718894,0.5,0.5,0.2,-0.00786379248425617
