query_id,product_id,rank,score,zero_score
0,25434,31,9.70949935913086,False
0,42931,60,8.412175178527832,False
0,2636,78,7.976476669311523,False
0,42923,2465,3.1161694526672363,False
0,41156,104,7.2456841468811035,False
0,5936,1772,3.304764747619629,False
0,22390,42,8.942901611328125,False
0,42929,11,11.760515213012695,False
0,42928,47,8.723627090454102,False
0,25428,1880,3.279022216796875,False
0,39428,16,11.024209976196289,False
0,39429,20,10.846503257751465,False
0,25433,57,8.471796035766602,False
0,25432,25,10.622590065002441,False
0,25431,9,12.197261810302734,False
0,27534,61,8.410980224609375,False
0,36910,29,9.86502742767334,False
0,25429,3171,2.8490264415740967,False
0,2638,3927,2.411686658859253,False
0,27541,45,8.862357139587402,False
0,29746,33,9.516488075256348,False
0,29744,12,11.6159086227417,False
0,20026,97,7.627862453460693,False
0,22391,55,8.533519744873047,False
0,7465,5,13.563529014587402,False
0,25427,2564,3.0857129096984863,False
0,25426,1797,3.299009323120117,False
0,1197,96,7.667483329772949,False
0,15612,1,15.324849128723145,False
0,7468,2,14.379830360412598,False
0,25424,1599,3.348578691482544,False
0,25423,1452,3.3814542293548584,False
0,39461,14,11.215728759765625,False
0,1198,26,10.483752250671387,False
0,7467,4,13.986954689025879,False
0,42927,3326,2.7800369262695312,False
0,7466,3,14.018315315246582,False
0,25425,1692,3.3250672817230225,False
0,22389,3050,2.9047274589538574,False
1,9929,104,8.004981994628906,False
1,5235,1103,7.269762992858887,False
1,37304,1037,7.311796188354492,False
1,25973,1441,6.844792366027832,False
1,16679,1199,7.180171966552734,False
1,29449,339,7.773409843444824,False
1,33698,2,13.100173950195312,False
1,20054,1360,6.9926910400390625,False
2,4205,39,9.149033546447754,False
2,4202,81,7.70084810256958,False
2,4204,79,7.718206405639648,False
2,36622,16,10.208111763000488,False
2,29777,30,9.361650466918945,False
2,40289,97,6.964665412902832,False
2,10539,34,9.247873306274414,False
2,34445,117,6.477206707000732,False
2,34736,8,10.673041343688965,False
2,10561,107,6.692419528961182,False
2,29152,101,6.8668951988220215,False
2,37068,62,8.157327651977539,False
2,12969,146,5.136379241943359,False
2,27516,145,5.238534450531006,False
2,32603,115,6.501803874969482,False
2,14034,69,8.004769325256348,False
2,36630,3,10.767474174499512,False
2,36533,7,10.711337089538574,False
2,36534,14,10.419336318969727,False
2,36631,5,10.73933219909668,False
2,36633,19,9.91580581665039,False
2,38581,67,8.061305046081543,False
2,38582,128,5.917518615722656,False
2,24095,53,8.522796630859375,False
2,21072,24,9.569936752319336,False
2,20976,41,8.921636581420898,False
2,27508,133,5.807124614715576,False
2,27509,130,5.836821556091309,False
2,27510,70,7.9398040771484375,False
2,27511,74,7.848806858062744,False
2,9569,9703,0.0,True
2,34948,34987,0.0,True
2,20665,99,6.948864459991455,False
2,10552,112,6.589388370513916,False
2,3276,44,8.864801406860352,False
2,11871,113,6.568935871124268,False
2,27812,148,4.744911193847656,False
2,11874,102,6.824224472045898,False
2,11878,71,7.8993988037109375,False
2,13500,150,4.641990661621094,False
2,20957,114,6.51417350769043,False
2,11840,140,5.42099142074585,False
2,11877,103,6.783665657043457,False
2,39880,64,8.070805549621582,False
2,12165,89,7.206665515899658,False
2,10550,111,6.602093696594238,False
2,10553,110,6.6148481369018555,False
2,14418,1,11.115004539489746,False
2,10306,100,6.934791564941406,False
2,25320,57,8.356402397155762,False
2,12130,90,7.19716215133667,False
2,35710,65,8.069684028625488,False
2,35712,87,7.328085899353027,False
2,35711,55,8.465778350830078,False
2,29776,37,9.185850143432617,False
2,39498,63,8.09230899810791,False
2,39496,27,9.50793170928955,False
2,195,92,7.138911247253418,False
2,38628,42,8.910941123962402,False
2,34735,6,10.731579780578613,False
2,29736,35,9.222963333129883,False
2,8093,54,8.465778350830078,False
2,24094,10,10.48511791229248,False
2,8142,106,6.7055253982543945,False
2,30926,94,7.079869270324707,False
2,34737,17,10.176706314086914,False
2,34739,2,10.790762901306152,False
2,12179,68,8.050710678100586,False
2,16227,82,7.681534767150879,False
2,32604,108,6.692419528961182,False
2,10547,10675,0.0,True
2,16226,80,7.7161545753479,False
2,30321,120,6.3569560050964355,False
2,17275,17376,0.0,True
2,27728,88,7.265886306762695,False
2,42530,85,7.498480319976807,False
2,3754,4,10.76325511932373,False
2,3756,32,9.267746925354004,False
2,19651,135,5.700775146484375,False
2,38580,127,5.969096660614014,False
2,12075,131,5.807124614715576,False
2,29151,50,8.608504295349121,False
2,14678,126,6.042835712432861,False
2,42557,119,6.416517734527588,False
2,9571,77,7.777496337890625,False
2,20971,91,7.167033672332764,False
2,38578,61,8.196379661560059,False
2,39310,105,6.731891632080078,False
2,29146,23,9.68725872039795,False
2,21094,141,5.403881072998047,False
2,9547,138,5.508194923400879,False
2,28482,28546,0.0,True
2,11033,56,8.428393363952637,False
2,11074,11197,0.0,True
2,11075,11198,0.0,True
2,29886,48,8.740346908569336,False
2,29144,40,9.124653816223145,False
2,29143,116,6.477206707000732,False
2,29150,46,8.841911315917969,False
2,38517,73,7.863118648529053,False
2,13636,13746,0.0,True
2,21073,132,5.807124614715576,False
2,21047,20,9.912595748901367,False
2,21064,38,9.184881210327148,False
2,21048,13,10.42162799835205,False
2,21083,28,9.479028701782227,False
2,21062,33,9.251053810119629,False
2,21045,58,8.275617599487305,False
2,21046,95,7.06525993347168,False
2,21043,52,8.522796630859375,False
2,621,26,9.525565147399902,False
2,28472,18,10.0346040725708,False
2,12020,12137,0.0,True
2,32893,134,5.729392051696777,False
2,39495,137,5.534905910491943,False
2,39494,143,5.3282012939453125,False
2,39497,123,6.151393890380859,False
2,15618,47,8.751517295837402,False
2,4201,84,7.6321892738342285,False
2,4203,78,7.735642433166504,False
2,15617,51,8.564594268798828,False
2,27513,125,6.07499885559082,False
2,27512,124,6.07499885559082,False
2,620,25,9.525565147399902,False
2,10437,43,8.887811660766602,False
2,24196,76,7.812989234924316,False
2,26729,75,7.82191276550293,False
2,36620,15,10.257038116455078,False
2,36621,11,10.451138496398926,False
2,36619,12,10.444762229919434,False
2,36632,21,9.894314765930176,False
2,36628,22,9.887173652648926,False
2,27515,86,7.343803405761719,False
2,32873,121,6.3451762199401855,False
2,36672,36,9.217848777770996,False
2,10505,49,8.729206085205078,False
2,38593,59,8.275617599487305,False
2,32781,96,7.007424831390381,False
2,34734,31,9.32341480255127,False
2,36645,9,10.521790504455566,False
2,16256,104,6.745151996612549,False
2,20664,98,6.955922603607178,False
2,8589,122,6.245438575744629,False
2,42528,136,5.6258440017700195,False
2,39493,60,8.261521339416504,False
2,9570,72,7.884954452514648,False
2,42516,66,8.066889762878418,False
2,18868,142,5.386877536773682,False
2,24099,93,7.129725933074951,False
2,21055,29,9.44672679901123,False
2,23033,23114,0.0,True
3,18909,920,3.477168321609497,False
3,12386,16099,0.0,True
3,12436,17,9.644539833068848,False
3,32704,937,3.455723285675049,False
3,12201,14,9.778922080993652,False
3,18293,20,9.379207611083984,False
3,40484,64,8.176137924194336,False
3,18289,588,3.726402521133423,False
3,18290,26,9.152053833007812,False
3,18294,341,3.9790356159210205,False
3,18292,19,9.379207611083984,False
3,16527,654,3.6666669845581055,False
3,21804,319,4.0501837730407715,False
3,42736,53,8.321372032165527,False
3,21233,334,3.986776113510132,False
3,11690,558,3.756248712539673,False
3,36265,723,3.6161839962005615,False
3,36497,324,4.032590866088867,False
3,28463,32,8.939041137695312,False
3,32701,853,3.5037429332733154,False
3,37422,45,8.437006950378418,False
3,1923,576,3.73842716217041,False
3,36158,936,3.45809268951416,False
3,40111,41,8.479972839355469,False
3,23741,570,3.7450904846191406,False
3,28726,459,3.8241424560546875,False
3,25746,921,3.477168321609497,False
3,21412,36,8.741776466369629,False
3,9511,69,8.014063835144043,False
3,1854,74,7.865291595458984,False
3,20007,383,3.920503854751587,False
3,20118,430,3.863203525543213,False
3,26623,592,3.723651170730591,False
3,4852,577,3.73842716217041,False
3,1851,463,3.820280075073242,False
3,5998,1,11.898336410522461,False
3,30219,415,3.871601104736328,False
3,7423,13,9.848806381225586,False
3,3237,968,3.4275379180908203,False
3,23599,3,11.023229598999023,False
3,32352,623,3.6936497688293457,False
3,7149,65,8.169384956359863,False
3,21234,61,8.239518165588379,False
3,3596,378,3.9221889972686768,False
3,881,42,8.471919059753418,False
3,15636,385,3.9111428260803223,False
3,31401,305,4.10705041885376,False
3,5983,38,8.688283920288086,False
3,39589,962,3.4368817806243896,False
3,27814,109,7.451242446899414,False
3,19100,22,9.286482810974121,False
3,13577,24,9.175878524780273,False
3,21244,56,8.286925315856934,False
3,13405,60,8.239518165588379,False
3,7965,25,9.168792724609375,False
4,5488,688,5.853950500488281,False
4,6098,424,7.095872402191162,False
4,42393,462,6.918593883514404,False
4,16598,438,7.020135402679443,False
4,41662,457,6.931517124176025,False
4,40331,440,7.012053966522217,False
4,24881,146,9.18648910522461,False
4,6099,606,6.140865802764893,False
4,34390,116,9.502242088317871,False
4,24890,273,8.303121566772461,False
4,13783,584,6.256692886352539,False
4,20792,468,6.882274627685547,False
4,17679,573,6.293064594268799,False
4,14652,353,7.496971130371094,False
4,30298,505,6.731202125549316,False
4,21448,591,6.237147808074951,False
4,20495,1,14.186677932739258,False
4,27896,534,6.590690612792969,False
4,40061,497,6.785121917724609,False
4,31476,385,7.338120460510254,False
4,3396,260,8.398242950439453,False
4,26363,399,7.238112449645996,False
4,31629,431,7.073113441467285,False
5,33253,37,9.552968978881836,False
5,19757,134,8.593912124633789,False
5,26053,119,8.68465805053711,False
5,6986,252,7.887524604797363,False
5,25713,120,8.661914825439453,False
5,14091,135,8.585240364074707,False
5,41397,85,8.936288833618164,False
5,15772,70,9.120105743408203,False
5,7103,128,8.6105318069458,False
5,28673,24,9.689892768859863,False
5,25216,459,7.191964149475098,False
5,33260,165,8.361638069152832,False
5,33261,112,8.70670223236084,False
5,33262,29,9.651541709899902,False
5,33263,49,9.354284286499023,False
5,28682,63,9.206357955932617,False
5,40987,22,9.750967025756836,False
5,27768,76,9.025861740112305,False
5,18262,204,8.15695571899414,False
5,8409,425,7.270303726196289,False
5,23985,367,7.459743022918701,False
5,1265,43,9.46684741973877,False
5,42437,289,7.748345851898193,False
5,15873,243,7.931883335113525,False
5,18305,93,8.87176513671875,False
5,6105,127,8.626053810119629,False
5,40988,48,9.356369018554688,False
5,18310,551,6.962587833404541,False
5,6155,61,9.218724250793457,False
5,19180,140,8.526811599731445,False
5,23610,50,9.344688415527344,False
5,7102,214,8.108823776245117,False
5,3060,336,7.533250331878662,False
5,3061,55,9.285799980163574,False
5,42686,420,7.282994747161865,False
5,20646,68,9.129326820373535,False
5,41112,96,8.85410213470459,False
5,40989,316,7.6298089027404785,False
5,40990,33,9.608979225158691,False
5,26976,1133,5.15038537979126,False
5,18311,622,6.775084018707275,False
5,21138,566,6.919954299926758,False
5,6340,25,9.683038711547852,False
5,31025,4,10.254805564880371,False
5,28643,451,7.208264350891113,False
5,8882,83,8.939956665039062,False
5,8876,81,8.967159271240234,False
5,33258,16,9.848543167114258,False
5,19496,45,9.397107124328613,False
5,2324,1733,4.206161975860596,False
5,32260,143,8.499794006347656,False
5,2800,163,8.370319366455078,False
5,12986,161,8.385994911193848,False
5,33534,155,8.435982704162598,False
5,28683,501,7.076755046844482,False
5,41463,151,8.465274810791016,False
5,22956,176,8.317797660827637,False
5,1086,18,9.801656723022461,False
5,14090,386,7.372183322906494,False
5,1127,249,7.901136875152588,False
5,30412,205,8.152782440185547,False
5,14879,242,7.935634136199951,False
5,17690,168,8.356278419494629,False
5,41964,544,6.9865288734436035,False
5,8497,1,10.576051712036133,False
5,24954,192,8.231603622436523,False
5,42722,73,9.095535278320312,False
5,6339,71,9.116473197937012,False
5,21928,567,6.917930603027344,False
5,9522,331,7.563957214355469,False
5,23677,115,8.700647354125977,False
5,40072,19,9.788177490234375,False
5,33251,36,9.589349746704102,False
5,11683,52,9.299896240234375,False
5,33264,59,9.228271484375,False
5,1734,62,9.21606731414795,False
5,42664,266,7.84099817276001,False
5,11685,159,8.397222518920898,False
5,21134,86,8.926088333129883,False
5,42419,15,9.859284400939941,False
5,22745,278,7.785419940948486,False
5,1736,27,9.67037296295166,False
5,30573,216,8.105653762817383,False
5,26966,418,7.28375768661499,False
5,3014,13,9.928401947021484,False
5,1286,5,10.204981803894043,False
5,1128,277,7.788365840911865,False
5,38543,250,7.893993854522705,False
5,22116,144,8.497415542602539,False
5,4721,7,10.135393142700195,False
5,28657,124,8.648780822753906,False
5,32499,74,9.029703140258789,False
5,32500,94,8.856903076171875,False
5,33259,722,6.51642370223999,False
5,36075,122,8.654197692871094,False
5,28639,137,8.568463325500488,False
5,25059,10,10.052776336669922,False
5,31026,65,9.183150291442871,False
5,26219,237,7.967714786529541,False
5,27756,28,9.667391777038574,False
5,19037,60,9.218851089477539,False
5,17670,485,7.1091156005859375,False
5,28660,100,8.816354751586914,False
5,11256,184,8.276693344116211,False
5,1697,488,7.097121238708496,False
5,42519,240,7.947986602783203,False
5,1743,186,8.264837265014648,False
5,39969,1408,4.716264247894287,False
5,4722,31,9.615022659301758,False
5,21140,733,6.491367816925049,False
5,2807,79,8.989912033081055,False
5,35583,405,7.306010723114014,False
5,28679,1122,5.1682353019714355,False
5,9677,1181,5.060299396514893,False
5,24081,701,6.571247577667236,False
5,28645,772,6.347132682800293,False
5,28674,1216,5.005621910095215,False
5,1701,1761,4.182653427124023,False
5,30411,1820,4.077906608581543,False
5,26823,831,6.071752548217773,False
5,21171,3797,2.6428723335266113,False
5,27763,292,7.73726749420166,False
5,9682,775,6.335540294647217,False
5,21139,741,6.475801467895508,False
5,21172,3777,2.6586551666259766,False
5,28655,1404,4.719822406768799,False
5,9680,1040,5.328044414520264,False
5,14800,810,6.164041042327881,False
5,5265,2,10.469280242919922,False
5,5379,78,8.990131378173828,False
5,6529,677,6.644144058227539,False
5,6530,547,6.979796409606934,False
5,23983,111,8.720415115356445,False
5,33521,301,7.690256595611572,False
5,27764,280,7.778631210327148,False
5,1695,2515,3.316721200942993,False
5,25217,200,8.181262016296387,False
5,6407,174,8.334282875061035,False
5,18539,543,6.9893412590026855,False
5,14801,801,6.190615653991699,False
5,27765,281,7.778631210327148,False
5,28666,294,7.725732803344727,False
5,1703,2589,3.267129421234131,False
5,8496,92,8.878782272338867,False
5,24082,699,6.576934814453125,False
5,28658,749,6.433868408203125,False
5,6393,881,5.845242977142334,False
5,5879,1507,4.5702338218688965,False
5,28665,691,6.592130184173584,False
5,38891,152,8.464312553405762,False
5,25086,667,6.675280570983887,False
5,24084,693,6.582632064819336,False
5,28659,663,6.692231178283691,False
5,12992,805,6.176609516143799,False
5,6377,1162,5.097988128662109,False
5,5283,6,10.158912658691406,False
5,33252,12,9.975253105163574,False
5,31024,21,9.77230453491211,False
5,40139,17,9.816550254821777,False
5,31517,98,8.843849182128906,False
5,40186,138,8.562447547912598,False
5,25080,42,9.486664772033691,False
5,9685,84,8.939483642578125,False
5,18701,326,7.5915141105651855,False
5,26058,291,7.74771785736084,False
5,9909,495,7.088651657104492,False
5,1698,510,7.053295135498047,False
5,1706,688,6.596395492553711,False
5,14543,153,8.458020210266113,False
5,1700,217,8.094764709472656,False
5,21136,164,8.36362075805664,False
5,1705,687,6.596395492553711,False
5,1865,56,9.275164604187012,False
5,9687,238,7.959808349609375,False
5,9686,179,8.301430702209473,False
5,39967,103,8.780383110046387,False
5,27761,97,8.85237979888916,False
5,25355,158,8.404613494873047,False
5,39084,187,8.256025314331055,False
6,41828,7,12.722885131835938,False
6,32573,197,7.567845344543457,False
6,25711,211,7.456496238708496,False
6,1454,20,11.39119815826416,False
6,28922,12,12.332183837890625,False
6,25147,2107,3.5593581199645996,False
6,19812,200,7.543410301208496,False
6,34105,236,7.307693958282471,False
6,30107,2825,3.399660348892212,False
6,42350,60,9.458810806274414,False
6,42527,609,5.028261184692383,False
6,32575,4,13.180936813354492,False
6,26804,192,7.60653018951416,False
6,18655,31,10.749517440795898,False
6,752,5,12.804681777954102,False
6,39367,8,12.518113136291504,False
6,39368,9,12.50397777557373,False
6,18662,11,12.441059112548828,False
6,40460,89,8.768970489501953,False
6,29496,148,8.072978973388672,False
6,29497,144,8.097623825073242,False
6,27039,19,11.74782943725586,False
6,21912,133,8.20412826538086,False
6,21914,10,12.471848487854004,False
6,25875,33,10.737621307373047,False
6,25571,4067,3.1433162689208984,False
6,14788,221,7.397774696350098,False
6,14787,244,7.263558387756348,False
6,30514,206,7.4914021492004395,False
6,29503,16,11.842065811157227,False
6,29502,25,10.992452621459961,False
6,10287,165,7.90544319152832,False
6,19248,3,13.238128662109375,False
6,18387,26,10.853483200073242,False
6,14488,129,8.275978088378906,False
6,1452,260,7.115054130554199,False
6,28921,174,7.7568159103393555,False
6,25143,1,14.544364929199219,False
6,41827,13,12.087496757507324,False
6,39369,4346,3.0781915187835693,False
6,30129,124,8.337862014770508,False
6,33512,18,11.791505813598633,False
6,29488,179,7.722430229187012,False
7,37651,14,10.714900016784668,False
7,19768,15,10.655094146728516,False
7,27648,27,9.191628456115723,False
7,37652,13,10.821365356445312,False
7,37645,1030,3.376152753829956,False
7,34787,5,11.339547157287598,False
7,14226,11,10.972253799438477,False
7,14227,726,3.917055130004883,False
7,29096,18,10.359715461730957,False
7,34083,2,12.756868362426758,False
7,34926,3,12.378665924072266,False
7,17379,17,10.381143569946289,False
7,19580,4,12.260212898254395,False
7,41904,1105,3.3073337078094482,False
7,4310,19,10.191142082214355,False
7,3647,7,11.316269874572754,False
7,24449,202,5.2830352783203125,False
7,37655,12,10.914501190185547,False
7,40795,517,4.509737491607666,False
7,11297,1,14.647381782531738,False
7,24319,16,10.40273380279541,False
7,33158,386,4.80898904800415,False
7,11316,289,5.047875881195068,False
8,30082,107,9.311267852783203,False
8,21994,2,17.78499984741211,False
8,19132,8,16.517833709716797,False
8,23011,139,8.776641845703125,False
8,22077,12,15.364649772644043,False
8,889,190,8.221397399902344,False
8,8301,284,7.029341697692871,False
8,30936,188,8.254096984863281,False
8,5196,73,9.905908584594727,False
8,28089,1,18.0761775970459,False
8,37519,279,7.076763153076172,False
8,34471,189,8.237714767456055,False
8,27496,16,14.449424743652344,False
8,8778,3,17.590864181518555,False
8,9657,266,7.280178070068359,False
8,7820,219,7.780150890350342,False
8,11511,6,16.640453338623047,False
8,21275,11,15.90176773071289,False
8,30557,18,13.017268180847168,False
8,8990,13,15.115840911865234,False
8,30083,17,13.288869857788086,False
8,30358,5,17.0540714263916,False
8,30045,19,12.758795738220215,False
8,15707,326,6.386248588562012,False
8,30355,4,17.397459030151367,False
9,20907,73,16.799936294555664,False
9,30092,37,18.553091049194336,False
9,3288,32,18.778894424438477,False
9,29691,4,20.635047912597656,False
9,30826,95,15.234055519104004,False
9,13615,25,19.25240135192871,False
9,29361,52,18.2262020111084,False
9,16859,26,19.216320037841797,False
9,21801,20,19.462265014648438,False
9,21802,14,19.85003089904785,False
9,38098,7,20.227128982543945,False
9,742,44,18.4033145904541,False
9,1312,83,16.12787628173828,False
9,29859,74,16.7240047454834,False
9,20910,68,16.96892547607422,False
9,14429,35,18.706884384155273,False
9,22863,78,16.642791748046875,False
9,17993,8,20.1951847076416,False
9,7997,11,20.074127197265625,False
9,23622,40,18.541656494140625,False
9,33736,94,15.280820846557617,False
9,34405,31,18.964963912963867,False
9,33629,33,18.75923728942871,False
9,1311,46,18.306928634643555,False
9,21800,2,21.090900421142578,False
9,30094,41,18.541139602661133,False
9,30093,38,18.553091049194336,False
9,8715,13,19.959732055664062,False
9,40928,58,17.588502883911133,False
9,24844,45,18.344860076904297,False
9,23920,61,17.321470260620117,False
9,14744,79,16.56841278076172,False
9,22466,71,16.839534759521484,False
9,20909,16,19.61613655090332,False
9,17607,72,16.829471588134766,False
9,22769,54,18.11020278930664,False
9,38099,51,18.270605087280273,False
9,27916,3,20.691675186157227,False
9,20647,39,18.547470092773438,False
9,24415,30,19.002065658569336,False
9,24416,22,19.364416122436523,False
9,24418,18,19.519817352294922,False
9,20281,49,18.300935745239258,False
9,24419,24,19.284175872802734,False
9,24420,42,18.42278289794922,False
9,24421,17,19.575942993164062,False
9,24422,43,18.407421112060547,False
9,15058,23,19.31238555908203,False
9,17613,28,19.131071090698242,False
9,39719,5,20.305723190307617,False
9,7509,1,21.235605239868164,False
9,1618,48,18.300935745239258,False
9,12301,70,16.881162643432617,False
9,28838,15,19.657699584960938,False
9,23921,29,19.0317440032959,False
9,39718,9,20.154714584350586,False
9,28576,53,18.19073486328125,False
9,7996,56,17.925006866455078,False
9,21308,88,15.787690162658691,False
9,5873,21,19.45954132080078,False
9,8714,86,15.914207458496094,False
9,14610,64,17.248645782470703,False
9,7974,92,15.537117004394531,False
9,7969,82,16.18544578552246,False
9,7970,90,15.713312149047852,False
9,7971,93,15.432316780090332,False
9,7507,6,20.271520614624023,False
9,24272,62,17.309545516967773,False
9,7972,91,15.713312149047852,False
9,30832,65,17.1539306640625,False
9,30833,55,18.089622497558594,False
9,30834,85,16.060829162597656,False
9,30835,47,18.302913665771484,False
9,30837,12,20.07220458984375,False
10,29103,5,16.062347412109375,False
10,40327,11,15.143346786499023,False
10,17749,3,16.959918975830078,False
10,3865,18,13.581716537475586,False
10,24485,9,15.411419868469238,False
10,8962,16,13.874298095703125,False
10,14886,2,17.195755004882812,False
10,28207,29,11.669477462768555,False
10,7170,26,12.277236938476562,False
10,20754,17,13.662576675415039,False
10,9201,1,17.44784164428711,False
10,34760,4,16.952877044677734,False
10,35520,20,13.06041145324707,False
10,17824,12,14.950278282165527,False
10,17744,14,14.54770278930664,False
10,17745,8,15.450016021728516,False
10,454,7,15.488557815551758,False
10,24760,24,12.423224449157715,False
10,6694,46,10.36592960357666,False
10,6746,6,15.825918197631836,False
10,28208,37,11.219286918640137,False
11,7741,6,15.309211730957031,False
11,14656,50,10.629257202148438,False
11,32340,7,14.837776184082031,False
11,28778,15,13.409687042236328,False
11,37028,14,13.611473083496094,False
11,7742,2,15.811361312866211,False
11,3835,45,11.062012672424316,False
11,3859,35,11.865188598632812,False
11,3885,10,13.928635597229004,False
11,17136,53,10.476476669311523,False
11,14400,5,15.32508659362793,False
11,9146,25,12.211349487304688,False
11,9147,26,12.211349487304688,False
11,9148,27,12.211349487304688,False
11,28780,13,13.620258331298828,False
11,25744,51,10.54885482788086,False
11,38897,21,13.022981643676758,False
11,10263,28,12.178328514099121,False
11,10265,30,12.145491600036621,False
11,10264,29,12.145491600036621,False
11,11922,65,9.654291152954102,False
11,3857,37,11.806655883789062,False
11,11928,66,9.654291152954102,False
11,3860,33,11.879927635192871,False
11,11926,71,9.616594314575195,False
11,11927,68,9.629127502441406,False
11,7740,9,14.354002952575684,False
11,3858,36,11.850492477416992,False
11,3861,40,11.496586799621582,False
11,14382,60,10.093425750732422,False
11,8537,55,10.328807830810547,False
11,8536,59,10.10654067993164,False
11,85,4,15.678312301635742,False
11,83,3,15.766031265258789,False
11,9145,52,10.521636962890625,False
11,9143,32,11.920677185058594,False
11,11919,70,9.616594314575195,False
11,11923,73,9.591630935668945,False
11,3856,34,11.865188598632812,False
11,11925,67,9.629127502441406,False
11,11929,69,9.629127502441406,False
11,28172,82,9.124757766723633,False
11,9144,31,11.952262878417969,False
11,11920,74,9.554435729980469,False
11,11917,76,9.529802322387695,False
11,11918,79,9.505300521850586,False
11,84,8,14.534436225891113,False
11,28348,38,11.62899398803711,False
11,28779,11,13.895349502563477,False
11,4126,12,13.87680435180664,False
11,18139,64,9.739757537841797,False
11,18140,78,9.509675025939941,False
11,18141,41,11.41683292388916,False
11,42195,44,11.064509391784668,False
11,42196,49,10.63995361328125,False
11,37573,23,12.479425430297852,False
11,29810,20,13.038045883178711,False
11,25702,17,13.284358978271484,False
11,25658,39,11.542679786682129,False
11,25752,22,12.694276809692383,False
11,82,1,15.866812705993652,False
11,24511,47,11.007579803466797,False
11,24510,43,11.103090286254883,False
11,24512,16,13.381603240966797,False
11,18459,19,13.082893371582031,False
12,31929,27,19.99306297302246,False
12,11321,6,24.40939712524414,False
12,32789,4,25.11261558532715,False
12,37407,15,22.039087295532227,False
12,5096,16,21.93482208251953,False
12,18462,1978,3.9211978912353516,False
12,7626,677,6.3549675941467285,False
12,25779,7,24.205373764038086,False
12,42458,11,22.911550521850586,False
12,24716,8,23.813861846923828,False
12,24594,12,22.901695251464844,False
12,2489,13,22.896831512451172,False
12,10599,9,23.776268005371094,False
12,25477,3,25.783781051635742,False
12,23580,1,26.691770553588867,False
12,28502,10,22.93309783935547,False
12,14385,51,14.758642196655273,False
12,12125,261,7.4788994789123535,False
12,25484,32,19.06045913696289,False
12,28453,85,10.502317428588867,False
12,17260,33,18.926511764526367,False
12,28501,5,24.915864944458008,False
12,224,2,26.630584716796875,False
12,1354,355,7.104403495788574,False
12,28080,235,7.596576690673828,False
12,4629,36,18.649585723876953,False
12,34946,25,20.11046600341797,False
13,16355,31,11.011068344116211,False
13,12509,5,12.985893249511719,False
13,12508,3,13.606895446777344,False
13,12504,49,10.52800178527832,False
13,16354,21,11.284423828125,False
13,12510,4,13.549470901489258,False
13,12505,23,11.2658052444458,False
13,41426,58,9.066855430603027,False
13,12514,35,10.900001525878906,False
13,36919,28,11.109635353088379,False
13,36921,29,11.065000534057617,False
13,40892,22,11.275043487548828,False
13,22858,42,10.740800857543945,False
13,22850,46,10.697954177856445,False
13,22851,43,10.730056762695312,False
13,22852,47,10.697954177856445,False
13,22856,40,10.751566886901855,False
13,22849,48,10.687296867370605,False
13,22859,39,10.77316665649414,False
13,22857,41,10.751566886901855,False
13,22854,44,10.730056762695312,False
13,22855,38,10.77316665649414,False
13,22853,37,10.77316665649414,False
13,29730,13,11.775972366333008,False
13,42814,24,11.208165168762207,False
13,26660,32,10.983733177185059,False
13,27527,17,11.625736236572266,False
13,29729,7,12.381072998046875,False
13,29731,14,11.775972366333008,False
13,42812,36,10.777395248413086,False
13,42813,25,11.193397521972656,False
13,37871,10,11.897346496582031,False
13,36920,34,10.91429328918457,False
13,30523,27,11.163789749145508,False
13,5943,54,9.83757209777832,False
13,12520,33,10.97624683380127,False
13,8633,56,9.52476692199707,False
13,36728,16,11.64547061920166,False
13,8634,26,11.169074058532715,False
13,34045,2,14.030265808105469,False
13,29352,11,11.895411491394043,False
13,7098,20,11.294861793518066,False
13,36851,45,10.716212272644043,False
13,30538,82,7.9641947746276855,False
13,5451,50,10.310795783996582,False
13,40883,18,11.613019943237305,False
14,42938,1718,4.290308952331543,False
14,29279,459,5.647462844848633,False
14,42941,662,5.283183574676514,False
14,42943,1485,4.467057228088379,False
14,42939,1426,4.5011162757873535,False
14,38731,386,5.781396865844727,False
14,29434,1190,4.646770000457764,False
14,37142,1163,4.658994197845459,False
14,7099,21619,0.0,True
14,37143,1125,4.68363618850708,False
14,42936,1675,4.314697265625,False
14,42940,584,5.4144816398620605,False
14,1068,565,5.445608615875244,False
14,37141,1162,4.658994197845459,False
14,14967,26413,0.0,True
14,40050,599,5.388572692871094,False
14,42942,1413,4.512585163116455,False
14,40047,1398,4.520263195037842,False
14,23510,703,5.200222969055176,False
14,23987,1341,4.555141925811768,False
15,17439,62,11.881977081298828,False
15,25698,2,14.559375762939453,False
16,4028,2,13.16071891784668,False
16,27608,30014,0.0,True
16,4030,3,12.956159591674805,False
16,4032,1195,4.3558349609375,False
17,33643,180,8.927918434143066,False
17,17572,102,10.267386436462402,False
17,31792,259,7.895139694213867,False
17,31114,3,12.499320983886719,False
17,19554,59,10.807594299316406,False
17,33109,227,8.150971412658691,False
17,33110,331,7.359612464904785,False
17,39445,66,10.721935272216797,False
17,39447,68,10.686494827270508,False
17,39448,64,10.740618705749512,False
17,39449,62,10.76534366607666,False
17,39450,133,9.793769836425781,False
17,15959,61,10.778144836425781,False
17,17902,282,7.744920253753662,False
17,17903,278,7.754643440246582,False
17,17904,279,7.754643440246582,False
17,38014,5,11.772239685058594,False
17,19555,1,13.96146011352539,False
17,39175,54,10.82475471496582,False
17,25161,122,10.014471054077148,False
17,39393,250,7.991713523864746,False
18,32459,2,19.869117736816406,False
18,37528,30,17.348590850830078,False
18,20885,12,18.08742332458496,False
18,19659,45,16.473573684692383,False
18,19660,33,17.211824417114258,False
18,17491,20,17.876535415649414,False
18,19632,4,18.971982955932617,False
18,15892,19,17.880237579345703,False
18,15890,10,18.150108337402344,False
18,21630,149,13.180063247680664,False
18,39514,40,16.85333251953125,False
18,10259,22,17.755464553833008,False
18,20779,96,13.803543090820312,False
18,21625,75,14.175983428955078,False
18,32658,7,18.526592254638672,False
18,13687,53,15.270301818847656,False
18,15073,18,17.89938735961914,False
18,15071,14,17.9908504486084,False
18,39699,35,17.165050506591797,False
18,9287,13,18.080059051513672,False
18,3305,44,16.500246047973633,False
18,37524,38,17.061927795410156,False
18,40230,24,17.639320373535156,False
18,33907,31,17.315719604492188,False
18,23859,72,14.225666046142578,False
18,24061,71,14.260486602783203,False
18,27299,213,12.510046005249023,False
18,29574,90,13.859180450439453,False
18,33905,140,13.30743408203125,False
18,27301,5,18.75533103942871,False
18,33900,130,13.419677734375,False
18,13446,379,10.828337669372559,False
18,27776,712,9.453317642211914,False
18,24810,184,12.788675308227539,False
20,27910,2669,0.5023226737976074,False
20,37834,2866,0.5001451969146729,False
20,27901,17153,0.3924331068992615,False
20,2392,21292,0.3543262481689453,False
20,14436,32885,1.6423644410679117e-05,False
20,6160,11997,0.4316200613975525,False
20,8722,25035,0.31932106614112854,False
20,27908,2637,0.5026721954345703,False
20,443,4058,0.4884234666824341,False
20,17971,469,0.5451499819755554,False
20,17963,14,8.251564025878906,False
20,30616,9101,0.45090973377227783,False
21,27990,1,13.118074417114258,False
22,21422,31,15.8558931350708,False
22,21029,12,17.135616302490234,False
22,10963,51,14.729759216308594,False
22,21805,17,16.82598876953125,False
22,4199,87,13.122367858886719,False
22,24112,563,9.002670288085938,False
22,9533,1014,7.721249103546143,False
22,18488,7,17.587648391723633,False
22,3954,57,14.610004425048828,False
22,18291,53,14.69161605834961,False
22,21426,558,9.032798767089844,False
22,3641,1097,7.515171051025391,False
22,40407,3,18.067134857177734,False
22,30221,703,8.575281143188477,False
22,24113,2,18.213895797729492,False
22,2303,489,9.270885467529297,False
22,21028,8,17.472660064697266,False
22,529,549,9.064708709716797,False
22,39589,40,15.223993301391602,False
22,21425,13,17.06281852722168,False
22,26622,30,15.879916191101074,False
22,4155,634,8.73887825012207,False
24,28584,141,11.924590110778809,False
24,26321,413,11.028935432434082,False
24,12250,161,11.832140922546387,False
24,17632,634,10.574273109436035,False
24,41329,757,10.368828773498535,False
24,24863,653,10.534337997436523,False
24,28998,739,10.388946533203125,False
24,26033,272,11.455205917358398,False
24,18721,724,10.408884048461914,False
24,42367,803,10.289554595947266,False
24,33301,157,11.845789909362793,False
24,17940,180,11.764472961425781,False
24,24721,2,14.948379516601562,False
24,40981,528,10.753021240234375,False
24,40980,833,10.240620613098145,False
24,40979,264,11.473644256591797,False
24,11640,38,13.276458740234375,False
24,24508,821,10.260577201843262,False
24,30593,250,11.53128719329834,False
24,19630,824,10.248713493347168,False
24,18023,475,10.858174324035645,False
24,41332,447,10.938279151916504,False
24,31667,1040,9.86845874786377,False
24,41326,76,12.450105667114258,False
24,41320,203,11.663793563842773,False
24,10403,214,11.62586784362793,False
24,16605,27,13.57239055633545,False
24,42681,167,11.813745498657227,False
24,26509,15,13.844165802001953,False
24,20620,868,10.187929153442383,False
24,17179,426,10.990909576416016,False
24,14094,589,10.638614654541016,False
24,38332,529,10.751283645629883,False
24,16239,476,10.855855941772461,False
24,39377,825,10.248713493347168,False
24,36477,474,10.862274169921875,False
24,42755,1185,9.551448822021484,False
24,40338,8,13.978269577026367,False
24,24256,260,11.489007949829102,False
24,20212,401,11.048334121704102,False
24,41362,586,10.642566680908203,False
24,24119,196,11.692100524902344,False
24,17673,299,11.347208976745605,False
24,3847,970,10.004945755004883,False
24,26350,322,11.252937316894531,False
24,40196,81,12.386652946472168,False
24,1785,184,11.743298530578613,False
24,5088,68,12.602180480957031,False
24,16555,16,13.832778930664062,False
24,20336,225,11.592819213867188,False
24,28096,116,12.06373405456543,False
24,15577,789,10.310566902160645,False
24,38552,370,11.128174781799316,False
24,26505,40,13.185735702514648,False
24,14532,35,13.309871673583984,False
24,37318,177,11.782121658325195,False
24,22889,1106,9.71918773651123,False
24,15363,347,11.19066047668457,False
24,8992,351,11.183477401733398,False
24,9425,242,11.560038566589355,False
24,41352,381,11.090391159057617,False
24,16797,150,11.881086349487305,False
24,24500,815,10.270710945129395,False
24,26520,29,13.415287017822266,False
24,28806,61,12.670985221862793,False
24,34413,357,11.165205955505371,False
24,32157,97,12.244547843933105,False
24,5116,609,10.59704303741455,False
24,34414,255,11.507049560546875,False
24,18013,945,10.05998706817627,False
24,22990,453,10.92215633392334,False
24,40337,14,13.853185653686523,False
24,34248,1,15.39293098449707,False
24,3512,197,11.688262939453125,False
24,28104,493,10.830574035644531,False
24,16758,643,10.548991203308105,False
24,26508,98,12.234685897827148,False
24,26507,17,13.816014289855957,False
24,16615,235,11.570901870727539,False
24,1296,424,11.002664566040039,False
24,24120,30,13.3905668258667,False
24,8310,148,11.891695976257324,False
24,1722,174,11.788841247558594,False
24,16851,402,11.046088218688965,False
25,520,56,8.412177085876465,False
25,20400,108,7.032721042633057,False
25,218,21,9.094121932983398,False
25,904,40,8.732412338256836,False
25,28403,152,6.414638519287109,False
25,24714,146,6.505598545074463,False
25,10522,157,6.26448392868042,False
25,10525,155,6.3261847496032715,False
25,19997,170,5.929079055786133,False
25,17244,163,6.156401634216309,False
25,23666,129,6.766017913818359,False
25,32337,43,8.685179710388184,False
25,770,7,9.489179611206055,False
25,37792,5,9.757251739501953,False
25,38025,38037,0.0,True
25,34994,130,6.751792907714844,False
25,9514,174,5.832171440124512,False
25,7328,7497,0.0,True
25,16105,80,7.943981647491455,False
25,15396,69,8.094146728515625,False
25,9717,19,9.141070365905762,False
25,10633,169,5.940046310424805,False
25,962,58,8.390199661254883,False
25,31415,31458,0.0,True
25,6820,57,8.403974533081055,False
25,41070,41074,0.0,True
25,9720,51,8.49001407623291,False
25,7839,59,8.35744857788086,False
25,7841,154,6.338672161102295,False
25,7840,112,7.002053737640381,False
25,37453,4,10.002303123474121,False
25,2761,11,9.386507987976074,False
25,9719,20,9.119948387145996,False
25,19099,145,6.5320634841918945,False
25,19398,82,7.885463714599609,False
25,7838,121,6.882012844085693,False
25,36708,18,9.189538955688477,False
25,4468,138,6.640111446380615,False
25,894,149,6.45330810546875,False
25,793,14,9.295939445495605,False
25,5731,156,6.289019584655762,False
25,17192,32,8.914205551147461,False
25,9728,12,9.359152793884277,False
25,21089,21160,0.0,True
25,7112,7282,0.0,True
25,38019,165,6.132888317108154,False
25,20668,202,4.781477451324463,False
25,12442,12561,0.0,True
25,40757,10,9.40483283996582,False
25,32431,115,6.971652507781982,False
25,12450,12569,0.0,True
25,32429,97,7.405728340148926,False
25,34705,126,6.809054851531982,False
25,14022,17,9.189538955688477,False
25,27500,68,8.166183471679688,False
25,10457,10599,0.0,True
25,2744,179,5.7077836990356445,False
25,38023,38035,0.0,True
25,34158,193,5.364541053771973,False
25,25000,161,6.166828632354736,False
25,925,1128,0.0,True
25,9727,6,9.670971870422363,False
25,18492,18589,0.0,True
25,877,105,7.1244916915893555,False
25,803,1009,0.0,True
25,2746,192,5.382523536682129,False
25,19394,19489,0.0,True
25,42623,52,8.49001407623291,False
25,42622,55,8.423210144042969,False
25,6073,64,8.25009822845459,False
25,940,93,7.542829513549805,False
25,2765,72,8.053549766540527,False
25,41934,197,5.224895000457764,False
25,20666,204,4.564027309417725,False
25,2756,128,6.766017913818359,False
25,2757,119,6.882012844085693,False
25,7661,142,6.585644245147705,False
25,23475,77,7.963680267333984,False
25,2305,201,4.8245768547058105,False
25,34436,13,9.350069999694824,False
25,7813,7981,0.0,True
25,36999,148,6.466301918029785,False
25,13599,83,7.808769226074219,False
25,34462,100,7.241672992706299,False
25,32727,8,9.429604530334473,False
25,8080,65,8.23951530456543,False
25,10964,78,7.9538187980651855,False
25,6736,6908,0.0,True
25,9695,114,6.971652507781982,False
25,9694,106,7.063658237457275,False
25,13516,171,5.874847888946533,False
25,7821,7989,0.0,True
25,40291,40301,0.0,True
25,13055,151,6.414638519287109,False
25,13034,37,8.851813316345215,False
25,13033,81,7.904873371124268,False
25,11848,178,5.738380432128906,False
25,9224,141,6.612765789031982,False
25,40808,101,7.2225189208984375,False
25,28009,35,8.877243995666504,False
25,11099,95,7.542829513549805,False
25,35262,27,8.983880996704102,False
25,26711,158,6.2522873878479,False
25,37203,79,7.9538187980651855,False
25,13877,99,7.269638538360596,False
25,21641,187,5.540384292602539,False
25,33960,30,8.9338960647583,False
25,217,50,8.501251220703125,False
25,776,61,8.303425788879395,False
25,30278,25,9.000665664672852,False
25,20979,98,7.352860450744629,False
25,20990,91,7.560586929321289,False
25,10546,162,6.156401634216309,False
25,20980,86,7.63779878616333,False
25,20987,92,7.55169677734375,False
25,2730,123,6.850918292999268,False
25,32598,45,8.661754608154297,False
25,5973,53,8.478806495666504,False
25,18029,9,9.414023399353027,False
25,12400,44,8.672070503234863,False
25,15942,70,8.083958625793457,False
25,15941,38,8.811335563659668,False
25,35394,147,6.505598545074463,False
25,20982,159,6.240139007568359,False
25,20986,22,9.089325904846191,False
25,20988,46,8.576033592224121,False
25,35283,36,8.877243995666504,False
25,12441,34,8.877243995666504,False
25,10627,1,10.23548698425293,False
25,10445,113,7.002053737640381,False
25,27891,41,8.720556259155273,False
25,18910,210,4.377396583557129,False
25,9726,49,8.512518882751465,False
25,12038,213,4.036291122436523,False
25,12172,172,5.857510566711426,False
25,30495,176,5.7693071365356445,False
25,15937,76,7.99341344833374,False
25,7227,124,6.836334228515625,False
25,11100,103,7.142205238342285,False
25,31077,188,5.52133321762085,False
25,6834,183,5.637644290924072,False
25,20659,134,6.672976970672607,False
25,15938,74,8.013359069824219,False
25,15939,29,8.950495719909668,False
25,30498,180,5.68756628036499,False
25,21268,207,4.493776798248291,False
25,30745,66,8.23951530456543,False
25,6071,140,6.612765789031982,False
25,20983,195,5.233409404754639,False
25,20985,89,7.569497108459473,False
25,40293,139,6.626410007476807,False
25,789,131,6.743032932281494,False
25,20984,196,5.224895000457764,False
25,11628,127,6.800145626068115,False
25,11627,153,6.3434553146362305,False
25,20667,206,4.512721061706543,False
25,38015,96,7.507562637329102,False
25,31934,42,8.720556259155273,False
25,27730,182,5.657507419586182,False
25,12021,208,4.474991321563721,False
25,36626,75,8.013359069824219,False
25,2734,199,5.174384117126465,False
25,2735,190,5.464959144592285,False
25,31125,185,5.608109951019287,False
25,34859,109,7.032721042633057,False
25,21640,71,8.063661575317383,False
25,40761,3,10.200874328613281,False
25,794,2,10.23299503326416,False
25,14315,23,9.077994346618652,False
25,20981,181,5.667492389678955,False
25,11747,164,6.14323616027832,False
25,9955,88,7.577725410461426,False
25,11909,111,7.020054340362549,False
25,21009,110,7.030904769897461,False
25,20995,67,8.231644630432129,False
25,5656,120,6.882012844085693,False
25,31932,26,8.992265701293945,False
25,3832,94,7.542829513549805,False
25,3833,90,7.560586929321289,False
25,24994,47,8.56795597076416,False
25,8077,144,6.545377254486084,False
25,12199,12320,0.0,True
25,40952,40956,0.0,True
25,40314,143,6.55874490737915,False
25,5801,205,4.531825065612793,False
25,11010,11146,0.0,True
25,11540,62,8.271347045898438,False
25,11539,63,8.260709762573242,False
25,28043,60,8.346587181091309,False
25,11541,24,9.076985359191895,False
25,31124,31168,0.0,True
25,30496,30543,0.0,True
25,30720,30766,0.0,True
25,12205,12326,0.0,True
25,8582,8743,0.0,True
25,2731,2929,0.0,True
25,36591,73,8.053549766540527,False
25,33941,132,6.723521709442139,False
25,34073,102,7.190177917480469,False
25,40765,150,6.440366268157959,False
25,38028,189,5.511857032775879,False
25,13182,15,9.279741287231445,False
25,36564,16,9.246344566345215,False
25,30494,177,5.748652458190918,False
25,2778,2968,0.0,True
25,2825,84,7.77097749710083,False
25,773,137,6.640111446380615,False
25,21088,168,6.017963409423828,False
25,36671,28,8.958819389343262,False
25,1350,211,4.295427322387695,False
25,11101,175,5.821599006652832,False
25,20399,87,7.578428268432617,False
25,6070,6252,0.0,True
25,28596,48,8.535141944885254,False
25,9698,118,6.92654275894165,False
25,9700,104,7.126357078552246,False
25,9701,133,6.681556224822998,False
25,9693,173,5.842782020568848,False
25,9696,107,7.048155784606934,False
25,9697,117,6.92654275894165,False
25,9699,136,6.653869152069092,False
25,7989,135,6.667684078216553,False
25,783,31,8.925619125366211,False
25,15936,39,8.747334480285645,False
25,31578,209,4.425655841827393,False
25,224,125,6.809054851531982,False
25,19417,85,7.733551025390625,False
26,27998,555,7.210991382598877,False
26,34543,562,7.195837020874023,False
26,33627,164,7.964571475982666,False
26,14579,235,7.831396579742432,False
26,18590,149,8.008285522460938,False
26,40478,199,7.897570610046387,False
26,33631,419,7.469744682312012,False
26,15471,292,7.7103729248046875,False
26,36220,177,7.9490814208984375,False
26,17133,927,6.558326244354248,False
26,15537,358,7.589107513427734,False
26,8263,1414,5.268397808074951,False
26,42640,331,7.629951000213623,False
26,20858,175,7.949599742889404,False
26,289,528,7.272346019744873,False
26,5580,2600,3.2606022357940674,False
26,28380,68,8.282543182373047,False
26,63,654,7.066570281982422,False
26,29821,18,8.513564109802246,False
26,19093,236,7.831051826477051,False
26,14104,376,7.542973518371582,False
26,1343,360,7.575078010559082,False
26,25892,161,7.970883846282959,False
26,36137,691,7.005177021026611,False
26,28675,722,6.954866409301758,False
26,354,256,7.768793106079102,False
26,355,125,8.05485725402832,False
26,6762,540,7.242331504821777,False
26,35364,993,6.4463324546813965,False
26,41271,271,7.73979377746582,False
26,8318,136,8.034188270568848,False
26,29084,307,7.675503730773926,False
26,4956,338,7.6231889724731445,False
26,23025,444,7.428036212921143,False
26,13232,637,7.0867815017700195,False
26,364,298,7.7029619216918945,False
26,365,270,7.741035461425781,False
26,368,291,7.711387634277344,False
26,41340,571,7.181613922119141,False
26,42234,802,6.787131309509277,False
26,19070,11,8.598607063293457,False
26,29752,1505,4.979008674621582,False
26,8942,212,7.87307596206665,False
26,25887,538,7.249648094177246,False
26,13826,635,7.089179039001465,False
26,32119,223,7.859104156494141,False
26,35112,386,7.529768943786621,False
26,4584,38,8.391986846923828,False
26,37816,464,7.397011756896973,False
26,41275,494,7.331268310546875,False
26,11470,169,7.958889007568359,False
26,41276,178,7.9489593505859375,False
26,6956,221,7.859104156494141,False
26,27576,923,6.565007209777832,False
26,22344,405,7.500405311584473,False
26,16842,1308,5.628291130065918,False
26,367,299,7.7029619216918945,False
26,42236,812,6.773509979248047,False
26,20794,374,7.55457878112793,False
26,14814,117,8.089292526245117,False
26,28663,1482,5.036558151245117,False
26,366,283,7.724062919616699,False
26,31669,470,7.38730525970459,False
26,31607,163,7.964571475982666,False
26,24176,61,8.30158519744873,False
26,7859,907,6.609380722045898,False
26,23337,1128,6.099519729614258,False
26,41165,707,6.985552787780762,False
26,41305,80,8.230443954467773,False
26,6409,832,6.730276107788086,False
26,30847,683,7.014707565307617,False
26,6396,180,7.943412780761719,False
26,39580,602,7.1390461921691895,False
26,23335,487,7.353967666625977,False
26,18732,440,7.434767723083496,False
26,474,511,7.303229331970215,False
26,27693,209,7.881308078765869,False
26,39847,208,7.882937908172607,False
26,1715,534,7.262250900268555,False
26,8118,345,7.612443923950195,False
26,14105,377,7.542973518371582,False
26,8380,220,7.8600053787231445,False
26,21446,15,8.563923835754395,False
26,5989,9,8.63608455657959,False
26,29512,979,6.464191436767578,False
26,6355,59,8.313335418701172,False
26,29459,47,8.346799850463867,False
26,24970,17,8.517481803894043,False
26,5031,568,7.183444023132324,False
26,13929,135,8.034685134887695,False
26,359,276,7.733226776123047,False
26,1720,426,7.46197509765625,False
26,31259,142,8.024823188781738,False
26,34132,1046,6.319680213928223,False
26,34131,1079,6.226203918457031,False
26,39911,498,7.32459831237793,False
26,24383,1028,6.361875057220459,False
26,29978,241,7.80961275100708,False
26,746,441,7.4321818351745605,False
26,22574,1181,5.955498695373535,False
26,40164,656,7.063589572906494,False
26,12987,362,7.570541858673096,False
26,14529,3,8.755704879760742,False
26,9309,337,7.623989105224609,False
26,11195,452,7.4185380935668945,False
26,6459,396,7.514580249786377,False
26,14047,676,7.029666900634766,False
26,40509,614,7.11552095413208,False
26,304,715,6.971124649047852,False
26,14755,943,6.529537200927734,False
26,24173,4,8.749674797058105,False
26,12120,137,8.034188270568848,False
26,20680,56,8.318533897399902,False
26,1914,6,8.71657657623291,False
26,25646,2683,3.2197155952453613,False
26,42158,842,6.71395206451416,False
26,22868,1031,6.357507705688477,False
26,42698,495,7.330840587615967,False
26,39949,850,6.69765567779541,False
26,19094,211,7.876526832580566,False
26,37691,423,7.464428901672363,False
26,19092,233,7.835872650146484,False
26,18477,514,7.2911834716796875,False
26,42150,863,6.687495231628418,False
26,42149,835,6.727260589599609,False
26,22661,1288,5.68243932723999,False
26,26337,500,7.321596145629883,False
26,4889,437,7.4386091232299805,False
26,40624,322,7.642831802368164,False
26,26192,375,7.548852920532227,False
26,22451,1225,5.844411849975586,False
26,42155,897,6.622270584106445,False
26,378,800,6.7924909591674805,False
26,22389,400,7.510046005249023,False
26,38852,402,7.5059285163879395,False
26,2419,102,8.141386032104492,False
26,42156,855,6.694089889526367,False
26,42157,864,6.687495231628418,False
26,37348,387,7.529768943786621,False
26,38680,616,7.112626075744629,False
26,19091,41,8.381515502929688,False
26,403,260,7.766847133636475,False
26,24318,451,7.419455051422119,False
26,21583,93,8.172842025756836,False
26,42146,882,6.661249160766602,False
26,26153,183,7.941224098205566,False
26,371,428,7.458069801330566,False
26,36135,45,8.356423377990723,False
26,25804,1253,5.773443222045898,False
26,34229,289,7.713202476501465,False
26,15528,203,7.89312744140625,False
26,1113,481,7.36221170425415,False
26,6488,870,6.678093910217285,False
26,34312,585,7.167973041534424,False
26,34952,497,7.32459831237793,False
26,6395,1180,5.955498695373535,False
26,17088,114,8.113380432128906,False
26,35341,392,7.522038459777832,False
26,684,435,7.441927909851074,False
26,24463,84,8.204206466674805,False
26,16689,306,7.675519943237305,False
26,39920,252,7.783827781677246,False
26,22362,1639,4.636666297912598,False
26,16753,1015,6.39177942276001,False
26,8374,549,7.220085144042969,False
26,18062,205,7.883657455444336,False
26,25844,277,7.73253870010376,False
26,25745,32,8.415191650390625,False
26,33980,127,8.05288314819336,False
26,360,104,8.13663101196289,False
26,26963,319,7.646718502044678,False
26,2265,669,7.041568756103516,False
26,13926,109,8.125885009765625,False
26,16031,195,7.902920246124268,False
26,31379,232,7.83811092376709,False
26,25067,49,8.346033096313477,False
26,25891,321,7.6440629959106445,False
26,32591,764,6.8800554275512695,False
26,42392,417,7.472914695739746,False
26,30101,333,7.629551410675049,False
26,6022,456,7.412590980529785,False
26,7725,317,7.64750862121582,False
26,28531,537,7.256740570068359,False
26,4890,380,7.536364555358887,False
26,23888,936,6.5393877029418945,False
26,4348,772,6.862941265106201,False
26,23966,1300,5.6417059898376465,False
26,603,459,7.403477668762207,False
26,2651,1334,5.554051876068115,False
26,27057,720,6.962525367736816,False
26,28219,281,7.725890159606934,False
26,14078,217,7.867208480834961,False
26,19696,696,6.999274253845215,False
26,27020,71,8.281180381774902,False
26,6574,300,7.700516700744629,False
26,18431,1002,6.425252437591553,False
26,18432,801,6.787818908691406,False
26,34137,1010,6.407364845275879,False
26,28481,453,7.4185380935668945,False
26,1294,14,8.587469100952148,False
26,8095,648,7.072829246520996,False
26,8094,436,7.4414472579956055,False
26,8096,390,7.524439811706543,False
26,18737,227,7.84565544128418,False
26,18916,7,8.655430793762207,False
26,42339,502,7.318366527557373,False
26,18061,107,8.127998352050781,False
26,30418,254,7.7761945724487305,False
26,34398,138,8.033088684082031,False
26,28662,992,6.4463324546813965,False
26,19073,51,8.333586692810059,False
26,382,633,7.093534469604492,False
26,7352,85,8.201091766357422,False
26,42395,649,7.071050643920898,False
26,26678,1348,5.4978837966918945,False
26,352,425,7.462183952331543,False
26,42152,840,6.71395206451416,False
26,375,455,7.415210247039795,False
26,8842,346,7.609702110290527,False
26,8323,977,6.4694366455078125,False
26,42154,841,6.71395206451416,False
26,8384,612,7.123003005981445,False
26,17642,889,6.648204803466797,False
26,19077,132,8.03892707824707,False
26,29383,201,7.895667552947998,False
26,10819,1142,6.060317039489746,False
26,42148,891,6.648204803466797,False
26,35436,472,7.3819499015808105,False
26,40041,700,6.997943878173828,False
26,42153,854,6.694089889526367,False
26,2666,1363,5.449365615844727,False
26,42151,872,6.674345970153809,False
26,38081,572,7.181421279907227,False
26,37946,216,7.869197845458984,False
26,29445,21,8.500347137451172,False
26,6391,496,7.3272528648376465,False
26,25356,1021,6.37380313873291,False
26,362,348,7.607505798339844,False
26,3084,74,8.269851684570312,False
26,27689,239,7.8236002922058105,False
26,23774,912,6.601541519165039,False
26,28201,1318,5.595059394836426,False
26,38270,259,7.767749786376953,False
26,16845,225,7.853043556213379,False
26,1073,88,8.183036804199219,False
26,38274,181,7.942460060119629,False
26,10800,294,7.709720611572266,False
26,32125,389,7.5252299308776855,False
26,9299,230,7.84024715423584,False
26,13928,152,7.989753246307373,False
26,29635,2457,3.329709529876709,False
26,29368,541,7.239494800567627,False
26,35810,881,6.661249160766602,False
26,23012,275,7.733909606933594,False
26,38995,527,7.276090621948242,False
26,20852,42,8.378609657287598,False
26,16722,584,7.170779228210449,False
26,8871,82,8.218106269836426,False
26,29376,968,6.479001045227051,False
26,37817,106,8.131044387817383,False
26,24151,1325,5.575325012207031,False
26,4780,791,6.807902812957764,False
26,8160,737,6.926446437835693,False
26,37294,554,7.211585998535156,False
26,3091,519,7.284578800201416,False
26,3092,63,8.293649673461914,False
26,34287,36,8.404887199401855,False
26,7762,485,7.355177879333496,False
26,15526,468,7.39164924621582,False
26,6460,363,7.569130897521973,False
26,7899,1085,6.209575176239014,False
26,16192,627,7.100882530212402,False
26,6458,393,7.519506454467773,False
26,37820,287,7.715607166290283,False
26,36416,37,8.39458179473877,False
26,38062,823,6.7473249435424805,False
26,26167,167,7.959451675415039,False
26,8970,62,8.299020767211914,False
26,31378,238,7.826587677001953,False
26,34093,204,7.886188507080078,False
26,17549,99,8.14826774597168,False
26,34273,70,8.282543182373047,False
26,28859,985,6.454176902770996,False
26,32355,803,6.784836769104004,False
26,2539,95,8.164050102233887,False
26,33539,773,6.861250400543213,False
26,37330,397,7.51064395904541,False
26,37307,925,6.564416885375977,False
26,1255,165,7.963602066040039,False
26,42147,834,6.727260589599609,False
26,18580,184,7.937065601348877,False
26,31306,391,7.522545337677002,False
26,31410,251,7.78746223449707,False
26,13783,1534,4.912519454956055,False
26,33691,1530,4.916630744934082,False
26,39225,3793,2.8953099250793457,False
26,18276,6917,1.6470067501068115,False
26,9411,767,6.8740057945251465,False
26,31397,3134,3.0731117725372314,False
26,28961,118,8.083773612976074,False
26,32055,1216,5.85898494720459,False
26,11655,272,7.739661693572998,False
26,29633,1672,4.557762622833252,False
26,41199,1333,5.555742263793945,False
26,38064,2842,3.165043592453003,False
26,9386,14901,0.0,True
26,24249,3086,3.0887510776519775,False
26,2681,999,6.435809135437012,False
26,31412,2568,3.2788450717926025,False
26,28957,399,7.510380744934082,False
26,22390,445,7.427870750427246,False
26,22993,913,6.598419666290283,False
26,28962,129,8.045430183410645,False
26,1465,1387,5.373891830444336,False
26,26368,719,6.965027809143066,False
26,15429,467,7.391919136047363,False
26,25427,146,8.01302433013916,False
26,11674,477,7.373164653778076,False
26,39568,3527,2.961583375930786,False
26,37564,2604,3.2596681118011475,False
26,12215,1179,5.960709571838379,False
26,30414,1133,6.08860969543457,False
26,3576,1053,6.306976318359375,False
26,18058,837,6.72059965133667,False
26,6011,365,7.5655975341796875,False
26,13017,753,6.896998405456543,False
26,2638,398,7.510380744934082,False
26,19905,1249,5.779114723205566,False
26,5839,411,7.483911037445068,False
26,6168,6285,1.9038314819335938,False
26,209,6492,1.8266863822937012,False
26,8327,1057,6.298232555389404,False
26,39661,245,7.796767234802246,False
26,21358,2659,3.230644464492798,False
26,26070,7167,1.4805676937103271,False
26,1616,6980,1.6174596548080444,False
26,40174,932,6.545688152313232,False
26,19456,983,6.455646514892578,False
26,26879,1094,6.1868977546691895,False
26,14338,5789,2.1476070880889893,False
26,27541,194,7.904562473297119,False
26,18161,40,8.383914947509766,False
26,39562,831,6.734622001647949,False
26,40198,48,8.346102714538574,False
26,29746,915,6.583752632141113,False
26,36696,3600,2.942992687225342,False
26,8341,1238,5.805598258972168,False
26,17292,1,9.138264656066895,False
26,28926,703,6.988236427307129,False
26,17188,1066,6.277549743652344,False
26,25430,947,6.526822090148926,False
26,2863,725,6.946202278137207,False
26,5381,2818,3.1723508834838867,False
26,8888,878,6.661249160766602,False
26,5458,661,7.056233882904053,False
26,12408,249,7.788928985595703,False
26,33333,857,6.693078994750977,False
26,20589,5225,2.4354348182678223,False
26,28058,7079,1.5572866201400757,False
26,40680,434,7.442142486572266,False
26,7506,4293,2.7626376152038574,False
26,18878,1062,6.289394378662109,False
26,8340,762,6.883079528808594,False
26,22015,951,6.524406909942627,False
26,8967,90,8.181270599365234,False
26,31297,4454,2.7115089893341064,False
26,26164,909,6.609380722045898,False
26,18505,588,7.165677547454834,False
26,7298,313,7.653083801269531,False
26,29390,738,6.926446437835693,False
26,2959,427,7.460540771484375,False
26,16511,751,6.904844760894775,False
26,22664,945,6.52863883972168,False
26,39006,699,6.997943878173828,False
26,11253,1007,6.4104461669921875,False
26,32462,1008,6.408683776855469,False
26,31395,77,8.260289192199707,False
26,9491,13,8.592885971069336,False
26,29223,257,7.767749786376953,False
26,7603,5797,2.1402266025543213,False
26,9234,1314,5.607287406921387,False
26,11184,449,7.423784255981445,False
26,29442,888,6.648858070373535,False
26,25428,247,7.794541358947754,False
26,39004,593,7.160656452178955,False
26,20682,7070,1.563518762588501,False
26,25424,185,7.932147979736328,False
26,24329,732,6.933528900146484,False
26,19695,724,6.952642440795898,False
26,39461,430,7.4514970779418945,False
26,42927,1298,5.648438453674316,False
26,31584,433,7.443340301513672,False
26,39003,613,7.11552095413208,False
26,36163,413,7.483911037445068,False
26,31505,134,8.038047790527344,False
26,5779,643,7.081299781799316,False
26,30636,1447,5.169879913330078,False
26,5565,1252,5.777887344360352,False
26,7466,1196,5.909757614135742,False
26,28381,970,6.478490352630615,False
26,17250,5551,2.268127679824829,False
26,42137,1519,4.947617530822754,False
26,25429,463,7.400213241577148,False
26,30416,1058,6.297075271606445,False
26,38950,1156,6.016983985900879,False
26,18461,4353,2.7464542388916016,False
26,5498,4984,2.532796859741211,False
26,5125,551,7.218195915222168,False
26,42039,1103,6.168753147125244,False
26,30413,1025,6.367833614349365,False
26,22314,3515,2.9662857055664062,False
26,24192,278,7.732424736022949,False
26,38187,1368,5.44109582901001,False
26,23964,771,6.86358642578125,False
26,41153,188,7.9161176681518555,False
26,30314,5581,2.2550365924835205,False
26,34493,3665,2.9246339797973633,False
26,30592,1032,6.357507705688477,False
26,5556,836,6.7268781661987305,False
26,2636,1385,5.374902725219727,False
26,5494,1453,5.142324447631836,False
26,42160,442,7.4321818351745605,False
26,7139,601,7.144599914550781,False
26,5617,290,7.712037086486816,False
26,7095,6924,1.644695520401001,False
26,2865,729,6.936894416809082,False
26,7467,728,6.937015533447266,False
26,39010,745,6.912324905395508,False
26,40996,4679,2.650198459625244,False
26,16294,5607,2.23995304107666,False
26,27743,486,7.354009628295898,False
26,39429,550,7.220085144042969,False
26,37818,1324,5.575652122497559,False
26,28228,5,8.7218017578125,False
26,5237,1292,5.672473907470703,False
26,1199,415,7.479595184326172,False
26,29565,1040,6.339101791381836,False
26,39011,746,6.912324905395508,False
26,33478,838,6.718840599060059,False
26,2245,629,7.098715782165527,False
26,30128,956,6.513064384460449,False
26,30591,1072,6.253511428833008,False
26,18211,3871,2.8788561820983887,False
26,16742,1347,5.500777244567871,False
26,24880,1063,6.287755966186523,False
26,6412,1027,6.361875057220459,False
26,31230,282,7.725890159606934,False
26,18223,749,6.906395435333252,False
26,8262,261,7.763255596160889,False
26,5610,4044,2.836172103881836,False
26,11060,706,6.985886573791504,False
26,14339,3639,2.931950092315674,False
26,20792,1075,6.244460582733154,False
26,20697,795,6.801572799682617,False
26,9489,26,8.446279525756836,False
26,20610,378,7.540349960327148,False
26,24149,301,7.698234558105469,False
26,10957,1279,5.699552059173584,False
26,5782,615,7.11295223236084,False
26,42329,5196,2.4481523036956787,False
26,4781,964,6.48874568939209,False
26,33477,1490,5.015964984893799,False
26,12107,1177,5.968949317932129,False
26,22958,1299,5.6417059898376465,False
26,35354,1254,5.769799709320068,False
26,27443,1653,4.600329875946045,False
26,18229,1400,5.314145088195801,False
26,42928,517,7.286033630371094,False
26,28959,113,8.116009712219238,False
26,4590,479,7.365169525146484,False
26,25425,280,7.726768493652344,False
26,1198,898,6.619075775146484,False
26,28260,366,7.5655975341796875,False
26,5994,1456,5.128853797912598,False
26,31561,1139,6.071516036987305,False
26,34232,139,8.030683517456055,False
26,25431,2190,3.5137407779693604,False
26,25426,234,7.834094047546387,False
26,5495,3761,2.9002268314361572,False
26,22557,1865,4.116145133972168,False
26,3882,1410,5.285142421722412,False
26,34295,1537,4.904810428619385,False
26,30104,1270,5.714554309844971,False
26,41664,535,7.2617058753967285,False
26,18504,1088,6.209484100341797,False
26,42040,1116,6.141839504241943,False
26,30344,1019,6.376965522766113,False
26,34138,119,8.083773612976074,False
26,5557,815,6.763351917266846,False
26,17552,3079,3.092068910598755,False
26,27583,229,7.840390205383301,False
26,5497,4972,2.5410335063934326,False
26,764,5907,2.0735204219818115,False
26,18271,5229,2.4329071044921875,False
26,39009,744,6.912324905395508,False
26,1125,1162,6.006544589996338,False
26,32288,1160,6.008028984069824,False
26,16411,438,7.437466621398926,False
26,5555,839,6.716533660888672,False
26,13790,1948,3.9244093894958496,False
26,5499,5031,2.5164833068847656,False
26,31557,1511,4.961668968200684,False
26,38662,701,6.991230010986328,False
26,18277,6947,1.637800931930542,False
26,65,1257,5.748445510864258,False
26,2455,786,6.814650535583496,False
26,1060,1067,6.276806831359863,False
26,16463,813,6.770488739013672,False
26,30316,1629,4.660208225250244,False
26,42240,1280,5.698297500610352,False
26,5571,1004,6.414366722106934,False
26,15614,237,7.828673362731934,False
26,42224,1185,5.9356536865234375,False
26,30315,5572,2.2572078704833984,False
26,30317,1663,4.568328857421875,False
26,20951,973,6.476043224334717,False
26,23939,1157,6.014208793640137,False
26,11062,726,6.938323974609375,False
26,15424,462,7.4009904861450195,False
26,39212,2078,3.684232711791992,False
26,25265,598,7.152126312255859,False
26,20696,1054,6.306711196899414,False
26,1535,510,7.305935859680176,False
26,18321,811,6.773848533630371,False
26,33334,1096,6.1858720779418945,False
26,32272,673,7.034260272979736,False
26,15435,797,6.800241470336914,False
26,32800,5880,2.0868775844573975,False
26,36157,655,7.063778877258301,False
26,28912,935,6.5421648025512695,False
26,32274,569,7.183444023132324,False
26,27688,145,8.019657135009766,False
26,489,335,7.628973484039307,False
26,25257,604,7.136228561401367,False
26,33019,408,7.494891166687012,False
26,2864,848,6.698293685913086,False
26,29751,642,7.082353591918945,False
26,18579,984,6.454176902770996,False
26,28259,403,7.503242492675781,False
26,39113,978,6.465953826904297,False
26,21945,739,6.926278591156006,False
26,5979,1407,5.285429954528809,False
26,7985,1747,4.3757781982421875,False
26,39086,1194,5.910625457763672,False
26,1832,1381,5.402289390563965,False
26,28821,1069,6.259838104248047,False
26,20693,716,6.9702534675598145,False
26,14885,849,6.69765567779541,False
26,2186,1504,4.979008674621582,False
26,9730,431,7.451115131378174,False
26,38686,806,6.780352592468262,False
26,40170,862,6.687495231628418,False
26,31390,1105,6.166370391845703,False
26,30447,4916,2.566067934036255,False
26,27747,3678,2.92191743850708,False
26,39748,1402,5.313403129577637,False
26,31691,886,6.654720783233643,False
26,28539,24,8.471541404724121,False
26,22681,1317,5.595059394836426,False
26,39659,1051,6.308757781982422,False
26,39012,747,6.912324905395508,False
26,4308,1091,6.1974897384643555,False
26,26746,867,6.680913925170898,False
26,22943,490,7.347232818603516,False
26,28541,240,7.81451416015625,False
26,19462,422,7.465044975280762,False
26,29586,1055,6.30245304107666,False
26,5993,792,6.806583881378174,False
26,16245,516,7.288676738739014,False
26,5290,2555,3.287093162536621,False
26,18331,714,6.9725494384765625,False
26,14894,215,7.869197845458984,False
26,5560,587,7.165951728820801,False
26,38949,723,6.953768730163574,False
26,18328,1163,6.002018928527832,False
26,15469,546,7.229014873504639,False
26,7728,1127,6.101135730743408,False
26,2600,1086,6.209538459777832,False
26,38926,641,7.084028244018555,False
26,28820,1183,5.951185703277588,False
26,8312,996,6.437078475952148,False
26,16749,1306,5.631901741027832,False
26,29087,2,8.839729309082031,False
26,39372,748,6.907067775726318,False
26,10747,1206,5.8809943199157715,False
26,17353,154,7.984040260314941,False
26,39731,895,6.625068664550781,False
26,15615,705,6.986600875854492,False
26,16918,4071,2.8293259143829346,False
26,24006,4987,2.532796859741211,False
26,10829,1366,5.443094730377197,False
26,28898,506,7.314969062805176,False
26,16458,695,6.999274253845215,False
26,7409,1119,6.127668380737305,False
26,38986,148,8.009698867797852,False
26,26302,1082,6.221307277679443,False
26,24275,4100,2.8188517093658447,False
26,14845,476,7.37483549118042,False
26,35816,664,7.051445007324219,False
26,23844,942,6.53049373626709,False
26,24719,1341,5.523435592651367,False
26,35769,556,7.209649562835693,False
26,24150,727,6.938323974609375,False
26,26511,657,7.062007427215576,False
26,35786,1678,4.552498817443848,False
26,37329,308,7.672417163848877,False
26,28897,505,7.314969062805176,False
26,32273,305,7.677619934082031,False
26,13705,536,7.260104179382324,False
26,5296,885,6.654958724975586,False
26,5263,581,7.170835018157959,False
26,15436,471,7.383312225341797,False
26,17151,713,6.974149703979492,False
26,29583,689,7.006136894226074,False
26,29429,917,6.583351135253906,False
26,22391,349,7.60487174987793,False
26,33690,1526,4.928977012634277,False
26,4329,5429,2.328970432281494,False
26,10713,1289,5.680490493774414,False
26,16295,1392,5.356902122497559,False
26,23765,1474,5.055683135986328,False
26,15438,873,6.667325973510742,False
26,42923,34,8.410870552062988,False
26,12383,1203,5.891746997833252,False
26,6335,600,7.146013259887695,False
26,17087,1417,5.249031066894531,False
26,25898,410,7.488890171051025,False
26,34696,765,6.879406929016113,False
26,18984,4282,2.765897274017334,False
26,26878,950,6.525638103485107,False
26,15612,694,7.000262260437012,False
26,39727,1134,6.087624549865723,False
26,28059,7168,1.4805676937103271,False
26,11238,1550,4.879969120025635,False
26,36087,603,7.138192653656006,False
26,18272,6926,1.644695520401001,False
26,5609,4122,2.8123538494110107,False
26,37125,860,6.68833065032959,False
26,17889,869,6.679499626159668,False
26,29994,1313,5.612657070159912,False
26,31556,1246,5.784848213195801,False
26,16666,1542,4.893097400665283,False
26,26359,623,7.103782653808594,False
26,17740,2431,3.343351364135742,False
26,23877,4385,2.7376487255096436,False
26,12265,628,7.099347114562988,False
26,35775,731,6.934597969055176,False
26,31555,1262,5.739323616027832,False
26,1448,752,6.897027969360352,False
26,37320,861,6.687830924987793,False
26,29630,1412,5.273163795471191,False
26,4506,344,7.613992214202881,False
26,26069,7156,1.4918748140335083,False
26,40168,5108,2.4871137142181396,False
26,29308,1350,5.494818210601807,False
26,15796,1388,5.368230819702148,False
26,5413,814,6.766406059265137,False
26,41156,1172,5.981268882751465,False
26,25433,1178,5.968620300292969,False
26,21944,1099,6.179602146148682,False
26,24958,126,8.05288314819336,False
26,1197,830,6.735470771789551,False
26,12990,1418,5.2442307472229,False
26,13941,480,7.365169525146484,False
26,28535,503,7.317425727844238,False
26,29396,552,7.212039947509766,False
26,1926,478,7.367331027984619,False
26,29132,1583,4.777799129486084,False
26,27534,822,6.7473249435424805,False
26,42342,794,6.803777694702148,False
26,4330,5430,2.328970432281494,False
26,40064,213,7.872489929199219,False
26,35366,244,7.799813270568848,False
26,5812,620,7.108054161071777,False
26,39371,30,8.41824722290039,False
26,29744,327,7.636724472045898,False
26,6620,981,6.461341857910156,False
26,6970,774,6.856419563293457,False
26,14288,67,8.283902168273926,False
26,5279,582,7.170835018157959,False
26,38066,475,7.379206657409668,False
26,5450,1190,5.926036834716797,False
26,21715,353,7.598030090332031,False
26,40997,6259,1.9162819385528564,False
26,36910,513,7.291241645812988,False
26,20026,404,7.502198219299316,False
26,16301,1477,5.049532890319824,False
26,32035,454,7.415710926055908,False
26,25432,1182,5.955382347106934,False
26,24273,607,7.130501747131348,False
26,25434,171,7.9573774337768555,False
26,9217,580,7.17349100112915,False
26,39428,1336,5.549247741699219,False
26,23873,522,7.2808332443237305,False
26,24959,1451,5.1542582511901855,False
26,8130,532,7.263479232788086,False
26,22005,1014,6.3936614990234375,False
26,34700,1433,5.203855514526367,False
26,25423,151,7.99715518951416,False
26,31536,5012,2.524613857269287,False
26,34256,110,8.119694709777832,False
26,33689,5205,2.4455981254577637,False
26,39109,998,6.435914516448975,False
26,5242,781,6.82919979095459,False
26,39005,698,6.997943878173828,False
26,7465,1097,6.184722900390625,False
26,33465,4120,2.8130433559417725,False
26,26071,7151,1.4975934028625488,False
26,28199,361,7.575078010559082,False
26,23874,589,7.165677547454834,False
26,1786,4717,2.638267755508423,False
26,1059,940,6.534934997558594,False
26,20527,420,7.468893051147461,False
26,18275,6932,1.6423909664154053,False
26,38869,1267,5.72596549987793,False
26,42931,1047,6.314520359039307,False
26,1742,1360,5.4736480712890625,False
26,11255,1258,5.748445510864258,False
26,26384,525,7.276090621948242,False
26,42401,5016,2.523494243621826,False
26,16461,871,6.674345970153809,False
26,23766,905,6.610413074493408,False
26,31531,1084,6.210841178894043,False
26,29239,370,7.562869071960449,False
26,23845,1003,6.421685695648193,False
26,36862,1266,5.7314910888671875,False
26,6627,1538,4.904346942901611,False
26,1375,3082,3.0914666652679443,False
26,19421,2695,3.2158713340759277,False
26,7468,1223,5.846691131591797,False
26,38937,1006,6.410886287689209,False
26,25132,4943,2.5544776916503906,False
26,35369,1175,5.975101947784424,False
26,33075,1237,5.813244819641113,False
26,34990,829,6.737277030944824,False
26,24874,1592,4.750061511993408,False
26,32811,671,7.041202545166016,False
26,19642,187,7.917899131774902,False
26,36174,948,6.526822090148926,False
26,31054,916,6.583752632141113,False
26,17654,818,6.75728702545166,False
26,5500,5149,2.468778371810913,False
26,23014,670,7.041568756103516,False
26,22130,25684,0.0,True
26,18460,4343,2.7496755123138428,False
26,655,8,8.639955520629883,False
26,42330,6790,1.70946204662323,False
26,17826,919,6.572420120239258,False
26,34407,326,7.638994216918945,False
26,41266,512,7.294572830200195,False
26,29533,1352,5.489058494567871,False
26,13151,339,7.621732711791992,False
26,6170,7091,1.5490539073944092,False
26,21597,1071,6.254579067230225,False
26,29319,660,7.057872772216797,False
26,19813,757,6.888319969177246,False
26,24148,755,6.891251564025879,False
26,1331,4653,2.6569714546203613,False
26,34689,3780,2.897836923599243,False
26,24942,1188,5.933066368103027,False
26,18274,6938,1.6400927305221558,False
26,7333,778,6.83088493347168,False
26,26554,385,7.533571243286133,False
26,10692,1204,5.888371467590332,False
26,27599,634,7.093169689178467,False
26,32810,590,7.16480827331543,False
26,16462,491,7.345760345458984,False
26,2604,768,6.869783401489258,False
26,19692,680,7.0194549560546875,False
26,37358,780,6.830244541168213,False
26,14564,64,8.2906494140625,False
26,4034,7033,1.5825178623199463,False
26,22987,297,7.703028678894043,False
26,18610,622,7.103985786437988,False
26,28196,924,6.565007209777832,False
26,13700,159,7.975112438201904,False
26,42689,3990,2.8508474826812744,False
26,24251,273,7.739661693572998,False
26,25639,4457,2.7102174758911133,False
26,17383,310,7.66268253326416,False
26,26068,7160,1.4880865812301636,False
26,42929,884,6.655157089233398,False
26,13814,474,7.3802809715271,False
26,1498,210,7.877342224121094,False
26,31431,844,6.707510948181152,False
26,37952,342,7.618135452270508,False
26,39767,766,6.8741559982299805,False
26,23817,1494,5.009607791900635,False
26,22970,19,8.512964248657227,False
26,2933,1098,6.182625770568848,False
26,41401,606,7.134788990020752,False
26,4583,530,7.2648797035217285,False
26,10738,874,6.666882038116455,False
26,36154,903,6.611602783203125,False
26,31139,97,8.155807495117188,False
26,33337,547,7.226940155029297,False
26,6402,501,7.320951461791992,False
26,31529,192,7.908360004425049,False
26,975,1329,5.563553333282471,False
26,17354,618,7.110378742218018,False
26,26256,369,7.563225746154785,False
26,8994,1061,6.291322708129883,False
26,16550,350,7.602656841278076,False
26,1167,302,7.692905902862549,False
26,22131,318,7.64750862121582,False
26,8903,33,8.415011405944824,False
26,2482,332,7.629551410675049,False
26,31901,12,8.59443473815918,False
26,16032,103,8.138118743896484,False
26,30109,83,8.214302062988281,False
26,18092,1201,5.8946452140808105,False
26,28910,972,6.477049827575684,False
26,34241,79,8.242594718933105,False
26,31014,285,7.716818332672119,False
26,3819,558,7.205831527709961,False
26,30110,130,8.045430183410645,False
26,7444,1013,6.397794723510742,False
26,31140,91,8.179071426391602,False
26,28929,659,7.058468818664551,False
26,34873,692,7.002613067626953,False
26,15449,309,7.663939952850342,False
26,38296,168,7.959451675415039,False
26,40668,92,8.1773042678833,False
26,8388,98,8.153350830078125,False
26,1449,653,7.068831920623779,False
26,34545,515,7.2905988693237305,False
26,17775,46,8.352802276611328,False
26,29489,461,7.4031782150268555,False
26,14394,73,8.27308464050293,False
26,33336,3312,3.0222246646881104,False
26,16083,170,7.9573774337768555,False
26,34391,23,8.482965469360352,False
26,18093,16,8.538667678833008,False
26,28568,373,7.556220054626465,False
26,26835,632,7.093657493591309,False
26,12266,652,7.0702385902404785,False
26,37041,851,6.6959428787231445,False
26,37814,1118,6.132489204406738,False
26,19990,1113,6.14455509185791,False
26,30377,779,6.830244541168213,False
26,42293,953,6.521888732910156,False
26,5307,542,7.23813533782959,False
26,19887,1005,6.412119388580322,False
26,19884,1081,6.225529193878174,False
26,19885,892,6.643111228942871,False
26,34403,447,7.424051284790039,False
26,17547,887,6.650153636932373,False
26,8848,288,7.713202476501465,False
26,28248,65,8.285425186157227,False
26,19881,922,6.567687034606934,False
26,30794,975,6.472001552581787,False
26,1144,141,8.026052474975586,False
26,33721,962,6.489974021911621,False
26,26480,1426,5.223372459411621,False
26,24145,918,6.5800676345825195,False
26,12407,218,7.865466117858887,False
26,736,1108,6.159472465515137,False
26,3164,507,7.314736366271973,False
26,1148,315,7.651634216308594,False
26,19882,995,6.43820858001709,False
26,30792,966,6.488507270812988,False
26,30793,570,7.181962966918945,False
26,1149,316,7.651634216308594,False
26,19003,958,6.504227638244629,False
26,4050,845,6.705649375915527,False
26,19880,574,7.177237510681152,False
26,28916,597,7.152360439300537,False
26,19883,559,7.2005205154418945,False
26,8849,58,8.313846588134766,False
26,29874,421,7.466012954711914,False
26,32801,182,7.941286087036133,False
26,8838,111,8.116009712219238,False
26,8850,112,8.116009712219238,False
26,6334,672,7.034260272979736,False
26,9337,1146,6.052336692810059,False
26,37290,190,7.91044807434082,False
27,35323,50,10.13154125213623,False
27,31515,247,7.610710144042969,False
27,18689,61,9.959404945373535,False
27,24468,164,8.387816429138184,False
27,28063,81,9.605752944946289,False
27,38182,168,8.268953323364258,False
27,30984,108,9.216316223144531,False
27,17237,77,9.6670503616333,False
27,13567,129,9.065408706665039,False
27,17242,98,9.37557601928711,False
27,15896,139,8.916013717651367,False
27,17247,141,8.884637832641602,False
27,18688,67,9.907297134399414,False
27,38012,100,9.33350944519043,False
27,38037,134,8.979433059692383,False
27,28595,39,10.325996398925781,False
27,1048,72,9.779383659362793,False
27,31342,75,9.735061645507812,False
27,15902,21389,0.0,True
27,13572,119,9.109018325805664,False
27,7395,206,7.913637161254883,False
27,19095,123,9.08716106414795,False
27,11011,132,9.032975196838379,False
27,32165,92,9.438180923461914,False
27,27703,85,9.49873161315918,False
27,14284,51,10.126646041870117,False
27,9605,41,10.255414962768555,False
27,18690,70,9.868573188781738,False
27,12654,6,12.945846557617188,False
27,16098,36,10.561208724975586,False
27,28037,1,15.027084350585938,False
27,24531,95,9.401691436767578,False
27,38045,197,7.999030113220215,False
27,24258,143,8.832834243774414,False
27,21277,110,9.197505950927734,False
27,31212,62,9.956964492797852,False
27,24520,403,6.482248306274414,False
27,777,175,8.182073593139648,False
27,1320,91,9.438180923461914,False
27,13561,126,9.076272010803223,False
27,13565,120,9.098075866699219,False
27,38816,4641,2.7962706089019775,False
27,21177,258,7.561720848083496,False
27,1833,105,9.265008926391602,False
27,6001,275,7.477536678314209,False
27,15903,146,8.741092681884766,False
27,13566,116,9.109018325805664,False
27,9070,142,8.841143608093262,False
27,30988,89,9.449955940246582,False
27,861,2,13.951440811157227,False
27,31544,34,10.580575942993164,False
27,31545,59,10.026126861572266,False
27,14235,173,8.19642162322998,False
27,17241,44,10.218886375427246,False
27,1321,87,9.47359561920166,False
27,13571,118,9.109018325805664,False
27,13562,127,9.076272010803223,False
27,38815,199,7.9938530921936035,False
27,13573,122,9.098075866699219,False
27,12447,38,10.354228019714355,False
27,21258,53,10.105567932128906,False
27,6035,84,9.557271003723145,False
27,13570,117,9.109018325805664,False
27,31645,5,12.975774765014648,False
27,23048,58,10.036087036132812,False
27,31165,99,9.33350944519043,False
27,24519,420,6.377677917480469,False
27,1316,88,9.461760520935059,False
27,1317,86,9.47359561920166,False
27,13529,133,8.99142074584961,False
27,15905,140,8.895072937011719,False
27,3621,202,7.932419776916504,False
27,13569,128,9.076272010803223,False
27,15906,54,10.09553050994873,False
27,27704,208,7.9056501388549805,False
27,15904,45,10.215376853942871,False
27,13568,121,9.098075866699219,False
27,13527,101,9.326508522033691,False
27,19097,115,9.119985580444336,False
27,27702,159,8.53426742553711,False
27,1319,82,9.593585968017578,False
27,31213,69,9.888766288757324,False
27,39165,35,10.562440872192383,False
27,12446,138,8.91817569732666,False
27,35318,250,7.598401069641113,False
27,35317,60,10.012063980102539,False
27,36294,66,9.908153533935547,False
27,29200,52,10.11906909942627,False
27,13564,131,9.054572105407715,False
27,38028,144,8.822546005249023,False
27,21790,112,9.142000198364258,False
27,24528,378,6.740494728088379,False
27,8260,130,9.057451248168945,False
27,17238,74,9.741649627685547,False
27,38042,19,11.01953125,False
27,13170,40,10.260721206665039,False
27,15900,56,10.056068420410156,False
27,3484,43,10.228387832641602,False
27,24518,93,9.40989875793457,False
27,8028,26,10.860795974731445,False
28,933,4949,0.0,True
28,14289,2,13.4844970703125,False
28,14290,1,13.707185745239258,False
28,11513,117,8.634125709533691,False
28,11514,116,8.679959297180176,False
28,28151,104,9.055566787719727,False
28,36281,19,11.982276916503906,False
28,11210,103,9.082316398620605,False
28,924,4944,0.0,True
28,8076,142,8.06954288482666,False
28,33012,87,9.518494606018066,False
28,40843,102,9.131422996520996,False
28,25784,88,9.442912101745605,False
28,7942,70,10.057012557983398,False
28,28147,58,11.026744842529297,False
28,17436,7,12.408407211303711,False
28,952,129,8.532750129699707,False
28,27585,91,9.375763893127441,False
28,13049,124,8.555071830749512,False
28,24622,158,7.41960334777832,False
28,33175,78,9.796157836914062,False
28,846,65,10.399747848510742,False
28,864,132,8.505985260009766,False
28,2697,77,9.831498146057129,False
28,26713,20,11.956628799438477,False
28,2238,84,9.652497291564941,False
28,9604,80,9.730916976928711,False
28,15773,146,7.909389495849609,False
28,7630,22,11.876510620117188,False
28,37164,60,10.810304641723633,False
28,16286,76,9.833325386047363,False
28,10449,63,10.649779319763184,False
28,8988,184,6.416790962219238,False
28,14430,152,7.558821678161621,False
28,17981,160,7.38805627822876,False
28,13013,69,10.09243106842041,False
28,2751,147,7.865747928619385,False
28,908,10,12.170331954956055,False
28,44,125,8.543896675109863,False
28,7797,192,5.6321587562561035,False
28,7640,101,9.156991004943848,False
28,808,187,6.2691779136657715,False
28,16101,168,7.130321502685547,False
28,28112,31,11.470782279968262,False
28,21202,12,12.141337394714355,False
28,28118,35,11.385754585266113,False
28,917,94,9.295013427734375,False
28,911,128,8.532750129699707,False
28,919,30,11.513561248779297,False
28,921,115,8.7021484375,False
28,11745,98,9.21074390411377,False
28,11743,39,11.179733276367188,False
28,41519,131,8.510544776916504,False
28,30718,112,8.83030891418457,False
28,21204,14,12.141337394714355,False
28,5095,9,12.270828247070312,False
28,23665,53,11.061182975769043,False
28,28081,64,10.6118803024292,False
28,934,154,7.472463607788086,False
28,16285,138,8.139045715332031,False
28,28150,3,13.150073051452637,False
28,35288,175,6.678891658782959,False
28,17980,159,7.38805627822876,False
28,35834,174,6.7062835693359375,False
28,21328,114,8.737939834594727,False
28,2213,33,11.419178009033203,False
28,40825,38,11.235977172851562,False
28,33151,59,11.010987281799316,False
28,18423,74,9.914554595947266,False
28,28503,130,8.532750129699707,False
28,6251,93,9.338762283325195,False
28,11150,66,10.241124153137207,False
28,41505,109,8.956363677978516,False
28,13010,67,10.148807525634766,False
28,36704,62,10.65049934387207,False
28,40839,75,9.873051643371582,False
28,4962,29,11.618639945983887,False
28,3289,156,7.444939613342285,False
28,9656,190,5.7008867263793945,False
28,40845,108,8.98095989227295,False
28,28127,43,11.122294425964355,False
28,10549,185,6.293306827545166,False
28,7078,126,8.543896675109863,False
28,28128,44,11.122294425964355,False
28,21203,13,12.141337394714355,False
28,28129,45,11.122294425964355,False
28,28499,83,9.6688814163208,False
28,33013,5,12.971911430358887,False
28,28130,57,11.042551040649414,False
28,28131,46,11.122294425964355,False
28,28135,40,11.138387680053711,False
28,33455,99,9.19992446899414,False
28,29148,140,8.11963176727295,False
28,790,133,8.477453231811523,False
28,28126,51,11.090253829956055,False
28,918,96,9.229706764221191,False
28,28497,111,8.899493217468262,False
28,767,85,9.634538650512695,False
28,922,92,9.362018585205078,False
28,4026,56,11.042551040649414,False
28,28498,26,11.737815856933594,False
28,28132,54,11.058404922485352,False
28,28133,50,11.106249809265137,False
28,28134,47,11.122294425964355,False
28,28136,48,11.122294425964355,False
28,28137,41,11.138387680053711,False
28,28138,49,11.122294425964355,False
28,28139,42,11.138387680053711,False
28,36705,24,11.805219650268555,False
28,36703,86,9.549151420593262,False
28,33011,17,12.141337394714355,False
28,16965,167,7.240833282470703,False
28,21416,79,9.78564453125,False
28,25905,134,8.336976051330566,False
28,21842,176,6.5847554206848145,False
28,11715,118,8.634125709533691,False
28,14020,122,8.580376625061035,False
28,7941,71,10.046712875366211,False
28,3364,155,7.472463607788086,False
28,787,11,12.155814170837402,False
28,13011,72,9.922835350036621,False
28,2212,141,8.08950424194336,False
28,9238,171,6.775758266448975,False
28,47,127,8.532750129699707,False
28,9661,148,7.856299877166748,False
28,28146,55,11.058404922485352,False
28,29781,95,9.269463539123535,False
28,30719,105,9.016514778137207,False
28,21334,4,13.014385223388672,False
28,33626,8,12.332661628723145,False
28,17975,162,7.354825019836426,False
28,2732,151,7.716538429260254,False
28,23593,178,6.55834436416626,False
28,2209,136,8.305216789245605,False
28,45,119,8.588773727416992,False
28,12403,113,8.764339447021484,False
28,11030,181,6.5321455001831055,False
28,931,135,8.326362609863281,False
28,13022,163,7.289251327514648,False
28,12961,100,9.158623695373535,False
28,10545,186,6.281219482421875,False
28,13016,81,9.730916976928711,False
28,16102,28,11.644889831542969,False
28,23596,180,6.545218467712402,False
28,16952,166,7.240833282470703,False
28,801,165,7.251144886016846,False
28,40846,41029,0.0,True
28,14455,177,6.571523666381836,False
28,2210,143,8.029913902282715,False
28,9235,97,9.21074390411377,False
28,46,123,8.566276550292969,False
28,21333,32,11.43853759765625,False
28,13012,73,9.915313720703125,False
28,21205,15,12.141337394714355,False
28,2499,193,5.508822441101074,False
28,17974,164,7.256901741027832,False
28,948,82,9.709247589111328,False
28,17956,139,8.129724502563477,False
28,7875,157,7.4215898513793945,False
28,40840,25,11.751228332519531,False
28,35265,23,11.805219650268555,False
28,27584,120,8.588773727416992,False
28,17435,6,12.479592323303223,False
28,5857,188,6.2691779136657715,False
28,17989,36,11.335367202758789,False
28,774,150,7.717254161834717,False
28,32052,33023,0.0,True
28,17990,37,11.335367202758789,False
28,21206,16,12.141337394714355,False
28,9239,195,5.260694980621338,False
28,25534,189,6.093945026397705,False
28,6252,170,6.789826393127441,False
28,21335,61,10.765069007873535,False
28,9708,153,7.541390419006348,False
28,21642,149,7.7907938957214355,False
29,33435,1202,6.881198406219482,False
29,23216,334,9.560871124267578,False
29,26626,1159,7.077155113220215,False
29,17456,200,9.960908889770508,False
29,8167,1193,6.9571356773376465,False
29,12941,994,7.653972625732422,False
29,23396,351,9.515791893005371,False
29,16432,458,9.234044075012207,False
29,16425,85,10.45360279083252,False
29,13980,288,9.652494430541992,False
29,8168,1177,7.028232097625732,False
29,16412,150,10.131410598754883,False
29,18268,432,9.310152053833008,False
29,23397,341,9.538270950317383,False
29,16418,134,10.206886291503906,False
29,33967,72,10.59110164642334,False
29,16439,388,9.416096687316895,False
29,31988,107,10.327795028686523,False
29,33730,120,10.260706901550293,False
29,23398,335,9.560871124267578,False
29,33727,94,10.395909309387207,False
29,25463,116,10.287420272827148,False
29,16440,237,9.813114166259766,False
29,25462,1030,7.5470733642578125,False
29,25465,1185,6.982821941375732,False
29,11567,249,9.769867897033691,False
29,30407,1069,7.399439811706543,False
29,19302,234,9.82978343963623,False
29,23392,209,9.915087699890137,False
29,24816,359,9.49343204498291,False
29,23388,1135,7.168076992034912,False
29,16443,344,9.527467727661133,False
29,26628,971,7.75945520401001,False
29,8556,988,7.674867153167725,False
29,7874,1211,6.81606388092041,False
29,9466,17,11.958112716674805,False
29,17459,220,9.86277961730957,False
29,26627,997,7.645506381988525,False
29,16436,147,10.141063690185547,False
29,33397,251,9.757984161376953,False
29,16423,169,10.057311058044434,False
29,16424,179,10.025964736938477,False
29,42830,11,12.334407806396484,False
29,23390,1172,7.041315078735352,False
29,35840,929,7.909088134765625,False
29,35839,905,7.988427639007568,False
29,35838,925,7.929813861846924,False
29,36992,1102,7.264440536499023,False
29,30861,1052,7.487318992614746,False
29,20700,1071,7.392209529876709,False
29,19320,1036,7.539552211761475,False
29,19321,1037,7.539552211761475,False
29,35841,1005,7.623121738433838,False
29,35851,163,10.078537940979004,False
29,27355,286,9.658214569091797,False
29,22163,206,9.939772605895996,False
29,16444,289,9.648731231689453,False
29,35850,982,7.710965633392334,False
29,23395,358,9.49343204498291,False
29,23439,300,9.617902755737305,False
29,23377,203,9.952167510986328,False
29,35849,889,8.03494930267334,False
29,16442,311,9.60165023803711,False
29,16415,103,10.339614868164062,False
29,33970,43,10.893438339233398,False
29,22220,1,15.301942825317383,False
29,16413,76,10.5589599609375,False
29,16429,246,9.781784057617188,False
29,16421,184,10.015569686889648,False
29,16417,119,10.272712707519531,False
29,35843,1061,7.450450420379639,False
29,35848,1018,7.577310085296631,False
29,35847,1046,7.502168655395508,False
29,16433,407,9.372537612915039,False
29,31966,100,10.3549165725708,False
29,42822,999,7.638515949249268,False
29,42828,15,12.078648567199707,False
29,31951,75,10.582741737365723,False
29,18030,1087,7.313600063323975,False
29,33968,60,10.739300727844238,False
29,8549,1055,7.472527980804443,False
29,33971,44,10.893438339233398,False
29,4005,1149,7.100796699523926,False
29,24815,317,9.59499740600586,False
29,24814,1173,7.041315078735352,False
29,35845,955,7.8272576332092285,False
29,35844,951,7.843487739562988,False
29,19309,1017,7.577310085296631,False
29,12743,1190,6.9635396003723145,False
29,42120,1026,7.562161445617676,False
29,42119,1103,7.264440536499023,False
29,33439,1070,7.399439811706543,False
29,19310,1025,7.562161445617676,False
29,16441,231,9.832906723022461,False
29,25467,1062,7.443120002746582,False
29,33440,1093,7.29948616027832,False
29,33974,108,10.327795028686523,False
29,23394,553,8.99655818939209,False
29,16426,111,10.317192077636719,False
29,17461,270,9.71077823638916,False
29,19303,350,9.515791893005371,False
29,8557,1015,7.5825581550598145,False
29,31998,152,10.116597175598145,False
29,26625,1116,7.213810443878174,False
29,33966,87,10.441438674926758,False
29,42112,1218,6.7401909828186035,False
29,42113,1324,6.007545471191406,False
29,16435,1151,7.100796699523926,False
29,23312,161,10.09089469909668,False
29,22161,330,9.572216033935547,False
29,16445,258,9.734911918640137,False
29,1623,253,9.746133804321289,False
29,35846,934,7.892585277557373,False
29,37881,1164,7.067627429962158,False
29,33711,952,7.835555553436279,False
29,13981,364,9.482295989990234,False
29,33442,1067,7.413942813873291,False
29,23393,1131,7.1816864013671875,False
29,26624,1101,7.276254653930664,False
29,37880,1191,6.9635396003723145,False
29,19326,1038,7.532045841217041,False
29,23391,1127,7.188510417938232,False
29,8551,1150,7.100796699523926,False
29,12738,133,10.207757949829102,False
29,18190,1117,7.2090606689453125,False
29,25464,1080,7.349123001098633,False
29,39199,18,11.92927074432373,False
29,39200,20,11.76103401184082,False
29,33433,1281,6.3338847160339355,False
29,23389,1144,7.147759437561035,False
29,16414,1082,7.339789867401123,False
29,31957,1002,7.6308112144470215,False
29,33969,264,9.72253131866455,False
29,33436,1280,6.3391923904418945,False
29,33437,1286,6.286516189575195,False
29,42848,1019,7.577310085296631,False
29,23357,1238,6.61639928817749,False
29,23366,1184,6.982821941375732,False
30,33969,296,11.107394218444824,False
30,16434,248,11.489514350891113,False
30,16410,209,11.73990249633789,False
30,17455,196,11.800403594970703,False
30,31962,23,12.727096557617188,False
30,12940,63,12.477387428283691,False
30,8544,77,12.43324089050293,False
30,34869,37,12.611681938171387,False
30,33731,10,13.008021354675293,False
30,17454,182,11.88603401184082,False
30,12931,61,12.477387428283691,False
30,21192,115,12.2741117477417,False
30,30883,114,12.274263381958008,False
30,16409,101,12.35275650024414,False
30,30865,43,12.56064224243164,False
30,12934,16,12.844813346862793,False
30,8548,91,12.386197090148926,False
30,35854,476,9.484548568725586,False
30,35858,491,9.273164749145508,False
30,13671,71,12.45136547088623,False
30,30882,150,12.078319549560547,False
30,8539,88,12.393617630004883,False
30,23414,87,12.394400596618652,False
30,32043,24,12.726839065551758,False
30,32042,29,12.695765495300293,False
30,30870,130,12.199846267700195,False
30,30871,140,12.133548736572266,False
30,30864,165,12.014932632446289,False
30,30872,125,12.2185640335083,False
30,30873,111,12.284355163574219,False
30,16420,190,11.850727081298828,False
30,3231,69,12.453170776367188,False
30,42117,33,12.648297309875488,False
30,3232,45,12.551924705505371,False
30,33998,98,12.366621017456055,False
30,25466,27,12.703311920166016,False
30,30868,105,12.311899185180664,False
30,8559,202,11.786748886108398,False
30,8553,160,12.036322593688965,False
30,30869,146,12.092820167541504,False
30,12930,83,12.405744552612305,False
30,7872,52,12.529348373413086,False
30,8543,90,12.386197090148926,False
30,8541,92,12.385452270507812,False
30,42820,106,12.308365821838379,False
30,42831,41,12.57416820526123,False
30,23372,323,10.851093292236328,False
30,8547,84,12.403131484985352,False
30,19317,285,11.243545532226562,False
30,30867,127,12.210110664367676,False
30,8540,79,12.41983699798584,False
30,30881,149,12.078319549560547,False
30,42115,840,6.814279556274414,False
30,42125,76,12.433927536010742,False
30,12932,62,12.477387428283691,False
30,7990,197,11.795583724975586,False
30,7993,244,11.526018142700195,False
30,7991,220,11.685016632080078,False
30,7992,219,11.686229705810547,False
30,12938,85,12.401300430297852,False
30,23362,1559,5.3277130126953125,False
30,11228,351,10.652243614196777,False
30,8550,193,11.838933944702148,False
30,8538,195,11.803793907165527,False
30,12939,13,12.898183822631836,False
30,35852,513,8.939451217651367,False
30,35842,458,9.767946243286133,False
30,35861,489,9.303091049194336,False
30,30866,126,12.210110664367676,False
30,19687,100,12.358362197875977,False
30,19691,96,12.371131896972656,False
30,12933,68,12.462093353271484,False
30,30409,177,11.958122253417969,False
30,33732,25,12.720762252807617,False
30,8546,59,12.478832244873047,False
30,8545,78,12.43324089050293,False
30,8555,186,11.857282638549805,False
30,12739,39,12.583342552185059,False
30,19325,122,12.235753059387207,False
30,30862,73,12.441202163696289,False
30,12935,75,12.436410903930664,False
30,12936,104,12.31466293334961,False
30,12937,70,12.451803207397461,False
30,12945,292,11.206199645996094,False
30,12943,293,11.20132827758789,False
30,23045,118,12.266996383666992,False
30,2553,192,11.846369743347168,False
30,42124,9,13.014947891235352,False
31,26916,21,11.078422546386719,False
32,8577,2,11.906967163085938,False
32,2223,1,13.165416717529297,False
32,16607,10,11.267386436462402,False
33,4731,102,18.79364776611328,False
33,4730,103,18.753700256347656,False
33,29908,128,18.08395767211914,False
33,14772,445,14.991069793701172,False
33,25819,175,17.025981903076172,False
33,34626,120,18.402408599853516,False
33,27244,253,16.217782974243164,False
33,29767,1,22.173572540283203,False
33,12819,45,19.59261703491211,False
33,12821,4,21.54515838623047,False
33,24091,121,18.391002655029297,False
33,12767,22,20.063989639282227,False
33,3979,142,17.746116638183594,False
33,3980,134,17.98405647277832,False
33,33819,372,15.465993881225586,False
33,12832,113,18.59122657775879,False
33,12870,21,20.08300018310547,False
33,27060,344,15.641843795776367,False
33,27102,197,16.75617218017578,False
33,27352,46,19.581398010253906,False
33,12763,40,19.695232391357422,False
33,27078,364,15.534374237060547,False
33,12904,43,19.615970611572266,False
33,27263,10,20.616859436035156,False
33,29909,502,14.652032852172852,False
33,27095,602,14.062673568725586,False
33,30246,320,15.767728805541992,False
33,27168,247,16.260488510131836,False
33,12785,56,19.436092376708984,False
33,36405,268,16.13043212890625,False
33,12926,687,12.67994213104248,False
33,27155,150,17.508588790893555,False
33,27153,154,17.42822265625,False
33,27127,754,11.830430030822754,False
33,27072,178,16.970970153808594,False
33,27136,153,17.430309295654297,False
33,33811,250,16.238706588745117,False
33,30243,86,18.952486038208008,False
33,33878,133,18.003475189208984,False
33,30227,462,14.902283668518066,False
33,30231,443,14.995749473571777,False
33,33872,302,15.858163833618164,False
33,15098,232,16.362133026123047,False
33,12901,101,18.812461853027344,False
33,12900,64,19.333637237548828,False
33,12814,66,19.318492889404297,False
33,12818,20,20.097185134887695,False
33,27172,262,16.173160552978516,False
33,12789,49,19.531295776367188,False
33,27099,200,16.693849563598633,False
33,27276,347,15.611231803894043,False
33,29910,74,19.151947021484375,False
33,27137,176,17.01811981201172,False
33,33809,249,16.24713897705078,False
33,12851,91,18.880268096923828,False
33,12897,52,19.469013214111328,False
33,27161,230,16.37601089477539,False
33,30237,143,17.742816925048828,False
33,12890,42,19.61957550048828,False
33,27159,366,15.515307426452637,False
33,33877,115,18.520896911621094,False
33,33805,557,14.325135231018066,False
33,27097,186,16.865737915039062,False
33,21902,378,15.428284645080566,False
33,30244,342,15.660808563232422,False
33,24093,41,19.672107696533203,False
33,28547,14,20.454463958740234,False
33,12771,100,18.820453643798828,False
33,27070,233,16.361474990844727,False
33,27133,170,17.09145736694336,False
33,27183,70,19.20559310913086,False
33,27162,69,19.208900451660156,False
33,33783,93,18.876453399658203,False
33,29912,106,18.684276580810547,False
33,33863,579,14.248428344726562,False
33,15150,198,16.740478515625,False
33,12808,132,18.022186279296875,False
33,30238,828,11.435907363891602,False
33,29770,303,15.851692199707031,False
33,29763,352,15.597704887390137,False
33,27092,600,14.07160472869873,False
33,12780,351,15.598465919494629,False
33,12817,203,16.684118270874023,False
33,12781,207,16.63885498046875,False
33,15695,357,15.577377319335938,False
33,10664,356,15.580923080444336,False
33,30225,569,14.289777755737305,False
33,12858,17,20.21356964111328,False
33,12859,34,19.746774673461914,False
33,12868,11,20.586435317993164,False
33,12857,159,17.278369903564453,False
33,34627,117,18.4726505279541,False
33,30228,327,15.728281021118164,False
33,30230,478,14.845695495605469,False
33,29766,301,15.892105102539062,False
33,12830,112,18.61661148071289,False
33,29769,309,15.835075378417969,False
33,12779,226,16.411579132080078,False
33,29764,273,16.064441680908203,False
33,12839,272,16.06635284423828,False
33,12803,527,14.523439407348633,False
33,12877,33,19.7789306640625,False
33,12861,108,18.66008949279785,False
33,12801,123,18.24197006225586,False
33,12790,156,17.370193481445312,False
33,12769,60,19.364089965820312,False
33,12770,51,19.480270385742188,False
33,30234,470,14.873916625976562,False
33,29911,87,18.951921463012695,False
33,12852,388,15.362016677856445,False
33,12774,116,18.473739624023438,False
33,33874,23,20.056243896484375,False
33,12775,270,16.10819435119629,False
33,12296,455,14.922941207885742,False
33,40239,266,16.15199089050293,False
33,40726,136,17.934829711914062,False
33,40724,328,15.724014282226562,False
33,40722,130,18.044645309448242,False
33,12799,76,19.068984985351562,False
33,3982,405,15.293516159057617,False
33,40240,27,19.94931411743164,False
33,12875,54,19.450742721557617,False
33,12924,168,17.116851806640625,False
33,27084,149,17.55789566040039,False
33,15097,419,15.226434707641602,False
34,1291,460,8.384514808654785,False
34,24600,463,8.382345199584961,False
34,24596,51,11.903132438659668,False
34,8120,1055,7.070888996124268,False
34,9403,237,8.93271255493164,False
34,19649,274,8.829300880432129,False
34,38666,601,8.054006576538086,False
34,29590,1056,7.067289352416992,False
34,2954,936,7.403255462646484,False
34,9318,222,8.960930824279785,False
34,8314,40,12.479427337646484,False
34,29958,293,8.783828735351562,False
34,6060,304,8.763545036315918,False
34,15877,364,8.620086669921875,False
34,769,254,8.875053405761719,False
34,31690,770,7.6845703125,False
34,33125,479,8.330202102661133,False
34,14463,512,8.264423370361328,False
34,24717,341,8.668763160705566,False
34,30112,183,9.098587989807129,False
34,29931,484,8.322068214416504,False
34,12245,4,14.877888679504395,False
34,21444,457,8.386088371276855,False
34,25878,213,8.985291481018066,False
34,36370,491,8.30988883972168,False
34,35809,776,7.676004409790039,False
34,41185,828,7.593348026275635,False
34,37840,554,8.159074783325195,False
34,37841,45,12.311759948730469,False
34,16951,1106,6.832392692565918,False
34,2264,37,12.663545608520508,False
34,38670,313,8.739944458007812,False
34,34645,29,13.117208480834961,False
34,3684,1074,7.01440954208374,False
34,14973,677,7.881198883056641,False
34,16839,306,8.760042190551758,False
34,23746,198,9.033146858215332,False
34,9749,916,7.455041408538818,False
34,20060,192,9.05605411529541,False
34,977,116,9.396502494812012,False
34,3705,250,8.889497756958008,False
34,42225,529,8.237870216369629,False
34,29591,57,11.185296058654785,False
34,34744,355,8.63753890991211,False
34,36223,60,10.637170791625977,False
34,7173,150,9.236947059631348,False
34,38943,1082,6.977230072021484,False
34,29423,741,7.754767417907715,False
34,30039,959,7.362602233886719,False
34,750,96,9.566142082214355,False
34,30111,553,8.159074783325195,False
34,29956,453,8.399087905883789,False
34,29957,438,8.428468704223633,False
34,39532,572,8.11530590057373,False
34,34664,263,8.8602294921875,False
34,23937,546,8.188190460205078,False
34,3072,7,14.005884170532227,False
34,14972,392,8.55281925201416,False
34,849,519,8.25495433807373,False
34,41476,764,7.698620796203613,False
34,36197,389,8.55820083618164,False
34,9272,32,12.858769416809082,False
34,15876,207,8.999564170837402,False
34,13646,696,7.828308582305908,False
34,31670,520,8.254508018493652,False
34,15430,893,7.491466999053955,False
34,17152,986,7.304014205932617,False
34,16838,314,8.738363265991211,False
34,16713,1120,6.751331329345703,False
34,36199,56,11.274327278137207,False
34,40812,277,8.826210021972656,False
34,31396,298,8.778599739074707,False
34,1126,321,8.718545913696289,False
34,33492,756,7.714212417602539,False
34,31591,739,7.75855016708374,False
34,39961,975,7.323523044586182,False
34,4494,660,7.915431976318359,False
34,26198,401,8.52062702178955,False
34,20755,521,8.253591537475586,False
34,13225,1013,7.241725444793701,False
34,16921,165,9.162796974182129,False
34,7288,200,9.019647598266602,False
34,42729,499,8.292190551757812,False
34,5770,124,9.331561088562012,False
34,22878,1073,7.0168538093566895,False
34,8158,652,7.929327011108398,False
34,753,71,9.79719352722168,False
34,38684,336,8.679089546203613,False
34,39937,111,9.443891525268555,False
34,16748,47,12.103219985961914,False
34,34099,573,8.109493255615234,False
34,37269,961,7.355199813842773,False
34,28193,193,9.051424026489258,False
34,19244,791,7.650844097137451,False
34,41744,526,8.24673843383789,False
34,14974,711,7.808642864227295,False
34,9446,44,12.363924980163574,False
34,16885,493,8.308307647705078,False
34,41184,947,7.392437934875488,False
34,35879,932,7.414964199066162,False
34,29081,201,9.015127182006836,False
34,9799,574,8.10871410369873,False
34,15422,414,8.480448722839355,False
34,38885,186,9.092226028442383,False
34,21445,209,8.993904113769531,False
34,41186,1105,6.8635172843933105,False
34,11411,614,8.025550842285156,False
34,11190,902,7.483725070953369,False
34,11191,789,7.656019687652588,False
34,2263,801,7.634507179260254,False
34,31695,433,8.439237594604492,False
34,25799,160,9.19959831237793,False
34,18156,53,11.838990211486816,False
34,11266,205,9.004347801208496,False
34,11269,467,8.365531921386719,False
34,34244,506,8.2781400680542,False
34,28894,501,8.28758716583252,False
34,12458,635,7.971557140350342,False
34,39960,1020,7.211071968078613,False
34,26158,669,7.891572952270508,False
34,34176,921,7.437459468841553,False
34,38923,98,9.545754432678223,False
34,31423,12,13.825495719909668,False
34,33485,393,8.552390098571777,False
34,31693,486,8.31952953338623,False
34,2858,210,8.992919921875,False
34,33486,78,9.702811241149902,False
34,3587,290,8.78976821899414,False
34,36227,55,11.379602432250977,False
34,36277,335,8.684714317321777,False
34,15878,181,9.099406242370605,False
34,33484,968,7.33772087097168,False
34,22937,838,7.57269811630249,False
34,34296,281,8.810386657714844,False
34,23780,540,8.195009231567383,False
34,29584,898,7.489282608032227,False
34,873,117,9.394206047058105,False
34,14869,478,8.341320037841797,False
34,19251,736,7.76294469833374,False
34,14465,13,13.816396713256836,False
34,29486,236,8.933867454528809,False
34,11188,514,8.259699821472168,False
34,32584,810,7.626372337341309,False
34,40217,976,7.319962501525879,False
34,40994,564,8.130998611450195,False
34,19253,351,8.646699905395508,False
34,4891,11,13.844667434692383,False
34,40460,325,8.708693504333496,False
34,1366,118,9.389803886413574,False
34,41363,399,8.522161483764648,False
34,16987,602,8.053810119628906,False
34,38993,619,8.022833824157715,False
34,32583,787,7.6590471267700195,False
34,24674,320,8.718807220458984,False
34,11416,835,7.578038215637207,False
34,5851,394,8.548022270202637,False
34,18420,108,9.456655502319336,False
34,31659,657,7.920224189758301,False
34,32580,786,7.6590471267700195,False
34,19257,110,9.449450492858887,False
34,32581,289,8.790358543395996,False
34,38904,92,9.598082542419434,False
34,5996,91,9.609650611877441,False
34,16860,790,7.651297569274902,False
34,4886,309,8.751117706298828,False
34,11063,910,7.468301296234131,False
34,9743,452,8.400245666503906,False
34,29487,525,8.24714469909668,False
34,1371,191,9.070032119750977,False
34,29067,240,8.927245140075684,False
34,36195,445,8.415783882141113,False
34,11415,918,7.452171802520752,False
34,32579,299,8.776634216308594,False
34,17827,145,9.24320125579834,False
34,38915,278,8.826051712036133,False
34,38774,224,8.960138320922852,False
34,13197,48,12.087821960449219,False
34,29416,107,9.458266258239746,False
34,37556,427,8.450328826904297,False
34,4589,903,7.4827446937561035,False
34,24312,417,8.476778030395508,False
34,26099,497,8.303537368774414,False
34,249,303,8.7655668258667,False
34,2510,1116,6.787789821624756,False
34,39715,528,8.244462013244629,False
34,18250,6,14.48755931854248,False
34,9745,130,9.308103561401367,False
34,24316,206,9.00088882446289,False
34,30433,1003,7.267845153808594,False
34,35876,424,8.456920623779297,False
34,2951,1010,7.246420860290527,False
34,28198,816,7.610386848449707,False
34,42221,443,8.420403480529785,False
34,38775,113,9.407271385192871,False
34,25666,122,9.346075057983398,False
34,29356,187,9.091290473937988,False
34,29491,536,8.212164878845215,False
34,34295,241,8.921960830688477,False
34,23572,691,7.845957279205322,False
34,11187,366,8.6126708984375,False
34,15847,596,8.061370849609375,False
34,14247,97,9.555809020996094,False
34,22969,164,9.164005279541016,False
34,9781,429,8.448219299316406,False
34,6342,136,9.277939796447754,False
34,34669,451,8.404644012451172,False
34,25834,494,8.304956436157227,False
34,9438,454,8.39468002319336,False
34,19797,175,9.125419616699219,False
34,16484,692,7.845580101013184,False
34,34618,985,7.304548263549805,False
34,23928,1132,6.590721130371094,False
34,5405,68,9.845738410949707,False
34,22054,262,8.8602294921875,False
34,26107,550,8.179032325744629,False
34,29490,931,7.4152655601501465,False
34,6505,1022,7.2040557861328125,False
34,21429,809,7.626372337341309,False
34,36417,850,7.554169654846191,False
34,11420,827,7.59335470199585,False
34,5699,477,8.344595909118652,False
34,32578,795,7.642663955688477,False
34,24989,890,7.49656343460083,False
34,28538,380,8.585038185119629,False
34,35815,1123,6.7353105545043945,False
34,25883,591,8.07302188873291,False
34,971,2,16.17742347717285,False
34,2170,579,8.098735809326172,False
34,1433,1146,6.355170249938965,False
34,17049,673,7.888332843780518,False
34,10792,41,12.47518253326416,False
34,10997,951,7.380072116851807,False
34,6211,480,8.3272066116333,False
34,31518,52,11.8911714553833,False
34,3327,1058,7.059610843658447,False
34,32586,728,7.776373863220215,False
34,13146,774,7.681689262390137,False
34,5403,90,9.630179405212402,False
34,28533,367,8.612253189086914,False
34,11419,1000,7.274383544921875,False
34,20381,95,9.566445350646973,False
34,4884,16,13.752402305603027,False
34,24787,223,8.960488319396973,False
34,16578,930,7.41552734375,False
34,11418,1031,7.1761627197265625,False
34,2950,987,7.3027544021606445,False
34,2830,924,7.434365749359131,False
34,2953,989,7.296665668487549,False
34,2955,1068,7.034121513366699,False
34,906,507,8.274455070495605,False
34,19465,133,9.299153327941895,False
34,23860,334,8.685798645019531,False
34,29549,154,9.220741271972656,False
34,26806,131,9.304849624633789,False
34,3708,239,8.927245140075684,False
34,8347,50,12.00218391418457,False
34,13205,1029,7.177729606628418,False
34,24326,798,7.6410441398620605,False
34,11508,423,8.458319664001465,False
34,33103,883,7.507015228271484,False
34,24675,349,8.651545524597168,False
34,13220,70,9.814496994018555,False
34,3324,513,8.259936332702637,False
34,28760,638,7.953215599060059,False
34,39539,132,9.300188064575195,False
34,23938,569,8.121898651123047,False
34,17841,1049,7.102083683013916,False
34,2727,398,8.528997421264648,False
34,11417,998,7.275022506713867,False
34,4888,15,13.76843547821045,False
34,29068,149,9.239388465881348,False
34,16881,354,8.64090633392334,False
34,17141,425,8.452227592468262,False
34,13647,695,7.831533432006836,False
34,32585,623,8.010215759277344,False
34,19279,173,9.135811805725098,False
34,39983,260,8.861883163452148,False
34,35878,843,7.562103271484375,False
34,6731,82,9.682389259338379,False
34,2837,470,8.358235359191895,False
34,37505,5,14.749134063720703,False
34,31270,17,13.653995513916016,False
34,37268,524,8.248886108398438,False
34,4492,622,8.012537002563477,False
34,2958,840,7.5709099769592285,False
34,2652,1122,6.738265037536621,False
34,8330,126,9.318592071533203,False
34,18582,21,13.453667640686035,False
34,23945,316,8.731030464172363,False
34,29589,1019,7.2149248123168945,False
34,4601,127,9.316922187805176,False
34,14257,813,7.61247444152832,False
34,34682,339,8.67185115814209,False
34,30655,672,7.889368057250977,False
34,36098,761,7.703641891479492,False
34,1955,385,8.566156387329102,False
34,4885,23,13.327648162841797,False
34,40334,247,8.905728340148926,False
34,35790,1057,7.066053867340088,False
34,24923,184,9.096172332763672,False
34,33480,286,8.79975700378418,False
34,39684,384,8.572896003723145,False
34,11507,450,8.407045364379883,False
34,32590,505,8.281179428100586,False
34,4887,369,8.609688758850098,False
34,39955,981,7.311185836791992,False
34,5644,699,7.821859836578369,False
34,29180,266,8.838831901550293,False
34,16464,365,8.617785453796387,False
34,36112,129,9.310637474060059,False
34,4446,337,8.67810344696045,False
34,1573,373,8.598907470703125,False
34,36471,1066,7.0407233238220215,False
34,19558,1090,6.946362018585205,False
34,33479,99,9.538496971130371,False
34,11506,422,8.458319664001465,False
34,34277,371,8.607020378112793,False
34,4546,138,9.272400856018066,False
34,11272,159,9.201642036437988,False
34,15539,1103,6.866842746734619,False
34,5404,76,9.725919723510742,False
34,24688,300,8.775240898132324,False
34,4359,419,8.47333812713623,False
34,36828,87,9.637113571166992,False
34,29793,461,8.384514808654785,False
34,42370,360,8.626468658447266,False
34,24404,730,7.773807525634766,False
34,26522,137,9.274051666259766,False
34,38946,1078,6.992745399475098,False
34,22019,718,7.792145252227783,False
34,1432,1138,6.488339900970459,False
34,29967,34,12.737384796142578,False
34,25142,654,7.928473472595215,False
34,9261,269,8.836687088012695,False
34,27519,1007,7.254051685333252,False
34,28338,282,8.809255599975586,False
34,21430,631,7.979862213134766,False
34,28530,255,8.871076583862305,False
34,40993,560,8.144401550292969,False
34,8522,85,9.665006637573242,False
34,5650,768,7.690140724182129,False
34,15545,517,8.257645606994629,False
34,31437,363,8.621073722839355,False
34,18596,24,13.315232276916504,False
34,36175,469,8.361392974853516,False
34,41085,36,12.72570514678955,False
34,18585,8,13.95936107635498,False
34,19464,109,9.45183277130127,False
34,40811,495,8.304525375366211,False
34,23852,1119,6.764631748199463,False
34,22016,745,7.746935844421387,False
34,35083,973,7.329410076141357,False
34,18595,26,13.17990493774414,False
34,33002,483,8.323158264160156,False
34,33493,888,7.497447490692139,False
34,4928,10,13.875858306884766,False
34,18586,680,7.867913246154785,False
34,32582,302,8.769792556762695,False
34,29968,33,12.797024726867676,False
34,26200,227,8.951087951660156,False
34,2952,1032,7.169232368469238,False
34,26787,292,8.786208152770996,False
34,35877,819,7.602104663848877,False
34,844,992,7.2896342277526855,False
34,9405,361,8.623661041259766,False
34,17858,101,9.52490520477295,False
34,29078,576,8.103787422180176,False
34,22020,700,7.8214826583862305,False
34,10996,1096,6.904364109039307,False
34,29625,439,8.427115440368652,False
34,3325,31,12.966692924499512,False
34,28927,61,10.486950874328613,False
34,20892,511,8.265995025634766,False
34,5559,1014,7.2370195388793945,False
35,6331,145,9.403960227966309,False
35,41721,215,8.949471473693848,False
35,41773,229,8.812384605407715,False
35,23885,206,8.995270729064941,False
35,41723,189,9.150993347167969,False
35,41722,175,9.227564811706543,False
35,9026,219,8.931281089782715,False
35,40227,165,9.270968437194824,False
35,7549,84,14.460225105285645,False
35,39442,91,14.059722900390625,False
35,6994,10,16.004405975341797,False
35,39443,82,14.49280834197998,False
35,36863,88,14.303085327148438,False
35,18236,86,14.356916427612305,False
35,7553,44,15.26010513305664,False
35,36063,270,7.699795246124268,False
35,7143,267,7.886347770690918,False
35,24358,203,9.004487037658691,False
35,9447,242,8.661269187927246,False
35,8936,200,9.04154109954834,False
35,22408,107,13.166608810424805,False
35,41324,102,13.311237335205078,False
35,39393,65,14.879372596740723,False
35,38349,121,12.106019020080566,False
35,25040,139,9.52627944946289,False
35,20349,166,9.27043628692627,False
35,41719,205,9.004487037658691,False
35,41720,202,9.02297592163086,False
35,41717,173,9.233400344848633,False
35,13619,96,13.696765899658203,False
35,31820,181,9.183778762817383,False
35,16724,156,9.337862968444824,False
35,6375,160,9.311890602111816,False
35,31819,209,8.97689437866211,False
35,28808,272,7.646204471588135,False
35,41195,184,9.171456336975098,False
35,17216,201,9.02297592163086,False
35,17217,167,9.25841236114502,False
35,9025,259,8.398364067077637,False
35,39395,48,15.199366569519043,False
35,22409,108,13.166608810424805,False
35,9394,257,8.407720565795898,False
35,3786,245,8.620789527893066,False
35,31749,248,8.545056343078613,False
35,18237,188,9.155078887939453,False
35,16688,279,7.470714092254639,False
35,41775,152,9.360556602478027,False
35,38385,227,8.86572265625,False
35,37346,110,12.952078819274902,False
35,26463,208,8.994457244873047,False
35,41740,212,8.963007926940918,False
36,31804,26,15.298751831054688,False
36,18221,106,11.82369327545166,False
36,17564,244,7.858100414276123,False
36,13887,39,14.796565055847168,False
36,39439,7,17.811697006225586,False
36,10278,83,12.709296226501465,False
36,10268,144,8.523347854614258,False
36,15692,253,7.812495231628418,False
36,40053,254,7.809957504272461,False
36,25173,44,14.468092918395996,False
36,41970,94,12.336335182189941,False
36,31847,319,7.437238693237305,False
36,7244,74,12.992618560791016,False
36,39950,105,11.947821617126465,False
36,36866,67,13.44456958770752,False
36,7450,102,12.055479049682617,False
36,25172,48,14.35952377319336,False
36,27772,2,21.8562068939209,False
36,19112,96,12.284607887268066,False
36,31853,107,11.684637069702148,False
36,30438,97,12.284607887268066,False
36,28514,79,12.806811332702637,False
36,11314,5,19.785490036010742,False
36,24493,34,15.061936378479004,False
36,7627,1,22.490896224975586,False
36,5632,14,15.913817405700684,False
36,8220,143,8.553454399108887,False
36,4452,57,13.721285820007324,False
36,24492,15,15.888654708862305,False
36,16015,210,8.037842750549316,False
36,24617,6,19.66439437866211,False
36,17565,90,12.478963851928711,False
36,39167,255,7.803574085235596,False
36,27631,62,13.574960708618164,False
36,27630,63,13.557687759399414,False
36,27632,60,13.592288970947266,False
36,28352,50,14.205284118652344,False
37,1573,494,9.814704895019531,False
37,9403,468,9.983421325683594,False
37,2954,610,9.176252365112305,False
37,4503,339,10.574565887451172,False
37,33480,346,10.543431282043457,False
37,24397,382,10.391716003417969,False
37,40270,184,11.81475830078125,False
37,24717,395,10.327277183532715,False
37,35054,527,9.665864944458008,False
37,17009,82,13.1185884475708,False
37,34645,299,10.885528564453125,False
37,28538,9,15.69625186920166,False
37,23954,269,11.184517860412598,False
37,24595,435,10.133110046386719,False
37,4495,57,13.55349349975586,False
37,844,528,9.665462493896484,False
37,2949,461,10.01244068145752,False
37,2951,642,9.016441345214844,False
37,11415,669,8.8876371383667,False
37,5559,622,9.112842559814453,False
37,19558,608,9.181180000305176,False
37,1951,358,10.495064735412598,False
37,1494,37,14.144940376281738,False
37,40101,349,10.522383689880371,False
37,33103,570,9.387535095214844,False
37,2837,564,9.414356231689453,False
37,558,97,12.917211532592773,False
37,16987,441,10.101057052612305,False
37,24326,493,9.826347351074219,False
37,28791,214,11.610548973083496,False
37,37279,500,9.782488822937012,False
37,4902,797,8.316429138183594,False
37,5389,84,13.080911636352539,False
37,11421,390,10.342058181762695,False
37,4899,249,11.35189437866211,False
37,23028,288,10.962611198425293,False
37,22069,596,9.246673583984375,False
37,4887,451,10.05944538116455,False
37,18582,255,11.295073509216309,False
37,24674,488,9.853593826293945,False
37,29968,443,10.094148635864258,False
37,35083,571,9.379655838012695,False
37,18586,316,10.752713203430176,False
37,37300,254,11.303165435791016,False
37,29081,268,11.184747695922852,False
37,13223,450,10.060242652893066,False
37,36218,375,10.416902542114258,False
37,24322,521,9.694318771362305,False
37,36217,117,12.502348899841309,False
37,17841,826,8.199991226196289,False
37,39684,52,13.735231399536133,False
37,23663,212,11.625099182128906,False
37,24688,509,9.75334358215332,False
37,21442,400,10.311901092529297,False
37,20060,114,12.52029037475586,False
37,2958,646,8.994678497314453,False
37,5105,350,10.514667510986328,False
37,11419,762,8.453283309936523,False
37,4891,314,10.774275779724121,False
37,20892,536,9.600593566894531,False
37,11420,660,8.92678451538086,False
37,25883,391,10.341897964477539,False
37,26981,376,10.41240119934082,False
37,956,380,10.402400970458984,False
37,10805,294,10.9066743850708,False
37,37357,398,10.317904472351074,False
37,24316,442,10.098075866699219,False
37,26787,322,10.719330787658691,False
37,10772,507,9.754995346069336,False
37,17625,284,11.001710891723633,False
37,23938,498,9.788400650024414,False
37,10996,724,8.639248847961426,False
37,41213,1202,7.069915771484375,False
37,4885,424,10.19234848022461,False
37,24675,272,11.103002548217773,False
37,20284,427,10.170635223388672,False
37,36293,559,9.435272216796875,False
37,40217,644,9.005109786987305,False
37,31681,405,10.280094146728516,False
37,34977,407,10.272552490234375,False
37,24404,413,10.246214866638184,False
37,24188,18,14.756927490234375,False
37,9261,433,10.141700744628906,False
37,38775,365,10.469470977783203,False
37,29967,452,10.054871559143066,False
37,38774,459,10.031481742858887,False
37,11281,11,15.502346992492676,False
37,4928,607,9.18566608428955,False
37,16921,318,10.746583938598633,False
37,24312,409,10.26324462890625,False
37,4886,411,10.250639915466309,False
37,5391,140,12.276601791381836,False
37,26107,625,9.093045234680176,False
37,5503,85,13.058842658996582,False
37,2953,626,9.08773422241211,False
37,34648,205,11.657404899597168,False
37,4884,352,10.506168365478516,False
37,23662,313,10.793416023254395,False
37,24167,32,14.350854873657227,False
37,1813,385,10.374046325683594,False
37,29865,15,15.310985565185547,False
37,14642,573,9.370462417602539,False
37,21759,183,11.818267822265625,False
37,23179,90,12.993322372436523,False
37,7157,355,10.498714447021484,False
37,5254,26,14.49200439453125,False
37,5428,264,11.220163345336914,False
37,1540,31,14.402363777160645,False
37,5255,39,14.109174728393555,False
37,22313,695,8.752002716064453,False
38,20911,1,15.72525405883789,False
39,9250,73,14.506587982177734,False
39,28871,101,13.653549194335938,False
39,8425,93,13.893388748168945,False
39,7583,96,13.811418533325195,False
39,13836,75,14.402799606323242,False
39,8430,110,13.339216232299805,False
39,8424,106,13.471844673156738,False
39,8457,89,14.061610221862793,False
39,8426,107,13.414400100708008,False
39,27950,118,12.985610961914062,False
39,19114,19,17.506135940551758,False
39,18244,82,14.219548225402832,False
39,8459,112,13.209014892578125,False
39,22380,104,13.6275053024292,False
39,22381,128,12.38180160522461,False
39,8433,102,13.640384674072266,False
39,28901,17,17.599924087524414,False
39,42920,34,16.779163360595703,False
39,15227,99,13.690513610839844,False
39,20391,37,16.726829528808594,False
39,20005,28,17.088054656982422,False
39,28941,94,13.84520149230957,False
39,8406,4,20.84388542175293,False
39,8429,77,14.379802703857422,False
39,9625,121,12.865377426147461,False
39,33117,86,14.087610244750977,False
39,25041,30,16.95001983642578,False
39,39313,117,13.028955459594727,False
39,10672,3,21.045257568359375,False
39,8458,105,13.614907264709473,False
39,13837,68,14.89896011352539,False
40,37818,52,10.426319122314453,False
40,20693,39,10.659875869750977,False
40,18460,44,10.522706985473633,False
40,18461,46,10.511340141296387,False
40,18321,126,9.175792694091797,False
40,29751,94,9.685737609863281,False
40,29752,7,12.368858337402344,False
40,11253,18,11.425944328308105,False
40,26359,91,9.763594627380371,False
40,37039,210,7.117488384246826,False
40,17889,5,12.511663436889648,False
40,5504,116,9.296711921691895,False
40,5555,24,11.131755828857422,False
40,5556,23,11.146125793457031,False
40,5557,22,11.19671630859375,False
40,30591,96,9.673978805541992,False
40,30128,8,12.347417831420898,False
40,8262,37,10.771780014038086,False
40,30344,68,10.218830108642578,False
40,13211,132,8.99752140045166,False
40,28381,114,9.306977272033691,False
40,5495,64,10.254459381103516,False
40,18223,71,10.19356918334961,False
40,12408,88,9.805817604064941,False
40,8340,48,10.48106575012207,False
40,489,95,9.67728328704834,False
40,30104,40,10.610023498535156,False
40,29565,105,9.402751922607422,False
40,764,100,9.517789840698242,False
40,2865,101,9.511728286743164,False
40,27719,54,10.383193969726562,False
40,2864,162,8.195770263671875,False
40,36157,127,9.12753963470459,False
40,23695,51,10.453490257263184,False
40,5609,2,14.795318603515625,False
40,2936,142,8.621118545532227,False
40,16742,130,9.027846336364746,False
40,5610,1,14.909124374389648,False
40,41664,27,10.97253131866455,False
40,6488,86,9.822328567504883,False
41,32375,8,26.011838912963867,False
41,32382,27,20.001277923583984,False
41,32378,3,28.49372100830078,False
41,32377,20,22.06760025024414,False
41,32370,28,19.806156158447266,False
41,10411,26,20.423526763916016,False
41,31990,22,21.570621490478516,False
41,31091,173,9.819718360900879,False
41,31093,17,24.510278701782227,False
41,31094,130,10.906652450561523,False
41,31992,4,28.268356323242188,False
41,10409,24,20.458839416503906,False
41,10410,23,20.512126922607422,False
41,12528,15,24.883615493774414,False
41,32373,25,20.44371223449707,False
41,32385,1,33.2847785949707,False
41,19332,5,27.285541534423828,False
41,31993,6,26.3558406829834,False
41,10415,14,24.907691955566406,False
42,29136,28,9.050619125366211,False
42,25326,10,10.63754940032959,False
42,5513,5,11.899866104125977,False
43,28209,6,17.14297103881836,False
43,6804,5,17.383129119873047,False
43,37266,8,16.984811782836914,False
43,14527,7,17.098045349121094,False
43,20904,12,16.72067642211914,False
43,37327,16,16.403783798217773,False
43,4134,29,15.829472541809082,False
43,24407,20,16.22732925415039,False
43,14523,21,16.17990493774414,False
43,37333,11,16.76266860961914,False
43,37342,9,16.947620391845703,False
43,13150,22,16.08648681640625,False
43,6794,2,18.20473861694336,False
43,3078,14,16.504756927490234,False
43,20893,4,17.824806213378906,False
43,19531,3,17.862037658691406,False
43,13505,41,15.365605354309082,False
43,15108,94,11.82791519165039,False
43,13504,10,16.89362335205078,False
43,37303,35,15.5537109375,False
43,37510,1,18.54290771484375,False
43,721,80,12.539999008178711,False
44,39997,16,21.98932647705078,False
44,7123,11,22.451499938964844,False
44,7124,19,21.587804794311523,False
44,39991,12,22.43625831604004,False
44,42166,97,16.267980575561523,False
44,42456,3,23.540220260620117,False
44,31835,13,22.282115936279297,False
44,31836,23,21.237369537353516,False
44,31834,17,21.875810623168945,False
44,14573,25,20.744157791137695,False
44,27667,101,16.152124404907227,False
44,2842,7,22.818683624267578,False
44,20788,52,18.025989532470703,False
44,6609,120,15.101920127868652,False
44,6608,129,14.852132797241211,False
44,42453,184,12.753597259521484,False
44,37163,54,17.984331130981445,False
44,39990,51,18.06135368347168,False
44,27683,126,14.968765258789062,False
44,42455,9,22.5789794921875,False
44,34880,76,16.94105339050293,False
44,1594,53,17.99126434326172,False
44,42168,18,21.649263381958008,False
44,28569,60,17.643768310546875,False
44,39998,21,21.560129165649414,False
44,39994,6,22.828475952148438,False
44,23121,40,18.716594696044922,False
44,23138,161,13.326780319213867,False
44,23139,173,13.102317810058594,False
44,14571,22,21.483863830566406,False
44,10092,68,17.25583267211914,False
44,12732,88,16.433834075927734,False
44,6604,31,19.503488540649414,False
45,14833,15496,0.9533336758613586,False
45,1076,9208,1.0546189546585083,False
45,32463,16541,0.9326630234718323,False
45,1202,19453,0.8156091570854187,False
45,13550,4401,1.1621593236923218,False
45,2474,5795,1.1227837800979614,False
45,5614,5902,1.1199994087219238,False
45,7851,5040,1.1440013647079468,False
45,20672,11278,1.0223904848098755,False
45,13158,16184,0.9394530057907104,False
45,20505,6757,1.1008896827697754,False
45,14595,11742,1.0154942274093628,False
45,6498,4133,1.1708080768585205,False
45,6499,3551,1.1940221786499023,False
45,41756,17067,0.9203102588653564,False
45,17827,4251,1.1676620244979858,False
45,41664,19152,0.8383169174194336,False
45,26903,265,4.185292720794678,False
45,42992,6022,1.1175810098648071,False
45,16752,7757,1.0810240507125854,False
46,25837,751,4.515572547912598,False
46,9400,166,6.825938701629639,False
46,11816,234,6.128414630889893,False
46,11812,236,6.105306625366211,False
46,6208,252,5.991182327270508,False
48,5652,1,17.194713592529297,False
50,25887,516,6.989956855773926,False
50,22536,16,11.786747932434082,False
50,22554,41,10.569439888000488,False
50,16467,165,8.712042808532715,False
50,22549,4,12.919387817382812,False
50,22572,14,11.873148918151855,False
50,22562,71,9.632096290588379,False
50,22563,2398,5.082432270050049,False
50,22537,445,7.265355110168457,False
50,22535,635,6.663951396942139,False
50,22548,15,11.8456392288208,False
50,16465,30,10.977006912231445,False
50,13654,3,13.106619834899902,False
50,22586,155,8.76695442199707,False
50,4743,366,7.61040735244751,False
50,22533,42,10.562296867370605,False
50,22534,207,8.40121841430664,False
50,26799,84,9.463768005371094,False
50,13655,20,11.371403694152832,False
50,22546,110,9.165791511535645,False
50,4307,98,9.256547927856445,False
50,9191,45,10.331793785095215,False
50,826,60,10.071167945861816,False
50,21295,33,10.905373573303223,False
50,25136,9,12.249683380126953,False
50,13644,6,12.67493724822998,False
50,24076,22,11.365626335144043,False
50,29950,7,12.668027877807617,False
51,9878,1,20.135311126708984,False
54,39185,324,5.2270612716674805,False
54,39187,24,10.806816101074219,False
54,39217,417,4.674205303192139,False
54,39215,65,9.22907829284668,False
54,1399,1,18.80514907836914,False
55,798,1,19.985931396484375,False
57,33659,1,19.924821853637695,False
58,23686,1269,3.581653118133545,False
58,17279,424,5.813144683837891,False
58,3010,79,7.698923110961914,False
58,24925,74,7.794070243835449,False
58,29414,1057,3.9107513427734375,False
58,29071,735,4.71539831161499,False
58,39519,155,6.965973377227783,False
58,17017,103,7.37951135635376,False
58,15328,185,6.763210296630859,False
58,10257,35,8.263200759887695,False
58,40538,51,7.999383449554443,False
58,6563,840,4.376739025115967,False
58,20085,38,8.19707202911377,False
58,24536,472,5.600658893585205,False
58,13258,82,7.605754375457764,False
58,23702,295,6.2434983253479,False
58,16909,793,4.516819477081299,False
58,15871,191,6.724455833435059,False
58,33896,761,4.617946147918701,False
58,25648,97,7.432114601135254,False
58,15325,757,4.628963947296143,False
58,24610,109,7.329246520996094,False
58,23701,19,8.622369766235352,False
58,42913,8,9.216561317443848,False
58,8960,411,5.851200103759766,False
58,34325,13,8.992197036743164,False
58,34262,233,6.464869976043701,False
58,15074,259,6.363422870635986,False
58,20761,300,6.224742412567139,False
58,38315,796,4.509223937988281,False
58,34282,114,7.304375648498535,False
58,39675,58,7.937379837036133,False
58,42767,12,9.003908157348633,False
58,28334,50,8.006669998168945,False
58,17488,1098,3.8434832096099854,False
58,22780,133,7.1681108474731445,False
58,28205,101,7.391574859619141,False
58,29229,271,6.32200813293457,False
58,15075,957,4.114797592163086,False
58,9320,251,6.387265682220459,False
58,31656,203,6.616417407989502,False
58,20564,163,6.936115264892578,False
58,34271,528,5.366586208343506,False
58,3000,590,5.188815593719482,False
58,26232,15,8.891885757446289,False
58,25198,371,6.002111434936523,False
58,28582,198,6.651332855224609,False
58,22084,521,5.38815450668335,False
58,24170,249,6.397425174713135,False
58,23635,264,6.346948623657227,False
58,23636,488,5.537049770355225,False
58,5822,134,7.166644096374512,False
58,1389,27,8.35003662109375,False
58,34698,449,5.697680473327637,False
58,23898,598,5.153908729553223,False
58,23910,68,7.865550518035889,False
58,21621,131,7.174598217010498,False
58,26367,621,5.081802845001221,False
58,5954,709,4.774167537689209,False
58,39366,37,8.207557678222656,False
58,18624,602,5.1304192543029785,False
58,41144,212,6.566404342651367,False
58,20529,125,7.221051216125488,False
59,41607,33,17.433435440063477,False
59,41609,24,17.9548397064209,False
59,41647,10,18.46044921875,False
59,41621,8,18.47490692138672,False
59,41630,1,19.436952590942383,False
59,41632,12,18.359891891479492,False
59,41629,2,19.18144416809082,False
59,41640,20,18.246318817138672,False
59,41639,19,18.260438919067383,False
59,41641,5,19.08388328552246,False
59,41644,16,18.317136764526367,False
59,41610,13,18.331363677978516,False
59,41645,3,19.139511108398438,False
59,41636,18,18.274578094482422,False
59,41642,14,18.331363677978516,False
59,41608,17,18.274578094482422,False
59,41637,4,19.111656188964844,False
59,41631,38,16.42530059814453,False
59,41625,42,14.701504707336426,False
59,41634,21,18.095428466796875,False
59,41633,34,17.40274429321289,False
59,41649,32,17.593631744384766,False
59,41650,30,17.646215438842773,False
59,41646,25,17.927568435668945,False
59,41648,11,18.446014404296875,False
59,41651,9,18.47490692138672,False
59,41652,7,18.664947509765625,False
59,41626,43,10.506810188293457,False
59,41627,35,17.37384796142578,False
59,41611,39,15.837825775146484,False
59,41638,41,15.239715576171875,False
59,41628,40,15.286577224731445,False
59,41635,15,18.320072174072266,False
59,41619,23,18.037153244018555,False
59,41618,28,17.752336502075195,False
59,41616,22,18.050947189331055,False
59,41615,27,17.76569366455078,False
59,41613,26,17.91396713256836,False
59,41612,29,17.659408569335938,False
59,41617,6,18.93256378173828,False
59,41620,31,17.644718170166016,False
59,41614,36,17.347497940063477,False
59,41643,37,17.19660758972168,False
60,30849,1,15.334175109863281,False
60,30848,2,13.45496654510498,False
60,30851,3,13.40696907043457,False
61,17462,1,21.89784049987793,False
62,18187,57,20.440996170043945,False
62,1,5,21.500782012939453,False
62,4822,72,20.15209197998047,False
62,2258,43,20.574966430664062,False
62,8046,63,20.325111389160156,False
62,8047,68,20.202640533447266,False
62,35750,3,21.557695388793945,False
62,7519,55,20.471195220947266,False
62,7524,111,19.029050827026367,False
63,41496,39,17.020816802978516,False
63,31074,97,7.480083465576172,False
63,24806,10,20.111412048339844,False
63,37302,51,15.183174133300781,False
63,34607,71,10.124185562133789,False
63,2902,89,8.224796295166016,False
63,27953,3,20.612323760986328,False
63,23000,86,8.667241096496582,False
63,17667,12,19.865076065063477,False
63,20491,34,17.6245059967041,False
63,18646,64,13.326333999633789,False
63,11094,15,19.70217514038086,False
63,40312,66,11.22927188873291,False
63,35680,70,10.285125732421875,False
63,32452,16,19.576892852783203,False
63,24807,21,19.049774169921875,False
63,40832,31,18.104358673095703,False
63,40307,52,15.050575256347656,False
63,14496,45,16.483505249023438,False
63,37112,28,18.58631134033203,False
63,39385,90,8.13469409942627,False
63,40319,40,16.938892364501953,False
63,25291,6,20.474031448364258,False
63,16231,16330,0.0,True
63,16230,57,14.409683227539062,False
63,4515,79,9.672264099121094,False
63,37110,42,16.630794525146484,False
63,37109,55,14.465682983398438,False
63,34606,54,14.670881271362305,False
63,40317,9,20.171417236328125,False
63,37000,60,14.222365379333496,False
63,37002,63,13.836899757385254,False
63,11093,24,18.909225463867188,False
63,40313,20,19.100570678710938,False
63,25420,61,14.189958572387695,False
63,22494,50,15.486515045166016,False
63,27616,26,18.69291114807129,False
63,37144,1,21.879314422607422,False
63,25421,62,14.189958572387695,False
63,25418,58,14.326494216918945,False
63,25419,59,14.326494216918945,False
63,11095,13,19.825084686279297,False
63,36847,36,17.167713165283203,False
63,7286,33,17.843351364135742,False
63,30105,53,14.87516975402832,False
63,16359,47,16.161453247070312,False
63,7285,32,17.86069107055664,False
63,30560,49,15.740157127380371,False
63,25292,14,19.73343849182129,False
63,25416,19,19.100570678710938,False
63,25293,2,20.756607055664062,False
63,40318,11,20.03740692138672,False
63,16358,4,20.506847381591797,False
63,37111,38,17.128215789794922,False
63,34609,91,8.13254165649414,False
63,22884,35,17.430419921875,False
63,18480,23,18.95330810546875,False
63,25295,5,20.49699592590332,False
63,14497,37,17.160259246826172,False
63,25294,7,20.451120376586914,False
63,30843,27,18.591266632080078,False
63,26235,80,9.446420669555664,False
63,7197,46,16.4385986328125,False
63,25578,29,18.261821746826172,False
63,16232,113,5.840994834899902,False
63,37003,77,9.736135482788086,False
63,37004,68,10.41732406616211,False
63,36849,84,8.973458290100098,False
63,40316,93,7.629171848297119,False
63,25296,8,20.451120376586914,False
63,11096,17,19.414073944091797,False
63,40322,81,9.34897518157959,False
64,28419,1,14.561016082763672,False
65,4732,154,13.10302734375,False
65,21259,77,16.68893814086914,False
65,11710,6,24.852283477783203,False
65,36607,60,17.027360916137695,False
65,42618,117,15.799562454223633,False
65,21263,83,16.495141983032227,False
65,14014,14,22.410306930541992,False
65,21266,68,16.901350021362305,False
65,36606,25,17.927011489868164,False
65,21257,106,16.001739501953125,False
65,14028,161,11.751319885253906,False
65,42603,147,14.56628704071045,False
65,42604,113,15.833195686340332,False
65,25863,1,26.392967224121094,False
65,21265,47,17.39888572692871,False
65,416,56,17.12334442138672,False
65,14037,142,15.026957511901855,False
65,28560,135,15.20671558380127,False
65,28559,137,15.155660629272461,False
65,28558,139,15.117607116699219,False
65,36642,45,17.419950485229492,False
65,36673,21,18.139631271362305,False
65,14025,120,15.721452713012695,False
65,42613,116,15.799562454223633,False
65,36615,123,15.604251861572266,False
65,12443,63,16.99040412902832,False
65,36594,44,17.422452926635742,False
65,42612,93,16.251489639282227,False
65,36658,109,15.933597564697266,False
65,11741,81,16.577722549438477,False
65,36666,125,15.564264297485352,False
65,36629,26,17.922033309936523,False
65,36626,61,17.006704330444336,False
65,36651,5,24.854915618896484,False
65,14035,89,16.340354919433594,False
65,36618,52,17.20195770263672,False
65,36640,35,17.65300178527832,False
65,36559,110,15.919464111328125,False
66,30089,1,22.02524185180664,False
68,11151,131,7.239718914031982,False
68,11731,71,10.400978088378906,False
68,11733,69,10.419900894165039,False
68,11734,68,10.43889331817627,False
68,23097,13,13.82261848449707,False
68,11716,171,6.536755561828613,False
68,23108,213,5.811273574829102,False
68,16389,137,7.130178451538086,False
68,13959,157,6.723275184631348,False
68,9710,10367,0.0,True
68,35745,29,12.01574993133545,False
68,14431,124,8.655036926269531,False
68,2430,108,9.350118637084961,False
68,2431,113,9.297411918640137,False
68,16390,134,7.17671537399292,False
68,32542,95,9.594884872436523,False
68,16388,135,7.145624160766602,False
68,26670,119,9.151254653930664,False
68,32543,96,9.594884872436523,False
68,35743,132,7.239718914031982,False
68,41411,86,9.746074676513672,False
68,41409,82,9.794302940368652,False
68,9712,155,6.737006187438965,False
68,28154,172,6.52382755279541,False
68,40744,28,12.041011810302734,False
68,11742,4,14.184680938720703,False
68,29053,21,13.057398796081543,False
68,3727,170,6.536755561828613,False
68,9711,10368,0.0,True
68,32538,30,11.841840744018555,False
68,38324,89,9.717364311218262,False
68,38323,87,9.72691535949707,False
68,32539,32,11.744705200195312,False
68,21840,123,8.746834754943848,False
68,41788,147,6.8774638175964355,False
68,4612,116,9.219457626342773,False
68,28155,175,6.472624778747559,False
68,49,74,10.108861923217773,False
68,28156,28444,0.0,True
68,23100,58,10.792989730834961,False
68,40741,5,14.159093856811523,False
68,40742,25,12.273242950439453,False
68,41412,81,9.823470115661621,False
68,33917,35,11.625505447387695,False
68,41408,83,9.784618377685547,False
68,41413,88,9.72691535949707,False
68,17341,40,11.46263313293457,False
68,33935,64,10.534902572631836,False
68,33937,67,10.457953453063965,False
68,25486,45,11.30426025390625,False
68,31999,26,12.117439270019531,False
68,23096,10,13.85744571685791,False
68,40743,27,12.041011810302734,False
68,23102,52,10.85435676574707,False
68,23090,15,13.685270309448242,False
68,23091,7,13.85744571685791,False
68,23092,8,13.85744571685791,False
68,23098,54,10.833824157714844,False
68,32187,85,9.746074676513672,False
68,4357,73,10.34461784362793,False
68,9595,99,9.475454330444336,False
68,9729,167,6.575848579406738,False
68,41856,6,14.070676803588867,False
68,38624,193,6.193131923675537,False
68,41410,149,6.84890604019165,False
68,225,94,9.60419750213623,False
68,21111,21551,0.0,True
68,8193,144,6.906261444091797,False
68,6644,248,5.437678337097168,False
68,26667,103,9.439302444458008,False
68,28339,111,9.341292381286621,False
68,26666,114,9.28868579864502,False
68,35744,145,6.906261444091797,False
68,35746,143,6.920750617980957,False
68,2165,3036,0.0,True
68,33938,72,10.363336563110352,False
68,16516,39,11.485620498657227,False
68,32537,31,11.768840789794922,False
68,23106,57,10.833824157714844,False
68,23095,12,13.82261848449707,False
68,25829,162,6.65545129776001,False
68,31725,117,9.219457626342773,False
68,7464,176,6.459949493408203,False
68,21841,98,9.511884689331055,False
68,15741,180,6.409740447998047,False
68,3637,23,12.463569641113281,False
68,36427,129,7.3526763916015625,False
68,7463,174,6.472624778747559,False
68,29054,66,10.457953453063965,False
69,25186,12,17.98647689819336,False
69,25659,10,18.02515411376953,False
69,39133,7,18.365095138549805,False
69,39134,8,18.365095138549805,False
69,39135,1,20.373027801513672,False
69,39136,9,18.02959632873535,False
69,39137,2,20.373027801513672,False
69,39138,11,18.01193618774414,False
69,39139,13,17.786367416381836,False
69,39140,252,10.12716007232666,False
69,42644,23,14.966062545776367,False
69,35968,200,10.912705421447754,False
69,20265,147,11.544663429260254,False
70,16029,1,16.772781372070312,False
71,8590,59,19.186153411865234,False
71,21006,43,20.923913955688477,False
71,24098,61,18.97197914123535,False
71,18884,49,20.48242950439453,False
71,18885,39,21.19736671447754,False
71,17413,50,20.277324676513672,False
71,28483,120,15.41847038269043,False
71,34807,6,27.48474884033203,False
71,34808,2,29.0889892578125,False
71,34810,5,27.538108825683594,False
71,21001,25,21.897354125976562,False
71,21002,37,21.338722229003906,False
71,28750,46,20.70018768310547,False
71,22775,35,21.441192626953125,False
71,24096,40,21.195430755615234,False
71,20964,22,21.95777130126953,False
71,18876,10,24.048906326293945,False
71,36021,34,21.480928421020508,False
71,20970,76,16.39352798461914,False
71,55,48,20.55765151977539,False
71,11173,11,23.765504837036133,False
71,16647,16,23.208385467529297,False
71,21075,78,16.22883415222168,False
71,18883,41,20.984500885009766,False
71,28749,38,21.31988525390625,False
71,24097,57,19.631649017333984,False
71,24102,58,19.538209915161133,False
71,11451,54,19.88811492919922,False
71,20999,31,21.6683292388916,False
71,35051,51,20.237504959106445,False
71,9530,118,15.456281661987305,False
71,56,45,20.779354095458984,False
71,17167,66,18.554729461669922,False
71,12421,55,19.871273040771484,False
71,3817,36,21.423641204833984,False
71,28752,23,21.93778419494629,False
71,259,60,19.126384735107422,False
71,9385,33,21.637596130371094,False
71,25344,19,22.529285430908203,False
71,18867,13,23.55052947998047,False
71,18877,29,21.711463928222656,False
71,3419,21,22.023727416992188,False
71,25342,12,23.626541137695312,False
71,20968,30,21.698835372924805,False
71,20998,26,21.840810775756836,False
71,20983,64,18.57560920715332,False
71,20984,65,18.55889129638672,False
72,1221,79,13.035399436950684,False
72,1222,71,14.339361190795898,False
72,16329,58,15.297080993652344,False
72,16318,41,15.934842109680176,False
72,16311,13,17.325475692749023,False
72,29115,26,16.570816040039062,False
72,14128,47,15.73281478881836,False
72,16328,59,15.21784782409668,False
72,41336,61,15.062999725341797,False
72,14335,56,15.342845916748047,False
72,20724,66,14.524715423583984,False
72,14322,36,16.19927406311035,False
72,16306,27,16.516286849975586,False
72,16331,6,17.497695922851562,False
72,16332,5,17.56317138671875,False
72,16321,23,16.61041831970215,False
72,16330,12,17.34681510925293,False
72,16316,17,16.837167739868164,False
72,3187,42,15.92034912109375,False
72,16323,22,16.63979148864746,False
72,41920,15,17.060012817382812,False
72,16324,14,17.08612823486328,False
72,16325,3,17.698461532592773,False
72,16280,11,17.351116180419922,False
72,41377,72,14.240843772888184,False
72,14336,55,15.368386268615723,False
72,39460,21,16.671689987182617,False
72,35958,150,8.306036949157715,False
72,14332,75,13.630218505859375,False
72,29114,29,16.495994567871094,False
72,16314,51,15.448564529418945,False
72,20370,2,17.877660751342773,False
72,16333,7,17.47597885131836,False
72,20216,39,15.985504150390625,False
72,14344,63,14.79574203491211,False
72,16317,19,16.740283966064453,False
72,13216,49,15.564546585083008,False
72,16320,4,17.67894744873047,False
72,16319,18,16.7512264251709,False
72,16313,9,17.389657974243164,False
72,14126,65,14.573654174804688,False
72,14129,53,15.388811111450195,False
72,5785,70,14.380949974060059,False
72,508,2930,3.24465274810791,False
72,29658,30,16.465572357177734,False
72,19508,33,16.329885482788086,False
72,16327,37,16.153427124023438,False
72,511,31,16.444669723510742,False
72,16326,43,15.914522171020508,False
72,14510,54,15.382389068603516,False
72,16336,46,15.80411148071289,False
72,7716,57,15.325626373291016,False
72,972,20,16.687776565551758,False
72,29699,64,14.609180450439453,False
72,16312,8,17.411155700683594,False
72,29116,28,16.516286849975586,False
72,13238,25,16.58094596862793,False
72,13215,76,13.451895713806152,False
72,16322,24,16.590850830078125,False
72,20215,45,15.832542419433594,False
72,8791,69,14.425777435302734,False
72,540,16,17.032583236694336,False
72,20217,81,12.988395690917969,False
72,37113,32,16.340198516845703,False
72,33671,35,16.25869369506836,False
72,13217,62,14.854453086853027,False
72,14331,78,13.145018577575684,False
72,42926,73,14.03588581085205,False
72,7715,60,15.195581436157227,False
72,14127,74,13.83849048614502,False
72,14333,48,15.608242988586426,False
72,517,240,7.137306213378906,False
72,8708,40,15.978161811828613,False
72,31566,186,7.729333877563477,False
72,15037,141,8.44183349609375,False
72,17380,91,10.436121940612793,False
72,3602,791,3.766774892807007,False
72,37116,38,16.12407875061035,False
72,3686,1879,3.451618194580078,False
72,14340,67,14.518430709838867,False
72,31286,44,15.874874114990234,False
72,207,34,16.2657470703125,False
72,26206,52,15.413755416870117,False
72,42576,68,14.487226486206055,False
72,20223,6780,2.071458578109741,False
74,41545,4,15.08021354675293,False
74,41580,2,18.031726837158203,False
74,41581,1,18.076082229614258,False
75,2629,3564,3.0210132598876953,False
75,32182,3079,3.211561441421509,False
75,39056,9,14.319202423095703,False
75,32084,2662,3.403134822845459,False
76,34037,164,9.122934341430664,False
76,20237,4,14.605093002319336,False
77,1142,146,5.658679008483887,False
78,10813,966,4.118800163269043,False
78,39026,253,5.938967704772949,False
78,19765,810,4.656119346618652,False
80,6909,38,9.895025253295898,False
80,40490,78,9.267168045043945,False
80,17396,20,10.365378379821777,False
80,28817,69,9.394915580749512,False
80,24686,18,10.396357536315918,False
80,4442,36,9.937150001525879,False
80,27656,307,7.586030960083008,False
80,13637,117,8.863410949707031,False
80,21780,58,9.531889915466309,False
80,10720,39,9.87553596496582,False
80,26005,22,10.34951114654541,False
80,16857,40,9.83000659942627,False
80,6223,143,8.672845840454102,False
80,36819,21,10.355340957641602,False
80,4909,86,9.142189025878906,False
80,28755,1,11.29326057434082,False
80,32146,80,9.2600736618042,False
80,26863,9,10.651467323303223,False
80,38776,12,10.526876449584961,False
80,22092,35,9.996255874633789,False
80,16949,17,10.42667293548584,False
80,38773,3,10.837831497192383,False
80,1134,53,9.563112258911133,False
80,26042,124,8.797611236572266,False
80,17160,47,9.63906478881836,False
80,38510,13,10.500553131103516,False
80,26008,15,10.456404685974121,False
80,29823,94,9.059061050415039,False
80,1500,34,10.008688926696777,False
80,9285,51,9.579010009765625,False
80,11352,2,11.19568920135498,False
80,16569,10,10.645901679992676,False
80,2789,14,10.494159698486328,False
80,17419,24,10.273930549621582,False
80,8814,60,9.486834526062012,False
80,21566,134,8.721083641052246,False
80,23934,99,9.00748062133789,False
80,23772,77,9.267741203308105,False
80,10710,6,10.698959350585938,False
81,34026,188,11.823775291442871,False
81,18992,140,12.196014404296875,False
81,822,141,12.186195373535156,False
81,18924,115,12.473384857177734,False
81,27460,137,12.213573455810547,False
81,31910,158,12.077911376953125,False
81,18279,143,12.175860404968262,False
81,21883,152,12.137953758239746,False
81,15630,142,12.186195373535156,False
81,11107,153,12.126409530639648,False
81,20468,162,12.034849166870117,False
81,2513,117,12.451931953430176,False
81,41113,116,12.462812423706055,False
81,17540,101,12.56163501739502,False
81,17767,167,11.967098236083984,False
81,15626,124,12.310385704040527,False
81,29249,181,11.866914749145508,False
81,31906,172,11.911229133605957,False
81,35544,78,12.751014709472656,False
81,3180,136,12.217498779296875,False
81,20725,154,12.124227523803711,False
81,718,175,11.900117874145508,False
81,19001,34,13.72257137298584,False
81,9845,133,12.227954864501953,False
81,28628,132,12.241077423095703,False
81,29255,70,12.833832740783691,False
81,18931,148,12.158942222595215,False
81,19454,193,11.765536308288574,False
81,825,177,11.880032539367676,False
81,9498,129,12.254875183105469,False
81,42572,144,12.175860404968262,False
81,19984,105,12.544246673583984,False
81,3996,171,11.914652824401855,False
81,5615,54,13.104881286621094,False
81,29113,206,11.564390182495117,False
81,14130,232,10.619338035583496,False
81,14424,182,11.854141235351562,False
81,21361,156,12.1139554977417,False
81,33707,39,13.457396507263184,False
81,18940,92,12.653909683227539,False
81,19005,219,11.240232467651367,False
81,4874,146,12.172553062438965,False
81,22097,110,12.505573272705078,False
81,22098,130,12.242018699645996,False
81,22099,52,13.193061828613281,False
81,36861,38,13.462940216064453,False
81,22911,204,11.61311149597168,False
81,34362,222,11.149904251098633,False
81,29551,50,13.208518981933594,False
81,29401,218,11.246458053588867,False
81,29348,31,13.776010513305664,False
81,29350,58,13.055290222167969,False
81,29351,18,14.396154403686523,False
81,29437,82,12.73661994934082,False
81,29478,21,14.146952629089355,False
81,29477,46,13.291421890258789,False
81,33706,80,12.73749828338623,False
81,34202,99,12.572717666625977,False
81,18205,1,25.627256393432617,False
81,73,76,12.787577629089355,False
81,75,98,12.579014778137207,False
81,72,75,12.787577629089355,False
81,74,102,12.560394287109375,False
81,9883,200,11.63965129852295,False
81,25090,49,13.247051239013672,False
81,2632,125,12.291084289550781,False
81,26510,546,6.600649356842041,False
81,35797,64,12.976231575012207,False
81,37929,91,12.673381805419922,False
81,26886,131,12.241077423095703,False
81,42428,126,12.25943374633789,False
81,71,71,12.833563804626465,False
81,7766,30,13.782837867736816,False
81,29409,27,13.797112464904785,False
81,612,205,11.564390182495117,False
82,21704,721,9.19009780883789,False
82,35506,7,14.439125061035156,False
82,37275,400,10.14629077911377,False
82,38799,98,11.417045593261719,False
82,13446,406,10.12096118927002,False
82,5186,898,8.50108528137207,False
82,10762,563,9.713279724121094,False
82,33212,248,10.722169876098633,False
82,33211,144,11.1242094039917,False
82,33210,90,11.524442672729492,False
82,33209,148,11.100264549255371,False
82,8128,88,11.541986465454102,False
82,35478,823,8.80805492401123,False
82,35479,282,10.606332778930664,False
82,15017,200,10.848682403564453,False
82,15018,124,11.251989364624023,False
82,6077,158,11.028494834899902,False
82,25822,61,11.966224670410156,False
82,25823,37,12.351438522338867,False
82,33208,155,11.070107460021973,False
82,33207,164,11.00842571258545,False
82,33206,244,10.727864265441895,False
82,33213,149,11.091096878051758,False
82,36360,474,9.95048999786377,False
82,21549,102,11.404123306274414,False
82,21551,351,10.309457778930664,False
82,10755,593,9.604948043823242,False
82,8927,1142,7.917381286621094,False
82,32190,83,11.607698440551758,False
82,28689,832,8.782271385192871,False
82,41417,913,8.448641777038574,False
82,42266,1337,7.508173942565918,False
82,10765,899,8.49956226348877,False
82,10766,944,8.365923881530762,False
82,3492,742,9.13841438293457,False
82,3495,738,9.142163276672363,False
82,28764,247,10.723390579223633,False
82,21544,52,12.04683780670166,False
82,10758,459,9.991582870483398,False
82,35945,596,9.586624145507812,False
82,29444,482,9.90847110748291,False
82,15006,262,10.67120361328125,False
82,14998,371,10.208099365234375,False
82,15022,1211,7.810517311096191,False
82,22996,4,15.35175895690918,False
82,3655,115,11.328042030334473,False
82,39021,21,12.82685375213623,False
82,23597,448,10.010958671569824,False
82,17851,376,10.198651313781738,False
82,15015,113,11.33542251586914,False
82,33658,6,14.891237258911133,False
82,17521,91,11.519638061523438,False
82,17517,22,12.813142776489258,False
84,38457,740,6.32220458984375,False
86,41495,32,23.34231185913086,False
86,31931,36,23.11919403076172,False
86,35101,23,24.287973403930664,False
86,32338,7,30.876800537109375,False
86,22367,31,23.416452407836914,False
86,25390,71,15.562437057495117,False
86,8079,22,24.31882095336914,False
86,25388,73,15.505399703979492,False
86,35266,15,25.924274444580078,False
86,35111,6,31.04368019104004,False
86,34841,27,23.796194076538086,False
86,35107,41,22.412826538085938,False
86,37456,34,23.28985595703125,False
86,9507,11,29.600833892822266,False
86,11068,26,23.79835319519043,False
88,24959,35,11.33438777923584,False
89,17896,152,9.13715648651123,False
89,35722,8,14.780912399291992,False
89,17897,5,15.144421577453613,False
89,26736,138,9.645262718200684,False
89,33270,141,9.461729049682617,False
89,17898,11,14.694486618041992,False
89,36815,64,12.257034301757812,False
89,20922,52,12.706875801086426,False
89,32427,16,14.368508338928223,False
89,40851,162,8.808233261108398,False
89,16075,6,14.886941909790039,False
89,3150,47,12.847519874572754,False
89,41657,61,12.316816329956055,False
89,32030,10,14.770431518554688,False
89,32339,77,11.716897964477539,False
89,6647,89,11.21150016784668,False
89,41074,32,13.595244407653809,False
89,35984,111,10.64770221710205,False
89,12240,59,12.367331504821777,False
89,42102,104,10.871463775634766,False
89,32425,36,13.306507110595703,False
89,32426,21,13.953258514404297,False
89,33267,101,10.90439510345459,False
89,7487,130,10.036035537719727,False
89,28014,19,14.211833000183105,False
89,42452,120,10.35665512084961,False
89,11437,109,10.691390991210938,False
89,19925,160,8.852327346801758,False
89,28598,76,11.750100135803223,False
89,13538,105,10.813583374023438,False
89,7494,133,9.969583511352539,False
89,7489,164,8.804067611694336,False
89,11161,86,11.310661315917969,False
89,11162,92,11.162259101867676,False
89,35982,80,11.605916023254395,False
89,35723,14,14.395011901855469,False
89,24332,4,15.33006477355957,False
89,7493,136,9.839483261108398,False
89,24424,49,12.734241485595703,False
89,13839,70,12.070310592651367,False
89,11160,121,10.336634635925293,False
89,42103,13,14.452784538269043,False
89,13840,51,12.707049369812012,False
89,16305,67,12.11678695678711,False
89,16242,148,9.265665054321289,False
89,11159,93,11.155765533447266,False
89,15698,2,15.613216400146484,False
89,7491,116,10.478947639465332,False
89,24426,54,12.59421157836914,False
89,17424,78,11.653010368347168,False
89,5966,203,7.7725324630737305,False
89,28054,18,14.347704887390137,False
89,24334,106,10.75766372680664,False
89,24425,99,11.008583068847656,False
89,20917,1,18.193824768066406,False
89,30028,185,8.223104476928711,False
89,3152,40,13.140295028686523,False
89,3149,207,7.551987171173096,False
89,40004,72,11.975610733032227,False
89,39435,33,13.315507888793945,False
89,16531,100,10.938881874084473,False
89,16530,119,10.35665512084961,False
89,33275,45,12.955941200256348,False
89,40012,132,9.977215766906738,False
89,35241,7,14.864361763000488,False
89,37697,142,9.43246078491211,False
89,40057,71,11.986995697021484,False
89,28411,26,13.861923217773438,False
91,9785,4,16.323711395263672,False
91,42877,99,11.189231872558594,False
91,5397,130,10.86461353302002,False
91,5396,111,11.064596176147461,False
91,34305,22,12.89742374420166,False
91,39935,21,12.90199089050293,False
91,34400,41,12.015565872192383,False
91,7735,1,17.679777145385742,False
93,33137,179,8.332059860229492,False
93,22118,208,8.183600425720215,False
93,15279,296,7.755195140838623,False
93,19567,95,8.736074447631836,False
93,25092,272,7.894861698150635,False
93,39059,256,7.9359636306762695,False
93,28882,4,11.454684257507324,False
93,31280,309,7.657691955566406,False
93,32563,291,7.778529167175293,False
93,19964,320,7.5560102462768555,False
93,29748,223,8.129354476928711,False
93,32757,153,8.465019226074219,False
93,5327,20,9.487220764160156,False
93,27537,240,8.037843704223633,False
93,24884,78,8.815823554992676,False
93,24883,305,7.674654006958008,False
93,20952,254,7.962939262390137,False
93,33522,144,8.498555183410645,False
93,32616,5,11.121503829956055,False
93,24895,315,7.618363380432129,False
93,24896,356,7.292348861694336,False
93,8131,186,8.302614212036133,False
93,31356,363,7.231305122375488,False
93,4305,274,7.882218360900879,False
93,39118,264,7.919964790344238,False
93,39119,230,8.103190422058105,False
93,6492,151,8.468400955200195,False
93,17546,123,8.575653076171875,False
93,8133,39,9.152676582336426,False
93,15433,115,8.61805534362793,False
93,24194,318,7.561100006103516,False
93,29009,140,8.525819778442383,False
93,23880,34,9.17262077331543,False
93,31912,200,8.224996566772461,False
93,9189,160,8.456759452819824,False
93,9190,171,8.360695838928223,False
93,39114,303,7.67848539352417,False
93,39115,294,7.776985168457031,False
93,39116,189,8.292262077331543,False
93,39117,215,8.167074203491211,False
93,22006,117,8.608685493469238,False
93,8132,247,7.994241714477539,False
93,35658,146,8.490222930908203,False
93,24910,75,8.843098640441895,False
93,40351,282,7.83625602722168,False
93,31868,306,7.667451858520508,False
93,29694,250,7.983316898345947,False
93,6535,546,6.192316055297852,False
93,28693,384,7.042588233947754,False
93,32936,349,7.324535369873047,False
93,30675,166,8.438940048217773,False
93,7317,44,9.128186225891113,False
93,1152,102,8.69670295715332,False
93,32937,351,7.318004131317139,False
93,7737,17,9.620386123657227,False
93,3406,28,9.252934455871582,False
93,30669,41,9.149465560913086,False
93,24369,43,9.13012981414795,False
94,23290,8,23.102447509765625,False
94,23287,25,20.800180435180664,False
94,22202,1,30.147296905517578,False
94,10946,103,12.718714714050293,False
95,7516,680,7.808424949645996,False
95,5048,231,9.02082633972168,False
95,14588,373,8.481405258178711,False
95,13210,246,8.959056854248047,False
95,14092,166,9.235828399658203,False
95,26453,346,8.601738929748535,False
95,38829,347,8.595026969909668,False
95,22079,2,14.533905982971191,False
95,38332,971,7.448627471923828,False
95,26867,302,8.751299858093262,False
95,8332,834,7.609742164611816,False
95,42353,148,9.338968276977539,False
95,34306,17,11.484672546386719,False
95,24634,477,8.31196403503418,False
95,41286,662,7.836612701416016,False
95,13957,326,8.678521156311035,False
95,26448,108,9.65743637084961,False
95,31061,153,9.315675735473633,False
95,29375,211,9.082509994506836,False
95,39796,121,9.582273483276367,False
95,22043,733,7.731770038604736,False
95,26139,610,7.949563026428223,False
95,41094,309,8.729181289672852,False
95,24263,120,9.583745956420898,False
95,33501,403,8.388790130615234,False
95,31038,513,8.19635009765625,False
95,78,75,9.965420722961426,False
95,7868,262,8.913603782653809,False
95,14093,263,8.911269187927246,False
95,6449,119,9.583745956420898,False
95,36377,295,8.790761947631836,False
95,15802,171,9.213226318359375,False
95,24267,225,9.047368049621582,False
95,707,154,9.312389373779297,False
95,41703,43,10.378390312194824,False
95,31049,230,9.029417037963867,False
95,10354,117,9.610177993774414,False
95,37293,466,8.34225845336914,False
95,18786,941,7.495312690734863,False
95,18326,383,8.450077056884766,False
95,11278,210,9.083005905151367,False
95,31052,213,9.079614639282227,False
95,15840,243,8.970052719116211,False
95,11354,298,8.765939712524414,False
95,16693,131,9.483052253723145,False
95,5958,311,8.719003677368164,False
95,28796,10,13.00131893157959,False
95,370,79,9.953849792480469,False
95,39778,59,10.148826599121094,False
96,36667,5,11.990697860717773,False
96,32787,822,6.108460426330566,False
96,11306,381,7.204448699951172,False
96,18198,582,6.719867706298828,False
96,20924,5224,3.4834389686584473,False
96,42625,184,7.862947940826416,False
96,19347,20,10.515217781066895,False
96,7654,3,12.087987899780273,False
96,19348,22,10.221711158752441,False
96,40086,395,7.169464111328125,False
96,31176,387,7.1853837966918945,False
96,5111,298,7.431562423706055,False
96,3763,18,10.612286567687988,False
96,5110,6,11.937358856201172,False
96,17809,8,11.481657981872559,False
96,24457,495,6.955526351928711,False
96,27746,105,8.287251472473145,False
96,41016,480,6.974959373474121,False
96,40084,24,10.131336212158203,False
96,19350,155,7.986110687255859,False
96,7876,4859,3.583493709564209,False
96,7878,4880,3.576545476913452,False
96,7877,4860,3.583493709564209,False
96,23341,217,7.669340133666992,False
96,19344,15,10.706781387329102,False
96,39351,120,8.167590141296387,False
96,23343,505,6.925564765930176,False
96,19340,14,10.746111869812012,False
96,40089,340,7.302574634552002,False
96,17359,5547,3.4123613834381104,False
96,32051,450,7.030971050262451,False
96,36012,52,9.077779769897461,False
96,19591,5038,3.531940221786499,False
96,31479,27,10.041864395141602,False
96,23339,210,7.694548606872559,False
96,40087,351,7.2732133865356445,False
96,19341,1,12.46018123626709,False
96,40085,482,6.973319053649902,False
96,16883,71,8.686301231384277,False
96,15619,45,9.28249454498291,False
96,16884,38,9.346729278564453,False
96,15622,195,7.803666114807129,False
96,19333,214,7.685465335845947,False
96,19346,9,11.477371215820312,False
96,15620,54,9.016352653503418,False
96,19335,19,10.547676086425781,False
96,23340,216,7.669340133666992,False
96,41015,445,7.045402526855469,False
96,14252,5292,3.468923807144165,False
96,11487,657,6.482309818267822,False
96,19345,116,8.203317642211914,False
96,7925,21,10.352359771728516,False
96,27347,17,10.64336109161377,False
96,19338,160,7.969069480895996,False
96,32430,412,7.132466793060303,False
96,23342,218,7.669340133666992,False
96,19336,206,7.71926736831665,False
96,14251,5825,3.363105297088623,False
96,38139,274,7.497498512268066,False
96,19337,4,12.002253532409668,False
96,38734,570,6.754964828491211,False
96,19342,389,7.181552886962891,False
96,19343,334,7.3111348152160645,False
96,40088,103,8.288982391357422,False
96,28082,168,7.9332404136657715,False
96,9655,863,6.043088436126709,False
96,19334,192,7.814275741577148,False
96,33415,5579,3.4044883251190186,False
96,28084,162,7.956603050231934,False
96,7879,4844,3.5881412029266357,False
96,32433,5948,3.3455140590667725,False
96,33313,5511,3.420271158218384,False
96,19339,173,7.899077415466309,False
96,19352,10,11.374587059020996,False
96,30273,604,6.648821830749512,False
97,40678,1,19.06528091430664,False
100,17696,622,7.940284729003906,False
100,14834,1,16.411897659301758,False
100,3099,298,8.884713172912598,False
100,42955,53,11.253674507141113,False
100,25996,337,8.788829803466797,False
100,42880,901,7.287846565246582,False
100,17735,555,8.121091842651367,False
100,40521,3,15.403135299682617,False
100,8828,358,8.729402542114258,False
100,29072,67,10.453612327575684,False
100,41709,482,8.314071655273438,False
100,36219,407,8.573053359985352,False
100,39913,967,7.025158882141113,False
100,39914,816,7.508574485778809,False
100,1959,452,8.431940078735352,False
100,8859,532,8.172064781188965,False
100,31921,425,8.513692855834961,False
100,6931,143,9.499785423278809,False
100,16968,221,9.164268493652344,False
100,10700,433,8.496025085449219,False
100,18313,803,7.534572124481201,False
100,7302,252,9.06879997253418,False
100,5051,227,9.149694442749023,False
100,17715,37,12.085630416870117,False
100,33363,210,9.201452255249023,False
100,4734,899,7.2934722900390625,False
100,5030,599,8.002171516418457,False
100,9356,196,9.262778282165527,False
100,41707,806,7.529311656951904,False
100,13709,747,7.677774906158447,False
100,25558,188,9.287748336791992,False
100,28108,478,8.31786060333252,False
100,10773,1074,6.62174129486084,False
100,1569,166,9.399548530578613,False
100,40582,70,10.34939956665039,False
100,7310,916,7.204445838928223,False
100,39595,389,8.617646217346191,False
100,9404,460,8.40025806427002,False
100,8738,43,11.722806930541992,False
100,17707,461,8.398283958435059,False
100,42532,334,8.792133331298828,False
100,26009,311,8.851781845092773,False
100,20604,46,11.560544967651367,False
100,34218,583,8.042155265808105,False
100,5027,322,8.816702842712402,False
100,26335,673,7.8357319831848145,False
100,26816,778,7.595309257507324,False
100,24030,116,9.65976619720459,False
100,6930,359,8.728334426879883,False
100,33515,101,9.768355369567871,False
100,24129,791,7.551821231842041,False
100,39908,723,7.719942092895508,False
100,4793,192,9.279409408569336,False
100,36376,1027,6.828608512878418,False
100,31685,420,8.52755069732666,False
100,41715,242,9.097200393676758,False
100,7388,561,8.096728324890137,False
100,33376,8,14.43140697479248,False
100,8829,357,8.737491607666016,False
100,7309,49,11.42904281616211,False
100,13650,484,8.305866241455078,False
100,1290,654,7.886692047119141,False
100,1943,588,8.032032012939453,False
100,41708,316,8.83814525604248,False
100,6852,374,8.666082382202148,False
100,8913,259,9.047422409057617,False
100,27044,506,8.23716926574707,False
100,11504,266,9.012638092041016,False
100,3081,45,11.606178283691406,False
100,6950,346,8.772167205810547,False
100,31422,103,9.747313499450684,False
100,5275,445,8.458311080932617,False
100,5685,1076,6.6180219650268555,False
100,5949,215,9.182916641235352,False
100,41966,533,8.172064781188965,False
100,23987,222,9.158323287963867,False
100,33535,14,13.437873840332031,False
100,8821,296,8.910967826843262,False
100,33511,176,9.340153694152832,False
100,25999,544,8.154221534729004,False
100,17695,625,7.936988830566406,False
100,32280,507,8.237055778503418,False
100,39312,377,8.663419723510742,False
100,40328,647,7.897439956665039,False
100,19804,108,9.708422660827637,False
100,19830,309,8.851837158203125,False
100,10353,234,9.12685489654541,False
100,32200,285,8.948368072509766,False
100,5693,667,7.858371734619141,False
100,13652,754,7.6570892333984375,False
100,32405,342,8.78145980834961,False
100,31430,5,14.785399436950684,False
100,24126,455,8.41831111907959,False
100,18317,486,8.301980018615723,False
100,30783,258,9.047919273376465,False
100,42948,494,8.285127639770508,False
100,32408,181,9.321259498596191,False
100,8117,505,8.25008487701416,False
100,5694,663,7.867788314819336,False
100,41764,324,8.814889907836914,False
100,18355,39,12.05789566040039,False
100,4799,173,9.355020523071289,False
100,5689,743,7.683893203735352,False
100,17748,464,8.38884449005127,False
100,13645,890,7.306831359863281,False
100,33503,292,8.930968284606934,False
100,39314,1000,6.916288375854492,False
100,13827,171,9.366955757141113,False
100,25991,508,8.234979629516602,False
100,2621,370,8.683944702148438,False
100,27660,318,8.83586311340332,False
100,24049,736,7.693309783935547,False
100,42953,414,8.553969383239746,False
100,2566,1014,6.858199119567871,False
100,24960,487,8.295448303222656,False
100,22285,711,7.747213840484619,False
100,42954,463,8.391748428344727,False
100,20605,47,11.560544967651367,False
100,1533,204,9.229666709899902,False
100,32223,686,7.820945739746094,False
100,4788,785,7.56915283203125,False
100,13161,132,9.554162979125977,False
100,13712,597,8.005650520324707,False
100,42949,212,9.199609756469727,False
100,42950,406,8.576584815979004,False
100,17712,308,8.861103057861328,False
100,25415,125,9.598123550415039,False
100,18053,1006,6.887624740600586,False
100,17714,219,9.174551963806152,False
100,18375,497,8.264196395874023,False
100,22073,254,9.05517864227295,False
100,18320,327,8.80276107788086,False
100,41201,20,13.068327903747559,False
100,8825,274,8.980384826660156,False
100,4337,24,12.5740327835083,False
100,17698,1123,6.392786026000977,False
100,5684,627,7.9343767166137695,False
100,32411,170,9.378365516662598,False
100,25557,261,9.03060245513916,False
100,5274,611,7.973505973815918,False
100,1284,184,9.30759048461914,False
100,18070,740,7.690098762512207,False
100,18676,991,6.944057941436768,False
100,32245,77,10.19364070892334,False
100,13832,297,8.904638290405273,False
100,5016,270,8.993370056152344,False
100,13,652,7.891857147216797,False
100,6929,193,9.279409408569336,False
100,37936,18,13.150425910949707,False
100,5004,299,8.880474090576172,False
100,18054,1159,6.198668479919434,False
100,8869,689,7.814525127410889,False
100,827,168,9.389036178588867,False
100,2664,1025,6.836064338684082,False
100,17697,651,7.892611503601074,False
100,5067,1472,5.221574783325195,False
100,36839,367,8.699281692504883,False
100,9276,336,8.790882110595703,False
100,40405,604,7.9853596687316895,False
100,36367,229,9.144086837768555,False
100,13829,243,9.088102340698242,False
100,7908,519,8.208439826965332,False
100,25559,200,9.254485130310059,False
100,39508,33,12.369956970214844,False
100,2616,749,7.670572280883789,False
100,18669,973,7.004498481750488,False
100,25354,387,8.625894546508789,False
100,11071,401,8.590415954589844,False
100,17701,1234,5.8227715492248535,False
100,10378,144,9.49536418914795,False
100,8689,127,9.585737228393555,False
100,36241,95,9.81290340423584,False
100,5060,126,9.589033126831055,False
100,29453,590,8.027134895324707,False
100,1289,660,7.877227783203125,False
100,2564,177,9.339020729064941,False
100,40440,54,11.206428527832031,False
100,7414,392,8.609859466552734,False
100,25715,476,8.320055961608887,False
100,39503,939,7.111200332641602,False
100,17752,458,8.409838676452637,False
100,11291,435,8.489972114562988,False
100,32359,1243,5.790474891662598,False
100,18090,567,8.085325241088867,False
100,34304,228,9.144498825073242,False
100,33366,1327,5.459325790405273,False
100,5952,161,9.418839454650879,False
100,13720,1013,6.8678083419799805,False
100,16575,332,8.795952796936035,False
100,26800,987,6.965503215789795,False
100,33365,861,7.399191379547119,False
100,37669,601,7.996805191040039,False
100,9884,312,8.850189208984375,False
100,32232,438,8.480607986450195,False
100,1907,123,9.616132736206055,False
100,40373,15,13.398176193237305,False
100,4335,25,12.542068481445312,False
100,28516,691,7.807736396789551,False
100,41209,678,7.832269191741943,False
100,7268,448,8.449953079223633,False
100,26336,338,8.78545093536377,False
100,41734,606,7.984136581420898,False
100,5925,50,11.403054237365723,False
100,32412,137,9.52423095703125,False
100,29090,110,9.702754974365234,False
100,9392,908,7.260242462158203,False
100,1069,271,8.99029541015625,False
100,36287,419,8.528169631958008,False
100,1010,607,7.9826765060424805,False
100,17706,704,7.765508651733398,False
100,8370,418,8.531368255615234,False
101,1860,19,12.105772018432617,False
101,32892,1833,6.563852310180664,False
101,32907,224,9.540404319763184,False
101,26500,417,8.859992027282715,False
102,9805,9,10.057408332824707,False
102,11808,52,6.00823450088501,False
102,7456,14,9.761065483093262,False
102,8583,49,6.364124774932861,False
102,13576,33,8.618337631225586,False
102,12154,59,4.922110080718994,False
102,13450,10,9.984841346740723,False
102,12167,34,8.562646865844727,False
102,19444,17,9.432060241699219,False
102,12158,3,10.312948226928711,False
102,12157,27,9.049978256225586,False
102,12151,19,9.314196586608887,False
102,12139,58,5.165131568908691,False
102,12164,30,8.828886032104492,False
102,6732,42,7.5754570960998535,False
102,13596,39,8.166848182678223,False
102,13595,8,10.172205924987793,False
102,3239,41,7.8522820472717285,False
102,12166,25,9.142823219299316,False
102,20553,6,10.198301315307617,False
102,20554,7,10.198301315307617,False
102,2207,5,10.212430000305176,False
102,3246,18,9.41716480255127,False
102,3244,26,9.128827095031738,False
102,37491,36,8.53507137298584,False
102,19933,47,6.394836902618408,False
102,13492,38,8.355672836303711,False
102,3243,20,9.292425155639648,False
102,12161,21,9.277966499328613,False
102,2777,12,9.796201705932617,False
102,12160,46,6.478205680847168,False
102,3247,51,6.00823450088501,False
102,34307,34313,0.0,True
102,34731,34736,0.0,True
102,13575,53,5.990127086639404,False
102,3267,57,5.324240207672119,False
102,3245,48,6.364124774932861,False
102,3242,56,5.425980567932129,False
102,6740,54,5.87504243850708,False
102,6739,55,5.649607181549072,False
102,37667,13,9.7850923538208,False
102,13050,1,11.562814712524414,False
102,35002,35,8.537233352661133,False
102,3248,16,9.470394134521484,False
102,12142,22,9.24201774597168,False
102,34730,2,10.868573188781738,False
102,31126,29,9.008960723876953,False
102,17391,4,10.225565910339355,False
102,10988,40,7.940396308898926,False
102,3264,24,9.185907363891602,False
102,28007,32,8.743788719177246,False
102,3251,31,8.789841651916504,False
102,13594,50,6.100435733795166,False
102,3400,15,9.641302108764648,False
102,13948,28,9.008960723876953,False
102,13554,23,9.196533203125,False
102,36735,37,8.44653606414795,False
103,20187,84,22.69287872314453,False
103,20188,96,22.647972106933594,False
103,22791,193,21.564624786376953,False
103,22789,192,21.564624786376953,False
103,22793,195,21.54332733154297,False
103,31308,112,22.52385711669922,False
103,10888,322,19.13772201538086,False
103,10889,286,20.78547477722168,False
103,10890,280,20.831504821777344,False
103,10891,265,20.947484970092773,False
103,10897,266,20.947484970092773,False
103,10899,222,21.264995574951172,False
103,10905,254,20.99424934387207,False
103,10906,274,20.87773895263672,False
103,10928,284,20.80846405029297,False
103,10902,287,20.78547477722168,False
103,22792,214,21.332740783691406,False
103,15690,289,20.5956974029541,False
103,10870,225,21.241771697998047,False
103,20195,62,22.77389144897461,False
103,20199,66,22.77389144897461,False
103,39423,199,21.54281234741211,False
103,20156,134,22.39354705810547,False
103,6877,306,19.951824188232422,False
103,37886,338,18.221721649169922,False
103,10894,242,21.088415145874023,False
103,37239,181,21.861806869506836,False
103,6036,57,22.8150691986084,False
103,31265,245,21.080665588378906,False
103,20155,135,22.368295669555664,False
103,10903,250,21.04122543334961,False
103,25368,208,21.45355224609375,False
103,26396,36,23.199390411376953,False
103,31158,340,17.889719009399414,False
103,10266,175,21.966768264770508,False
103,14464,238,21.149402618408203,False
103,10874,234,21.17241668701172,False
103,10877,237,21.149402618408203,False
103,34558,305,20.09593963623047,False
103,10914,320,19.289243698120117,False
103,20178,183,21.85049057006836,False
103,20179,263,20.959270477294922,False
103,7806,100,22.62710952758789,False
103,20149,138,22.36724090576172,False
103,20173,9,24.18758773803711,False
103,20174,4,24.2546443939209,False
103,16248,47,22.915929794311523,False
103,10878,188,21.708820343017578,False
103,23441,288,20.61211395263672,False
103,20161,146,22.343101501464844,False
103,40844,37,23.152374267578125,False
103,40618,72,22.752416610717773,False
103,20829,198,21.54281234741211,False
103,20194,82,22.69938850402832,False
103,31224,283,20.82391357421875,False
103,20193,53,22.848896026611328,False
103,10909,246,21.06479263305664,False
103,10925,277,20.87773895263672,False
103,10926,253,21.017709732055664,False
103,13691,58,22.809127807617188,False
103,12722,12,23.902450561523438,False
103,30990,31,23.328948974609375,False
103,10887,264,20.947484970092773,False
103,11080,194,21.548168182373047,False
103,7812,107,22.579635620117188,False
103,7810,153,22.2529296875,False
103,21382,45,22.983997344970703,False
103,20135,35,23.199661254882812,False
103,16251,50,22.88794708251953,False
103,14042,296,20.299564361572266,False
103,20843,22,23.5162353515625,False
103,31310,185,21.788070678710938,False
103,31311,168,22.104917526245117,False
103,20158,137,22.368295669555664,False
103,34341,346,17.22930145263672,False
103,20838,295,20.33633041381836,False
103,20839,304,20.162151336669922,False
103,32015,174,21.96875,False
103,32016,156,22.24032974243164,False
103,20164,18,23.600318908691406,False
103,10911,255,20.99424934387207,False
103,10913,269,20.924184799194336,False
103,10929,285,20.80846405029297,False
103,14762,262,20.970842361450195,False
103,20165,21,23.54064178466797,False
103,20162,56,22.819061279296875,False
103,20157,136,22.368295669555664,False
103,7835,165,22.157621383666992,False
103,20208,42,23.01144027709961,False
103,20209,44,22.99273681640625,False
103,7838,121,22.464431762695312,False
103,20144,32,23.295791625976562,False
103,9271,221,21.264995574951172,False
103,20825,196,21.54281234741211,False
103,20140,180,21.875503540039062,False
103,20836,298,20.248857498168945,False
103,20837,299,20.248857498168945,False
103,20134,23,23.505157470703125,False
103,20159,144,22.343101501464844,False
103,20831,206,21.46516227722168,False
103,20183,69,22.77236557006836,False
103,37368,130,22.43071174621582,False
103,20148,17,23.624197006225586,False
103,16491,106,22.585535049438477,False
103,16492,97,22.647464752197266,False
103,20844,26,23.473909378051758,False
103,20834,201,21.51686668395996,False
103,10868,229,21.21860122680664,False
103,20153,127,22.444231033325195,False
103,16490,220,21.26785659790039,False
103,11138,290,20.4613037109375,False
103,14764,160,22.201915740966797,False
103,10895,325,19.038114547729492,False
103,10896,230,21.21860122680664,False
103,10898,240,21.112092971801758,False
103,10901,268,20.924184799194336,False
103,10917,236,21.15960693359375,False
103,10921,244,21.088415145874023,False
103,20139,189,21.708356857299805,False
103,10923,281,20.831504821777344,False
103,40204,11,23.944908142089844,False
103,13692,109,22.549610137939453,False
103,10892,278,20.854595184326172,False
103,7825,128,22.436185836791992,False
103,7830,149,22.296018600463867,False
103,7837,167,22.130151748657227,False
103,20146,13,23.826501846313477,False
103,15084,159,22.208824157714844,False
103,15085,163,22.165882110595703,False
103,20137,176,21.956279754638672,False
103,20182,15,23.723007202148438,False
103,20835,202,21.490982055664062,False
103,16489,217,21.301755905151367,False
103,34344,344,17.281131744384766,False
103,31651,342,17.689167022705078,False
103,7826,154,22.240449905395508,False
103,7836,129,22.436185836791992,False
103,14041,291,20.40276336669922,False
103,6829,8,24.19518280029297,False
103,7815,95,22.650920867919922,False
103,20136,187,21.732070922851562,False
103,9574,314,19.623525619506836,False
103,7809,94,22.650920867919922,False
103,10875,126,22.444944381713867,False
103,5540,34,23.21849822998047,False
103,29807,155,22.240449905395508,False
103,7808,101,22.62710952758789,False
103,20828,213,21.336997985839844,False
103,30992,166,22.13498306274414,False
103,7791,33,23.262744903564453,False
103,16493,68,22.772418975830078,False
103,20152,143,22.343101501464844,False
103,10918,243,21.088415145874023,False
103,7818,111,22.532363891601562,False
103,7816,59,22.794885635375977,False
103,36887,235,21.16494369506836,False
103,36888,172,22.073287963867188,False
103,20824,204,21.46516227722168,False
103,7794,51,22.867570877075195,False
103,7824,140,22.351871490478516,False
103,7831,141,22.351871490478516,False
103,39876,327,18.957082748413086,False
103,10916,261,20.970842361450195,False
103,10907,260,20.970842361450195,False
103,10904,323,19.112714767456055,False
103,20142,184,21.797836303710938,False
103,11139,99,22.63372802734375,False
103,34436,20,23.542970657348633,False
103,7813,86,22.674785614013672,False
103,7795,78,22.72266960144043,False
103,30991,177,21.93072509765625,False
103,10871,232,21.195484161376953,False
103,7796,110,22.532363891601562,False
103,20151,119,22.469661712646484,False
103,10908,241,21.112092971801758,False
103,25364,218,21.28461265563965,False
103,20138,178,21.929704666137695,False
103,10927,256,20.99424934387207,False
103,20207,38,23.057777404785156,False
103,20180,259,20.976545333862305,False
103,20143,29,23.40302085876465,False
103,20832,316,19.470367431640625,False
103,16249,81,22.721500396728516,False
103,13693,292,20.397445678710938,False
103,14763,267,20.937105178833008,False
103,14766,210,21.43905258178711,False
103,7798,116,22.48529624938965,False
103,7799,117,22.48529624938965,False
103,7804,92,22.650920867919922,False
103,7805,105,22.603343963623047,False
103,7800,79,22.72266960144043,False
103,7803,150,22.27594566345215,False
103,20176,6,24.2546443939209,False
103,20826,197,21.54281234741211,False
103,3211,27,23.427776336669922,False
103,5543,1,24.438451766967773,False
103,5544,39,23.041027069091797,False
103,38811,231,21.207340240478516,False
103,20166,46,22.926666259765625,False
103,18404,14,23.804168701171875,False
103,20169,123,22.461835861206055,False
103,13694,122,22.464431762695312,False
103,20160,145,22.343101501464844,False
103,20172,7,24.19873809814453,False
103,10912,275,20.87773895263672,False
103,10915,247,21.06479263305664,False
103,10924,276,20.87773895263672,False
103,37018,294,20.365219116210938,False
103,10900,239,21.135822296142578,False
103,10876,83,22.69408416748047,False
103,25369,209,21.45355224609375,False
103,34589,300,20.237974166870117,False
103,10893,251,21.017709732055664,False
103,7817,115,22.508804321289062,False
103,7793,49,22.891902923583984,False
103,11682,24,23.487041473388672,False
103,7814,114,22.508804321289062,False
103,20150,152,22.26449966430664,False
103,9375,80,22.721952438354492,False
103,9376,104,22.60676383972168,False
103,20154,131,22.418855667114258,False
103,20171,3,24.2546443939209,False
103,20175,5,24.2546443939209,False
103,20163,54,22.843290328979492,False
103,10769,303,20.180917739868164,False
103,23442,270,20.922060012817383,False
103,20141,191,21.63753890991211,False
103,13690,113,22.521146774291992,False
103,10869,224,21.241771697998047,False
103,12723,139,22.361223220825195,False
104,2502,120,8.870798110961914,False
104,37688,1220,0.33472713828086853,False
104,35093,130,8.51889419555664,False
104,28121,119,8.899493217468262,False
104,26444,394,5.78910493850708,False
104,11396,5,22.685771942138672,False
104,6256,41,14.26649284362793,False
104,6262,7,20.466230392456055,False
104,36424,16,17.963115692138672,False
104,15700,4,22.860862731933594,False
104,1671,29,15.336429595947266,False
104,18755,9,18.73029899597168,False
105,30396,33,12.701822280883789,False
105,1228,24,14.573628425598145,False
105,10285,6,18.745647430419922,False
105,10284,4,18.9604434967041,False
105,1227,42,11.897875785827637,False
105,40883,50,10.257698059082031,False
105,39419,15,16.82018280029297,False
105,39416,12,17.042957305908203,False
105,12710,94,8.970507621765137,False
105,27420,8,18.187393188476562,False
105,37385,37,12.457263946533203,False
105,37046,119,7.84210205078125,False
105,8633,99,8.701568603515625,False
105,12689,229,6.328810691833496,False
105,12712,70,9.404921531677246,False
105,27860,97,8.838342666625977,False
105,26228,13,16.873859405517578,False
105,11432,19,15.140812873840332,False
105,37384,66,9.441591262817383,False
105,14191,9,18.11282730102539,False
105,37388,27,13.775014877319336,False
105,24375,168,7.235940933227539,False
105,28362,1,19.956768035888672,False
105,28361,2,19.737876892089844,False
105,22436,45,10.881744384765625,False
105,652,3,19.206878662109375,False
105,6088,10,17.837417602539062,False
105,28995,20,15.10356330871582,False
105,12707,224,6.411331653594971,False
105,12711,52,10.0904541015625,False
105,6149,14,16.83377456665039,False
105,22432,35,12.53403091430664,False
105,3949,69,9.412555694580078,False
105,12685,152,7.431171417236328,False
105,30828,161,7.317459583282471,False
105,35254,32,12.762153625488281,False
105,37957,218,6.509149074554443,False
105,7005,25,14.41110897064209,False
105,26255,5,18.95575523376465,False
105,22430,22,15.047528266906738,False
105,21950,7,18.389217376708984,False
105,12696,147,7.521724700927734,False
105,37387,26,13.856267929077148,False
105,39465,18,15.993230819702148,False
105,34014,186,6.979460716247559,False
105,36885,74,9.196081161499023,False
105,16837,126,7.775047779083252,False
105,23077,16,16.25710678100586,False
105,37961,11,17.076845169067383,False
105,11429,257,5.691457271575928,False
105,31313,40,12.304553985595703,False
105,7096,239,6.062115669250488,False
105,13255,214,6.584494113922119,False
105,2224,17,16.010372161865234,False
105,34013,165,7.27626895904541,False
105,22429,21,15.054901123046875,False
105,12704,107,8.29405403137207,False
105,12705,23,14.615217208862305,False
105,12697,211,6.6099982261657715,False
105,12698,217,6.567600250244141,False
105,12690,93,8.979665756225586,False
105,12706,96,8.850064277648926,False
106,25219,13,14.872154235839844,False
106,4573,7,15.87021255493164,False
106,34573,31,12.229486465454102,False
106,38410,27,12.858938217163086,False
106,15949,35,11.570066452026367,False
106,34559,4,16.113658905029297,False
106,6055,2,16.33174705505371,False
106,31822,1,16.51352310180664,False
106,2030,18,14.176712036132812,False
106,13953,5,16.003358840942383,False
106,8061,9,15.453190803527832,False
106,8062,23,12.996088027954102,False
106,11087,2050,2.911477565765381,False
106,1218,37,11.506391525268555,False
106,16540,38,11.457408905029297,False
106,20339,12,15.147087097167969,False
106,20340,20,13.095720291137695,False
106,20323,32,12.159134864807129,False
106,10949,6,15.891439437866211,False
106,7696,11664,0.0,True
106,20324,28,12.409097671508789,False
106,20325,30,12.364628791809082,False
106,20337,22,13.02083969116211,False
106,20338,25,12.971439361572266,False
106,20342,26,12.946891784667969,False
106,20343,24,12.996088027954102,False
106,31823,11,15.283111572265625,False
106,4575,10,15.428630828857422,False
106,17575,16,14.565155029296875,False
106,17576,17,14.451066970825195,False
106,5502,3,16.122230529785156,False
106,17580,19,14.089372634887695,False
106,1219,44,10.60594654083252,False
106,18543,8,15.53071403503418,False
106,387,1343,3.260887384414673,False
106,1908,538,3.6901051998138428,False
107,11242,849,5.041240215301514,False
107,2807,42,9.616799354553223,False
107,8492,133,8.290752410888672,False
107,11252,693,5.218693733215332,False
107,15270,226,7.35352897644043,False
107,11251,652,5.254388332366943,False
107,8717,1284,4.72780704498291,False
107,40268,155,8.138059616088867,False
107,24851,99,8.563955307006836,False
107,32938,1387,4.676770210266113,False
107,11070,213,7.572885990142822,False
107,3509,205,7.6620025634765625,False
107,35029,775,5.123952865600586,False
107,31370,1456,4.634446620941162,False
107,37070,1668,4.511995792388916,False
107,20484,1815,4.437417984008789,False
107,6286,98,8.564556121826172,False
107,42059,112,8.456791877746582,False
107,28876,664,5.244801998138428,False
107,2817,180,7.838558673858643,False
107,2818,148,8.219040870666504,False
107,33044,776,5.123371601104736,False
107,12102,170,8.007499694824219,False
107,15433,136,8.280430793762207,False
107,20928,53,9.350761413574219,False
107,19550,18,10.771610260009766,False
107,22561,223,7.381113052368164,False
107,17891,1781,4.451430797576904,False
107,19264,1903,4.39248514175415,False
107,3732,12,11.241804122924805,False
107,28844,5,12.026780128479004,False
107,8463,138,8.267660140991211,False
107,28845,7,11.799728393554688,False
107,28875,189,7.758352279663086,False
107,35562,1335,4.705975532531738,False
107,15259,13,11.240852355957031,False
107,15431,126,8.369853973388672,False
107,30669,2504,4.009400844573975,False
107,36357,105,8.507942199707031,False
107,15551,127,8.363298416137695,False
107,22311,1639,4.530127048492432,False
107,7585,90,8.638351440429688,False
107,9793,17631,0.948329508304596,False
108,3921,75,12.24692153930664,False
108,3927,65,15.730679512023926,False
108,3937,96,7.321722507476807,False
108,3926,68,14.982312202453613,False
108,3930,100,6.805250644683838,False
108,3919,82,9.966546058654785,False
108,3024,81,10.448293685913086,False
108,3017,17,20.532630920410156,False
108,3027,93,7.854669570922852,False
108,3888,91,8.352164268493652,False
108,3035,6,22.800806045532227,False
108,3887,61,16.520353317260742,False
108,3935,86,9.132942199707031,False
108,3929,84,9.357453346252441,False
108,3933,92,7.87026309967041,False
108,3932,94,7.831150054931641,False
108,3917,30,18.90437889099121,False
108,3897,51,17.992189407348633,False
108,3042,2,23.503780364990234,False
108,3911,38,18.289840698242188,False
108,3031,7,22.738414764404297,False
108,3936,71,13.654972076416016,False
108,3915,62,16.48597526550293,False
108,3931,74,12.96663761138916,False
108,3890,72,13.560792922973633,False
108,3021,14,21.47077178955078,False
108,3052,42,18.165996551513672,False
108,29036,13,21.967214584350586,False
108,3020,4,23.062150955200195,False
108,3910,43,18.163898468017578,False
108,3903,32,18.70829200744629,False
108,3019,26,19.057153701782227,False
108,3023,66,15.698351860046387,False
108,3900,35,18.502845764160156,False
108,3899,21,19.541582107543945,False
108,3046,31,18.725929260253906,False
108,3047,34,18.621578216552734,False
108,3894,57,16.773765563964844,False
108,3913,77,11.881940841674805,False
108,3025,37,18.30696678161621,False
108,3030,10,22.158445358276367,False
108,3048,24,19.311656951904297,False
108,3049,44,18.156593322753906,False
108,3050,36,18.48436164855957,False
108,3051,46,18.117919921875,False
108,3907,23,19.36300277709961,False
108,3026,45,18.129261016845703,False
108,3916,1,23.507247924804688,False
108,3895,70,13.672372817993164,False
108,3018,9,22.31285858154297,False
108,3038,5,22.879920959472656,False
108,3033,12,22.056638717651367,False
108,3040,8,22.492300033569336,False
108,3909,27,19.052026748657227,False
108,3886,76,12.219974517822266,False
108,3912,67,15.140681266784668,False
108,3898,39,18.288490295410156,False
108,3892,59,16.655803680419922,False
108,3889,69,14.40878677368164,False
108,3044,56,17.138872146606445,False
108,3920,3,23.42278289794922,False
108,3918,50,17.99329376220703,False
108,3028,49,17.9996337890625,False
108,3034,41,18.198684692382812,False
108,3891,89,8.590373039245605,False
108,3029,19,20.39019203186035,False
108,3036,22,19.41451072692871,False
108,3037,79,11.415096282958984,False
108,3041,18,20.46515464782715,False
108,3032,55,17.35409927368164,False
108,3039,16,20.59001922607422,False
108,13911,83,9.873019218444824,False
108,3896,90,8.564020156860352,False
108,3043,64,16.001314163208008,False
108,3016,78,11.507329940795898,False
108,3045,11,22.105344772338867,False
108,3934,99,6.85459041595459,False
108,3925,63,16.067665100097656,False
108,3902,73,13.238895416259766,False
108,3022,53,17.500904083251953,False
108,3914,80,10.776906967163086,False
109,23753,94,11.272674560546875,False
109,26926,16,18.028745651245117,False
109,26933,56,11.998995780944824,False
109,26138,118,10.81570053100586,False
109,26913,111,10.958110809326172,False
109,26927,22,17.45520782470703,False
109,26128,20,17.709644317626953,False
109,26124,30,16.196950912475586,False
109,26121,10,18.41269302368164,False
109,26922,6,18.917705535888672,False
109,26934,25,16.956253051757812,False
109,26137,28,16.625308990478516,False
109,26133,8,18.51542091369629,False
109,26930,26,16.885887145996094,False
109,26135,7,18.645591735839844,False
109,26928,14,18.12508773803711,False
109,26931,11,18.28166961669922,False
109,26937,24,17.09095001220703,False
109,26132,2,21.0621280670166,False
109,26914,5,19.10297393798828,False
109,26125,23,17.354766845703125,False
109,26936,9,18.48175621032715,False
109,26134,17,17.963848114013672,False
109,26129,3,20.916399002075195,False
109,26136,19,17.783578872680664,False
109,26923,18,17.952503204345703,False
109,26127,1,22.110233306884766,False
109,26929,27,16.873262405395508,False
109,26938,13,18.183448791503906,False
109,26122,21,17.642826080322266,False
109,26935,15,18.105724334716797,False
109,26919,12,18.18505859375,False
109,26916,35,13.058319091796875,False
109,26119,4,19.13761329650879,False
109,26126,31,15.450916290283203,False
109,26120,29,16.580989837646484,False
109,26123,32,14.422343254089355,False
109,26921,34,13.255777359008789,False
109,26925,80,11.56721305847168,False
111,6604,65,5.804930210113525,False
111,6599,31,8.054790496826172,False
111,10183,34,7.8299970626831055,False
111,6598,30,8.054790496826172,False
111,10147,55,6.380101680755615,False
111,10187,46,6.993523597717285,False
111,6587,2,10.453079223632812,False
111,10145,49,6.811604022979736,False
111,10138,23,8.545461654663086,False
111,32776,22,8.658486366271973,False
111,10129,57,6.298257827758789,False
111,10130,39,7.38815975189209,False
111,6606,38,7.444168567657471,False
111,10155,15,9.171652793884277,False
111,10208,20,9.016239166259766,False
111,10196,12,9.315607070922852,False
111,10197,14,9.249794960021973,False
111,10195,51,6.583273887634277,False
111,10109,64,5.83078145980835,False
111,10107,69,5.550631046295166,False
111,10108,66,5.720389366149902,False
111,10110,62,6.009190082550049,False
111,10146,58,6.150329113006592,False
111,10118,9,9.469281196594238,False
111,10153,56,6.318521499633789,False
111,6590,59,6.121573448181152,False
111,10142,63,5.900858402252197,False
111,10198,11,9.337753295898438,False
111,10131,50,6.788061618804932,False
111,6589,53,6.550338268280029,False
111,10170,54,6.517729759216309,False
111,6605,37,7.506508827209473,False
111,10193,21,8.772228240966797,False
111,10172,36,7.617408275604248,False
111,10207,44,7.211812973022461,False
111,10216,48,6.907434463500977,False
111,10150,70,5.503964424133301,False
111,10180,1,10.963680267333984,False
111,10097,28,8.104650497436523,False
111,10176,25,8.43535041809082,False
111,10175,18,9.099790573120117,False
111,10136,7,9.518786430358887,False
111,10185,24,8.545461654663086,False
111,10126,4,10.235172271728516,False
111,10128,5,9.949970245361328,False
111,10156,41,7.374288558959961,False
111,10157,45,7.172306060791016,False
111,10166,13,9.249794960021973,False
111,10165,17,9.120922088623047,False
111,10168,16,9.16347885131836,False
111,10167,19,9.016239166259766,False
111,10190,43,7.211812973022461,False
111,10127,8,9.51606559753418,False
111,10169,26,8.275403022766113,False
111,10115,32,7.940803050994873,False
111,10116,3,10.314750671386719,False
111,10162,68,5.630194187164307,False
111,10132,61,6.018398284912109,False
111,10144,42,7.22507905960083,False
111,10184,60,6.0368971824646,False
111,10174,47,6.9810943603515625,False
111,10181,52,6.561279773712158,False
111,10161,27,8.255956649780273,False
111,10182,67,5.646381378173828,False
111,10114,35,7.768054962158203,False
111,10206,10211,0.0,True
111,10096,10158,0.0,True
111,32777,32778,0.0,True
111,10139,33,7.861338138580322,False
112,3255,253,4.853878498077393,False
112,38990,245,5.1885480880737305,False
112,33398,96,7.926122188568115,False
112,9806,46,8.591034889221191,False
112,20807,63,8.310406684875488,False
112,11538,111,7.766507148742676,False
112,12909,201,6.199891090393066,False
112,38989,122,7.622598648071289,False
112,28035,1,10.001890182495117,False
112,10536,10722,0.0,True
112,32906,32985,0.0,True
112,33170,144,7.412010669708252,False
112,3411,149,7.324037075042725,False
112,3625,146,7.341464519500732,False
112,32719,73,8.246598243713379,False
112,34754,116,7.6890869140625,False
112,34755,140,7.474860668182373,False
112,35471,208,6.101799488067627,False
112,11020,215,5.880823135375977,False
112,38017,192,6.3190226554870605,False
112,38016,195,6.2868332862854,False
112,12202,171,6.734567642211914,False
112,23990,137,7.502124309539795,False
112,4459,147,7.341464519500732,False
112,28830,179,6.61176061630249,False
112,5349,27,8.81976318359375,False
112,13765,217,5.868318557739258,False
112,3484,175,6.640220642089844,False
112,3634,129,7.575806617736816,False
112,4531,16,9.044341087341309,False
112,23049,110,7.776295185089111,False
112,28406,9,9.187987327575684,False
112,34749,120,7.6604509353637695,False
112,34751,118,7.67951774597168,False
112,34750,117,7.67951774597168,False
112,34748,24,8.879488945007324,False
112,38591,59,8.376764297485352,False
112,10493,18,9.039402961730957,False
112,18295,28,8.813464164733887,False
112,6302,35,8.720538139343262,False
112,25781,51,8.48861026763916,False
112,32905,32984,0.0,True
112,36952,236,5.397308349609375,False
112,18201,81,8.167412757873535,False
112,32946,86,8.09514045715332,False
112,6311,119,7.67876672744751,False
112,24529,24652,0.0,True
112,17246,239,5.3320159912109375,False
112,37432,19,9.000368118286133,False
112,39509,54,8.473069190979004,False
112,13948,164,6.992079257965088,False
112,18455,40,8.658872604370117,False
112,12723,218,5.858489990234375,False
112,22319,114,7.717938423156738,False
112,25785,5,9.32033920288086,False
112,23586,108,7.845502853393555,False
112,33356,131,7.5572509765625,False
112,3955,4190,0.0,True
112,32555,180,6.597622394561768,False
112,33345,142,7.4567952156066895,False
112,21311,151,7.308897018432617,False
112,20467,172,6.697880744934082,False
112,40870,44,8.616554260253906,False
112,7980,66,8.276966094970703,False
112,24518,177,6.624281883239746,False
112,11543,123,7.613194465637207,False
112,32453,166,6.87462043762207,False
112,12448,39,8.671520233154297,False
112,6307,223,5.781642436981201,False
112,34742,50,8.493423461914062,False
112,23585,173,6.6833720207214355,False
112,5360,61,8.35830020904541,False
112,5361,13,9.079303741455078,False
112,5362,11,9.112824440002441,False
112,5363,12,9.099387168884277,False
112,33343,103,7.895697116851807,False
112,31641,168,6.831350326538086,False
112,33346,184,6.541667938232422,False
112,32534,127,7.594454288482666,False
112,26708,102,7.895697116851807,False
112,6001,230,5.552725315093994,False
112,3676,214,5.926004409790039,False
112,19396,178,6.617178440093994,False
112,39353,49,8.5042085647583,False
112,39352,47,8.583067893981934,False
112,5348,152,7.298050880432129,False
112,19153,187,6.4459991455078125,False
112,23998,234,5.444933891296387,False
112,11313,37,8.689355850219727,False
112,6327,74,8.243792533874512,False
112,5745,45,8.599015235900879,False
112,25976,174,6.667224884033203,False
112,25977,36,8.695478439331055,False
112,24997,255,4.823525428771973,False
112,3261,93,7.949143886566162,False
112,36707,128,7.594454288482666,False
112,38040,241,5.21485710144043,False
112,38259,225,5.71735954284668,False
112,25160,204,6.167446136474609,False
112,1508,261,4.35386323928833,False
112,37434,53,8.480833053588867,False
112,6388,32,8.7370023727417,False
112,3584,60,8.365407943725586,False
112,3585,124,7.60932731628418,False
112,26671,41,8.652802467346191,False
112,37666,156,7.263687610626221,False
112,15381,79,8.189090728759766,False
112,37597,56,8.435371398925781,False
112,38289,148,7.337867736816406,False
112,12447,170,6.771379470825195,False
112,28093,100,7.905813694000244,False
112,14017,126,7.594454288482666,False
112,42628,67,8.276092529296875,False
112,2239,48,8.559257507324219,False
112,18759,203,6.187457084655762,False
112,18424,2,9.593698501586914,False
112,20264,104,7.8856072425842285,False
112,6310,154,7.272248268127441,False
112,29048,76,8.239258766174316,False
112,31926,20,8.954144477844238,False
112,4455,227,5.613339900970459,False
112,37429,136,7.52040958404541,False
112,37430,112,7.756745338439941,False
112,25475,221,5.80339241027832,False
112,37436,34,8.7370023727417,False
112,33169,23,8.8960542678833,False
112,37438,132,7.5572509765625,False
112,37437,98,7.915955066680908,False
112,40867,42,8.647215843200684,False
112,3407,87,8.073956489562988,False
112,32903,32982,0.0,True
112,6309,62,8.355417251586914,False
112,26545,163,7.017810344696045,False
112,13742,83,8.145004272460938,False
112,40011,113,7.737292766571045,False
112,30714,219,5.858489990234375,False
112,30715,115,7.6986799240112305,False
112,3519,165,6.944862365722656,False
112,3518,237,5.359804153442383,False
112,32197,207,6.126030921936035,False
112,32196,199,6.250128269195557,False
112,36312,160,7.162513256072998,False
112,28571,90,7.977356433868408,False
112,26282,99,7.915156364440918,False
112,7642,69,8.268699645996094,False
112,3249,231,5.493406295776367,False
112,9653,141,7.4567952156066895,False
112,36014,26,8.83238697052002,False
112,6313,91,7.956783294677734,False
112,25722,95,7.946537017822266,False
112,25787,3,9.434337615966797,False
112,32554,77,8.210883140563965,False
112,12204,216,5.868318557739258,False
112,37431,25,8.854007720947266,False
112,37433,72,8.254820823669434,False
112,5756,200,6.212374687194824,False
112,5757,197,6.250128269195557,False
112,5758,64,8.305798530578613,False
112,2354,84,8.12440013885498,False
112,12025,257,4.72744607925415,False
112,41127,22,8.922286033630371,False
112,38537,85,8.12440013885498,False
112,5755,196,6.262815952301025,False
112,42608,130,7.575806617736816,False
112,21789,10,9.142609596252441,False
112,32198,155,7.272248268127441,False
112,38590,254,4.846254348754883,False
112,7689,158,7.197904109954834,False
112,3252,263,4.335509300231934,False
112,3277,186,6.459493637084961,False
112,9807,125,7.594454288482666,False
112,13854,246,5.162503242492676,False
112,12449,82,8.156617164611816,False
112,8286,190,6.327030181884766,False
112,26709,75,8.243792533874512,False
112,40012,107,7.8613762855529785,False
112,34724,88,8.0319185256958,False
112,10961,80,8.178237915039062,False
112,28832,43,8.64068603515625,False
112,16382,176,6.640220642089844,False
112,28831,52,8.480833053588867,False
112,11828,145,7.390599250793457,False
112,30274,8,9.256357192993164,False
112,15382,159,7.197904109954834,False
112,38018,222,5.80339241027832,False
112,16104,189,6.392576217651367,False
112,32832,224,5.7708282470703125,False
112,11626,226,5.664872169494629,False
112,2424,4,9.397320747375488,False
112,35472,205,6.1627397537231445,False
112,11021,211,5.937407970428467,False
112,34757,135,7.52040958404541,False
112,12079,249,5.094310760498047,False
112,41789,29,8.78676700592041,False
112,32535,15,9.053186416625977,False
112,32536,182,6.555567264556885,False
112,37567,157,7.214735507965088,False
112,34723,121,7.641478061676025,False
112,11845,266,3.597459077835083,False
112,2237,70,8.254820823669434,False
112,14188,153,7.282855987548828,False
112,6250,97,7.915955066680908,False
112,39122,167,6.861735820770264,False
112,40315,133,7.5572509765625,False
112,6308,71,8.254820823669434,False
112,7636,30,8.757179260253906,False
112,39350,92,7.956783294677734,False
112,6072,193,6.301187515258789,False
112,6304,138,7.4922990798950195,False
112,13574,183,6.553925037384033,False
112,20751,139,7.474860668182373,False
112,12024,12199,0.0,True
112,12138,12310,0.0,True
112,13563,13726,0.0,True
112,22085,109,7.8058061599731445,False
112,21276,6,9.284211158752441,False
112,6701,262,4.3477277755737305,False
112,34722,143,7.4567952156066895,False
112,18757,198,6.250128269195557,False
112,18758,202,6.199891090393066,False
112,3270,94,7.946537017822266,False
112,3269,89,7.987682342529297,False
112,6315,17,9.041740417480469,False
112,33924,244,5.1885480880737305,False
112,33925,250,5.044337749481201,False
112,8028,33,8.7370023727417,False
112,11698,191,6.327030181884766,False
112,6320,78,8.195487022399902,False
112,32910,32989,0.0,True
112,15334,21,8.948162078857422,False
112,25786,58,8.419120788574219,False
112,1319,210,6.0067644119262695,False
112,3265,55,8.457585334777832,False
112,9390,247,5.136717796325684,False
112,40866,7,9.269933700561523,False
112,33154,33231,0.0,True
112,6306,134,7.5295867919921875,False
112,13528,188,6.41917610168457,False
112,8026,38,8.687798500061035,False
112,33155,14,9.079303741455078,False
112,3606,194,6.2932448387146,False
112,41081,252,4.876895427703857,False
112,11091,232,5.493406295776367,False
112,6303,31,8.745257377624512,False
112,14374,240,5.250353813171387,False
112,42631,106,7.865503787994385,False
112,34747,105,7.8856072425842285,False
112,33156,162,7.039941310882568,False
112,6333,65,8.299229621887207,False
112,6357,233,5.464219570159912,False
112,11897,12072,0.0,True
112,3589,264,4.077662467956543,False
112,3583,161,7.096615314483643,False
112,30620,150,7.320457458496094,False
112,25920,185,6.500320911407471,False
112,30205,228,5.603146076202393,False
112,32912,32991,0.0,True
112,33149,209,6.077759742736816,False
112,13531,238,5.350508689880371,False
112,36964,213,5.937407970428467,False
112,38592,169,6.791980266571045,False
112,12048,258,4.691503524780273,False
112,13587,212,5.937407970428467,False
112,39338,57,8.435371398925781,False
112,39341,101,7.905813694000244,False
112,36757,181,6.569526195526123,False
113,2195,33,17.8818359375,False
113,21954,67,15.229283332824707,False
113,2197,44,17.159276962280273,False
113,9992,29,17.943416595458984,False
113,9993,27,18.100576400756836,False
113,2199,31,17.907115936279297,False
113,29264,46,17.01219367980957,False
113,35992,21,18.300926208496094,False
113,35993,23,18.262468338012695,False
113,35990,73,13.623872756958008,False
113,35987,36,17.491138458251953,False
113,26488,344,8.436422348022461,False
113,2192,41,17.246505737304688,False
113,30857,4,19.562562942504883,False
113,30858,8,19.02568244934082,False
113,30859,28,18.083938598632812,False
113,24846,1,20.305461883544922,False
113,2198,30,17.907115936279297,False
113,29266,56,16.186403274536133,False
113,26489,321,8.566449165344238,False
113,3159,63,15.377143859863281,False
113,2196,43,17.219284057617188,False
113,21952,61,15.525518417358398,False
113,2193,14,18.56812286376953,False
113,42078,66,15.311607360839844,False
113,21953,62,15.481008529663086,False
113,21955,64,15.333829879760742,False
113,29265,71,14.355119705200195,False
113,29267,77,13.384576797485352,False
113,30860,51,16.70880126953125,False
113,31703,57,15.805377960205078,False
113,31702,58,15.792892456054688,False
113,40730,55,16.200719833374023,False
113,8770,39,17.401193618774414,False
113,19061,37,17.46309471130371,False
113,19062,38,17.404830932617188,False
113,31699,48,16.873157501220703,False
113,31701,47,16.991371154785156,False
113,31700,35,17.781814575195312,False
113,21956,65,15.322137832641602,False
113,35965,132,9.523536682128906,False
113,3158,6,19.114351272583008,False
113,3160,2,20.122295379638672,False
113,20045,26,18.18844223022461,False
113,22778,12,18.731870651245117,False
113,3161,5,19.47673797607422,False
113,38639,3,19.62928009033203,False
113,23962,34,17.83888053894043,False
113,38640,9,18.91852569580078,False
113,30197,50,16.831939697265625,False
113,27469,32,17.899028778076172,False
113,21817,49,16.870466232299805,False
113,42259,24,18.208419799804688,False
113,42256,40,17.38936996459961,False
113,29121,7,19.058609008789062,False
113,42257,10,18.86655044555664,False
113,27471,15,18.546640396118164,False
113,21615,13,18.686973571777344,False
113,26229,16,18.535181045532227,False
113,1451,19,18.407676696777344,False
113,2194,11,18.786148071289062,False
113,37147,45,17.096755981445312,False
113,30954,74,13.602283477783203,False
113,11088,22,18.293827056884766,False
113,27470,17,18.498199462890625,False
113,35985,68,15.088895797729492,False
113,35981,75,13.5392484664917,False
113,30196,20,18.30349349975586,False
113,40729,42,17.232421875,False
113,19060,54,16.52391242980957,False
113,35964,70,14.868793487548828,False
113,27296,53,16.539085388183594,False
113,27297,52,16.632287979125977,False
113,33105,97,11.013669967651367,False
113,690,25,18.202720642089844,False
114,13652,1,20.897052764892578,False
114,39914,2145,4.405785083770752,False
114,30010,1386,5.463107109069824,False
115,31734,129,7.059812545776367,False
115,576,10,9.197299003601074,False
115,10537,31,8.603047370910645,False
115,10533,160,6.278040885925293,False
115,10480,143,6.745909214019775,False
115,19992,50,8.255573272705078,False
115,38452,116,7.287149429321289,False
115,35012,92,7.826495170593262,False
115,11939,224,3.7157082557678223,False
115,11907,184,5.757576942443848,False
115,11739,58,8.212772369384766,False
115,414,76,8.072443962097168,False
115,4029,150,6.549037933349609,False
115,4031,110,7.423753261566162,False
115,42089,28,8.660918235778809,False
115,953,25,8.708531379699707,False
115,29016,21,8.86646842956543,False
115,36609,73,8.086989402770996,False
115,36596,64,8.141592025756836,False
115,6457,12,9.155708312988281,False
115,11031,173,6.02722692489624,False
115,35014,157,6.333033561706543,False
115,19834,138,6.78927755355835,False
115,4686,8,9.364405632019043,False
115,13009,3,10.00290584564209,False
115,12402,112,7.397750377655029,False
115,34812,13,9.153014183044434,False
115,5121,39,8.41552448272705,False
115,409,45,8.320618629455566,False
115,14021,166,6.180069923400879,False
115,42311,41,8.364554405212402,False
115,12063,226,3.59348726272583,False
115,21342,51,8.244832038879395,False
115,410,33,8.528797149658203,False
115,21318,35,8.487805366516113,False
115,21329,163,6.228670120239258,False
115,22341,77,8.066399574279785,False
115,32432,145,6.688938140869141,False
115,11783,185,5.68135929107666,False
115,109,176,5.88176155090332,False
115,20073,90,7.856369495391846,False
115,16368,148,6.61052942276001,False
115,34467,205,4.88430643081665,False
115,28021,36,8.487805366516113,False
115,40037,168,6.10130500793457,False
115,40036,169,6.083730697631836,False
115,19395,136,6.816770553588867,False
115,19155,16,9.07701301574707,False
115,25297,140,6.780298233032227,False
115,4840,103,7.574619770050049,False
115,40648,15,9.100430488586426,False
115,5212,30,8.606022834777832,False
115,10634,177,5.849184513092041,False
115,18663,98,7.703546047210693,False
115,18671,95,7.741191387176514,False
115,40173,17,9.022679328918457,False
115,22917,97,7.712923049926758,False
115,22916,149,6.5830583572387695,False
115,13642,162,6.253258228302002,False
115,32849,180,5.806305408477783,False
115,4651,4861,0.0,True
115,42199,88,7.866123676300049,False
115,29145,79,8.045914649963379,False
115,12479,179,5.806305408477783,False
115,42987,101,7.620165824890137,False
115,31004,29,8.629464149475098,False
115,39149,82,8.004459381103516,False
115,39150,67,8.113790512084961,False
115,36657,22,8.854565620422363,False
115,36660,109,7.458707809448242,False
115,8567,155,6.379168510437012,False
115,35020,167,6.120375633239746,False
115,26872,23,8.813511848449707,False
115,6660,203,4.976369380950928,False
115,27497,175,5.903682231903076,False
115,16515,151,6.542276382446289,False
115,28506,59,8.202140808105469,False
115,4850,122,7.1981964111328125,False
115,10482,146,6.6748456954956055,False
115,4200,152,6.537118911743164,False
115,33148,208,4.781113624572754,False
115,40576,115,7.3228230476379395,False
115,34463,125,7.154847145080566,False
115,9495,42,8.35633373260498,False
115,13014,6,9.490640640258789,False
115,28827,87,7.91525411605835,False
115,36554,43,8.353527069091797,False
115,30994,78,8.056143760681152,False
115,21920,22032,0.0,True
115,39608,100,7.694190979003906,False
115,15861,26,8.697518348693848,False
115,27929,123,7.1961140632629395,False
115,10458,44,8.342529296875,False
115,16779,65,8.138927459716797,False
115,32725,80,8.045914649963379,False
115,32726,63,8.149395942687988,False
115,27807,27905,0.0,True
115,7792,72,8.086989402770996,False
115,10459,47,8.298822402954102,False
115,10479,137,6.803857803344727,False
115,4872,75,8.079305648803711,False
115,12072,218,3.952098846435547,False
115,34324,207,4.802857398986816,False
115,37495,119,7.236560344696045,False
115,4673,55,8.223430633544922,False
115,4674,161,6.265624523162842,False
115,13867,38,8.4454345703125,False
115,36592,46,8.309706687927246,False
115,12401,37,8.480785369873047,False
115,12062,228,3.565180778503418,False
115,22529,19,8.946245193481445,False
115,7469,105,7.567707538604736,False
115,9690,191,5.503707408905029,False
115,10613,93,7.807965278625488,False
115,13588,139,6.780298233032227,False
115,35239,34,8.499190330505371,False
115,16778,69,8.107686042785645,False
115,39,154,6.47036600112915,False
115,31079,118,7.245485782623291,False
115,30630,130,7.036293983459473,False
115,4695,27,8.666375160217285,False
115,38067,144,6.715622901916504,False
115,10653,4,9.854130744934082,False
115,4676,48,8.255573272705078,False
115,4675,71,8.097325325012207,False
115,42633,57,8.223430633544922,False
115,3854,174,6.015782356262207,False
115,2590,128,7.059812545776367,False
115,36531,5,9.576363563537598,False
115,40634,2,10.02483081817627,False
115,42607,147,6.6608123779296875,False
115,11749,120,7.214588165283203,False
115,10580,91,7.8466410636901855,False
115,37486,127,7.133367538452148,False
115,10578,89,7.856369495391846,False
115,12010,216,4.037724494934082,False
115,20268,117,7.278778076171875,False
115,28374,230,3.247267007827759,False
115,14,61,8.162568092346191,False
115,319,113,7.354816913604736,False
115,29735,165,6.192148685455322,False
115,11908,183,5.783855438232422,False
115,11906,182,5.794433116912842,False
115,42634,66,8.138927459716797,False
115,11886,106,7.556552886962891,False
115,32851,178,5.827666759490967,False
115,21332,81,8.005254745483398,False
115,2536,32,8.536458015441895,False
115,39882,171,6.072071075439453,False
115,12188,133,6.925458908081055,False
115,12180,142,6.758035182952881,False
115,12163,134,6.890903949737549,False
115,23595,159,6.30302095413208,False
115,10632,10797,0.0,True
115,36634,36673,0.0,True
115,7189,197,5.257126808166504,False
115,7191,186,5.610926151275635,False
115,30086,96,7.722322463989258,False
115,14016,20,8.897595405578613,False
115,8170,188,5.5519304275512695,False
115,6068,158,6.315586566925049,False
115,36540,70,8.106870651245117,False
115,28491,24,8.748611450195312,False
115,36664,170,6.07344388961792,False
115,9609,9,9.32361125946045,False
115,35959,86,7.935079097747803,False
115,11705,49,8.255573272705078,False
115,28040,124,7.173595905303955,False
115,28020,135,6.87770938873291,False
115,43,114,7.33978796005249,False
115,30087,202,5.0157623291015625,False
115,4603,107,7.511761665344238,False
115,28114,53,8.23411750793457,False
115,37454,14,9.100430488586426,False
115,37455,54,8.23411750793457,False
115,14197,94,7.760152816772461,False
115,28115,56,8.223430633544922,False
115,29916,85,7.935079097747803,False
115,40056,18,8.958941459655762,False
115,41075,11,9.194550514221191,False
115,36601,7,9.43378734588623,False
115,37552,62,8.159891128540039,False
115,23015,104,7.574619770050049,False
115,4165,172,6.060455799102783,False
115,36586,83,7.945028305053711,False
115,13483,84,7.937610149383545,False
115,36541,52,8.2404146194458,False
115,36562,1,10.052146911621094,False
115,8584,192,5.456313610076904,False
115,28092,153,6.537118911743164,False
115,8141,68,8.107686042785645,False
115,42609,60,8.170412063598633,False
115,11817,11972,0.0,True
115,41076,74,8.086989402770996,False
115,11496,11656,0.0,True
115,4685,121,7.204296112060547,False
115,5231,40,8.3687744140625,False
115,10478,141,6.760303497314453,False
115,33171,102,7.592772483825684,False
115,29915,156,6.379168510437012,False
115,3861,181,5.795683860778809,False
115,36546,111,7.406398296356201,False
117,31741,563,6.7952070236206055,False
117,35758,268,7.467220306396484,False
117,39089,465,7.015868186950684,False
117,18099,187,7.663853645324707,False
117,33619,411,7.118971824645996,False
117,33621,190,7.657569885253906,False
117,22626,1,14.58222770690918,False
117,555,2995,3.6526949405670166,False
117,39061,285,7.431572914123535,False
117,35410,11,11.909537315368652,False
117,39408,454,7.037932395935059,False
117,39411,485,6.977406978607178,False
117,18024,651,6.567569732666016,False
117,6097,262,7.484513759613037,False
117,34204,213,7.607487678527832,False
117,34205,77,8.002440452575684,False
117,17175,370,7.212228775024414,False
117,36490,986,5.655407905578613,False
117,17117,450,7.0445556640625,False
117,17118,688,6.438851833343506,False
117,17119,333,7.320615291595459,False
117,7446,237,7.546487808227539,False
117,41371,1799,4.879583835601807,False
117,8517,2779,3.936563014984131,False
117,28815,198,7.640915870666504,False
117,35397,41,9.704950332641602,False
117,31854,308,7.385037899017334,False
117,2877,31,10.383650779724121,False
117,25519,423,7.094868183135986,False
117,1946,505,6.941844940185547,False
117,11672,53,8.65932846069336,False
117,31463,108,7.913083076477051,False
117,42043,171,7.70832633972168,False
117,36486,7414,1.7598069906234741,False
117,21815,5602,2.302826166152954,False
117,33611,427,7.0895185470581055,False
117,33606,696,6.40708589553833,False
117,33620,288,7.425887107849121,False
117,33612,59,8.200126647949219,False
117,33623,369,7.21412992477417,False
117,35401,428,7.087884902954102,False
117,19169,352,7.260568618774414,False
117,33127,3,12.989995002746582,False
117,33665,586,6.743457794189453,False
117,26459,8156,1.624800443649292,False
117,32989,35578,0.0,True
117,36491,520,6.910412788391113,False
117,39688,2459,4.319454193115234,False
117,36867,382,7.1726531982421875,False
117,36868,661,6.542935848236084,False
117,2408,228,7.560991287231445,False
117,18245,623,6.644533634185791,False
117,33189,614,6.666940689086914,False
117,33190,521,6.901516914367676,False
117,18097,351,7.26286506652832,False
117,37088,367,7.220534801483154,False
117,10405,167,7.729849815368652,False
117,10404,227,7.56529426574707,False
117,33607,298,7.401947021484375,False
117,4405,822,6.07875919342041,False
117,39828,480,6.9814839363098145,False
117,35135,8550,1.5586527585983276,False
117,1767,22,10.999338150024414,False
117,10248,761,6.2318525314331055,False
117,16262,5,12.590320587158203,False
117,41367,539,6.859111309051514,False
117,41368,541,6.8537397384643555,False
117,2409,437,7.070446491241455,False
117,2895,18,11.355517387390137,False
117,8116,21,11.030808448791504,False
117,17305,297,7.40949010848999,False
117,36483,1527,5.0272979736328125,False
117,31496,2,13.103504180908203,False
117,31857,357,7.246127128601074,False
117,31858,312,7.376925468444824,False
117,31855,291,7.4176788330078125,False
117,2396,156,7.754150390625,False
117,38381,652,6.567569732666016,False
117,8448,443,7.057580947875977,False
117,35755,471,7.004164695739746,False
117,19701,283,7.4365973472595215,False
117,35403,19,11.190573692321777,False
117,10401,314,7.373682975769043,False
117,35795,2397,4.371184825897217,False
117,31865,161,7.743843078613281,False
117,31864,234,7.5513763427734375,False
117,31866,135,7.825639247894287,False
117,31521,34584,0.0,True
117,23522,305,7.386979103088379,False
117,36363,222,7.5785698890686035,False
117,35414,177,7.694988250732422,False
117,3219,152,7.780628204345703,False
117,26303,264,7.477669715881348,False
117,37114,328,7.328646183013916,False
117,2414,708,6.379968643188477,False
117,35433,128,7.854948043823242,False
117,18608,2487,4.2916059494018555,False
117,36532,160,7.743917465209961,False
117,17077,543,6.851781845092773,False
117,31852,139,7.814849376678467,False
117,31863,145,7.798169136047363,False
117,2887,404,7.123861312866211,False
117,38142,292,7.417035102844238,False
117,26881,442,7.05986213684082,False
117,31258,81,7.987381935119629,False
117,22447,3351,3.124756097793579,False
117,18235,988,5.653772830963135,False
117,18206,32,10.160970687866211,False
117,4765,355,7.249655246734619,False
117,18400,837,6.040103912353516,False
117,33615,301,7.394972324371338,False
117,28813,1099,5.4258012771606445,False
117,28816,12,11.773460388183594,False
117,2403,144,7.8016133308410645,False
117,2406,180,7.689373016357422,False
117,2405,114,7.887965202331543,False
117,2404,92,7.946603775024414,False
117,42359,572,6.767282485961914,False
117,25611,776,6.203383445739746,False
117,8114,231,7.553028583526611,False
117,33617,494,6.959793567657471,False
117,33222,26,10.764589309692383,False
117,18499,692,6.423862934112549,False
117,22403,1111,5.410311222076416,False
117,8435,529,6.886292934417725,False
117,16653,426,7.0895185470581055,False
117,35409,74,8.022760391235352,False
117,41324,67,8.072053909301758,False
118,2024,120,10.834942817687988,False
118,2025,109,11.15489387512207,False
118,13639,728,5.014682769775391,False
118,21040,60,14.378731727600098,False
118,21050,20,18.268741607666016,False
118,21049,26,18.098251342773438,False
118,21030,13,18.326305389404297,False
118,28382,139,9.578681945800781,False
118,20994,34,17.641267776489258,False
118,20993,52,15.473077774047852,False
118,22984,151,9.228048324584961,False
118,21051,7,18.481632232666016,False
118,21084,32,17.71279525756836,False
118,21020,48,16.00855255126953,False
118,10229,79,12.349201202392578,False
118,25407,40,16.785676956176758,False
118,21012,3,18.83437156677246,False
118,21016,113,11.003059387207031,False
118,21008,121,10.616447448730469,False
118,21000,179,7.717167377471924,False
118,20963,27,17.986385345458984,False
118,20978,43,16.239452362060547,False
118,21074,15,18.30707550048828,False
118,42745,2161,3.4739949703216553,False
118,21069,17,18.287700653076172,False
118,1981,69,12.778432846069336,False
118,20996,50,15.918947219848633,False
118,21031,134,9.81952953338623,False
118,39141,106,11.278499603271484,False
118,21023,829,4.904280185699463,False
118,39143,42,16.285968780517578,False
118,21066,6,18.501235961914062,False
118,21017,119,10.840433120727539,False
118,21065,4,18.719738006591797,False
118,21032,44,16.239452362060547,False
118,25408,58,14.551849365234375,False
118,21076,9,18.481632232666016,False
118,20958,131,9.869762420654297,False
118,528,165,8.287705421447754,False
118,21014,142,9.530169486999512,False
118,17663,19543,0.0,True
118,21022,24,18.15558433532715,False
118,20997,55,14.965616226196289,False
118,21007,174,8.018828392028809,False
118,21054,11,18.40363311767578,False
118,28383,107,11.24602222442627,False
118,20960,10,18.423067092895508,False
118,20961,46,16.10956382751465,False
118,21034,19,18.268741607666016,False
118,21055,1,19.626895904541016,False
118,21070,8,18.481632232666016,False
118,5664,99,11.650826454162598,False
118,37955,38307,0.0,True
118,21056,53,15.357791900634766,False
118,21057,12,18.364885330200195,False
118,2739,1618,4.013432502746582,False
118,20967,112,11.003059387207031,False
118,21018,116,10.909524917602539,False
118,5665,87,12.093727111816406,False
118,21019,150,9.24198055267334,False
118,21010,22659,0.0,True
118,21078,30,17.94940757751465,False
118,20966,128,10.024032592773438,False
118,21077,31,17.76683235168457,False
118,21079,56,14.881278991699219,False
118,21013,18,18.268741607666016,False
118,14956,108,11.186505317687988,False
118,23547,36,17.28278350830078,False
118,23548,54,15.31167984008789,False
118,23549,127,10.201517105102539,False
118,21058,29,17.967876434326172,False
118,21035,2,19.199607849121094,False
118,21059,16,18.287887573242188,False
118,21025,129,9.959091186523438,False
118,20987,22,18.260995864868164,False
118,21039,57,14.562039375305176,False
118,25158,28,17.979921340942383,False
118,21052,23,18.230571746826172,False
118,21024,38,17.043169021606445,False
118,21071,35,17.538902282714844,False
118,20992,25,18.106813430786133,False
118,21004,110,11.080329895019531,False
118,21068,33,17.676956176757812,False
118,39173,101,11.559036254882812,False
118,21060,37,17.171112060546875,False
118,21061,14,18.326305389404297,False
118,21053,21,18.268741607666016,False
118,21033,45,16.21764373779297,False
118,20975,175,7.895377159118652,False
118,20974,49,15.981935501098633,False
118,20977,47,16.04547119140625,False
118,21041,5,18.639673233032227,False
118,21042,59,14.469804763793945,False
118,32701,434,5.303097248077393,False
119,17815,72,12.079110145568848,False
119,30049,70,12.26709270477295,False
119,16454,11,16.07037925720215,False
119,9242,74,11.723663330078125,False
119,28149,33,14.979682922363281,False
119,30359,22,15.229446411132812,False
119,6292,4,17.021530151367188,False
119,33320,1,17.129867553710938,False
119,28542,21,15.297496795654297,False
119,28544,31,15.01249885559082,False
119,28543,30,15.01249885559082,False
119,28545,28,15.028963088989258,False
119,33319,14,15.908971786499023,False
119,5440,75,11.481475830078125,False
119,23350,41,13.94469928741455,False
119,21867,401,5.582577228546143,False
119,20914,18,15.385915756225586,False
119,117,67,12.584078788757324,False
119,9241,81,11.080822944641113,False
119,32049,10,16.18303680419922,False
119,15158,43,13.795646667480469,False
119,28148,9,16.300174713134766,False
119,28341,62,12.783082962036133,False
119,3155,7,16.453733444213867,False
119,2757,8,16.41754913330078,False
119,30084,42,13.906553268432617,False
119,33321,259,7.180042266845703,False
119,8985,46,13.67928695678711,False
119,2240,39,14.319436073303223,False
119,17466,52,13.485729217529297,False
119,633,5,16.668380737304688,False
119,9663,47,13.658882141113281,False
119,24402,13,15.933738708496094,False
119,3278,17,15.469125747680664,False
119,30085,57,13.182638168334961,False
119,17475,16,15.665212631225586,False
119,22611,38,14.592340469360352,False
119,8991,49,13.608261108398438,False
119,3214,26,15.14525032043457,False
119,16406,34,14.782959938049316,False
119,28087,20,15.302695274353027,False
119,9662,48,13.642416000366211,False
119,25280,40,14.299135208129883,False
119,28402,61,12.797956466674805,False
119,40759,51,13.53927230834961,False
119,8777,15,15.718052864074707,False
119,30632,45,13.755956649780273,False
119,40804,35,14.69295597076416,False
119,22080,73,11.920231819152832,False
119,5656,380,5.773988723754883,False
119,4511,580,4.362379550933838,False
119,24258,347,6.284132957458496,False
119,2756,6,16.538387298583984,False
119,4455,501,4.902077674865723,False
119,28595,243,7.346445560455322,False
119,4457,305,6.656744480133057,False
119,17241,232,7.495513439178467,False
119,31165,306,6.640339374542236,False
119,17238,276,6.930711269378662,False
119,7395,494,4.928980350494385,False
119,8260,367,6.032538414001465,False
119,36294,248,7.286067008972168,False
119,18688,266,7.0485615730285645,False
119,29200,256,7.1992268562316895,False
119,31213,250,7.272955894470215,False
119,13565,325,6.472839832305908,False
119,30988,299,6.723185062408447,False
119,38037,339,6.388430595397949,False
119,18690,267,7.021010875701904,False
119,31342,217,7.695375442504883,False
119,812,445,5.235458850860596,False
119,1316,297,6.731583595275879,False
119,13562,330,6.457326889038086,False
119,13573,327,6.472839832305908,False
119,38045,415,5.418466567993164,False
119,28063,287,6.83402681350708,False
119,27702,365,6.071717262268066,False
119,9070,460,5.106468677520752,False
119,17237,282,6.8776373863220215,False
119,30558,12,15.960038185119629,False
119,15905,341,6.3284125328063965,False
119,15900,237,7.385930061340332,False
119,38182,413,5.436154365539551,False
119,28037,221,7.671257495880127,False
119,1048,271,6.95755672454834,False
119,17242,278,6.924074649810791,False
119,39350,272,6.94858455657959,False
119,31645,310,6.624014377593994,False
119,11020,455,5.13566780090332,False
119,25920,396,5.676669597625732,False
119,17247,343,6.320988655090332,False
119,6035,291,6.799534320831299,False
119,36615,311,6.599677085876465,False
119,6070,400,5.582577228546143,False
119,40765,19,15.348942756652832,False
119,13055,275,6.939636707305908,False
119,14374,350,6.240468502044678,False
119,13529,286,6.851404666900635,False
119,10902,484,4.956180095672607,False
119,42617,58,13.157657623291016,False
119,27378,246,7.299225330352783,False
119,36014,3,17.038372039794922,False
119,24528,588,4.313493728637695,False
119,1321,295,6.74000358581543,False
119,13561,329,6.457326889038086,False
119,19095,328,6.465074062347412,False
119,9605,218,7.6857380867004395,False
119,13567,332,6.44959831237793,False
119,21177,498,4.911012649536133,False
119,15904,235,7.426243305206299,False
119,13572,322,6.480624198913574,False
119,13568,326,6.472839832305908,False
119,13569,331,6.457326889038086,False
119,35323,255,7.208099842071533,False
119,11011,337,6.426523685455322,False
119,15896,340,6.343310832977295,False
119,35317,261,7.1230974197387695,False
119,4456,308,6.632166385650635,False
119,1319,288,6.825371265411377,False
119,32165,302,6.714807987213135,False
119,21277,316,6.5435791015625,False
119,13527,265,7.076328754425049,False
119,30984,344,6.3135833740234375,False
119,15903,353,6.218863487243652,False
119,1317,294,6.74000358581543,False
119,13046,635,4.053895950317383,False
119,19097,318,6.48842716217041,False
119,13170,370,5.926388740539551,False
119,8028,189,8.071382522583008,False
119,31212,244,7.3190531730651855,False
119,27703,269,7.008118629455566,False
119,1833,313,6.591604232788086,False
119,31544,205,7.894026279449463,False
119,13566,319,6.480624198913574,False
119,12447,240,7.366530895233154,False
119,38042,405,5.552459239959717,False
119,39165,206,7.882479667663574,False
119,14284,234,7.433475971221924,False
119,31545,241,7.365739345550537,False
119,16098,214,7.724733352661133,False
119,21258,257,7.189621448516846,False
119,38012,307,6.640339374542236,False
119,3621,451,5.185082912445068,False
119,13564,333,6.441888809204102,False
119,13571,321,6.480624198913574,False
119,1320,301,6.714807987213135,False
119,12654,449,5.21519136428833,False
119,18689,264,7.085633277893066,False
119,26264,537,4.672549247741699,False
119,27379,233,7.4403181076049805,False
119,21657,652,3.970266819000244,False
119,38028,349,6.276813507080078,False
119,3484,249,7.277001857757568,False
119,24531,274,6.94191312789917,False
119,24518,303,6.694686412811279,False
119,21790,317,6.504089832305908,False
119,13570,320,6.480624198913574,False
119,7169,71,12.155303955078125,False
120,12200,40,11.333507537841797,False
120,12203,41,11.323945999145508,False
120,11478,24,12.491093635559082,False
120,11481,27,12.491093635559082,False
120,13519,19,12.69281005859375,False
120,11013,21,12.652412414550781,False
120,11486,34,12.324234008789062,False
120,10469,15,16.023197174072266,False
120,9550,16,16.001949310302734,False
120,9551,1,17.046894073486328,False
120,9552,2,16.841922760009766,False
120,9553,3,16.841922760009766,False
120,9554,4,16.841922760009766,False
120,9555,5,16.841922760009766,False
120,9556,6,16.841922760009766,False
120,9557,11,16.793813705444336,False
120,9558,7,16.841922760009766,False
120,9559,8,16.841922760009766,False
120,9560,9,16.841922760009766,False
120,9561,10,16.841922760009766,False
120,9562,17,14.76578140258789,False
120,11480,26,12.491093635559082,False
120,10468,14,16.023197174072266,False
120,12169,42,10.958213806152344,False
120,3378,18,13.54977035522461,False
120,11482,32,12.365513801574707,False
120,11483,28,12.491093635559082,False
120,3850,43,10.699003219604492,False
120,11477,23,12.491093635559082,False
120,11012,20,12.652412414550781,False
120,11485,30,12.491093635559082,False
120,11484,29,12.491093635559082,False
120,11479,25,12.491093635559082,False
121,40521,254,5.455565452575684,False
121,29072,21,6.022093772888184,False
121,40522,194,5.539511203765869,False
121,29320,201,5.534316062927246,False
121,11291,400,5.291142463684082,False
121,8689,196,5.538625717163086,False
121,24784,849,4.921802520751953,False
121,17716,1090,4.736804962158203,False
121,38924,1214,4.661006927490234,False
121,22961,552,5.138688087463379,False
121,18384,1887,4.105879783630371,False
121,18313,1941,4.061811923980713,False
121,18032,2155,3.85170316696167,False
121,7302,241,5.470221042633057,False
121,25522,668,5.053103446960449,False
121,5946,977,4.837420463562012,False
121,25353,157,5.608142852783203,False
121,5028,524,5.162574768066406,False
121,40527,392,5.309560298919678,False
121,17715,574,5.123941421508789,False
121,33366,249,5.459325790405273,False
121,33363,345,5.353269577026367,False
121,7371,24,6.006494522094727,False
121,25715,1359,4.546267986297607,False
121,22018,302,5.408095359802246,False
121,4734,2076,3.926553249359131,False
121,8352,1509,4.413576126098633,False
121,5030,1605,4.326192378997803,False
121,14806,1720,4.228672981262207,False
121,14808,186,5.547347068786621,False
121,42947,811,4.946832656860352,False
121,25690,1767,4.187872409820557,False
121,18076,609,5.100946426391602,False
121,9392,873,4.903343200683594,False
121,28101,1436,4.4701619148254395,False
121,9356,518,5.167379856109619,False
121,26788,635,5.0743408203125,False
121,41707,1502,4.417480945587158,False
121,42803,1694,4.254097938537598,False
121,25704,660,5.05885124206543,False
121,17848,6,6.297957897186279,False
121,25557,791,4.9629364013671875,False
121,39714,363,5.3354811668396,False
121,18858,50,5.892603874206543,False
121,34304,78,5.777578830718994,False
121,10773,2694,3.2081851959228516,False
121,40582,2274,3.7025797367095947,False
121,13829,420,5.26020622253418,False
121,17694,5078,2.0189874172210693,False
121,10748,290,5.4204559326171875,False
121,14531,1064,4.758936405181885,False
121,9417,443,5.230138778686523,False
121,26774,1010,4.807003974914551,False
121,39595,700,5.028158187866211,False
121,24118,587,5.113816738128662,False
121,26800,1639,4.298611640930176,False
121,40452,2026,3.985957622528076,False
121,39512,1028,4.795590877532959,False
121,29424,1617,4.3151140213012695,False
121,29425,1618,4.3151140213012695,False
121,24698,303,5.40745735168457,False
121,36832,35,5.944701194763184,False
121,36833,36,5.944701194763184,False
121,36834,37,5.944701194763184,False
121,18987,7,6.27833366394043,False
121,40519,1282,4.617832660675049,False
121,40405,1188,4.674119472503662,False
121,18676,1238,4.6479692459106445,False
121,17700,2400,3.580871820449829,False
121,17707,1107,4.725445747375488,False
121,24127,390,5.31044864654541,False
121,6958,724,5.008657455444336,False
121,34688,1092,4.73631477355957,False
121,14144,813,4.944100379943848,False
121,42532,1171,4.6855669021606445,False
121,26009,231,5.488397598266602,False
121,9408,268,5.445347785949707,False
121,32245,56,5.877546310424805,False
121,7912,1413,4.490396976470947,False
121,25544,184,5.5486602783203125,False
121,20552,54,5.881558418273926,False
121,32232,438,5.233139991760254,False
121,6868,185,5.548402309417725,False
121,36839,1053,4.768046855926514,False
121,26336,1291,4.609294891357422,False
121,24122,823,4.939223766326904,False
121,13827,295,5.416329383850098,False
121,17731,1050,4.77582311630249,False
121,24126,305,5.403127670288086,False
121,39721,195,5.538738250732422,False
121,41966,1491,4.422954559326172,False
121,37632,143,5.637887954711914,False
121,13767,912,4.877631187438965,False
121,19822,23,6.010110855102539,False
121,23609,100,5.736775875091553,False
121,4335,148,5.622744083404541,False
121,41965,1571,4.365466117858887,False
121,41967,1486,4.428795337677002,False
121,39503,2101,3.9059698581695557,False
121,36241,94,5.752111434936523,False
121,13652,1842,4.130815505981445,False
121,16880,27,5.986865997314453,False
121,13753,364,5.33514404296875,False
121,12237,816,4.941238880157471,False
121,12238,399,5.291486740112305,False
121,33364,536,5.154932498931885,False
121,35137,167,5.5873918533325195,False
121,25354,389,5.311228275299072,False
121,40530,891,4.886170387268066,False
121,18375,22,6.010110855102539,False
121,6220,401,5.290884017944336,False
121,38271,2358,3.621718645095825,False
121,23565,771,4.973200798034668,False
121,4333,276,5.434849262237549,False
121,33365,1365,4.536921501159668,False
121,13714,1261,4.632805824279785,False
121,25669,1372,4.525646209716797,False
121,25585,1302,4.599557399749756,False
121,28516,942,4.86027193069458,False
121,4248,215,5.50712776184082,False
121,32200,232,5.483120441436768,False
121,25586,174,5.567750930786133,False
121,4788,1917,4.081269264221191,False
121,5952,267,5.445347785949707,False
121,23855,135,5.664175987243652,False
121,6855,442,5.230138778686523,False
121,8914,492,5.1866960525512695,False
121,40572,2164,3.8345377445220947,False
121,17155,374,5.321162223815918,False
121,4524,677,5.047991752624512,False
121,38297,838,4.928774833679199,False
121,13712,1574,4.36343240737915,False
121,13162,1836,4.138833045959473,False
121,13832,531,5.15733528137207,False
121,40395,612,5.100147247314453,False
121,23987,689,5.038347244262695,False
121,29453,911,4.877875328063965,False
121,16190,153,5.6146135330200195,False
121,15606,678,5.047691345214844,False
121,15607,1656,4.284824371337891,False
121,22653,1404,4.497091293334961,False
121,6503,9,6.121665000915527,False
121,42935,247,5.462070465087891,False
121,20605,985,4.830077171325684,False
121,17701,2441,3.5365145206451416,False
121,29474,51,5.891797065734863,False
121,25491,278,5.433133125305176,False
121,7314,128,5.674457550048828,False
121,7315,164,5.5970683097839355,False
121,37633,123,5.683103084564209,False
121,13823,162,5.600754737854004,False
121,1533,233,5.482363224029541,False
121,33296,1271,4.625152587890625,False
121,17698,2814,3.0781192779541016,False
121,5027,469,5.211055278778076,False
121,42937,676,5.0499958992004395,False
121,8207,82,5.7703704833984375,False
121,37669,779,4.970227241516113,False
121,29090,55,5.877546310424805,False
121,8206,77,5.781190395355225,False
121,23001,632,5.079525947570801,False
121,18355,1032,4.794504165649414,False
121,18354,5468,1.9508380889892578,False
121,7382,326,5.379476547241211,False
121,32408,478,5.201282978057861,False
121,36287,310,5.398097038269043,False
121,18042,1185,4.6777424812316895,False
121,35440,221,5.500079154968262,False
121,26335,902,4.881712913513184,False
121,24030,470,5.211055278778076,False
121,2616,1403,4.497091293334961,False
121,39738,865,4.907025337219238,False
121,32411,41,5.931757926940918,False
121,32412,109,5.712674140930176,False
121,6930,623,5.089927673339844,False
121,33515,10,6.121665000915527,False
121,29310,251,5.458431243896484,False
121,23510,1147,4.69719934463501,False
121,26803,1524,4.405533790588379,False
121,39908,1801,4.166287422180176,False
121,36119,1595,4.336906909942627,False
121,36376,2305,3.667652130126953,False
121,31685,764,4.977834224700928,False
121,16929,227,5.4922332763671875,False
121,27646,893,4.884986877441406,False
121,7388,922,4.872140884399414,False
121,2445,445,5.229208946228027,False
121,36367,168,5.586486339569092,False
121,23812,1091,4.73631477355957,False
121,33376,341,5.362427234649658,False
121,38279,70,5.793030261993408,False
121,8829,402,5.290884017944336,False
121,7908,1177,4.68117618560791,False
121,18360,1145,4.698080062866211,False
121,38859,125,5.677078723907471,False
121,7309,736,4.999927520751953,False
121,18316,586,5.116123676300049,False
121,25008,244,5.464128494262695,False
121,24711,1641,4.295877933502197,False
121,15488,1724,4.223396301269531,False
121,42404,1218,4.65665340423584,False
121,12111,161,5.600754737854004,False
121,42652,146,5.627293586730957,False
121,33535,206,5.525716304779053,False
121,8821,322,5.384693622589111,False
121,6008,1440,4.464900493621826,False
121,9276,33,5.958973407745361,False
121,17695,954,4.85212516784668,False
121,11263,1023,4.800212860107422,False
121,13720,1705,4.2445902824401855,False
121,11071,718,5.01295280456543,False
121,4332,1655,4.285638809204102,False
121,4337,501,5.179769515991211,False
121,39928,690,5.038347244262695,False
121,37551,126,5.6767706871032715,False
121,25035,571,5.124466896057129,False
121,28721,1274,4.623732089996338,False
121,41690,47,5.906376361846924,False
121,4784,1115,4.718373775482178,False
121,29080,1805,4.163205146789551,False
121,29452,1210,4.664144039154053,False
121,5988,209,5.51741361618042,False
121,8117,526,5.162247657775879,False
121,40440,1534,4.3980231285095215,False
121,39620,59,5.8675336837768555,False
121,18090,1515,4.409677028656006,False
121,17714,608,5.101919174194336,False
121,7414,456,5.221574783325195,False
121,42936,344,5.35518741607666,False
121,19015,7573,1.5219463109970093,False
121,18669,901,4.881838321685791,False
121,39323,1908,4.0910749435424805,False
121,22074,169,5.58236026763916,False
121,4350,62,5.835843086242676,False
121,2564,192,5.5413737297058105,False
121,1907,1545,4.390901565551758,False
121,1069,394,5.3058600425720215,False
121,18054,1644,4.295426368713379,False
121,13645,2374,3.6053690910339355,False
121,16575,715,5.016228199005127,False
121,35152,96,5.748466491699219,False
121,4338,147,5.626160621643066,False
121,32201,1525,4.405533790588379,False
121,8357,408,5.2821197509765625,False
121,26550,916,4.875417709350586,False
121,6932,656,5.05918025970459,False
121,13650,1364,4.537996292114258,False
121,26811,1759,4.197226524353027,False
121,6270,416,5.268043041229248,False
121,1290,1688,4.260639190673828,False
121,6929,504,5.177019119262695,False
121,1943,1556,4.378737926483154,False
121,32405,266,5.446087837219238,False
121,16897,1072,4.751186370849609,False
121,25511,987,4.829777240753174,False
121,24124,1448,4.456925868988037,False
121,41708,285,5.424588203430176,False
121,5679,431,5.2447052001953125,False
121,6852,993,4.822878837585449,False
121,8913,772,4.972858428955078,False
121,22656,1417,4.484964370727539,False
121,11504,210,5.517144203186035,False
121,5799,72,5.7909135818481445,False
121,6950,491,5.1866960525512695,False
121,31422,319,5.388152122497559,False
121,17092,1024,4.798693656921387,False
121,30510,991,4.827720642089844,False
121,32359,73,5.790474891662598,False
121,34833,49,5.899981498718262,False
121,40491,1328,4.5754618644714355,False
121,6092,165,5.590878486633301,False
121,30785,519,5.167379856109619,False
121,1282,369,5.326283931732178,False
121,25721,1295,4.604755401611328,False
121,25352,829,4.933701515197754,False
121,5918,1078,4.747383117675781,False
121,25998,472,5.2087812423706055,False
121,5275,1318,4.586877346038818,False
121,5685,1886,4.105879783630371,False
121,41734,145,5.634152412414551,False
121,22063,255,5.449981689453125,False
121,22062,307,5.399797439575195,False
121,16199,464,5.215176105499268,False
121,13708,253,5.456835746765137,False
121,23813,1776,4.181694507598877,False
121,2595,594,5.110392093658447,False
121,22023,1059,4.761277198791504,False
121,8828,405,5.286498069763184,False
121,5066,595,5.110328674316406,False
121,6931,80,5.772485256195068,False
121,6228,130,5.6730852127075195,False
121,25996,256,5.449981689453125,False
121,31921,1281,4.618724822998047,False
121,39716,1845,4.130785942077637,False
121,27660,852,4.920642375946045,False
121,10700,1615,4.3151140213012695,False
121,42942,540,5.148214340209961,False
121,1212,40,5.934065818786621,False
121,4353,2331,3.6495933532714844,False
121,5684,1654,4.287687301635742,False
121,39914,1523,4.405785083770752,False
121,40193,1631,4.309597492218018,False
121,28108,1388,4.506304740905762,False
121,25991,1004,4.814133644104004,False
121,42205,601,5.106359004974365,False
121,8859,1490,4.422954559326172,False
121,30596,158,5.607853889465332,False
121,42954,1317,4.588089942932129,False
121,6948,257,5.449103355407715,False
121,29420,1558,4.376832008361816,False
121,25992,207,5.525045394897461,False
121,30784,81,5.772059440612793,False
121,25559,525,5.162574768066406,False
121,42951,974,4.839588165283203,False
121,827,435,5.240606784820557,False
121,39508,1604,4.326790809631348,False
121,42953,1174,4.682903289794922,False
121,39315,463,5.215956211090088,False
121,1289,1691,4.255274772644043,False
121,42950,1151,4.696141242980957,False
121,6933,602,5.105612754821777,False
121,24049,1148,4.69719934463501,False
121,39634,696,5.032059669494629,False
121,32364,590,5.113398551940918,False
121,4681,29,5.982145309448242,False
121,42949,327,5.377801895141602,False
121,22285,1775,4.181694507598877,False
121,6453,200,5.534316062927246,False
121,33146,538,5.152992248535156,False
121,1443,614,5.095145225524902,False
121,22073,320,5.387945175170898,False
121,17697,1144,4.7001566886901855,False
121,26209,1047,4.781778335571289,False
121,14955,1508,4.414522171020508,False
121,16507,166,5.589896202087402,False
121,29139,1522,4.405785083770752,False
121,27661,406,5.286077499389648,False
121,32278,19,6.036459922790527,False
121,37140,1120,4.717284202575684,False
121,38301,4,6.3361358642578125,False
121,18320,370,5.32623291015625,False
121,1123,181,5.555933952331543,False
121,16195,141,5.6491241455078125,False
121,2785,1703,4.245298385620117,False
121,10780,1327,4.5754618644714355,False
121,16189,301,5.412110328674316,False
121,40050,1029,4.795590877532959,False
121,26208,1473,4.44052791595459,False
121,26220,2221,3.7573342323303223,False
121,6237,84,5.770366191864014,False
121,29559,446,5.229208946228027,False
121,33511,121,5.689308166503906,False
121,9397,240,5.475506782531738,False
121,25999,872,4.903458595275879,False
121,38689,1335,4.569219589233398,False
121,16468,425,5.2546916007995605,False
121,24133,483,5.1968584060668945,False
121,17709,1073,4.750919342041016,False
121,40120,731,5.004049301147461,False
121,33372,889,4.886170387268066,False
121,41762,172,5.57335090637207,False
121,10830,2230,3.751128911972046,False
121,41764,299,5.412209510803223,False
121,8847,1070,4.753107070922852,False
121,16723,1239,4.646719932556152,False
121,1284,564,5.126678943634033,False
121,42955,1510,4.413576126098633,False
121,5274,189,5.545146942138672,False
121,14834,155,5.612945556640625,False
121,5272,1344,4.5617475509643555,False
121,15561,1929,4.0715155601501465,False
121,41209,1316,4.588089942932129,False
121,7268,874,4.901855945587158,False
121,8869,1881,4.108780860900879,False
121,40585,1026,4.796175956726074,False
121,18004,177,5.563516616821289,False
121,32280,359,5.336526393890381,False
121,8823,860,4.9139251708984375,False
121,22820,1664,4.279482841491699,False
121,31427,1303,4.599464416503906,False
121,37143,473,5.207278251647949,False
121,38731,391,5.309880256652832,False
121,38664,844,4.92498779296875,False
121,29248,973,4.839672565460205,False
121,42940,311,5.398097038269043,False
121,5949,851,4.920642375946045,False
121,33633,304,5.403988361358643,False
121,41201,149,5.619558811187744,False
121,41736,599,5.108768463134766,False
121,14282,947,4.858135223388672,False
121,41715,118,5.694520473480225,False
121,37141,509,5.174731254577637,False
121,41249,1309,4.592315196990967,False
121,2664,1113,4.721809387207031,False
121,26328,1616,4.3151140213012695,False
121,24128,264,5.446502208709717,False
121,26027,629,5.083841323852539,False
121,41763,269,5.445347785949707,False
121,41709,654,5.060007095336914,False
121,6746,570,5.124466896057129,False
121,10353,219,5.500802040100098,False
121,6694,760,4.982211112976074,False
121,17753,86,5.768187999725342,False
121,17745,208,5.521427154541016,False
121,4762,415,5.2689924240112305,False
121,20347,2415,3.5610756874084473,False
121,8825,220,5.500079154968262,False
121,40382,261,5.447330951690674,False
121,4793,503,5.177019119262695,False
121,25558,497,5.181852340698242,False
121,5023,523,5.163973808288574,False
121,5060,242,5.469056129455566,False
121,17770,426,5.253824710845947,False
121,10378,114,5.69736385345459,False
121,9409,547,5.142595291137695,False
121,19971,722,5.010781288146973,False
121,33527,427,5.253824710845947,False
121,5021,119,5.693865776062012,False
121,5016,980,4.834169864654541,False
121,28142,216,5.505551338195801,False
121,7849,452,5.223708152770996,False
121,16775,325,5.3823065757751465,False
121,6233,83,5.770366191864014,False
121,9885,2187,3.800586223602295,False
121,9203,248,5.459325790405273,False
121,5004,508,5.174731254577637,False
121,13,1562,4.374919891357422,False
121,39321,284,5.42463493347168,False
121,26802,1369,4.530760765075684,False
121,8381,1891,4.100931167602539,False
121,1862,798,4.957990646362305,False
121,37467,234,5.481889724731445,False
121,25815,99,5.74159049987793,False
121,30009,706,5.023078918457031,False
121,41963,1613,4.315919876098633,False
121,6232,97,5.748414039611816,False
121,30779,2472,3.504336357116699,False
121,5067,455,5.221574783325195,False
121,37936,106,5.721365451812744,False
121,6900,2497,3.47001576423645,False
121,5057,817,4.940906524658203,False
121,8223,66,5.807299613952637,False
121,26476,1678,4.271413803100586,False
121,40385,688,5.040482997894287,False
121,40375,17,6.051115989685059,False
121,40373,229,5.490375518798828,False
121,42424,1721,4.225454807281494,False
121,32557,1419,4.482962608337402,False
121,10381,1229,4.651066303253174,False
121,8723,1224,4.65424919128418,False
121,18678,499,5.180126190185547,False
121,13234,160,5.602512359619141,False
121,33528,720,5.01295280456543,False
121,10380,1186,4.677304267883301,False
121,6810,1435,4.4701619148254395,False
121,9884,1076,4.747799873352051,False
121,40047,743,4.992823600769043,False
121,40328,1814,4.1570844650268555,False
121,42732,992,4.823460578918457,False
121,42893,368,5.328107833862305,False
121,22060,847,4.923292636871338,False
121,18317,955,4.85166072845459,False
121,12231,465,5.2139787673950195,False
121,26816,1901,4.095996856689453,False
121,42716,1452,4.452948570251465,False
121,16841,1531,4.401516914367676,False
121,39312,667,5.053709030151367,False
121,31430,243,5.468605041503906,False
121,5693,1704,4.2445902824401855,False
121,32265,1796,4.171409606933594,False
121,19830,173,5.567750930786133,False
121,42952,1242,4.643640041351318,False
121,36936,102,5.728066444396973,False
121,19831,60,5.8604841232299805,False
121,19802,289,5.421311378479004,False
121,19804,5,6.29849910736084,False
121,2060,1924,4.0759148597717285,False
121,11265,773,4.972858428955078,False
121,26057,498,5.181852340698242,False
121,3099,542,5.14615535736084,False
121,17696,822,4.939223766326904,False
121,41706,151,5.616105079650879,False
121,4799,458,5.220866680145264,False
121,22928,171,5.576702117919922,False
121,18654,1738,4.21288537979126,False
121,5689,1827,4.145936965942383,False
121,17749,260,5.448036193847656,False
121,38658,217,5.50508975982666,False
121,23632,1620,4.314429759979248,False
121,22992,98,5.745122909545898,False
121,18314,1576,4.359807968139648,False
121,40383,956,4.84907341003418,False
121,26055,76,5.784409523010254,False
121,5688,1630,4.309597492218018,False
121,3063,713,5.018010139465332,False
121,8951,1362,4.542128562927246,False
121,11086,659,5.05885124206543,False
121,1892,1009,4.808525085449219,False
121,3100,1350,4.552475929260254,False
121,37590,897,4.88189697265625,False
121,3104,226,5.495782852172852,False
121,42730,283,5.426702976226807,False
121,24129,1930,4.0715155601501465,False
121,1569,205,5.528482437133789,False
121,1068,711,5.018123626708984,False
121,6912,939,4.861135005950928,False
121,21572,581,5.116842269897461,False
121,42941,150,5.619259834289551,False
121,1444,576,5.121396064758301,False
121,17751,34,5.94859504699707,False
121,13161,358,5.336557865142822,False
121,35139,144,5.6377153396606445,False
121,26794,1697,4.24992561340332,False
121,17713,1983,4.01876163482666,False
121,22922,575,5.122518062591553,False
121,17712,856,4.918770790100098,False
121,5900,1104,4.727327346801758,False
121,3081,964,4.844753265380859,False
121,7310,1713,4.233992576599121,False
121,39753,317,5.391252517700195,False
121,3098,175,5.565573692321777,False
121,38292,1042,4.78571891784668,False
121,3082,115,5.695865631103516,False
121,8738,1991,4.009329795837402,False
121,27044,535,5.155272960662842,False
121,29279,1739,4.21288537979126,False
121,10847,1992,4.009224891662598,False
121,5901,543,5.144845008850098,False
121,38935,314,5.394672870635986,False
121,17710,580,5.117245197296143,False
121,39913,1841,4.132486343383789,False
121,3064,737,4.997840881347656,False
121,11087,783,4.967892646789551,False
121,17723,1370,4.5304460525512695,False
121,25494,351,5.340788841247559,False
121,17717,1463,4.4480156898498535,False
121,42943,622,5.091604232788086,False
121,32406,481,5.197371959686279,False
121,42939,557,5.133938312530518,False
121,42938,1150,4.696141242980957,False
121,3112,505,5.176077842712402,False
121,33505,755,4.98667049407959,False
121,17752,486,5.194958686828613,False
121,17747,12,6.108484745025635,False
121,32261,180,5.556835651397705,False
121,2621,692,5.033426284790039,False
121,17748,494,5.1836137771606445,False
121,37468,42,5.928767681121826,False
121,37142,510,5.174731254577637,False
121,17765,585,5.116123676300049,False
121,18005,63,5.82908821105957,False
121,16191,225,5.496062278747559,False
121,25415,85,5.77022647857666,False
121,37860,1315,4.588230133056641,False
121,1959,734,5.000100135803223,False
121,34218,203,5.530013084411621,False
121,36219,1052,4.769394874572754,False
121,35637,277,5.4344401359558105,False
121,5051,694,5.033246994018555,False
121,28109,1361,4.543099403381348,False
121,42880,1660,4.281152248382568,False
121,20604,984,4.830077171325684,False
121,32223,1725,4.223396301269531,False
121,39726,193,5.541114807128906,False
121,7927,48,5.902532577514648,False
121,20587,45,5.9078779220581055,False
121,6626,133,5.664717674255371,False
121,31491,555,5.1372785568237305,False
121,13709,1397,4.501147747039795,False
121,2566,1709,4.239269733428955,False
121,7370,1065,4.757228374481201,False
121,24960,842,4.92498779296875,False
121,26687,1351,4.552475929260254,False
121,22955,1116,4.718373775482178,False
121,17219,101,5.733215808868408,False
121,10373,1763,4.194090366363525,False
121,11503,182,5.551596164703369,False
121,17750,293,5.416704177856445,False
121,18993,1489,4.424363613128662,False
121,17757,681,5.045786380767822,False
121,17758,316,5.392473220825195,False
121,18051,1125,4.712248802185059,False
121,33503,313,5.396914958953857,False
121,33463,337,5.367632865905762,False
121,42948,967,4.842223167419434,False
121,31484,1331,4.571268081665039,False
121,29334,1548,4.38826322555542,False
121,30783,252,5.458431243896484,False
121,21175,338,5.366569519042969,False
121,6229,156,5.611843585968018,False
121,19783,46,5.906376361846924,False
121,5694,1696,4.24992561340332,False
121,18318,640,5.073022842407227,False
121,34782,377,5.318725109100342,False
121,39314,1679,4.271413803100586,False
121,1287,2428,3.5452442169189453,False
121,5658,1813,4.1570844650268555,False
121,33375,198,5.534471035003662,False
121,16968,596,5.110328674316406,False
121,5267,39,5.937046051025391,False
121,22284,757,4.982820987701416,False
121,42946,741,4.995615005493164,False
121,9404,212,5.515398979187012,False
121,35450,1816,4.156534194946289,False
121,5525,1387,4.506304740905762,False
121,10846,697,5.030097484588623,False
121,14279,372,5.324550628662109,False
121,38084,292,5.417576789855957,False
121,25987,238,5.4788970947265625,False
121,19806,15,6.056626319885254,False
121,22021,1080,4.74533748626709,False
121,26130,1240,4.646719932556152,False
121,10736,739,4.995979309082031,False
121,33369,64,5.81500244140625,False
121,36840,211,5.517144203186035,False
121,29408,108,5.716763496398926,False
121,42372,321,5.3878374099731445,False
121,38982,1005,4.813601016998291,False
121,20406,306,5.399887561798096,False
121,35442,258,5.449103355407715,False
121,17708,641,5.071898460388184,False
121,5712,222,5.499584197998047,False
121,23618,61,5.849455833435059,False
121,36827,38,5.937067031860352,False
121,38486,357,5.337903022766113,False
121,42707,383,5.315194606781006,False
121,10791,516,5.169346332550049,False
121,18841,444,5.229296684265137,False
121,35451,163,5.600754737854004,False
121,14856,1472,4.44052791595459,False
121,33144,774,4.972858428955078,False
121,3109,475,5.204530715942383,False
121,17732,1040,4.786575794219971,False
121,6858,1513,4.410499572753906,False
121,26795,1597,4.331755638122559,False
121,16606,591,5.112740516662598,False
121,34217,894,4.884986877441406,False
121,35448,636,5.0743408203125,False
121,17706,1764,4.192035675048828,False
121,32219,768,4.977169990539551,False
121,1057,419,5.260335922241211,False
121,18880,16,6.053648948669434,False
121,38485,1390,4.506304740905762,False
121,33143,1504,4.417130470275879,False
121,33142,423,5.255515098571777,False
121,37196,489,5.190952301025391,False
121,6616,154,5.614346504211426,False
121,34126,1467,4.444502830505371,False
121,25044,1126,4.710567951202393,False
121,28895,105,5.721365451812744,False
121,18926,32,5.968780517578125,False
121,10019,122,5.684758186340332,False
121,21962,138,5.653010368347168,False
121,31908,131,5.669618129730225,False
121,37096,296,5.4149675369262695,False
121,31907,129,5.673785209655762,False
121,19629,28,5.986865997314453,False
121,38168,404,5.290650367736816,False
121,18925,30,5.979618549346924,False
121,31925,1439,4.466505527496338,False
121,33295,272,5.441646575927734,False
121,31923,1193,4.670713424682617,False
121,32564,116,5.694520473480225,False
121,8360,940,4.861135005950928,False
121,26801,355,5.339118003845215,False
121,26830,1698,4.24992561340332,False
121,31073,343,5.357287406921387,False
121,33510,621,5.091604232788086,False
121,1103,751,4.987817764282227,False
121,40767,1640,4.298611640930176,False
121,14691,740,4.995615005493164,False
121,37097,297,5.4149675369262695,False
121,22352,65,5.813895225524902,False
121,10024,13,6.101646423339844,False
121,28626,26,5.990496635437012,False
121,32279,460,5.217800140380859,False
121,28629,11,6.114813327789307,False
121,31924,1476,4.438319206237793,False
121,9958,476,5.201824188232422,False
121,37943,140,5.651922702789307,False
121,33509,137,5.657611846923828,False
121,39322,79,5.776756763458252,False
121,42876,375,5.319167137145996,False
121,8818,1646,4.292917251586914,False
121,36522,113,5.706239223480225,False
121,32262,691,5.036284446716309,False
121,26789,1588,4.342928409576416,False
121,8370,385,5.313259124755859,False
121,1684,183,5.551446437835693,False
121,16506,237,5.4788970947265625,False
121,3424,58,5.869132041931152,False
121,16576,1677,4.271413803100586,False
121,22031,855,4.918781280517578,False
121,26016,2066,3.9355669021606445,False
121,4800,176,5.5646281242370605,False
121,26790,1427,4.476140975952148,False
121,2325,8,6.150012016296387,False
121,18319,202,5.530013084411621,False
121,5691,1503,4.417130470275879,False
121,5015,515,5.169346332550049,False
121,4737,434,5.243854999542236,False
121,19807,373,5.32243537902832,False
121,40505,569,5.125065803527832,False
121,17836,948,4.856419563293457,False
121,23814,1575,4.36343240737915,False
121,25993,265,5.446087837219238,False
121,17733,2057,3.9446258544921875,False
121,7100,263,5.446903228759766,False
121,37934,112,5.70716667175293,False
121,1445,124,5.677959442138672,False
121,32266,577,5.119745254516602,False
121,6230,199,5.534316062927246,False
121,19800,371,5.32623291015625,False
121,15681,187,5.547266006469727,False
121,40512,31,5.979301452636719,False
121,42720,318,5.389244079589844,False
121,8195,14,6.0651631355285645,False
121,3088,1170,4.687307357788086,False
121,39008,1960,4.033000946044922,False
121,4924,43,5.920511245727539,False
121,21169,91,5.760150909423828,False
121,36831,110,5.712196350097656,False
121,38069,784,4.967892646789551,False
121,4736,620,5.091604232788086,False
121,25581,1082,4.738943099975586,False
121,1010,1614,4.3151140213012695,False
122,2060,285,8.007935523986816,False
122,17696,1479,5.482353210449219,False
122,31180,1660,5.100805282592773,False
122,3099,1300,5.815987586975098,False
122,5016,384,7.570024490356445,False
122,38647,512,7.162825584411621,False
122,38664,227,8.375724792480469,False
122,17717,1702,4.981344223022461,False
122,26687,915,6.380321979522705,False
122,38882,1231,5.935064315795898,False
122,8851,1644,5.120718955993652,False
122,39716,5038,2.558566093444824,False
122,8847,1306,5.803859710693359,False
122,39726,1012,6.216999053955078,False
122,40521,3628,3.1316311359405518,False
122,10380,430,7.396129608154297,False
122,40363,205,8.654778480529785,False
122,17697,1281,5.853016376495361,False
122,23839,207,8.6234769821167,False
122,40398,437,7.377931594848633,False
122,4347,1297,5.822124004364014,False
122,41709,1200,5.973706245422363,False
122,28142,300,7.9703168869018555,False
122,5067,250,8.176677703857422,False
122,9885,892,6.414586544036865,False
122,40367,592,6.955084323883057,False
122,40522,3390,3.250155448913574,False
122,30895,570,7.004180431365967,False
122,10381,448,7.353837966918945,False
122,41924,69,10.394353866577148,False
122,1061,1707,4.956235885620117,False
122,29279,1520,5.398591995239258,False
122,22955,594,6.953370094299316,False
122,18616,283,8.011082649230957,False
122,18617,739,6.661566734313965,False
122,7927,2706,3.5973567962646484,False
122,6810,547,7.061649322509766,False
122,10378,233,8.29996395111084,False
122,1442,464,7.291337013244629,False
122,26761,1441,5.560347080230713,False
122,6453,146,9.263704299926758,False
122,16191,121,9.617158889770508,False
122,34782,124,9.588278770446777,False
122,12998,125,9.57927131652832,False
122,35096,108,9.791327476501465,False
122,2595,526,7.106768608093262,False
122,42888,1583,5.270562171936035,False
122,40192,627,6.8712053298950195,False
122,40193,1440,5.560916900634766,False
122,3865,206,8.654247283935547,False
122,17720,1659,5.100805282592773,False
122,17710,1264,5.88484001159668,False
122,14910,580,6.975809097290039,False
122,24784,4860,2.6196486949920654,False
122,17716,1487,5.466205596923828,False
122,14533,1377,5.680027961730957,False
122,37590,1375,5.680866241455078,False
122,30375,152,9.096245765686035,False
122,18384,854,6.470511436462402,False
122,31491,1184,5.991983413696289,False
122,18313,6369,2.0362839698791504,False
122,18032,445,7.360533714294434,False
122,8351,933,6.344130516052246,False
122,25494,1360,5.71742582321167,False
122,42207,1678,5.062024116516113,False
122,5057,338,7.737168312072754,False
122,5946,1522,5.396121978759766,False
122,28517,1619,5.1858015060424805,False
122,25353,365,7.646168231964111,False
122,17770,295,7.986572265625,False
122,25512,183,8.813215255737305,False
122,33527,296,7.986572265625,False
122,5021,282,8.019287109375,False
122,17715,1322,5.7794599533081055,False
122,40380,178,8.874170303344727,False
122,1293,84,10.11697006225586,False
122,33528,420,7.434774398803711,False
122,7371,2607,3.651848554611206,False
122,25715,4799,2.640038013458252,False
122,22018,173,8.914563179016113,False
122,4734,1728,4.9271650314331055,False
122,14282,99,9.915716171264648,False
122,7929,1242,5.915874481201172,False
122,14808,2834,3.518533229827881,False
122,2611,85,10.11697006225586,False
122,25690,1112,6.099745750427246,False
122,18075,483,7.239552021026611,False
122,18051,129,9.558740615844727,False
122,22657,133,9.482942581176758,False
122,31494,1414,5.604292869567871,False
122,26788,962,6.292253494262695,False
122,41707,5049,2.5579795837402344,False
122,32223,1509,5.416159152984619,False
122,17848,2132,4.031685829162598,False
122,25559,1064,6.162715911865234,False
122,35376,1188,5.989603519439697,False
122,39714,1105,6.103075981140137,False
122,26476,686,6.739541530609131,False
122,19584,1935,4.3856987953186035,False
122,1000,471,7.270748615264893,False
122,29276,3198,3.3436925411224365,False
122,13829,676,6.759005069732666,False
122,40401,1056,6.17117977142334,False
122,1067,3834,3.0391554832458496,False
122,40373,297,7.978222370147705,False
122,14531,564,7.019346237182617,False
122,6900,727,6.678732872009277,False
122,26774,1550,5.3451690673828125,False
122,24118,524,7.112452507019043,False
122,26800,5955,2.1922316551208496,False
122,13234,239,8.27160358428955,False
122,26910,1514,5.402560234069824,False
122,29424,5929,2.2032361030578613,False
122,29425,5930,2.2032361030578613,False
122,32557,388,7.555489540100098,False
122,9003,617,6.8921051025390625,False
122,22654,115,9.683647155761719,False
122,14242,876,6.446044445037842,False
122,40519,667,6.790266036987305,False
122,5061,371,7.630756855010986,False
122,30780,353,7.683593273162842,False
122,30374,1278,5.857900142669678,False
122,17707,1608,5.210000038146973,False
122,24127,522,7.123848915100098,False
122,5004,347,7.701369285583496,False
122,5704,1432,5.576061248779297,False
122,5054,381,7.578641414642334,False
122,9206,11,12.381562232971191,False
122,5056,263,8.119088172912598,False
122,9317,968,6.2867751121521,False
122,8962,696,6.721713542938232,False
122,9408,940,6.326079845428467,False
122,39634,3651,3.1168057918548584,False
122,7912,1852,4.588656902313232,False
122,36114,196,8.721685409545898,False
122,39522,1618,5.1882500648498535,False
122,40385,311,7.893098831176758,False
122,5058,389,7.552849769592285,False
122,9409,363,7.648287773132324,False
122,32416,963,6.292253494262695,False
122,26336,1453,5.527970314025879,False
122,24122,709,6.710434913635254,False
122,33461,544,7.070629119873047,False
122,11634,1593,5.25225305557251,False
122,11679,840,6.4993696212768555,False
122,41697,1084,6.134084701538086,False
122,7170,1567,5.3075971603393555,False
122,17731,1454,5.525918006896973,False
122,24126,552,7.050443649291992,False
122,38658,826,6.522672176361084,False
122,25504,1262,5.887592792510986,False
122,20587,2322,3.8454508781433105,False
122,13767,4561,2.7388827800750732,False
122,4335,235,8.295427322387695,False
122,39503,553,7.045218467712402,False
122,36241,61,10.573630332946777,False
122,13652,6282,2.081345558166504,False
122,16880,134,9.478161811828613,False
122,8723,466,7.288280010223389,False
122,5706,1738,4.908931732177734,False
122,12237,999,6.23203182220459,False
122,12238,1147,6.05943489074707,False
122,33364,3165,3.3579041957855225,False
122,7062,1253,5.903186321258545,False
122,25354,1117,6.093120574951172,False
122,8223,286,8.007294654846191,False
122,18678,345,7.710287094116211,False
122,40530,1374,5.688022613525391,False
122,5521,429,7.3992743492126465,False
122,24917,248,8.196045875549316,False
122,29466,951,6.309952259063721,False
122,5522,1695,5.008710861206055,False
122,5523,6052,2.1563313007354736,False
122,23565,3740,3.0803492069244385,False
122,845,1742,4.905384540557861,False
122,42424,543,7.071323394775391,False
122,28516,1597,5.236982822418213,False
122,5023,352,7.683593273162842,False
122,18070,241,8.252391815185547,False
122,5925,6546,1.9010499715805054,False
122,9884,419,7.434774398803711,False
122,38896,1612,5.196754455566406,False
122,7410,5915,2.2069287300109863,False
122,25767,158,9.016319274902344,False
122,4788,884,6.430462837219238,False
122,6501,33,11.344602584838867,False
122,6502,34,11.344602584838867,False
122,29251,658,6.810455799102783,False
122,14412,6,13.044363021850586,False
122,4524,1216,5.954294204711914,False
122,38297,1576,5.294543743133545,False
122,13712,1633,5.145005702972412,False
122,13162,57,10.604270935058594,False
122,42164,199,8.714675903320312,False
122,24268,5210,2.5002670288085938,False
122,24269,5307,2.467470169067383,False
122,37936,269,8.068873405456543,False
122,29453,1142,6.067052841186523,False
122,15606,1553,5.335886001586914,False
122,15607,473,7.268789768218994,False
122,35696,3668,3.109445571899414,False
122,20605,641,6.844667434692383,False
122,17701,1792,4.751356601715088,False
122,25491,1392,5.649068832397461,False
122,31363,1439,5.560916900634766,False
122,7315,2936,3.466766119003296,False
122,1052,656,6.810455799102783,False
122,6897,614,6.901301860809326,False
122,8097,94,9.977348327636719,False
122,9194,12,12.333577156066895,False
122,13,460,7.308986186981201,False
122,9203,15,12.054031372070312,False
122,42889,1202,5.967220306396484,False
122,1533,2714,3.5895116329193115,False
122,17698,1768,4.82015323638916,False
122,6021,649,6.821063995361328,False
122,37669,675,6.7623209953308105,False
122,18355,109,9.75934886932373,False
122,36339,1248,5.906550407409668,False
122,14260,1133,6.079371452331543,False
122,35440,3283,3.3017709255218506,False
122,26335,1523,5.3921709060668945,False
122,2616,1547,5.351484298706055,False
122,40379,28,11.589790344238281,False
122,39738,1722,4.932994842529297,False
122,23656,1560,5.326314926147461,False
122,24731,1368,5.695197105407715,False
122,22820,1492,5.454647064208984,False
122,24722,1434,5.575694561004639,False
122,16775,21,11.860610008239746,False
122,5710,1037,6.19318962097168,False
122,29235,174,8.91382122039795,False
122,29310,989,6.250005722045898,False
122,2691,1627,5.1539106369018555,False
122,31675,959,6.296814441680908,False
122,35294,337,7.73999547958374,False
122,9424,14668,0.0,True
122,21156,192,8.761058807373047,False
122,26803,5775,2.263843059539795,False
122,25489,1239,5.922951698303223,False
122,39908,795,6.568758964538574,False
122,33530,394,7.535752296447754,False
122,1847,1671,5.07780647277832,False
122,27646,198,8.714675903320312,False
122,15845,1537,5.370229244232178,False
122,2445,1080,6.139361381530762,False
122,5476,607,6.919773101806641,False
122,26763,2403,3.785499095916748,False
122,26762,1505,5.423635959625244,False
122,18052,49,10.96113395690918,False
122,7908,1530,5.381769180297852,False
122,30779,692,6.730785369873047,False
122,38859,2837,3.5163238048553467,False
122,40383,244,8.240055084228516,False
122,7309,606,6.924356937408447,False
122,17699,1775,4.806234836578369,False
122,6898,636,6.85556697845459,False
122,6899,639,6.846495628356934,False
122,17063,1701,4.981344223022461,False
122,24283,1007,6.2227325439453125,False
122,29450,1366,5.697414398193359,False
122,1055,3046,3.4159791469573975,False
122,2664,190,8.777214050292969,False
122,42404,4629,2.710691213607788,False
122,6232,309,7.899497985839844,False
122,42652,396,7.517502784729004,False
122,42892,1502,5.428475379943848,False
122,29451,1397,5.645301818847656,False
122,6008,808,6.543353080749512,False
122,25513,181,8.856549263000488,False
122,19971,318,7.846588134765625,False
122,11263,4403,2.8030166625976562,False
122,24960,119,9.62702751159668,False
122,13720,6062,2.1563313007354736,False
122,39897,1369,5.695197105407715,False
122,11071,72,10.289993286132812,False
122,454,831,6.515935897827148,False
122,2690,1641,5.1294145584106445,False
122,39669,998,6.232687473297119,False
122,4332,1227,5.941880226135254,False
122,4337,485,7.222278594970703,False
122,5459,83,10.131948471069336,False
122,2551,131,9.513248443603516,False
122,37551,917,6.378013610839844,False
122,26156,1506,5.421972751617432,False
122,1985,864,6.45980978012085,False
122,35357,147,9.263704299926758,False
122,42890,1361,5.713757038116455,False
122,17725,1539,5.363799095153809,False
122,40440,881,6.43582820892334,False
122,14283,882,6.434756278991699,False
122,17714,1341,5.74342155456543,False
122,7160,1310,5.797640800476074,False
122,7414,404,7.490577697753906,False
122,32406,1169,6.022400379180908,False
122,18669,1370,5.690260887145996,False
122,39323,6336,2.0553550720214844,False
122,40375,220,8.463175773620605,False
122,22074,1088,6.1281585693359375,False
122,41963,496,7.209702491760254,False
122,4350,359,7.666116237640381,False
122,1287,112,9.743032455444336,False
122,5273,48,10.964264869689941,False
122,28809,164,8.94820785522461,False
122,18054,271,8.059930801391602,False
122,13645,5851,2.233128309249878,False
122,16575,514,7.149611949920654,False
122,35303,4245,2.8733577728271484,False
122,2621,629,6.868569374084473,False
122,8210,733,6.674544811248779,False
122,4338,433,7.388223648071289,False
122,24305,477,7.260499954223633,False
122,1289,120,9.620162010192871,False
122,22649,2783,3.5557005405426025,False
122,9388,25,11.798580169677734,False
122,24276,1642,5.125538349151611,False
122,4349,425,7.414200782775879,False
122,13650,4823,2.6347556114196777,False
122,34824,597,6.938347816467285,False
122,2622,648,6.825069427490234,False
122,19298,111,9.745197296142578,False
122,35209,5769,2.2677419185638428,False
122,14413,330,7.782386779785156,False
122,33502,1161,6.034563064575195,False
122,26811,1536,5.372454643249512,False
122,6270,113,9.722381591796875,False
122,1943,899,6.404872894287109,False
122,17771,665,6.792582988739014,False
122,32405,2896,3.4828128814697266,False
122,42891,1301,5.815987586975098,False
122,1284,58,10.582344055175781,False
122,4681,711,6.706786155700684,False
122,25511,4856,2.621641159057617,False
122,41708,967,6.289544105529785,False
122,7270,1386,5.665010452270508,False
122,29420,1589,5.260379791259766,False
122,5053,356,7.674736976623535,False
122,6959,1526,5.383289813995361,False
122,9440,386,7.562282562255859,False
122,40491,1485,5.474445343017578,False
122,40200,66,10.43498420715332,False
122,5271,2591,3.662004232406616,False
122,5060,251,8.171116828918457,False
122,25721,382,7.575572490692139,False
122,25352,565,7.019346237182617,False
122,31428,1083,6.134794235229492,False
122,5918,708,6.710434913635254,False
122,5274,36,11.206727981567383,False
122,23526,289,8.00289535522461,False
122,22062,934,6.343898296356201,False
122,10831,1400,5.643150806427002,False
122,42881,1309,5.799772262573242,False
122,24916,277,8.035941123962402,False
122,33503,51,10.856701850891113,False
122,2609,518,7.129561424255371,False
122,37284,5711,2.2874395847320557,False
122,14269,24,11.829599380493164,False
122,31443,906,6.389814376831055,False
122,42159,89,10.057517051696777,False
122,2568,60,10.573630332946777,False
122,5658,188,8.78030014038086,False
122,40514,1500,5.434993743896484,False
122,25696,1380,5.673727989196777,False
122,40615,1069,6.15479040145874,False
122,26691,122,9.59443473815918,False
122,2785,749,6.647887229919434,False
122,21160,1122,6.087601661682129,False
122,37633,39,11.112576484680176,False
122,25815,249,8.186359405517578,False
122,30009,415,7.451415061950684,False
122,17745,65,10.477434158325195,False
122,9201,17,12.038908958435059,False
122,24485,550,7.052003860473633,False
122,6233,331,7.776715278625488,False
122,17749,4,13.185275077819824,False
123,11450,1350,3.075611114501953,False
123,7574,3449,2.741035223007202,False
123,1713,3146,2.79076886177063,False
123,560,4706,2.4455490112304688,False
123,39319,4892,2.3912353515625,False
123,38690,4446,2.528836488723755,False
123,7181,175,3.4215502738952637,False
123,32914,3881,2.6663665771484375,False
123,13945,1205,3.0999629497528076,False
123,25563,6531,1.6938451528549194,False
123,3662,4961,2.3675734996795654,False
123,8968,1159,3.1089141368865967,False
123,42793,4857,2.4045863151550293,False
123,29516,3522,2.729454278945923,False
123,32907,3546,2.7248494625091553,False
123,10694,5218,2.2488884925842285,False
123,8980,4689,2.4511165618896484,False
123,30130,6906,1.5749170780181885,False
123,42795,6389,1.7488720417022705,False
123,28619,1983,2.9675302505493164,False
123,32071,2644,2.870122194290161,False
123,7163,5150,2.279841423034668,False
123,28872,2093,2.9512619972229004,False
123,22975,3521,2.729454278945923,False
123,28688,5781,1.973232388496399,False
123,29509,4406,2.540771245956421,False
123,21850,5577,2.0640175342559814,False
123,7372,1763,3.0027034282684326,False
123,33005,4544,2.5023880004882812,False
123,26205,5143,2.2846789360046387,False
123,39741,4460,2.525869846343994,False
123,32916,2170,2.9391770362854004,False
123,39667,4610,2.48219633102417,False
123,40436,6103,1.8447588682174683,False
123,36151,4810,2.4180874824523926,False
123,8663,5121,2.2944164276123047,False
123,40417,4611,2.48219633102417,False
123,15473,5898,1.9170193672180176,False
123,9942,2209,2.931175470352173,False
123,24549,1168,3.1072423458099365,False
123,17131,4852,2.4045863151550293,False
123,1606,2,9.606614112854004,False
123,24018,27298,0.0,True
123,16945,4943,2.372791051864624,False
123,38365,19,8.262768745422363,False
123,24927,2884,2.8323707580566406,False
123,1961,5217,2.2488884925842285,False
123,2625,2879,2.8323707580566406,False
123,26493,3195,2.785954713821411,False
123,37599,5111,2.304236888885498,False
123,26492,2887,2.8323707580566406,False
123,31013,3129,2.793182134628296,False
123,42421,1644,3.0280373096466064,False
123,24545,2064,2.9544055461883545,False
123,11444,1710,3.0122649669647217,False
123,29353,4556,2.499483108520508,False
123,26177,4721,2.442775011062622,False
123,17929,5520,2.104358434677124,False
123,32957,4889,2.3912353515625,False
123,28759,1748,3.00479793548584,False
123,22472,3501,2.731762647628784,False
123,23658,5162,2.2774300575256348,False
123,32971,2785,2.845949172973633,False
123,8993,3624,2.7111268043518066,False
123,37583,3817,2.677417516708374,False
123,1735,4199,2.5956578254699707,False
123,17013,2846,2.8373467922210693,False
123,8655,5014,2.3443751335144043,False
123,32407,5189,2.2636306285858154,False
123,34702,4325,2.5649831295013428,False
123,3649,10,9.036152839660645,False
123,37596,3314,2.7644951343536377,False
123,39525,1827,2.992271900177002,False
123,3632,5263,2.22794771194458,False
123,25726,5055,2.326643705368042,False
123,25725,5082,2.3141422271728516,False
123,40469,2526,2.8880860805511475,False
123,27994,2103,2.9492406845092773,False
123,5864,4964,2.364973306655884,False
123,35347,4872,2.3965580463409424,False
123,1524,4198,2.5956578254699707,False
123,19192,6751,1.6199387311935425,False
123,3553,3725,2.6930434703826904,False
123,40399,4461,2.525869846343994,False
123,27319,5,9.505998611450195,False
123,22832,5243,2.23720645904541,False
123,2574,2135,2.943352699279785,False
123,16826,4356,2.55584979057312,False
123,24961,4532,2.5052990913391113,False
123,36570,6047,1.8639205694198608,False
123,455,4858,2.401904344558716,False
123,39559,2798,2.844843626022339,False
123,17592,3996,2.6423730850219727,False
123,17593,1163,3.1087377071380615,False
123,20378,4719,2.442775011062622,False
123,37286,3552,2.723971366882324,False
123,40525,4385,2.546781301498413,False
123,8989,3753,2.6885602474212646,False
123,16482,840,3.173049211502075,False
123,1942,4893,2.388582944869995,False
123,34491,1446,3.060483932495117,False
123,5347,5875,1.927314043045044,False
123,20903,914,3.1571221351623535,False
123,4934,1275,3.086632490158081,False
123,32896,1552,3.04301381111145,False
123,18238,2236,2.9271910190582275,False
123,4533,1822,2.992271900177002,False
123,3500,5250,2.23488450050354,False
123,42619,3805,2.679900884628296,False
123,23838,1714,3.0111007690429688,False
123,39896,1844,2.990194082260132,False
123,37504,5888,1.9238702058792114,False
123,7373,4382,2.546781301498413,False
123,30565,3943,2.653482437133789,False
123,24289,5199,2.2583227157592773,False
123,24624,5219,2.2488884925842285,False
123,14963,4482,2.51701283454895,False
123,2641,5745,1.9878045320510864,False
123,39440,206,3.4064033031463623,False
123,32901,3346,2.7597708702087402,False
123,26500,4692,2.4511165618896484,False
123,32892,6851,1.5912097692489624,False
123,26308,2747,2.85349178314209,False
123,19260,1360,3.073416233062744,False
123,15243,1920,2.9777894020080566,False
123,40526,3349,2.7597708702087402,False
123,22129,4462,2.5246500968933105,False
123,17184,4995,2.3520572185516357,False
123,39894,4512,2.5111422538757324,False
123,32238,4040,2.6307897567749023,False
123,22112,776,3.1870269775390625,False
123,40419,3155,2.79076886177063,False
123,2693,3533,2.727149724960327,False
123,2293,2570,2.8803598880767822,False
123,1725,3818,2.676569938659668,False
123,7624,434,3.2927157878875732,False
123,13835,4355,2.55584979057312,False
123,8662,4387,2.5465445518493652,False
123,7166,5172,2.272623062133789,False
123,1860,4363,2.5528197288513184,False
123,341,687,3.2086076736450195,False
123,39735,4384,2.546781301498413,False
123,26307,3062,2.802877426147461,False
123,17085,6079,1.8511021137237549,False
123,34535,4,9.534684181213379,False
123,26309,3668,2.704317092895508,False
123,26306,2212,2.931175470352173,False
123,25655,4680,2.4539098739624023,False
123,31050,2199,2.935170888900757,False
123,24324,4996,2.3520572185516357,False
123,42639,4132,2.6103415489196777,False
123,42964,379,3.314493417739868,False
123,22113,5535,2.0920915603637695,False
123,41214,2989,2.818016290664673,False
123,32072,2645,2.870122194290161,False
123,17925,2690,2.8624916076660156,False
123,37829,4267,2.580350875854492,False
123,32899,2418,2.9035093784332275,False
123,24746,2847,2.8373467922210693,False
123,35818,3891,2.6641671657562256,False
123,23650,3986,2.643709182739258,False
123,34402,5901,1.9170193672180176,False
123,39869,4472,2.5229108333587646,False
123,40456,5968,1.8934210538864136,False
123,42790,4695,2.4511165618896484,False
123,39597,6347,1.760309100151062,False
123,2281,2738,2.8549015522003174,False
123,35057,4533,2.5052990913391113,False
123,42227,4694,2.4511165618896484,False
123,40869,4022,2.6340079307556152,False
123,8664,5384,2.1717729568481445,False
123,40438,4818,2.415374994277954,False
123,41207,4016,2.635903835296631,False
123,8656,3235,2.7763760089874268,False
123,6749,369,3.318223714828491,False
123,34676,1717,3.0111007690429688,False
123,39919,1395,3.0690360069274902,False
123,32022,5185,2.2654502391815186,False
123,29436,6324,1.76608407497406,False
123,667,118,3.464197874069214,False
123,6481,5773,1.973232388496399,False
123,28990,5048,2.329160451889038,False
123,17105,4827,2.409968614578247,False
123,18723,5676,2.0213921070098877,False
123,9945,3450,2.741035223007202,False
123,28991,4954,2.3701791763305664,False
123,7645,2192,2.935328245162964,False
124,37010,373,8.490875244140625,False
124,19750,284,8.601827621459961,False
124,19898,552,8.308225631713867,False
124,30896,620,8.256295204162598,False
124,24640,350,8.516609191894531,False
124,38855,471,8.387104034423828,False
124,38921,316,8.565469741821289,False
124,29372,235,8.694814682006836,False
124,606,732,8.192137718200684,False
124,607,800,8.151079177856445,False
124,22671,372,8.493001937866211,False
124,29467,1460,7.454967975616455,False
124,9929,582,8.28494644165039,False
124,18081,965,8.04287052154541,False
124,38856,230,8.705650329589844,False
124,39709,1300,7.763361930847168,False
124,39756,411,8.447296142578125,False
124,32567,1103,7.947928428649902,False
124,14518,6,12.275992393493652,False
124,14517,353,8.51249885559082,False
124,11787,338,8.525629997253418,False
124,38249,278,8.613332748413086,False
124,24543,1018,8.012642860412598,False
124,9935,1428,7.538504123687744,False
124,19895,492,8.36457347869873,False
124,11757,483,8.378479957580566,False
124,25145,1040,7.995368480682373,False
124,4242,359,8.505091667175293,False
124,34272,49,11.061850547790527,False
124,39758,1407,7.581257343292236,False
124,1160,437,8.421612739562988,False
124,38994,239,8.689413070678711,False
124,39725,1248,7.810878276824951,False
124,38976,2245,5.920600414276123,False
124,38975,1232,7.8252949714660645,False
124,40555,632,8.24899959564209,False
124,39648,1291,7.7721476554870605,False
124,39931,1097,7.955787181854248,False
124,38487,670,8.225059509277344,False
124,30037,12,11.984840393066406,False
124,37314,1152,7.906427383422852,False
124,29953,1011,8.015937805175781,False
124,19973,406,8.454349517822266,False
124,19972,271,8.620576858520508,False
124,2580,1797,6.42677116394043,False
124,2581,671,8.224227905273438,False
124,25866,260,8.645034790039062,False
124,39694,527,8.329313278198242,False
124,39695,588,8.278929710388184,False
124,39697,614,8.258952140808105,False
124,22912,938,8.05987548828125,False
124,40563,1148,7.910984992980957,False
124,40557,1170,7.8837175369262695,False
124,40666,1264,7.79719352722168,False
124,39524,1068,7.981449127197266,False
124,16871,1336,7.708366394042969,False
124,24983,1383,7.617053031921387,False
124,11790,328,8.543289184570312,False
124,6797,92,10.703544616699219,False
124,21183,339,8.525629997253418,False
124,42145,518,8.340391159057617,False
124,35903,311,8.5711669921875,False
124,37264,566,8.2990083694458,False
124,6799,684,8.215615272521973,False
124,23029,900,8.08350658416748,False
124,18038,1258,7.804152488708496,False
124,14525,725,8.194701194763184,False
124,295,1179,7.878783226013184,False
124,38955,1308,7.752046585083008,False
124,37815,638,8.24798583984375,False
124,31360,35,11.281816482543945,False
124,29304,1201,7.85214900970459,False
124,38828,1280,7.780953407287598,False
124,36127,1697,6.626589775085449,False
124,38873,679,8.219290733337402,False
124,29435,36,11.25967025756836,False
124,39837,1385,7.61283540725708,False
124,38681,717,8.199606895446777,False
124,13553,446,8.412635803222656,False
124,38854,643,8.244032859802246,False
124,13739,1315,7.743285655975342,False
124,13736,663,8.229634284973145,False
124,29402,17,11.708131790161133,False
124,37283,688,8.214360237121582,False
124,3365,285,8.601201057434082,False
124,14285,555,8.3064546585083,False
124,13554,442,8.416924476623535,False
124,608,839,8.131101608276367,False
124,5680,408,8.451340675354004,False
124,32592,844,8.124594688415527,False
124,17590,273,8.615701675415039,False
124,38667,1181,7.876699447631836,False
124,35910,615,8.258560180664062,False
124,5896,506,8.347757339477539,False
124,13649,713,8.199606895446777,False
124,1368,1007,8.017327308654785,False
124,15475,303,8.576902389526367,False
124,9892,847,8.121307373046875,False
124,9894,761,8.17026138305664,False
124,14528,487,8.375822067260742,False
124,13956,419,8.44240951538086,False
124,3479,916,8.073835372924805,False
124,39654,926,8.06826114654541,False
124,40418,571,8.293978691101074,False
124,13020,32,11.329294204711914,False
124,34211,1048,7.993961334228516,False
124,7763,737,8.188655853271484,False
124,29454,1318,7.743285655975342,False
124,29073,352,8.513222694396973,False
124,13240,513,8.343526840209961,False
124,22673,248,8.662525177001953,False
124,34658,1381,7.620317459106445,False
124,4250,768,8.163448333740234,False
124,32720,703,8.204830169677734,False
124,34659,1501,7.291770935058594,False
124,8349,735,8.188657760620117,False
124,32413,517,8.340391159057617,False
124,29405,426,8.434127807617188,False
124,30459,57,10.97408676147461,False
124,20878,648,8.240089416503906,False
124,29378,394,8.4669189453125,False
124,14520,482,8.378835678100586,False
124,38599,514,8.343526840209961,False
124,42296,2060,6.13658332824707,False
124,14120,351,8.515019416809082,False
124,13955,418,8.44240951538086,False
124,18381,117,10.49606704711914,False
124,3359,474,8.386991500854492,False
124,16541,112,10.54428768157959,False
124,29332,1032,8.003290176391602,False
124,38954,1426,7.547026634216309,False
124,38963,164,9.760558128356934,False
124,4597,1270,7.789780616760254,False
124,37340,1076,7.975368022918701,False
124,36566,39,11.186073303222656,False
124,38836,804,8.149665832519531,False
124,36237,901,8.08350658416748,False
124,39768,146,10.124946594238281,False
124,38677,2135,6.039551734924316,False
124,19819,954,8.051420211791992,False
124,32572,1235,7.821455478668213,False
124,9870,760,8.17058277130127,False
124,36183,699,8.2073974609375,False
124,17112,386,8.471625328063965,False
124,36778,66,10.882706642150879,False
124,6803,100,10.660818099975586,False
124,29663,254,8.65485668182373,False
124,19738,206,8.799845695495605,False
124,32074,403,8.455423355102539,False
124,20288,1737,6.547201156616211,False
124,40409,528,8.327774047851562,False
124,36140,1357,7.680898666381836,False
124,19976,431,8.425155639648438,False
124,7937,1497,7.3060197830200195,False
124,20877,617,8.257193565368652,False
124,41158,947,8.055773735046387,False
124,29666,251,8.658849716186523,False
124,16948,422,8.43843936920166,False
124,4239,565,8.301258087158203,False
124,26751,1389,7.6086225509643555,False
124,34250,240,8.68906307220459,False
124,3234,486,8.376649856567383,False
124,34265,898,8.087295532226562,False
124,4249,65,10.886056900024414,False
124,16989,377,8.481423377990723,False
124,2569,153,9.97863483428955,False
124,39764,677,8.220026969909668,False
124,41285,8,12.226975440979004,False
124,38906,779,8.160528182983398,False
124,40502,706,8.204136848449707,False
124,6344,277,8.614496231079102,False
124,28935,348,8.519197463989258,False
124,40063,438,8.421218872070312,False
124,36579,533,8.319381713867188,False
124,34285,647,8.24052619934082,False
124,5338,291,8.592240333557129,False
124,7938,554,8.308219909667969,False
124,9916,645,8.24052619934082,False
124,42391,564,8.303248405456543,False
124,25751,915,8.073984146118164,False
124,9918,941,8.05974292755127,False
124,34765,764,8.168931007385254,False
124,36111,1415,7.567462921142578,False
124,4779,361,8.501598358154297,False
124,36568,766,8.16718864440918,False
124,36552,567,8.29673957824707,False
124,36549,756,8.172544479370117,False
124,6217,30,11.337647438049316,False
124,31611,1083,7.970453262329102,False
124,4959,579,8.289592742919922,False
124,5829,219,8.724080085754395,False
124,34683,838,8.131468772888184,False
124,18079,834,8.132965087890625,False
124,32838,365,8.499279975891113,False
124,5888,383,8.473095893859863,False
124,39701,1561,7.022466659545898,False
124,36192,1302,7.760577201843262,False
124,9426,956,8.050741195678711,False
124,29382,58,10.973388671875,False
124,39720,370,8.494945526123047,False
124,20902,1153,7.903110504150391,False
124,6668,909,8.078742027282715,False
124,39948,346,8.520724296569824,False
124,37332,75,10.832115173339844,False
124,4241,407,8.453195571899414,False
124,18337,73,10.841083526611328,False
124,39766,1443,7.504827499389648,False
124,16543,1409,7.579265594482422,False
124,21180,646,8.24052619934082,False
124,40462,87,10.736102104187012,False
124,28094,398,8.463312149047852,False
124,13713,21,11.64453125,False
124,34212,924,8.069231033325195,False
124,11759,484,8.378479957580566,False
124,11796,357,8.509841918945312,False
124,13735,899,8.08350658416748,False
124,29330,1116,7.938332557678223,False
124,20273,1251,7.808270454406738,False
124,4650,249,8.65977668762207,False
124,29421,90,10.704627990722656,False
124,9323,306,8.572539329528809,False
124,12219,559,8.303560256958008,False
124,18069,866,8.111330032348633,False
124,29404,504,8.349644660949707,False
124,36149,1390,7.6086225509643555,False
124,4630,324,8.55022144317627,False
124,2642,458,8.401931762695312,False
124,29449,1034,8.002967834472656,False
124,7764,11,11.986526489257812,False
124,10288,116,10.498025894165039,False
124,4778,209,8.759363174438477,False
124,22047,142,10.186556816101074,False
124,5808,126,10.41984748840332,False
124,22666,1638,6.768872261047363,False
124,22651,665,8.228215217590332,False
124,13558,443,8.416924476623535,False
124,18380,253,8.65485668182373,False
124,3657,1131,7.92454719543457,False
124,3714,1489,7.3408203125,False
124,3659,845,8.12306022644043,False
124,604,885,8.09538745880127,False
124,3408,861,8.112415313720703,False
124,14906,238,8.689413070678711,False
124,40473,454,8.409751892089844,False
124,19985,1161,7.89103364944458,False
124,33306,280,8.610833168029785,False
124,24244,222,8.719465255737305,False
124,41695,782,8.157081604003906,False
124,4599,74,10.832244873046875,False
124,20211,1393,7.605586051940918,False
124,14121,327,8.547337532043457,False
124,22605,1398,7.596012115478516,False
124,14750,1037,7.998654365539551,False
124,35046,59,10.939872741699219,False
124,29525,264,8.640131950378418,False
124,36109,999,8.021890640258789,False
124,29505,1277,7.782942771911621,False
124,17114,498,8.355868339538574,False
124,25972,790,8.155670166015625,False
124,34239,330,8.54220199584961,False
124,22678,318,8.562093734741211,False
124,18088,633,8.24875545501709,False
124,2586,1281,7.7808837890625,False
124,38247,315,8.565927505493164,False
124,7011,1274,7.78851318359375,False
124,34248,1366,7.668686866760254,False
124,35894,785,8.156410217285156,False
124,35911,934,8.063708305358887,False
124,39614,985,8.029233932495117,False
124,35900,5350,2.8440957069396973,False
124,18633,769,8.163178443908691,False
124,32589,693,8.210235595703125,False
124,28913,4,12.31509017944336,False
124,13555,463,8.39552116394043,False
124,13556,432,8.423111915588379,False
124,13559,425,8.434127807617188,False
124,29984,981,8.031414031982422,False
124,16876,957,8.050276756286621,False
124,2810,108,10.56247329711914,False
124,20876,603,8.266423225402832,False
124,23537,1167,7.88644552230835,False
124,2643,481,8.378835678100586,False
124,14863,374,8.490533828735352,False
124,9893,80,10.799942016601562,False
124,36765,910,8.078742027282715,False
124,14535,308,8.572077751159668,False
124,40416,1082,7.970733642578125,False
124,610,801,8.151079177856445,False
124,19530,653,8.238446235656738,False
124,35892,89,10.707123756408691,False
124,33698,1254,7.807549476623535,False
124,26951,501,8.351289749145508,False
124,25613,1478,7.372171878814697,False
124,36208,387,8.471014976501465,False
124,12981,134,10.316152572631836,False
124,29373,43,11.16141414642334,False
124,5696,1079,7.9709062576293945,False
124,27291,33,11.293475151062012,False
124,32588,1343,7.696533679962158,False
124,27987,382,8.477449417114258,False
124,40496,829,8.136297225952148,False
124,38248,803,8.150345802307129,False
124,25589,364,8.499279975891113,False
124,6796,3,12.379581451416016,False
124,29281,496,8.359848022460938,False
124,36551,491,8.365039825439453,False
124,5716,258,8.645034790039062,False
124,14122,399,8.46297550201416,False
124,3095,48,11.066922187805176,False
124,5398,451,8.41231632232666,False
124,6961,1447,7.494070053100586,False
124,6227,344,8.52122688293457,False
124,4238,1200,7.8526153564453125,False
124,37301,1397,7.600211143493652,False
124,23561,296,8.586568832397461,False
124,13557,480,8.382734298706055,False
124,5713,299,8.578832626342773,False
124,35912,522,8.333025932312012,False
124,2542,263,8.640131950378418,False
124,6962,1134,7.923198699951172,False
124,25061,224,8.719252586364746,False
124,42387,895,8.087919235229492,False
124,37299,294,8.591411590576172,False
124,36779,494,8.361507415771484,False
125,27655,639,5.772886276245117,False
126,26746,215,10.417801856994629,False
126,31054,184,10.611361503601074,False
126,39727,270,9.9649658203125,False
126,13151,53,11.595830917358398,False
126,39748,329,9.268613815307617,False
126,6011,66,11.379365921020508,False
126,26511,142,10.88302993774414,False
126,39691,213,10.424154281616211,False
126,26302,264,10.021563529968262,False
126,1498,36,11.842109680175781,False
126,39005,146,10.836356163024902,False
126,39006,147,10.836356163024902,False
126,41266,68,11.36571216583252,False
126,28820,278,9.889618873596191,False
126,33075,331,9.249785423278809,False
126,19462,73,11.333155632019043,False
126,27747,1625,6.6247406005859375,False
126,23845,265,10.010019302368164,False
126,7333,159,10.729158401489258,False
126,39731,237,10.284111022949219,False
126,23939,312,9.468207359313965,False
126,38686,192,10.510429382324219,False
126,4590,80,11.28608512878418,False
126,10747,276,9.916024208068848,False
126,39746,134,10.919999122619629,False
126,17188,248,10.144036293029785,False
126,29087,2,12.888574600219727,False
126,7409,228,10.343755722045898,False
126,23854,1684,6.546787738800049,False
126,14872,825,7.416377067565918,False
126,31410,35,11.861690521240234,False
126,5413,152,10.763689041137695,False
126,34256,14,12.32635498046875,False
126,7298,48,11.644733428955078,False
126,38986,21,12.125103950500488,False
126,23844,245,10.156869888305664,False
126,10829,305,9.538920402526855,False
126,5812,104,11.099199295043945,False
126,28199,55,11.5728759765625,False
126,18328,277,9.911142349243164,False
126,5571,250,10.12274169921875,False
126,21597,236,10.286033630371094,False
126,38926,108,11.053735733032227,False
126,29239,58,11.531672477722168,False
126,39004,111,11.049598693847656,False
126,8344,299,9.63538932800293,False
126,36174,263,10.022623062133789,False
126,32795,281,9.846450805664062,False
126,9730,56,11.567797660827637,False
126,18331,109,11.052305221557617,False
126,28228,3,12.856844902038574,False
126,29223,41,11.798083305358887,False
126,8967,13,12.326601028442383,False
126,34696,181,10.632394790649414,False
126,2604,112,11.049144744873047,False
126,39767,155,10.750250816345215,False
126,14288,10,12.463264465332031,False
126,22987,54,11.590717315673828,False
126,20951,194,10.493258476257324,False
126,5263,82,11.282856941223145,False
126,16411,46,11.66574478149414,False
126,40170,174,10.660852432250977,False
126,34407,59,11.527936935424805,False
126,25734,101,11.13315486907959,False
126,35786,449,8.217307090759277,False
126,36182,96,11.185445785522461,False
126,9489,6,12.666597366333008,False
126,6970,177,10.65002155303955,False
126,39009,161,10.723724365234375,False
126,39010,162,10.723724365234375,False
126,39011,163,10.723724365234375,False
126,39012,164,10.723724365234375,False
126,32273,43,11.768895149230957,False
126,42224,284,9.825281143188477,False
126,28821,234,10.2985200881958,False
126,14885,145,10.839285850524902,False
126,16511,143,10.8712739944458,False
126,20527,57,11.556259155273438,False
126,35769,113,11.039185523986816,False
126,40174,195,10.48123550415039,False
126,15615,95,11.19074535369873,False
126,34138,22,12.116191864013672,False
126,31584,81,11.284191131591797,False
126,32272,141,10.884040832519531,False
126,14894,25,12.057537078857422,False
126,24329,154,10.751646041870117,False
126,8130,83,11.282280921936035,False
126,15796,335,9.14419937133789,False
126,37564,877,7.350659370422363,False
126,17151,125,10.95969009399414,False
126,7728,317,9.374112129211426,False
126,35366,39,11.817028045654297,False
126,10713,319,9.351936340332031,False
126,32035,90,11.227109909057617,False
126,5994,348,8.96868896484375,False
126,19421,936,7.275577068328857,False
126,39659,257,10.067172050476074,False
126,28897,74,11.31840705871582,False
126,28898,75,11.31840705871582,False
126,27688,24,12.079362869262695,False
126,42342,191,10.523554801940918,False
126,29319,118,11.020318984985352,False
126,5560,171,10.687800407409668,False
126,32274,105,11.07938003540039,False
126,37952,51,11.596704483032227,False
126,5565,308,9.498645782470703,False
126,5566,244,10.164665222167969,False
126,18610,77,11.309730529785156,False
126,5993,157,10.745538711547852,False
126,17292,1,13.179557800292969,False
126,24149,32,11.917363166809082,False
126,10692,296,9.706487655639648,False
126,37320,139,10.900333404541016,False
126,1535,94,11.195562362670898,False
126,23888,241,10.229595184326172,False
126,11062,144,10.867233276367188,False
126,22993,165,10.717477798461914,False
126,14564,9,12.4696683883667,False
126,19695,128,10.950441360473633,False
126,1059,179,10.639510154724121,False
126,31230,38,11.830083847045898,False
126,24719,332,9.226259231567383,False
126,24958,19,12.16089153289795,False
126,37329,33,11.884920120239258,False
126,5458,135,10.91286849975586,False
126,65,300,9.632740020751953,False
126,31531,272,9.938714027404785,False
126,5839,52,11.595932960510254,False
126,17654,138,10.91215705871582,False
126,4309,78,11.304222106933594,False
126,36163,65,11.428625106811523,False
126,16463,204,10.454421043395996,False
126,29396,122,11.00149917602539,False
126,27599,88,11.239624977111816,False
126,15614,26,11.994298934936523,False
126,19692,115,11.034896850585938,False
126,22943,87,11.249740600585938,False
126,16460,117,11.023765563964844,False
126,31390,275,9.916194915771484,False
126,13942,64,11.428718566894531,False
126,24148,123,10.991922378540039,False
126,37358,214,10.418578147888184,False
126,32462,210,10.430704116821289,False
126,16458,136,10.912321090698242,False
126,23014,119,11.014415740966797,False
126,41199,328,9.269144058227539,False
126,27583,37,11.83279800415039,False
126,24150,167,10.710586547851562,False
126,35816,148,10.831806182861328,False
126,14845,62,11.459399223327637,False
126,28541,28,11.989401817321777,False
126,39003,124,10.990550994873047,False
126,1125,256,10.068365097045898,False
126,22970,5,12.696414947509766,False
126,34232,17,12.247342109680176,False
126,1926,93,11.197736740112305,False
126,1742,314,9.406427383422852,False
126,24249,992,7.218737602233887,False
126,38937,266,10.00578784942627,False
126,16245,79,11.292622566223145,False
126,11060,140,10.895009994506836,False
126,31395,11,12.368188858032227,False
126,17353,18,12.216569900512695,False
126,42160,69,11.360998153686523,False
126,5279,71,11.341825485229492,False
126,29390,114,11.035219192504883,False
126,5467,304,9.568305969238281,False
126,27743,89,11.236120223999023,False
126,40064,29,11.979226112365723,False
126,11255,311,9.469413757324219,False
126,19813,107,11.068109512329102,False
126,24942,258,10.053234100341797,False
126,40675,86,11.259180068969727,False
126,39372,100,11.156896591186523,False
126,28535,60,11.50992488861084,False
126,13700,42,11.786796569824219,False
126,13941,99,11.158771514892578,False
126,4789,166,10.714181900024414,False
126,42240,316,9.3759765625,False
126,9324,188,10.542499542236328,False
126,31412,851,7.383419990539551,False
126,9491,4,12.803438186645508,False
126,26164,203,10.45869255065918,False
126,39371,8,12.514199256896973,False
126,39562,160,10.723726272583008,False
126,18058,186,10.602482795715332,False
126,26554,44,11.730230331420898,False
126,18161,16,12.254239082336426,False
126,29442,172,10.680123329162598,False
126,2681,246,10.151250839233398,False
126,24273,91,11.216266632080078,False
126,36081,156,10.74746322631836,False
126,22681,297,9.703067779541016,False
126,2455,168,10.708251953125,False
126,16749,323,9.315957069396973,False
126,26368,98,11.164644241333008,False
126,9411,173,10.674545288085938,False
126,24251,47,11.65860652923584,False
126,28259,49,11.641031265258789,False
126,28260,45,11.718496322631836,False
126,19642,27,11.992451667785645,False
126,28539,7,12.618560791015625,False
126,26384,76,11.31268310546875,False
126,8341,290,9.75819206237793,False
126,19696,137,10.912321090698242,False
126,31505,15,12.267271041870117,False
126,18432,132,10.926346778869629,False
126,32591,180,10.633256912231445,False
126,42157,212,10.426533699035645,False
126,42154,201,10.461614608764648,False
126,42146,219,10.391702651977539,False
126,6574,63,11.451009750366211,False
126,5383,983,7.223003387451172,False
126,42155,230,10.339920043945312,False
126,18477,97,11.17619514465332,False
126,603,67,11.365922927856445,False
126,1060,217,10.403337478637695,False
126,42149,197,10.479249954223633,False
126,41340,116,11.032098770141602,False
126,33539,247,10.14802074432373,False
126,42158,202,10.461614608764648,False
126,35810,190,10.525819778442383,False
126,42152,200,10.461614608764648,False
126,28531,102,11.12485122680664,False
126,28219,50,11.62884521484375,False
126,42147,196,10.479249954223633,False
126,8323,253,10.09208869934082,False
126,2651,343,9.047863006591797,False
126,7899,274,9.920856475830078,False
126,42156,208,10.435280799865723,False
126,42151,216,10.409086227416992,False
126,14078,31,11.92691421508789,False
126,27057,225,10.363975524902344,False
126,42153,207,10.435280799865723,False
126,29376,231,10.326637268066406,False
126,27020,12,12.342192649841309,False
126,4308,238,10.254107475280762,False
126,32355,232,10.311464309692383,False
126,18431,193,10.506608963012695,False
126,42148,223,10.374380111694336,False
126,42150,211,10.426533699035645,False
127,38,159,10.911628723144531,False
127,28189,823,4.7604827880859375,False
127,28190,1212,4.5546183586120605,False
127,6906,104,11.54387092590332,False
127,27498,32,12.395231246948242,False
127,36841,257,8.646650314331055,False
127,6908,86,11.77355670928955,False
127,22952,134,11.156692504882812,False
127,2412,200,10.066795349121094,False
127,2449,85,11.799678802490234,False
127,34169,158,10.932039260864258,False
127,34227,93,11.655481338500977,False
127,9256,113,11.427017211914062,False
127,29456,116,11.393638610839844,False
127,42677,309,7.954729080200195,False
127,1008,226,9.319441795349121,False
127,1013,133,11.162568092346191,False
127,31272,96,11.603437423706055,False
127,8254,28,12.478302955627441,False
127,8461,160,10.892495155334473,False
127,41712,33,12.384716987609863,False
127,9427,170,10.696243286132812,False
127,9428,123,11.265664100646973,False
127,33462,1261,4.526503562927246,False
127,20864,253,8.688858032226562,False
127,11280,165,10.781561851501465,False
127,8311,39,12.322870254516602,False
127,14462,5,13.060600280761719,False
127,28236,318,7.8529052734375,False
127,17837,209,9.897321701049805,False
127,37152,145,11.058372497558594,False
127,39317,11,12.82985782623291,False
127,39316,36,12.371484756469727,False
127,42048,50,12.242612838745117,False
127,1261,60,12.064458847045898,False
127,36167,327,7.625992774963379,False
127,9255,156,10.966672897338867,False
127,38892,98,11.58986759185791,False
127,33305,484,5.000790596008301,False
127,19296,186,10.430618286132812,False
127,30932,91,11.67524528503418,False
127,33482,164,10.790477752685547,False
127,8460,221,9.445684432983398,False
127,34174,224,9.422645568847656,False
127,17631,57,12.089727401733398,False
127,1029,215,9.606409072875977,False
127,20346,62,12.022270202636719,False
127,31619,197,10.098565101623535,False
127,32928,183,10.507209777832031,False
127,21933,40,12.322800636291504,False
127,21934,38,12.337451934814453,False
127,20365,152,11.013906478881836,False
127,38676,259,8.637334823608398,False
127,39942,43,12.30911636352539,False
127,1034,220,9.471939086914062,False
127,14237,252,8.707433700561523,False
127,8668,58,12.086017608642578,False
127,12225,2,13.334432601928711,False
127,14141,260,8.606173515319824,False
127,34600,271,8.416550636291504,False
127,21200,130,11.20585823059082,False
127,18780,53,12.14516544342041,False
127,41354,88,11.730138778686523,False
127,41710,111,11.450284957885742,False
127,41711,107,11.51284408569336,False
127,20543,74,11.95068359375,False
127,9410,8,12.90233039855957,False
127,33524,218,9.491540908813477,False
127,41343,101,11.570114135742188,False
127,2222,135,11.142820358276367,False
127,26254,157,10.96186351776123,False
127,38056,55,12.114885330200195,False
127,40019,109,11.49411678314209,False
127,6386,119,11.343524932861328,False
127,39664,172,10.695116996765137,False
127,20371,166,10.749052047729492,False
127,34171,161,10.888127326965332,False
127,33676,222,9.437662124633789,False
127,1122,19,12.700274467468262,False
127,9419,196,10.142500877380371,False
127,37581,68,11.971061706542969,False
127,35738,229,9.308324813842773,False
127,6946,179,10.585933685302734,False
127,26227,72,11.956195831298828,False
127,29988,151,11.01817512512207,False
127,32637,132,11.170759201049805,False
127,18670,37,12.357152938842773,False
127,28184,10,12.85422134399414,False
127,1868,66,11.999732971191406,False
127,18252,75,11.911825180053711,False
127,26482,138,11.094785690307617,False
127,19256,122,11.270340919494629,False
127,39759,144,11.05837631225586,False
127,18540,118,11.368921279907227,False
127,10701,18,12.734577178955078,False
127,41208,94,11.64517879486084,False
127,8812,155,10.992664337158203,False
127,9296,13,12.805200576782227,False
127,20344,48,12.268415451049805,False
127,20345,44,12.300661087036133,False
127,5304,7,13.0179443359375,False
127,36478,230,9.29714584350586,False
127,6915,171,10.695116996765137,False
127,41226,154,10.997726440429688,False
127,17387,1,13.368925094604492,False
127,33481,185,10.441612243652344,False
127,38054,143,11.066404342651367,False
127,5289,12,12.821374893188477,False
127,41228,216,9.56223201751709,False
127,29816,99,11.584123611450195,False
127,28110,56,12.104613304138184,False
127,18392,22,12.582260131835938,False
127,1745,177,10.663224220275879,False
127,41173,162,10.883913040161133,False
127,16045,63,12.02025318145752,False
127,39982,192,10.221935272216797,False
127,18668,290,8.165311813354492,False
127,29993,73,11.955745697021484,False
127,31044,178,10.621789932250977,False
127,5010,76,11.897109985351562,False
127,760,206,9.947287559509277,False
127,22945,69,11.964910507202148,False
127,41160,163,10.807242393493652,False
127,34168,52,12.1689453125,False
127,893,17,12.741195678710938,False
127,38665,139,11.09440803527832,False
127,40022,16,12.755064010620117,False
127,36253,136,11.133352279663086,False
127,5469,95,11.64023208618164,False
127,41159,51,12.228954315185547,False
127,34246,89,11.705997467041016,False
127,34245,77,11.887887954711914,False
127,34175,153,11.012177467346191,False
127,34172,148,11.039209365844727,False
127,33299,120,11.32684326171875,False
127,14248,105,11.539310455322266,False
127,31175,97,11.593238830566406,False
127,4220,92,11.657888412475586,False
127,6916,175,10.667581558227539,False
127,16626,108,11.503177642822266,False
127,1554,49,12.248117446899414,False
127,37447,115,11.400835037231445,False
127,26512,188,10.315820693969727,False
127,20930,59,12.078950881958008,False
127,37445,112,11.439769744873047,False
127,31612,114,11.41219711303711,False
127,2721,34,12.381340026855469,False
127,9266,100,11.583812713623047,False
127,40673,47,12.276521682739258,False
127,3090,24,12.552312850952148,False
127,4216,187,10.323707580566406,False
127,291,103,11.551575660705566,False
127,34170,61,12.040465354919434,False
127,25705,131,11.189242362976074,False
127,17629,15,12.787176132202148,False
127,17635,41,12.322513580322266,False
127,8576,137,11.125125885009766,False
127,17630,70,11.96059513092041,False
127,28239,26,12.5244140625,False
128,3130,16,13.236102104187012,False
128,30266,88,12.488147735595703,False
128,35416,79,12.594927787780762,False
128,30896,28,13.155118942260742,False
128,38921,5,13.42323112487793,False
128,38669,7,13.408008575439453,False
128,19877,74,12.73377513885498,False
128,18473,10,13.337019920349121,False
128,5071,11,13.278800010681152,False
128,5013,75,12.733229637145996,False
128,8896,50,12.931669235229492,False
128,7475,108,12.07199764251709,False
128,7477,125,11.676048278808594,False
128,20897,20,13.17156982421875,False
128,15809,8,13.349014282226562,False
128,15478,44,12.965425491333008,False
128,27694,115,11.882314682006836,False
128,4987,31,13.136707305908203,False
128,4219,72,12.739575386047363,False
128,6807,68,12.787579536437988,False
128,8899,40,13.006351470947266,False
128,4240,61,12.847322463989258,False
128,26824,6,13.415132522583008,False
128,15495,66,12.791460990905762,False
128,24983,111,11.993888854980469,False
128,8639,26,13.155210494995117,False
128,6103,60,12.848090171813965,False
128,8901,13,13.2633056640625,False
128,39846,73,12.739543914794922,False
128,16005,97,12.296826362609863,False
128,5160,87,12.511090278625488,False
128,35896,37,13.02474308013916,False
128,38854,24,13.159926414489746,False
128,20899,59,12.852540969848633,False
128,19693,38,13.021966934204102,False
128,37628,9,13.343379020690918,False
128,41166,93,12.417119026184082,False
128,41197,105,12.168188095092773,False
128,2772,12,13.265549659729004,False
128,34789,55,12.887024879455566,False
128,9872,48,12.941637992858887,False
128,26832,15,13.249689102172852,False
128,23575,142,11.219718933105469,False
128,41312,14,13.261758804321289,False
128,23338,25,13.157039642333984,False
128,8643,51,12.918842315673828,False
128,15546,92,12.438758850097656,False
128,24932,119,11.817717552185059,False
128,20054,112,11.957098007202148,False
128,20055,67,12.791460990905762,False
128,35058,77,12.710546493530273,False
128,9015,42,12.983572006225586,False
128,829,54,12.899084091186523,False
128,722,86,12.520968437194824,False
128,705,64,12.813398361206055,False
128,4249,62,12.823482513427734,False
128,13166,22,13.168617248535156,False
128,37948,32,13.11859130859375,False
128,40562,76,12.72297191619873,False
128,7476,70,12.753776550292969,False
128,34975,104,12.170196533203125,False
128,8619,2,13.562701225280762,False
128,37656,29,13.148305892944336,False
128,39711,81,12.584357261657715,False
128,36031,52,12.918085098266602,False
128,25849,83,12.56592082977295,False
128,4243,56,12.864728927612305,False
128,1262,58,12.853960037231445,False
128,40462,107,12.103012084960938,False
128,17338,65,12.798087120056152,False
128,5101,84,12.552841186523438,False
128,37029,63,12.817728996276855,False
128,22067,69,12.774506568908691,False
128,2280,49,12.941598892211914,False
128,17254,36,13.038928985595703,False
128,9914,46,12.954182624816895,False
128,34976,89,12.488147735595703,False
128,1269,18,13.215120315551758,False
128,33181,1,14.030326843261719,False
128,7959,53,12.902114868164062,False
128,2771,4,13.450222969055176,False
128,30267,45,12.954446792602539,False
128,21571,35,13.056156158447266,False
128,34825,94,12.413897514343262,False
128,13164,21,13.168617248535156,False
128,13167,17,13.222545623779297,False
128,24187,19,13.17997932434082,False
128,2857,34,13.101875305175781,False
128,8640,3,13.462249755859375,False
128,17191,80,12.588476181030273,False
128,35892,82,12.571927070617676,False
128,18312,71,12.752010345458984,False
128,33179,47,12.954182624816895,False
128,35419,98,12.268983840942383,False
128,34826,90,12.477217674255371,False
128,3556,33,13.103562355041504,False
128,13506,23,13.159926414489746,False
128,4975,30,13.136707305908203,False
128,35399,43,12.966558456420898,False
128,34829,100,12.264633178710938,False
128,41196,91,12.445352554321289,False
128,13165,27,13.155210494995117,False
128,37939,41,12.995391845703125,False
128,6224,106,12.160094261169434,False
128,29378,928,7.445742130279541,False
128,33417,527,7.744500160217285,False
128,14644,1551,6.517520904541016,False
128,9919,131,11.581918716430664,False
128,37010,1130,7.290729522705078,False
128,40688,221,8.123420715332031,False
128,29666,295,7.977227687835693,False
128,25973,1452,6.844792366027832,False
128,32695,1367,7.0202555656433105,False
129,30533,30554,0.0,True
129,26483,4,10.038749694824219,False
129,30534,30555,0.0,True
129,30536,30556,0.0,True
129,30537,30557,0.0,True
129,26484,26510,0.0,True
129,12604,12656,0.0,True
129,12605,12657,0.0,True
129,12609,12661,0.0,True
129,12612,12664,0.0,True
129,12615,12667,0.0,True
129,12606,12658,0.0,True
129,12620,12672,0.0,True
129,12613,12665,0.0,True
129,12616,12668,0.0,True
129,12618,12670,0.0,True
129,12607,12659,0.0,True
129,12610,12662,0.0,True
129,12614,12666,0.0,True
129,12617,12669,0.0,True
129,12619,12671,0.0,True
129,12608,12660,0.0,True
129,12594,12646,0.0,True
129,12603,12655,0.0,True
129,12571,12623,0.0,True
129,9996,1,13.373310089111328,False
129,15115,15165,0.0,True
129,30535,2,10.74739933013916,False
130,39816,22,8.400131225585938,False
130,38651,760,5.325209140777588,False
130,38700,698,5.370277404785156,False
130,38853,918,4.928281307220459,False
130,36228,1513,3.9163527488708496,False
130,36229,1621,3.641005039215088,False
130,39779,1108,4.69099760055542,False
130,28269,1420,4.136152744293213,False
130,5715,1103,4.698666572570801,False
130,16673,1250,4.521275043487549,False
130,16671,1572,3.7699503898620605,False
130,4245,19,8.603243827819824,False
130,38300,1443,4.070257663726807,False
130,30580,771,5.292117595672607,False
130,39803,1005,4.828920841217041,False
130,35475,1561,3.79233455657959,False
130,3680,48,7.60074520111084,False
130,468,76,6.846575736999512,False
130,24396,1330,4.390064239501953,False
130,27867,1540,3.849475145339966,False
130,28325,723,5.358718395233154,False
130,38849,986,4.8452019691467285,False
130,39865,1560,3.7998552322387695,False
130,28321,722,5.358718395233154,False
130,39752,1032,4.780728340148926,False
130,29349,832,5.061460494995117,False
130,28311,742,5.351235389709473,False
130,16702,1554,3.822597026824951,False
130,14789,1156,4.64926290512085,False
130,28312,720,5.358718395233154,False
130,24977,1769,3.3897955417633057,False
130,28276,1510,3.9243733882904053,False
130,18105,70,7.0307769775390625,False
130,11671,1427,4.127243995666504,False
130,41229,1474,3.9855947494506836,False
130,32362,65,7.082798004150391,False
130,28299,715,5.358718395233154,False
130,28331,705,5.366221904754639,False
130,21767,686,5.40921688079834,False
130,28310,703,5.366221904754639,False
130,18031,670,5.474520206451416,False
130,29430,1766,3.393505573272705,False
130,16905,1310,4.430668830871582,False
130,25180,43,7.733017921447754,False
130,32158,810,5.118927955627441,False
130,28332,727,5.358718395233154,False
130,42353,54,7.529454708099365,False
130,17182,44,7.649186134338379,False
130,28322,757,5.336332321166992,False
130,19258,1155,4.653026580810547,False
130,16034,14,8.845438003540039,False
130,39780,57,7.316638946533203,False
130,39781,61,7.2582011222839355,False
130,28304,717,5.358718395233154,False
130,29293,537,5.751115798950195,False
130,39630,1173,4.630977153778076,False
130,28313,732,5.354974269866943,False
130,28327,704,5.366221904754639,False
130,28274,1468,3.9939024448394775,False
130,30270,1417,4.1451005935668945,False
130,16963,35,7.874711036682129,False
130,28279,36,7.871834754943848,False
130,28308,719,5.358718395233154,False
130,38695,1320,4.413659572601318,False
130,8844,642,5.547018051147461,False
130,28328,755,5.347501754760742,False
130,28329,725,5.358718395233154,False
130,24758,20,8.5656156539917,False
130,24757,951,4.886388778686523,False
130,35402,1580,3.7441670894622803,False
130,5126,649,5.534201622009277,False
130,14103,634,5.566355228424072,False
130,28300,702,5.366221904754639,False
130,28296,713,5.358718395233154,False
130,28314,743,5.351235389709473,False
130,28323,733,5.354974269866943,False
130,1168,693,5.381292819976807,False
130,22957,792,5.20938777923584,False
130,30461,1949,3.222302198410034,False
130,39866,73,6.871108055114746,False
130,39783,1186,4.611961364746094,False
130,20908,938,4.907245635986328,False
130,23752,1461,4.010621070861816,False
130,28278,51,7.579291343688965,False
130,37355,1879,3.288667917251587,False
130,6171,1423,4.131693363189697,False
130,36322,1454,4.035964012145996,False
130,23501,1490,3.955106496810913,False
130,28275,1396,4.190425395965576,False
130,4636,793,5.204949378967285,False
130,26932,1251,4.517722129821777,False
130,34770,7,9.657953262329102,False
130,16864,1547,3.8379099369049072,False
130,41704,1524,3.896442413330078,False
130,37354,707,5.360262393951416,False
130,3545,1185,4.611961364746094,False
130,42779,1517,3.9083642959594727,False
130,29061,1392,4.204216957092285,False
130,11144,69,7.0307769775390625,False
130,39787,1464,4.002243995666504,False
130,29562,1144,4.664353370666504,False
130,27868,1324,4.407290458679199,False
130,24974,18,8.65254020690918,False
130,1869,1620,3.641005039215088,False
130,20076,53,7.549274444580078,False
130,9314,1377,4.278956890106201,False
130,10715,1301,4.444370746612549,False
130,16669,775,5.288465976715088,False
130,16033,1662,3.5532312393188477,False
130,24732,78,6.822222709655762,False
130,17089,1200,4.593534469604492,False
130,17110,1043,4.76093053817749,False
130,4505,77,6.838438034057617,False
130,24297,1611,3.668890953063965,False
130,24412,1535,3.865004777908325,False
130,35505,68,7.03939151763916,False
130,19737,516,5.774359703063965,False
130,37600,1095,4.70635986328125,False
130,31359,1212,4.586204528808594,False
130,5708,1418,4.140621662139893,False
130,13429,1142,4.664353370666504,False
130,39851,55,7.444266319274902,False
130,25735,26,8.267919540405273,False
130,29507,1567,3.781109094619751,False
130,36391,1462,4.010621070861816,False
130,29327,1493,3.952707529067993,False
130,34675,1252,4.517722129821777,False
130,37440,1451,4.048756122589111,False
130,26455,1211,4.586204528808594,False
130,16736,1523,3.896442413330078,False
130,7935,1236,4.542713642120361,False
130,22919,1338,4.370039939880371,False
130,27552,807,5.149002552032471,False
130,29568,1004,4.828920841217041,False
130,27280,794,5.202315807342529,False
130,38703,1357,4.333798408508301,False
130,29506,1239,4.535544395446777,False
130,7325,1174,4.630537033081055,False
130,23557,627,5.585827827453613,False
130,35432,1578,3.762547731399536,False
130,16040,1444,4.065938472747803,False
130,2395,1481,3.969083309173584,False
130,1727,1116,4.683353900909424,False
130,39778,60,7.265450477600098,False
130,39867,1483,3.969083309173584,False
130,3490,1479,3.9773216247558594,False
130,24274,1114,4.687172889709473,False
130,5956,1463,4.002243995666504,False
130,18063,1113,4.687172889709473,False
130,16027,1313,4.420447826385498,False
130,17596,1425,4.131343364715576,False
130,37349,1508,3.9324276447296143,False
130,15405,34,7.915548801422119,False
130,3644,1409,4.163112640380859,False
130,3693,1433,4.0963616371154785,False
130,3710,1466,3.9980685710906982,False
130,39801,1455,4.035964012145996,False
130,16676,63,7.100314140319824,False
130,37011,1014,4.817258358001709,False
130,16025,32,7.948371887207031,False
130,39797,66,7.065369129180908,False
130,26745,1182,4.615664482116699,False
130,5987,1171,4.630977153778076,False
130,26166,1332,4.383368492126465,False
130,39802,1471,3.9939024448394775,False
130,39804,1109,4.69099760055542,False
130,42348,49,7.60074520111084,False
130,10784,13088,0.0,True
130,18077,1033,4.776756286621094,False
130,26182,128,6.266292095184326,False
130,26161,79,6.815505027770996,False
130,16661,1178,4.623088836669922,False
130,2418,855,5.028255462646484,False
130,39813,1529,3.88066029548645,False
130,37260,985,4.8452019691467285,False
130,34269,1228,4.5499043464660645,False
130,37592,881,4.992228984832764,False
130,24023,804,5.162875652313232,False
130,20032,1084,4.721823692321777,False
130,4251,9,9.50881576538086,False
130,36301,945,4.894710063934326,False
130,29344,791,5.209666728973389,False
130,31038,1704,3.475883722305298,False
130,24310,1242,4.532390117645264,False
130,41094,1282,4.47418212890625,False
130,15802,1083,4.722281455993652,False
130,10355,1276,4.48599100112915,False
131,24466,51,9.060547828674316,False
131,21392,278,6.1967573165893555,False
131,38500,136,8.602251052856445,False
131,38445,61,9.038593292236328,False
131,17258,150,8.509360313415527,False
131,38431,183,8.162871360778809,False
131,18866,34,9.172602653503418,False
131,29620,80,8.925607681274414,False
131,30263,148,8.51599407196045,False
131,42521,48,9.080031394958496,False
131,17038,55,9.054186820983887,False
131,17421,73,8.978693008422852,False
131,38434,28,9.240406036376953,False
131,18854,133,8.614907264709473,False
131,38501,85,8.887269020080566,False
131,14932,103,8.776118278503418,False
131,14949,269,6.673104286193848,False
131,18878,165,8.371783256530762,False
131,25306,223,7.613044738769531,False
131,28914,27,9.250174522399902,False
131,42560,63,9.034708023071289,False
131,32403,79,8.944195747375488,False
131,14922,87,8.878600120544434,False
131,6618,18,9.35474681854248,False
131,38977,5181,2.5680413246154785,False
131,34978,3198,3.2359418869018555,False
131,6419,127,8.630558013916016,False
131,6420,122,8.678740501403809,False
131,28861,154,8.473389625549316,False
131,24462,46,9.109146118164062,False
131,11474,102,8.78150463104248,False
131,29447,7,9.572456359863281,False
131,21388,59,9.041356086730957,False
131,2719,543,5.461841583251953,False
131,13224,803,5.083250999450684,False
131,3736,57,9.0465087890625,False
131,9620,67,9.011089324951172,False
131,36521,76,8.964485168457031,False
131,18862,2,9.7204008102417,False
131,42527,168,8.314451217651367,False
131,34009,64,9.03387451171875,False
131,22766,147,8.526435852050781,False
131,5950,118,8.684591293334961,False
131,42534,180,8.17835521697998,False
131,38454,221,7.690578460693359,False
131,6416,214,7.77292537689209,False
131,6417,215,7.765974998474121,False
131,6418,188,8.111408233642578,False
131,6415,213,7.77292537689209,False
131,42538,210,7.829115867614746,False
131,31300,129,8.623723983764648,False
131,31302,124,8.64426326751709,False
131,28160,203,7.981672286987305,False
131,42514,237,7.355672836303711,False
131,22763,4,9.659003257751465,False
131,30823,2802,3.33419132232666,False
131,17257,8,9.560935020446777,False
131,26362,143,8.556038856506348,False
131,42542,108,8.769844055175781,False
131,25304,117,8.697494506835938,False
131,25583,81,8.92282485961914,False
131,28593,83,8.907369613647461,False
131,28594,142,8.56296157836914,False
131,34588,4018,3.0106353759765625,False
131,20589,164,8.385313987731934,False
131,7598,227,7.595752239227295,False
131,6620,98,8.80588150024414,False
131,27028,105,8.773356437683105,False
131,42520,90,8.86053466796875,False
131,42567,26,9.259050369262695,False
131,22348,110,8.747968673706055,False
131,23033,50,9.067596435546875,False
131,34493,69,9.003558158874512,False
131,38997,252,7.092670917510986,False
131,8593,10,9.541997909545898,False
131,9617,6,9.604573249816895,False
131,14338,218,7.716108322143555,False
131,6462,246,7.182254791259766,False
131,13198,202,7.985074043273926,False
131,21387,68,9.011089324951172,False
131,14923,112,8.72452163696289,False
131,5743,52,9.060157775878906,False
131,21853,186,8.132083892822266,False
131,6634,94,8.842802047729492,False
131,25328,225,7.60786247253418,False
131,13231,19,9.349235534667969,False
131,21860,97,8.81220817565918,False
131,22764,15,9.381952285766602,False
131,13199,200,7.992941856384277,False
131,6641,9,9.56028938293457,False
131,15794,249,7.105953693389893,False
131,8401,195,8.037961959838867,False
131,7586,242,7.257910251617432,False
131,40702,60,9.041356086730957,False
131,15480,135,8.608233451843262,False
131,30262,13,9.491074562072754,False
131,36520,21,9.330887794494629,False
131,31712,12,9.498903274536133,False
131,187,155,8.44991397857666,False
131,31297,144,8.556038856506348,False
131,31298,128,8.623723983764648,False
131,5744,41,9.141623497009277,False
131,21858,151,8.493520736694336,False
131,21857,109,8.758344650268555,False
131,30447,156,8.4371919631958,False
131,38506,141,8.580498695373535,False
131,6695,92,8.8521728515625,False
131,33368,206,7.876760959625244,False
131,17405,106,8.77236270904541,False
131,35446,17,9.36288833618164,False
131,35447,74,8.977493286132812,False
131,6631,78,8.95594310760498,False
131,6633,56,9.05415153503418,False
131,17037,54,9.054186820983887,False
131,29511,93,8.848628044128418,False
131,23081,16,9.38009262084961,False
131,9611,37,9.149349212646484,False
131,28473,44,9.124034881591797,False
131,22365,100,8.78719711303711,False
131,8445,11,9.512710571289062,False
131,24473,45,9.119876861572266,False
131,38468,204,7.95583438873291,False
131,38447,32,9.178671836853027,False
131,1275,1,9.734545707702637,False
131,6627,89,8.873713493347168,False
131,42537,4082,2.99426007270813,False
131,2353,95,8.8396577835083,False
131,2350,49,9.071701049804688,False
131,2352,58,9.042903900146484,False
131,2351,40,9.141623497009277,False
131,41517,29,9.220466613769531,False
131,38463,107,8.77073860168457,False
131,21312,99,8.805458068847656,False
131,15479,111,8.727999687194824,False
131,21232,30,9.207221984863281,False
131,186,209,7.833928108215332,False
131,17417,181,8.17733097076416,False
131,6625,160,8.413911819458008,False
131,6624,42,9.135320663452148,False
131,6629,75,8.970463752746582,False
131,10340,4433,2.871701240539551,False
131,38425,72,8.982129096984863,False
131,17415,140,8.580498695373535,False
131,38497,70,9.001014709472656,False
131,42568,261,6.900838851928711,False
131,42524,207,7.860040664672852,False
131,36891,82,8.918497085571289,False
131,16850,702,5.221063137054443,False
131,25325,417,5.620527267456055,False
131,11590,350,5.729313373565674,False
131,42319,590,5.3953776359558105,False
131,37058,2285,3.452139139175415,False
131,34019,114,8.720420837402344,False
131,14365,3,9.698440551757812,False
131,38446,677,5.270123481750488,False
131,10301,190,8.095004081726074,False
131,22762,286,6.037698745727539,False
131,8482,325,5.801289081573486,False
131,22761,285,6.045355319976807,False
131,22767,644,5.320114612579346,False
131,4816,138,8.591919898986816,False
131,14364,174,8.28370475769043,False
131,20619,385,5.672370910644531,False
131,13770,296,5.918862342834473,False
131,14361,329,5.787135601043701,False
131,25327,732,5.186978816986084,False
131,8504,171,8.292974472045898,False
131,28468,226,7.603877067565918,False
131,42519,235,7.394665241241455,False
131,7445,352,5.726310729980469,False
131,42320,586,5.399332046508789,False
131,42547,33,9.17697811126709,False
131,9612,31,9.202579498291016,False
132,16869,16,8.529359817504883,False
132,16870,20,8.45700740814209,False
132,41227,270,5.916511058807373,False
132,19411,24,8.393049240112305,False
132,17042,2351,3.8386764526367188,False
132,24234,254,6.091292381286621,False
132,35402,336,5.234577178955078,False
132,16962,3458,3.1985175609588623,False
132,16628,42,8.087501525878906,False
132,26249,12,8.651861190795898,False
132,852,167,6.858635902404785,False
132,17811,1555,4.290198802947998,False
132,29965,1177,4.544562339782715,False
132,33652,8,8.68582534790039,False
132,18253,4,8.843021392822266,False
132,35487,80,7.778568744659424,False
132,22458,134,7.260411262512207,False
132,16954,140,7.188473701477051,False
132,38347,2400,3.806593179702759,False
132,19379,1025,4.677901268005371,False
132,19380,157,6.959419250488281,False
132,16486,1923,4.067898273468018,False
132,37446,114,7.462670803070068,False
132,41194,1556,4.290198802947998,False
132,18776,96,7.651324272155762,False
132,19402,238,6.2163591384887695,False
132,41225,717,4.941206932067871,False
132,5984,1552,4.294210910797119,False
132,18243,69,7.872000694274902,False
132,869,1147,4.572906970977783,False
132,2699,532,5.042742729187012,False
132,943,106,7.555023193359375,False
132,2826,2237,3.8831942081451416,False
132,15418,68,7.881059169769287,False
132,15996,146,7.0842180252075195,False
132,325,231,6.271265506744385,False
132,20871,141,7.1866912841796875,False
132,16940,316,5.392617225646973,False
132,22485,55,7.979222297668457,False
132,17118,137,7.215586185455322,False
132,32974,271,5.8885498046875,False
132,37445,2326,3.852001190185547,False
133,34465,130,6.17000675201416,False
133,12431,172,5.979236602783203,False
133,25911,75,6.5506463050842285,False
133,25913,67,6.576395034790039,False
133,34552,42,6.858346939086914,False
133,23661,366,5.40075159072876,False
133,39736,565,4.941346168518066,False
133,1495,477,5.102531909942627,False
133,35326,503,5.052252292633057,False
133,1530,301,5.598519802093506,False
133,1531,458,5.1543073654174805,False
133,38872,57,6.684329986572266,False
133,38871,83,6.451455116271973,False
133,16935,240,5.736433029174805,False
133,29439,1050,4.151335716247559,False
133,38918,118,6.243338108062744,False
133,8008,8784,2.3569509983062744,False
133,26659,137,6.116999626159668,False
133,24364,63,6.633646488189697,False
133,10774,598,4.8829522132873535,False
133,24589,206,5.872335433959961,False
133,29797,128,6.184200286865234,False
133,23919,81,6.457363128662109,False
133,33266,413,5.2797465324401855,False
133,5882,2,9.644262313842773,False
133,36263,268,5.68022346496582,False
133,3538,386,5.336524963378906,False
133,36258,219,5.8246588706970215,False
133,3151,569,4.933743476867676,False
133,38147,105,6.289215564727783,False
133,16241,329,5.493317604064941,False
133,30027,334,5.483904838562012,False
133,35381,573,4.920300483703613,False
133,37846,1959,3.406008720397949,False
133,23534,125,6.207108020782471,False
133,24926,76,6.521638870239258,False
133,38088,1992,3.398273229598999,False
133,6788,131,6.168404579162598,False
133,38908,162,6.022233009338379,False
133,36553,12459,1.780144214630127,False
133,24802,166,5.995629787445068,False
133,24800,160,6.026206970214844,False
133,24803,103,6.295416831970215,False
133,24798,113,6.255158424377441,False
133,24794,100,6.316030502319336,False
133,24796,201,5.887428283691406,False
133,24804,114,6.251163482666016,False
133,24799,99,6.321681976318359,False
133,24797,147,6.078551292419434,False
133,24795,98,6.33000373840332,False
133,24808,340,5.4553141593933105,False
133,39670,213,5.843731880187988,False
133,39671,140,6.105050563812256,False
133,40057,71,6.560920238494873,False
133,32222,1993,3.3976335525512695,False
133,11673,156,6.043962478637695,False
133,35311,185,5.937858581542969,False
133,27643,163,6.015669822692871,False
133,15069,203,5.883125305175781,False
133,24370,300,5.598615646362305,False
133,34303,2333,3.3144516944885254,False
133,3593,182,5.9460344314575195,False
133,12240,282,5.639333248138428,False
133,3274,456,5.154708385467529,False
133,23087,49,6.752265453338623,False
133,29326,50,6.74797248840332,False
133,41145,132,6.161833763122559,False
133,5720,165,5.995682716369629,False
133,23958,234,5.75871467590332,False
133,35099,55,6.686717987060547,False
133,39765,3380,3.1273140907287598,False
133,25933,547,4.9793243408203125,False
133,24356,180,5.950742721557617,False
133,9468,2086,3.374537944793701,False
133,1381,720,4.695405006408691,False
133,1363,277,5.651915550231934,False
133,1359,747,4.658541679382324,False
133,1380,2909,3.206223487854004,False
133,25710,88,6.410200595855713,False
133,40065,92,6.389174461364746,False
133,24783,102,6.30900764465332,False
133,27936,252,5.720280170440674,False
133,4385,236,5.753363609313965,False
133,1957,93,6.371499061584473,False
133,22873,70,6.560920238494873,False
133,22874,84,6.446583271026611,False
133,25929,202,5.887428283691406,False
133,25740,283,5.633759498596191,False
133,12946,189,5.923885822296143,False
133,31649,89,6.399930953979492,False
133,31650,110,6.262725830078125,False
133,25085,318,5.533988952636719,False
133,23559,18,8.612641334533691,False
133,3586,286,5.62399959564209,False
133,23725,545,4.980435371398926,False
133,23726,193,5.916893005371094,False
133,5876,69,6.563485622406006,False
133,5877,120,6.237530708312988,False
133,29798,133,6.150393486022949,False
133,41656,630,4.825902462005615,False
133,9467,209,5.858755588531494,False
133,35983,424,5.242769241333008,False
133,17281,1,9.880178451538086,False
133,24651,214,5.842565536499023,False
133,27300,302,5.59494686126709,False
133,39672,175,5.961770534515381,False
133,25499,161,6.02618408203125,False
133,1382,391,5.33169412612915,False
133,36295,91,6.3968610763549805,False
133,40206,597,4.884159564971924,False
133,4402,86,6.420074462890625,False
133,25097,196,5.913802623748779,False
133,26742,445,5.178494930267334,False
133,29426,602,4.876460075378418,False
133,29427,247,5.732288360595703,False
133,42966,79,6.487161636352539,False
133,31164,341,5.4548821449279785,False
133,24368,2119,3.3623428344726562,False
133,33269,325,5.508273124694824,False
133,211,227,5.804084777832031,False
133,36257,280,5.643556594848633,False
133,15070,217,5.83151388168335,False
133,17278,126,6.191774368286133,False
133,15814,2054,3.3818564414978027,False
133,7171,368,5.3874897956848145,False
133,7172,422,5.249044418334961,False
133,7199,358,5.423798561096191,False
133,35973,583,4.907768249511719,False
133,23727,218,5.827800273895264,False
133,41107,752,4.650473594665527,False
133,23497,45,6.793308734893799,False
133,4811,171,5.987394332885742,False
133,25932,2140,3.3579468727111816,False
133,34401,281,5.643237113952637,False
133,29262,259,5.701783657073975,False
133,7458,659,4.786430835723877,False
133,33416,169,5.988879203796387,False
133,38641,78,6.494733810424805,False
133,31332,135,6.137733459472656,False
133,40613,64,6.628016948699951,False
133,33890,306,5.5751848220825195,False
133,41034,312,5.551142692565918,False
133,23520,146,6.078551292419434,False
133,12947,2610,3.259373903274536,False
133,30029,5035,2.897977828979492,False
133,9470,3234,3.1485953330993652,False
133,23959,263,5.698690414428711,False
133,35967,223,5.814208030700684,False
133,17787,336,5.470607757568359,False
133,6789,65,6.626433372497559,False
133,29286,129,6.171405792236328,False
133,28417,519,5.02171516418457,False
133,25927,104,6.2936906814575195,False
133,25928,109,6.267046928405762,False
133,3562,694,4.740246772766113,False
133,12948,22,8.474268913269043,False
133,25930,570,4.932486534118652,False
133,25931,256,5.705887794494629,False
133,7998,264,5.697456359863281,False
133,36300,376,5.370367527008057,False
133,16934,246,5.7325286865234375,False
133,11435,327,5.502281188964844,False
133,3584,523,5.011086940765381,False
133,22100,271,5.675047397613525,False
133,20683,212,5.853738307952881,False
133,37696,111,6.259334564208984,False
133,15698,365,5.401994705200195,False
133,37697,77,6.498110771179199,False
133,37700,116,6.246495246887207,False
133,37698,124,6.220985412597656,False
134,28427,32694,0.0,True
134,9941,941,3.6924474239349365,False
134,38649,8954,1.3032407760620117,False
135,23201,46,10.581584930419922,False
135,23188,38,10.88465690612793,False
135,23187,37,10.88465690612793,False
135,23166,1145,5.613801002502441,False
135,31436,15,11.908926010131836,False
135,23191,30,11.016789436340332,False
135,23190,729,6.135329246520996,False
135,24245,26,11.247298240661621,False
135,24183,21,11.560518264770508,False
135,23197,35,10.928115844726562,False
137,34026,207,9.67885971069336,False
137,18992,178,9.915946960449219,False
137,18924,152,10.26478099822998,False
137,27460,191,9.829996109008789,False
137,9586,92,12.43567180633545,False
137,21883,182,9.867551803588867,False
137,612,241,9.282379150390625,False
137,11107,185,9.857931137084961,False
137,20468,197,9.781641960144043,False
137,41113,158,10.205806732177734,False
137,17540,148,10.287376403808594,False
137,15626,179,9.91186237335205,False
137,31906,208,9.678686141967773,False
137,35544,134,10.529584884643555,False
137,20725,176,9.926499366760254,False
137,718,209,9.669435501098633,False
137,19001,111,11.163742065429688,False
137,28628,187,9.853248596191406,False
137,29255,143,10.355388641357422,False
137,18931,196,9.783821105957031,False
137,825,220,9.548343658447266,False
137,9498,184,9.86491584777832,False
137,42572,170,9.969076156616211,False
137,19984,157,10.206451416015625,False
137,3996,75,13.125265121459961,False
137,5615,127,10.70916748046875,False
137,29113,242,9.282379150390625,False
137,14130,281,8.692623138427734,False
137,14424,222,9.526506423950195,False
137,21361,177,9.91802978515625,False
137,33707,36,14.414366722106934,False
137,18940,135,10.450757026672363,False
137,19005,250,9.120782852172852,False
137,4874,195,9.795323371887207,False
137,22097,70,13.308673858642578,False
137,22098,77,13.090381622314453,False
137,22099,51,13.71063232421875,False
137,36861,13,15.852907180786133,False
137,21651,30,14.737178802490234,False
137,22911,226,9.505340576171875,False
137,22905,227,9.493938446044922,False
137,34362,263,8.933988571166992,False
137,29551,124,10.76177978515625,False
137,29401,258,9.030326843261719,False
137,29348,19,15.64709758758545,False
137,29350,54,13.63744831085205,False
137,29351,11,16.64080047607422,False
137,29433,98,11.840051651000977,False
137,29432,129,10.637735366821289,False
137,29437,57,13.598628997802734,False
137,29478,102,11.635971069335938,False
137,29477,120,10.831194877624512,False
137,33706,59,13.556793212890625,False
137,34202,147,10.296525955200195,False
137,18205,2,23.275724411010742,False
137,73,61,13.549822807312012,False
137,75,71,13.286840438842773,False
137,72,60,13.549822807312012,False
137,74,72,13.263495445251465,False
137,9883,232,9.452692985534668,False
137,35045,156,10.224065780639648,False
137,25090,40,14.139421463012695,False
137,2632,164,10.064111709594727,False
137,29358,173,9.943483352661133,False
137,40336,117,10.910330772399902,False
137,34361,245,9.180096626281738,False
137,19963,41,14.109135627746582,False
137,29347,151,10.26606559753418,False
137,35797,47,13.906716346740723,False
137,37929,141,10.37964153289795,False
137,26886,186,9.853248596191406,False
137,42428,165,10.038003921508789,False
137,71,50,13.7228422164917,False
137,25814,133,10.530961990356445,False
137,7768,99,11.795337677001953,False
137,7766,108,11.31934928894043,False
137,29409,105,11.428295135498047,False
137,19454,213,9.630880355834961,False
137,17767,202,9.725210189819336,False
137,29249,212,9.641792297363281,False
138,10058,219,7.731382369995117,False
138,15729,41,9.960970878601074,False
138,15728,39,9.972423553466797,False
138,35938,159,8.262557983398438,False
138,13921,79,9.28077220916748,False
138,28486,255,7.459134578704834,False
138,15723,46,9.843737602233887,False
138,15353,239,7.587002754211426,False
138,6753,206,7.831138610839844,False
138,15719,40,9.966691970825195,False
138,15355,183,7.973183631896973,False
138,15725,31,10.071100234985352,False
138,15356,184,7.973183631896973,False
138,9166,269,7.302774429321289,False
138,6750,214,7.793647766113281,False
138,15720,33,10.035999298095703,False
138,15357,185,7.973183631896973,False
138,15721,34,10.026559829711914,False
138,15358,186,7.973183631896973,False
138,15726,45,9.86783218383789,False
138,13918,117,8.80443000793457,False
138,12399,147,8.414048194885254,False
138,6752,205,7.831138610839844,False
138,6751,216,7.747286319732666,False
138,15731,52,9.68803596496582,False
138,15722,30,10.112438201904297,False
138,15733,54,9.658802032470703,False
138,13523,104,9.03720760345459,False
138,37823,16,11.640388488769531,False
138,38792,268,7.313714981079102,False
138,37824,14,11.69482421875,False
138,15727,47,9.837329864501953,False
138,13920,274,7.248723983764648,False
138,13917,163,8.237037658691406,False
138,13916,149,8.352094650268555,False
138,28487,259,7.436369895935059,False
138,37822,196,7.885014533996582,False
138,37821,15,11.6675386428833,False
138,15734,53,9.682173728942871,False
138,15724,32,10.053511619567871,False
138,13524,111,8.935478210449219,False
138,13525,109,8.94666862487793,False
138,599,173,8.122289657592773,False
138,15732,55,9.652978897094727,False
138,2498,7,13.601426124572754,False
138,600,171,8.147086143493652,False
138,15718,35,9.989664077758789,False
138,10061,119,8.764925956726074,False
138,10057,161,8.253355026245117,False
138,10068,376,6.586698532104492,False
138,10060,385,6.542939186096191,False
138,10059,148,8.371005058288574,False
138,10056,152,8.317476272583008,False
138,10055,245,7.554251670837402,False
138,37918,106,8.963363647460938,False
138,3223,134,8.577220916748047,False
138,37549,240,7.58515739440918,False
138,10050,135,8.528186798095703,False
138,34162,85,9.19345760345459,False
138,34163,86,9.19345760345459,False
138,34160,83,9.19345760345459,False
138,34161,84,9.19345760345459,False
138,37892,202,7.834198474884033,False
138,37906,220,7.729936599731445,False
138,37912,228,7.691795349121094,False
138,37895,291,7.081686019897461,False
138,37905,279,7.195343017578125,False
138,37911,264,7.351126194000244,False
138,37907,256,7.4564714431762695,False
138,37898,265,7.348472595214844,False
138,37897,260,7.384544372558594,False
138,10063,430,6.300541877746582,False
138,10064,271,7.2712016105651855,False
138,37921,146,8.421695709228516,False
138,37922,140,8.446769714355469,False
138,34159,88,9.143667221069336,False
138,10062,133,8.581565856933594,False
138,21472,10,12.407438278198242,False
138,22167,9,12.862884521484375,False
138,22193,8,13.302667617797852,False
138,22155,5,13.841669082641602,False
138,22156,6,13.673869132995605,False
138,22214,4,14.16363525390625,False
138,22166,3,14.173507690429688,False
138,15739,65,9.393597602844238,False
138,15738,64,9.393597602844238,False
138,10069,201,7.846227645874023,False
138,15737,50,9.787469863891602,False
138,15736,51,9.765615463256836,False
138,15735,49,9.798440933227539,False
138,38178,114,8.867378234863281,False
138,38177,123,8.698286056518555,False
138,25299,102,9.064298629760742,False
138,6894,278,7.216462135314941,False
138,6892,270,7.291867256164551,False
138,6893,275,7.248579025268555,False
138,6895,273,7.259350776672363,False
138,3222,194,7.894495010375977,False
138,3224,154,8.292610168457031,False
138,10051,212,7.799654960632324,False
138,10054,226,7.702071189880371,False
138,37540,94,9.100571632385254,False
138,37543,97,9.100571632385254,False
138,37548,242,7.563431739807129,False
138,37547,101,9.100571632385254,False
138,37542,96,9.100571632385254,False
138,37545,99,9.100571632385254,False
138,37538,92,9.100571632385254,False
138,37539,93,9.100571632385254,False
138,37537,91,9.100571632385254,False
138,37544,98,9.100571632385254,False
138,37541,95,9.100571632385254,False
138,37536,90,9.100571632385254,False
138,37546,100,9.100571632385254,False
138,598,167,8.172040939331055,False
138,22209,2,14.29559326171875,False
138,22224,12,11.858545303344727,False
138,22206,1,14.324458122253418,False
138,22205,11,12.287925720214844,False
138,10073,81,9.265945434570312,False
138,37915,158,8.273050308227539,False
138,10065,137,8.480886459350586,False
138,10049,203,7.833558082580566,False
138,10067,174,8.105445861816406,False
138,37894,160,8.262167930603027,False
138,37910,164,8.229839324951172,False
138,37923,127,8.662246704101562,False
138,10071,176,8.091367721557617,False
138,21473,13,11.72911262512207,False
138,37914,113,8.868602752685547,False
138,10048,124,8.668042182922363,False
138,37909,132,8.590797424316406,False
138,3225,390,6.528415203094482,False
138,38212,181,8.016613960266113,False
138,1670,129,8.64086627960205,False
138,10052,60,9.484121322631836,False
138,10053,77,9.291717529296875,False
138,10047,87,9.181009292602539,False
138,10070,130,8.632475852966309,False
138,37893,155,8.28492259979248,False
138,38781,126,8.664549827575684,False
138,37920,210,7.8065948486328125,False
140,34579,80,13.286279678344727,False
140,6663,25,15.133430480957031,False
140,6671,50,14.434333801269531,False
141,33056,1,18.569276809692383,False
141,29876,27,10.824446678161621,False
141,13661,2,14.972753524780273,False
142,41066,192,6.434445381164551,False
142,19280,3950,2.904510736465454,False
142,2494,93,7.16757869720459,False
142,9253,3916,2.9100403785705566,False
142,33987,228,6.2402663230896,False
143,14165,135,9.647125244140625,False
143,25536,111,9.83736801147461,False
143,17096,141,9.619521141052246,False
144,15555,76,11.757506370544434,False
144,22659,29,13.022092819213867,False
144,23114,61,11.996180534362793,False
144,2134,34,12.897138595581055,False
144,2135,35,12.897138595581055,False
144,21839,88,11.515214920043945,False
144,5201,95,11.267942428588867,False
144,21658,118,7.821196556091309,False
144,29822,4,14.25304889678955,False
144,36808,52,12.533828735351562,False
144,2662,77,11.753212928771973,False
144,15562,53,12.458847999572754,False
144,15464,86,11.578706741333008,False
144,37576,105,10.932064056396484,False
144,40103,37,12.792612075805664,False
144,8127,20,13.315235137939453,False
144,31450,39,12.773355484008789,False
144,38964,107,10.354220390319824,False
144,1505,87,11.56283950805664,False
144,27593,114,9.432068824768066,False
144,4662,12,13.814699172973633,False
144,32487,82,11.691863059997559,False
144,14286,47,12.60698127746582,False
144,26389,30,12.987751007080078,False
144,4694,41,12.731613159179688,False
144,10079,17,13.436685562133789,False
144,10080,11,13.882381439208984,False
144,11924,99,11.189311981201172,False
144,23111,51,12.534773826599121,False
144,7222,89,11.478838920593262,False
144,16683,27,13.03929615020752,False
144,20099,10,14.128000259399414,False
144,2534,25,13.071311950683594,False
144,28168,15,13.558040618896484,False
144,9130,62,11.942041397094727,False
144,15521,81,11.691863059997559,False
144,36799,42,12.72779655456543,False
144,15554,75,11.757506370544434,False
144,30150,31,12.928460121154785,False
144,12262,112,9.650154113769531,False
144,31029,33,12.903312683105469,False
144,265,23,13.25025463104248,False
144,19650,48,12.598451614379883,False
144,15544,106,10.495748519897461,False
144,18435,36,12.85524845123291,False
144,18447,60,12.010652542114258,False
144,22906,57,12.213920593261719,False
144,23118,71,11.80988883972168,False
144,36807,64,11.925016403198242,False
144,36804,8,14.190143585205078,False
144,4440,16,13.511547088623047,False
144,28441,91,11.390186309814453,False
144,269,85,11.643129348754883,False
144,274,70,11.823918342590332,False
144,275,58,12.185830116271973,False
144,27015,3,14.369525909423828,False
144,24296,55,12.329864501953125,False
144,5206,28,13.023345947265625,False
144,268,103,11.0314302444458,False
144,40121,6,14.220039367675781,False
144,39652,18,13.405043601989746,False
144,18436,44,12.654003143310547,False
144,7870,1,15.54930305480957,False
144,9133,84,11.659327507019043,False
144,32594,54,12.348118782043457,False
144,9129,100,11.148386001586914,False
144,37588,80,11.732812881469727,False
144,11921,97,11.224700927734375,False
144,20559,92,11.374754905700684,False
144,12263,93,11.32872200012207,False
144,18936,32,12.926961898803711,False
144,276,24,13.233785629272461,False
144,264,68,11.840643882751465,False
144,273,69,11.823918342590332,False
144,18438,13,13.665868759155273,False
144,9112,83,11.675572395324707,False
144,11632,21,13.299910545349121,False
144,36806,74,11.807242393493652,False
144,34801,7,14.205577850341797,False
144,9125,1161,3.7776310443878174,False
144,9124,1158,3.7848868370056152,False
144,9126,1159,3.7848868370056152,False
144,9123,1160,3.7776310443878174,False
144,16956,22,13.259166717529297,False
144,22947,40,12.766904830932617,False
144,3376,45,12.649867057800293,False
144,270,65,11.908042907714844,False
144,9134,38,12.784187316894531,False
144,569,79,11.744750022888184,False
144,575,59,12.119074821472168,False
144,32330,43,12.697189331054688,False
144,18625,116,8.703510284423828,False
144,267,90,11.43674087524414,False
144,3409,94,11.313462257385254,False
144,7195,108,10.204240798950195,False
144,266,63,11.925016403198242,False
144,18439,14,13.634397506713867,False
144,272,73,11.807242393493652,False
144,271,72,11.807242393493652,False
144,36803,5,14.247102737426758,False
144,20098,56,12.258611679077148,False
144,10262,101,11.104228019714355,False
144,8599,66,11.891023635864258,False
144,2613,67,11.875165939331055,False
144,11916,98,11.212879180908203,False
144,11930,115,9.116137504577637,False
144,38265,19,13.333221435546875,False
144,19653,50,12.572900772094727,False
144,19652,96,11.252853393554688,False
144,36802,102,11.038775444030762,False
144,36801,46,12.636972427368164,False
144,36800,104,10.994917869567871,False
144,16494,2,14.721536636352539,False
144,4596,49,12.595831871032715,False
144,26694,110,9.919889450073242,False
144,36798,26,13.049534797668457,False
145,23434,62,10.459230422973633,False
145,23435,61,10.540165901184082,False
145,23428,953,3.9163711071014404,False
145,23417,381,4.352547645568848,False
145,23365,391,4.344475746154785,False
145,23430,45,11.145055770874023,False
145,23432,46,11.126777648925781,False
145,23366,234,4.595654010772705,False
145,23406,35,11.536632537841797,False
145,23395,44,11.218786239624023,False
145,23436,43,11.256032943725586,False
145,23355,311,4.45604133605957,False
145,23440,231,4.616029739379883,False
145,23381,980,3.9016942977905273,False
145,23378,853,3.9711437225341797,False
145,23376,734,4.064154148101807,False
145,23375,747,4.053605079650879,False
145,23357,9,13.456732749938965,False
145,24820,428,4.320437908172607,False
145,23387,53,10.947359085083008,False
145,23411,41,11.266881942749023,False
145,23385,34,11.537176132202148,False
145,13965,2,15.152872085571289,False
145,23368,287,4.494514465332031,False
145,23371,654,4.156087875366211,False
145,23401,1031,3.867872714996338,False
145,23400,24,12.238056182861328,False
145,23425,59,10.655668258666992,False
145,23427,58,10.756769180297852,False
145,23402,23,12.257781982421875,False
145,23422,49,11.054286003112793,False
145,23424,50,11.054286003112793,False
146,19607,29,10.430087089538574,False
146,19604,18,10.514747619628906,False
146,35414,2228,4.519740581512451,False
146,14591,2695,4.223133087158203,False
147,12093,204,6.438253879547119,False
147,6243,321,5.938775539398193,False
147,11793,934,3.738206624984741,False
147,15777,2,10.244308471679688,False
147,29890,722,4.377686500549316,False
147,6742,895,3.8550846576690674,False
147,6741,923,3.758927345275879,False
147,12186,1008,3.383805513381958,False
147,37178,37332,0.0,True
147,12159,348,5.842331886291504,False
147,41089,1,10.715843200683594,False
147,13874,3,9.256731033325195,False
148,11299,375,4.431516170501709,False
148,28766,578,4.219706058502197,False
148,41438,1511,3.2114925384521484,False
148,19002,1381,3.3803060054779053,False
148,34680,39,5.064375400543213,False
148,15837,1482,3.2407565116882324,False
148,41433,428,4.370601177215576,False
148,14645,289,4.5278191566467285,False
148,41713,384,4.4239888191223145,False
148,3074,29,5.127305030822754,False
148,2172,192,4.672791957855225,False
148,11142,282,4.544374465942383,False
148,16958,189,4.6790876388549805,False
148,23653,658,4.141262054443359,False
148,15846,590,4.2026824951171875,False
148,34476,499,4.294922351837158,False
148,34949,12,5.2513651847839355,False
148,11302,14,5.197913646697998,False
148,8293,299,4.514832973480225,False
148,7955,856,3.952706813812256,False
148,41760,152,4.750823020935059,False
148,41758,757,4.049505233764648,False
148,16824,2157,2.5660083293914795,False
148,4293,1812,2.8829216957092285,False
148,24177,622,4.176124572753906,False
148,14525,236,4.607929229736328,False
148,22499,60,4.959775924682617,False
148,39647,17,5.191696643829346,False
148,9744,574,4.226553916931152,False
148,34301,142,4.763858318328857,False
148,32636,94,4.868519306182861,False
148,38141,61,4.959775924682617,False
148,24154,8,5.29621696472168,False
148,27380,130,4.790143966674805,False
148,34290,761,4.044788360595703,False
148,39681,245,4.601583003997803,False
148,27949,134,4.7769646644592285,False
148,34094,256,4.579570293426514,False
148,32497,1360,3.413534641265869,False
148,14658,2147,2.5774357318878174,False
148,8479,1096,3.7358345985412598,False
148,8731,837,3.975332021713257,False
148,12229,1379,3.3803060054779053,False
148,39934,5,5.36150598526001,False
148,27381,235,4.612009525299072,False
148,11553,1583,3.113588809967041,False
148,35131,1660,3.0320308208465576,False
148,33177,1555,3.153169870376587,False
148,34266,167,4.714023590087891,False
148,34268,526,4.271612644195557,False
148,37935,2025,2.7017667293548584,False
148,23410,512,4.279045104980469,False
148,34687,360,4.4483232498168945,False
148,31745,32597,0.0,True
148,38940,2139,2.5846567153930664,False
148,7276,2320,2.3570058345794678,False
148,17041,9,5.26397705078125,False
148,11506,788,4.021001815795898,False
148,38607,554,4.247640132904053,False
148,42174,367,4.4390692710876465,False
148,42235,397,4.405280590057373,False
148,7651,114,4.821179389953613,False
148,38360,353,4.458065509796143,False
148,7652,759,4.044788360595703,False
148,27219,95,4.862545013427734,False
148,27220,104,4.842203617095947,False
148,7114,239,4.603856563568115,False
148,17156,275,4.555539131164551,False
148,38348,1098,3.7358345985412598,False
148,38352,2009,2.7144381999969482,False
148,36650,86,4.884472846984863,False
148,34934,419,4.381630897521973,False
148,1305,1955,2.7619354724884033,False
148,39704,1253,3.541522741317749,False
148,36625,77,4.9307098388671875,False
148,25213,127,4.7989702224731445,False
148,34280,231,4.620673656463623,False
148,32296,15,5.196329116821289,False
148,3757,28,5.128241062164307,False
148,35517,981,3.8433377742767334,False
148,19125,1552,3.153169870376587,False
148,36649,13,5.210391998291016,False
148,20819,67,4.9491729736328125,False
148,3437,434,4.3596272468566895,False
148,31985,1031,3.7939398288726807,False
148,36647,268,4.565993309020996,False
148,17615,798,4.0086236000061035,False
148,37187,996,3.827392816543579,False
148,39645,84,4.893650531768799,False
148,34679,6,5.339522361755371,False
148,38389,823,3.9855337142944336,False
148,1450,160,4.727616310119629,False
148,5128,711,4.087639331817627,False
148,8303,81,4.903744697570801,False
148,3438,716,4.082833290100098,False
148,22469,23862,0.0,True
148,28206,1290,3.4960131645202637,False
148,18733,48,5.0134806632995605,False
148,24169,860,3.9482126235961914,False
148,24059,1200,3.6077520847320557,False
148,8700,129,4.790143966674805,False
148,3103,2150,2.573615550994873,False
148,14201,18,5.188593864440918,False
148,14202,98,4.852353096008301,False
148,14203,1964,2.753176212310791,False
148,36096,562,4.237274169921875,False
148,8958,2325,2.3474459648132324,False
148,36206,21,5.164806842803955,False
148,39678,137,4.775611400604248,False
148,17801,754,4.049505233764648,False
148,29520,498,4.294922351837158,False
148,29529,1417,3.3348584175109863,False
148,36215,161,4.726856708526611,False
148,34397,345,4.465709686279297,False
148,34264,2,5.484807014465332,False
148,32918,1746,2.9496164321899414,False
148,14515,1246,3.545138359069824,False
148,39646,272,4.5595269203186035,False
148,39825,157,4.739760398864746,False
148,39649,417,4.386730670928955,False
148,19078,2343,2.316131830215454,False
148,4518,109,4.828736782073975,False
148,41173,2218,2.4959235191345215,False
148,32837,261,4.575547218322754,False
148,41935,1769,2.9198548793792725,False
148,16969,27,5.134261608123779,False
148,14735,251,4.595493316650391,False
148,14734,370,4.43528938293457,False
148,9943,1848,2.852692127227783,False
148,33094,624,4.176124572753906,False
148,33093,1994,2.7315196990966797,False
148,33798,1471,3.2597270011901855,False
148,38604,612,4.186192989349365,False
148,23408,546,4.252842426300049,False
148,25093,806,4.00282621383667,False
148,17884,254,4.579570293426514,False
148,4605,838,3.9707860946655273,False
148,2242,705,4.092456817626953,False
148,16830,584,4.216290473937988,False
148,31060,252,4.591681003570557,False
148,41516,374,4.431960582733154,False
148,14379,96,4.852619647979736,False
148,24770,572,4.226958274841309,False
148,4129,1365,3.3993797302246094,False
148,24139,659,4.141262054443359,False
148,3118,1004,3.817984104156494,False
148,3117,263,4.571531295776367,False
148,34234,485,4.305572509765625,False
148,19128,1033,3.792962074279785,False
148,14642,975,3.8475959300994873,False
148,14617,666,4.136329650878906,False
148,39213,1013,3.813790798187256,False
148,24189,513,4.279045104980469,False
148,6343,1798,2.895508050918579,False
148,36148,24,5.157767295837402,False
148,14783,760,4.044788360595703,False
148,2181,1918,2.7930359840393066,False
148,24155,565,4.232109546661377,False
148,19682,250,4.59573221206665,False
148,37606,218,4.64491081237793,False
148,2183,457,4.339223861694336,False
148,29088,1388,3.3737378120422363,False
148,39094,1722,2.9748852252960205,False
148,4923,274,4.555539131164551,False
148,20685,34,5.097200393676758,False
148,14733,351,4.458065509796143,False
148,5395,401,4.398279666900635,False
148,34305,1,5.591731548309326,False
148,34402,653,4.146206855773926,False
148,28686,38,5.0693039894104,False
148,19782,1542,3.170442581176758,False
148,641,699,4.100130081176758,False
148,23945,938,3.8820061683654785,False
148,39941,307,4.508225440979004,False
148,24165,22,5.163903713226318,False
148,9826,941,3.878693103790283,False
148,22157,577,4.219706058502197,False
148,5396,529,4.268525123596191,False
148,7658,195,4.669897079467773,False
148,34395,625,4.176124572753906,False
148,17148,37,5.073370456695557,False
148,39939,1418,3.3348584175109863,False
148,444,972,3.8475959300994873,False
148,24164,174,4.703632354736328,False
148,17798,44,5.027999401092529,False
148,34274,7,5.296407699584961,False
148,5397,533,4.263284206390381,False
148,24166,121,4.8078293800354,False
148,36147,25,5.154705047607422,False
148,39935,3,5.482842445373535,False
148,39642,346,4.465709686279297,False
148,22759,198,4.665713787078857,False
148,19074,339,4.471233367919922,False
148,11324,435,4.3596272468566895,False
149,37322,15402,0.821698784828186,False
149,42460,265,9.01260757446289,False
149,15683,14985,0.8393793702125549,False
149,15682,7409,1.1996105909347534,False
149,23824,924,7.403365612030029,False
149,23023,150,9.486753463745117,False
149,379,140,9.554399490356445,False
149,3257,332,8.773759841918945,False
149,5341,261,9.022153854370117,False
149,22531,547,8.192916870117188,False
149,376,321,8.81732177734375,False
149,16732,186,9.32741928100586,False
149,28810,136,9.568957328796387,False
149,28812,97,9.801728248596191,False
149,22483,44,10.375482559204102,False
149,8338,51,10.244239807128906,False
149,41726,149,9.487350463867188,False
149,16744,154,9.473875045776367,False
149,11635,113,9.7157564163208,False
149,373,161,9.437681198120117,False
149,14619,29,10.57857894897461,False
149,41732,65,10.075681686401367,False
149,4289,2450,3.1768007278442383,False
149,16668,147,9.490213394165039,False
149,41739,114,9.713457107543945,False
149,14592,329,8.791131973266602,False
149,1441,69,10.043553352355957,False
149,26450,24,10.657434463500977,False
149,26449,75,9.979578971862793,False
149,26445,28,10.585512161254883,False
149,8403,144,9.497945785522461,False
149,41743,1421,6.76580810546875,False
149,41750,47,10.341290473937988,False
149,41751,53,10.215057373046875,False
149,41752,299,8.8895902633667,False
149,8343,5,11.360312461853027,False
149,41757,1953,6.010398864746094,False
149,11821,643,7.934497356414795,False
149,16718,17,10.808000564575195,False
149,5640,37,10.491204261779785,False
149,20577,847,7.520112037658691,False
149,11639,143,9.507737159729004,False
149,20691,60,10.152320861816406,False
149,20692,200,9.289687156677246,False
149,22506,14,10.898189544677734,False
149,26451,1860,6.177241325378418,False
149,19666,1839,6.218246936798096,False
149,23893,229,9.207476615905762,False
149,358,35,10.505102157592773,False
149,15835,1852,6.192538261413574,False
149,11822,2017,5.90464973449707,False
149,27029,92,9.846628189086914,False
149,16752,106,9.7547607421875,False
149,41742,1835,6.224242687225342,False
149,23802,32,10.532208442687988,False
149,1809,647,7.929420471191406,False
149,38555,310,8.853385925292969,False
149,5315,89,9.858542442321777,False
149,14637,190,9.311179161071777,False
149,29865,4,11.360902786254883,False
149,29863,1,11.466217994689941,False
149,29864,7,11.19161605834961,False
149,23792,352,8.722061157226562,False
149,39786,226,9.211041450500488,False
149,16687,62,10.139786720275879,False
149,16670,279,8.955757141113281,False
149,16675,96,9.802868843078613,False
149,23878,158,9.446843147277832,False
149,19833,2040,5.861609935760498,False
149,14297,1946,6.018442630767822,False
149,8325,342,8.747833251953125,False
149,17610,2052,5.828781604766846,False
149,14706,465,8.416289329528809,False
149,14692,247,9.09036636352539,False
149,5639,50,10.268158912658691,False
149,6108,963,7.35001802444458,False
149,22103,1528,6.61704158782959,False
149,41749,275,8.968826293945312,False
149,39777,224,9.21576976776123,False
149,16729,79,9.95922565460205,False
149,14555,1172,7.040866851806641,False
149,14605,19,10.711440086364746,False
149,40862,3,11.393085479736328,False
149,11761,40,10.439055442810059,False
149,14556,1173,7.040866851806641,False
149,21856,292,8.914706230163574,False
149,6267,43,10.413147926330566,False
149,27572,54,10.208612442016602,False
149,21855,80,9.947226524353027,False
149,12152,554,8.182120323181152,False
149,32106,52,10.229215621948242,False
149,39320,323,8.807628631591797,False
149,41727,152,9.477190017700195,False
149,374,252,9.0701904296875,False
149,25653,244,9.099974632263184,False
149,25688,120,9.663543701171875,False
149,27043,12,10.92325210571289,False
149,1598,18727,0.0,True
149,14601,61,10.147746086120605,False
149,26452,1758,6.3220086097717285,False
149,30846,202,9.288293838500977,False
149,4337,576,8.117193222045898,False
149,23782,237,9.153959274291992,False
149,37553,1209,7.004425525665283,False
149,40985,327,8.798534393310547,False
149,4306,20495,0.0,True
149,12486,718,7.765520095825195,False
149,22482,1247,6.961872577667236,False
149,41753,1847,6.2009596824646,False
149,41754,368,8.662527084350586,False
149,6774,189,9.317606925964355,False
149,6772,1425,6.761612415313721,False
149,6773,46,10.341290473937988,False
149,6775,249,9.079859733581543,False
149,41748,78,9.963741302490234,False
149,6389,76,9.975541114807129,False
149,16754,286,8.92760181427002,False
149,26977,344,8.744362831115723,False
149,6356,45,10.366913795471191,False
149,41802,197,9.295836448669434,False
149,41801,171,9.398862838745117,False
149,41803,142,9.53352165222168,False
149,41804,146,9.494633674621582,False
149,37022,825,7.559967041015625,False
149,41735,420,8.521339416503906,False
149,8334,39,10.488198280334473,False
149,37188,36,10.496970176696777,False
149,35800,296,8.890337944030762,False
149,23551,41,10.418455123901367,False
149,11492,24998,0.0,True
149,17294,2,11.448104858398438,False
149,26446,115,9.702010154724121,False
149,14106,879,7.472923755645752,False
149,40824,393,8.578064918518066,False
149,14830,341,8.753345489501953,False
149,41782,602,8.053571701049805,False
149,16698,127,9.631967544555664,False
149,23910,102,9.77670955657959,False
149,14675,343,8.744733810424805,False
149,14829,70,10.042054176330566,False
149,14823,58,10.168911933898926,False
149,26189,1292,6.918209552764893,False
149,16678,21,10.684844017028809,False
149,8341,400,8.562376022338867,False
149,22509,2228,5.305824279785156,False
149,7851,421,8.521245956420898,False
149,14595,9,11.060407638549805,False
149,8321,173,9.390266418457031,False
149,20748,2268,4.9792633056640625,False
149,6000,27,10.588006973266602,False
149,16719,8,11.14775276184082,False
149,8389,658,7.897411346435547,False
149,8390,626,7.980783939361572,False
149,17649,575,8.119812965393066,False
149,17648,559,8.161820411682129,False
150,4767,4774,0.0,True
150,41386,41389,0.0,True
150,12493,3,10.314501762390137,False
150,22749,22753,0.0,True
150,41387,41390,0.0,True
150,4058,4065,0.0,True
150,42292,1,14.946105003356934,False
150,19006,4,9.307584762573242,False
150,27386,27390,0.0,True
150,27387,5,7.7645416259765625,False
150,12046,12053,0.0,True
150,15662,15667,0.0,True
150,14205,14211,0.0,True
150,32254,32257,0.0,True
150,15661,2,12.845701217651367,False
150,14206,14212,0.0,True
150,14209,14215,0.0,True
150,14210,14216,0.0,True
150,14208,14214,0.0,True
150,14211,14217,0.0,True
150,14207,14213,0.0,True
151,34543,7,8.928962707519531,False
151,30108,9,8.878629684448242,False
151,34545,174,8.195394515991211,False
151,33627,503,7.512866973876953,False
151,14579,131,8.305867195129395,False
151,28939,905,6.63847541809082,False
151,1345,1401,4.918455123901367,False
151,18590,787,6.898458480834961,False
151,8971,159,8.232690811157227,False
151,40478,414,7.681440353393555,False
151,33631,528,7.4549360275268555,False
151,18089,99,8.413726806640625,False
151,9282,758,6.964855670928955,False
151,30613,3469,3.262082099914551,False
151,36220,1420,4.885382652282715,False
151,34103,594,7.326895236968994,False
151,17133,724,7.051565170288086,False
151,15537,925,6.57703971862793,False
151,8263,1110,6.061223030090332,False
151,584,224,8.097694396972656,False
151,20858,382,7.752821445465088,False
151,289,324,7.88972282409668,False
151,17775,42,8.60678768157959,False
151,5809,629,7.257620811462402,False
151,28380,326,7.88658332824707,False
151,23003,607,7.3066253662109375,False
151,29821,1322,5.186819076538086,False
151,11054,396,7.7275824546813965,False
151,14104,567,7.381166458129883,False
151,1343,478,7.569393157958984,False
151,33635,1509,4.659608840942383,False
151,18093,55,8.5575590133667,False
151,24775,12,8.855064392089844,False
151,4752,1260,5.409104824066162,False
151,25892,1413,4.89714241027832,False
151,36137,432,7.653351783752441,False
151,28675,1948,3.8903427124023438,False
151,354,1360,5.062747001647949,False
151,355,21,8.747121810913086,False
151,35364,1254,5.4519944190979,False
151,35365,844,6.765117168426514,False
151,3279,1210,5.647849082946777,False
151,31529,1325,5.1813273429870605,False
151,29084,435,7.6474690437316895,False
151,8840,761,6.961538791656494,False
151,22575,694,7.105529308319092,False
151,13232,732,7.04090690612793,False
151,364,881,6.688802719116211,False
151,368,301,7.923595428466797,False
151,41340,551,7.408990859985352,False
151,42234,745,7.002018451690674,False
151,37930,522,7.470664978027344,False
151,25887,888,6.6810808181762695,False
151,13826,465,7.583213806152344,False
151,32119,72,8.508272171020508,False
151,41241,1256,5.45051383972168,False
151,39661,251,8.012334823608398,False
151,22900,1624,4.390342712402344,False
151,34872,1433,4.845597743988037,False
151,2443,1356,5.068580627441406,False
151,41270,1418,4.888007164001465,False
151,37816,323,7.8921098709106445,False
151,41275,468,7.57944393157959,False
151,11470,746,7.0004425048828125,False
151,41276,271,7.977664947509766,False
151,6956,408,7.69595193862915,False
151,22344,263,7.993408203125,False
151,42236,374,7.772077560424805,False
151,20794,1478,4.7243828773498535,False
151,40535,419,7.676054954528809,False
151,4782,3074,3.3861660957336426,False
151,37041,797,6.876871109008789,False
151,2867,448,7.6206254959106445,False
151,33679,436,7.645380973815918,False
151,13213,653,7.200874328613281,False
151,19671,179,8.18659496307373,False
151,34253,188,8.162727355957031,False
151,5098,1137,5.9273834228515625,False
151,14814,692,7.108137607574463,False
151,1687,1315,5.220437049865723,False
151,366,867,6.711033821105957,False
151,31669,439,7.6370744705200195,False
151,28864,903,6.648451805114746,False
151,8903,1302,5.2483744621276855,False
151,11642,410,7.693259239196777,False
151,12244,290,7.939422607421875,False
151,35304,176,8.187116622924805,False
151,31607,288,7.9402008056640625,False
151,7859,1002,6.413120269775391,False
151,30109,79,8.46498966217041,False
151,23337,1352,5.085580348968506,False
151,373,816,6.836383819580078,False
151,22923,697,7.101655006408691,False
151,28235,2143,3.7650606632232666,False
151,8841,1436,4.832274913787842,False
151,41165,1764,4.130074977874756,False
151,38825,286,7.943666934967041,False
151,31691,595,7.325709342956543,False
151,31564,565,7.3831682205200195,False
151,6396,193,8.156118392944336,False
151,39580,896,6.659076690673828,False
151,23335,688,7.120701789855957,False
151,22936,1190,5.728004455566406,False
151,22287,947,6.537792682647705,False
151,474,719,7.066189765930176,False
151,39962,348,7.847397804260254,False
151,39847,203,8.124496459960938,False
151,1715,521,7.471042633056641,False
151,7783,1023,6.3562092781066895,False
151,22010,582,7.356064796447754,False
151,8118,221,8.102885246276855,False
151,14105,568,7.381166458129883,False
151,8380,940,6.553520202636719,False
151,21446,50,8.58582878112793,False
151,29512,795,6.880171298980713,False
151,19468,77,8.473487854003906,False
151,37265,1341,5.121134281158447,False
151,6355,134,8.292244911193848,False
151,29459,1351,5.098424434661865,False
151,14851,1532,4.612070560455322,False
151,14850,1703,4.250897407531738,False
151,24970,73,8.507678985595703,False
151,37843,302,7.922397136688232,False
151,13929,1308,5.238251209259033,False
151,36064,4855,2.696699380874634,False
151,359,514,7.491966247558594,False
151,22960,256,8.000706672668457,False
151,15460,4432,2.889765501022339,False
151,34299,27,8.732074737548828,False
151,15595,3507,3.2500240802764893,False
151,31259,65,8.524469375610352,False
151,34132,3905,3.1126086711883545,False
151,34131,4063,3.0509886741638184,False
151,637,910,6.622475624084473,False
151,24383,923,6.581794261932373,False
151,29978,1393,4.9471611976623535,False
151,30099,1337,5.137048244476318,False
151,746,425,7.667491912841797,False
151,33678,1484,4.716034412384033,False
151,22574,986,6.456669807434082,False
151,40164,611,7.304094314575195,False
151,16725,462,7.589576721191406,False
151,12987,351,7.829305648803711,False
151,4753,1208,5.665221214294434,False
151,9309,550,7.413156509399414,False
151,25728,1723,4.205204486846924,False
151,11195,311,7.91322135925293,False
151,6459,1597,4.44285249710083,False
151,14047,1001,6.420079231262207,False
151,24172,1327,5.173163890838623,False
151,20516,880,6.692255020141602,False
151,40509,1851,3.9910905361175537,False
151,31295,1343,5.112021446228027,False
151,14755,736,7.030935287475586,False
151,37484,1291,5.303905963897705,False
151,6786,1269,5.373563766479492,False
151,24173,1220,5.577323913574219,False
151,12120,66,8.52435302734375,False
151,31592,5017,2.6135504245758057,False
151,13249,280,7.961140155792236,False
151,29637,803,6.858536720275879,False
151,1914,172,8.199726104736328,False
151,1272,133,8.301748275756836,False
151,8388,195,8.147665977478027,False
151,27690,1422,4.883627891540527,False
151,27417,766,6.9514689445495605,False
151,13833,1216,5.6020355224609375,False
151,5648,687,7.120701789855957,False
151,12383,831,6.792975425720215,False
151,42158,954,6.526310920715332,False
151,22868,1613,4.409375190734863,False
151,40170,657,7.178210258483887,False
151,7726,2726,3.5079598426818848,False
151,33674,1028,6.346224784851074,False
151,39949,3144,3.3659961223602295,False
151,34391,54,8.558813095092773,False
151,2482,1573,4.51082706451416,False
151,12107,1728,4.194798469543457,False
151,38296,35,8.632802963256836,False
151,37691,1612,4.413201332092285,False
151,37290,49,8.587600708007812,False
151,19092,1372,5.032751083374023,False
151,31139,372,7.777682304382324,False
151,24158,463,7.588759422302246,False
151,16466,1083,6.171049118041992,False
151,18477,498,7.522029399871826,False
151,31140,362,7.805336952209473,False
151,25876,1374,5.027859210968018,False
151,23181,907,6.6333417892456055,False
151,5307,75,8.487995147705078,False
151,42150,968,6.497640609741211,False
151,37927,648,7.211839199066162,False
151,14394,209,8.114004135131836,False
151,29995,847,6.764579772949219,False
151,1253,605,7.310880661010742,False
151,42149,945,6.540740966796875,False
151,41353,723,7.057785511016846,False
151,22661,1511,4.6592864990234375,False
151,10804,765,6.95236873626709,False
151,26337,709,7.085906982421875,False
151,17234,4640,2.798518419265747,False
151,29580,1334,5.15673303604126,False
151,40624,350,7.839133262634277,False
151,26192,387,7.745153427124023,False
151,7156,1429,4.852223873138428,False
151,17888,612,7.296541690826416,False
151,35769,950,6.531534194946289,False
151,22451,1416,4.892348289489746,False
151,42155,997,6.427054405212402,False
151,378,743,7.0075483322143555,False
151,1230,1710,4.229685306549072,False
151,7444,1079,6.185163974761963,False
151,38852,394,7.732243537902832,False
151,2419,37,8.62839126586914,False
151,42156,963,6.504785060882568,False
151,42157,969,6.497640609741211,False
151,31386,948,6.537792682647705,False
151,32666,526,7.46043586730957,False
151,42146,982,6.4692206382751465,False
151,26153,291,7.937636375427246,False
151,36135,667,7.161517143249512,False
151,42747,71,8.513320922851562,False
151,27601,355,7.818938255310059,False
151,1144,34,8.644458770751953,False
151,29631,3258,3.329277992248535,False
151,28910,757,6.971733570098877,False
151,41306,639,7.233478546142578,False
151,28195,204,8.119257926940918,False
151,4352,318,7.8953657150268555,False
151,6402,1049,6.297713279724121,False
151,29395,1488,4.708136081695557,False
151,29629,2736,3.5052826404571533,False
151,34312,366,7.793245315551758,False
151,2883,283,7.952889442443848,False
151,34952,679,7.141506195068359,False
151,6395,3432,3.274214506149292,False
151,17088,226,8.085799217224121,False
151,35354,1639,4.368866443634033,False
151,35341,506,7.511728286743164,False
151,34403,122,8.336762428283691,False
151,37941,95,8.41916275024414,False
151,24463,33,8.696229934692383,False
151,16689,313,7.907621383666992,False
151,1331,3137,3.3673455715179443,False
151,18163,1013,6.386470794677734,False
151,39920,483,7.557161331176758,False
151,16550,164,8.226652145385742,False
151,22362,5790,2.07081937789917,False
151,16752,1719,4.215997219085693,False
151,40039,482,7.559800624847412,False
151,39651,14,8.845209121704102,False
151,18062,586,7.342685699462891,False
151,25844,1384,4.982041358947754,False
151,33980,449,7.6155877113342285,False
151,26963,334,7.877835273742676,False
151,34241,222,8.099438667297363,False
151,19268,1103,6.089667320251465,False
151,2265,1899,3.9446566104888916,False
151,16030,1502,4.675673007965088,False
151,23024,210,8.113212585449219,False
151,35369,1098,6.112726211547852,False
151,42392,1551,4.565493583679199,False
151,30110,136,8.29025936126709,False
151,24973,967,6.4982829093933105,False
151,31116,109,8.373743057250977,False
151,23863,1231,5.541173934936523,False
151,5308,479,7.569393157958984,False
151,19742,249,8.019915580749512,False
151,40779,416,7.678351402282715,False
151,20534,5176,2.516557455062866,False
151,6022,775,6.919639587402344,False
151,42344,1654,4.345329284667969,False
151,38692,4593,2.8180484771728516,False
151,28531,340,7.864546775817871,False
151,37320,674,7.150904655456543,False
151,3097,725,7.050954818725586,False
151,4348,714,7.080228805541992,False
151,23966,4904,2.6754202842712402,False
151,37306,957,6.514525890350342,False
151,603,625,7.281332015991211,False
151,2651,1188,5.729898452758789,False
151,27057,322,7.892849922180176,False
151,28481,157,8.236488342285156,False
151,30103,1004,6.409843444824219,False
151,8095,186,8.168224334716797,False
151,8094,418,7.677050590515137,False
151,8096,223,8.098503112792969,False
151,14714,1290,5.303905963897705,False
151,38663,138,8.278631210327148,False
151,483,908,6.625624179840088,False
151,18916,59,8.53500747680664,False
151,18091,1467,4.747693061828613,False
151,18092,838,6.775149822235107,False
151,42339,217,8.109682083129883,False
151,30418,369,7.7886199951171875,False
151,33979,180,8.183692932128906,False
151,29550,791,6.890035629272461,False
151,34398,1431,4.848696708679199,False
151,33981,177,8.186877250671387,False
151,28662,769,6.941532611846924,False
151,19674,485,7.5436553955078125,False
151,1254,545,7.420129299163818,False
151,37462,738,7.03040885925293,False
151,31686,1454,4.781167984008789,False
151,382,1108,6.080044269561768,False
151,7352,192,8.156417846679688,False
151,42395,897,6.658522605895996,False
151,27686,228,8.07956314086914,False
151,42360,852,6.7429070472717285,False
151,14747,651,7.205611228942871,False
151,32211,273,7.973959445953369,False
151,352,1459,4.768575668334961,False
151,3877,811,6.843268394470215,False
151,37024,750,6.98842716217041,False
151,23800,397,7.7233428955078125,False
151,34408,566,7.381868362426758,False
151,42152,952,6.526310920715332,False
151,3879,1085,6.158621311187744,False
151,6400,1659,4.335348606109619,False
151,375,1010,6.395683288574219,False
151,14870,1073,6.190800189971924,False
151,42154,953,6.526310920715332,False
151,8385,4423,2.894700288772583,False
151,1951,4834,2.705305814743042,False
151,33585,1242,5.510035991668701,False
151,33710,4914,2.6712045669555664,False
151,26521,275,7.968897819519043,False
151,8384,756,6.972410202026367,False
151,29383,1451,4.801480293273926,False
151,10819,1370,5.038558006286621,False
151,40040,8,8.893820762634277,False
151,42148,987,6.455103874206543,False
151,13212,540,7.431582450866699,False
151,35436,331,7.881476402282715,False
151,40041,638,7.2365522384643555,False
151,42153,962,6.504785060882568,False
151,31901,161,8.230862617492676,False
151,3819,104,8.39444351196289,False
151,35342,243,8.028182983398438,False
151,39940,1282,5.337201118469238,False
151,2666,1385,4.963685989379883,False
151,42151,975,6.483398914337158,False
151,38081,1141,5.922040939331055,False
151,37946,708,7.086456775665283,False
151,29445,175,8.192632675170898,False
151,5177,916,6.614597320556641,False
151,25356,2661,3.5298726558685303,False
151,8526,1056,6.2652482986450195,False
151,362,1400,4.920073986053467,False
151,23774,1280,5.342777729034424,False
151,29492,730,7.041346549987793,False
151,28201,1261,5.401958465576172,False
151,38270,153,8.244321823120117,False
151,38306,2893,3.449781656265259,False
151,29495,3143,3.3659961223602295,False
151,26978,1485,4.713873386383057,False
151,16845,121,8.336959838867188,False
151,31003,1158,5.861968517303467,False
151,14845,149,8.254658699035645,False
151,1073,94,8.41916275024414,False
151,33721,690,7.114284515380859,False
151,18581,863,6.7201361656188965,False
151,38274,627,7.266375541687012,False
151,29489,25,8.734016418457031,False
151,23530,660,7.177574634552002,False
151,11247,525,7.462096214294434,False
151,23529,1138,5.9273834228515625,False
151,29630,871,6.701089859008789,False
151,10800,52,8.571920394897461,False
151,15476,699,7.098959922790527,False
151,29079,3577,3.2251174449920654,False
151,10044,227,8.080520629882812,False
151,29874,341,7.862560272216797,False
151,16083,361,7.805336952209473,False
151,4745,240,8.041168212890625,False
151,32124,682,7.131434440612793,False
151,40781,501,7.516124725341797,False
151,21447,377,7.76668643951416,False
151,6886,1605,4.424072265625,False
151,22363,4527,2.846102237701416,False
151,9299,139,8.277029037475586,False
151,13928,393,7.738307952880859,False
151,7982,842,6.767253875732422,False
151,29635,5193,2.504383087158203,False
151,37277,1175,5.788247585296631,False
151,2544,1203,5.672178268432617,False
151,29368,1065,6.234003067016602,False
151,6865,564,7.3843231201171875,False
151,23012,884,6.682236671447754,False
151,30572,327,7.88658332824707,False
151,41331,68,8.517044067382812,False
151,20852,187,8.166425704956055,False
151,17196,5547,2.2257957458496094,False
151,3577,1412,4.901974201202393,False
151,12980,454,7.604033470153809,False
151,16722,876,6.694742679595947,False
151,37817,112,8.365140914916992,False
151,24151,1171,5.803154468536377,False
151,34873,1118,6.006527423858643,False
151,4780,858,6.7276225090026855,False
151,11255,1024,6.354445457458496,False
151,23624,942,6.551288604736328,False
151,41268,790,6.890142440795898,False
151,6401,1492,4.705472946166992,False
151,37294,442,7.633185863494873,False
151,3092,19,8.785547256469727,False
151,14432,146,8.261444091796875,False
151,34287,1339,5.129276752471924,False
151,41172,1101,6.106365203857422,False
151,19029,1094,6.1338629722595215,False
151,7762,641,7.227957725524902,False
151,15526,452,7.614083290100098,False
151,401,825,6.816487789154053,False
151,28202,1136,5.931371688842773,False
151,29643,530,7.449554920196533,False
151,16032,399,7.71550178527832,False
151,19977,1211,5.633425712585449,False
151,16192,459,7.594694137573242,False
151,6458,381,7.7575812339782715,False
151,37820,97,8.416306495666504,False
151,38062,634,7.236777305603027,False
151,3575,1442,4.821118354797363,False
151,7722,991,6.444140434265137,False
151,24156,447,7.621397972106934,False
151,40668,101,8.403807640075684,False
151,32123,868,6.706758499145508,False
151,40671,3347,3.304764747619629,False
151,35338,184,8.17667007446289,False
151,40780,500,7.51849365234375,False
151,31014,281,7.961140155792236,False
151,23811,2416,3.6242012977600098,False
151,39560,1067,6.226170539855957,False
151,39561,663,7.170270919799805,False
151,15443,581,7.357159614562988,False
151,23779,1665,4.326844692230225,False
151,23806,1061,6.241400718688965,False
151,36211,712,7.080695152282715,False
151,8970,336,7.874619483947754,False
151,31378,349,7.843693733215332,False
151,34091,337,7.871905326843262,False
151,34092,213,8.11080551147461,False
151,36081,934,6.5634565353393555,False
151,7158,700,7.097884654998779,False
151,34273,328,7.88658332824707,False
151,28859,1150,5.8772454261779785,False
151,39212,1296,5.279786586761475,False
151,39662,820,6.827574729919434,False
151,363,849,6.760674953460693,False
151,28200,2135,3.7692461013793945,False
151,38847,924,6.5770978927612305,False
151,23979,1149,5.878384590148926,False
151,37330,617,7.28990364074707,False
151,37307,720,7.065547943115234,False
151,28539,22,8.739758491516113,False
151,42147,944,6.540740966796875,False
151,35379,4606,2.8130433559417725,False
151,1449,262,7.993951797485352,False
151,18580,755,6.9755859375,False
151,24899,984,6.4648542404174805,False
151,8902,1786,4.092249870300293,False
151,4043,978,6.472066879272461,False
151,14483,339,7.8715715408325195,False
151,7479,106,8.384520530700684,False
151,9315,537,7.43950080871582,False
151,308,885,6.681580543518066,False
151,20470,357,7.812283515930176,False
151,18576,162,8.229185104370117,False
151,18583,869,6.704164505004883,False
151,18584,854,6.741528511047363,False
151,20949,3844,3.1352059841156006,False
151,19004,1169,5.804304122924805,False
151,28219,464,7.58349609375,False
151,2959,232,8.07248592376709,False
151,3164,17,8.817475318908691,False
151,19990,26,8.732404708862305,False
151,8374,533,7.4486799240112305,False
151,41401,234,8.06408977508545,False
151,34138,126,8.329930305480957,False
151,29223,443,7.6300048828125,False
151,1446,1941,3.895951509475708,False
151,22885,354,7.818938255310059,False
151,30649,1124,5.977607250213623,False
151,2277,894,6.666025161743164,False
151,17763,1976,3.8725690841674805,False
151,33258,2013,3.8462109565734863,False
151,19070,411,7.689018249511719,False
151,8130,511,7.493447780609131,False
151,12215,985,6.461840629577637,False
151,28911,608,7.306253433227539,False
151,27020,61,8.530405044555664,False
151,42401,3012,3.4115445613861084,False
151,6965,3383,3.2904133796691895,False
151,3091,190,8.158756256103516,False
151,31431,915,6.616947174072266,False
151,6627,1168,5.80478572845459,False
151,5495,4848,2.6969199180603027,False
151,29994,1186,5.738283157348633,False
151,29565,421,7.670037269592285,False
151,13230,3428,3.2753114700317383,False
151,1255,86,8.444050788879395,False
151,25425,120,8.337186813354492,False
151,11243,1194,5.713590145111084,False
151,15429,470,7.575965404510498,False
151,26071,4548,2.8391671180725098,False
151,4330,2918,3.442617654800415,False
151,32801,6,8.950431823730469,False
151,30377,917,6.606293201446533,False
151,16463,851,6.7451934814453125,False
151,3431,254,8.007099151611328,False
151,21943,640,7.229126930236816,False
151,37788,1037,6.329281806945801,False
151,5163,618,7.288974761962891,False
151,1498,113,8.360522270202637,False
151,6764,610,7.304094314575195,False
151,31054,512,7.493033409118652,False
151,29132,780,6.912301063537598,False
151,30316,1293,5.2855072021484375,False
151,17826,983,6.468243598937988,False
151,34980,497,7.522693157196045,False
151,36133,495,7.526330471038818,False
151,19968,103,8.399116516113281,False
151,33075,951,6.52686882019043,False
151,30370,237,8.056476593017578,False
151,12409,930,6.5674824714660645,False
151,16458,450,7.614858150482178,False
151,42237,768,6.944453239440918,False
151,36174,1040,6.324004173278809,False
151,42040,510,7.494146347045898,False
151,22557,1473,4.737527847290039,False
151,29130,1646,4.360230922698975,False
151,38680,781,6.910791397094727,False
151,29483,202,8.128997802734375,False
151,40611,559,7.398819923400879,False
151,29126,1481,4.721248626708984,False
151,31274,3110,3.3760037422180176,False
151,8967,91,8.430810928344727,False
151,29128,1954,3.8858842849731445,False
151,16295,971,6.493710517883301,False
151,19642,185,8.168586730957031,False
151,33019,614,7.295051574707031,False
151,39009,675,7.14845085144043,False
151,19003,345,7.856083393096924,False
151,26480,926,6.57567024230957,False
151,32055,1409,4.9085845947265625,False
151,24147,753,6.9806365966796875,False
151,38686,163,8.22914981842041,False
151,33285,635,7.2365522384643555,False
151,33506,1971,3.873731851577759,False
151,30178,1031,6.338018417358398,False
151,30327,504,7.511728286743164,False
151,19880,363,7.8024797439575195,False
151,1535,489,7.537248611450195,False
151,20051,1303,5.248242378234863,False
151,22967,1940,3.896144390106201,False
151,25433,1227,5.548707008361816,False
151,38916,860,6.7259202003479,False
151,25431,3567,3.2276711463928223,False
151,27443,1313,5.22570276260376,False
151,26049,1238,5.5221099853515625,False
151,5617,828,6.8001322746276855,False
151,26050,1354,5.074089527130127,False
151,30636,979,6.471652030944824,False
151,12990,890,6.675289154052734,False
151,29622,1244,5.500193119049072,False
151,7354,870,6.702381134033203,False
151,34987,875,6.6948957443237305,False
151,13017,914,6.616947174072266,False
151,30101,235,8.059867858886719,False
151,17120,1059,6.255766868591309,False
151,4182,977,6.472138404846191,False
151,39372,813,6.83701753616333,False
151,28260,63,8.529163360595703,False
151,2885,5322,2.4042577743530273,False
151,28961,285,7.946816444396973,False
151,17353,155,8.236822128295898,False
151,736,39,8.622781753540039,False
151,14564,58,8.540216445922852,False
151,18591,1029,6.346219539642334,False
151,26256,137,8.2865571975708,False
151,36087,438,7.637408256530762,False
151,32274,541,7.427395820617676,False
151,25132,1306,5.242786407470703,False
151,42928,205,8.117253303527832,False
151,22958,1252,5.452401161193848,False
151,16245,53,8.569231033325195,False
151,39767,513,7.492702007293701,False
151,9489,30,8.705066680908203,False
151,40064,538,7.436931610107422,False
151,17383,777,6.917172908782959,False
151,16460,619,7.288974761962891,False
151,28962,315,7.903801918029785,False
151,42293,427,7.666866779327393,False
151,41163,1318,5.209453582763672,False
151,25898,314,7.90487003326416,False
151,28929,130,8.306302070617676,False
151,27036,293,7.937343597412109,False
151,27542,933,6.565824508666992,False
151,18990,515,7.4906511306762695,False
151,34696,476,7.5710649490356445,False
151,1273,144,8.270058631896973,False
151,33478,480,7.567005157470703,False
151,33256,691,7.108689308166504,False
151,7466,1223,5.570987701416016,False
151,5125,1157,5.861968517303467,False
151,29744,333,7.878510475158691,False
151,18610,433,7.650801658630371,False
151,37471,1513,4.65640926361084,False
151,42162,1663,4.3272786140441895,False
151,39461,964,6.501096725463867,False
151,7467,920,6.594078063964844,False
151,24176,18,8.787431716918945,False
151,7729,471,7.575643539428711,False
151,35378,2241,3.715548276901245,False
151,7718,1382,4.99575662612915,False
151,975,782,6.9102783203125,False
151,16031,1504,4.672451019287109,False
151,11655,481,7.5637102127075195,False
151,17740,3151,3.3634426593780518,False
151,23874,423,7.668280601501465,False
151,42927,1251,5.459685325622559,False
151,24880,1635,4.371474266052246,False
151,36051,1197,5.699176788330078,False
151,37380,2181,3.7458770275115967,False
151,37154,1092,6.140228271484375,False
151,16461,784,6.903517723083496,False
151,10738,460,7.592493057250977,False
151,31535,1237,5.522564888000488,False
151,31530,1229,5.543262481689453,False
151,8994,973,6.490511894226074,False
151,40386,509,7.497272491455078,False
152,30654,1,13.497064590454102,False
152,5163,1531,3.3397231101989746,False
152,14414,2802,2.976616144180298,False
152,17645,742,3.5516536235809326,False
152,2770,2207,3.1629984378814697,False
152,12194,2663,3.0229294300079346,False
152,17647,499,3.6369404792785645,False
152,5573,3610,2.607813835144043,False
152,14521,4003,2.3102152347564697,False
152,4196,15,4.106945514678955,False
152,5574,4705,1.9439343214035034,False
152,18478,2038,3.2071785926818848,False
152,35721,1220,3.416539192199707,False
152,18479,2025,3.2112560272216797,False
152,21593,6,10.916961669921875,False
152,6404,2014,3.215022325515747,False
152,17639,1673,3.304764747619629,False
152,15579,2263,3.150850534439087,False
152,17646,1031,3.4663524627685547,False
152,5166,3,12.299481391906738,False
152,11630,3070,2.867098808288574,False
152,20815,264,3.754939317703247,False
152,5164,1650,3.310539960861206,False
152,22364,2026,3.2112560272216797,False
152,37312,700,3.564183473587036,False
152,1453,2800,2.976616144180298,False
152,41475,2,12.637434005737305,False
152,42240,2366,3.1171488761901855,False
152,14832,18337,0.0,True
152,254,4,12.245010375976562,False
152,5165,1489,3.351541042327881,False
152,12193,2712,3.0049471855163574,False
152,18730,7,10.737582206726074,False
152,5143,1640,3.3134355545043945,False
152,9315,753,3.5491580963134766,False
152,37126,324,3.7215256690979004,False
152,4063,924,3.499976634979248,False
152,29389,2229,3.1590423583984375,False
152,14358,1757,3.283828020095825,False
152,29759,3205,2.807852029800415,False
152,2352,1791,3.27618670463562,False
152,19881,2652,3.0274760723114014,False
152,40358,2410,3.105578899383545,False
152,42808,3131,2.8394176959991455,False
152,1516,3025,2.8867602348327637,False
152,11248,2556,3.0567879676818848,False
153,14721,187,4.682095527648926,False
153,34464,37,6.260403633117676,False
153,14628,14843,0.0,True
153,17845,92,5.3963422775268555,False
153,10271,84,5.475898265838623,False
153,26918,24,6.898155212402344,False
153,36426,94,5.367101192474365,False
153,41883,130,5.082518100738525,False
153,37328,110,5.189024448394775,False
153,35018,35,6.305331230163574,False
153,11966,321,3.4931933879852295,False
153,10894,68,5.599730014801025,False
153,26637,162,4.866114616394043,False
153,17862,87,5.455790042877197,False
153,27828,294,3.932359218597412,False
153,15746,15954,0.0,True
153,41886,205,4.609464168548584,False
153,27333,54,5.807677268981934,False
153,41809,28,6.726389408111572,False
153,26904,18,6.995595455169678,False
153,21021,39,6.239136219024658,False
153,4848,25,6.870944023132324,False
153,7842,43,6.106030464172363,False
153,17512,109,5.192488193511963,False
153,11838,278,4.169632434844971,False
153,13507,260,4.290030002593994,False
153,10867,29,6.673516750335693,False
153,30367,82,5.496155738830566,False
153,10861,32,6.449019432067871,False
153,32061,49,5.853438377380371,False
153,10859,13,7.147028923034668,False
153,10886,12,7.296194553375244,False
153,10866,168,4.787710666656494,False
153,27504,241,4.4175872802734375,False
153,27848,300,3.916809320449829,False
153,12080,154,4.90628719329834,False
153,7023,34,6.354113578796387,False
153,4856,52,5.81201696395874,False
153,10914,8,7.377715110778809,False
153,11891,315,3.7206361293792725,False
153,41855,81,5.516561985015869,False
153,33412,180,4.7117919921875,False
153,41862,69,5.599730014801025,False
153,20113,136,5.022384166717529,False
153,34932,103,5.234730243682861,False
153,8300,8564,0.0,True
153,41863,86,5.475898265838623,False
153,41882,65,5.696342945098877,False
153,16488,169,4.780008316040039,False
153,26102,276,4.175492286682129,False
153,41860,142,5.005463600158691,False
153,5214,102,5.243968963623047,False
153,21409,167,4.795436382293701,False
153,40620,20,6.973061561584473,False
153,25468,149,4.922543048858643,False
153,11910,316,3.683736562728882,False
153,41888,175,4.764678955078125,False
153,9860,45,5.995156288146973,False
153,9859,70,5.589197635650635,False
153,2319,291,3.979759693145752,False
153,2318,256,4.321223735809326,False
153,10911,10,7.332202434539795,False
153,10882,114,5.144108772277832,False
153,10883,148,4.938906669616699,False
153,23113,59,5.751471519470215,False
153,39623,40,6.239136219024658,False
153,11941,12169,0.0,True
153,25471,221,4.532129764556885,False
153,12481,105,5.225525379180908,False
153,6558,212,4.552962779998779,False
153,41868,98,5.319064140319824,False
153,7822,66,5.66377067565918,False
153,37319,55,5.78506326675415,False
153,40699,192,4.667386054992676,False
153,23996,96,5.347782135009766,False
153,40076,91,5.416013717651367,False
153,26934,285,4.089298248291016,False
153,40698,277,4.175492286682129,False
153,27821,313,3.763042449951172,False
153,279,143,4.99704647064209,False
153,4114,310,3.7918541431427,False
153,42985,127,5.091225624084473,False
153,41858,189,4.674728870391846,False
153,4133,244,4.404491424560547,False
153,26185,197,4.645495891571045,False
153,17437,63,5.722474575042725,False
153,29204,76,5.537121772766113,False
153,26964,106,5.2163519859313965,False
153,2555,157,4.874096393585205,False
153,17863,88,5.455790042877197,False
153,35017,36,6.272059440612793,False
153,35016,33,6.407301902770996,False
153,21407,216,4.545997142791748,False
153,24831,14,7.138444423675537,False
153,24833,61,5.740360736846924,False
153,24828,46,5.935282230377197,False
153,24832,4,7.614021301269531,False
153,24834,57,5.773822784423828,False
153,24829,7,7.396077632904053,False
153,24830,47,5.876591205596924,False
153,24835,2,7.899997711181641,False
153,27813,286,4.061351776123047,False
153,41799,199,4.645495891571045,False
153,4137,44,6.0316643714904785,False
153,4138,3,7.865965843200684,False
153,16513,21,6.932239532470703,False
153,26202,305,3.8064262866973877,False
153,26197,317,3.585935354232788,False
153,41812,152,4.914401531219482,False
153,41813,153,4.914401531219482,False
153,41810,134,5.030887126922607,False
153,41814,147,4.947129249572754,False
153,41811,151,4.922543048858643,False
153,8928,126,5.091225624084473,False
153,41887,156,4.890138626098633,False
153,31020,31,6.521457672119141,False
153,34936,115,5.144108772277832,False
153,6560,125,5.091225624084473,False
153,6559,255,4.333828926086426,False
153,41807,112,5.161981582641602,False
153,41808,101,5.271880149841309,False
153,41806,201,4.638245105743408,False
153,41805,123,5.099964141845703,False
153,41872,194,4.660066604614258,False
153,26836,111,5.170963287353516,False
153,13603,135,5.022384166717529,False
153,41880,113,5.161981582641602,False
153,30982,1,8.320286750793457,False
153,41864,17,7.020387172698975,False
153,4180,56,5.773822784423828,False
153,28903,146,4.947129249572754,False
153,28904,210,4.5599493980407715,False
153,10893,9,7.341259956359863,False
153,10863,188,4.674728870391846,False
153,20110,22,6.914206027984619,False
153,35260,11,7.332202434539795,False
153,28756,119,5.126359462738037,False
153,27335,6,7.498733043670654,False
153,11830,50,5.841931343078613,False
153,30015,239,4.424164772033691,False
153,20973,89,5.445791244506836,False
153,20975,64,5.71826696395874,False
153,26171,38,6.258847713470459,False
153,17513,51,5.840125560760498,False
153,20111,23,6.898155212402344,False
155,5892,1472,3.39542555809021,False
155,35145,40,7.493902206420898,False
155,35692,3933,2.2677419185638428,False
155,5893,23,7.812083721160889,False
155,26737,24,7.772177696228027,False
155,40381,8,8.19238567352295,False
155,7100,26,7.753457069396973,False
155,4738,1484,3.3908817768096924,False
156,4008,37,13.469608306884766,False
156,38255,88,10.925541877746582,False
156,11061,41,13.321623802185059,False
156,26088,61,12.814915657043457,False
156,20905,34,13.706497192382812,False
156,13934,44,13.284712791442871,False
156,12522,74,12.028131484985352,False
156,30443,69,12.425470352172852,False
156,13796,64,12.80746078491211,False
156,34214,87,10.991680145263672,False
156,32574,58,12.879932403564453,False
156,12523,65,12.76276969909668,False
156,6872,16,14.851529121398926,False
156,31730,12,15.259822845458984,False
156,37565,5,15.939889907836914,False
156,38287,24,14.457741737365723,False
156,38286,21,14.596949577331543,False
156,18519,10,15.45153522491455,False
156,23900,13,15.035897254943848,False
157,22008,45,9.974336624145508,False
157,7856,33,10.374759674072266,False
157,18665,93,8.702828407287598,False
157,19423,19,10.771612167358398,False
157,31687,56,9.658397674560547,False
157,381,67,9.461426734924316,False
157,6515,1325,4.559426307678223,False
157,6392,96,8.609180450439453,False
157,25733,106,8.199440002441406,False
157,13747,16,11.00387191772461,False
157,37949,10,11.556355476379395,False
157,25577,21,10.693042755126953,False
157,35445,80,9.083930969238281,False
157,38945,9,11.69454288482666,False
157,13748,4,12.080485343933105,False
157,14676,78,9.199480056762695,False
157,36313,5,11.920721054077148,False
157,38927,103,8.337915420532227,False
157,39907,83,9.003034591674805,False
157,40574,63,9.526128768920898,False
157,6952,25,10.551247596740723,False
157,13651,18,10.8069429397583,False
157,1690,51,9.716283798217773,False
157,15459,39,10.171796798706055,False
157,4016,6,11.833687782287598,False
157,24504,53,9.692852020263672,False
157,23866,74,9.314387321472168,False
157,25568,72,9.32429313659668,False
157,40626,1,12.732352256774902,False
157,41466,32,10.378077507019043,False
157,29364,49,9.922544479370117,False
157,18306,60,9.558757781982422,False
157,22057,26,10.536498069763184,False
157,659,37,10.236076354980469,False
157,25043,77,9.216695785522461,False
157,13427,71,9.346238136291504,False
157,16590,48,9.936405181884766,False
157,19560,24,10.579479217529297,False
157,41465,35,10.308588981628418,False
157,37121,57,9.625425338745117,False
157,37122,55,9.675662994384766,False
157,40468,2,12.579103469848633,False
157,14759,89,8.883038520812988,False
157,10703,31,10.380637168884277,False
157,15540,104,8.221538543701172,False
157,10787,28,10.499696731567383,False
157,39915,337,6.026334762573242,False
157,41251,22,10.687002182006836,False
157,9909,65,9.504905700683594,False
157,39565,30,10.462797164916992,False
157,27756,79,9.134393692016602,False
158,20048,14,11.65182876586914,False
158,20052,34,10.454629898071289,False
158,20046,13,11.708080291748047,False
158,27872,12,11.719396591186523,False
158,27874,18,11.486328125,False
158,27875,24,10.998153686523438,False
158,27876,43,9.694215774536133,False
158,27877,29,10.776597023010254,False
158,27879,32,10.598671913146973,False
158,27881,26,10.849451065063477,False
158,20049,22,11.010729789733887,False
158,29261,28,10.829872131347656,False
158,3733,30,10.710372924804688,False
158,613,47,9.02207088470459,False
158,27880,40,9.99893569946289,False
158,13629,8,11.891059875488281,False
158,27873,17,11.529991149902344,False
158,29464,44,9.484153747558594,False
158,42555,9,11.773994445800781,False
158,28273,4,12.48498249053955,False
158,3218,946,4.64349365234375,False
158,29379,49,8.839855194091797,False
158,16196,1,13.50545883178711,False
158,32203,2,12.962196350097656,False
158,29259,45,9.432276725769043,False
158,29465,41,9.911384582519531,False
158,28272,36,10.39459228515625,False
158,40957,46,9.148061752319336,False
158,21724,33,10.543210983276367,False
158,20029,7,11.926977157592773,False
158,20030,31,10.6691312789917,False
158,27878,11,11.739007949829102,False
158,16646,25,10.985607147216797,False
158,13630,3,12.702533721923828,False
158,20047,10,11.749683380126953,False
158,17651,52,8.110204696655273,False
158,20034,37,10.348092079162598,False
158,20050,23,10.998153686523438,False
158,29530,39,10.198680877685547,False
158,20031,16,11.58013916015625,False
158,29397,5,12.408600807189941,False
158,342,6,12.116474151611328,False
158,21569,27,10.840432167053223,False
158,5657,42,9.713773727416992,False
159,33025,12,9.207181930541992,False
159,28496,28515,0.0,True
159,11985,60,4.67329740524292,False
159,19408,19435,0.0,True
159,10274,3,10.457639694213867,False
159,11706,21,8.152076721191406,False
159,11720,11763,0.0,True
159,39609,39613,0.0,True
159,14113,44,7.128763198852539,False
159,11721,11764,0.0,True
159,13486,10,9.642682075500488,False
159,33227,43,7.193259239196777,False
159,19392,19420,0.0,True
159,25479,6,9.749096870422363,False
159,28490,28509,0.0,True
159,19406,53,6.741884231567383,False
159,421,482,0.0,True
159,434,495,0.0,True
159,28500,37,7.491484642028809,False
159,11727,11769,0.0,True
159,11744,16,8.410794258117676,False
159,33160,33172,0.0,True
159,25298,29,7.739429473876953,False
159,4989,11,9.619348526000977,False
159,33026,52,6.917868137359619,False
159,40002,40005,0.0,True
159,16776,17,8.393035888671875,False
159,42616,5,9.919381141662598,False
159,12910,12950,0.0,True
159,9244,57,6.053983688354492,False
159,36547,30,7.739429473876953,False
159,14024,14060,0.0,True
159,14027,14063,0.0,True
159,14032,14068,0.0,True
159,3765,55,6.629453182220459,False
159,13438,35,7.548384666442871,False
159,17774,34,7.591630458831787,False
159,19384,19412,0.0,True
159,19385,19413,0.0,True
159,19386,19414,0.0,True
159,32400,32415,0.0,True
159,6141,6195,0.0,True
159,24430,24455,0.0,True
159,36652,36658,0.0,True
159,14075,32,7.65006685256958,False
159,25482,46,7.116001605987549,False
159,30211,27,7.877457141876221,False
159,21353,21378,0.0,True
159,13499,61,4.374994277954102,False
159,10558,31,7.664817810058594,False
159,28508,39,7.44936990737915,False
159,28408,25,8.05299186706543,False
159,13952,13988,0.0,True
159,37704,37709,0.0,True
159,14038,14074,0.0,True
159,19397,19425,0.0,True
159,5364,5419,0.0,True
159,4844,4900,0.0,True
159,36555,36561,0.0,True
159,14033,14069,0.0,True
159,17910,28,7.83090353012085,False
159,39488,2,11.069138526916504,False
159,7707,36,7.505629539489746,False
159,7702,38,7.44936990737915,False
159,34798,51,6.929928302764893,False
159,26392,4,10.331870079040527,False
159,25314,18,8.320694923400879,False
159,30365,22,8.152076721191406,False
159,36636,36642,0.0,True
159,20035,9,9.701513290405273,False
159,40009,41,7.366544723510742,False
159,19409,54,6.673973083496094,False
159,1358,23,8.135394096374512,False
159,11723,11766,0.0,True
159,11725,26,8.036712646484375,False
159,14114,47,7.103286266326904,False
159,10451,20,8.20253849029541,False
159,39628,19,8.27080249786377,False
159,286,24,8.0857515335083,False
159,36536,7,9.71336555480957,False
159,834,14,8.7704496383667,False
159,5849,42,7.232521057128906,False
159,11713,11756,0.0,True
159,37435,37440,0.0,True
159,11709,11752,0.0,True
159,32717,1,11.214866638183594,False
159,14502,15,8.464521408081055,False
159,3755,49,7.003177165985107,False
159,17961,13,8.841019630432129,False
159,13449,13487,0.0,True
159,33230,56,6.4051408767700195,False
159,2229,33,7.620736598968506,False
159,36535,36543,0.0,True
160,15983,106,6.468985557556152,False
160,10331,659,4.266371726989746,False
160,27122,197,6.1221418380737305,False
160,3579,32,6.897851943969727,False
160,34428,90,6.519221782684326,False
160,27104,575,4.764486312866211,False
160,27105,58,6.698330402374268,False
160,27083,223,6.059628009796143,False
160,7643,170,6.197418689727783,False
160,22643,55,6.714161396026611,False
160,6079,145,6.3021416664123535,False
160,7765,256,5.960831165313721,False
160,11287,449,5.3834452629089355,False
160,28425,374,5.57400369644165,False
160,34422,43,6.761835098266602,False
160,6075,4,7.243977069854736,False
160,27095,92,6.517210960388184,False
160,34415,78,6.573651313781738,False
160,32071,679,4.117625713348389,False
160,6062,168,6.210677623748779,False
160,32070,212,6.085648059844971,False
160,27353,12,7.113089084625244,False
160,33849,233,6.028696060180664,False
160,33850,260,5.957735061645508,False
160,27153,121,6.4043288230896,False
160,27154,28,6.919922351837158,False
160,27111,248,5.9825873374938965,False
160,38827,160,6.255911827087402,False
160,33818,159,6.263150215148926,False
160,27082,174,6.182230472564697,False
160,4437,120,6.4043288230896,False
160,8669,130,6.361210823059082,False
160,8066,1,7.376041889190674,False
160,10660,258,5.957735061645508,False
160,26989,332,5.7225494384765625,False
160,14305,246,5.983480930328369,False
160,11080,11720,0.0,True
160,33164,636,4.426267623901367,False
160,41490,167,6.211640357971191,False
160,41492,38,6.843852996826172,False
160,8064,10,7.1180267333984375,False
160,33764,254,5.967769145965576,False
160,25357,245,5.9910688400268555,False
160,32105,406,5.4961838722229,False
160,1244,103,6.4748969078063965,False
160,27275,537,4.954361915588379,False
160,5563,336,5.7127790451049805,False
160,8188,527,5.02284049987793,False
160,41822,619,4.502197742462158,False
160,34449,556,4.873785495758057,False
160,34450,591,4.699252605438232,False
160,38243,53,6.718560218811035,False
160,29913,489,5.18598747253418,False
160,15136,7,7.200654029846191,False
160,15142,70,6.65114164352417,False
160,5723,85,6.534605979919434,False
160,37498,275,5.912992000579834,False
160,11442,101,6.48448371887207,False
160,7592,105,6.474547863006592,False
160,24271,618,4.502197742462158,False
160,26541,118,6.410464763641357,False
160,6835,208,6.096118927001953,False
160,31933,678,4.117625713348389,False
160,21054,266,5.938352584838867,False
160,28773,418,5.472219944000244,False
160,18407,18,7.048064708709717,False
160,6445,46,6.743668556213379,False
160,39545,285,5.879229545593262,False
160,11847,665,4.2206315994262695,False
160,11885,669,4.175861835479736,False
160,6509,40,6.830658435821533,False
160,21063,331,5.7225494384765625,False
160,21044,444,5.414294719696045,False
160,26094,707,3.9655420780181885,False
160,29391,390,5.538636684417725,False
160,4927,134,6.330290794372559,False
160,6161,662,4.22818660736084,False
160,33883,76,6.596599102020264,False
160,9783,388,5.547307968139648,False
160,35682,543,4.934881210327148,False
160,3206,14,7.091733932495117,False
160,27266,452,5.371203422546387,False
160,8067,20,6.99242639541626,False
160,15134,16,7.070505142211914,False
160,37497,137,6.327131271362305,False
160,33756,23,6.950625896453857,False
160,33153,109,6.439592361450195,False
160,33815,52,6.718560218811035,False
160,33828,17,7.0628557205200195,False
160,34627,805,3.532599687576294,False
160,22038,111,6.426107406616211,False
160,30482,605,4.5986151695251465,False
160,40429,40457,0.0,True
160,32547,229,6.0447306632995605,False
160,26294,412,5.483424663543701,False
160,7953,42,6.771298408508301,False
160,4105,54,6.714912414550781,False
160,32711,71,6.648756980895996,False
160,32712,48,6.734055519104004,False
160,33779,102,6.478987216949463,False
160,6248,668,4.175861835479736,False
160,15928,280,5.901262283325195,False
160,9563,598,4.643819808959961,False
160,3661,614,4.535759449005127,False
160,1080,9,7.170053005218506,False
160,38865,512,5.082281112670898,False
160,36394,367,5.608778953552246,False
160,33871,61,6.690017223358154,False
160,31219,41,6.771909236907959,False
160,26528,86,6.534605979919434,False
160,12143,445,5.403486251831055,False
160,30171,30463,0.0,True
160,32998,609,4.5576395988464355,False
160,2491,253,5.968362331390381,False
160,32889,559,4.8625688552856445,False
160,15135,13,7.101076126098633,False
160,33771,113,6.426107406616211,False
160,13927,440,5.42673397064209,False
160,2518,284,5.883535385131836,False
160,26547,37,6.850078582763672,False
160,20463,226,6.052475452423096,False
160,27163,97,6.502856731414795,False
160,27123,175,6.182230472564697,False
160,33778,25,6.934301853179932,False
160,10918,627,4.451291561126709,False
160,33832,156,6.268691062927246,False
160,27254,460,5.310820579528809,False
160,3565,795,3.5699737071990967,False
160,33873,155,6.2742414474487305,False
160,33806,26,6.930473804473877,False
160,36425,162,6.236240386962891,False
160,17686,269,5.932794094085693,False
160,35713,5,7.204751014709473,False
160,36095,33,6.897851943969727,False
160,14771,171,6.19200325012207,False
160,6080,139,6.319001197814941,False
160,33755,184,6.154358386993408,False
160,17208,47,6.739704608917236,False
160,31475,22,6.9611101150512695,False
160,33747,11,7.113907814025879,False
160,30530,215,6.07881498336792,False
160,34386,3,7.320239067077637,False
160,38547,84,6.540637493133545,False
160,6489,7223,0.0,True
160,33879,80,6.564516544342041,False
160,27117,116,6.413022994995117,False
160,27834,874,2.646129608154297,False
160,27178,394,5.529991149902344,False
160,27276,549,4.913140773773193,False
160,30243,271,5.927831649780273,False
160,33837,181,6.165067672729492,False
160,35716,193,6.133052349090576,False
160,33877,81,6.555407524108887,False
160,27106,869,3.018040895462036,False
160,27177,182,6.1620707511901855,False
160,24092,143,6.307088375091553,False
160,27140,209,6.094498634338379,False
160,27110,480,5.231935024261475,False
160,27065,165,6.218852996826172,False
160,27103,169,6.208277702331543,False
160,33749,36,6.855048656463623,False
160,27124,49,6.725029468536377,False
160,24089,442,5.420506954193115,False
160,35714,8,7.172060012817383,False
160,12926,146,6.3021416664123535,False
160,15096,237,6.018455505371094,False
160,13267,602,4.616590976715088,False
160,6568,57,6.704257488250732,False
160,14304,290,5.864632606506348,False
160,3776,298,5.82845401763916,False
160,27072,228,6.049282073974609,False
160,34427,138,6.322896957397461,False
160,32713,502,5.1388702392578125,False
160,27187,538,4.9491705894470215,False
160,33814,131,6.347301959991455,False
160,15926,45,6.747348308563232,False
160,12928,479,5.234322547912598,False
160,27102,252,5.972799777984619,False
160,18080,291,5.864059925079346,False
160,4514,555,4.873785495758057,False
160,33807,104,6.4748969078063965,False
160,24091,112,6.426107406616211,False
160,27101,317,5.773285388946533,False
160,34418,315,5.7779927253723145,False
160,27007,140,6.319001197814941,False
160,27004,100,6.492694854736328,False
160,38546,82,6.552734375,False
160,28944,29257,0.0,True
160,39031,132,6.332019329071045,False
160,26194,686,4.096203804016113,False
160,29910,425,5.453387260437012,False
160,39032,257,5.959944725036621,False
160,34389,15,7.091733932495117,False
160,11773,838,3.2913973331451416,False
160,33780,344,5.694955348968506,False
160,27120,341,5.703582286834717,False
160,33803,29,6.915256023406982,False
160,24216,135,6.330290794372559,False
160,24090,366,5.619636058807373,False
160,27156,150,6.2850422859191895,False
160,13518,283,5.886555194854736,False
160,33768,63,6.6711225509643555,False
160,42062,42075,0.0,True
160,3580,108,6.456848621368408,False
160,18593,60,6.690017223358154,False
160,29914,515,5.063694477081299,False
160,30529,225,6.055438995361328,False
160,10919,630,4.4429192543029785,False
160,33841,391,5.534821033477783,False
160,27144,312,5.782707691192627,False
160,35715,34,6.873764514923096,False
160,15945,273,5.923460483551025,False
160,33848,267,5.937765598297119,False
160,30528,214,6.07881498336792,False
160,13553,424,5.458083152770996,False
160,35817,570,4.798361778259277,False
160,27145,198,6.1221418380737305,False
160,3564,800,3.5592145919799805,False
160,21772,326,5.7452006340026855,False
160,12298,79,6.564516544342041,False
160,33836,142,6.313371181488037,False
160,27164,349,5.6761698722839355,False
160,15920,51,6.718560218811035,False
160,12141,801,3.5538597106933594,False
160,32458,115,6.414050102233887,False
160,31472,218,6.07521390914917,False
161,2287,1711,5.163656234741211,False
161,29228,224,8.332733154296875,False
161,24174,72,9.577634811401367,False
161,42238,456,6.881724834442139,False
161,40046,480,6.840757369995117,False
161,22545,172,8.701342582702637,False
161,9337,64,9.67321491241455,False
161,1555,757,6.429765701293945,False
161,735,1,11.646980285644531,False
161,13906,289,7.754984378814697,False
161,27897,301,7.621452331542969,False
161,18227,205,8.439733505249023,False
161,1526,40,9.949962615966797,False
161,1809,1822,4.852957725524902,False
161,10738,113,9.184310913085938,False
161,35369,81,9.472375869750977,False
161,22582,374,7.0948872566223145,False
161,22538,222,8.34842300415039,False
161,42660,338,7.243924617767334,False
161,23908,1527,5.485146522521973,False
161,7400,1058,6.036848068237305,False
161,14636,125,9.068713188171387,False
161,18211,3386,3.373749017715454,False
161,25614,352,7.185925483703613,False
161,7785,235,8.243683815002441,False
161,22042,184,8.623870849609375,False
161,1510,901,6.227115154266357,False
161,483,298,7.658710479736328,False
161,30609,1012,6.089893341064453,False
161,12107,332,7.2796101570129395,False
161,31267,78,9.48819351196289,False
161,42344,657,6.583587169647217,False
161,12383,130,9.0159273147583,False
161,3577,684,6.5444464683532715,False
161,2989,73,9.575974464416504,False
161,20694,2673,3.596123456954956,False
161,3184,17,10.28152847290039,False
161,4761,362,7.136998653411865,False
162,34536,2,10.66572380065918,False
162,34538,31,8.028422355651855,False
162,24153,16,8.551431655883789,False
162,14615,2490,3.1746127605438232,False
162,36388,2448,3.1839652061462402,False
162,15257,2680,3.1171488761901855,False
162,1604,35,7.9447021484375,False
162,42343,2614,3.1430089473724365,False
162,1512,1728,3.369248390197754,False
162,40269,63,7.095022201538086,False
162,22533,28,8.150522232055664,False
162,35808,4554,2.1273107528686523,False
162,12218,91,6.466458797454834,False
162,23768,26229,0.0,True
162,16794,92,6.455301761627197,False
162,22555,882,3.6119749546051025,False
162,16806,20181,0.0,True
162,12666,16688,0.0,True
162,20717,42,7.667733669281006,False
162,40081,1924,3.3221518993377686,False
162,39225,1276,3.4901137351989746,False
162,17251,1208,3.5111379623413086,False
162,2880,3302,2.9022397994995117,False
163,27618,2,21.07476043701172,False
163,27619,4,20.386154174804688,False
163,35691,65,13.551708221435547,False
163,20718,35,15.099595069885254,False
163,26654,30,15.92073917388916,False
163,15409,6,20.20584487915039,False
163,36816,12,19.374773025512695,False
163,20719,27,16.121318817138672,False
163,20720,33,15.31132698059082,False
163,21487,79,10.151412010192871,False
163,16288,50,14.382659912109375,False
163,26650,32,15.335267066955566,False
163,16656,28,16.043014526367188,False
163,37084,58,14.055458068847656,False
163,38002,21,17.62458038330078,False
163,38000,18,18.559349060058594,False
163,37999,7,20.134023666381836,False
163,37998,8,20.087820053100586,False
163,37052,24,16.743894577026367,False
163,38005,45,14.627035140991211,False
163,37051,19,18.55447769165039,False
163,37851,17,18.567405700683594,False
163,37045,13,19.274822235107422,False
163,1322,25,16.730815887451172,False
163,26657,36,14.883716583251953,False
163,28071,23,16.76787567138672,False
163,28078,40,14.78366470336914,False
163,28079,41,14.728158950805664,False
163,28077,63,13.601584434509277,False
163,16655,10,19.76422882080078,False
163,28073,11,19.515201568603516,False
163,26652,16,19.044645309448242,False
163,26655,62,13.758504867553711,False
163,37391,68,13.127202033996582,False
163,37390,69,12.701700210571289,False
163,16289,67,13.26502799987793,False
163,37198,77,10.66524887084961,False
163,37044,60,13.898361206054688,False
163,32130,37,14.845270156860352,False
163,26653,3,20.421220779418945,False
163,37053,14,19.07660484313965,False
163,37054,20,18.119274139404297,False
163,15413,5,20.323341369628906,False
163,15414,15,19.066862106323242,False
163,2969,2440,2.800694465637207,False
163,11460,204,5.627799987792969,False
163,32199,72,12.27587890625,False
164,39972,190,5.237771987915039,False
164,34381,745,4.584616661071777,False
164,19372,1501,3.9899115562438965,False
164,11103,1188,4.194045543670654,False
164,20623,430,4.953545093536377,False
164,20649,1754,3.842926025390625,False
164,6493,75,5.424342155456543,False
164,12991,369,5.023205757141113,False
164,42450,9,5.824454307556152,False
164,42454,405,4.991717338562012,False
164,33592,998,4.345404148101807,False
164,25317,212,5.220924377441406,False
164,33137,270,5.144738674163818,False
164,42749,824,4.515408992767334,False
164,15269,3342,3.047201156616211,False
164,11251,1137,4.234087944030762,False
164,15547,134,5.314592361450195,False
164,31881,779,4.554368019104004,False
164,15609,1820,3.8107352256774902,False
164,15610,1866,3.7851874828338623,False
164,15611,1990,3.726945400238037,False
164,39557,981,4.355708122253418,False
164,14720,601,4.735570907592773,False
164,7967,1749,3.8478903770446777,False
164,24350,36,5.559330463409424,False
164,7622,1315,4.098467826843262,False
164,6276,1085,4.281073093414307,False
164,7607,1052,4.303659439086914,False
164,41929,1770,3.834164619445801,False
164,15295,2105,3.6573753356933594,False
164,15298,2353,3.4971046447753906,False
164,7615,1008,4.3386077880859375,False
164,1045,468,4.902835845947266,False
164,1200,756,4.5767903327941895,False
164,15294,2340,3.4994969367980957,False
164,35298,848,4.4842681884765625,False
164,15290,2339,3.4994969367980957,False
164,15289,2350,3.4971046447753906,False
164,29748,2077,3.676058530807495,False
164,34507,1460,4.008808612823486,False
164,15299,2323,3.5090994834899902,False
164,15285,2084,3.6731884479522705,False
164,15301,2324,3.5090994834899902,False
164,15288,2349,3.4971046447753906,False
164,29458,49,5.505547046661377,False
164,9863,185,5.241717338562012,False
164,15286,2348,3.4971046447753906,False
164,7620,380,5.017273902893066,False
164,14638,1791,3.8243651390075684,False
164,14609,1603,3.92879581451416,False
164,14669,310,5.101140022277832,False
164,14686,845,4.487221717834473,False
164,15283,2068,3.6784915924072266,False
164,36054,35,5.566172122955322,False
164,20596,355,5.044198036193848,False
164,11386,692,4.644736289978027,False
164,14684,2927,3.2225608825683594,False
164,14685,2312,3.513921022415161,False
164,15489,494,4.872265815734863,False
164,14655,338,5.072884559631348,False
164,7965,643,4.695636749267578,False
164,30610,206,5.22428035736084,False
164,1208,535,4.822175979614258,False
164,15293,2093,3.6679017543792725,False
164,25318,650,4.691387176513672,False
164,42750,794,4.543028831481934,False
164,14648,1500,3.9906721115112305,False
164,22346,138,5.3072333335876465,False
164,7611,167,5.258563041687012,False
164,15300,2333,3.501892566680908,False
164,15284,2092,3.6679017543792725,False
164,7973,1636,3.9141194820404053,False
164,31665,24,5.605650424957275,False
164,32759,614,4.728214740753174,False
164,4145,2108,3.6547536849975586,False
164,7966,737,4.596469879150391,False
164,39857,983,4.354798316955566,False
164,15434,85,5.404540538787842,False
164,15292,2352,3.4971046447753906,False
164,14738,184,5.245687484741211,False
164,14743,363,5.026030540466309,False
164,14677,627,4.709927558898926,False
164,1191,159,5.273591995239258,False
164,4272,74,5.435086727142334,False
164,17377,70,5.446412086486816,False
164,29671,1201,4.1790056228637695,False
164,31666,162,5.262674808502197,False
164,37711,213,5.220924377441406,False
164,15613,429,4.95358943939209,False
164,28843,77,5.418571472167969,False
164,1210,852,4.47918701171875,False
164,14844,58,5.482922077178955,False
164,7617,1289,4.118560791015625,False
164,7613,1199,4.180568695068359,False
164,40929,296,5.117046356201172,False
164,6277,1067,4.293310165405273,False
164,3695,1128,4.245497703552246,False
164,15272,2128,3.6443052291870117,False
164,10043,1671,3.89239501953125,False
164,15291,2351,3.4971046447753906,False
164,14665,262,5.152595520019531,False
164,14666,356,5.041449069976807,False
164,40665,321,5.086589813232422,False
164,15524,1413,4.032210350036621,False
164,30675,894,4.429162502288818,False
164,15287,2079,3.675837993621826,False
164,1201,442,4.935693740844727,False
164,15297,2158,3.6261701583862305,False
164,7608,305,5.105172634124756,False
164,8516,1829,3.803372859954834,False
164,7619,873,4.449443817138672,False
164,7621,1149,4.227865219116211,False
164,35891,1277,4.128326416015625,False
164,7609,1159,4.220707416534424,False
164,7614,1711,3.870086669921875,False
164,14670,652,4.690296173095703,False
164,39383,452,4.925471782684326,False
164,39382,351,5.049098968505859,False
164,18012,1633,3.9152467250823975,False
164,4836,129,5.322282791137695,False
164,41315,554,4.797663688659668,False
164,28614,157,5.274397850036621,False
164,16292,72,5.4382805824279785,False
164,6159,1752,3.8445727825164795,False
164,31911,101,5.3709306716918945,False
164,15275,2701,3.312809944152832,False
164,1613,837,4.495887279510498,False
164,15268,2322,3.5090994834899902,False
165,28931,1,10.952177047729492,False
165,42261,32,8.925891876220703,False
165,13626,10,9.776540756225586,False
165,285,1142,5.936788558959961,False
165,37643,80,8.477044105529785,False
165,16013,237,7.547314167022705,False
165,17562,238,7.547314167022705,False
165,41992,70,8.517595291137695,False
165,13256,3,10.540424346923828,False
165,39221,125,8.136894226074219,False
165,27421,2,10.697943687438965,False
165,6087,35,8.84206771850586,False
165,31779,157,7.909751892089844,False
165,2296,609,6.646039009094238,False
165,39222,62,8.629688262939453,False
165,22138,110,8.218758583068848,False
165,36468,132,8.095993041992188,False
165,6665,529,6.780941486358643,False
165,39230,195,7.734269142150879,False
165,17581,255,7.479120254516602,False
165,36465,141,8.02341079711914,False
165,36467,124,8.136894226074219,False
165,41714,14,9.399943351745605,False
165,15580,18,9.231828689575195,False
165,11462,257,7.47206974029541,False
165,9670,135,8.074243545532227,False
165,21832,107,8.233356475830078,False
165,20366,66,8.547298431396484,False
165,5934,737,6.476334571838379,False
165,8510,372,7.099373817443848,False
165,8511,376,7.094873428344727,False
165,8512,373,7.099373817443848,False
165,39229,112,8.211580276489258,False
165,27870,15,9.371302604675293,False
165,19921,57,8.678037643432617,False
165,8513,377,7.094873428344727,False
165,19670,86,8.446575164794922,False
165,34854,167,7.869692802429199,False
165,31845,172,7.82853889465332,False
165,32471,67,8.531637191772461,False
165,22406,189,7.761751174926758,False
165,22407,413,7.005002975463867,False
165,27858,100,8.312251091003418,False
165,22410,1217,5.870213985443115,False
165,39451,6,9.99875545501709,False
165,39453,379,7.0948076248168945,False
165,39454,130,8.120928764343262,False
165,39455,37,8.809477806091309,False
165,39456,99,8.312490463256836,False
165,39458,24,9.1266508102417,False
165,39459,149,7.975394248962402,False
165,30957,95,8.366981506347656,False
165,1609,17,9.235902786254883,False
165,20043,118,8.175933837890625,False
165,28928,5,10.068319320678711,False
165,22739,205,7.678565979003906,False
165,30897,995,6.102506160736084,False
165,3758,297,7.329782485961914,False
165,7560,1763,5.344962120056152,False
165,27850,123,8.148475646972656,False
165,35880,288,7.380672454833984,False
165,27452,138,8.067957878112793,False
165,40670,23,9.16319465637207,False
165,42008,16,9.299690246582031,False
165,7261,655,6.590048789978027,False
165,9233,158,7.909153938293457,False
165,39401,201,7.696846961975098,False
165,39402,69,8.522795677185059,False
165,39403,2003,5.111784934997559,False
166,34937,24,11.479837417602539,False
166,4520,7,14.993597984313965,False
166,35086,169,8.727291107177734,False
166,25564,23,11.70594310760498,False
166,4151,405,8.216252326965332,False
166,29883,5,15.31045150756836,False
166,24946,43,9.466230392456055,False
166,40428,37,9.527249336242676,False
166,12156,19,12.99640941619873,False
166,13480,14,13.913358688354492,False
166,13481,17,13.413795471191406,False
166,13455,4,15.313464164733887,False
166,1384,3,15.466251373291016,False
166,13451,6,15.303735733032227,False
166,1385,1,15.502556800842285,False
166,13454,11,14.337868690490723,False
166,1386,2,15.502556800842285,False
166,41502,26,11.133160591125488,False
166,5813,20,12.526902198791504,False
166,26848,355,8.30353832244873,False
166,35087,54,9.332338333129883,False
166,13456,398,8.226751327514648,False
166,18336,25,11.42726993560791,False
166,333,3381,3.223515272140503,False
166,9652,172,8.725406646728516,False
166,2452,16,13.763252258300781,False
167,11180,10,9.69215202331543,False
167,7529,7607,0.0,True
167,10527,65,7.292924404144287,False
167,7819,33,8.40710163116455,False
167,33352,11,9.666507720947266,False
167,11029,56,7.479684352874756,False
167,35004,5,10.158916473388672,False
167,36641,20,9.277716636657715,False
167,34992,35011,0.0,True
167,27586,42,7.916323661804199,False
167,27587,47,7.88345193862915,False
167,38706,38710,0.0,True
167,42867,18,9.450911521911621,False
167,7104,8,9.766944885253906,False
167,20631,41,7.9494709968566895,False
167,37243,79,5.313159942626953,False
167,9583,23,9.176815032958984,False
167,9243,75,6.228254318237305,False
167,28086,4,10.241116523742676,False
167,28210,3,10.642996788024902,False
167,28211,62,7.435742378234863,False
167,9865,26,8.981453895568848,False
167,9249,35,8.260777473449707,False
167,9245,72,6.712733745574951,False
167,33737,32,8.444496154785156,False
167,31723,12,9.642923355102539,False
167,17393,13,9.606329917907715,False
167,17468,71,6.821267604827881,False
167,20813,59,7.464980125427246,False
167,32709,64,7.335190773010254,False
167,18859,24,9.132669448852539,False
167,857,22,9.18791675567627,False
167,18760,31,8.539454460144043,False
167,8031,2,10.969768524169922,False
167,8032,8108,0.0,True
167,7113,38,8.2072114944458,False
167,11014,44,7.899853706359863,False
167,11015,48,7.850851535797119,False
167,38046,50,7.8185200691223145,False
167,30369,15,9.522012710571289,False
167,39492,57,7.479684352874756,False
167,38026,53,7.645350456237793,False
167,36510,74,6.461425304412842,False
167,11841,77,6.049635887145996,False
167,11175,63,7.363641262054443,False
167,67,73,6.48349142074585,False
167,25252,51,7.7546491622924805,False
167,29999,6,10.148797988891602,False
167,12444,34,8.278789520263672,False
167,35733,37,8.224989891052246,False
167,35732,28,8.814652442932129,False
167,8027,8104,0.0,True
167,20812,58,7.464980125427246,False
167,35003,40,8.050600051879883,False
167,11176,43,7.914377689361572,False
167,17402,7,9.817450523376465,False
167,13947,9,9.704538345336914,False
167,36711,68,7.142030715942383,False
167,24403,81,4.790319919586182,False
167,42088,30,8.624448776245117,False
167,10026,19,9.311845779418945,False
167,11016,49,7.8185200691223145,False
167,29047,29,8.763790130615234,False
167,27556,27593,0.0,True
167,27557,27594,0.0,True
167,27558,27595,0.0,True
167,27559,27596,0.0,True
167,32859,21,9.224030494689941,False
167,20814,60,7.464980125427246,False
167,38013,70,6.920731067657471,False
167,11177,45,7.897915363311768,False
167,8030,8107,0.0,True
167,15623,1,11.035562515258789,False
167,25857,80,5.058347225189209,False
167,35000,36,8.260777473449707,False
167,11028,61,7.450332164764404,False
167,11491,27,8.970843315124512,False
167,24455,46,7.88345193862915,False
167,38584,25,9.059182167053223,False
167,30384,17,9.450911521911621,False
167,8035,16,9.450911521911621,False
167,32688,67,7.168999195098877,False
167,32687,54,7.584266662597656,False
167,35001,39,8.119461059570312,False
167,30454,14,9.570012092590332,False
167,23344,23385,0.0,True
167,23345,23386,0.0,True
169,35947,37144,0.0,True
169,24886,27783,0.0,True
169,8621,13965,0.0,True
169,35488,36802,0.0,True
169,41181,172,5.314635276794434,False
169,699,7454,0.0,True
169,17608,17,9.748169898986816,False
169,35949,37146,0.0,True
169,21633,25064,0.0,True
169,3717,6218,2.2019901275634766,False
169,33586,7,11.058357238769531,False
169,39829,40378,0.0,True
169,36273,6365,2.1343812942504883,False
169,9263,14464,0.0,True
169,7058,12682,0.0,True
169,865,3662,3.4281375408172607,False
169,39822,37,8.681774139404297,False
169,39987,13,10.123592376708984,False
169,27232,29718,0.0,True
169,6536,163,5.579238414764404,False
169,38548,152,5.911537170410156,False
169,15633,43,8.470093727111816,False
169,42932,21,9.584961891174316,False
169,3499,18,9.743019104003906,False
169,41190,77,7.505147933959961,False
169,17056,21141,0.0,True
169,24951,67,7.706681251525879,False
170,19440,124,4.9663777351379395,False
170,19441,128,4.71927547454834,False
170,19438,130,4.184685230255127,False
170,42583,60,7.094921588897705,False
170,36654,20,8.638416290283203,False
170,1630,114,5.67282772064209,False
170,9461,26,8.39983081817627,False
170,36665,32,8.271918296813965,False
170,41006,104,5.901784896850586,False
170,12846,11,9.232150077819824,False
170,30619,126,4.849707126617432,False
170,13449,122,5.133462905883789,False
170,3747,105,5.891876220703125,False
170,14440,118,5.369071006774902,False
170,13181,81,6.539643287658691,False
170,11721,68,6.845804214477539,False
170,2229,71,6.727692127227783,False
170,33227,85,6.350309371948242,False
170,42605,24,8.45119571685791,False
170,13015,17,8.823015213012695,False
170,24238,23,8.453787803649902,False
170,33230,116,5.654547691345215,False
170,42616,73,6.676496505737305,False
170,13438,18,8.74605655670166,False
170,32400,99,6.0027313232421875,False
170,13433,89,6.226378440856934,False
170,41005,22,8.461382865905762,False
170,8155,35,7.935251235961914,False
170,34997,54,7.271322727203369,False
170,4775,2,9.897764205932617,False
170,33229,87,6.293371200561523,False
170,34943,12,9.073030471801758,False
170,24430,5,9.682124137878418,False
170,37457,61,7.052150726318359,False
170,42615,4,9.687628746032715,False
170,25032,40,7.553009510040283,False
170,37692,42,7.520637512207031,False
170,21380,21438,0.0,True
170,7690,50,7.347439289093018,False
170,17659,90,6.226378440856934,False
170,42610,65,6.926877021789551,False
170,14015,13,9.065218925476074,False
170,41004,101,5.982265949249268,False
170,42599,55,7.1967668533325195,False
170,42598,47,7.4409098625183105,False
170,30621,125,4.9663777351379395,False
170,37707,52,7.316802024841309,False
170,39628,53,7.301579475402832,False
170,33183,74,6.663819313049316,False
170,16788,84,6.396608352661133,False
170,27943,119,5.248624324798584,False
170,11227,86,6.304677486419678,False
170,30616,129,4.5304179191589355,False
170,9594,10,9.232150077819824,False
170,17961,37,7.8049750328063965,False
170,17962,36,7.822371482849121,False
170,1631,111,5.7565741539001465,False
170,7710,112,5.728384971618652,False
170,36638,3,9.808404922485352,False
170,31928,44,7.456719398498535,False
170,4631,76,6.630857467651367,False
170,7692,43,7.472597599029541,False
170,7693,46,7.4409098625183105,False
170,37884,64,6.982000350952148,False
170,3755,31,8.32094955444336,False
170,15776,70,6.792802333831787,False
170,4194,7,9.283480644226074,False
170,4195,8,9.263875961303711,False
170,11707,33,8.2450590133667,False
170,5856,62,6.995919227600098,False
170,23208,29,8.3465576171875,False
170,23207,30,8.333345413208008,False
170,23206,28,8.3465576171875,False
170,13081,79,6.588754653930664,False
170,13095,94,6.117837429046631,False
170,31735,39,7.691765308380127,False
170,37694,45,7.456719398498535,False
170,19047,15,8.912643432617188,False
170,5605,77,6.613587379455566,False
170,7704,27,8.362945556640625,False
170,36618,19,8.74605655670166,False
170,17965,6,9.41474723815918,False
170,36535,80,6.5764079093933105,False
170,10576,21,8.564631462097168,False
170,13482,121,5.1560893058776855,False
170,24995,38,7.717137336730957,False
170,28489,115,5.66367244720459,False
170,14712,107,5.842830181121826,False
170,11329,58,7.138214588165283,False
170,13094,91,6.215351104736328,False
170,4825,51,7.332089424133301,False
170,11213,75,6.651190757751465,False
170,11738,34,8.000701904296875,False
170,37695,41,7.536788463592529,False
170,12182,88,6.2306013107299805,False
170,42582,1,10.106086730957031,False
170,11744,48,7.425166130065918,False
170,421,92,6.193414211273193,False
170,28408,59,7.109293460845947,False
172,19428,43,5.216928005218506,False
172,19489,26,8.89936637878418,False
172,33776,24,8.927934646606445,False
172,37424,4,10.255836486816406,False
172,37423,36,8.07458209991455,False
172,37425,37,8.043445587158203,False
172,40930,32,8.457340240478516,False
172,19487,21,9.244483947753906,False
172,19477,19,9.285638809204102,False
172,25685,39,7.88953161239624,False
172,19478,22,9.143177032470703,False
172,40931,35,8.096240997314453,False
172,19490,25,8.908868789672852,False
172,19484,20,9.244483947753906,False
172,19486,10,9.51870059967041,False
172,10464,3,10.828174591064453,False
172,19476,16,9.464710235595703,False
172,12150,33,8.199678421020508,False
172,40932,31,8.587919235229492,False
172,37426,38,7.997186660766602,False
172,40933,30,8.786895751953125,False
172,19492,28,8.88042163848877,False
172,31639,2,11.326218605041504,False
172,6527,40,6.899406433105469,False
172,42734,41,6.55261754989624,False
172,31249,5,10.230684280395508,False
172,37418,18,9.322866439819336,False
172,2767,9,9.562337875366211,False
172,19482,17,9.400724411010742,False
172,4702,6,9.973855018615723,False
172,25672,7,9.960542678833008,False
172,19483,14,9.48623275756836,False
172,19475,13,9.48623275756836,False
172,40953,8,9.683547019958496,False
172,39146,12,9.51870059967041,False
172,39145,11,9.51870059967041,False
172,19488,23,8.985626220703125,False
172,12246,29,8.80544376373291,False
172,12149,34,8.18359375,False
172,19479,15,9.475458145141602,False
172,19491,27,8.88042163848877,False
172,40934,1,11.472244262695312,False
173,25024,2526,2.8294849395751953,False
173,29399,5126,2.320427894592285,False
173,11214,18107,0.0,True
173,11217,18110,0.0,True
175,25896,8,13.976947784423828,False
175,17193,30,12.97121810913086,False
175,33172,177,7.8597092628479,False
175,7647,266,7.519689083099365,False
175,7648,240,7.589870452880859,False
175,17071,3,15.022220611572266,False
175,7698,7,13.992472648620605,False
175,6672,528,6.320073127746582,False
175,40872,37,12.46198558807373,False
175,840,39,12.126952171325684,False
175,36415,4,14.97228717803955,False
175,6552,23,13.323776245117188,False
175,18977,48,11.838808059692383,False
175,10741,26,13.286216735839844,False
175,25404,50,11.565119743347168,False
175,17073,20,13.39217758178711,False
175,4320,9,13.892619132995605,False
175,28350,317,7.2955193519592285,False
175,13684,227,7.652595043182373,False
175,236,101,8.23789119720459,False
175,4733,17,13.415142059326172,False
175,42462,55,9.997512817382812,False
175,16882,15,13.573904991149902,False
175,28404,36,12.516926765441895,False
175,27933,395,7.010770797729492,False
175,27934,416,6.936739921569824,False
175,25402,19,13.401700973510742,False
175,24490,13,13.681499481201172,False
175,29854,28,13.014066696166992,False
175,17072,196,7.81190824508667,False
175,34576,27,13.189159393310547,False
175,27892,354,7.165493965148926,False
175,14454,44,11.924016952514648,False
175,27912,31,12.936943054199219,False
175,941,46,11.895641326904297,False
175,37037,382,7.075422286987305,False
175,32724,293,7.442676544189453,False
175,11311,40,12.08475399017334,False
175,25405,51,11.366485595703125,False
175,6553,16,13.531230926513672,False
175,37205,2,15.353891372680664,False
175,7706,22,13.359756469726562,False
175,16861,25,13.297056198120117,False
175,672,21,13.360639572143555,False
175,27937,484,6.622069835662842,False
175,10668,1,16.405128479003906,False
175,836,43,11.966812133789062,False
175,837,45,11.912772178649902,False
175,838,42,11.984939575195312,False
175,839,41,12.039666175842285,False
175,28398,14,13.644479751586914,False
175,40021,95,8.310871124267578,False
175,41520,24,13.29826831817627,False
175,9801,389,7.0400238037109375,False
175,24491,5,14.93129825592041,False
175,30285,34,12.766548156738281,False
175,22299,6,14.12540054321289,False
175,8228,170,7.881721019744873,False
175,17812,54,10.177806854248047,False
175,11312,201,7.772879123687744,False
175,41316,167,7.892772674560547,False
175,32284,12,13.762734413146973,False
175,6782,261,7.529748439788818,False
175,18978,38,12.136459350585938,False
175,20071,32,12.880683898925781,False
175,36670,10,13.872167587280273,False
175,35047,29,12.988432884216309,False
175,32283,645,5.5243964195251465,False
175,671,18,13.40756607055664,False
175,6447,11,13.820974349975586,False
176,35698,26,11.063661575317383,False
176,8153,2,16.518423080444336,False
176,8154,3,16.518423080444336,False
176,10538,1,16.724002838134766,False
176,13856,19,12.192098617553711,False
176,10650,7,15.169282913208008,False
176,10625,4,15.621406555175781,False
176,10579,6,15.243866920471191,False
176,4619,10,14.787185668945312,False
176,4620,13,13.981931686401367,False
176,25478,24,11.07958984375,False
176,13477,9,15.0623140335083,False
176,13476,8,15.109710693359375,False
176,13475,16,12.793112754821777,False
176,22757,15,12.888021469116211,False
176,3864,5,15.381464958190918,False
176,40954,14,13.728790283203125,False
176,5916,11,14.682596206665039,False
176,12155,211,5.7878594398498535,False
176,13860,17,12.791366577148438,False
176,13587,12,14.512299537658691,False
176,10465,21,11.796245574951172,False
176,26849,18,12.596464157104492,False
177,17117,15,10.656659126281738,False
177,17118,10,11.039531707763672,False
177,38363,477,7.228091239929199,False
177,2408,25,10.19674301147461,False
177,35423,312,7.603178977966309,False
177,39828,600,6.9814839363098145,False
177,1767,38,9.636497497558594,False
177,13105,34,9.803264617919922,False
177,38381,23,10.39300537109375,False
177,35403,5,11.52266788482666,False
177,36363,1,12.168846130371094,False
177,15710,191,7.911134243011475,False
177,9192,39,9.618359565734863,False
177,39792,59,9.232922554016113,False
177,26144,11,10.943016052246094,False
177,20372,710,6.737800598144531,False
178,27207,40,11.44744873046875,False
178,27192,35,11.77394962310791,False
178,27194,10,12.889646530151367,False
178,27204,19,12.3055419921875,False
178,27205,14,12.622836112976074,False
178,27212,23,12.170769691467285,False
178,27195,9,13.202651023864746,False
178,27208,24,12.15046501159668,False
178,27200,51,11.00750732421875,False
178,27196,26,12.049942016601562,False
178,27197,17,12.381492614746094,False
178,27214,16,12.517428398132324,False
178,27211,41,11.432147026062012,False
178,27209,18,12.349939346313477,False
178,27198,27,12.019968032836914,False
178,27199,50,11.00750732421875,False
178,27202,46,11.152315139770508,False
178,27203,45,11.28514575958252,False
178,27191,53,10.482723236083984,False
178,27206,11,12.812915802001953,False
178,27213,21,12.231060981750488,False
178,27201,12,12.752795219421387,False
178,27193,52,10.99998950958252,False
178,27210,28,11.954197883605957,False
180,4122,89,11.707265853881836,False
180,20123,789,7.4071044921875,False
180,35610,64,12.189509391784668,False
180,9629,131,11.214151382446289,False
180,9627,143,11.075279235839844,False
180,9628,237,10.131237983703613,False
180,40079,377,9.00753402709961,False
180,30736,47,12.532794952392578,False
180,30743,69,12.052654266357422,False
180,5814,1,16.079936981201172,False
180,9341,60,12.25749397277832,False
180,30280,3,15.768414497375488,False
180,38235,173,10.758834838867188,False
180,30767,43,12.610444068908691,False
180,30768,49,12.47606086730957,False
180,30741,214,10.439502716064453,False
180,9643,27,13.11744499206543,False
180,30735,44,12.601411819458008,False
180,30747,106,11.475679397583008,False
180,448,88,11.730705261230469,False
180,17933,4,14.95497989654541,False
180,16525,32,12.922771453857422,False
180,24351,45,12.578451156616211,False
180,8124,97,11.551802635192871,False
180,8306,61,12.23682975769043,False
180,9028,202,10.536347389221191,False
180,38974,7,14.708978652954102,False
180,23538,73,12.036843299865723,False
180,8281,53,12.464881896972656,False
180,2782,5,14.939552307128906,False
180,3648,23,13.202902793884277,False
180,15062,38,12.699602127075195,False
180,15063,29,13.067358016967773,False
180,9635,48,12.488181114196777,False
180,18114,9,14.574824333190918,False
180,30757,67,12.113404273986816,False
180,9642,26,13.12722110748291,False
180,9638,19,13.581888198852539,False
180,9325,37,12.709151268005371,False
180,8273,81,11.894837379455566,False
180,30740,99,11.532673835754395,False
180,40616,424,8.674530982971191,False
180,5768,46,12.577427864074707,False
180,40207,90,11.642873764038086,False
180,1882,54,12.461207389831543,False
180,23602,42,12.613936424255371,False
180,1830,8,14.657541275024414,False
180,13174,33,12.895661354064941,False
180,13173,18,13.615647315979004,False
180,9636,52,12.467984199523926,False
180,30716,59,12.26601791381836,False
180,9647,162,10.848052978515625,False
180,35609,6,14.727544784545898,False
180,3268,105,11.475679397583008,False
180,3266,1066,6.85462760925293,False
180,20120,302,9.551137924194336,False
180,4157,133,11.194677352905273,False
180,20121,332,9.285118103027344,False
180,9631,413,8.768938064575195,False
180,3416,278,9.73426342010498,False
180,20122,58,12.28001594543457,False
180,28690,28,13.097318649291992,False
180,203,1132,6.7465314865112305,False
180,16526,213,10.443397521972656,False
180,3607,20,13.576044082641602,False
180,27401,573,7.908788681030273,False
180,30773,2,15.955451011657715,False
180,30279,14,13.720099449157715,False
180,38655,39,12.686275482177734,False
180,40071,581,7.878898620605469,False
180,9648,1568,5.703066825866699,False
180,4699,1123,6.755978584289551,False
181,7756,41,12.906661987304688,False
181,21968,34,13.015445709228516,False
181,21978,35,12.999792098999023,False
181,21987,69,12.36059856414795,False
181,2384,96,11.666875839233398,False
181,21351,98,11.655633926391602,False
181,2383,29,13.142036437988281,False
181,40751,42,12.906661987304688,False
181,2363,91,11.742921829223633,False
181,21491,5,14.318617820739746,False
181,40752,43,12.906661987304688,False
181,40753,44,12.906661987304688,False
181,40754,45,12.906661987304688,False
181,40755,46,12.906661987304688,False
181,40756,47,12.906661987304688,False
181,2362,92,11.73017692565918,False
181,2370,101,11.505443572998047,False
181,25096,9,13.938497543334961,False
181,41038,13,13.877443313598633,False
181,36994,26,13.271112442016602,False
181,30217,48,12.898384094238281,False
181,2374,11,13.91251277923584,False
181,21352,108,11.137943267822266,False
181,21983,66,12.431675910949707,False
181,7758,53,12.73934555053711,False
181,2388,86,11.884943008422852,False
181,21985,83,11.924273490905762,False
181,8691,36,12.96860122680664,False
181,7754,50,12.891270637512207,False
181,21984,67,12.417394638061523,False
181,21986,68,12.417394638061523,False
181,21345,61,12.511608123779297,False
181,7755,51,12.87591552734375,False
181,20401,18,13.43606948852539,False
181,15331,65,12.474715232849121,False
181,19059,30,13.11421012878418,False
181,19066,130,10.520086288452148,False
181,2385,100,11.654296875,False
181,30969,59,12.605642318725586,False
181,36996,28,13.222414016723633,False
181,41029,27,13.244546890258789,False
181,1647,8,14.255674362182617,False
181,30195,82,11.937442779541016,False
181,21346,107,11.195621490478516,False
181,19058,31,13.082466125488281,False
181,21348,114,10.924081802368164,False
181,2381,99,11.654296875,False
181,2373,19,13.429191589355469,False
181,21989,85,11.911134719848633,False
181,2371,52,12.774423599243164,False
181,21350,54,12.737707138061523,False
181,30193,25,13.271112442016602,False
181,2369,21,13.365678787231445,False
181,2367,56,12.70938777923584,False
181,2364,55,12.724349975585938,False
181,36997,20,13.386153221130371,False
181,36998,24,13.320173263549805,False
181,36995,22,13.353080749511719,False
181,2376,7,14.256969451904297,False
181,2379,38,12.953060150146484,False
181,32451,106,11.241703033447266,False
181,21988,122,10.747858047485352,False
181,1646,6,14.268218994140625,False
181,21967,77,12.043846130371094,False
181,41039,87,11.884943008422852,False
181,7107,39,12.952802658081055,False
181,2386,93,11.704774856567383,False
181,2387,94,11.704774856567383,False
181,7108,16,13.549991607666016,False
181,28523,32,13.046863555908203,False
181,19054,3,14.431224822998047,False
181,28526,23,13.336606979370117,False
181,21349,40,12.9381742477417,False
181,35980,64,12.488067626953125,False
181,35979,95,11.67948055267334,False
181,35971,62,12.49982738494873,False
181,16219,73,12.156553268432617,False
181,21980,57,12.664718627929688,False
181,41031,15,13.620972633361816,False
181,19561,1,15.765176773071289,False
181,21979,58,12.635110855102539,False
181,2368,49,12.891270637512207,False
181,2382,33,13.031135559082031,False
181,21347,70,12.348684310913086,False
181,21981,75,12.097761154174805,False
181,30968,4,14.347917556762695,False
181,36957,14,13.656743049621582,False
181,19138,37,12.96860122680664,False
181,28522,2,14.471975326538086,False
181,7422,72,12.165838241577148,False
181,39945,17,13.46264362335205,False
181,18736,10,13.920548439025879,False
181,41019,12,13.902645111083984,False
181,21982,63,12.489128112792969,False
181,25195,76,12.097761154174805,False
181,25188,90,11.845869064331055,False
181,25189,89,11.871891021728516,False
181,41030,151,10.208293914794922,False
181,41036,112,11.035497665405273,False
181,41035,111,11.044095993041992,False
181,17270,147,10.239500045776367,False
181,39500,78,12.043846130371094,False
181,41037,60,12.533634185791016,False
181,39502,125,10.67636489868164,False
182,20258,31,18.377775192260742,False
182,35713,45,17.260221481323242,False
182,20259,41,17.561296463012695,False
182,11458,43,17.360807418823242,False
182,12377,54,16.894895553588867,False
182,3580,53,16.913345336914062,False
182,33853,57,16.702312469482422,False
182,13801,51,16.94623374938965,False
182,17203,55,16.788057327270508,False
182,13800,38,17.74406623840332,False
182,34388,22,19.302221298217773,False
182,34387,24,19.018333435058594,False
182,26061,42,17.543596267700195,False
182,33954,59,16.566083908081055,False
182,33956,56,16.70832633972168,False
182,21664,30,18.38321876525879,False
182,26066,32,18.14672088623047,False
182,15102,29,18.421133041381836,False
182,10666,44,17.291831970214844,False
182,36094,8,20.826772689819336,False
182,12371,1,21.62699317932129,False
182,12823,7,20.86527442932129,False
182,12845,4,21.34836196899414,False
182,29763,10,20.691322326660156,False
182,23614,25,18.964689254760742,False
182,12831,11,20.595211029052734,False
182,12848,9,20.746728897094727,False
182,12828,6,21.015586853027344,False
182,12867,15,20.239059448242188,False
182,27093,12,20.51203727722168,False
182,29914,63,15.783796310424805,False
182,27092,28,18.443845748901367,False
182,17201,49,17.134227752685547,False
182,36095,2,21.61078643798828,False
182,12372,52,16.923866271972656,False
182,17199,35,17.85675048828125,False
182,17198,47,17.144834518432617,False
182,17202,50,17.102493286132812,False
182,17200,48,17.144834518432617,False
182,24216,16,20.232742309570312,False
182,10664,46,17.18014144897461,False
182,10663,40,17.66423797607422,False
182,29766,27,18.784059524536133,False
182,12829,18,19.975168228149414,False
182,12807,34,17.90097427368164,False
182,12830,23,19.244922637939453,False
182,12779,39,17.67205047607422,False
182,12863,13,20.404489517211914,False
182,30712,17,19.979904174804688,False
182,29772,19,19.613468170166016,False
182,29771,20,19.473276138305664,False
182,26065,64,15.61929988861084,False
182,34838,3,21.41041374206543,False
182,33754,36,17.848316192626953,False
182,15696,60,16.528583526611328,False
182,40723,21,19.401596069335938,False
182,29774,14,20.38170623779297,False
182,27268,62,16.419689178466797,False
183,15980,6,18.08634376525879,False
183,17589,1,18.740829467773438,False
183,23669,3,18.5283145904541,False
183,35659,35,15.009201049804688,False
183,24618,2,18.58661651611328,False
183,15908,58,14.312370300292969,False
184,31393,130,9.25705337524414,False
184,38216,163,8.743807792663574,False
184,26537,20,16.199478149414062,False
184,15383,145,9.037138938903809,False
184,7542,122,9.503949165344238,False
184,4445,136,9.103866577148438,False
184,17478,208,7.539515018463135,False
184,15952,200,7.984874248504639,False
184,28980,19,16.258941650390625,False
184,28984,96,9.886517524719238,False
184,18569,6,17.14468765258789,False
184,30582,1,18.17409896850586,False
184,25937,89,10.194853782653809,False
184,18752,121,9.513050079345703,False
184,26440,207,7.68828821182251,False
184,6260,36,15.591331481933594,False
184,15946,64,14.019840240478516,False
184,31400,168,8.663749694824219,False
184,7473,129,9.28797435760498,False
184,6255,169,8.659083366394043,False
184,6257,189,8.188096046447754,False
184,6262,32,15.726162910461426,False
184,2940,128,9.388261795043945,False
184,41503,13,16.602703094482422,False
184,15798,112,9.61143684387207,False
184,36424,4,17.62751007080078,False
184,28465,63,14.020820617675781,False
184,9650,190,8.151937484741211,False
184,15993,12,16.6927433013916,False
184,38027,73,13.284826278686523,False
184,17480,7,17.054922103881836,False
184,17479,3,18.109182357788086,False
184,1671,22,16.072481155395508,False
184,26286,25,15.98742961883545,False
184,26282,24,15.98742961883545,False
184,32791,173,8.574030876159668,False
184,18747,16,16.41521453857422,False
184,18755,162,8.778573989868164,False
184,15750,5,17.491397857666016,False
184,15749,10,16.86874771118164,False
184,5929,167,8.67509651184082,False
184,24,58,14.272822380065918,False
184,15916,133,9.162145614624023,False
184,3428,85,10.264988899230957,False
184,8562,142,9.066976547241211,False
184,593,42,15.223604202270508,False
184,28978,65,13.989690780639648,False
184,15948,119,9.540806770324707,False
184,15914,44,15.044143676757812,False
184,859,131,9.192815780639648,False
184,2502,39,15.353358268737793,False
184,17481,62,14.167129516601562,False
184,29670,159,8.813615798950195,False
184,32792,149,8.980920791625977,False
184,15984,67,13.898209571838379,False
184,15962,160,8.80024528503418,False
184,30296,15,16.536293029785156,False
184,13819,247,5.55075216293335,False
184,26285,27,15.909673690795898,False
185,29125,19,17.736486434936523,False
185,28950,29085,0.0,True
185,28180,2,19.6894588470459,False
185,21727,13,18.48044204711914,False
185,26266,24,16.466468811035156,False
185,21731,17,17.918188095092773,False
185,21732,12,18.49547004699707,False
185,30210,8,19.00643539428711,False
185,30024,11,18.557764053344727,False
185,42548,1,20.458255767822266,False
185,14366,27,14.917743682861328,False
185,30208,32,13.368545532226562,False
185,30209,31,13.44770622253418,False
185,30696,18,17.8701229095459,False
185,21728,3,19.686203002929688,False
185,15043,6,19.421220779418945,False
185,21730,30,13.718477249145508,False
185,15042,4,19.46544075012207,False
185,11463,22,17.37464141845703,False
185,11431,29,14.36834716796875,False
185,15044,7,19.421220779418945,False
185,30697,21,17.615997314453125,False
185,30023,9,18.64239501953125,False
185,15053,23,17.18604850769043,False
185,38413,33,10.759611129760742,False
185,28823,14,18.44818687438965,False
185,30021,15,18.44056510925293,False
185,15045,5,19.44330596923828,False
185,30020,20,17.68944549560547,False
185,32793,16,17.955936431884766,False
185,30022,10,18.574630737304688,False
185,21729,26,15.964868545532227,False
185,28945,29080,0.0,True
185,31774,31872,0.0,True
186,21672,1,18.3852481842041,False
186,21673,2,16.54195213317871,False
186,21674,3,16.4453125,False
186,21671,4,16.32623291015625,False
188,6733,1,21.10895347595215,False
188,11156,5,19.268573760986328,False
188,12177,214,10.00724983215332,False
188,12178,211,10.034204483032227,False
188,37582,64,12.205717086791992,False
188,11645,21,14.428624153137207,False
188,4649,3,20.812223434448242,False
188,41680,2714,5.387521266937256,False
189,37159,37,11.602035522460938,False
189,9979,8,15.041970252990723,False
189,9969,7,15.221528053283691,False
189,15913,314,6.910791397094727,False
189,9968,6,15.221528053283691,False
189,5626,353,6.673183441162109,False
189,9976,4,15.616556167602539,False
189,28867,97,8.280205726623535,False
189,19230,3926,0.8295618891716003,False
189,11350,30,12.330411911010742,False
189,39166,26,12.882217407226562,False
189,17570,42,10.455856323242188,False
189,22443,319,6.8829426765441895,False
189,9971,5,15.33994197845459,False
189,2790,26997,0.0,True
189,12117,30951,0.0,True
189,16011,362,6.616713523864746,False
189,5627,254,7.214521884918213,False
189,7244,32,12.068729400634766,False
189,2188,222,7.357577800750732,False
189,42253,23,13.232336044311523,False
189,27627,29,12.395037651062012,False
189,18574,393,6.483322620391846,False
189,5511,82,8.424408912658691,False
189,38022,35,11.69139289855957,False
189,27615,363,6.616713523864746,False
189,39587,329,6.813050270080566,False
189,41986,53,8.93371868133545,False
189,31721,361,6.637045860290527,False
189,27624,25,12.999669075012207,False
189,9975,24,13.12629508972168,False
190,1144,1190,8.644458770751953,False
190,34403,1341,8.336762428283691,False
190,1272,1355,8.301748275756836,False
190,29744,1561,7.878510475158691,False
190,38674,1271,8.486157417297363,False
195,33393,1,18.03951644897461,False
195,33386,88,11.004643440246582,False
195,3295,96,10.572603225708008,False
197,14192,103,11.144842147827148,False
197,14189,93,11.35102653503418,False
197,14190,88,11.441815376281738,False
197,19455,56,12.071907043457031,False
197,21865,7,16.52486228942871,False
197,38433,9,16.40729331970215,False
197,2633,8,16.408039093017578,False
197,21284,6,16.692529678344727,False
197,17618,3,17.622148513793945,False
197,17619,4,17.543682098388672,False
197,17616,1,19.58641815185547,False
197,17617,2,19.104236602783203,False
197,21286,5,17.409446716308594,False
197,21285,11,15.755058288574219,False
197,42049,27,13.76603889465332,False
197,9587,17,14.61586856842041,False
197,29021,46,12.501997947692871,False
197,29020,49,12.373165130615234,False
197,29023,76,11.714187622070312,False
197,29022,62,11.973657608032227,False
197,29019,36,12.781660079956055,False
197,38502,10,15.771893501281738,False
197,23916,28,13.750411987304688,False
198,9357,86,9.274951934814453,False
198,11318,183,7.871216297149658,False
198,32548,37,10.048388481140137,False
198,21588,28,10.162849426269531,False
198,2426,29,10.114869117736816,False
198,19050,16,10.506863594055176,False
198,10251,85,9.288097381591797,False
198,6435,108,8.945749282836914,False
198,6436,112,8.921391487121582,False
198,7321,35,10.059505462646484,False
200,33033,7,16.75823402404785,False
200,33034,5,16.841472625732422,False
200,33035,6,16.841472625732422,False
202,1993,689,5.550617694854736,False
202,2037,654,5.638082504272461,False
202,36,875,5.262163162231445,False
202,5742,979,5.155186653137207,False
202,38181,1076,5.030074119567871,False
202,23455,248,6.675108432769775,False
202,41565,254,6.634311676025391,False
202,2040,795,5.378054618835449,False
202,2046,853,5.301365852355957,False
202,18170,680,5.567447185516357,False
202,35,262,6.603374004364014,False
202,21803,305,6.50659704208374,False
202,41562,261,6.607767105102539,False
202,36518,146,7.213177680969238,False
202,41933,868,5.275764465332031,False
202,41027,871,5.2717413902282715,False
202,2054,792,5.381548881530762,False
202,7012,452,6.15769624710083,False
202,21383,200,6.898491859436035,False
202,1973,225,6.771958351135254,False
202,42051,430,6.202456474304199,False
202,5663,706,5.514155387878418,False
202,6999,194,6.924162864685059,False
202,33410,368,6.342590808868408,False
202,38179,242,6.715881824493408,False
202,41563,398,6.282516002655029,False
202,33406,343,6.410030841827393,False
202,1982,710,5.504546642303467,False
202,21752,229,6.752129554748535,False
202,25117,716,5.497817516326904,False
202,2039,667,5.587869644165039,False
202,32445,736,5.4688215255737305,False
202,38180,228,6.753108978271484,False
202,24858,172,7.0528035163879395,False
202,36493,180,7.002236843109131,False
202,24859,160,7.110193729400635,False
202,34752,930,5.207883834838867,False
202,42052,150,7.199959754943848,False
202,41571,370,6.341221809387207,False
202,41564,297,6.521487236022949,False
202,15771,214,6.827284336090088,False
202,33407,397,6.286261081695557,False
202,9585,919,5.215742588043213,False
202,2002,276,6.563209533691406,False
202,42902,291,6.531641483306885,False
203,16143,16,23.682682037353516,False
203,16145,13,24.034456253051758,False
203,16144,11,24.076763153076172,False
203,16146,12,24.076763153076172,False
203,16141,25,21.194456100463867,False
204,32118,48,21.05381965637207,False
204,12727,3,43.56681823730469,False
204,42630,36,21.791746139526367,False
204,18192,55,20.562992095947266,False
204,2668,69,20.102792739868164,False
204,7944,34,22.4837646484375,False
204,14243,15,26.66025161743164,False
205,40447,52,12.593488693237305,False
205,42754,99,9.931719779968262,False
205,15531,77,11.393487930297852,False
205,15530,76,11.527383804321289,False
205,15529,9,14.970460891723633,False
205,40448,6,16.05827522277832,False
205,40445,7,15.811332702636719,False
205,40446,2,20.354482650756836,False
205,40442,10,14.964946746826172,False
205,15485,1,20.906673431396484,False
205,18378,4,18.36211395263672,False
205,11607,3,19.30960464477539,False
206,29046,1,22.50368881225586,False
206,36511,2,20.031965255737305,False
210,23577,14,24.990901947021484,False
210,14102,5,27.082134246826172,False
210,677,18,24.217418670654297,False
210,4879,10,25.57684898376465,False
210,674,8,25.901201248168945,False
210,29282,7,26.053115844726562,False
210,41269,3,30.150650024414062,False
210,5158,15,24.898479461669922,False
210,41298,1,31.00334930419922,False
212,31549,2,17.068439483642578,False
212,31548,4,16.713531494140625,False
213,22711,17,17.265708923339844,False
215,39286,30,14.182699203491211,False
215,39285,18,14.91785717010498,False
215,39288,17,14.971098899841309,False
215,39284,70,12.742488861083984,False
215,8019,91,12.409745216369629,False
215,39287,104,12.285676956176758,False
215,39289,38,13.765424728393555,False
215,8023,54,13.18106460571289,False
215,39291,94,12.402366638183594,False
215,8022,138,11.898516654968262,False
215,39290,76,12.595001220703125,False
215,39292,562,9.776824951171875,False
215,8021,63,13.008747100830078,False
215,8020,116,12.077852249145508,False
215,23481,4,16.812978744506836,False
215,23480,15,15.764751434326172,False
215,23479,14,15.818349838256836,False
215,38105,100,12.308499336242676,False
215,41573,948,8.591793060302734,False
215,41576,1011,8.384561538696289,False
215,41579,991,8.45927619934082,False
215,41575,1350,7.419179916381836,False
215,41578,74,12.627235412597656,False
215,41574,72,12.642202377319336,False
215,39283,27,14.35537338256836,False
215,39282,41,13.69544792175293,False
215,12413,1,21.06460952758789,False
215,12416,2,17.80474090576172,False
215,12414,5,16.688365936279297,False
215,12417,7,16.688365936279297,False
216,10647,15,16.960145950317383,False
216,10622,86,9.476662635803223,False
216,10651,6,18.503238677978516,False
216,10648,48,15.676459312438965,False
216,10655,25,16.648338317871094,False
216,10654,31,16.21814727783203,False
216,10652,49,15.676459312438965,False
216,10649,47,15.742288589477539,False
220,12026,4,11.777776718139648,False
220,12052,64,6.5251970291137695,False
220,12050,69,6.479521751403809,False
220,12060,53,6.566874027252197,False
220,17392,28,6.994649410247803,False
220,12040,21,7.055936336517334,False
220,12047,155,6.064167499542236,False
220,12051,134,6.115762710571289,False
220,12054,140,6.0950188636779785,False
220,35690,203,5.753732204437256,False
220,12057,51,6.566874027252197,False
220,12045,19,7.063514709472656,False
220,12037,40,6.795048713684082,False
220,12061,54,6.566874027252197,False
220,12039,211,5.691612243652344,False
220,12036,39,6.795048713684082,False
220,12044,26,7.022050380706787,False
220,9750,92,6.327451705932617,False
220,1475,188,5.880660057067871,False
220,12110,46,6.605022430419922,False
220,12029,33,6.9170427322387695,False
220,12032,35,6.908529281616211,False
220,26257,118,6.1655168533325195,False
220,26258,383,4.530656814575195,False
220,12035,97,6.29763126373291,False
220,12056,56,6.557564735412598,False
220,12027,1,14.150867462158203,False
220,12030,34,6.912782669067383,False
220,12055,55,6.562215805053711,False
220,12059,57,6.557564735412598,False
220,12058,52,6.566874027252197,False
220,12048,47,6.604382514953613,False
220,12028,2,14.105728149414062,False
220,12049,63,6.5298004150390625,False
220,12031,29,6.977263450622559,False
220,12043,42,6.767115592956543,False
220,12042,17,7.0673112869262695,False
220,12053,50,6.576209545135498,False
220,12041,18,7.063514709472656,False
220,19007,65,6.523326396942139,False
220,17075,222,5.60392427444458,False
220,28846,104,6.22659158706665,False
220,12038,305,4.886932373046875,False
220,30205,186,5.899676322937012,False
220,12034,22,7.051974296569824,False
220,11840,44,6.729389667510986,False
220,13947,218,5.6249284744262695,False
220,11841,96,6.298005104064941,False
220,39239,220,5.61660623550415,False
220,7239,160,6.038697719573975,False
220,11882,167,6.014786720275879,False
220,13948,191,5.869324207305908,False
221,19782,5,18.63058853149414,False
221,15635,22,17.089237213134766,False
221,13658,387,12.443866729736328,False
221,40814,12,17.796295166015625,False
221,8104,289,13.253768920898438,False
221,15164,62,15.753540992736816,False
221,37760,21,17.123741149902344,False
221,15168,195,13.894837379455566,False
221,8383,103,14.950474739074707,False
221,35541,28,16.649879455566406,False
221,22893,208,13.838577270507812,False
221,40285,106,14.934578895568848,False
221,8934,345,12.84968376159668,False
221,25765,290,13.227151870727539,False
221,723,54,15.976729393005371,False
221,9869,299,13.15027904510498,False
221,22902,24,17.0739688873291,False
221,3591,49,16.087003707885742,False
221,1550,174,14.022566795349121,False
221,1551,91,15.181415557861328,False
221,1548,234,13.673993110656738,False
221,22746,138,14.39571762084961,False
221,19839,75,15.427937507629395,False
221,7052,326,13.001323699951172,False
221,37742,108,14.910810470581055,False
221,7145,367,12.61674690246582,False
221,35784,1,19.683103561401367,False
221,20748,175,14.01837158203125,False
221,642,83,15.261404037475586,False
221,18260,11,17.889232635498047,False
221,31655,316,13.059327125549316,False
221,467,8,18.083574295043945,False
221,28422,44,16.21075439453125,False
221,13659,19,17.259458541870117,False
221,5419,93,15.143169403076172,False
221,40281,23,17.0858154296875,False
221,40284,88,15.208465576171875,False
221,557,15,17.410388946533203,False
221,16084,2,19.619192123413086,False
221,23513,41,16.26009750366211,False
221,1732,127,14.543220520019531,False
221,7188,46,16.18699073791504,False
221,7201,47,16.17408561706543,False
221,7203,50,16.07027816772461,False
221,13657,114,14.749753952026367,False
221,7194,6,18.47002601623535,False
221,42650,98,15.045281410217285,False
221,25058,400,12.311367988586426,False
221,39930,10,17.939916610717773,False
221,31622,196,13.884045600891113,False
221,39464,9,18.07029914855957,False
221,23799,240,13.645742416381836,False
221,15178,80,15.291563987731934,False
221,40060,7,18.3438663482666,False
221,41772,158,14.205948829650879,False
221,22801,95,15.13316535949707,False
221,24547,339,12.88449478149414,False
221,3628,407,12.258782386779785,False
221,15415,251,13.55471134185791,False
221,15172,197,13.876786231994629,False
221,15173,191,13.91225528717041,False
221,15176,53,15.994593620300293,False
221,15179,200,13.87089729309082,False
221,15180,198,13.876786231994629,False
221,15181,61,15.753938674926758,False
221,15198,32,16.495634078979492,False
221,15201,56,15.907885551452637,False
221,15203,173,14.023427963256836,False
221,15207,219,13.770163536071777,False
221,34400,760,9.692061424255371,False
221,41292,97,15.085905075073242,False
221,22972,161,14.178400039672852,False
221,37120,101,14.96550178527832,False
222,42751,42758,0.0,True
222,26201,27182,0.0,True
222,42367,42392,0.0,True
222,15846,17485,0.0,True
222,24177,25292,0.0,True
222,17179,18744,0.0,True
222,38332,38608,0.0,True
222,42684,42696,0.0,True
222,37266,154,3.8683383464813232,False
222,23787,24929,0.0,True
222,39788,39967,0.0,True
222,25712,26719,0.0,True
222,3666,5949,0.0,True
222,28421,1084,2.8552086353302,False
222,14611,16349,0.0,True
222,15886,1630,2.6060495376586914,False
222,15241,16912,0.0,True
222,42797,42801,0.0,True
222,26491,27453,0.0,True
222,24141,25256,0.0,True
222,4162,6413,0.0,True
222,36385,1427,2.707904815673828,False
222,23802,24944,0.0,True
222,37744,38063,0.0,True
222,22028,23301,0.0,True
222,4134,1473,2.6827399730682373,False
222,8983,10965,0.0,True
222,36164,1391,2.7206649780273438,False
222,33095,33688,0.0,True
222,5869,8031,0.0,True
222,24660,1999,2.413585662841797,False
223,1627,21,11.78608512878418,False
224,17399,71,22.33768653869629,False
224,18829,109,21.514896392822266,False
224,18825,102,21.7440128326416,False
224,42546,36,23.39288330078125,False
224,9520,118,21.16379737854004,False
224,30326,97,21.85700798034668,False
224,7419,55,22.790220260620117,False
224,6513,135,19.760944366455078,False
224,18805,77,22.257165908813477,False
224,25339,74,22.294116973876953,False
224,18810,98,21.841140747070312,False
224,18830,147,18.364490509033203,False
224,18828,91,22.01585578918457,False
224,18832,111,21.448341369628906,False
224,2110,86,22.092466354370117,False
224,38429,131,20.101551055908203,False
224,38427,94,21.9046630859375,False
224,38482,3,26.299156188964844,False
224,42062,100,21.78680419921875,False
224,10827,24,23.861183166503906,False
224,16846,90,22.031940460205078,False
224,16847,27,23.81654930114746,False
225,11372,5,19.751811981201172,False
225,26279,3,22.426450729370117,False
226,17689,241,10.308143615722656,False
226,114,135,11.938943862915039,False
226,28938,185,10.905786514282227,False
226,30303,109,12.871143341064453,False
226,31276,216,10.509721755981445,False
226,20478,31,14.28854751586914,False
226,34377,184,10.915103912353516,False
226,12382,43,13.954008102416992,False
226,8755,45,13.908891677856445,False
226,8760,70,13.522188186645508,False
226,30645,177,11.179773330688477,False
226,30644,160,11.602930068969727,False
226,24186,60,13.685892105102539,False
226,11240,240,10.308143615722656,False
226,2849,204,10.656291961669922,False
226,2850,200,10.690163612365723,False
226,23980,29,14.307767868041992,False
226,27539,239,10.339795112609863,False
226,26319,221,10.476495742797852,False
226,26320,229,10.41670036315918,False
226,2634,66,13.568582534790039,False
226,34516,90,13.188112258911133,False
226,37043,141,11.817620277404785,False
226,24870,187,10.877927780151367,False
226,24871,265,10.071874618530273,False
226,20945,91,13.173394203186035,False
226,20946,59,13.690673828125,False
226,20947,173,11.293258666992188,False
226,41954,76,13.434017181396484,False
226,8757,146,11.747068405151367,False
226,20948,267,10.031904220581055,False
226,20763,199,10.695779800415039,False
226,20764,58,13.719649314880371,False
226,20765,196,10.722713470458984,False
226,20766,197,10.713720321655273,False
226,31442,134,11.992176055908203,False
226,36067,209,10.60214900970459,False
226,36050,288,9.381156921386719,False
226,7788,289,9.346549987792969,False
226,2637,129,12.168819427490234,False
226,18395,251,10.18348217010498,False
226,2851,72,13.483901023864746,False
226,7724,55,13.758996963500977,False
226,41148,111,12.782255172729492,False
226,2635,128,12.197528839111328,False
226,41102,88,13.219585418701172,False
226,2752,127,12.202393531799316,False
226,31283,286,9.486557960510254,False
226,8781,30,14.2977876663208,False
226,18007,7,14.946977615356445,False
226,32465,137,11.907258987426758,False
226,2803,21,14.467933654785156,False
226,20472,47,13.90068531036377,False
226,2815,188,10.867531776428223,False
226,31878,49,13.872506141662598,False
226,30164,213,10.555976867675781,False
226,36068,81,13.367180824279785,False
226,31268,119,12.434062004089355,False
226,27530,166,11.417661666870117,False
226,9402,215,10.540142059326172,False
226,31628,89,13.207942008972168,False
226,27528,182,10.9811429977417,False
226,31552,247,10.234697341918945,False
226,27409,73,13.475704193115234,False
226,19684,106,12.917759895324707,False
226,36039,290,9.210672378540039,False
226,6747,53,13.817883491516113,False
226,37073,92,13.158879280090332,False
226,31278,223,10.45756721496582,False
226,31279,4,15.027485847473145,False
226,9825,273,9.88947868347168,False
226,31448,9,14.903470993041992,False
226,28893,117,12.502059936523438,False
226,32464,138,11.8688383102417,False
226,6514,270,9.938573837280273,False
226,32325,203,10.660079956054688,False
226,32326,207,10.624616622924805,False
226,32327,212,10.571864128112793,False
226,31438,189,10.851923942565918,False
226,32466,155,11.655948638916016,False
226,32467,161,11.582712173461914,False
226,32469,278,9.789216995239258,False
226,725,275,9.874183654785156,False
226,20476,225,10.446746826171875,False
226,20477,238,10.361007690429688,False
226,32271,279,9.783441543579102,False
226,28900,97,13.097759246826172,False
226,4263,120,12.375711441040039,False
226,25938,77,13.411757469177246,False
226,31254,256,10.143582344055176,False
226,9521,71,13.516829490661621,False
226,18514,156,11.646581649780273,False
226,19185,27,14.379508018493652,False
226,41956,224,10.450362205505371,False
226,11112,237,10.361007690429688,False
226,37814,100,12.97236442565918,False
226,31439,65,13.579258918762207,False
226,31440,130,12.072504043579102,False
226,32267,282,9.628591537475586,False
226,18228,1,15.741716384887695,False
226,21436,98,13.082632064819336,False
226,23973,172,11.31886100769043,False
226,36028,61,13.679655075073242,False
226,27332,259,10.142608642578125,False
226,40774,158,11.619209289550781,False
226,5452,13,14.771364212036133,False
226,8013,246,10.2350492477417,False
226,2845,24,14.455564498901367,False
226,2846,5,15.022065162658691,False
226,40216,28,14.351968765258789,False
226,36024,78,13.386760711669922,False
226,36083,277,9.836793899536133,False
226,14881,41,14.094802856445312,False
226,4726,206,10.641300201416016,False
226,113,3,15.273622512817383,False
226,3182,231,10.382308006286621,False
226,24852,107,12.883145332336426,False
226,6030,253,10.159887313842773,False
226,12211,95,13.118477821350098,False
226,13784,291,9.078744888305664,False
226,22989,140,11.834634780883789,False
226,30297,293,8.898143768310547,False
226,33719,167,11.404425621032715,False
226,15427,69,13.531591415405273,False
226,41458,192,10.816259384155273,False
226,7784,236,10.361007690429688,False
226,30647,260,10.139760971069336,False
226,34505,210,10.589200973510742,False
226,34498,178,11.126720428466797,False
226,41457,195,10.724255561828613,False
226,41459,183,10.933553695678711,False
226,18016,62,13.664168357849121,False
226,3574,136,11.909000396728516,False
226,16790,281,9.649805068969727,False
226,20888,42,14.03664493560791,False
226,7717,190,10.83951187133789,False
226,20929,248,10.193754196166992,False
226,2989,104,12.934558868408203,False
226,7720,33,14.230195045471191,False
226,28605,262,10.132441520690918,False
226,28606,245,10.25582504272461,False
226,8616,174,11.281381607055664,False
226,12381,36,14.180046081542969,False
226,2847,202,10.678848266601562,False
226,18403,103,12.94100570678711,False
226,21885,122,12.36920166015625,False
226,5945,64,13.620111465454102,False
226,4761,181,11.036600112915039,False
226,34020,40,14.099990844726562,False
226,36072,306,7.97125768661499,False
226,30650,228,10.416984558105469,False
226,9823,79,13.382940292358398,False
226,27542,145,11.768940925598145,False
226,27529,151,11.686694145202637,False
226,27536,19,14.581960678100586,False
226,33717,46,13.90152359008789,False
226,19162,68,13.550933837890625,False
226,30302,285,9.557753562927246,False
226,30299,244,10.270831108093262,False
226,4727,217,10.501703262329102,False
226,7786,284,9.617719650268555,False
226,7787,287,9.436558723449707,False
226,31282,16,14.639995574951172,False
226,31441,84,13.3380126953125,False
226,26054,17,14.60800552368164,False
226,20021,149,11.73016357421875,False
226,28896,80,13.371485710144043,False
226,4265,112,12.746248245239258,False
226,4267,143,11.792771339416504,False
226,34022,142,11.802858352661133,False
226,20020,139,11.85608959197998,False
226,4268,144,11.780195236206055,False
226,20023,150,11.710275650024414,False
226,4266,34,14.22248649597168,False
226,36023,133,12.001432418823242,False
226,8756,20,14.518259048461914,False
226,27413,154,11.671159744262695,False
226,20538,121,12.375259399414062,False
226,4226,99,13.005699157714844,False
226,31460,18,14.601729393005371,False
226,24197,220,10.490161895751953,False
226,17759,257,10.142608642578125,False
226,20246,258,10.142608642578125,False
226,17763,243,10.297636032104492,False
226,18396,266,10.051849365234375,False
226,4264,157,11.624669075012207,False
226,4225,123,12.368087768554688,False
226,4004,252,10.173232078552246,False
226,19894,191,10.831811904907227,False
226,4038,219,10.490161895751953,False
226,4003,255,10.152795791625977,False
226,24144,175,11.277801513671875,False
226,24147,54,13.80051040649414,False
226,2186,75,13.458066940307617,False
226,33720,171,11.32492446899414,False
226,28902,186,10.901137351989746,False
226,36087,85,13.292743682861328,False
227,37419,136,6.744620323181152,False
227,36637,104,7.88332462310791,False
227,795,98,8.063238143920898,False
227,107,96,8.082655906677246,False
227,34072,34110,0.0,True
227,30273,30326,0.0,True
227,13954,68,8.712044715881348,False
227,11730,158,5.965442180633545,False
227,2718,86,8.339593887329102,False
227,40762,6,9.945890426635742,False
227,35240,133,6.799271583557129,False
227,24387,48,9.088082313537598,False
227,19131,18,9.659650802612305,False
227,11943,170,3.9784798622131348,False
227,28116,70,8.700753211975098,False
227,11968,12087,0.0,True
227,31647,71,8.689489364624023,False
227,7499,88,8.30258560180664,False
227,42614,33,9.380680084228516,False
227,18691,142,6.598760604858398,False
227,10255,61,8.861553192138672,False
227,7691,117,7.1926774978637695,False
227,954,41,9.20909309387207,False
227,21279,146,6.547272682189941,False
227,10557,152,6.459075450897217,False
227,13484,111,7.450962543487549,False
227,42,55,8.956135749816895,False
227,11719,77,8.491632461547852,False
227,31875,40,9.241905212402344,False
227,29889,79,8.491632461547852,False
227,17909,107,7.6170783042907715,False
227,33157,47,9.092669486999512,False
227,39885,167,5.206625938415527,False
227,10562,144,6.5600690841674805,False
227,42562,162,5.40796422958374,False
227,11732,53,8.992127418518066,False
227,33450,33491,0.0,True
227,33451,123,7.05657958984375,False
227,33452,122,7.071446418762207,False
227,7500,163,5.3391432762146,False
227,23346,101,7.948666572570801,False
227,10555,153,6.4343109130859375,False
227,10543,150,6.459075450897217,False
227,28697,90,8.251557350158691,False
227,34993,127,6.983172416687012,False
227,11729,159,5.820610523223877,False
227,17388,35,9.345852851867676,False
227,920,34,9.367074012756348,False
227,17955,14,9.687531471252441,False
227,21734,134,6.758200645446777,False
227,3292,60,8.87326717376709,False
227,26246,118,7.16198205947876,False
227,42626,45,9.114215850830078,False
227,16648,16749,0.0,True
227,21330,13,9.706207275390625,False
227,21331,15,9.67821979522705,False
227,21280,147,6.534525394439697,False
227,24996,67,8.750452041625977,False
227,25538,22,9.528190612792969,False
227,17785,141,6.598760604858398,False
227,14018,25,9.451118469238281,False
227,41077,32,9.380680084228516,False
227,16787,145,6.5600690841674805,False
227,8054,56,8.947239875793457,False
227,40823,65,8.783343315124512,False
227,6438,140,6.598760604858398,False
227,17885,17976,0.0,True
227,28505,85,8.343865394592285,False
227,16514,120,7.0846123695373535,False
227,21849,21,9.576964378356934,False
227,38571,102,7.929886817932129,False
227,4525,52,9.028409957885742,False
227,16777,9,9.800681114196777,False
227,40821,73,8.63273811340332,False
227,28158,82,8.417099952697754,False
227,18490,124,7.041774749755859,False
227,10566,24,9.477806091308594,False
227,3731,113,7.3825225830078125,False
227,36706,12,9.715572357177734,False
227,2763,116,7.239217758178711,False
227,10556,149,6.471529960632324,False
227,33453,114,7.350188732147217,False
227,34328,62,8.849870681762695,False
227,12368,80,8.480904579162598,False
227,15375,154,6.409736633300781,False
227,4027,160,5.790485858917236,False
227,20105,75,8.556575775146484,False
227,38459,50,9.059946060180664,False
227,37699,37721,0.0,True
227,6293,37,9.337185859680176,False
227,6069,138,6.717622756958008,False
227,16783,10,9.74377727508545,False
227,28774,28830,0.0,True
227,36669,38,9.285523414611816,False
227,10320,169,4.881043910980225,False
227,9237,126,6.983172416687012,False
227,4671,106,7.649750709533691,False
227,16782,58,8.90859317779541,False
227,16784,2,10.293523788452148,False
227,17682,39,9.259905815124512,False
227,36643,26,9.451118469238281,False
227,26428,5,10.125923156738281,False
227,36502,130,6.882930278778076,False
227,32546,30,9.389427185058594,False
227,32544,31,9.380680084228516,False
227,29738,91,8.251557350158691,False
227,32545,8,9.810229301452637,False
227,13493,155,6.219693183898926,False
227,24501,166,5.214715480804443,False
227,9580,69,8.700753211975098,False
227,13514,161,5.496525287628174,False
227,13024,63,8.838218688964844,False
227,30519,109,7.565569877624512,False
227,32627,64,8.837303161621094,False
227,29737,4,10.17612361907959,False
227,37259,100,8.015100479125977,False
227,18565,99,8.036556243896484,False
227,26847,51,9.052760124206543,False
227,41512,76,8.502388000488281,False
227,10554,148,6.484031677246094,False
227,18549,97,8.075225830078125,False
227,24423,19,9.642915725708008,False
227,24826,119,7.146732330322266,False
227,11914,157,6.121927738189697,False
227,12669,84,8.36465835571289,False
227,39879,143,6.572915554046631,False
227,36661,36,9.345852851867676,False
227,40933,27,9.44318962097168,False
227,17964,3,10.23857307434082,False
227,24401,46,9.09423828125,False
227,16781,20,9.631930351257324,False
227,21845,23,9.504645347595215,False
227,41078,7,9.84082317352295,False
227,16119,137,6.7310943603515625,False
227,10551,10686,0.0,True
227,32428,139,6.664270877838135,False
227,36593,28,9.442255020141602,False
227,3730,103,7.922736167907715,False
227,14622,93,8.151358604431152,False
227,42872,74,8.589422225952148,False
227,13169,16,9.670700073242188,False
227,6197,112,7.413210391998291,False
227,32595,121,7.071446418762207,False
227,8304,72,8.684858322143555,False
227,7700,57,8.94420337677002,False
227,11174,1,10.511114120483398,False
227,9664,43,9.167173385620117,False
227,17683,66,8.780416488647461,False
227,40766,135,6.758200645446777,False
227,7712,89,8.282097816467285,False
227,34947,105,7.722227096557617,False
227,10548,151,6.459075450897217,False
227,17952,17,9.668927192687988,False
227,37703,125,6.9977312088012695,False
227,17960,132,6.826930999755859,False
227,40763,115,7.350188732147217,False
227,6456,42,9.206490516662598,False
227,17953,11,9.734357833862305,False
227,8152,44,9.137565612792969,False
227,36710,87,8.323173522949219,False
227,15922,78,8.491632461547852,False
227,35908,156,6.151299953460693,False
227,35684,35718,0.0,True
227,18142,129,6.925536155700684,False
227,36507,59,8.90859317779541,False
227,800,29,9.433409690856934,False
227,32596,83,8.375094413757324,False
227,42087,95,8.111957550048828,False
227,30921,54,8.980098724365234,False
227,10568,49,9.068103790283203,False
227,14013,110,7.50437068939209,False
227,14019,108,7.615039348602295,False
227,37701,131,6.882930278778076,False
227,10614,94,8.111957550048828,False
227,10574,92,8.181160926818848,False
227,13614,81,8.427667617797852,False
228,519,41,8.721558570861816,False
228,12089,145,6.042938232421875,False
228,41147,69,8.055971145629883,False
228,37179,37205,0.0,True
228,37180,121,6.628604412078857,False
228,10529,18,9.469867706298828,False
228,10528,124,6.589197635650635,False
228,10524,122,6.615416049957275,False
228,10532,130,6.524552345275879,False
228,10523,129,6.524552345275879,False
228,10526,132,6.448633670806885,False
228,41128,81,7.7283124923706055,False
228,886,135,6.374460220336914,False
228,27369,50,8.520427703857422,False
228,10639,10768,0.0,True
228,10441,128,6.537380218505859,False
228,21274,12,9.578989028930664,False
228,412,146,6.006024360656738,False
228,9718,120,6.668482780456543,False
228,11978,12092,0.0,True
228,38053,38075,0.0,True
228,38051,37,8.884681701660156,False
228,38052,136,6.362264156341553,False
228,806,17,9.478866577148438,False
228,784,962,0.0,True
228,42860,134,6.386704444885254,False
228,10456,117,6.804952621459961,False
228,9715,47,8.608661651611328,False
228,27729,107,6.889548301696777,False
228,11009,83,7.68576192855835,False
228,29195,94,7.297800540924072,False
228,10559,20,9.363205909729004,False
228,11008,80,7.739428520202637,False
228,20571,42,8.70879077911377,False
228,10962,38,8.849214553833008,False
228,21905,13,9.547980308532715,False
228,41521,59,8.317946434020996,False
228,9666,86,7.587240695953369,False
228,42416,176,4.243253231048584,False
228,29780,55,8.423299789428711,False
228,21903,67,8.05827522277832,False
228,32671,127,6.563187122344971,False
228,30282,30324,0.0,True
228,10432,10578,0.0,True
228,10310,10456,0.0,True
228,19150,19241,0.0,True
228,19152,19243,0.0,True
228,19151,19242,0.0,True
228,21260,21,9.363205909729004,False
228,21261,22,9.345662117004395,False
228,21262,23,9.345662117004395,False
228,22812,93,7.3523736000061035,False
228,10481,10618,0.0,True
228,16103,62,8.225356101989746,False
228,39604,26,9.008091926574707,False
228,11359,170,4.6923418045043945,False
228,33353,54,8.42957878112793,False
228,10959,4,9.864980697631836,False
228,35257,53,8.50952434539795,False
228,10433,111,6.861116409301758,False
228,32654,24,9.333577156066895,False
228,40819,31,8.932415008544922,False
228,9515,9670,0.0,True
228,11829,11944,0.0,True
228,6667,6830,0.0,True
228,18334,32,8.92043399810791,False
228,885,139,6.2900543212890625,False
228,791,174,4.377313613891602,False
228,28846,28894,0.0,True
228,39300,168,4.965622901916504,False
228,33449,92,7.362433433532715,False
228,7823,7984,0.0,True
228,10567,10696,0.0,True
228,23348,14,9.525851249694824,False
228,10442,114,6.832919120788574,False
228,10438,103,6.918216228485107,False
228,11833,11947,0.0,True
228,31150,31191,0.0,True
228,40213,144,6.150442123413086,False
228,3816,113,6.846989154815674,False
228,9723,49,8.56431770324707,False
228,11488,119,6.736026287078857,False
228,4469,131,6.448633670806885,False
228,8143,19,9.407355308532715,False
228,15376,88,7.546225547790527,False
228,786,133,6.386704444885254,False
228,10453,118,6.7772135734558105,False
228,17813,151,5.716897964477539,False
228,14372,156,5.591916561126709,False
228,14373,14482,0.0,True
228,32551,25,9.017194747924805,False
228,14377,155,5.6013360023498535,False
228,12445,48,8.575360298156738,False
228,13944,148,5.857895374298096,False
228,3729,99,7.141075611114502,False
228,9549,85,7.587240695953369,False
228,4451,4618,0.0,True
228,21843,63,8.225356101989746,False
228,16269,2,10.237018585205078,False
228,18756,105,6.918216228485107,False
228,7977,44,8.686488151550293,False
228,29779,95,7.265907287597656,False
228,26669,3,9.953568458557129,False
228,20923,142,6.219464302062988,False
228,26668,123,6.60228157043457,False
228,31543,66,8.065742492675781,False
228,9716,56,8.391414642333984,False
228,29170,33,8.90848445892334,False
228,10444,10585,0.0,True
228,9175,60,8.266251564025879,False
228,42861,97,7.187381744384766,False
228,20767,74,7.99068021774292,False
228,18332,34,8.896567344665527,False
228,42868,109,6.889548301696777,False
228,22770,43,8.698742866516113,False
228,40055,40072,0.0,True
228,28157,7,9.735014915466309,False
228,21539,162,5.357660293579102,False
228,21538,87,7.587240695953369,False
228,11572,58,8.328363418579102,False
228,10455,115,6.832919120788574,False
228,19418,19509,0.0,True
228,19417,19508,0.0,True
228,868,1042,0.0,True
228,11756,11871,0.0,True
228,24521,24584,0.0,True
228,42624,108,6.889548301696777,False
228,42866,71,8.026802062988281,False
228,29095,82,7.692554950714111,False
228,807,52,8.50952434539795,False
228,22388,6,9.737951278686523,False
228,30935,9,9.643811225891113,False
228,27389,35,8.896567344665527,False
228,11605,125,6.576166152954102,False
228,21540,89,7.510127544403076,False
228,24776,75,7.931076526641846,False
228,38712,153,5.668172359466553,False
228,21541,154,5.639333724975586,False
228,24777,126,6.576166152954102,False
228,31151,106,6.903852462768555,False
228,12412,77,7.856124401092529,False
228,10452,10,9.634496688842773,False
228,35011,64,8.144767761230469,False
228,18849,72,7.997842311859131,False
228,4212,36,8.884681701660156,False
228,21273,39,8.825727462768555,False
228,10535,101,7.110535144805908,False
228,10440,112,6.861116409301758,False
228,10495,10632,0.0,True
228,11832,149,5.7865376472473145,False
228,21278,8,9.643811225891113,False
228,11140,65,8.134804725646973,False
228,9722,45,8.676046371459961,False
228,9725,46,8.664742469787598,False
228,42865,79,7.746316432952881,False
228,33918,33948,0.0,True
228,42869,28,8.975671768188477,False
228,22387,1,10.836691856384277,False
228,17844,17945,0.0,True
228,17843,17944,0.0,True
228,4461,16,9.485093116760254,False
228,31152,110,6.875303268432617,False
228,34998,102,6.9326395988464355,False
228,10704,167,4.973049640655518,False
228,32054,137,6.31394100189209,False
228,37963,11,9.615047454833984,False
228,28822,15,9.524115562438965,False
228,9721,78,7.846855163574219,False
228,11697,104,6.918216228485107,False
228,39605,5,9.814598083496094,False
228,39487,51,8.520427703857422,False
228,32552,100,7.141075611114502,False
228,14375,158,5.582528114318848,False
228,9157,29,8.943483352661133,False
228,18846,177,4.232451438903809,False
228,1263,152,5.668172359466553,False
228,18902,179,4.032285690307617,False
228,41376,61,8.245753288269043,False
229,39485,36,14.062309265136719,False
229,31010,133,10.750415802001953,False
229,38211,90,12.67519760131836,False
229,11440,1,15.375873565673828,False
229,22454,120,11.213180541992188,False
229,19732,112,11.507085800170898,False
229,3788,57,13.624211311340332,False
229,27229,134,10.732210159301758,False
229,27490,21,14.281805992126465,False
229,12302,12,14.548074722290039,False
229,33703,108,11.56056022644043,False
229,10125,114,11.424493789672852,False
229,10120,138,10.543155670166016,False
229,38210,94,12.476637840270996,False
229,37675,71,13.205240249633789,False
229,37673,68,13.272250175476074,False
229,37679,72,13.183074951171875,False
229,19717,31,14.100102424621582,False
229,37685,73,13.183074951171875,False
229,19718,24,14.196956634521484,False
229,37672,25,14.187091827392578,False
229,19721,34,14.06390380859375,False
229,19720,32,14.09354019165039,False
229,19726,52,13.690322875976562,False
229,19722,53,13.686079025268555,False
229,2337,93,12.520879745483398,False
229,2336,92,12.520879745483398,False
229,19719,61,13.552176475524902,False
229,19723,54,13.676373481750488,False
229,2334,103,12.03382682800293,False
229,2333,100,12.130837440490723,False
229,19725,44,13.917680740356445,False
229,19724,33,14.078706741333008,False
229,19727,42,13.946666717529297,False
229,12714,2,15.217039108276367,False
229,28570,126,10.920757293701172,False
229,28225,87,12.849660873413086,False
229,28226,91,12.627717971801758,False
229,28222,65,13.401529312133789,False
229,13895,49,13.831266403198242,False
229,26603,139,10.325971603393555,False
229,27228,17,14.347114562988281,False
229,39483,105,11.630374908447266,False
229,37924,83,12.988378524780273,False
229,30466,131,10.795994758605957,False
229,30474,63,13.523225784301758,False
229,3952,123,10.985506057739258,False
229,19715,88,12.755123138427734,False
229,19734,45,13.903237342834473,False
229,19728,55,13.67533016204834,False
229,38206,76,13.14698600769043,False
229,21703,118,11.216646194458008,False
229,39484,40,14.030750274658203,False
229,12497,135,10.722772598266602,False
229,25867,121,11.202865600585938,False
229,27226,50,13.735906600952148,False
229,2357,109,11.546165466308594,False
229,37913,95,12.351348876953125,False
229,24913,9,14.831533432006836,False
229,37919,98,12.227145195007324,False
229,17533,137,10.598286628723145,False
229,30289,107,11.5878324508667,False
229,39486,37,14.051773071289062,False
229,42246,115,11.316808700561523,False
229,30472,140,10.281564712524414,False
229,5981,878,4.079729080200195,False
229,33197,64,13.457219123840332,False
229,33198,59,13.59330940246582,False
229,25807,82,12.99026870727539,False
229,27227,142,9.489275932312012,False
229,8925,6,14.937808990478516,False
229,278,102,12.063467025756836,False
229,3057,23,14.202913284301758,False
229,11441,96,12.340896606445312,False
229,22290,28,14.138246536254883,False
229,20818,8,14.852270126342773,False
229,22291,14,14.475732803344727,False
229,20004,7,14.852523803710938,False
229,35916,13,14.50156021118164,False
229,25301,85,12.932281494140625,False
229,28224,74,13.17802906036377,False
229,28221,67,13.344009399414062,False
229,17361,19,14.323676109313965,False
229,5980,145,8.443546295166016,False
229,38213,130,10.817281723022461,False
229,26425,127,10.905471801757812,False
229,25821,86,12.869394302368164,False
229,20387,38,14.038878440856934,False
229,10189,124,10.967726707458496,False
229,37680,77,13.128030776977539,False
229,37686,69,13.238648414611816,False
229,37681,119,11.213354110717773,False
229,19730,39,14.03181266784668,False
229,37683,35,14.062309265136719,False
229,10090,116,11.29099178314209,False
229,26422,16,14.350931167602539,False
229,15351,46,13.902441024780273,False
229,26426,4,15.076587677001953,False
229,37904,89,12.705796241760254,False
229,9493,58,13.598808288574219,False
229,19733,60,13.560049057006836,False
229,30293,66,13.399290084838867,False
229,22427,97,12.316802024841309,False
229,19710,18,14.3355131149292,False
229,37682,48,13.880037307739258,False
229,19712,30,14.10840892791748,False
229,37676,22,14.237488746643066,False
229,18953,56,13.649717330932617,False
229,19711,47,13.888824462890625,False
229,3950,84,12.940488815307617,False
229,19716,11,14.584644317626953,False
229,19708,3,15.19322395324707,False
229,37684,27,14.157033920288086,False
229,11459,15,14.457612991333008,False
229,3951,81,13.007438659667969,False
229,19709,43,13.917680740356445,False
229,21827,80,13.076803207397461,False
229,37677,26,14.177057266235352,False
229,37674,29,14.115233421325684,False
229,3953,129,10.896102905273438,False
229,26424,5,15.05611801147461,False
229,37678,79,13.0884428024292,False
229,37687,78,13.095254898071289,False
229,2359,106,11.589881896972656,False
229,19731,101,12.124259948730469,False
229,277,144,8.585541725158691,False
229,25818,136,10.695467948913574,False
229,26423,51,13.71830940246582,False
229,3789,62,13.535758018493652,False
229,19729,10,14.622225761413574,False
229,2939,113,11.44566822052002,False
229,25817,41,13.989236831665039,False
229,27398,75,13.170564651489258,False
230,11097,555,4.043454170227051,False
230,11404,13096,0.0,True
230,40035,61,4.9872026443481445,False
230,8078,235,4.5014777183532715,False
230,31726,142,4.683761119842529,False
230,40034,265,4.462164878845215,False
230,26873,162,4.643223285675049,False
230,26871,39,5.1376471519470215,False
230,26868,93,4.848860740661621,False
230,25545,99,4.831393241882324,False
230,16408,17807,0.0,True
230,23946,1,5.661924839019775,False
230,33713,34203,0.0,True
230,7681,165,4.63920783996582,False
230,29817,1734,2.7611875534057617,False
230,8120,871,3.6217174530029297,False
230,17808,1181,3.2773499488830566,False
230,18148,2,5.513876438140869,False
230,30479,906,3.5862584114074707,False
230,13885,51,5.040189743041992,False
230,22554,1040,3.437242269515991,False
230,22585,594,3.990466594696045,False
230,41515,78,4.9160332679748535,False
230,3402,406,4.25006628036499,False
230,32540,52,5.039910793304443,False
230,21164,548,4.050727367401123,False
230,4140,572,4.025251388549805,False
230,16828,540,4.057215213775635,False
230,30909,2012,2.464385509490967,False
230,28411,483,4.136996269226074,False
230,42836,42841,0.0,True
230,42832,42837,0.0,True
230,8704,199,4.566901683807373,False
230,39553,698,3.839442491531372,False
230,35460,1991,2.4849321842193604,False
230,27116,189,4.579802513122559,False
230,26112,340,4.349587917327881,False
230,39918,180,4.608090400695801,False
230,22563,965,3.518394947052002,False
230,13635,156,4.6530537605285645,False
230,22779,72,4.938993453979492,False
230,2813,2050,2.411219835281372,False
230,38285,820,3.688957452774048,False
230,15522,672,3.8601620197296143,False
230,33150,198,4.5705084800720215,False
230,7983,709,3.8271169662475586,False
230,40549,1424,3.0379421710968018,False
230,24788,946,3.532294511795044,False
230,42632,8,5.444846153259277,False
230,34560,35014,0.0,True
230,22537,833,3.6775779724121094,False
230,17264,561,4.034332752227783,False
230,39548,779,3.743006706237793,False
230,32105,1389,3.063967704772949,False
230,3012,2073,2.3854877948760986,False
230,20703,21869,0.0,True
230,36603,100,4.822707176208496,False
230,13266,227,4.512837886810303,False
230,19127,422,4.22956657409668,False
230,2960,2153,2.276179552078247,False
230,6437,1170,3.283367395401001,False
230,7907,683,3.8556735515594482,False
230,39529,39740,0.0,True
230,42252,532,4.071069717407227,False
230,9512,353,4.332438945770264,False
230,17460,1004,3.474763870239258,False
230,15249,399,4.255122661590576,False
230,19748,24,5.252376556396484,False
230,13746,203,4.558170795440674,False
230,20507,439,4.203057289123535,False
230,6352,389,4.280586242675781,False
230,24590,935,3.5498239994049072,False
230,28703,627,3.9377450942993164,False
230,42326,42354,0.0,True
230,31871,974,3.5088536739349365,False
230,31870,211,4.541490077972412,False
230,29884,98,4.832723617553711,False
230,20662,551,4.048031330108643,False
230,36428,21,5.278214454650879,False
230,22386,14,5.3733744621276855,False
230,27118,646,3.9022793769836426,False
230,42452,513,4.099064826965332,False
230,11328,13023,0.0,True
230,6743,8687,0.0,True
230,14916,135,4.702721118927002,False
230,14761,75,4.922799587249756,False
230,13267,50,5.0449299812316895,False
230,32063,989,3.495137929916382,False
230,3627,1408,3.04311203956604,False
230,17984,895,3.600700616836548,False
230,16833,1693,2.7957215309143066,False
230,21846,44,5.073556423187256,False
230,20380,520,4.085019588470459,False
230,27597,56,5.008152961730957,False
230,16819,398,4.260190963745117,False
230,40597,5,5.474161148071289,False
230,40596,96,4.8362627029418945,False
230,28165,150,4.667461395263672,False
230,17213,879,3.6152594089508057,False
230,42110,42142,0.0,True
230,42109,42141,0.0,True
230,7950,143,4.679675579071045,False
230,16622,438,4.203057289123535,False
230,39870,18,5.320130348205566,False
230,8940,29,5.197375297546387,False
230,22533,1297,3.1496763229370117,False
230,22534,2231,2.049251079559326,False
230,32303,32858,0.0,True
230,9713,22,5.270130634307861,False
230,42075,567,4.034332752227783,False
230,29108,1484,2.977248430252075,False
230,7329,577,4.023386001586914,False
230,38398,110,4.771738052368164,False
230,7988,226,4.512837886810303,False
230,36162,234,4.502922058105469,False
230,4598,298,4.4180684089660645,False
230,7994,9860,0.0,True
230,19261,1116,3.3510475158691406,False
230,39895,115,4.766997814178467,False
230,38740,476,4.1465888023376465,False
230,22056,552,4.048031330108643,False
230,39995,155,4.653768062591553,False
230,42620,939,3.543619394302368,False
230,3007,1063,3.4142727851867676,False
230,20702,21868,0.0,True
230,14917,173,4.62368631362915,False
230,15482,890,3.6034722328186035,False
230,18664,33,5.171074390411377,False
230,32653,1045,3.434720039367676,False
230,6992,8924,0.0,True
230,19327,20556,0.0,True
230,7644,1271,3.1726880073547363,False
230,3011,496,4.115991115570068,False
230,34111,26,5.208729267120361,False
230,11305,35,5.161942481994629,False
230,33348,168,4.635672569274902,False
230,2124,4298,0.0,True
230,2463,10,5.432586193084717,False
230,12143,233,4.506480693817139,False
230,42108,42140,0.0,True
230,20398,408,4.249668598175049,False
230,29651,1120,3.350306987762451,False
230,42411,38,5.14503812789917,False
230,29905,534,4.067532062530518,False
230,34123,117,4.758541584014893,False
230,26948,733,3.8067498207092285,False
230,3606,393,4.269963264465332,False
230,9191,497,4.113207817077637,False
230,21405,832,3.6775779724121094,False
230,3250,13,5.40041971206665,False
230,3973,1163,3.294752836227417,False
230,39147,69,4.945822715759277,False
230,3676,57,5.002591133117676,False
230,33785,132,4.712561130523682,False
230,40350,283,4.434502124786377,False
230,24853,151,4.665910243988037,False
230,13235,15,5.365739822387695,False
230,19340,379,4.296011447906494,False
230,40428,205,4.54760217666626,False
230,4307,630,3.9323129653930664,False
230,21404,828,3.681363344192505,False
230,39124,175,4.623216152191162,False
230,13510,313,4.396345615386963,False
230,15994,673,3.8601620197296143,False
230,2092,68,4.945822715759277,False
230,6244,186,4.588098049163818,False
230,29880,503,4.112649440765381,False
230,3772,37,5.14503812789917,False
230,14308,146,4.672005653381348,False
230,14187,70,4.942405700683594,False
230,24959,413,4.239594459533691,False
230,7468,370,4.314606666564941,False
230,42455,335,4.35665225982666,False
230,25785,1214,3.241703748703003,False
230,19746,47,5.06397819519043,False
230,19126,213,4.541036605834961,False
230,11593,430,4.210042953491211,False
230,17791,362,4.325042247772217,False
230,32286,45,5.06876277923584,False
230,28038,4,5.488161563873291,False
230,18340,185,4.599434852600098,False
230,33637,1377,3.0797982215881348,False
230,36914,190,4.579802513122559,False
230,826,591,3.9937875270843506,False
230,15971,359,4.327197074890137,False
230,39031,1035,3.44718074798584,False
230,42806,435,4.206353187561035,False
230,37098,450,4.1854095458984375,False
230,14741,209,4.544883728027344,False
230,5725,9,5.4332356452941895,False
230,16207,519,4.085019588470459,False
230,11595,77,4.91861629486084,False
230,25157,36,5.156164646148682,False
230,20768,240,4.5014777183532715,False
230,30259,421,4.229959964752197,False
230,21403,822,3.6851563453674316,False
230,21378,315,4.395920753479004,False
230,8107,303,4.410376071929932,False
230,17880,784,3.7312915325164795,False
230,11594,60,4.9872026443481445,False
230,42457,343,4.34606409072876,False
230,27111,219,4.529309272766113,False
230,27114,112,4.771237850189209,False
230,26874,119,4.745913028717041,False
230,37242,651,3.893782615661621,False
230,41439,616,3.9594595432281494,False
230,1589,811,3.696582794189453,False
230,13800,611,3.9628114700317383,False
230,12723,268,4.456604957580566,False
230,28031,249,4.495819568634033,False
230,19628,292,4.428579330444336,False
230,27302,309,4.403136253356934,False
230,35061,661,3.872701406478882,False
230,8650,41,5.126890182495117,False
230,2627,12,5.401457786560059,False
230,4668,16,5.357276916503906,False
230,22256,264,4.463479042053223,False
230,15773,800,3.708080768585205,False
230,2908,320,4.3868327140808105,False
230,9965,322,4.385563373565674,False
230,8136,527,4.075709342956543,False
230,39125,224,4.521899223327637,False
230,33738,91,4.866454601287842,False
230,24060,578,4.01621150970459,False
230,24946,684,3.8556735515594482,False
230,29027,218,4.532910346984863,False
230,19967,719,3.818943977355957,False
230,727,1603,2.8628573417663574,False
231,20187,27,20.329673767089844,False
231,20188,32,20.29627227783203,False
231,22791,232,18.58357048034668,False
231,20184,28,20.312957763671875,False
231,20185,29,20.312957763671875,False
231,20186,33,20.279613494873047,False
231,22793,234,18.56589126586914,False
231,31308,143,19.378360748291016,False
231,22788,237,18.47802734375,False
231,10888,205,18.756996154785156,False
231,10889,229,18.613510131835938,False
231,10890,225,18.649166107177734,False
231,22790,238,18.47802734375,False
231,10891,209,18.738933563232422,False
231,10897,210,18.738933563232422,False
231,10905,201,18.775096893310547,False
231,10906,219,18.684965133666992,False
231,10928,227,18.63132095336914,False
231,10902,230,18.613510131835938,False
231,22792,244,18.39102554321289,False
231,15690,135,19.492822647094727,False
231,10870,162,19.10102081298828,False
231,20195,117,19.573057174682617,False
231,20196,118,19.573057174682617,False
231,20197,119,19.573057174682617,False
231,20198,120,19.573057174682617,False
231,20199,121,19.573057174682617,False
231,39423,166,19.033864974975586,False
231,20156,101,19.64932632446289,False
231,34087,85,19.8159122467041,False
231,28006,263,17.899248123168945,False
231,11337,255,18.011764526367188,False
231,31559,239,18.47795295715332,False
231,10903,196,18.811403274536133,False
231,25368,107,19.625152587890625,False
231,26396,94,19.7125244140625,False
231,31158,351,14.986170768737793,False
231,10266,286,17.406787872314453,False
231,10874,165,19.048580169677734,False
231,10877,167,19.031169891357422,False
231,34558,335,15.81450080871582,False
231,20201,123,19.55757713317871,False
231,29809,285,17.481151580810547,False
231,10914,180,18.86614418029785,False
231,20179,134,19.496015548706055,False
231,20149,145,19.346189498901367,False
231,25367,137,19.491966247558594,False
231,20173,52,20.194791793823242,False
231,20174,36,20.255125045776367,False
231,10878,139,19.400115966796875,False
231,10879,131,19.515859603881836,False
231,23441,246,18.333332061767578,False
231,20161,112,19.609535217285156,False
231,10872,174,18.91025161743164,False
231,40844,100,19.67258644104004,False
231,40618,138,19.480552673339844,False
231,20829,295,17.02153205871582,False
231,20194,132,19.511289596557617,False
231,31224,243,18.402544021606445,False
231,20192,116,19.573057174682617,False
231,20193,102,19.635223388671875,False
231,25366,106,19.625152587890625,False
231,10873,79,19.869651794433594,False
231,10909,190,18.829612731933594,False
231,10925,222,18.684965133666992,False
231,10926,199,18.793231964111328,False
231,7832,276,17.759872436523438,False
231,7834,282,17.581392288208008,False
231,13691,250,18.18315887451172,False
231,9381,69,20.00344467163086,False
231,12722,17,20.626354217529297,False
231,27622,15,20.68303680419922,False
231,30989,8,20.86050033569336,False
231,10887,208,18.738933563232422,False
231,11080,41,20.22465705871582,False
231,7810,54,20.183300018310547,False
231,20135,115,19.576335906982422,False
231,31310,92,19.722667694091797,False
231,31311,114,19.579383850097656,False
231,20158,105,19.629409790039062,False
231,20204,127,19.542125701904297,False
231,20164,18,20.57618522644043,False
231,10911,202,18.775096893310547,False
231,10913,214,18.72090721130371,False
231,10929,228,18.63132095336914,False
231,20203,124,19.55757713317871,False
231,14762,280,17.6494140625,False
231,20190,242,18.419981002807617,False
231,20165,7,20.91987419128418,False
231,20162,72,19.98027229309082,False
231,20157,104,19.629409790039062,False
231,7828,272,17.811599731445312,False
231,7835,283,17.581392288208008,False
231,25365,170,19.025245666503906,False
231,20191,125,19.542125701904297,False
231,20144,74,19.936059951782227,False
231,20825,293,17.02153205871582,False
231,20159,157,19.240921020507812,False
231,20831,305,16.95134925842285,False
231,20833,289,17.163808822631836,False
231,20202,126,19.542125701904297,False
231,20183,20,20.520784378051758,False
231,20205,128,19.542125701904297,False
231,20206,129,19.542125701904297,False
231,37368,24,20.374786376953125,False
231,20148,13,20.76514434814453,False
231,20147,5,21.043712615966797,False
231,16491,73,19.96826934814453,False
231,20153,150,19.325042724609375,False
231,16490,169,19.031169891357422,False
231,11138,251,18.172271728515625,False
231,10895,218,18.684965133666992,False
231,10898,178,18.86614418029785,False
231,10920,198,18.793231964111328,False
231,10922,193,18.829612731933594,False
231,20139,216,18.71188735961914,False
231,13692,260,17.942373275756836,False
231,14765,271,17.828311920166016,False
231,10892,223,18.66704559326172,False
231,7825,269,17.837587356567383,False
231,7830,277,17.70847511291504,False
231,7837,284,17.556217193603516,False
231,20146,6,20.920913696289062,False
231,15084,177,18.871248245239258,False
231,15085,189,18.83478355407715,False
231,20182,21,20.447463989257812,False
231,16489,267,17.861610412597656,False
231,16250,149,19.330543518066406,False
231,31651,352,14.813680648803711,False
231,7826,278,17.65740203857422,False
231,7836,270,17.837587356567383,False
231,14041,288,17.20801544189453,False
231,20136,212,18.731685638427734,False
231,10875,68,20.004375457763672,False
231,20177,30,20.30568504333496,False
231,7808,48,20.205245971679688,False
231,20181,25,20.346416473388672,False
231,9377,87,19.801509857177734,False
231,30992,144,19.357011795043945,False
231,7791,3,21.16360092163086,False
231,29808,273,17.811599731445312,False
231,10918,186,18.84786033630371,False
231,10919,192,18.829612731933594,False
231,7818,56,20.13418960571289,False
231,7816,26,20.33081817626953,False
231,7807,44,20.223087310791016,False
231,36887,96,19.70038604736328,False
231,31481,159,19.1488037109375,False
231,20824,303,16.95134925842285,False
231,20827,291,17.11609649658203,False
231,7824,274,17.759872436523438,False
231,7827,264,17.863658905029297,False
231,7829,256,17.968780517578125,False
231,7833,281,17.60664939880371,False
231,10916,207,18.756996154785156,False
231,10907,206,18.756996154785156,False
231,10904,211,18.738933563232422,False
231,11139,140,19.392555236816406,False
231,38814,235,18.510799407958984,False
231,38813,253,18.08350944519043,False
231,7813,40,20.240962982177734,False
231,7795,75,19.90389633178711,False
231,30991,109,19.619646072387695,False
231,10871,164,19.066024780273438,False
231,10908,179,18.86614418029785,False
231,15083,204,18.762287139892578,False
231,10927,203,18.775096893310547,False
231,20180,133,19.508419036865234,False
231,20832,296,17.02153205871582,False
231,16249,158,19.16219711303711,False
231,13693,306,16.938724517822266,False
231,14763,318,16.477102279663086,False
231,25796,78,19.88916778564453,False
231,14766,171,18.993377685546875,False
231,7798,60,20.098854064941406,False
231,7802,39,20.240962982177734,False
231,20210,89,19.792404174804688,False
231,9379,84,19.84602165222168,False
231,38812,200,18.791332244873047,False
231,20166,22,20.379985809326172,False
231,18404,14,20.69729995727539,False
231,20167,81,19.86592674255371,False
231,20168,82,19.86592674255371,False
231,20169,98,19.696840286254883,False
231,20170,83,19.86592674255371,False
231,13694,266,17.863658905029297,False
231,20160,111,19.609535217285156,False
231,20172,50,20.204822540283203,False
231,10912,220,18.684965133666992,False
231,10915,191,18.829612731933594,False
231,10924,221,18.684965133666992,False
231,9380,71,19.980798721313477,False
231,10900,176,18.88446617126465,False
231,10876,63,20.062728881835938,False
231,20200,122,19.573057174682617,False
231,20189,241,18.419981002807617,False
231,25369,108,19.625152587890625,False
231,10893,197,18.793231964111328,False
231,7817,58,20.116504669189453,False
231,7793,65,20.037940979003906,False
231,7814,57,20.116504669189453,False
231,9374,130,19.538673400878906,False
231,9382,156,19.240921020507812,False
231,9375,141,19.379199981689453,False
231,9376,153,19.28213882446289,False
231,20171,35,20.255125045776367,False
231,20175,37,20.255125045776367,False
231,20163,70,19.999460220336914,False
231,10769,331,15.89091682434082,False
231,10910,185,18.84786033630371,False
231,23442,233,18.577999114990234,False
231,9378,80,19.86835479736328,False
231,13690,261,17.91604995727539,False
231,20830,304,16.95134925842285,False
231,32015,113,19.59015655517578,False
231,7803,51,20.199909210205078,False
231,10923,226,18.649166107177734,False
231,38811,268,17.85345458984375,False
231,20178,76,19.89554214477539,False
231,20828,309,16.835765838623047,False
231,3068,298,16.99806785583496,False
231,3066,297,16.99806785583496,False
231,20150,155,19.261882781982422,False
231,11682,31,20.303485870361328,False
231,20138,194,18.814788818359375,False
231,10921,187,18.84786033630371,False
231,7809,45,20.223087310791016,False
231,21100,308,16.881793975830078,False
231,32016,88,19.801490783691406,False
231,20155,103,19.629409790039062,False
231,20140,182,18.851369857788086,False
231,20207,86,19.80826187133789,False
231,1529,336,15.77657699584961,False
231,10917,175,18.90282440185547,False
231,9271,240,18.43915367126465,False
231,36888,91,19.72922706604004,False
231,37239,1,21.485584259033203,False
231,20835,300,16.974672317504883,False
231,20145,215,18.72090721130371,False
231,7796,90,19.752880096435547,False
231,7794,66,20.0186824798584,False
231,7805,53,20.18743133544922,False
231,7842,64,20.057239532470703,False
231,20143,23,20.3773250579834,False
231,20209,99,19.682113647460938,False
231,20142,217,18.70408058166504,False
231,21101,301,16.974672317504883,False
231,34436,11,20.84441375732422,False
231,20141,224,18.652751922607422,False
231,20154,152,19.303939819335938,False
231,37886,329,16.062063217163086,False
231,10896,195,18.811403274536133,False
231,25364,136,19.491966247558594,False
231,19170,249,18.24285125732422,False
231,20836,339,15.589962005615234,False
231,40204,9,20.851154327392578,False
231,22789,231,18.58357048034668,False
231,29807,279,17.65740203857422,False
231,20134,4,21.051101684570312,False
231,5544,62,20.06349754333496,False
231,7806,47,20.205245971679688,False
231,14764,160,19.111913681030273,False
231,7811,49,20.205245971679688,False
231,10901,213,18.72090721130371,False
231,6036,93,19.713096618652344,False
231,10894,183,18.84786033630371,False
231,16248,148,19.330543518066406,False
231,10869,161,19.10102081298828,False
231,7800,34,20.27680778503418,False
231,16492,67,20.016782760620117,False
231,31265,172,18.979141235351562,False
231,7838,265,17.863658905029297,False
231,7804,43,20.223087310791016,False
231,20834,299,16.99806785583496,False
231,20838,338,15.668144226074219,False
231,39876,359,13.683958053588867,False
231,20837,340,15.589962005615234,False
231,34589,330,15.942283630371094,False
231,7801,42,20.223087310791016,False
231,16251,151,19.306310653686523,False
231,20839,344,15.512615203857422,False
231,20826,294,17.02153205871582,False
231,20844,147,19.33982276916504,False
231,16493,59,20.114532470703125,False
231,21382,77,19.88916778564453,False
231,20843,142,19.378360748291016,False
231,7812,55,20.169654846191406,False
231,10868,163,19.083505630493164,False
231,20152,110,19.609535217285156,False
231,14042,290,17.119600296020508,False
231,7815,46,20.223087310791016,False
231,30990,10,20.8457088470459,False
231,7831,275,17.759872436523438,False
231,14464,168,19.031169891357422,False
231,20151,146,19.346189498901367,False
231,7799,61,20.098854064941406,False
231,5540,16,20.62716293334961,False
231,20176,38,20.255125045776367,False
231,10899,184,18.84786033630371,False
231,37018,259,17.942426681518555,False
231,6829,2,21.330821990966797,False
231,6877,254,18.014991760253906,False
231,5543,236,18.504018783569336,False
231,3211,12,20.794511795043945,False
231,3067,307,16.881793975830078,False
231,20208,97,19.697792053222656,False
231,20137,188,18.83709144592285,False
232,6640,26,8.783069610595703,False
232,10038,190,7.398393630981445,False
232,33114,76,8.31860637664795,False
232,34370,255,6.956146717071533,False
232,15785,229,7.178298473358154,False
232,34374,436,6.189732551574707,False
232,17396,389,6.364295482635498,False
232,21676,107,8.085424423217773,False
232,8233,238,7.073197364807129,False
232,28812,163,7.623630046844482,False
232,25028,409,6.298763751983643,False
232,10983,3,9.549456596374512,False
232,38470,395,6.355811595916748,False
232,22108,601,5.390199661254883,False
232,17734,132,7.881035804748535,False
232,17439,164,7.611612319946289,False
232,21685,329,6.595639228820801,False
232,13137,17,9.040376663208008,False
232,22444,78,8.318017959594727,False
232,13136,12,9.06462574005127,False
232,9209,493,5.9477858543396,False
232,17438,170,7.566396236419678,False
232,2469,27,8.75951099395752,False
232,21688,96,8.161352157592773,False
232,33129,437,6.182727813720703,False
232,38860,269,6.823191165924072,False
232,39785,125,7.966902256011963,False
232,33130,440,6.1787214279174805,False
232,23869,183,7.435628414154053,False
232,38498,515,5.821897506713867,False
232,33131,428,6.247541427612305,False
232,33132,447,6.146858215332031,False
232,33133,448,6.146858215332031,False
232,5947,529,5.77022647857666,False
232,5948,152,7.684623718261719,False
232,4758,66,8.374725341796875,False
232,8232,220,7.2244110107421875,False
232,33107,102,8.107382774353027,False
232,35212,89,8.216848373413086,False
232,40683,644,5.0746564865112305,False
232,25706,574,5.537881851196289,False
232,22144,69,8.3591947555542,False
232,22145,34,8.684871673583984,False
232,4865,324,6.6102705001831055,False
232,1245,85,8.240457534790039,False
232,22119,156,7.672826766967773,False
232,22120,146,7.719446182250977,False
232,22122,603,5.38411283493042,False
232,42711,611,5.311661720275879,False
232,22106,245,7.043286323547363,False
232,39873,219,7.238157749176025,False
232,33996,110,8.082010269165039,False
232,34375,82,8.278074264526367,False
232,22817,604,5.38411283493042,False
232,24824,235,7.114634037017822,False
232,17160,371,6.419999599456787,False
232,28793,77,8.318567276000977,False
232,17440,19,9.038032531738281,False
232,27376,372,6.419999599456787,False
232,17598,46,8.532842636108398,False
232,1776,23,8.847365379333496,False
232,25515,317,6.639728546142578,False
232,33113,144,7.765606880187988,False
232,26225,32,8.706439018249512,False
232,33476,547,5.685896873474121,False
232,17059,615,5.294430255889893,False
232,17057,375,6.407057762145996,False
232,24591,477,6.0127949714660645,False
232,35182,80,8.299088478088379,False
232,22146,167,7.576193809509277,False
232,35138,259,6.924550533294678,False
232,34718,38,8.651542663574219,False
232,6630,646,5.063877105712891,False
232,34716,113,8.06184196472168,False
232,33099,198,7.348782539367676,False
232,33123,239,7.069868087768555,False
232,23772,250,7.001873970031738,False
232,34368,578,5.51489782333374,False
232,33496,93,8.195562362670898,False
232,9008,272,6.804845809936523,False
232,26007,58,8.462162017822266,False
232,8807,333,6.576802730560303,False
232,8957,384,6.377399921417236,False
232,11353,444,6.157755374908447,False
232,20368,537,5.713150501251221,False
232,24290,563,5.599092483520508,False
232,41162,426,6.254693508148193,False
232,870,79,8.311241149902344,False
232,4103,519,5.796501159667969,False
232,37343,517,5.81771993637085,False
232,16840,176,7.499655723571777,False
232,15803,558,5.638824462890625,False
232,26037,35,8.670249938964844,False
232,81,478,6.008338928222656,False
232,38776,123,7.9803056716918945,False
232,26005,137,7.835679531097412,False
232,4941,484,5.993233680725098,False
232,34827,525,5.789462089538574,False
232,26025,52,8.490734100341797,False
232,66,252,6.990734100341797,False
232,6940,128,7.920575141906738,False
232,5613,359,6.487314701080322,False
232,25010,47,8.527239799499512,False
232,35213,378,6.402756214141846,False
232,5474,458,6.079239845275879,False
232,18082,204,7.293017387390137,False
232,35210,40,8.609895706176758,False
232,7916,463,6.043280124664307,False
232,9009,489,5.9558000564575195,False
232,41743,362,6.476686477661133,False
232,8906,180,7.465025901794434,False
232,25256,648,5.0585036277771,False
232,245,73,8.331912994384766,False
232,2597,623,5.247809886932373,False
232,34220,423,6.265653133392334,False
232,3489,33,8.68982219696045,False
232,26018,265,6.88122034072876,False
232,13127,94,8.168359756469727,False
232,26010,326,6.602248668670654,False
232,1066,249,7.0047993659973145,False
232,15786,206,7.280751705169678,False
232,30552,427,6.249228000640869,False
232,17128,431,6.23528528213501,False
232,24661,299,6.727651596069336,False
232,11231,387,6.364295482635498,False
232,32631,420,6.272197723388672,False
232,26082,435,6.219018936157227,False
232,6578,68,8.365411758422852,False
232,4340,650,5.0371270179748535,False
232,13745,400,6.338447093963623,False
232,5572,638,5.1127495765686035,False
232,4341,232,7.150879859924316,False
232,37365,242,7.059381484985352,False
232,35134,278,6.789618492126465,False
232,25750,44,8.592451095581055,False
232,14109,174,7.521759986877441,False
232,24243,115,8.046895980834961,False
232,24537,470,6.027998924255371,False
232,35174,251,7.001873970031738,False
232,41742,120,8.007269859313965,False
232,15344,580,5.508525848388672,False
232,1893,169,7.566396236419678,False
232,31320,97,8.15506649017334,False
232,37103,311,6.666872978210449,False
232,35422,70,8.34553050994873,False
232,18879,205,7.293017387390137,False
232,21780,390,6.364295482635498,False
232,37932,320,6.629790306091309,False
232,38510,354,6.499105453491211,False
232,5479,314,6.652134895324707,False
232,16857,479,6.0077433586120605,False
232,26865,356,6.494330883026123,False
232,22819,659,4.963708877563477,False
232,29076,582,5.489498615264893,False
232,1500,140,7.810030937194824,False
232,4442,188,7.405476093292236,False
232,24241,513,5.839095115661621,False
232,32216,501,5.908475399017334,False
232,4346,22,8.860488891601562,False
232,6639,53,8.484197616577148,False
232,22092,101,8.124849319458008,False
232,16029,651,5.031810760498047,False
232,17165,256,6.95311975479126,False
232,40490,518,5.817162036895752,False
232,32155,429,6.24345064163208,False
232,38499,471,6.027998924255371,False
232,28105,331,6.582856178283691,False
232,4487,424,6.259845733642578,False
232,21680,86,8.222929000854492,False
232,24980,653,5.031810760498047,False
232,13637,370,6.428655624389648,False
232,21566,335,6.573813438415527,False
232,17602,1,9.574944496154785,False
232,36398,528,5.774885654449463,False
232,39836,212,7.265475749969482,False
232,16907,388,6.364295482635498,False
232,35127,548,5.685896873474121,False
232,36324,9,9.126893043518066,False
232,24686,433,6.223076820373535,False
232,32630,397,6.3515777587890625,False
232,17189,207,7.279217720031738,False
232,41572,153,7.680553436279297,False
232,39902,234,7.117910861968994,False
232,9615,257,6.947554588317871,False
232,13138,29,8.748950004577637,False
232,34224,217,7.243149280548096,False
232,34225,216,7.252511501312256,False
232,36819,412,6.293221473693848,False
232,26002,62,8.401015281677246,False
232,24975,303,6.718543529510498,False
232,28720,522,5.7935991287231445,False
232,13139,28,8.757463455200195,False
232,34222,610,5.341886043548584,False
232,2788,434,6.222043514251709,False
232,34207,277,6.793360710144043,False
232,3629,39,8.627082824707031,False
232,15825,811,3.663879156112671,False
232,26013,171,7.5365753173828125,False
232,38880,61,8.408601760864258,False
232,40461,138,7.834013938903809,False
232,35153,419,6.2763261795043945,False
232,21678,98,8.143412590026855,False
232,25021,213,7.264372825622559,False
232,17109,341,6.552131652832031,False
232,34409,65,8.378355979919434,False
232,17501,595,5.424468994140625,False
232,21756,565,5.579435348510742,False
232,2789,126,7.953550338745117,False
232,8861,392,6.360384464263916,False
232,29335,605,5.38411283493042,False
232,7517,184,7.434181213378906,False
232,27658,624,5.236283302307129,False
232,13155,496,5.933563709259033,False
232,37,483,5.993233680725098,False
232,26023,24,8.830129623413086,False
232,38320,430,6.238326072692871,False
232,8819,506,5.882319450378418,False
232,8891,406,6.309878349304199,False
232,9876,147,7.703838348388672,False
232,26012,60,8.413134574890137,False
232,40449,509,5.8606276512146,False
232,40453,106,8.089997291564941,False
232,17506,119,8.021650314331055,False
232,39606,411,6.293874263763428,False
232,30283,382,6.3813934326171875,False
232,25013,191,7.389349460601807,False
232,38321,557,5.645501136779785,False
232,42217,202,7.328328609466553,False
232,27656,581,5.502168655395508,False
232,29975,309,6.671537399291992,False
232,35119,189,7.404645919799805,False
232,15997,645,5.069260597229004,False
232,21690,118,8.025006294250488,False
232,17159,394,6.360050678253174,False
232,23633,175,7.504886627197266,False
232,21762,71,8.343552589416504,False
232,16607,254,6.981989860534668,False
232,30460,369,6.434781551361084,False
232,816,99,8.142400741577148,False
232,1487,20,8.998673439025879,False
232,3870,449,6.13662052154541,False
232,35128,31,8.726740837097168,False
232,14790,443,6.163061618804932,False
232,8820,349,6.510939121246338,False
232,37853,325,6.602414131164551,False
232,20821,221,7.218252182006836,False
232,37854,321,6.628321170806885,False
232,37855,343,6.538796901702881,False
232,23641,505,5.889013767242432,False
232,32815,241,7.0597100257873535,False
232,38106,512,5.846254348754883,False
232,1575,385,6.368546009063721,False
232,38672,485,5.992641448974609,False
232,36344,159,7.666773319244385,False
232,38848,18,9.040376663208008,False
232,35412,6,9.318552017211914,False
232,30947,508,5.875071048736572,False
232,23976,544,5.699491500854492,False
232,40794,117,8.02979564666748,False
232,1488,466,6.038177490234375,False
232,17067,271,6.8065595626831055,False
232,15783,244,7.043286323547363,False
232,38773,131,7.912309646606445,False
232,8813,13,9.054302215576172,False
232,6579,124,7.966902256011963,False
232,35408,16,9.041130065917969,False
232,37104,313,6.657563209533691,False
232,28817,178,7.4874348640441895,False
232,5611,56,8.46383285522461,False
232,26863,348,6.516521453857422,False
232,17505,360,6.4854960441589355,False
232,7518,187,7.412630558013916,False
232,26463,275,6.796629905700684,False
232,6504,416,6.276650905609131,False
232,30845,116,8.041275978088379,False
232,10040,185,7.430931091308594,False
232,9285,193,7.384105205535889,False
232,26083,160,7.660092830657959,False
232,1074,383,6.377399921417236,False
232,23977,545,5.699491500854492,False
232,34223,584,5.483185291290283,False
232,25851,399,6.349091053009033,False
232,23007,114,8.054973602294922,False
232,34365,446,6.147169589996338,False
232,8643,5669,1.8077455759048462,False
232,8912,555,5.652194023132324,False
232,24750,231,7.164159774780273,False
232,34221,396,6.354732513427734,False
232,9208,366,6.463515758514404,False
232,9308,301,6.723281383514404,False
232,11352,42,8.603838920593262,False
232,6576,203,7.327762603759766,False
232,6577,92,8.198665618896484,False
232,6575,157,7.672336578369141,False
232,3101,192,7.384105205535889,False
232,4741,620,5.259387493133545,False
232,5477,450,6.131359577178955,False
232,21689,121,8.002001762390137,False
232,35196,461,6.053510665893555,False
232,29321,538,5.713150501251221,False
232,32249,376,6.405961990356445,False
232,8468,179,7.4874043464660645,False
232,35070,499,5.923155307769775,False
232,8952,453,6.124102592468262,False
232,4988,75,8.328292846679688,False
232,8862,432,6.232888698577881,False
232,35435,218,7.242930889129639,False
232,36484,134,7.854972839355469,False
232,27647,494,5.942844390869141,False
232,38850,133,7.8794331550598145,False
232,3685,609,5.341886043548584,False
232,24592,247,7.029060363769531,False
232,10260,142,7.782580375671387,False
232,9619,413,6.29289436340332,False
232,4909,57,8.462162017822266,False
232,11232,417,6.2763261795043945,False
232,10745,368,6.440576076507568,False
232,36251,209,7.279217720031738,False
232,16943,626,5.230538368225098,False
232,41222,402,6.332226753234863,False
232,30503,410,6.293874263763428,False
232,20846,129,7.913805961608887,False
232,16568,310,6.669450759887695,False
232,34085,521,5.796501159667969,False
232,35418,122,7.9803056716918945,False
232,20367,553,5.658902645111084,False
232,16949,441,6.173702716827393,False
232,6909,462,6.043280124664307,False
232,21679,74,8.330545425415039,False
232,16631,328,6.59768009185791,False
232,6223,612,5.306214809417725,False
232,35421,21,8.99777889251709,False
232,21598,418,6.2763261795043945,False
232,38317,556,5.652194023132324,False
232,26022,64,8.378355979919434,False
232,10720,486,5.985709190368652,False
232,1131,363,6.475566387176514,False
232,8264,459,6.069529056549072,False
232,5415,25,8.820425987243652,False
232,26051,55,8.472596168518066,False
232,38866,497,5.933563709259033,False
232,38319,414,6.282164573669434,False
232,18772,367,6.455796241760254,False
232,9921,588,5.4580769538879395,False
232,31568,784,3.9426188468933105,False
232,20590,37,8.652192115783691,False
232,1134,143,7.774626731872559,False
232,15782,227,7.178298473358154,False
232,32248,514,5.83139181137085,False
232,35076,643,5.085482120513916,False
232,4925,287,6.756628513336182,False
232,2787,59,8.454460144042969,False
232,11351,111,8.08133602142334,False
232,32233,562,5.612273693084717,False
232,13128,4,9.38676929473877,False
232,28727,237,7.09824800491333,False
232,15784,228,7.178298473358154,False
232,2438,495,5.940957546234131,False
232,42216,112,8.0726957321167,False
232,4797,223,7.205695152282715,False
232,30848,539,5.713150501251221,False
232,5414,177,7.490005016326904,False
232,3272,454,6.120863914489746,False
232,13154,577,5.51489782333374,False
232,5416,11,9.079237937927246,False
232,10710,527,5.775435924530029,False
232,37861,560,5.618887901306152,False
232,40444,225,7.187419891357422,False
232,18886,8,9.1691312789917,False
232,33464,295,6.7327752113342285,False
232,26251,248,7.010736465454102,False
232,7303,54,8.477614402770996,False
232,1156,130,7.912309646606445,False
232,14852,14,9.054302215576172,False
232,34820,516,5.81771993637085,False
232,914,87,8.222434043884277,False
232,5606,336,6.5707597732543945,False
232,26142,467,6.038177490234375,False
232,26024,474,6.022922039031982,False
232,29991,380,6.394168853759766,False
232,39324,149,7.696059226989746,False
232,17150,155,7.672826766967773,False
232,17419,127,7.928860664367676,False
232,17333,552,5.658902645111084,False
232,35158,30,8.731812477111816,False
232,29823,273,6.802674770355225,False
232,3086,5,9.374478340148926,False
232,28755,84,8.245384216308594,False
232,16569,393,6.360050678253174,False
232,15541,148,7.696059226989746,False
232,14325,162,7.642086029052734,False
232,24626,315,6.652134895324707,False
232,33119,109,8.082530975341797,False
232,4740,597,5.42084264755249,False
232,35169,51,8.497400283813477,False
232,23934,550,5.669589042663574,False
232,37364,88,8.222434043884277,False
232,27649,407,6.304316520690918,False
232,2783,306,6.699661731719971,False
232,30851,546,5.699491500854492,False
232,36823,253,6.982054710388184,False
232,13126,105,8.090363502502441,False
232,15787,230,7.178298473358154,False
232,5487,583,5.483185291290283,False
232,9881,425,6.254693508148193,False
232,10746,45,8.555908203125,False
232,6939,398,6.349091053009033,False
232,37008,63,8.385248184204102,False
232,18870,422,6.268074989318848,False
232,34423,500,5.913361072540283,False
232,17591,319,6.631690502166748,False
232,4256,492,5.9527363777160645,False
232,843,298,6.728024959564209,False
232,35157,49,8.521384239196777,False
232,8893,365,6.469708442687988,False
232,8845,258,6.93853759765625,False
232,26008,337,6.570403575897217,False
232,17738,524,5.789462089538574,False
232,40374,246,7.041005611419678,False
232,16950,357,6.493204593658447,False
232,40396,451,6.127109527587891,False
232,8854,503,5.904172420501709,False
232,26042,108,8.082530975341797,False
233,29064,4,13.162399291992188,False
233,24710,72,10.972238540649414,False
233,29194,143,9.608707427978516,False
233,29167,71,10.984880447387695,False
233,24709,91,10.675118446350098,False
233,29168,99,10.467733383178711,False
233,39376,84,10.821462631225586,False
233,17039,81,10.843832969665527,False
233,29163,55,11.252461433410645,False
233,19190,97,10.49561595916748,False
233,15327,6694,1.8182519674301147,False
233,22805,8,12.88132095336914,False
233,24751,6740,1.8125832080841064,False
233,22804,109,10.307845115661621,False
233,21623,60,11.20356559753418,False
233,24669,3,13.248819351196289,False
233,24712,10,12.683039665222168,False
233,19194,25,11.918474197387695,False
233,19193,11,12.672248840332031,False
233,8004,6702,1.8155908584594727,False
233,40458,5,13.086196899414062,False
233,40459,13,12.447247505187988,False
233,4463,29,11.825763702392578,False
233,15330,181,8.830967903137207,False
233,24729,2,13.770746231079102,False
233,32212,92,10.675118446350098,False
233,32235,14,12.405742645263672,False
233,41023,26,11.918474197387695,False
233,24690,73,10.963488578796387,False
233,24691,85,10.805978775024414,False
233,29065,50,11.386238098144531,False
233,29066,7517,1.707898736000061,False
233,22591,4618,2.304638385772705,False
233,33897,7140,1.7572721242904663,False
233,8000,62,11.173898696899414,False
233,8002,65,11.129694938659668,False
233,8299,38,11.668548583984375,False
233,2682,61,11.175511360168457,False
233,15508,78,10.914505004882812,False
233,18342,134,9.817734718322754,False
233,8001,20,12.108516693115234,False
233,18630,54,11.267526626586914,False
233,22806,40,11.655181884765625,False
233,2674,37,11.687995910644531,False
233,16928,187,8.65908145904541,False
233,18651,67,11.107816696166992,False
233,18652,53,11.313508987426758,False
233,21624,51,11.38497543334961,False
233,4526,52,11.383846282958984,False
233,15324,203,8.180181503295898,False
233,19021,94,10.652421951293945,False
233,33892,43,11.572444915771484,False
233,29211,36,11.71721076965332,False
233,15319,165,9.274640083312988,False
233,2465,3293,2.659149408340454,False
233,19196,108,10.33629322052002,False
233,29175,4665,2.2901673316955566,False
233,41504,46,11.462332725524902,False
233,40533,44,11.540766716003418,False
233,22831,75,10.95637321472168,False
233,31161,6593,1.8338489532470703,False
233,24232,7,12.911828994750977,False
233,24715,32,11.78763198852539,False
233,38553,41,11.636335372924805,False
233,38556,47,11.44677734375,False
233,38554,19,12.189608573913574,False
233,29077,76,10.95637321472168,False
233,22834,31,11.78763198852539,False
233,18388,12,12.630064964294434,False
233,1777,34,11.728181838989258,False
233,16875,185,8.765888214111328,False
233,8698,30,11.802101135253906,False
233,41500,17,12.271781921386719,False
233,33891,59,11.21875286102295,False
233,4640,56,11.248366355895996,False
233,4639,49,11.400362968444824,False
233,4641,48,11.412238121032715,False
233,17484,42,11.600425720214844,False
233,29221,15,12.387674331665039,False
233,15323,186,8.731039047241211,False
233,28724,98,10.480929374694824,False
234,22373,86,16.860858917236328,False
234,22370,84,16.89299201965332,False
234,22374,83,16.909107208251953,False
234,22372,80,16.957656860351562,False
234,22375,88,16.812902450561523,False
234,22369,82,16.909107208251953,False
234,22368,87,16.84484100341797,False
234,22371,81,16.92525863647461,False
234,17099,51,20.6640567779541,False
234,25380,132,13.358953475952148,False
234,25377,99,15.770089149475098,False
234,4689,8,23.771909713745117,False
234,4688,17,23.268890380859375,False
234,25373,69,18.169193267822266,False
234,25372,15,23.421039581298828,False
234,25540,31,22.173364639282227,False
234,29166,46,21.361988067626953,False
234,6158,5,24.03970718383789,False
234,37793,65,18.680858612060547,False
234,25400,73,17.90232276916504,False
234,25381,54,20.14259910583496,False
234,25401,72,17.99784278869629,False
234,28166,79,17.09762191772461,False
234,27591,91,16.606626510620117,False
234,25384,125,13.607484817504883,False
234,37795,18,23.234832763671875,False
234,37794,6,24.03970718383789,False
234,25379,90,16.675582885742188,False
234,25375,1,24.61448860168457,False
234,37796,20,23.086292266845703,False
234,25378,61,19.130252838134766,False
234,25385,66,18.635961532592773,False
234,25392,137,13.112850189208984,False
234,4687,11,23.638080596923828,False
234,13045,95,16.158390045166016,False
234,3766,78,17.242464065551758,False
234,25383,33,22.07362174987793,False
234,4626,39,21.83688735961914,False
234,3410,9,23.66688346862793,False
234,25395,60,19.318832397460938,False
234,36677,94,16.217723846435547,False
234,36679,150,12.349664688110352,False
234,36675,30,22.31679916381836,False
234,36676,56,19.96561050415039,False
234,36678,48,21.24996566772461,False
234,32684,110,14.690948486328125,False
234,3358,89,16.793298721313477,False
234,1361,53,20.222688674926758,False
234,4507,100,15.582179069519043,False
234,4680,7,23.99578094482422,False
234,25665,22,22.987943649291992,False
234,9965,103,15.341275215148926,False
234,7178,114,14.560319900512695,False
234,556,63,18.908912658691406,False
234,37798,182,9.214127540588379,False
234,31936,96,16.1457576751709,False
234,31262,218,7.389997482299805,False
234,32286,36,21.902313232421875,False
234,21788,50,20.897666931152344,False
234,28401,27,22.73529815673828,False
234,29468,41,21.700428009033203,False
234,15458,43,21.568653106689453,False
234,4625,29,22.492958068847656,False
234,7730,98,15.904905319213867,False
234,7731,75,17.52022361755371,False
234,38956,42,21.621421813964844,False
234,6554,67,18.263317108154297,False
234,24546,55,20.10273551940918,False
234,32683,109,14.690948486328125,False
234,6378,12,23.524555206298828,False
234,11548,40,21.732242584228516,False
234,31366,134,13.319854736328125,False
234,28167,93,16.266700744628906,False
234,32682,32931,0.0,True
234,2511,3,24.503822326660156,False
234,25396,68,18.24169158935547,False
234,25399,74,17.8707332611084,False
234,25397,71,18.013874053955078,False
234,18666,64,18.848262786865234,False
234,4624,45,21.401844024658203,False
234,5735,34,21.965747833251953,False
234,18656,59,19.649051666259766,False
234,28706,24,22.915340423583984,False
234,1824,19,23.10637664794922,False
234,35360,35,21.915218353271484,False
234,5733,37,21.873764038085938,False
234,38240,58,19.67687225341797,False
234,4684,2,24.544158935546875,False
234,4176,23,22.921350479125977,False
234,23543,13,23.467601776123047,False
234,36681,131,13.388703346252441,False
234,25394,62,18.989076614379883,False
234,31937,26,22.736488342285156,False
234,19625,32,22.144702911376953,False
234,19623,14,23.4505558013916,False
234,19626,44,21.54666519165039,False
234,11545,52,20.569839477539062,False
234,3753,38,21.857357025146484,False
234,23544,21,23.043272018432617,False
234,4679,10,23.65266990661621,False
234,28399,49,20.954072952270508,False
234,35359,76,17.453269958496094,False
234,18973,47,21.34918975830078,False
234,9734,111,14.670376777648926,False
234,9964,85,16.875782012939453,False
234,19624,4,24.130252838134766,False
234,32164,25,22.83198356628418,False
235,31088,76,8.466623306274414,False
235,41985,48,10.809131622314453,False
235,9776,5,13.296133995056152,False
235,28987,93,6.979050159454346,False
235,8594,472,4.182010173797607,False
235,11434,899,4.029041767120361,False
235,42071,1372,3.8497226238250732,False
235,26280,12,13.115493774414062,False
235,26300,44,11.167709350585938,False
235,6819,556,4.148978233337402,False
235,7251,11319,0.0,True
235,981,72,9.314949035644531,False
235,34439,7,13.157185554504395,False
235,21226,673,4.101589202880859,False
235,22732,24998,0.0,True
235,7253,74,8.856282234191895,False
235,3362,2,13.49029541015625,False
235,33078,277,4.274941921234131,False
235,34440,13,13.088793754577637,False
235,24790,1536,3.787255048751831,False
235,42501,1,13.495150566101074,False
235,23729,15,12.892927169799805,False
235,7257,22,12.236852645874023,False
235,34441,11,13.122900009155273,False
235,20410,2757,3.0797054767608643,False
235,20418,4240,2.1909241676330566,False
235,29539,246,4.286280632019043,False
235,16113,978,3.9983158111572266,False
235,16114,1005,3.9864795207977295,False
235,42504,34,11.605605125427246,False
235,40099,43,11.175275802612305,False
235,24789,1479,3.8059866428375244,False
235,10029,59,10.099532127380371,False
235,34442,8,13.157185554504395,False
235,19229,73,9.280617713928223,False
235,29540,16,12.834999084472656,False
235,989,86,7.628406047821045,False
235,988,29,11.894096374511719,False
235,19474,22190,0.0,True
235,9766,1241,3.8942534923553467,False
235,9232,28,11.907712936401367,False
235,15934,96,6.7989935874938965,False
235,26299,47,10.902454376220703,False
235,20431,55,10.243328094482422,False
235,11675,81,7.991943359375,False
235,23707,21,12.335390090942383,False
235,9768,37,11.491244316101074,False
235,26432,94,6.900728225708008,False
235,20424,65,9.83161735534668,False
235,20434,68,9.588869094848633,False
235,28377,18,12.661015510559082,False
235,32423,36,11.550628662109375,False
235,994,66,9.738369941711426,False
235,992,53,10.374336242675781,False
235,40595,51,10.714595794677734,False
235,40593,2940,2.9750490188598633,False
235,29599,45,11.150530815124512,False
235,40594,2930,2.9816360473632812,False
235,20423,3840,2.4455697536468506,False
235,6827,711,4.092716693878174,False
235,6823,26,11.999710083007812,False
235,34251,77,8.410994529724121,False
235,984,71,9.332210540771484,False
235,982,57,10.105977058410645,False
235,983,56,10.223610877990723,False
235,995,83,7.708094120025635,False
235,13750,42,11.21583366394043,False
235,20426,63,9.940953254699707,False
235,29218,6,13.20895004272461,False
235,26970,3511,2.601475715637207,False
235,24728,27,11.933917045593262,False
235,24791,2009,3.5425291061401367,False
235,16110,1019,3.9786274433135986,False
235,34443,10,13.140020370483398,False
235,37324,39,11.39637565612793,False
235,37325,69,9.453733444213867,False
235,8146,970,4.001051902770996,False
235,9765,38,11.433374404907227,False
235,9764,41,11.357197761535645,False
235,37038,1752,3.6817331314086914,False
235,9763,33,11.608930587768555,False
235,26287,3160,2.8311891555786133,False
235,33358,49,10.769027709960938,False
235,18641,78,8.372819900512695,False
235,33360,50,10.769027709960938,False
235,8059,80,8.150848388671875,False
235,31713,1518,3.7919082641601562,False
235,991,5635,0.0,True
235,8147,17,12.700873374938965,False
235,11364,24,12.098320007324219,False
235,19023,1629,3.7427268028259277,False
235,32418,32,11.670612335205078,False
235,9225,20,12.415643692016602,False
235,16727,31,11.671842575073242,False
235,21227,1410,3.8387486934661865,False
235,4646,3,13.337972640991211,False
235,32458,3019,2.9233815670013428,False
235,14926,4,13.331332206726074,False
235,993,3780,2.472510814666748,False
235,41983,75,8.733414649963379,False
235,34437,2988,2.942544937133789,False
235,3202,7672,0.0,True
235,25178,19,12.441330909729004,False
235,9761,35,11.569409370422363,False
235,26289,1589,3.7636475563049316,False
235,26294,643,4.111780166625977,False
235,11409,3445,2.637136936187744,False
235,32421,62,10.019161224365234,False
235,9774,13656,0.0,True
235,38542,70,9.43713665008545,False
235,31086,98,5.906458377838135,False
235,17358,79,8.193477630615234,False
235,42277,60,10.099532127380371,False
235,11369,14,13.010553359985352,False
235,28376,2956,2.9684910774230957,False
235,17145,61,10.097726821899414,False
235,17147,25,12.093375205993652,False
235,18104,23,12.139650344848633,False
235,32422,46,11.08113956451416,False
235,26290,960,4.0050764083862305,False
235,28375,29941,0.0,True
235,996,84,7.708094120025635,False
235,17988,85,7.676019668579102,False
235,25567,1948,3.5742406845092773,False
235,9759,40,11.376136779785156,False
235,31191,609,4.124372959136963,False
235,13922,30,11.770204544067383,False
235,22644,24930,0.0,True
235,22880,25139,0.0,True
235,19226,97,6.3759989738464355,False
235,34444,9,13.157185554504395,False
235,20422,67,9.702342987060547,False
235,20419,23012,0.0,True
236,35223,10,12.210526466369629,False
236,3884,74,9.529679298400879,False
236,34851,44,10.350942611694336,False
236,1826,108,8.700519561767578,False
236,17351,58,9.9461669921875,False
236,14258,15,11.887146949768066,False
236,13962,20,11.618427276611328,False
236,31571,52,10.140721321105957,False
236,1769,40,10.552401542663574,False
236,14505,105,8.738283157348633,False
236,2447,21,11.601818084716797,False
236,2446,56,10.035282135009766,False
236,4632,41,10.531730651855469,False
236,349,12,12.165276527404785,False
236,2839,22,11.563321113586426,False
236,10724,24,11.522162437438965,False
236,7281,418,7.133986473083496,False
236,33304,121,8.57772445678711,False
236,19425,14,11.909669876098633,False
236,1876,57,9.967289924621582,False
236,86,46,10.314902305603027,False
236,13960,35,10.877653121948242,False
236,13961,36,10.877653121948242,False
236,9952,54,10.129181861877441,False
236,22913,55,10.100010871887207,False
236,3883,70,9.652739524841309,False
236,14266,37,10.87185287475586,False
236,31551,25,11.518610954284668,False
236,19424,16,11.820181846618652,False
237,22882,1,17.927101135253906,False
237,35080,3,17.532695770263672,False
237,35081,4,17.453950881958008,False
237,29384,72,11.048539161682129,False
238,3416,4,14.522170066833496,False
238,20120,3,14.586555480957031,False
238,9628,21,13.753375053405762,False
238,9644,2,14.849298477172852,False
238,10294,15,13.865050315856934,False
238,9649,8,14.27841567993164,False
238,28690,69,12.595458984375,False
238,31352,35,13.49624252319336,False
238,20121,42,13.394241333007812,False
238,203,7,14.41000747680664,False
238,9633,43,13.364657402038574,False
238,1170,39,13.421319961547852,False
238,4157,26,13.655267715454102,False
238,20128,44,13.351760864257812,False
238,567,6,14.427620887756348,False
238,23598,52,13.054586410522461,False
238,7196,73,12.42103385925293,False
238,20126,18,13.847933769226074,False
238,9631,22,13.750755310058594,False
238,3259,1,15.074918746948242,False
238,20127,20,13.762203216552734,False
238,9325,12,14.054905891418457,False
238,20122,61,12.823020935058594,False
238,9028,17,13.858002662658691,False
238,16526,5,14.494722366333008,False
238,3607,30,13.623641014099121,False
238,9648,58,12.906706809997559,False
238,1881,50,13.103635787963867,False
238,1883,24,13.708250045776367,False
238,1882,41,13.413393020629883,False
238,9635,45,13.28268051147461,False
238,9637,13,14.011185646057129,False
238,23601,60,12.868598937988281,False
238,8273,32,13.559865951538086,False
238,27401,86,12.029674530029297,False
238,34918,78,12.277461051940918,False
238,16529,10,14.189373970031738,False
238,200,108,11.502935409545898,False
238,27871,154,10.680451393127441,False
238,23603,46,13.205099105834961,False
238,9634,122,11.209548950195312,False
238,23600,62,12.788833618164062,False
238,9626,57,12.906750679016113,False
238,14475,212,10.022037506103516,False
238,20623,1155,7.0882368087768555,False
238,38655,19,13.79814624786377,False
238,39162,74,12.41430950164795,False
238,30768,31,13.565389633178711,False
238,38233,28,13.641284942626953,False
238,9646,29,13.626368522644043,False
238,38762,132,11.022429466247559,False
238,8305,40,13.418170928955078,False
238,20039,135,10.95219612121582,False
238,30764,2715,4.996587753295898,False
239,10094,25,14.501863479614258,False
239,26578,110,13.675748825073242,False
239,26591,137,13.518346786499023,False
239,22225,109,13.677779197692871,False
239,37925,177,12.435443878173828,False
239,22645,87,13.88846206665039,False
239,11522,181,12.362706184387207,False
239,22693,163,12.95372200012207,False
239,22696,641,9.860392570495605,False
239,10160,88,13.884984970092773,False
239,17360,155,13.14849853515625,False
239,17530,80,13.957033157348633,False
239,37888,59,14.134483337402344,False
239,26561,546,10.15302848815918,False
239,28232,140,13.487030029296875,False
239,31011,106,13.687460899353027,False
239,10124,23,14.508296966552734,False
239,10119,32,14.395990371704102,False
239,1593,132,13.545621871948242,False
239,30290,458,10.361032485961914,False
239,28220,50,14.21290397644043,False
239,21821,100,13.728570938110352,False
239,21823,121,13.606969833374023,False
239,37673,113,13.649478912353516,False
239,37679,124,13.583850860595703,False
239,37672,73,14.029773712158203,False
239,23150,11,14.670395851135254,False
239,21532,127,13.570988655090332,False
239,22718,161,13.035141944885254,False
239,25817,37,14.342499732971191,False
239,21826,120,13.61500358581543,False
239,2337,18,14.531139373779297,False
239,2335,52,14.192028999328613,False
239,37887,103,13.717264175415039,False
239,17531,62,14.116565704345703,False
239,10093,21,14.515156745910645,False
239,37890,166,12.903717041015625,False
239,28223,20,14.519619941711426,False
239,22255,96,13.807052612304688,False
239,21524,366,10.581293106079102,False
239,22705,197,11.8668212890625,False
239,24965,63,14.112342834472656,False
239,17536,175,12.596111297607422,False
239,26560,115,13.64477252960205,False
239,26557,412,10.454717636108398,False
239,8189,102,13.719253540039062,False
239,17363,58,14.145308494567871,False
239,26603,157,13.13906478881836,False
239,26597,152,13.225252151489258,False
239,20772,5,14.805643081665039,False
239,37896,55,14.168275833129883,False
239,21507,395,10.485883712768555,False
239,20786,85,13.898111343383789,False
239,25805,82,13.90959358215332,False
239,37924,104,13.709467887878418,False
239,29814,111,13.670431137084961,False
239,24968,398,10.483787536621094,False
239,10154,94,13.820368766784668,False
239,10106,142,13.441120147705078,False
239,25867,30,14.420337677001953,False
239,17362,2,15.065624237060547,False
239,21825,134,13.54306697845459,False
239,2358,47,14.247795104980469,False
239,6588,250,11.12399673461914,False
239,24966,42,14.272894859313965,False
239,37891,79,13.957193374633789,False
239,37919,68,14.060145378112793,False
239,10222,54,14.170104026794434,False
239,22708,169,12.817588806152344,False
239,17534,75,13.998796463012695,False
239,37908,57,14.156356811523438,False
239,9957,17,14.54755687713623,False
239,6591,46,14.248490333557129,False
239,38780,188,12.081517219543457,False
239,278,31,14.399545669555664,False
239,10159,148,13.30337142944336,False
239,6428,65,14.099529266357422,False
239,19714,159,13.051290512084961,False
239,19633,97,13.789725303649902,False
239,1678,144,13.415246963500977,False
239,24964,77,13.984867095947266,False
239,34489,547,10.147600173950195,False
239,10173,45,14.262185096740723,False
239,10118,19,14.524402618408203,False
239,6590,156,13.139660835266113,False
239,10150,450,10.381240844726562,False
239,5232,105,13.698246955871582,False
239,6431,145,13.380303382873535,False
239,17532,67,14.074588775634766,False
239,10189,8,14.779268264770508,False
239,13893,1,15.143020629882812,False
239,38226,531,10.18587875366211,False
239,10091,108,13.679648399353027,False
239,26569,92,13.82951545715332,False
239,25820,139,13.488649368286133,False
239,30293,429,10.425166130065918,False
239,19716,35,14.367181777954102,False
239,19713,16,14.552249908447266,False
239,19729,22,14.509215354919434,False
239,11459,76,13.986137390136719,False
239,3951,99,13.777874946594238,False
239,19709,41,14.282828330993652,False
239,30295,445,10.387655258178711,False
239,30288,461,10.355725288391113,False
239,277,763,9.466381072998047,False
239,6430,440,10.406576156616211,False
239,26589,78,13.978299140930176,False
239,2939,90,13.85029411315918,False
239,21108,95,13.812744140625,False
239,38206,39,14.319114685058594,False
239,21531,167,12.85292911529541,False
239,3057,119,13.615656852722168,False
239,17533,86,13.89765739440918,False
239,19717,9,14.765827178955078,False
239,19724,153,13.160856246948242,False
239,23302,51,14.205289840698242,False
239,23259,6,14.799065589904785,False
239,30471,168,12.845975875854492,False
239,3950,126,13.58010482788086,False
239,27490,40,14.313316345214844,False
239,13895,27,14.445611953735352,False
239,23314,49,14.21451187133789,False
239,10184,147,13.309101104736328,False
239,10174,69,14.046874046325684,False
239,20004,162,13.011419296264648,False
239,13896,15,14.552249908447266,False
239,35916,112,13.662114143371582,False
239,37676,116,13.632996559143066,False
239,10163,143,13.421786308288574,False
239,22427,7,14.791616439819336,False
239,10125,10,14.706998825073242,False
239,22454,131,13.547757148742676,False
239,9840,101,13.720390319824219,False
239,2334,48,14.232232093811035,False
239,39484,150,13.29036808013916,False
239,10199,91,13.844215393066406,False
239,19721,154,13.1485595703125,False
239,10153,135,13.542943000793457,False
239,19727,160,13.051290512084961,False
239,39483,93,13.825590133666992,False
239,11441,239,11.283156394958496,False
239,22266,84,13.902546882629395,False
239,19728,26,14.492440223693848,False
239,19734,43,14.272680282592773,False
239,8925,60,14.12367057800293,False
239,10190,71,14.031922340393066,False
240,13464,22,20.557809829711914,False
240,13465,24,20.37070083618164,False
240,13471,32,19.366239547729492,False
240,18491,17,20.886932373046875,False
240,13581,7,23.936464309692383,False
240,13580,25,20.169443130493164,False
240,13467,23,20.41301727294922,False
240,7116,3,27.51873207092285,False
240,24999,12,22.764135360717773,False
240,7457,4,26.64262580871582,False
240,5678,16,21.385059356689453,False
240,41430,14,21.70702362060547,False
240,37487,33,19.285442352294922,False
240,37488,6,25.607717514038086,False
240,38583,1,31.559667587280273,False
240,22786,5,26.140151977539062,False
240,19430,11,22.904268264770508,False
240,13463,19,20.7863712310791,False
240,9688,10,23.176950454711914,False
240,28024,2,29.994598388671875,False
240,29147,9,23.710159301757812,False
240,13453,31,19.4764461517334,False
240,13579,26,20.105815887451172,False
240,13585,30,19.65406608581543,False
240,13584,27,20.105815887451172,False
240,13586,34,19.26470375061035,False
240,37242,20,20.688451766967773,False
240,13462,18,20.88418197631836,False
240,19426,35,18.739280700683594,False
240,20972,15,21.452871322631836,False
240,13452,28,20.084718704223633,False
240,13457,8,23.88301658630371,False
240,9692,21,20.66009521484375,False
241,24137,55,12.056215286254883,False
241,7581,44,12.210555076599121,False
241,24313,259,10.767080307006836,False
241,7470,213,11.359212875366211,False
241,37135,216,11.347946166992188,False
241,13318,195,11.414813995361328,False
241,13329,179,11.442824363708496,False
241,42959,71,11.910127639770508,False
241,24671,19,13.726012229919434,False
241,40075,227,11.184858322143555,False
241,37138,16,14.210323333740234,False
241,13316,173,11.442824363708496,False
241,34247,104,11.593311309814453,False
241,7580,58,12.047609329223633,False
241,13321,154,11.452192306518555,False
241,13332,201,11.396217346191406,False
241,13350,190,11.442824363708496,False
241,13330,180,11.442824363708496,False
241,7629,245,10.976459503173828,False
241,13325,157,11.452192306518555,False
241,13337,183,11.442824363708496,False
241,13323,175,11.442824363708496,False
241,761,97,11.637519836425781,False
241,30578,18,13.829282760620117,False
241,13324,156,11.452192306518555,False
241,15223,205,11.38663101196289,False
241,13312,151,11.452192306518555,False
241,13340,185,11.442824363708496,False
241,15229,263,10.70544147491455,False
241,19288,7,14.499755859375,False
241,19292,25,12.734548568725586,False
241,19289,14,14.230944633483887,False
241,19293,2,15.753875732421875,False
241,2663,12,14.344952583312988,False
241,15238,207,11.378703117370605,False
241,15228,210,11.367448806762695,False
241,39881,270,10.52666187286377,False
241,15226,229,11.17541217803955,False
241,32849,103,11.593311309814453,False
241,13308,168,11.442824363708496,False
241,13348,188,11.442824363708496,False
241,13344,203,11.396217346191406,False
241,13315,172,11.442824363708496,False
241,13343,186,11.442824363708496,False
241,13327,177,11.442824363708496,False
241,13307,167,11.442824363708496,False
241,13326,176,11.442824363708496,False
241,32850,13,14.309762954711914,False
241,13310,150,11.452192306518555,False
241,26240,101,11.604260444641113,False
241,11149,244,10.980692863464355,False
241,15224,231,11.147168159484863,False
241,13317,152,11.452192306518555,False
241,13277,113,11.528457641601562,False
241,28699,252,10.935336112976074,False
241,29091,257,10.857489585876465,False
241,13314,171,11.442824363708496,False
241,13331,181,11.442824363708496,False
241,13338,184,11.442824363708496,False
241,40569,238,11.051040649414062,False
241,15230,102,11.596694946289062,False
241,13342,161,11.452192306518555,False
241,39884,233,11.1287841796875,False
241,13333,182,11.442824363708496,False
241,13335,159,11.452192306518555,False
241,13341,202,11.396217346191406,False
241,34642,96,11.637993812561035,False
241,13347,162,11.452192306518555,False
241,15247,108,11.580268859863281,False
241,11771,43,12.216402053833008,False
241,33965,193,11.426365852355957,False
241,24588,221,11.304165840148926,False
241,15248,254,10.910845756530762,False
241,758,1,16.597694396972656,False
241,11767,82,11.769720077514648,False
241,33961,249,10.962505340576172,False
241,37236,15,14.216222763061523,False
241,33991,218,11.314542770385742,False
241,33993,46,12.160231590270996,False
241,34632,274,10.2288818359375,False
241,24646,6,14.577242851257324,False
241,36231,264,10.68816089630127,False
241,20856,214,11.357688903808594,False
241,39883,240,11.04483413696289,False
241,15240,269,10.52666187286377,False
241,26274,194,11.420997619628906,False
241,15237,260,10.748891830444336,False
241,34640,275,9.514371871948242,False
241,756,3,15.325242042541504,False
241,2896,258,10.854639053344727,False
241,33985,237,11.05334758758545,False
241,763,119,11.499271392822266,False
241,29174,211,11.367448806762695,False
241,34,239,11.04483413696289,False
241,32184,20,13.588598251342773,False
241,31391,33,12.365689277648926,False
241,32725,91,11.709667205810547,False
241,12489,232,11.137787818908691,False
241,16959,59,12.022859573364258,False
241,33962,99,11.620153427124023,False
241,22498,256,10.861995697021484,False
241,28704,110,11.54675006866455,False
241,26271,225,11.22280502319336,False
241,13322,155,11.452192306518555,False
241,13320,174,11.442824363708496,False
241,5417,95,11.662363052368164,False
241,32848,117,11.51101303100586,False
241,32852,107,11.584105491638184,False
241,13336,200,11.40550708770752,False
241,11768,114,11.520798683166504,False
241,35636,271,10.460286140441895,False
241,15231,118,11.505887031555176,False
241,11770,50,12.0872802734375,False
241,13345,187,11.442824363708496,False
241,13346,204,11.396217346191406,False
241,13334,158,11.452192306518555,False
241,13349,189,11.442824363708496,False
241,9352,196,11.410480499267578,False
241,13309,169,11.442824363708496,False
241,13311,199,11.40550708770752,False
241,35335,86,11.739190101623535,False
241,13328,178,11.442824363708496,False
241,13319,153,11.452192306518555,False
241,13313,170,11.442824363708496,False
241,13339,160,11.452192306518555,False
241,19295,27,12.70296859741211,False
241,13295,141,11.452192306518555,False
241,13296,142,11.452192306518555,False
241,13297,165,11.442824363708496,False
241,13298,143,11.452192306518555,False
241,13299,198,11.40550708770752,False
241,13300,144,11.452192306518555,False
241,13301,145,11.452192306518555,False
241,13302,166,11.442824363708496,False
241,13303,146,11.452192306518555,False
241,13304,147,11.452192306518555,False
241,13305,148,11.452192306518555,False
241,13306,149,11.452192306518555,False
241,9366,247,10.971166610717773,False
241,13278,219,11.313302993774414,False
241,13279,125,11.452192306518555,False
241,13280,126,11.452192306518555,False
241,13281,127,11.452192306518555,False
241,13287,133,11.452192306518555,False
241,13288,134,11.452192306518555,False
241,13289,135,11.452192306518555,False
241,13290,136,11.452192306518555,False
241,13291,137,11.452192306518555,False
242,14579,44,11.433185577392578,False
242,28769,1069,7.017157554626465,False
242,36817,628,8.130847930908203,False
242,20858,119,10.96978759765625,False
242,42807,336,9.796095848083496,False
242,33635,859,7.506567001342773,False
242,25892,677,7.985368728637695,False
242,28675,1156,6.841833114624023,False
242,13227,96,11.07899284362793,False
242,31877,437,9.09738540649414,False
242,13232,361,9.65363597869873,False
242,34254,42,11.45331859588623,False
242,42234,293,10.046384811401367,False
242,39722,520,8.525094032287598,False
242,25887,295,10.003303527832031,False
242,13826,244,10.326925277709961,False
242,32119,38,11.47679328918457,False
242,8645,441,9.056465148925781,False
242,24899,338,9.792806625366211,False
242,41241,638,8.087347984313965,False
242,37816,181,10.606863975524902,False
242,41275,165,10.710569381713867,False
242,11470,247,10.314105033874512,False
242,41276,101,11.052644729614258,False
242,13236,309,9.946903228759766,False
242,33075,621,8.159773826599121,False
242,19161,1378,6.498818397521973,False
242,4043,334,9.802892684936523,False
242,22344,155,10.763713836669922,False
242,1696,381,9.542802810668945,False
242,20794,907,7.385770797729492,False
242,28663,2122,5.278857231140137,False
242,1687,583,8.273519515991211,False
242,366,417,9.271743774414062,False
242,31607,86,11.127931594848633,False
242,26690,339,9.792245864868164,False
242,38825,145,10.82894515991211,False
242,6396,164,10.716827392578125,False
242,1715,301,9.972000122070312,False
242,8380,359,9.661499977111816,False
242,21446,7,12.020427703857422,False
242,6355,34,11.498517990112305,False
242,30124,366,9.628979682922363,False
242,24970,194,10.553586959838867,False
242,24793,746,7.808801651000977,False
242,8902,990,7.196921348571777,False
242,31259,95,11.085180282592773,False
242,5012,378,9.552104949951172,False
242,29546,248,10.309307098388672,False
242,40164,250,10.307273864746094,False
242,12987,333,9.806035995483398,False
242,9309,193,10.554177284240723,False
242,11195,97,11.077425003051758,False
242,2932,23,11.702657699584961,False
242,39666,226,10.397344589233398,False
242,748,1390,6.485489845275879,False
242,27690,933,7.332210540771484,False
242,37691,924,7.347855567932129,False
242,37290,195,10.54925537109375,False
242,19092,801,7.661500930786133,False
242,30796,844,7.545583724975586,False
242,5102,387,9.481630325317383,False
242,29669,2515,4.510523319244385,False
242,29995,306,9.954946517944336,False
242,26337,368,9.618880271911621,False
242,18997,1363,6.520137310028076,False
242,40624,274,10.153339385986328,False
242,378,371,9.604451179504395,False
242,21715,6,12.11471176147461,False
242,38852,202,10.505536079406738,False
242,24318,985,7.220817565917969,False
242,34360,1125,6.897231578826904,False
242,34229,346,9.726402282714844,False
242,28195,62,11.283461570739746,False
242,16689,153,10.773611068725586,False
242,6154,1072,7.0107622146606445,False
242,16753,521,8.521895408630371,False
242,25844,843,7.547860145568848,False
242,25745,536,8.464561462402344,False
242,26963,80,11.152130126953125,False
242,2265,1096,6.937353134155273,False
242,31379,175,10.646759033203125,False
242,42392,940,7.320960998535156,False
242,34983,790,7.686004161834717,False
242,4348,348,9.711668014526367,False
242,28481,123,10.962751388549805,False
242,38663,25,11.623895645141602,False
242,42339,120,10.96929931640625,False
242,31920,14,11.879481315612793,False
242,382,486,8.635665893554688,False
242,7352,152,10.77713394165039,False
242,2665,286,10.088319778442383,False
242,34408,254,10.270386695861816,False
242,42012,162,10.718018531799316,False
242,28247,1075,7.0016584396362305,False
242,35436,47,11.395225524902344,False
242,13001,506,8.563953399658203,False
242,40041,267,10.208503723144531,False
242,29445,17,11.78721809387207,False
242,25356,1559,6.207884788513184,False
242,362,726,7.86904239654541,False
242,5029,201,10.506389617919922,False
242,16845,21,11.711483001708984,False
242,31003,430,9.169949531555176,False
242,38274,135,10.858253479003906,False
242,9299,171,10.664257049560547,False
242,29250,587,8.270206451416016,False
242,30572,141,10.83807373046875,False
242,37294,110,11.007707595825195,False
242,3092,27,11.582967758178711,False
242,33518,440,9.0675630569458,False
242,15526,245,10.32597541809082,False
242,17641,443,9.034950256347656,False
242,16192,238,10.344270706176758,False
242,37820,118,10.971928596496582,False
242,38062,285,10.090051651000977,False
242,24156,199,10.51641845703125,False
242,6682,1368,6.5061750411987305,False
242,31378,136,10.850382804870605,False
242,34092,237,10.345081329345703,False
242,34871,9336,1.836510419845581,False
242,37267,3,12.285263061523438,False
242,37330,173,10.65835952758789,False
242,42158,1356,6.526310920715332,False
242,18477,851,7.522029399871826,False
242,42150,1381,6.497640609741211,False
242,42149,1345,6.540740966796875,False
242,42155,1430,6.427054405212402,False
242,42156,1371,6.504785060882568,False
242,42157,1382,6.497640609741211,False
242,42146,1400,6.4692206382751465,False
242,28531,727,7.864546775817871,False
242,603,964,7.281332015991211,False
242,42152,1354,6.526310920715332,False
242,42154,1355,6.526310920715332,False
242,42148,1409,6.455103874206543,False
242,42153,1370,6.504785060882568,False
242,42151,1393,6.483398914337158,False
242,1230,886,7.438625335693359,False
242,746,185,10.585500717163086,False
242,8384,224,10.40395450592041,False
242,6956,98,11.0734281539917,False
242,18590,227,10.39531135559082,False
242,363,404,9.349737167358398,False
242,14483,43,11.452810287475586,False
242,7479,48,11.391210556030273,False
242,1163,281,10.101262092590332,False
242,14104,233,10.356555938720703,False
242,14105,234,10.356555938720703,False
242,8849,60,11.292259216308594,False
242,42640,203,10.498005867004395,False
242,14529,10,11.981925010681152,False
242,36416,12,11.976167678833008,False
242,14394,90,11.10322380065918,False
242,37817,64,11.263423919677734,False
242,16032,112,10.998153686523438,False
242,31140,72,11.230788230895996,False
242,18092,1200,6.775149822235107,False
242,34273,142,10.83807373046875,False
242,289,308,9.948731422424316,False
242,63,355,9.691429138183594,False
242,6334,325,9.864399909973145,False
242,28380,33,11.501173973083496,False
242,359,214,10.440935134887695,False
242,18093,11,11.976938247680664,False
242,9337,897,7.404050827026367,False
242,3091,264,10.22437858581543,False
242,15528,73,11.220643043518066,False
242,6458,138,10.845808029174805,False
242,18062,273,10.154132843017578,False
242,8388,107,11.016853332519531,False
242,34241,79,11.167084693908691,False
242,18061,115,10.980672836303711,False
242,6335,648,8.0589017868042,False
242,34391,4,12.222707748413086,False
243,11433,146,16.752588272094727,False
243,19668,144,18.117862701416016,False
243,7021,22,26.095539093017578,False
243,8740,1,28.977523803710938,False
243,8747,53,25.173402786254883,False
243,20044,52,25.182018280029297,False
243,32839,49,25.20358657836914,False
243,2214,34,25.753870010375977,False
243,2215,35,25.753870010375977,False
243,2216,36,25.753870010375977,False
243,2217,37,25.753870010375977,False
243,2218,39,25.694561004638672,False
243,19669,107,23.58403968811035,False
243,24692,63,24.863506317138672,False
243,22141,121,22.102474212646484,False
243,25502,114,23.372831344604492,False
243,28055,86,24.37037467956543,False
243,11467,151,16.2656192779541,False
243,22136,196,13.736867904663086,False
243,11145,7,26.93521499633789,False
243,42065,6,27.205615997314453,False
243,29013,77,24.56573486328125,False
243,8789,66,24.829513549804688,False
243,27463,73,24.66780662536621,False
243,27466,28,25.88062286376953,False
243,25510,69,24.755430221557617,False
243,27467,71,24.69149398803711,False
243,8749,112,23.389263153076172,False
243,1601,65,24.834638595581055,False
243,17822,89,24.32400894165039,False
243,42031,75,24.61970329284668,False
243,42036,2,28.71894073486328,False
243,8793,78,24.559789657592773,False
243,34602,32,25.834278106689453,False
243,41840,26,25.963733673095703,False
243,539,85,24.398887634277344,False
243,37670,14,26.70531463623047,False
243,20712,97,24.0910587310791,False
243,20713,111,23.41358757019043,False
243,22771,59,24.95125961303711,False
243,22772,64,24.842247009277344,False
243,29230,101,23.75885772705078,False
243,19665,82,24.458534240722656,False
243,5927,9,26.869611740112305,False
243,42255,68,24.783117294311523,False
243,12478,84,24.40338134765625,False
243,7405,92,24.269933700561523,False
243,41364,110,23.500810623168945,False
243,14415,76,24.614612579345703,False
243,28177,8,26.93312644958496,False
243,28178,48,25.24997329711914,False
243,38416,117,22.868701934814453,False
243,28176,118,22.683292388916016,False
243,26252,11,26.84207534790039,False
243,26253,12,26.84207534790039,False
243,20358,61,24.931068420410156,False
243,8741,15,26.427204132080078,False
243,37828,21,26.155231475830078,False
243,8744,25,25.963733673095703,False
243,19187,58,24.957990646362305,False
243,16078,24,25.994007110595703,False
243,6777,123,21.634366989135742,False
243,16079,29,25.873355865478516,False
243,29122,96,24.098209381103516,False
243,2980,94,24.18334197998047,False
243,42044,54,25.172542572021484,False
243,39676,19,26.289196014404297,False
243,39467,20,26.155574798583984,False
243,39470,57,24.972637176513672,False
243,32366,105,23.610092163085938,False
243,32367,102,23.73467254638672,False
243,20722,60,24.94881820678711,False
243,15335,145,17.972213745117188,False
243,22475,83,24.40793228149414,False
243,22511,41,25.565412521362305,False
243,22474,103,23.695585250854492,False
243,20363,93,24.213390350341797,False
243,20359,70,24.70512580871582,False
243,26175,116,22.918872833251953,False
243,20360,10,26.857839584350586,False
243,4977,80,24.505943298339844,False
243,4978,88,24.341278076171875,False
243,8748,74,24.646785736083984,False
243,5781,46,25.324331283569336,False
243,16081,30,25.873355865478516,False
243,5144,87,24.36429214477539,False
243,28860,106,23.585615158081055,False
243,4976,81,24.476125717163086,False
243,22881,90,24.30469512939453,False
243,28175,119,22.660524368286133,False
243,32006,162,15.655138969421387,False
243,22773,62,24.90752410888672,False
243,16080,33,25.813467025756836,False
243,22421,91,24.27716064453125,False
243,4904,40,25.653072357177734,False
243,8667,31,25.842620849609375,False
243,8743,3,28.5976505279541,False
243,923,5,27.343318939208984,False
243,7137,16,26.400894165039062,False
243,13247,17,26.344160079956055,False
243,27465,23,26.072345733642578,False
243,8790,100,23.963687896728516,False
243,26248,44,25.445011138916016,False
243,28174,55,25.16968536376953,False
243,29695,113,23.37793731689453,False
243,38267,42,25.504316329956055,False
243,8746,56,24.984607696533203,False
243,25497,99,23.96515655517578,False
243,8745,27,25.93353271484375,False
243,24442,18,26.306652069091797,False
243,42230,168,15.506572723388672,False
243,21946,179,15.125033378601074,False
243,26221,132,19.984886169433594,False
243,26223,133,19.984886169433594,False
243,26224,134,19.984886169433594,False
243,18281,183,14.818604469299316,False
243,21936,243,11.647823333740234,False
243,695,202,13.543853759765625,False
243,21947,129,20.213138580322266,False
243,15581,135,19.980396270751953,False
243,13791,130,20.129810333251953,False
243,27433,142,19.338703155517578,False
243,27436,172,15.416057586669922,False
243,27437,140,19.556859970092773,False
243,27438,192,14.179755210876465,False
243,27439,175,15.3471097946167,False
243,27440,198,13.689495086669922,False
243,27442,173,15.416057586669922,False
243,19207,158,15.740047454833984,False
243,19140,156,15.969108581542969,False
243,19141,136,19.866416931152344,False
243,19142,137,19.866416931152344,False
243,19143,157,15.909505844116211,False
243,19144,154,16.15562629699707,False
243,27435,95,24.155559539794922,False
244,26748,177,7.348875999450684,False
244,1281,108,8.094799041748047,False
244,12305,2023,3.77162504196167,False
244,11085,45,10.488685607910156,False
244,7848,7,12.974224090576172,False
244,42383,147,7.6083831787109375,False
244,11084,47,10.442413330078125,False
244,41667,2474,3.217655658721924,False
244,11083,42,10.614188194274902,False
245,36542,20,8.78738021850586,False
245,41061,290,4.230216979980469,False
245,10990,72,6.537736892700195,False
245,15865,117,5.631940841674805,False
245,10531,32,7.809060573577881,False
245,28029,84,6.316125392913818,False
245,32628,19,8.805309295654297,False
245,4454,13,9.437145233154297,False
245,36544,17,8.824670791625977,False
245,4394,3,10.72477912902832,False
245,10030,153,5.044626712799072,False
245,4380,115,5.64457893371582,False
245,4401,109,5.814186096191406,False
245,21585,113,5.67002534866333,False
245,18111,18,8.808698654174805,False
245,2206,159,4.945448875427246,False
245,5036,79,6.412735939025879,False
245,20965,2463,2.4809954166412354,False
245,3531,22,8.592248916625977,False
245,20266,10,9.837187767028809,False
245,7653,15,9.081975936889648,False
245,4382,8520,0.0,True
245,11090,39,7.239436626434326,False
245,18899,36,7.371696472167969,False
245,23579,123,5.520697593688965,False
245,41068,151,5.0547637939453125,False
245,42522,42562,0.0,True
245,2754,8,9.897506713867188,False
245,37520,46,7.096473217010498,False
245,34729,54,6.896202087402344,False
245,30046,30,7.889032363891602,False
245,30048,5,10.130809783935547,False
245,13029,150,5.0547637939453125,False
245,18414,6,9.9710111618042,False
245,3517,86,6.2552995681762695,False
245,31872,21,8.655008316040039,False
245,17814,103,5.859994411468506,False
245,37417,163,4.8783135414123535,False
245,5299,1,11.103992462158203,False
245,15864,107,5.827655792236328,False
245,18130,118,5.606834411621094,False
245,11168,9,9.862342834472656,False
245,5868,42,7.183931350708008,False
245,40295,7,9.909860610961914,False
245,3536,14,9.317976951599121,False
245,5024,12,9.497271537780762,False
245,38138,158,4.964971542358398,False
245,42523,42563,0.0,True
245,3532,38,7.252942085266113,False
245,40758,44,7.157045841217041,False
245,7946,16,8.900254249572754,False
245,24362,62,6.748200416564941,False
245,26721,65,6.694323539733887,False
245,17932,4,10.209390640258789,False
245,9658,170,4.785506725311279,False
245,40807,218,4.502819061279297,False
245,30088,157,4.964971542358398,False
246,21738,21,15.06570816040039,False
246,34591,286,12.43841552734375,False
246,27370,233,13.326796531677246,False
246,21556,12,16.68645477294922,False
246,20430,4,17.586851119995117,False
246,20425,16,15.946306228637695,False
246,34574,9,17.028701782226562,False
246,34585,15,16.387006759643555,False
246,15395,11,16.73487663269043,False
246,20428,2,18.04189682006836,False
246,20429,3,17.801586151123047,False
246,20433,18,15.810848236083984,False
247,25943,17,13.820804595947266,False
247,25940,11,14.208686828613281,False
247,25945,20,13.690805435180664,False
247,25946,19,13.755497932434082,False
247,25947,14,13.95329475402832,False
247,25953,3,15.14560317993164,False
247,25950,13,13.9700345993042,False
247,25949,15,13.936594009399414,False
247,25951,16,13.936594009399414,False
247,25954,26,13.360916137695312,False
247,25955,25,13.39164924621582,False
247,3169,435,6.004028797149658,False
247,12309,5,15.091134071350098,False
247,12310,7,14.722253799438477,False
247,32336,21,13.6262845993042,False
247,12314,4,15.110004425048828,False
247,12313,2,15.165033340454102,False
247,4539,1,15.556426048278809,False
247,35247,332,6.15912389755249,False
247,34743,281,6.235421657562256,False
247,12312,12,14.195775985717773,False
247,3167,493,5.910035133361816,False
247,6323,386,6.09221076965332,False
247,11428,32,12.60113525390625,False
247,25957,37,11.415142059326172,False
247,25959,23,13.531709671020508,False
247,3166,480,5.933256149291992,False
247,39616,28,13.137422561645508,False
247,3176,29,13.048433303833008,False
247,3179,6,14.899553298950195,False
247,25958,10,14.626121520996094,False
247,42139,638,5.666101455688477,False
247,3170,425,6.027995586395264,False
247,3168,494,5.910035133361816,False
247,3177,22,13.623222351074219,False
247,3178,9,14.692750930786133,False
247,4538,8,14.720575332641602,False
247,12311,273,6.252413272857666,False
247,3175,30,13.00440788269043,False
247,3165,465,5.956661224365234,False
248,6734,11,19.231613159179688,False
248,29117,25,17.634647369384766,False
248,29118,20,18.267433166503906,False
248,9527,21,18.22367286682129,False
248,40275,33,14.442919731140137,False
248,40278,24,17.732389450073242,False
248,40277,40282,0.0,True
248,14350,32,14.442919731140137,False
248,23211,23,17.96685791015625,False
248,29119,3,21.08483123779297,False
248,9525,6,20.212024688720703,False
248,9524,14,18.875701904296875,False
248,16398,26,17.203886032104492,False
248,9526,5,20.64228630065918,False
248,16396,22,17.97859001159668,False
248,19056,9,19.498268127441406,False
248,37183,16,18.481931686401367,False
248,37181,17,18.409799575805664,False
248,16399,70,7.6458001136779785,False
248,16395,12,18.928356170654297,False
248,6735,34,14.175281524658203,False
248,18523,36,13.130142211914062,False
248,28074,31,15.402593612670898,False
248,35972,36002,0.0,True
248,25501,18,18.327823638916016,False
248,40276,15,18.506118774414062,False
248,27045,4,20.64992904663086,False
248,37184,28,16.695049285888672,False
248,37185,19,18.290987014770508,False
248,16520,13,18.902891159057617,False
248,16518,2,21.328514099121094,False
248,37182,27,16.889713287353516,False
248,16519,1,21.359577178955078,False
248,16521,37,12.772008895874023,False
248,407,8,19.846515655517578,False
248,404,29,16.570356369018555,False
248,405,7,20.116668701171875,False
248,406,30,15.433669090270996,False
248,9528,10,19.304410934448242,False
249,6979,40,14.22665023803711,False
249,38745,53,13.99492073059082,False
249,3172,101,13.088850021362305,False
249,30681,1317,4.260471343994141,False
249,39972,58,13.933213233947754,False
249,42241,37,14.289230346679688,False
249,17883,79,13.56764030456543,False
249,7968,54,13.982624053955078,False
249,8241,12,14.947369575500488,False
249,3173,41,14.204497337341309,False
249,28881,141,11.119559288024902,False
249,27935,86,13.467596054077148,False
249,27942,111,12.682478904724121,False
249,507,95,13.261528015136719,False
249,31664,130,11.973062515258789,False
249,28879,42,14.201632499694824,False
249,28880,61,13.899765014648438,False
249,28161,114,12.610675811767578,False
249,12243,71,13.628965377807617,False
249,8507,49,14.065058708190918,False
249,29610,126,12.204025268554688,False
249,7963,129,11.992084503173828,False
249,7432,70,13.636314392089844,False
249,40108,62,13.89684009552002,False
249,28164,116,12.465643882751465,False
249,7431,115,12.51485538482666,False
249,22560,92,13.304189682006836,False
249,7976,55,13.958148956298828,False
249,16471,2,15.80541706085205,False
249,16470,1,15.81319808959961,False
249,25674,34,14.3304443359375,False
249,33594,60,13.923927307128906,False
249,4144,59,13.923974990844727,False
249,37833,26,14.415297508239746,False
249,32982,110,12.711907386779785,False
249,16472,108,12.750554084777832,False
249,40161,124,12.22406005859375,False
249,7435,76,13.580405235290527,False
249,1356,35,14.304252624511719,False
249,24944,100,13.129992485046387,False
249,7508,10,14.983858108520508,False
249,442,38,14.269391059875488,False
249,18197,155,10.441139221191406,False
249,7437,67,13.746262550354004,False
249,40234,84,13.489553451538086,False
249,18115,122,12.349973678588867,False
249,2202,134,11.551722526550293,False
249,7434,83,13.498452186584473,False
249,15245,16,14.875106811523438,False
249,35377,44,14.189776420593262,False
249,25498,102,13.086437225341797,False
249,27939,5,15.254281997680664,False
249,14646,29,14.396852493286133,False
249,20811,25,14.437600135803223,False
249,1596,39,14.261418342590332,False
249,39970,105,12.867633819580078,False
249,29692,136,11.521718978881836,False
249,37831,13,14.93138313293457,False
249,38713,8,15.03770923614502,False
249,1807,32,14.341047286987305,False
249,2448,45,14.184433937072754,False
249,23072,142,11.091049194335938,False
249,37832,104,12.955279350280762,False
249,28163,81,13.542450904846191,False
249,7438,87,13.442956924438477,False
249,25792,139,11.320162773132324,False
249,36126,97,13.203871726989746,False
249,27941,11,14.967832565307617,False
249,441,14,14.889533042907715,False
249,8443,17,14.849874496459961,False
249,11178,74,13.625263214111328,False
249,28162,63,13.892423629760742,False
249,38256,52,14.051904678344727,False
249,22104,96,13.221627235412598,False
249,8393,24,14.458924293518066,False
249,7433,94,13.265764236450195,False
249,28407,69,13.671775817871094,False
249,7436,89,13.401640892028809,False
249,14458,85,13.472155570983887,False
249,30122,66,13.748699188232422,False
249,27940,99,13.18386173248291,False
249,22425,93,13.268476486206055,False
249,7390,6,15.227991104125977,False
249,8472,31,14.383787155151367,False
249,39965,119,12.439586639404297,False
249,13002,91,13.308191299438477,False
249,15258,90,13.324396133422852,False
249,30191,51,14.060981750488281,False
249,14460,64,13.809446334838867,False
249,3174,36,14.291266441345215,False
249,11339,132,11.721563339233398,False
249,18298,127,12.134223937988281,False
249,32067,57,13.950421333312988,False
249,2694,68,13.698002815246582,False
249,22309,103,12.965301513671875,False
249,15255,125,12.223788261413574,False
249,30127,78,13.570442199707031,False
249,415,46,14.13222885131836,False
249,417,43,14.196941375732422,False
249,3236,19,14.693684577941895,False
249,33043,118,12.439586639404297,False
249,41242,143,11.023626327514648,False
249,4328,4,15.351181030273438,False
249,18307,56,13.956686973571777,False
249,20275,7,15.143909454345703,False
249,37720,30,14.388386726379395,False
249,37723,28,14.40007209777832,False
249,11393,109,12.726550102233887,False
249,37717,123,12.307286262512207,False
249,8885,88,13.42939281463623,False
249,38718,82,13.513724327087402,False
249,29177,27,14.414199829101562,False
249,39434,15,14.882771492004395,False
249,37145,3,15.450660705566406,False
249,14683,9,14.991007804870605,False
249,38717,75,13.580913543701172,False
249,31467,50,14.064370155334473,False
249,25625,131,11.72675609588623,False
249,866,33,14.333934783935547,False
249,21958,158,10.394140243530273,False
249,36590,190,8.295660018920898,False
249,21884,140,11.209092140197754,False
249,22787,156,10.430541038513184,False
249,15613,153,10.479169845581055,False
250,38448,1947,3.892409086227417,False
250,15513,2694,3.164856433868408,False
250,16503,732,5.2905988693237305,False
250,4139,77,8.08428955078125,False
250,7205,55,8.674886703491211,False
250,40622,79,8.047840118408203,False
250,4843,218,6.2665510177612305,False
250,5222,109,6.919268608093262,False
250,5223,85,7.762173175811768,False
250,4116,80,8.036116600036621,False
250,766,38,9.126302719116211,False
250,1772,91,7.498180389404297,False
250,5204,63,8.331074714660645,False
250,2598,103,7.102756977081299,False
250,36099,1135,4.754477024078369,False
250,4864,47,8.829862594604492,False
250,28712,76,8.111635208129883,False
250,24285,27,9.622934341430664,False
250,1826,66,8.296592712402344,False
250,22926,65,8.302716255187988,False
250,22925,804,5.171158790588379,False
250,24320,35,9.282312393188477,False
250,8125,551,5.608739852905273,False
250,10858,50,8.767106056213379,False
250,11836,528,5.636325836181641,False
250,7236,74,8.138721466064453,False
250,13698,41,9.001800537109375,False
250,28713,120,6.745021820068359,False
250,10857,60,8.498037338256836,False
250,38958,21,9.800759315490723,False
250,7220,87,7.571115016937256,False
250,7221,59,8.543389320373535,False
250,4190,72,8.150904655456543,False
250,2548,96,7.311590194702148,False
250,4863,4,10.873153686523438,False
250,42658,11,10.617088317871094,False
250,42657,7,10.682487487792969,False
250,4621,150,6.504769325256348,False
250,37603,30,9.392212867736816,False
250,21830,2,11.52396011352539,False
250,778,1,11.767739295959473,False
250,40642,121,6.743716239929199,False
250,4862,10,10.670716285705566,False
250,15514,2747,3.0904061794281006,False
250,18959,33,9.30023193359375,False
250,11668,2758,3.0738863945007324,False
250,40102,16,9.926351547241211,False
250,15501,32,9.305513381958008,False
250,10884,49,8.783605575561523,False
250,3356,12,10.53380012512207,False
250,5224,223,6.24882698059082,False
250,3377,83,7.939215660095215,False
250,12384,15,10.03538703918457,False
250,42375,43,8.912839889526367,False
250,40122,6,10.789809226989746,False
250,21655,117,6.7723541259765625,False
250,4098,9,10.671712875366211,False
250,31238,73,8.141353607177734,False
250,31635,94,7.336210250854492,False
250,28771,54,8.683191299438477,False
250,40623,102,7.140628814697266,False
250,22864,1186,4.700112342834473,False
250,8339,14,10.220651626586914,False
250,15468,78,8.049983024597168,False
250,39611,51,8.767106056213379,False
250,22915,61,8.38076400756836,False
250,34800,25,9.707257270812988,False
250,35224,18,9.863578796386719,False
250,38965,48,8.78390121459961,False
250,21693,3,10.8917236328125,False
250,18133,5,10.85077953338623,False
250,25526,46,8.8652925491333,False
250,1779,880,5.0583295822143555,False
250,31540,39,9.09494686126709,False
250,4172,26,9.624194145202637,False
250,772,82,7.955716133117676,False
250,31569,92,7.428289413452148,False
250,29504,13,10.431280136108398,False
250,4860,2263,3.6181039810180664,False
250,22339,40,9.056982040405273,False
250,4861,71,8.15344524383545,False
250,31030,8,10.673439979553223,False
250,29917,20,9.840816497802734,False
250,29169,104,7.102756977081299,False
250,31941,28,9.606585502624512,False
250,4858,19,9.845696449279785,False
250,39627,44,8.880815505981445,False
250,4841,22,9.800116539001465,False
250,4857,101,7.174875259399414,False
250,40663,37,9.13606071472168,False
250,24284,42,8.918914794921875,False
250,24993,31,9.335773468017578,False
250,28170,99,7.204653739929199,False
250,18446,1935,3.90488862991333,False
250,25247,1433,4.431811809539795,False
250,12098,1117,4.7683515548706055,False
251,19926,466,4.687106609344482,False
251,40104,910,4.561294078826904,False
251,13819,880,4.570880889892578,False
251,859,1614,4.178561210632324,False
251,2502,1694,3.9074106216430664,False
251,23617,4,11.435545921325684,False
251,15914,1469,4.362513065338135,False
251,15987,9,10.878398895263672,False
251,26536,1606,4.198267459869385,False
251,33081,24,9.866141319274902,False
251,6646,1827,3.4946837425231934,False
251,25827,1497,4.340746879577637,False
251,33082,25,9.856775283813477,False
251,15383,13,10.42770004272461,False
251,2554,1713,3.8425798416137695,False
251,26539,10,10.852174758911133,False
251,15962,119,5.889716148376465,False
251,12104,1424,4.394349575042725,False
251,15965,1759,3.691802740097046,False
251,17478,1868,3.4270594120025635,False
251,28980,1765,3.678271770477295,False
251,15984,49,8.858444213867188,False
251,33083,26,9.856775283813477,False
251,18753,1701,3.892256259918213,False
251,25937,129,5.410910129547119,False
251,33084,22,9.884926795959473,False
251,26440,1667,3.970560073852539,False
251,18751,1696,3.9074106216430664,False
251,28829,1652,4.059793949127197,False
251,11397,67,7.438939571380615,False
251,6260,1732,3.777911901473999,False
251,11396,71,7.391280651092529,False
251,11400,72,7.375529766082764,False
251,17477,1611,4.1955718994140625,False
251,42198,1198,4.479341506958008,False
251,30296,1714,3.8425798416137695,False
251,19116,7,11.182599067687988,False
251,32644,1708,3.8672585487365723,False
251,7473,1597,4.22181510925293,False
251,6255,1687,3.935955047607422,False
251,6256,1743,3.737269163131714,False
251,6262,51,8.760156631469727,False
251,29670,1660,4.006197452545166,False
251,15798,1460,4.3688435554504395,False
251,36424,1733,3.7703986167907715,False
251,42864,1645,4.082245349884033,False
251,29102,2378,2.763965129852295,False
251,594,1723,3.8182144165039062,False
251,27609,1730,3.7893803119659424,False
251,28465,1703,3.885164499282837,False
251,15947,18272,0.0,True
251,14584,1,15.383272171020508,False
251,14585,2,15.329008102416992,False
251,6261,1879,3.4038121700286865,False
251,38027,35,9.306543350219727,False
251,16999,2031,3.106149911880493,False
251,17480,1846,3.4705138206481934,False
251,17481,1634,4.111538887023926,False
251,32792,1644,4.082245349884033,False
251,16299,1654,4.049302577972412,False
251,26286,42,8.973170280456543,False
251,26285,45,8.909421920776367,False
251,26282,41,8.973170280456543,False
251,32791,1700,3.897294521331787,False
251,15748,1380,4.4128522872924805,False
251,25961,23,9.87354850769043,False
251,5929,1681,3.9432337284088135,False
251,24,1763,3.6827712059020996,False
251,2766,1463,4.365925312042236,False
251,6257,1747,3.721869468688965,False
251,17479,1845,3.4705138206481934,False
251,15916,1619,4.1646199226379395,False
251,7542,1528,4.319985866546631,False
251,31400,1686,3.9380762577056885,False
251,9650,2333,2.805168628692627,False
251,15952,1772,3.629495620727539,False
251,31393,1869,3.424081325531006,False
251,18752,2068,3.0557096004486084,False
251,26537,1870,3.4231629371643066,False
251,30582,2401,2.7538528442382812,False
251,14303,16794,0.0,True
251,28936,3,12.114615440368652,False
251,28983,30232,0.0,True
251,1671,1966,3.2190659046173096,False
251,14304,16795,0.0,True
251,18755,1663,3.990269184112549,False
251,15940,2338,2.7999515533447266,False
251,28828,2480,2.70924711227417,False
251,15944,2289,2.842243194580078,False
251,8562,1922,3.3111112117767334,False
252,1794,1639,6.362790584564209,False
252,12756,131,9.826258659362793,False
252,12755,534,8.94963264465332,False
252,11471,250,9.505539894104004,False
252,11059,121,9.861807823181152,False
252,42465,742,8.684855461120605,False
252,727,128,9.832159996032715,False
252,41407,104,9.917913436889648,False
252,11117,90,9.952447891235352,False
252,30382,173,9.716262817382812,False
252,29240,233,9.547825813293457,False
252,2838,1199,7.827315807342529,False
252,35740,357,9.231922149658203,False
252,40865,151,9.764779090881348,False
252,14888,654,8.793893814086914,False
252,14887,762,8.647380828857422,False
252,35293,850,8.534228324890137,False
252,29243,359,9.231389999389648,False
252,29244,385,9.183857917785645,False
252,40535,294,9.384445190429688,False
252,41661,586,8.873353004455566,False
252,385,257,9.487565994262695,False
252,1346,547,8.934654235839844,False
252,24567,28,10.28239631652832,False
252,13710,183,9.679810523986816,False
252,21153,790,8.608222961425781,False
252,22563,634,8.817634582519531,False
252,29673,11,10.496076583862305,False
252,22537,858,8.517960548400879,False
252,29185,1453,6.903297424316406,False
252,42228,389,9.179525375366211,False
252,14273,4,10.767678260803223,False
252,10022,557,8.91129207611084,False
252,6533,236,9.542701721191406,False
252,30327,431,9.099540710449219,False
252,22286,437,9.092909812927246,False
252,21715,100,9.928863525390625,False
252,40619,445,9.081015586853027,False
252,26759,668,8.780128479003906,False
252,25997,904,8.445521354675293,False
252,20860,98,9.932550430297852,False
252,23936,238,9.53876781463623,False
252,29642,476,9.035136222839355,False
252,42392,607,8.84697437286377,False
252,33223,1528,6.629786014556885,False
252,19556,574,8.891027450561523,False
252,5483,645,8.808847427368164,False
252,16795,1201,7.818756580352783,False
252,36061,980,8.33089828491211,False
252,39125,43,10.19704532623291,False
252,39124,174,9.715750694274902,False
252,13852,18,10.454374313354492,False
252,9191,122,9.856948852539062,False
252,728,106,9.910614013671875,False
252,17791,89,9.96276569366455,False
252,1589,331,9.28630542755127,False
252,8136,144,9.7811279296875,False
252,37098,82,10.002392768859863,False
252,35061,194,9.637410163879395,False
252,17880,79,10.006677627563477,False
252,22777,145,9.778196334838867,False
252,7406,1171,7.921993255615234,False
252,9299,1128,8.023332595825195,False
252,29178,1147,7.986614227294922,False
252,6519,147,9.771734237670898,False
252,36060,313,9.330997467041016,False
252,42386,753,8.666678428649902,False
252,30975,752,8.669546127319336,False
252,40478,1250,7.6598358154296875,False
252,40041,260,9.48682689666748,False
252,37691,892,8.460243225097656,False
252,24793,315,9.325227737426758,False
252,30796,1422,7.011554718017578,False
252,31920,176,9.707457542419434,False
252,29250,1084,8.130658149719238,False
252,13547,697,8.743027687072754,False
252,32917,1198,7.835893154144287,False
252,36064,651,8.795999526977539,False
252,6886,905,8.444101333618164,False
252,19977,759,8.655747413635254,False
252,18997,729,8.705141067504883,False
252,42012,1267,7.586918354034424,False
252,37946,118,9.869790077209473,False
252,2419,952,8.370243072509766,False
252,17643,834,8.55234432220459,False
252,28663,945,8.378841400146484,False
252,31877,245,9.521371841430664,False
252,8645,259,9.48703670501709,False
252,19161,1114,8.06617259979248,False
252,30124,1304,7.476363658905029,False
252,29546,5,10.695035934448242,False
252,28247,13,10.477128982543945,False
252,4043,638,8.816137313842773,False
252,24899,191,9.643749237060547,False
252,8902,510,8.977784156799316,False
252,11470,684,8.759340286254883,False
252,29995,685,8.756117820739746,False
252,4307,155,9.754986763000488,False
252,826,204,9.614794731140137,False
252,16207,139,9.799971580505371,False
253,27221,4,14.733759880065918,False
253,21532,157,10.506092071533203,False
253,23146,123,10.763742446899414,False
253,21526,11,12.237125396728516,False
253,21531,99,10.91744327545166,False
254,33631,57,9.440505981445312,False
254,37635,1737,5.236816883087158,False
254,10719,1336,5.688615798950195,False
254,19559,5404,2.918008804321289,False
254,25789,49,9.482112884521484,False
254,29930,743,6.30401611328125,False
254,2838,1205,5.827755451202393,False
254,26351,64,9.317251205444336,False
254,42234,1005,6.033622741699219,False
254,1587,1975,4.852682590484619,False
254,22566,1937,4.924026012420654,False
254,22531,6494,2.6180479526519775,False
254,22536,718,6.34025239944458,False
254,22554,1643,5.3584113121032715,False
254,29587,826,6.206488132476807,False
254,40865,1253,5.786128997802734,False
254,35739,4779,3.0823495388031006,False
254,18800,670,6.4088664054870605,False
254,19164,5716,2.834409713745117,False
254,4960,1751,5.222012519836426,False
254,4957,1735,5.236816883087158,False
254,29585,1187,5.846945285797119,False
254,22556,1813,5.132992267608643,False
254,13710,3644,3.372873067855835,False
254,5485,4965,3.0350699424743652,False
254,40536,355,6.875323295593262,False
254,35773,2003,4.802507400512695,False
254,1117,1696,5.289324760437012,False
254,22121,603,6.494040012359619,False
254,19641,2848,3.642087459564209,False
254,8850,854,6.175501823425293,False
254,8802,5035,3.013734817504883,False
254,8803,1481,5.548693656921387,False
254,40546,1230,5.808706283569336,False
254,19453,806,6.233104705810547,False
254,22537,2150,4.457752704620361,False
254,19159,78,9.176982879638672,False
254,14803,386,6.815652847290039,False
254,22530,1771,5.189786434173584,False
254,19362,145,8.323831558227539,False
254,42697,6141,2.720496654510498,False
254,42802,1376,5.6548967361450195,False
254,10022,6201,2.7033419609069824,False
254,27718,1201,5.829829216003418,False
254,1163,1725,5.251708030700684,False
254,19273,133,8.499211311340332,False
254,585,154,8.11258316040039,False
254,8843,1552,5.469979763031006,False
254,21715,241,7.275811195373535,False
254,1164,1461,5.568767547607422,False
254,1691,492,6.664642333984375,False
254,42992,2073,4.658207893371582,False
254,20407,5877,2.7943811416625977,False
254,26759,719,6.339392185211182,False
254,8849,862,6.16802978515625,False
254,31689,42,9.516674041748047,False
254,8838,853,6.175501823425293,False
254,5484,4989,3.0279247760772705,False
254,28676,1051,5.988472938537598,False
254,18979,2518,3.8409342765808105,False
254,40402,2144,4.489920616149902,False
254,20860,841,6.186653137207031,False
254,23936,1810,5.140219211578369,False
254,5481,1956,4.888302326202393,False
254,34952,932,6.096424102783203,False
254,36387,1969,4.8653154373168945,False
254,1151,1021,6.0123291015625,False
254,2957,1149,5.883305072784424,False
254,16753,1910,4.980963230133057,False
254,25844,6664,2.565819025039673,False
254,16591,1728,5.244251251220703,False
254,20403,892,6.138435363769531,False
254,29642,4643,3.1131432056427,False
254,40986,160,8.053875923156738,False
254,1150,278,7.1240997314453125,False
254,4743,640,6.442108154296875,False
254,4348,1377,5.654084205627441,False
254,1541,1821,5.126095771789551,False
254,33223,8185,2.184494972229004,False
254,40080,1464,5.563712120056152,False
254,492,1209,5.825159072875977,False
254,42343,1125,5.910333633422852,False
254,19160,76,9.186431884765625,False
254,4946,1852,5.071658134460449,False
254,41768,689,6.380655288696289,False
254,19272,187,7.704395294189453,False
254,22564,478,6.681296348571777,False
254,29971,1896,5.007386684417725,False
254,22777,92,8.9063138961792,False
254,13001,973,6.058553695678711,False
254,13000,1012,6.028308391571045,False
254,22540,436,6.741259574890137,False
254,24677,1388,5.643896102905273,False
254,16538,1386,5.646283149719238,False
254,7406,2364,4.074405193328857,False
254,14643,763,6.285041332244873,False
254,17197,6019,2.755467414855957,False
254,37277,417,6.764100551605225,False
254,37864,201,7.55670690536499,False
254,16890,4451,3.16420316696167,False
254,26977,4426,3.1720073223114014,False
254,29178,171,7.918492794036865,False
254,3096,1903,4.996426582336426,False
254,8427,1,11.30262565612793,False
254,4971,1746,5.229403495788574,False
254,14607,5387,2.9213225841522217,False
254,37940,815,6.223511695861816,False
254,19243,2763,3.6873350143432617,False
254,30975,130,8.526389122009277,False
254,42012,1351,5.674572944641113,False
254,37946,1026,6.007740020751953,False
254,29626,2050,4.705304145812988,False
254,17643,1839,5.0996012687683105,False
254,28663,6103,2.7320547103881836,False
254,11472,4369,3.1877312660217285,False
254,33007,934,6.094712257385254,False
254,18009,5580,2.8723907470703125,False
254,4747,909,6.115653991699219,False
254,8645,1692,5.295580863952637,False
254,30124,1432,5.603512763977051,False
254,28247,2833,3.6489763259887695,False
254,11470,147,8.240979194641113,False
254,29995,735,6.322980880737305,False
254,31003,150,8.21926498413086,False
254,36817,1546,5.480524063110352,False
254,13227,1101,5.929745674133301,False
254,34983,4732,3.0934700965881348,False
254,5029,620,6.467759132385254,False
254,36064,1391,5.636847496032715,False
254,6886,247,7.2380242347717285,False
254,19977,779,6.260858535766602,False
255,37769,74,9.978103637695312,False
255,37768,51,10.43553638458252,False
255,37778,30,10.946121215820312,False
255,37782,41,10.688117980957031,False
255,22568,116,9.29721450805664,False
255,22569,107,9.449494361877441,False
255,8086,16,11.228442192077637,False
255,8858,136,8.76926040649414,False
255,37765,103,9.512391090393066,False
255,8857,145,8.70992660522461,False
255,1001,140,8.749175071716309,False
255,22579,156,8.54442310333252,False
255,21865,6,11.661819458007812,False
255,18124,152,8.581409454345703,False
255,26462,108,9.446144104003906,False
255,22140,126,8.912109375,False
255,292,32,10.882292747497559,False
255,13230,40,10.703521728515625,False
255,1929,38,10.774840354919434,False
255,5780,31,10.945036888122559,False
255,37779,60,10.23094367980957,False
255,37780,62,10.20809555053711,False
255,37781,67,10.155213356018066,False
255,22580,174,8.27092456817627,False
255,34617,3281,3.7085676193237305,False
255,42138,175,8.246319770812988,False
255,20051,96,9.57157039642334,False
255,2879,83,9.843860626220703,False
255,42064,7559,2.6804511547088623,False
255,35819,135,8.80013370513916,False
255,20866,100,9.528578758239746,False
255,1114,29,10.962240219116211,False
255,2880,76,9.963321685791016,False
255,6976,161,8.485448837280273,False
255,16633,2250,4.327730655670166,False
255,22149,148,8.669801712036133,False
255,36838,158,8.50922966003418,False
255,20868,200,7.9383344650268555,False
255,14108,2363,4.1934332847595215,False
255,39064,23,11.064194679260254,False
255,5252,10,11.477445602416992,False
255,39065,36,10.820230484008789,False
255,17913,46,10.568653106689453,False
255,33538,7,11.639619827270508,False
255,13769,24,11.056957244873047,False
255,37764,106,9.450186729431152,False
255,2884,119,9.096405029296875,False
255,6065,1263,5.313650131225586,False
255,5300,92,9.64957046508789,False
255,37777,75,9.976715087890625,False
255,37756,65,10.158868789672852,False
255,42381,66,10.158720016479492,False
255,20867,225,7.692622184753418,False
255,2885,111,9.41496753692627,False
255,38316,157,8.514219284057617,False
255,1147,98,9.54369068145752,False
255,33411,64,10.160271644592285,False
255,6941,68,10.128949165344238,False
255,22573,94,9.610308647155762,False
255,19145,3,12.204323768615723,False
255,2882,112,9.407583236694336,False
255,33300,39,10.750846862792969,False
255,37758,37,10.814913749694824,False
255,37757,27,11.008057594299316,False
255,37759,26,11.018730163574219,False
255,20854,56,10.2958345413208,False
255,18083,185,8.13353443145752,False
255,36837,179,8.210443496704102,False
255,2881,97,9.567727088928223,False
255,33298,49,10.467281341552734,False
255,2680,12,11.372371673583984,False
255,8085,167,8.388142585754395,False
255,37753,57,10.276007652282715,False
255,37754,52,10.425934791564941,False
255,29569,104,9.498414993286133,False
255,19130,838,5.693291664123535,False
255,4315,19,11.175445556640625,False
255,21567,9,11.534882545471191,False
255,665,105,9.465676307678223,False
255,664,109,9.445535659790039,False
255,9587,178,8.21788215637207,False
255,18278,73,9.983830451965332,False
255,6974,90,9.71496295928955,False
255,41138,81,9.872848510742188,False
255,28557,89,9.727444648742676,False
255,22147,138,8.766754150390625,False
255,38001,22,11.077154159545898,False
255,9588,114,9.34775447845459,False
255,19501,93,9.633764266967773,False
255,4059,154,8.553295135498047,False
255,2411,91,9.655340194702148,False
255,41979,47,10.524930953979492,False
255,5352,8,11.576746940612793,False
255,39475,69,10.101824760437012,False
255,24212,79,9.884549140930176,False
255,21386,5,11.746575355529785,False
255,19502,54,10.326395988464355,False
255,19504,70,10.067605972290039,False
255,29134,42,10.673133850097656,False
255,9612,14,11.246543884277344,False
255,19983,4,11.894268989562988,False
255,13848,35,10.8422212600708,False
255,9611,110,9.432940483093262,False
255,13771,77,9.931229591369629,False
255,19211,1,12.439687728881836,False
255,26256,150,8.623815536499023,False
255,20953,50,10.444672584533691,False
256,8822,50,13.331354141235352,False
256,20617,15,15.071102142333984,False
256,18825,135,12.060709953308105,False
256,27321,57,13.221426010131836,False
256,18896,36,13.705659866333008,False
256,17164,20,14.665125846862793,False
256,18902,88,12.701332092285156,False
256,18903,79,12.785374641418457,False
256,22357,202,10.282896041870117,False
256,2806,44,13.417037010192871,False
256,38530,3,19.913902282714844,False
256,13246,192,10.681886672973633,False
256,18833,174,11.205134391784668,False
256,33590,167,11.412883758544922,False
256,18821,185,10.938236236572266,False
256,8476,18,14.876523971557617,False
256,18611,17,14.984938621520996,False
256,19183,139,12.023883819580078,False
256,27306,2,20.21327018737793,False
256,18846,220,9.469545364379883,False
256,10078,100,12.467061996459961,False
256,27331,4,19.687103271484375,False
256,18845,6,18.520910263061523,False
256,10075,53,13.303865432739258,False
256,36080,172,11.265254974365234,False
256,8894,71,12.87758731842041,False
256,8897,146,11.818769454956055,False
256,38504,176,11.133804321289062,False
256,38503,82,12.754234313964844,False
256,20335,90,12.682132720947266,False
256,25338,98,12.48813247680664,False
256,25336,112,12.375387191772461,False
256,25335,105,12.426383018493652,False
256,27325,58,13.199705123901367,False
256,27304,7,18.021530151367188,False
256,18806,281,8.31245231628418,False
256,18807,1,20.604433059692383,False
256,10077,160,11.547237396240234,False
256,8464,10,16.610733032226562,False
256,1263,156,11.654338836669922,False
256,38511,32,13.796112060546875,False
256,25337,106,12.426383018493652,False
256,25334,108,12.405933380126953,False
256,27330,9,17.343467712402344,False
256,6489,12,15.342782974243164,False
256,2814,159,11.565864562988281,False
256,1283,69,12.93541145324707,False
256,21665,109,12.396248817443848,False
256,34531,151,11.736692428588867,False
256,14352,130,12.173630714416504,False
256,9004,94,12.550725936889648,False
256,18840,122,12.227811813354492,False
256,32269,164,11.454411506652832,False
256,8824,27,14.014493942260742,False
256,38482,24,14.179134368896484,False
256,42062,110,12.393341064453125,False
256,38426,11,15.954536437988281,False
256,26168,118,12.287710189819336,False
256,16848,148,11.786653518676758,False
256,27307,5,19.20327377319336,False
256,28519,25,14.116777420043945,False
256,38430,75,12.852042198181152,False
256,27326,107,12.417519569396973,False
256,6688,54,13.27724552154541,False
256,39853,38,13.639562606811523,False
256,10854,66,12.979841232299805,False
256,15666,84,12.752827644348145,False
256,18894,147,11.817251205444336,False
257,19753,2,15.990130424499512,False
257,25649,82,14.828044891357422,False
257,17336,14,15.510194778442383,False
257,1106,28,15.32940673828125,False
257,14537,133,14.28806209564209,False
257,16624,141,14.117469787597656,False
257,16637,99,14.662954330444336,False
257,17940,116,14.451218605041504,False
257,24721,65,15.033088684082031,False
257,15811,171,13.52590274810791,False
257,23756,106,14.58538818359375,False
257,11640,109,14.545832633972168,False
257,16551,125,14.39954948425293,False
257,24130,165,13.672182083129883,False
257,34421,74,14.945515632629395,False
257,41326,60,15.066205024719238,False
257,24178,76,14.908377647399902,False
257,42681,129,14.333250999450684,False
257,26509,61,15.059409141540527,False
257,26504,40,15.238356590270996,False
257,1107,25,15.368656158447266,False
257,1108,6,15.63503360748291,False
257,16580,56,15.095870971679688,False
257,34233,52,15.128264427185059,False
257,1755,71,14.96821403503418,False
257,5690,66,15.029414176940918,False
257,16638,101,14.640865325927734,False
257,29960,77,14.884523391723633,False
257,11288,202,12.598570823669434,False
257,24119,68,15.007704734802246,False
257,24131,41,15.209407806396484,False
257,818,196,12.794520378112793,False
257,820,203,12.54004192352295,False
257,819,191,12.872166633605957,False
257,24489,48,15.159581184387207,False
257,42388,96,14.695470809936523,False
257,40196,13,15.514399528503418,False
257,38836,69,14.992164611816406,False
257,1110,23,15.397261619567871,False
257,16555,43,15.180198669433594,False
257,31404,4,15.799113273620605,False
257,1434,5,15.65965461730957,False
257,1136,22,15.397726058959961,False
257,29309,162,13.72451400756836,False
257,26760,24,15.378290176391602,False
257,26505,134,14.256303787231445,False
257,23523,113,14.476106643676758,False
257,14532,112,14.48803424835205,False
257,22941,150,13.875329971313477,False
257,12249,46,15.168334007263184,False
257,16539,135,14.24153995513916,False
257,16635,121,14.413599967956543,False
257,12112,132,14.297807693481445,False
257,37318,131,14.326714515686035,False
257,20386,186,12.91301155090332,False
257,16818,149,13.938288688659668,False
257,16585,123,14.408842086791992,False
257,17483,1,16.052507400512695,False
257,32356,151,13.868189811706543,False
257,28258,21,15.420583724975586,False
257,9425,153,13.85781192779541,False
257,876,100,14.648898124694824,False
257,25001,92,14.746122360229492,False
257,16556,110,14.523914337158203,False
257,4366,75,14.925836563110352,False
257,34413,53,15.122598648071289,False
257,28095,78,14.87449836730957,False
257,28257,30,15.325241088867188,False
257,36235,158,13.776212692260742,False
257,14082,88,14.791352272033691,False
257,4483,156,13.78982162475586,False
257,16564,97,14.682344436645508,False
257,34248,146,13.976255416870117,False
257,3512,91,14.751691818237305,False
257,2071,8,15.597190856933594,False
257,10376,10,15.568706512451172,False
257,8904,73,14.95604419708252,False
257,18422,127,14.38387680053711,False
257,14534,2566,7.770837783813477,False
257,26364,26,15.363337516784668,False
257,1928,147,13.973491668701172,False
257,5696,140,14.136953353881836,False
257,26508,44,15.177383422851562,False
257,34417,62,15.04763412475586,False
257,17124,118,14.434178352355957,False
257,16615,98,14.666126251220703,False
257,20385,193,12.830431938171387,False
257,1109,55,15.097227096557617,False
257,3122,183,13.261856079101562,False
257,22944,63,15.03483772277832,False
257,1722,42,15.183573722839355,False
257,16911,36,15.3010835647583,False
257,24849,11,15.563841819763184,False
257,39725,35,15.304702758789062,False
257,38976,214,12.123220443725586,False
257,40573,57,15.08635139465332,False
257,23537,167,13.597406387329102,False
257,18673,12,15.528142929077148,False
257,7736,27,15.355900764465332,False
257,2591,179,13.39600944519043,False
257,17125,83,14.827455520629883,False
257,31615,142,14.103763580322266,False
257,2444,20,15.431447982788086,False
257,25608,19,15.445266723632812,False
257,29955,39,15.241435050964355,False
257,29561,168,13.580183982849121,False
257,26805,175,13.464349746704102,False
257,25889,31,15.318635940551758,False
257,10729,159,13.770238876342773,False
257,640,177,13.416302680969238,False
257,8092,1085,10.143973350524902,False
257,22666,130,14.3308744430542,False
257,2628,107,14.584660530090332,False
257,5803,72,14.96153736114502,False
257,16636,117,14.434883117675781,False
257,8250,58,15.07636833190918,False
257,34786,155,13.836612701416016,False
257,34414,195,12.807860374450684,False
257,22889,3,15.86271858215332,False
257,34503,50,15.134023666381836,False
257,14539,29,15.327839851379395,False
257,40981,194,12.82801628112793,False
257,12250,16,15.457902908325195,False
257,34784,160,13.752614974975586,False
257,28806,143,14.06678581237793,False
257,14705,95,14.702634811401367,False
257,3714,111,14.512203216552734,False
257,13738,33,15.31685733795166,False
257,14740,166,13.599364280700684,False
257,31533,7,15.623549461364746,False
257,8390,198,12.721603393554688,False
257,42385,93,14.7350492477417,False
258,21958,139,8.082531929016113,False
258,641,320,6.529152870178223,False
258,15635,48,9.851533889770508,False
258,19781,19,10.719730377197266,False
258,21884,156,7.870831489562988,False
258,1323,134,8.18334674835205,False
258,3628,171,7.743319511413574,False
258,5820,24,10.370055198669434,False
258,36358,97,8.937310218811035,False
258,21766,3316,3.086632490158081,False
258,35694,447,5.926199913024902,False
258,25765,7351,2.4260458946228027,False
258,3705,73,9.313163757324219,False
258,40279,255,6.872258186340332,False
258,35030,1,14.211980819702148,False
258,22758,124,8.375131607055664,False
258,21611,247,6.948575019836426,False
258,31507,85,9.120523452758789,False
258,15415,99,8.846296310424805,False
258,31660,131,8.2289457321167,False
258,29961,3070,3.129823684692383,False
258,37106,2645,3.2306137084960938,False
258,34644,2831,3.1822431087493896,False
258,21770,16,11.102952003479004,False
258,37742,192,7.39202356338501,False
258,37740,113,8.645830154418945,False
258,37741,146,7.997632026672363,False
258,20327,110,8.68263053894043,False
258,7145,5734,2.733938217163086,False
258,14593,172,7.714287757873535,False
258,37736,3166,3.1134090423583984,False
258,42991,32,10.17965316772461,False
258,5717,467,5.7327680587768555,False
258,32992,137,8.104843139648438,False
258,34643,39,10.011893272399902,False
258,1802,2344,3.3349688053131104,False
258,23797,168,7.77559757232666,False
258,1344,405,6.147331237792969,False
258,41292,105,8.744759559631348,False
258,36700,125,8.374375343322754,False
258,29962,384,6.243310451507568,False
258,16084,117,8.480813980102539,False
258,23754,2840,3.180176258087158,False
258,24179,4006,2.973677396774292,False
258,42650,157,7.8572492599487305,False
258,24189,388,6.223532676696777,False
258,23829,4741,2.875232219696045,False
258,29341,216,7.188373565673828,False
258,8473,271,6.7573347091674805,False
258,25046,2628,3.2374508380889893,False
258,32753,232,7.0482611656188965,False
258,29872,297,6.641664505004883,False
258,29871,253,6.893424987792969,False
258,39930,4,12.060464859008789,False
258,25670,173,7.677392482757568,False
258,11389,240,6.975017547607422,False
258,29870,182,7.57456111907959,False
258,14734,188,7.461071968078613,False
260,39389,17,24.253925323486328,False
260,36876,23,22.77387809753418,False
260,31303,21,23.557716369628906,False
260,36875,29,20.818586349487305,False
260,41359,10,25.396820068359375,False
260,41358,13,24.943359375,False
260,41360,11,25.396820068359375,False
260,33050,19,23.768142700195312,False
260,33051,18,23.792184829711914,False
260,41290,3,26.339473724365234,False
260,22735,20,23.631650924682617,False
260,36877,22,22.93295669555664,False
260,12145,6,26.03665542602539,False
260,12146,9,25.51605796813965,False
260,12144,5,26.03665542602539,False
260,41356,14,24.78788185119629,False
260,41357,15,24.78788185119629,False
260,33136,37,19.2589168548584,False
260,33089,30,20.687406539916992,False
260,41366,16,24.313690185546875,False
260,42202,4,26.2360897064209,False
260,41300,7,25.94487762451172,False
260,41289,2,26.472076416015625,False
260,39426,8,25.60127830505371,False
260,34593,1,27.322568893432617,False
260,41291,12,25.153518676757812,False
261,8163,58,16.452856063842773,False
261,34385,23,17.123920440673828,False
261,9988,60,16.446125030517578,False
261,6275,124,15.249558448791504,False
261,29741,134,14.921346664428711,False
261,19053,20,17.265546798706055,False
261,23627,39,16.67119789123535,False
261,23628,136,14.909856796264648,False
261,25566,13,17.877735137939453,False
261,15848,151,13.254003524780273,False
261,23879,90,15.801535606384277,False
261,33895,96,15.746624946594238,False
261,29742,83,16.021867752075195,False
261,6720,34,16.805923461914062,False
261,40201,18,17.404848098754883,False
261,38839,118,15.378793716430664,False
261,40769,137,14.862628936767578,False
261,17277,78,16.146942138671875,False
261,22296,98,15.711572647094727,False
261,20499,52,16.491914749145508,False
261,400,25,16.96418571472168,False
261,25192,142,14.564451217651367,False
261,6312,85,15.984663009643555,False
261,32235,16,17.598655700683594,False
261,6719,36,16.760629653930664,False
261,7280,4,21.874704360961914,False
261,40543,55,16.472360610961914,False
261,31512,46,16.55087661743164,False
261,21159,86,15.965856552124023,False
261,39563,45,16.57063102722168,False
261,36202,70,16.276371002197266,False
261,20598,112,15.477943420410156,False
261,33894,74,16.231704711914062,False
261,38072,104,15.632277488708496,False
261,4398,17,17.404848098754883,False
261,3592,57,16.458078384399414,False
261,24718,128,15.152119636535645,False
261,18358,14,17.841190338134766,False
261,16061,72,16.233840942382812,False
261,16062,139,14.692815780639648,False
261,16055,41,16.622047424316406,False
261,16056,141,14.61331558227539,False
261,16059,65,16.349822998046875,False
261,23904,129,15.13339614868164,False
261,6362,117,15.409076690673828,False
261,23882,30,16.88735580444336,False
261,23883,62,16.405302047729492,False
261,13729,93,15.758089065551758,False
261,37535,51,16.523311614990234,False
261,26234,37,16.750736236572266,False
261,10709,120,15.29217529296875,False
261,18341,81,16.10386848449707,False
261,8961,56,16.46977424621582,False
261,38557,64,16.35138511657715,False
261,21886,5,21.491260528564453,False
261,25678,116,15.413167953491211,False
261,28725,125,15.21650218963623,False
261,854,66,16.32451629638672,False
261,42766,54,16.47315216064453,False
261,40124,29,16.899595260620117,False
261,15324,152,12.912503242492676,False
261,23868,91,15.765426635742188,False
261,1683,101,15.693611145019531,False
261,36334,82,16.025745391845703,False
261,19021,73,16.23232078552246,False
261,22909,31,16.8783016204834,False
261,9286,22,17.211101531982422,False
261,34684,105,15.588712692260742,False
261,16874,80,16.110057830810547,False
261,2479,100,15.696134567260742,False
261,40466,48,16.54477310180664,False
261,32236,103,15.658477783203125,False
261,18366,12,17.900379180908203,False
261,7526,8,18.272632598876953,False
261,7527,11,17.980144500732422,False
261,31657,10,18.041990280151367,False
261,20086,126,15.18359661102295,False
261,20083,92,15.764379501342773,False
261,20566,132,15.033502578735352,False
261,20565,115,15.413436889648438,False
261,20567,32,16.873577117919922,False
261,20600,113,15.447909355163574,False
261,1383,119,15.316814422607422,False
261,21476,24,17.039443969726562,False
261,15322,147,14.067996978759766,False
261,38071,71,16.264379501342773,False
261,26486,33,16.85149383544922,False
261,19012,131,15.037364959716797,False
261,24559,2,22.6585693359375,False
261,6677,127,15.180505752563477,False
261,21620,43,16.597822189331055,False
261,4641,89,15.878433227539062,False
261,13633,7,19.568899154663086,False
261,37256,140,14.631141662597656,False
261,15824,123,15.267619132995605,False
261,34259,87,15.948802947998047,False
261,40547,63,16.377315521240234,False
261,26468,21,17.252347946166992,False
261,15452,27,16.935108184814453,False
261,20089,122,15.277120590209961,False
261,4462,42,16.619535446166992,False
261,34686,138,14.821334838867188,False
261,35098,15,17.81892967224121,False
261,11464,84,15.999160766601562,False
261,28583,99,15.700202941894531,False
261,2705,135,14.909856796264648,False
261,21622,79,16.137277603149414,False
261,17489,102,15.684072494506836,False
261,17487,9,18.220064163208008,False
261,34636,6,21.112337112426758,False
261,31162,40,16.670854568481445,False
261,4460,28,16.914339065551758,False
261,37882,1,23.08714485168457,False
261,36103,50,16.523595809936523,False
261,24943,157,10.738492965698242,False
261,22591,49,16.525602340698242,False
261,6363,121,15.29166030883789,False
261,31632,88,15.886878967285156,False
261,24562,35,16.79665756225586,False
261,16054,97,15.727045059204102,False
261,16048,68,16.29087257385254,False
261,24556,44,16.5821475982666,False
261,16050,111,15.50243091583252,False
261,8728,47,16.54477310180664,False
261,2674,77,16.148517608642578,False
262,8785,237,8.373137474060059,False
262,10015,218,8.416399002075195,False
262,30603,401,7.969468593597412,False
262,31782,469,7.844510078430176,False
262,9169,176,8.538619041442871,False
262,4563,212,8.426826477050781,False
262,7447,63,9.120622634887695,False
262,13057,152,8.634608268737793,False
262,38335,255,8.321805000305176,False
262,7595,105,8.838882446289062,False
262,3613,1,12.408217430114746,False
262,17173,183,8.521760940551758,False
262,17175,494,7.7823286056518555,False
262,1835,268,8.28317642211914,False
262,8405,86,8.9975004196167,False
262,32348,5,11.635551452636719,False
262,32351,135,8.694961547851562,False
262,29109,73,9.062433242797852,False
262,17177,663,7.3857927322387695,False
262,8453,103,8.863215446472168,False
262,14980,170,8.567325592041016,False
262,14978,100,8.883027076721191,False
262,14979,106,8.835386276245117,False
262,32949,125,8.735952377319336,False
262,32991,155,8.61868667602539,False
262,32952,99,8.894706726074219,False
262,41327,62,9.140603065490723,False
262,13813,147,8.651350975036621,False
262,13810,66,9.094223976135254,False
262,42173,557,7.6235032081604,False
262,18247,162,8.589279174804688,False
262,1614,181,8.523641586303711,False
262,14992,195,8.490531921386719,False
262,36082,4,11.797428131103516,False
262,33249,148,8.651350975036621,False
262,31761,173,8.554652214050293,False
262,31744,568,7.604459762573242,False
262,1891,219,8.415669441223145,False
262,36338,204,8.453811645507812,False
262,36337,4717,3.334902763366699,False
262,20053,163,8.586267471313477,False
262,9305,413,7.953397750854492,False
262,4815,67,9.088521957397461,False
262,17614,3,12.063791275024414,False
262,12475,6,11.586212158203125,False
262,12474,260,8.31296157836914,False
262,20329,382,8.00716495513916,False
262,8503,2,12.379090309143066,False
262,37715,156,8.612903594970703,False
262,22753,82,9.014923095703125,False
262,30913,348,8.080119132995605,False
262,4480,119,8.766996383666992,False
262,42220,340,8.094196319580078,False
262,38336,512,7.734917163848877,False
262,2189,214,8.420414924621582,False
262,32346,406,7.966445446014404,False
262,8449,140,8.677643775939941,False
262,30004,263,8.293066024780273,False
262,36897,55,9.236467361450195,False
262,14324,123,8.73750114440918,False
262,14694,88,8.988594055175781,False
262,32349,293,8.209821701049805,False
262,41093,145,8.660638809204102,False
262,7594,69,9.08155632019043,False
262,8456,61,9.159809112548828,False
262,14981,120,8.758918762207031,False
262,32344,184,8.521760940551758,False
262,32341,12,10.756610870361328,False
262,32343,8,11.251628875732422,False
262,8447,150,8.642568588256836,False
262,8687,233,8.381265640258789,False
262,29110,95,8.942475318908691,False
262,13794,423,7.926787853240967,False
262,8937,159,8.59315299987793,False
262,31852,303,8.175233840942383,False
262,2892,11,10.764604568481445,False
262,1853,421,7.932241916656494,False
262,1877,13,10.740705490112305,False
262,36333,198,8.482809066772461,False
262,4682,240,8.365974426269531,False
262,8490,70,9.079391479492188,False
262,8508,124,8.736510276794434,False
262,31717,7,11.513660430908203,False
262,36898,54,9.276901245117188,False
262,7246,410,7.959644317626953,False
262,12317,79,9.025197982788086,False
262,31780,168,8.568072319030762,False
263,37623,412,6.740596771240234,False
263,12316,669,6.301236629486084,False
263,21739,17,13.497331619262695,False
263,3617,44,12.008084297180176,False
263,32290,339,6.873525142669678,False
263,35308,331,6.88319730758667,False
263,35307,387,6.7748236656188965,False
263,23913,55,11.441887855529785,False
263,32289,288,6.969206809997559,False
263,32313,178,7.137026786804199,False
263,32315,345,6.8566694259643555,False
263,32291,359,6.823205471038818,False
263,32317,350,6.835716247558594,False
263,1553,567,6.490591049194336,False
263,36959,7,14.678609848022461,False
263,32316,280,6.982786655426025,False
263,36939,504,6.606799125671387,False
263,25984,315,6.911754608154297,False
263,25982,312,6.91602897644043,False
263,1915,492,6.6330156326293945,False
263,36972,525,6.5583720207214355,False
263,37233,508,6.59829568862915,False
263,37622,195,7.12434720993042,False
263,12363,558,6.511857509613037,False
263,36945,575,6.472970008850098,False
263,36954,406,6.749092102050781,False
263,36940,507,6.601923942565918,False
263,36943,582,6.458951473236084,False
263,36946,538,6.534424304962158,False
263,32292,229,7.063577175140381,False
263,32294,374,6.798320770263672,False
263,1509,503,6.614555358886719,False
263,4769,32,12.381353378295898,False
263,36963,107,7.322120666503906,False
263,32298,11,14.086160659790039,False
263,35314,341,6.862082481384277,False
263,32293,370,6.802455425262451,False
263,17108,458,6.666070938110352,False
263,37227,621,6.409237384796143,False
263,36938,497,6.626370429992676,False
263,32306,256,7.026656627655029,False
263,36942,593,6.4449944496154785,False
263,29201,438,6.687060356140137,False
263,36947,573,6.47765588760376,False
263,36955,375,6.798320770263672,False
263,32312,461,6.664636135101318,False
263,36953,35,12.265289306640625,False
263,348,691,6.251368045806885,False
263,36968,620,6.412660121917725,False
263,17142,542,6.532290458679199,False
263,9449,521,6.5692291259765625,False
263,26953,456,6.668610095977783,False
263,36944,583,6.458951473236084,False
263,36967,566,6.491755485534668,False
263,36969,535,6.539199352264404,False
263,36970,539,6.534424304962158,False
263,22012,451,6.67258882522583,False
263,36951,647,6.3579792976379395,False
263,36971,536,6.539199352264404,False
263,32307,217,7.086014747619629,False
263,482,426,6.710464954376221,False
263,481,342,6.8614115715026855,False
263,36941,380,6.785946369171143,False
263,31527,550,6.520864963531494,False
263,36966,648,6.3579792976379395,False
263,36956,407,6.749092102050781,False
263,4773,27,12.704514503479004,False
263,39211,455,6.670442581176758,False
263,39195,204,7.104769706726074,False
263,39192,619,6.417259693145752,False
263,39191,276,6.993874549865723,False
263,24676,414,6.737412929534912,False
263,30929,3,15.735414505004883,False
263,34447,532,6.550746917724609,False
263,31243,708,6.212303638458252,False
264,15550,15,12.332700729370117,False
264,9042,9,14.008033752441406,False
264,9045,7,14.131823539733887,False
264,21452,1,15.823770523071289,False
264,21449,5,15.376206398010254,False
264,9531,13,13.613753318786621,False
264,9043,10,14.008033752441406,False
264,9156,14,13.11432933807373,False
264,21453,2,15.785480499267578,False
264,21455,4,15.39434814453125,False
264,9041,8,14.082036972045898,False
264,21454,12,13.719897270202637,False
264,21450,11,13.838449478149414,False
264,9044,6,14.156854629516602,False
264,21451,3,15.747377395629883,False
266,29636,26,11.559444427490234,False
267,27177,1,26.128568649291992,False
267,27178,2,25.898971557617188,False
268,7369,1,32.96251678466797,False
270,24769,27,13.25897216796875,False
270,13186,5,14.848814010620117,False
270,13188,23,13.40308952331543,False
270,13191,36,12.725529670715332,False
270,14060,4,15.624820709228516,False
270,14061,16,13.801547050476074,False
270,37380,31,13.137081146240234,False
270,37382,24,13.333293914794922,False
270,37383,29,13.185544967651367,False
270,14058,18,13.745499610900879,False
270,14054,6,14.722455978393555,False
270,14053,26,13.26988410949707,False
270,9598,39,12.389650344848633,False
270,9597,42,12.263497352600098,False
270,9596,44,12.140087127685547,False
270,24765,34,12.854219436645508,False
270,15372,3,15.910531044006348,False
270,28918,40,12.368429183959961,False
270,14062,2,15.98253059387207,False
270,9960,33,12.860219955444336,False
270,24774,45,11.998612403869629,False
270,14057,15,13.880070686340332,False
270,13190,10,14.209680557250977,False
270,28917,9,14.634536743164062,False
270,5616,11,14.04482650756836,False
270,34581,19,13.709514617919922,False
270,34582,13,13.935535430908203,False
270,13192,28,13.234397888183594,False
270,24767,35,12.831241607666016,False
270,34546,12,14.012683868408203,False
270,6586,41,12.332475662231445,False
270,14055,7,14.682331085205078,False
270,24768,30,13.137081146240234,False
270,24766,25,13.283645629882812,False
270,24773,38,12.453784942626953,False
270,14059,22,13.56179428100586,False
270,14056,67,10.242706298828125,False
270,13184,1,16.5207462310791,False
270,14052,8,14.645709991455078,False
270,37377,37,12.671524047851562,False
270,39210,32,13.097782135009766,False
270,13187,20,13.666109085083008,False
271,8969,2,20.277069091796875,False
273,31765,38,18.242177963256836,False
273,36438,4,26.189523696899414,False
273,31799,1,32.18318176269531,False
273,23136,318,9.567113876342773,False
274,39689,1,28.567943572998047,False
275,1739,9,13.312329292297363,False
275,31065,11,12.299912452697754,False
275,36353,10,12.377395629882812,False
275,31037,6,13.487439155578613,False
275,22908,12,12.234922409057617,False
275,31251,16,11.322967529296875,False
275,19557,13,12.156048774719238,False
275,40218,1,15.312322616577148,False
275,40810,4,14.553092002868652,False
275,21151,2,15.091621398925781,False
275,36365,14,12.121766090393066,False
275,8422,3,14.803345680236816,False
275,8088,8,13.375688552856445,False
277,10283,1452,4.8269758224487305,False
277,30189,1618,4.67171049118042,False
277,30824,1768,4.492279529571533,False
277,39436,1475,4.806556224822998,False
277,33468,1392,4.881659030914307,False
277,21891,1345,4.90799617767334,False
277,13226,1197,5.0268778800964355,False
277,9779,555,7.5953569412231445,False
277,31322,1504,4.778502941131592,False
277,40271,1107,5.079776763916016,False
277,6301,1552,4.732119560241699,False
277,38890,1755,4.510525703430176,False
277,15441,1275,4.964423179626465,False
277,3694,1535,4.750775337219238,False
277,19677,1400,4.875649452209473,False
277,4146,1622,4.670038223266602,False
277,14664,1541,4.7403388023376465,False
277,15307,1590,4.696829319000244,False
277,39841,1508,4.776179790496826,False
277,22312,1689,4.601792335510254,False
277,22313,1592,4.694136142730713,False
277,29638,1792,4.471832275390625,False
277,15267,1129,5.065252304077148,False
277,22137,1698,4.588795185089111,False
277,34057,1346,4.907390594482422,False
277,25615,1684,4.6043806076049805,False
277,26346,1606,4.6833953857421875,False
277,36727,1109,5.078480243682861,False
277,33630,1167,5.0445661544799805,False
277,42037,630,7.331014633178711,False
277,25738,1539,4.744470596313477,False
277,9267,1286,4.955753326416016,False
277,14626,1404,4.8729424476623535,False
277,14733,1522,4.759629249572754,False
277,8229,30,10.419243812561035,False
277,14255,1297,4.941948890686035,False
277,14695,26,10.713821411132812,False
277,30678,1339,4.9138875007629395,False
277,41676,1429,4.846979141235352,False
277,22883,1495,4.790152072906494,False
277,35549,1511,4.773504257202148,False
277,20219,2016,4.196133136749268,False
277,36890,1395,4.878749847412109,False
277,8239,27,10.504914283752441,False
278,2252,39,7.882325649261475,False
278,30325,30389,0.0,True
278,30324,30388,0.0,True
278,188,22,10.126229286193848,False
278,30323,30387,0.0,True
278,30322,30386,0.0,True
278,12721,12821,0.0,True
279,39908,1,17.883420944213867,False
281,24366,1,25.587261199951172,False
282,37661,1,17.449705123901367,False
283,26180,1,17.761695861816406,False
285,40158,40,27.75581932067871,False
285,3942,27,30.89811134338379,False
285,3941,51,25.694416046142578,False
285,331,37,28.8160343170166,False
285,20233,53,25.591793060302734,False
285,33430,75,22.003538131713867,False
285,38202,36,28.95489501953125,False
287,32740,38,11.646257400512695,False
287,35625,70,10.573908805847168,False
287,35626,74,10.499208450317383,False
287,35627,63,10.85202693939209,False
287,35619,59,11.096712112426758,False
287,35620,56,11.119948387145996,False
287,35614,73,10.499208450317383,False
287,35616,76,10.411026954650879,False
287,35617,55,11.132201194763184,False
287,35618,61,10.957732200622559,False
287,35615,53,11.154955863952637,False
287,4065,176,8.808241844177246,False
287,31351,45,11.384799003601074,False
287,31350,77,10.371139526367188,False
287,31354,36,11.680031776428223,False
287,31355,12,12.186744689941406,False
287,31353,35,11.704093933105469,False
287,32170,46,11.365236282348633,False
287,35612,28,11.89200210571289,False
287,35613,31,11.796537399291992,False
287,35561,15,12.150934219360352,False
287,32747,67,10.656905174255371,False
287,35623,34,11.734798431396484,False
287,35624,32,11.763470649719238,False
287,35601,60,11.072689056396484,False
287,32744,109,9.649989128112793,False
287,32745,58,11.10279369354248,False
287,32743,69,10.64415168762207,False
287,35607,95,9.803695678710938,False
287,35558,27,11.892595291137695,False
287,35557,33,11.741759300231934,False
287,35560,65,10.832834243774414,False
287,35629,23,11.957578659057617,False
287,35628,29,11.877092361450195,False
287,35556,18,12.036761283874512,False
287,35559,37,11.664016723632812,False
287,35555,48,11.261985778808594,False
287,32738,22,11.964849472045898,False
287,32739,25,11.920892715454102,False
287,32741,26,11.920892715454102,False
287,32742,24,11.938434600830078,False
287,31348,40,11.579862594604492,False
287,31349,39,11.614325523376465,False
287,35622,19,12.026191711425781,False
287,35621,10,12.285062789916992,False
289,164,24,27.469451904296875,False
289,162,25,27.4351806640625,False
289,161,27,27.366945266723633,False
289,169,29,27.33479118347168,False
289,165,30,27.299102783203125,False
289,176,32,26.590145111083984,False
289,155,16,31.612850189208984,False
289,156,31,27.236276626586914,False
289,160,6,34.02701950073242,False
289,145,33,24.65512466430664,False
289,154,15,31.612850189208984,False
289,152,7,33.999420166015625,False
289,159,5,34.20673751831055,False
289,144,11,31.947669982910156,False
289,151,1,34.28553771972656,False
289,143,9,32.00926971435547,False
289,173,37,22.94401741027832,False
289,153,2,34.23296356201172,False
289,158,4,34.20673751831055,False
289,146,10,32.00926971435547,False
289,163,22,27.642303466796875,False
289,133,28,27.345727920532227,False
289,148,13,31.825258255004883,False
289,149,12,31.85576057434082,False
289,150,17,31.345829010009766,False
289,147,14,31.794816970825195,False
289,157,3,34.20673751831055,False
291,22799,732,9.057414054870605,False
291,4188,183,11.026289939880371,False
291,35493,297,10.382319450378418,False
291,34519,1173,7.856449127197266,False
291,2890,124,11.495687484741211,False
291,29805,965,8.416182518005371,False
291,39819,1011,8.250836372375488,False
291,23769,634,9.28028392791748,False
291,38372,1559,6.862323760986328,False
291,39777,253,10.610474586486816,False
291,24687,619,9.335315704345703,False
291,38364,1767,6.27723503112793,False
291,23717,79,12.145173072814941,False
291,7557,1115,7.985980033874512,False
291,35495,221,10.756756782531738,False
292,9536,12,10.857946395874023,False
292,2897,92,9.649855613708496,False
292,21649,66,9.861492156982422,False
292,9541,295,8.671871185302734,False
292,20709,477,8.13581657409668,False
292,2899,72,9.81546401977539,False
292,14929,94,9.634794235229492,False
292,18509,393,8.413993835449219,False
292,7002,69,9.842416763305664,False
292,21029,3,11.454080581665039,False
292,23741,613,7.699640274047852,False
292,4177,589,7.80171012878418,False
293,37376,156,8.882160186767578,False
293,28072,1,17.61747169494629,False
293,13187,22,11.478841781616211,False
293,24774,89,10.216414451599121,False
293,14059,83,10.306832313537598,False
293,24773,123,9.570684432983398,False
293,37382,90,10.155998229980469,False
293,37383,95,10.058204650878906,False
293,14054,21,11.526062965393066,False
293,9598,126,9.52769660949707,False
293,14062,27,11.277664184570312,False
293,39210,26,11.319735527038574,False
293,28918,127,9.513463973999023,False
295,4719,805,6.887320518493652,False
295,1958,30,9.434138298034668,False
295,1963,731,6.99207878112793,False
295,18389,532,7.264255046844482,False
295,30574,364,7.457958221435547,False
295,1796,694,7.040359020233154,False
296,10074,1,19.027740478515625,False
297,6263,3023,3.630763053894043,False
297,27635,1218,6.298564910888672,False
297,39975,1,13.619426727294922,False
297,32638,2983,3.694566488265991,False
297,15659,3050,3.59914231300354,False
297,27626,3070,3.5796821117401123,False
297,11134,3053,3.5952532291412354,False
297,30395,3151,3.4714901447296143,False
298,14746,51,10.658881187438965,False
298,15836,55,10.492995262145996,False
298,38616,11,15.710433959960938,False
298,9800,22,14.449174880981445,False
298,38618,9,15.731155395507812,False
298,38620,10,15.731155395507812,False
298,2070,33,13.993698120117188,False
298,21290,73,9.40336799621582,False
298,25845,67,9.850606918334961,False
300,37577,18,36.13383102416992,False
300,41900,1328,9.396574020385742,False
301,23404,340,11.219829559326172,False
301,35456,544,8.233798027038574,False
302,39181,17,21.480472564697266,False
302,39223,49,20.04424285888672,False
302,4806,41,20.34078598022461,False
302,1991,56,19.174949645996094,False
302,12673,63,18.26451873779297,False
302,23487,57,18.983911514282227,False
302,30500,39,20.771297454833984,False
302,7033,20,21.40378189086914,False
302,42908,53,19.6107234954834,False
302,12670,55,19.184070587158203,False
302,23484,40,20.7633113861084,False
302,23485,18,21.445178985595703,False
302,12672,61,18.311050415039062,False
302,32486,9,22.201614379882812,False
302,7037,21,21.34716033935547,False
302,23455,51,19.952754974365234,False
302,23454,36,20.88741683959961,False
302,23456,30,21.004985809326172,False
302,2036,25,21.190221786499023,False
302,3215,60,18.784727096557617,False
302,42331,7,22.503190994262695,False
302,34079,24,21.26581573486328,False
302,23457,37,20.797409057617188,False
302,23486,42,20.318893432617188,False
302,42332,8,22.38519859313965,False
302,23494,15,21.685688018798828,False
302,2043,47,20.130170822143555,False
302,2065,4,22.609506607055664,False
302,4829,16,21.515296936035156,False
302,7043,10,22.141254425048828,False
302,5517,32,20.983192443847656,False
302,5524,19,21.407428741455078,False
302,2986,5,22.55299186706543,False
302,32640,66,17.293521881103516,False
302,32639,67,17.104616165161133,False
302,28907,65,17.484081268310547,False
302,24856,26,21.167964935302734,False
302,24337,23,21.301652908325195,False
302,9847,2,22.907665252685547,False
302,1997,6,22.5284423828125,False
302,32822,12,22.010562896728516,False
302,23493,11,22.112300872802734,False
302,35748,29,21.01470947265625,False
302,39208,14,21.950763702392578,False
302,2055,31,20.999752044677734,False
302,23458,1,23.567276000976562,False
302,4334,34,20.928308486938477,False
302,24855,64,18.14851951599121,False
302,39196,22,21.335453033447266,False
302,1988,13,21.973060607910156,False
302,7048,38,20.772546768188477,False
302,7034,33,20.954177856445312,False
302,7047,44,20.293031692504883,False
302,23483,46,20.13841438293457,False
302,12674,59,18.893831253051758,False
302,23761,58,18.944551467895508,False
302,25275,1440,5.341156482696533,False
302,2064,3,22.657894134521484,False
302,2056,28,21.017688751220703,False
303,35705,6,19.226076126098633,False
303,31123,5,19.945785522460938,False
303,13478,4,20.87334632873535,False
303,13474,9,16.798812866210938,False
303,12435,7,18.289491653442383,False
303,38299,2,22.220460891723633,False
303,40220,3,21.963552474975586,False
303,17378,1,22.652082443237305,False
305,18136,105,5.838260173797607,False
305,21971,415,3.9292516708374023,False
305,29263,68,6.3655853271484375,False
305,41056,177,5.085447311401367,False
305,21969,406,3.959080219268799,False
305,35966,52,6.6381988525390625,False
305,27999,247,4.634590148925781,False
305,28000,230,4.709929466247559,False
305,18707,176,5.086617946624756,False
305,34569,113,5.735528945922852,False
305,7757,249,4.626367568969727,False
305,34466,43,6.788306713104248,False
305,15331,285,4.414882659912109,False
305,35978,12,7.417061805725098,False
305,17268,48,6.715124607086182,False
305,35974,310,4.29136848449707,False
305,13552,239,4.667774200439453,False
305,34049,211,4.841089725494385,False
305,2375,242,4.651123046875,False
305,41043,3,7.7324137687683105,False
305,36993,207,4.868204116821289,False
305,2376,194,4.951397895812988,False
305,18708,181,5.057024002075195,False
305,21988,295,4.377823352813721,False
305,28008,135,5.540544033050537,False
305,18135,104,5.86452054977417,False
305,28525,180,5.066850185394287,False
305,41054,40,6.883525371551514,False
305,35980,61,6.468369960784912,False
305,35971,131,5.592615604400635,False
305,5748,35,6.986041069030762,False
305,19137,223,4.744205474853516,False
305,41041,7,7.558169364929199,False
305,21979,276,4.4986653327941895,False
305,41053,10,7.489427089691162,False
305,21977,332,4.181270599365234,False
305,41052,22,7.11624002456665,False
305,30214,115,5.727744102478027,False
305,28565,6,7.570775985717773,False
305,2382,228,4.709929466247559,False
305,23917,1,7.960738182067871,False
305,41036,272,4.522069454193115,False
305,2366,370,4.076680660247803,False
305,21975,270,4.529925346374512,False
305,2377,47,6.741507053375244,False
305,16393,79,6.286440372467041,False
305,9024,67,6.383912563323975,False
305,39501,73,6.3328423500061035,False
305,25500,51,6.644169807434082,False
305,30215,41,6.860886096954346,False
305,35976,42,6.811951637268066,False
305,30216,18,7.257087230682373,False
305,19416,90,6.140728950500488,False
305,28537,89,6.155224323272705,False
305,2378,237,4.667774200439453,False
305,35235,35364,0.0,True
305,15332,290,4.399983882904053,False
305,39430,219,4.796566009521484,False
305,21972,410,3.941129446029663,False
305,41042,16,7.315891742706299,False
305,41045,5,7.666505813598633,False
305,41055,153,5.368110656738281,False
305,29057,60,6.476250648498535,False
305,21816,109,5.799307823181152,False
305,35991,329,4.194722652435303,False
305,7087,98,6.055172920227051,False
305,35989,44,6.782421588897705,False
305,7086,2,7.846701622009277,False
305,11606,95,6.067599773406982,False
305,28524,167,5.187814712524414,False
305,29058,64,6.444241523742676,False
305,34115,81,6.2736945152282715,False
305,7485,26,7.052167892456055,False
305,37006,277,4.490917205810547,False
305,16394,71,6.342505931854248,False
305,7110,59,6.501651763916016,False
305,16024,302,4.348620891571045,False
305,30194,348,4.1414265632629395,False
305,41040,15,7.336474418640137,False
305,21976,236,4.676145076751709,False
305,19063,102,5.965264797210693,False
305,2380,17,7.287509441375732,False
305,30192,166,5.19815731048584,False
305,2373,129,5.59861946105957,False
305,41029,24,7.094203948974609,False
305,21968,231,4.701437473297119,False
305,36996,217,4.814276695251465,False
305,41019,49,6.707507133483887,False
305,21982,284,4.422370433807373,False
305,32451,83,6.212149143218994,False
305,2384,386,4.007759094238281,False
305,25188,365,4.095890522003174,False
305,2381,126,5.622763633728027,False
305,2369,99,6.032508373260498,False
305,7109,57,6.546539306640625,False
305,25189,361,4.108798503875732,False
305,17269,88,6.157783031463623,False
305,7107,55,6.55476713180542,False
305,21987,299,4.355884552001953,False
305,19058,78,6.311801433563232,False
305,2371,114,5.727744102478027,False
305,21984,293,4.385185718536377,False
305,30217,50,6.649817943572998,False
305,21986,294,4.385185718536377,False
305,29120,531,3.5543458461761475,False
305,7754,246,4.634590148925781,False
305,19138,235,4.676145076751709,False
305,17270,84,6.196805477142334,False
305,30193,66,6.402816295623779,False
305,41035,120,5.696462154388428,False
305,21351,529,3.5543458461761475,False
305,2388,357,4.115283489227295,False
305,2362,123,5.659372806549072,False
305,21989,355,4.1283135414123535,False
305,41031,119,5.702691555023193,False
305,2364,91,6.139023780822754,False
305,28523,227,4.718451976776123,False
305,41039,54,6.599330425262451,False
305,41038,20,7.221914291381836,False
305,19064,101,5.983515739440918,False
305,21970,403,3.9711384773254395,False
305,25195,322,4.221888542175293,False
305,16219,39,6.888070583343506,False
305,2368,245,4.634590148925781,False
305,40755,33,7.026085376739502,False
305,36994,212,4.841089725494385,False
305,2363,122,5.665521144866943,False
305,20401,198,4.932665824890137,False
305,21985,352,4.134859561920166,False
305,4391,423,3.888239622116089,False
305,21983,292,4.392572402954102,False
305,40753,31,7.026085376739502,False
305,19561,19,7.252041339874268,False
305,18736,164,5.208539962768555,False
305,7422,103,5.869563102722168,False
305,2386,381,4.0263237953186035,False
305,28526,206,4.877309322357178,False
305,39481,11,7.440404891967773,False
305,2374,75,6.31749963760376,False
305,35979,125,5.634913444519043,False
305,2367,265,4.537807464599609,False
305,2387,382,4.0263237953186035,False
305,2383,222,4.770242214202881,False
305,2379,238,4.667774200439453,False
305,2385,390,4.001608848571777,False
305,36957,182,5.057024002075195,False
305,21352,80,6.276353359222412,False
305,8769,130,5.59861946105957,False
305,21350,118,5.708934307098389,False
305,7758,263,4.553657054901123,False
305,30968,37,6.920421600341797,False
305,41037,28,7.036772727966309,False
305,30195,112,5.75937032699585,False
305,7756,244,4.642841339111328,False
305,19054,317,4.235604286193848,False
305,7108,53,6.629760265350342,False
305,41030,87,6.182115077972412,False
305,25096,162,5.218964099884033,False
305,7755,248,4.626367568969727,False
305,36995,205,4.886448860168457,False
305,21346,148,5.401469707489014,False
305,36998,208,4.868204116821289,False
305,40752,30,7.026085376739502,False
305,1647,13,7.380324840545654,False
305,39499,9,7.492465019226074,False
305,2370,414,3.9292516708374023,False
305,40751,29,7.026085376739502,False
305,21349,36,6.970932960510254,False
305,2365,351,4.134859561920166,False
305,21348,46,6.767407417297363,False
305,19057,85,6.196805477142334,False
305,19065,94,6.119248867034912,False
305,16397,23,7.094203948974609,False
305,8691,234,4.676145076751709,False
305,39502,14,7.348880290985107,False
305,21967,328,4.194722652435303,False
305,1646,4,7.7232537269592285,False
305,7013,229,4.709929466247559,False
305,39945,27,7.0462799072265625,False
305,36997,202,4.904831409454346,False
305,40754,32,7.026085376739502,False
305,21978,233,4.692975997924805,False
305,29268,63,6.46302604675293,False
305,2372,138,5.492486476898193,False
305,21491,38,6.908198356628418,False
305,21980,274,4.5142412185668945,False
305,28522,255,4.585688591003418,False
305,21981,321,4.221888542175293,False
305,40756,34,7.026085376739502,False
305,19059,74,6.327116966247559,False
305,21345,401,3.9771955013275146,False
305,19066,100,6.00187873840332,False
305,30969,278,4.483196258544922,False
306,2069,3,40.22100830078125,False
306,2068,1,45.370201110839844,False
307,9506,6,41.135345458984375,False
307,9509,36,31.712610244750977,False
307,25288,5,43.124916076660156,False
307,14769,1,46.734336853027344,False
307,11546,2,45.4066047668457,False
307,9508,8,38.09111404418945,False
308,29105,24,8.588481903076172,False
308,3427,20,8.672929763793945,False
310,28695,4,14.41232967376709,False
310,26439,3,14.758386611938477,False
310,10000,1,17.793930053710938,False
310,9998,2,17.77812957763672,False
311,29614,340,5.3968305587768555,False
311,29613,339,5.3968305587768555,False
311,29615,2,12.620779991149902,False
311,29616,3,12.620779991149902,False
312,33669,16,13.91520881652832,False
312,38346,4,15.453266143798828,False
312,3436,48,13.412095069885254,False
312,11552,30,13.648584365844727,False
312,8766,2,15.831127166748047,False
312,11556,54,13.274256706237793,False
312,2577,1,17.719402313232422,False
312,19221,5,15.289318084716797,False
312,38330,35,13.624899864196777,False
312,36225,3,15.502872467041016,False
313,20933,3,14.84138298034668,False
313,20934,2,15.99606704711914,False
313,20932,1,16.39239501953125,False
314,26733,65,13.252969741821289,False
314,7000,94,12.104198455810547,False
314,2035,68,13.150615692138672,False
314,7001,95,12.05953598022461,False
314,40855,102,11.792490005493164,False
314,3426,104,11.733516693115234,False
314,30540,70,13.040277481079102,False
314,2034,74,12.846020698547363,False
314,7136,73,12.887897491455078,False
314,34075,101,11.820825576782227,False
314,31138,79,12.516071319580078,False
315,37398,3,13.517890930175781,False
315,36813,1,13.814178466796875,False
315,37397,2,13.632067680358887,False
315,36809,4,13.439268112182617,False
316,33717,1,44.83595657348633,False
317,33654,1,23.45389175415039,False
317,33655,2,23.020736694335938,False
318,24038,111,7.457712650299072,False
319,32314,1,25.352663040161133,False
320,24260,1,23.79576301574707,False
321,4847,1,28.947229385375977,False
323,37613,1,32.261009216308594,False
324,19224,1,35.585086822509766,False
325,30625,4,10.129886627197266,False
325,40889,519,5.958104610443115,False
325,35550,4075,2.86999773979187,False
325,40882,500,6.005542278289795,False
325,34592,42,7.948634147644043,False
325,33638,855,5.36393928527832,False
325,22639,7418,1.7779176235198975,False
325,12097,71,7.3253173828125,False
325,22630,3063,3.07765531539917,False
325,9298,134,6.966036796569824,False
325,33637,143,6.927597522735596,False
325,17382,5521,2.536867618560791,False
325,12197,79,7.272943496704102,False
325,12096,26,8.482879638671875,False
325,40906,4832,2.7084832191467285,False
325,40893,3975,2.889939069747925,False
325,40898,420,6.205440044403076,False
325,15600,3089,3.071066379547119,False
325,40886,539,5.903721809387207,False
325,40887,11,9.297850608825684,False
325,31085,4311,2.817902088165283,False
325,40909,2361,3.240450143814087,False
325,6337,4716,2.730177164077759,False
325,41314,67,7.383669853210449,False
325,22624,3612,2.956904411315918,False
325,21870,4344,2.813066244125366,False
325,7448,7638,1.6769684553146362,False
325,40911,4593,2.7586231231689453,False
325,7965,85,7.240131378173828,False
325,42510,4313,2.817902088165283,False
325,41370,56,7.559416770935059,False
325,1205,3500,2.9819414615631104,False
325,21868,3255,3.030710220336914,False
325,22636,7049,1.9116554260253906,False
325,22627,3225,3.03702712059021,False
325,510,5866,2.4243087768554688,False
325,40888,3713,2.939011335372925,False
325,38744,6805,2.0027458667755127,False
325,32077,2593,3.1856606006622314,False
325,7289,4153,2.8512771129608154,False
325,34155,5536,2.530992031097412,False
325,31098,6112,2.302327871322632,False
325,33666,335,6.398101806640625,False
325,22629,4014,2.882316827774048,False
325,31089,4159,2.849745512008667,False
325,13117,4019,2.8813488483428955,False
326,24940,1,25.59063148498535,False
327,22169,66,9.526504516601562,False
327,22162,2,21.243144989013672,False
327,22176,18,17.120742797851562,False
327,22173,29,11.24009895324707,False
327,22266,11,18.10958480834961,False
327,22212,89,9.102665901184082,False
327,22275,9,18.764511108398438,False
327,22278,52,9.927008628845215,False
328,14687,1,17.31523895263672,False
329,39193,2,21.447378158569336,False
329,39192,1,21.837215423583984,False
330,42295,1,11.074527740478516,False
331,38486,419,5.337903022766113,False
331,3100,1422,4.552475929260254,False
331,3099,608,5.14615535736084,False
331,31923,1262,4.670713424682617,False
331,31924,1552,4.438319206237793,False
331,17717,1539,4.4480156898498535,False
331,17735,873,4.953886032104492,False
331,5015,581,5.169346332550049,False
331,17697,1213,4.7001566886901855,False
331,23632,1705,4.314429759979248,False
331,1892,1079,4.808525085449219,False
331,3098,234,5.565573692321777,False
331,21962,198,5.653010368347168,False
331,35451,222,5.600754737854004,False
331,7302,300,5.470221042633057,False
331,33144,842,4.972858428955078,False
331,17715,640,5.123941421508789,False
331,4734,2205,3.926553249359131,False
331,25690,1856,4.187872409820557,False
331,32564,176,5.694520473480225,False
331,9958,542,5.201824188232422,False
331,17707,1177,4.725445747375488,False
331,18861,1,12.106776237487793,False
331,42532,1240,4.6855669021606445,False
331,10019,182,5.684758186340332,False
331,18925,82,5.979618549346924,False
331,37097,357,5.4149675369262695,False
331,28626,78,5.990496635437012,False
331,24122,890,4.939223766326904,False
331,24126,365,5.403127670288086,False
331,41182,996,4.868376731872559,False
331,13652,1931,4.130815505981445,False
331,28629,62,6.114813327789307,False
331,36840,270,5.517144203186035,False
331,13712,1658,4.36343240737915,False
331,16576,1761,4.271413803100586,False
331,34218,262,5.530013084411621,False
331,35440,280,5.500079154968262,False
331,17722,945,4.900594234466553,False
331,26335,969,4.881712913513184,False
331,39908,1890,4.166287422180176,False
331,7309,805,4.999927520751953,False
331,18841,509,5.229296684265137,False
331,42372,382,5.3878374099731445,False
331,3107,396,5.369376182556152,False
331,4338,207,5.626160621643066,False
331,32279,526,5.217800140380859,False
331,1943,1639,4.378737926483154,False
331,6852,1063,4.822878837585449,False
331,14856,1548,4.44052791595459,False
331,3109,541,5.204530715942383,False
331,6616,6,9.868125915527344,False
332,31058,1,24.140745162963867,False
333,2903,7,22.548967361450195,False
333,42285,43,19.40866470336914,False
333,25,13,22.09480857849121,False
333,7122,6,22.68500328063965,False
333,21810,15,21.972469329833984,False
333,22330,11,22.176952362060547,False
333,22321,12,22.131343841552734,False
333,22324,10,22.300365447998047,False
333,22328,14,22.0532283782959,False
333,22319,8,22.523958206176758,False
333,6645,27,20.572874069213867,False
333,22702,17,21.438556671142578,False
333,22701,18,21.373014450073242,False
333,22699,4,23.081518173217773,False
333,22703,16,21.504526138305664,False
333,22700,3,23.152881622314453,False
333,22704,19,21.35126304626465,False
333,22698,1,23.30046844482422,False
333,26546,22,20.69746971130371,False
333,35825,23,20.636734008789062,False
333,18551,9,22.51262664794922,False
334,36383,3,17.462181091308594,False
334,36399,4,16.537124633789062,False
334,36384,5,13.398117065429688,False
334,35387,1,18.216442108154297,False
334,35386,2,17.980392456054688,False
334,22810,6,11.356051445007324,False
335,39148,19,8.810715675354004,False
335,20642,3,11.564637184143066,False
335,32046,21,8.74616813659668,False
335,20643,1,11.653646469116211,False
335,20641,2,11.620107650756836,False
335,39299,25,8.113462448120117,False
335,28041,17,9.4858980178833,False
335,20402,6,10.772683143615723,False
335,39142,40,6.263327598571777,False
335,39144,47,5.738152503967285,False
335,14776,32,6.917943477630615,False
335,14775,34,6.859181880950928,False
335,42862,12,10.293160438537598,False
335,38588,14,9.710445404052734,False
335,19542,35,6.859181880950928,False
335,19541,30,6.977721691131592,False
335,25442,8,10.562430381774902,False
335,19538,37,6.677675247192383,False
335,19539,36,6.699836730957031,False
335,42863,11,10.466598510742188,False
335,19540,31,6.953686237335205,False
335,13875,29,7.112936973571777,False
335,21271,10,10.493800163269043,False
335,28028,13,10.11269760131836,False
335,28025,24,8.435530662536621,False
335,14074,20,8.80111312866211,False
335,31122,38,6.6337890625,False
335,13857,4,11.182332038879395,False
335,38587,15,9.687149047851562,False
335,27830,54,4.376137733459473,False
335,19354,7,10.772117614746094,False
335,33342,28,7.150729179382324,False
335,11449,23,8.631773948669434,False
335,1632,39,6.569032669067383,False
335,19544,33,6.917943477630615,False
335,13883,16,9.516798973083496,False
335,20645,22,8.727262496948242,False
335,20644,5,10.904753684997559,False
335,14774,18,9.329875946044922,False
335,39298,27,7.906909942626953,False
335,13458,26,7.991134166717529,False
335,8140,9,10.52114486694336,False
336,1229,10,10.240188598632812,False
337,21220,120,7.006510257720947,False
337,19861,83,7.379929542541504,False
337,19853,13,13.463191986083984,False
337,19859,67,7.6899213790893555,False
337,19863,48,7.849763870239258,False
337,21215,107,7.1474480628967285,False
337,21207,4,18.699312210083008,False
337,21213,68,7.682810306549072,False
337,21212,63,7.704183101654053,False
337,21211,70,7.661555767059326,False
337,21214,1,21.148542404174805,False
337,21208,5,17.430805206298828,False
337,19846,137,6.750338077545166,False
337,19847,75,7.557023525238037,False
337,21222,78,7.495661735534668,False
337,21217,129,6.893153667449951,False
337,19854,8,16.732467651367188,False
337,21216,11,15.585081100463867,False
337,19856,3,18.750511169433594,False
337,21221,12,15.585081100463867,False
337,19855,6,17.223434448242188,False
337,21219,10,15.609569549560547,False
337,19857,2,18.7705135345459,False
337,19864,59,7.732865810394287,False
337,19848,44,7.952746391296387,False
337,19860,145,6.5975661277771,False
337,19871,54,7.790876388549805,False
337,19870,53,7.790876388549805,False
337,21209,9,16.227619171142578,False
337,19858,154,6.276107311248779,False
337,19849,143,6.6212263107299805,False
337,19866,33,8.203924179077148,False
337,19868,24,8.289875030517578,False
337,19867,34,8.203924179077148,False
337,19865,31,8.234416007995605,False
337,19869,22,8.314764976501465,False
337,19872,46,7.887022972106934,False
337,19852,66,7.69704532623291,False
337,21210,7,16.841140747070312,False
338,23673,1,28.69234848022461,False
339,23079,7,9.667806625366211,False
339,23083,4,11.672126770019531,False
339,23085,3,11.702998161315918,False
339,23082,6,11.610918045043945,False
339,23084,5,11.626154899597168,False
339,23081,2,12.909931182861328,False
340,17076,4,13.127105712890625,False
340,17117,2,16.973283767700195,False
340,17118,3,14.951383590698242,False
341,39147,3,24.115270614624023,False
341,729,5,23.417781829833984,False
341,9573,4,23.99141502380371,False
341,4181,7,22.852142333984375,False
341,12198,14,20.775571823120117,False
341,25684,26,17.288068771362305,False
341,41681,13,21.02720832824707,False
341,31876,12,21.514400482177734,False
341,19427,10,21.57740020751953,False
341,41794,2,24.163619995117188,False
341,28263,1,24.23090362548828,False
341,13582,8,22.33013916015625,False
341,13583,9,22.28473663330078,False
341,13597,16,19.781444549560547,False
341,38961,6,23.021286010742188,False
341,4360,15,20.023292541503906,False
341,36931,11,21.529239654541016,False
341,37974,21,18.099071502685547,False
341,37973,27,16.644550323486328,False
341,37970,28,16.624555587768555,False
341,37971,23,18.06005859375,False
341,17378,25,17.686649322509766,False
342,19461,1,20.29043197631836,False
342,35054,2,17.15245819091797,False
346,9977,7,16.75482177734375,False
346,757,9,16.586063385009766,False
346,38602,6,17.343393325805664,False
346,3767,5,18.128835678100586,False
346,3748,24,12.147235870361328,False
346,120,115,9.03580093383789,False
346,5741,18,14.626502990722656,False
346,24062,2,18.612361907958984,False
346,34935,3,18.25905990600586,False
346,762,69,9.985267639160156,False
346,3779,4,18.22637176513672,False
346,6056,13,15.293889999389648,False
346,26441,120,8.993552207946777,False
346,32135,206,7.613268852233887,False
346,3741,20,13.687093734741211,False
346,6253,12,15.503524780273438,False
346,22490,17,14.633024215698242,False
346,39386,164,8.162413597106934,False
346,24063,1,18.930633544921875,False
349,5444,269,6.880733013153076,False
349,32665,125,8.498946189880371,False
349,25282,1,16.70801544189453,False
349,38579,29,10.355901718139648,False
349,18948,27367,0.0,True
352,6744,10,9.292871475219727,False
352,28603,23,7.693798542022705,False
352,17656,18,8.147506713867188,False
352,524,7,9.494796752929688,False
352,30349,14,8.9201021194458,False
352,36958,5,9.700666427612305,False
352,8883,22,7.693798542022705,False
352,30347,3,9.810837745666504,False
352,36488,24,7.510814189910889,False
352,18719,15,8.658077239990234,False
352,27603,17,8.331753730773926,False
352,40849,12,9.02940845489502,False
352,15850,20,7.746127605438232,False
352,15851,21,7.719080448150635,False
352,16297,25,7.21658182144165,False
352,525,8,9.393926620483398,False
352,11952,29,5.2343902587890625,False
352,30350,2,11.611438751220703,False
352,30348,1,11.71916389465332,False
352,41117,4,9.703178405761719,False
352,19202,27,6.869008541107178,False
352,40951,6,9.616270065307617,False
352,7289,13,9.011004447937012,False
352,30507,19,8.000078201293945,False
352,36489,26,7.204822063446045,False
352,22353,28,6.75358772277832,False
352,30346,9,9.374009132385254,False
352,10454,11,9.04788589477539,False
352,35676,16,8.590784072875977,False
353,21619,1,21.45087432861328,False
355,19443,24,6.9564595222473145,False
355,35700,19,7.242665767669678,False
355,35708,27,6.290288925170898,False
355,35706,23,7.183556079864502,False
355,35707,26,6.363046169281006,False
355,35699,18,7.278601169586182,False
355,35701,28,6.245654582977295,False
355,35702,29,6.073276042938232,False
355,19432,25,6.816391944885254,False
355,41684,16,8.823772430419922,False
355,37976,12,9.279601097106934,False
355,8244,7,10.739258766174316,False
355,29935,6,11.125593185424805,False
355,29940,5,11.132628440856934,False
355,11163,15,9.004305839538574,False
355,24488,8,10.51684284210205,False
355,24352,22,7.2070841789245605,False
355,29761,10,10.076339721679688,False
355,29941,4,11.23924446105957,False
355,8246,2,11.60986328125,False
355,13859,17,7.808053970336914,False
355,24355,30,5.982463359832764,False
355,13861,20,7.218906402587891,False
355,1395,13,9.269827842712402,False
355,37975,11,9.603593826293945,False
355,29936,1,12.218988418579102,False
355,35469,14,9.078604698181152,False
355,26207,21,7.218906402587891,False
355,29937,3,11.548930168151855,False
355,35470,9,10.500115394592285,False
357,20375,49,24.75697898864746,False
357,32011,17,28.506982803344727,False
357,41137,22,28.157489776611328,False
357,20376,11,29.12652015686035,False
357,28782,39,26.25079917907715,False
357,41136,19,28.469970703125,False
357,37405,44,25.69422149658203,False
357,28784,33,26.44146728515625,False
357,2249,28,27.228666305541992,False
357,32013,8,29.366971969604492,False
357,32012,27,27.299030303955078,False
357,2250,31,26.816774368286133,False
357,35674,12,28.833600997924805,False
357,41673,3,33.62767791748047,False
357,32014,18,28.50580596923828,False
357,3821,51,24.112668991088867,False
357,8788,15,28.560985565185547,False
357,2256,32,26.562891006469727,False
357,7093,50,24.272117614746094,False
357,37404,24,27.779216766357422,False
357,37401,40,26.176795959472656,False
357,37402,43,25.742324829101562,False
357,37403,37,26.350194931030273,False
357,23210,23,27.972667694091797,False
357,41133,13,28.781713485717773,False
357,30841,35,26.37517547607422,False
357,2512,26,27.524110794067383,False
357,22336,29,27.114940643310547,False
357,41134,20,28.466064453125,False
357,41135,16,28.536943435668945,False
357,22434,10,29.13973617553711,False
357,22435,5,30.8779296875,False
357,29856,48,25.075294494628906,False
357,8792,45,25.438343048095703,False
358,15368,3,16.30274200439453,False
358,6816,1,17.455116271972656,False
358,29035,4,15.862222671508789,False
358,6384,7,14.242733001708984,False
359,42958,10,11.75471305847168,False
359,24025,16,9.671098709106445,False
359,12559,1,14.30502700805664,False
359,12592,5,13.924325942993164,False
359,12574,4,14.075791358947754,False
359,12544,2,14.241272926330566,False
359,12552,7,13.776281356811523,False
359,12575,6,13.899417877197266,False
361,37411,10,8.514461517333984,False
361,21165,16,7.713469505310059,False
361,36449,22,6.7646803855896,False
361,11111,23,6.520165920257568,False
361,7480,15,7.713469505310059,False
361,9889,25,6.473369121551514,False
361,9157,13,8.0008544921875,False
361,34479,6,9.007664680480957,False
361,32796,11,8.310482025146484,False
361,38313,3,9.172557830810547,False
361,28125,7,8.814005851745605,False
361,10461,5,9.135394096374512,False
361,5421,12,8.204644203186035,False
361,9153,14,7.972564697265625,False
361,18972,21,7.128232002258301,False
361,23205,4,9.153939247131348,False
361,30206,19,7.409311771392822,False
361,9546,17,7.687171936035156,False
361,21697,2,11.5850830078125,False
361,8033,8,8.628499031066895,False
361,42571,20,7.372971057891846,False
361,33168,9,8.530567169189453,False
361,13758,1,11.644914627075195,False
361,36509,24,6.50136661529541,False
361,42752,18,7.433740139007568,False
363,26805,89,7.990725040435791,False
365,18534,101,7.063302040100098,False
365,18535,18,10.671696662902832,False
365,18537,16,11.069215774536133,False
365,33053,9,12.895474433898926,False
365,28994,3,16.976093292236328,False
365,18528,11,12.247894287109375,False
365,28993,29,9.333654403686523,False
365,18536,1,17.160446166992188,False
365,6240,5,15.57568359375,False
367,20602,1015,5.348851203918457,False
367,32766,1217,5.036834716796875,False
367,26155,1119,5.192935943603516,False
367,4499,632,5.9692230224609375,False
367,18282,438,6.263795852661133,False
367,14647,568,6.071734428405762,False
367,17854,305,6.497913360595703,False
367,18010,372,6.387596607208252,False
367,4414,470,6.211974143981934,False
367,23848,1041,5.298496246337891,False
367,26195,236,6.658679008483887,False
367,26196,1335,4.848024845123291,False
367,21599,315,6.479611396789551,False
367,28969,618,5.996258735656738,False
367,39826,778,5.716455936431885,False
367,14713,601,6.012873649597168,False
367,39811,662,5.902421951293945,False
367,30160,772,5.724791526794434,False
367,26162,1230,5.018064975738525,False
367,32556,613,6.00086784362793,False
367,19284,9,9.524715423583984,False
367,14521,1045,5.294871807098389,False
367,7362,423,6.296265602111816,False
367,32126,226,6.688833713531494,False
367,36317,1269,4.971893310546875,False
367,28023,84,7.105887413024902,False
367,6641,667,5.897141456604004,False
367,14715,267,6.589675426483154,False
367,642,5840,2.9927351474761963,False
367,7621,12,9.006072044372559,False
367,7968,7882,2.6423182487487793,False
367,39795,160,6.83573579788208,False
367,9792,1265,4.976462364196777,False
367,37271,103,7.02691125869751,False
367,21860,487,6.187989234924316,False
367,19201,144,6.899031639099121,False
367,5721,352,6.420479774475098,False
367,37270,379,6.37305212020874,False
367,38720,3,10.309809684753418,False
367,29006,1,10.798921585083008,False
367,26776,688,5.855881690979004,False
367,29237,2,10.51085090637207,False
368,185,14,13.597206115722656,False
368,3,43,10.539602279663086,False
368,1639,76,9.007772445678711,False
368,3387,153,3.764251470565796,False
368,3386,2,14.596385955810547,False
368,3388,1,14.893136024475098,False
368,3385,79,8.87419319152832,False
368,30200,12,13.613391876220703,False
368,37806,191,3.2872955799102783,False
368,4071,29,12.166139602661133,False
368,17044,45,10.460439682006836,False
368,7121,84,8.226387023925781,False
368,41839,95,6.9527363777160645,False
368,22326,32,11.797416687011719,False
368,22325,27,12.371668815612793,False
368,11344,31,11.815000534057617,False
368,7478,22,12.884441375732422,False
368,8608,36,11.518475532531738,False
368,8601,66,9.37969970703125,False
368,8611,6,13.95566177368164,False
368,8607,7,13.945845603942871,False
368,7890,57,9.821948051452637,False
368,7885,30,12.14603042602539,False
368,7892,35,11.590595245361328,False
368,35821,20,13.351508140563965,False
368,10334,11,13.624419212341309,False
368,15664,16,13.502150535583496,False
368,15133,37,11.490240097045898,False
368,15143,63,9.477399826049805,False
368,16453,54,9.883126258850098,False
368,33362,53,9.943016052246094,False
368,35874,86,8.212194442749023,False
368,19304,25,12.566429138183594,False
368,20690,24,12.68486499786377,False
368,15963,46,10.383272171020508,False
368,32508,15,13.528310775756836,False
368,21463,13,13.59873104095459,False
368,21460,48,10.045022964477539,False
368,21911,92,7.558215618133545,False
368,23349,52,9.94507122039795,False
368,14469,33,11.658689498901367,False
368,25901,4,14.015477180480957,False
368,15930,21,13.172039031982422,False
368,343,10,13.874073028564453,False
368,35886,64,9.425296783447266,False
368,35822,17,13.481785774230957,False
368,38764,26,12.530691146850586,False
368,38765,23,12.802913665771484,False
368,7886,70,9.336201667785645,False
368,30199,3,14.125955581665039,False
368,30198,18,13.444501876831055,False
368,15583,28,12.203951835632324,False
368,15584,38,11.432372093200684,False
368,31314,34,11.657323837280273,False
368,34806,5,13.965499877929688,False
368,35820,9,13.90682601928711,False
368,17048,62,9.50302791595459,False
368,35084,19,13.401739120483398,False
368,35875,87,8.212194442749023,False
368,37983,40,10.937520980834961,False
368,38214,8,13.926037788391113,False
368,15384,49,10.03530216217041,False
368,39877,55,9.871886253356934,False
368,19927,39,11.32630443572998,False
368,38215,89,7.872646808624268,False
368,25461,91,7.593080997467041,False
368,7122,414,2.728616714477539,False
368,18406,397,2.763328790664673,False
368,15800,65,9.414031028747559,False
368,6645,549,2.5472936630249023,False
368,35883,656,2.465378522872925,False
368,18405,277,2.964460611343384,False
368,25,51,9.965890884399414,False
368,42284,42,10.561458587646484,False
368,42275,384,2.7869648933410645,False
368,22321,60,9.701837539672852,False
368,37638,58,9.761523246765137,False
368,18573,75,9.055841445922852,False
368,18561,240,3.069176197052002,False
368,19870,59,9.724759101867676,False
368,21221,81,8.425934791564941,False
369,25180,47,11.743232727050781,False
369,39812,374,10.0029296875,False
370,30305,1411,4.874508380889893,False
371,37938,38532,0.0,True
371,37310,25,9.948020935058594,False
371,377,1339,3.394150495529175,False
371,7952,10,13.325773239135742,False
371,42378,260,3.784727096557617,False
371,41487,439,3.6891252994537354,False
371,16891,20144,0.0,True
371,22558,3849,2.4773623943328857,False
372,2348,1,18.39339828491211,False
376,34771,1,19.44963264465332,False
376,34769,2,17.711776733398438,False
376,34768,3,17.41019058227539,False
380,14124,5,18.630382537841797,False
380,2270,2,21.12563705444336,False
380,2269,6,18.16025161743164,False
380,5491,3,19.65998077392578,False
380,6025,4,19.20462417602539,False
380,30584,1,22.608299255371094,False
382,41483,54,14.584449768066406,False
382,11378,3,24.127405166625977,False
382,23069,2,25.0750732421875,False
382,29733,22,19.88581085205078,False
384,21775,7,13.158262252807617,False
384,38034,17,12.869308471679688,False
384,38031,16,12.905719757080078,False
384,38033,11,12.991662979125977,False
384,42219,6,13.232904434204102,False
384,32678,23,12.128931045532227,False
384,1677,8,13.129981994628906,False
384,38035,14,12.930133819580078,False
384,32679,24,12.112504005432129,False
384,35228,20,12.33370590209961,False
384,38032,13,12.966965675354004,False
384,33640,1,16.29555892944336,False
384,38041,3,15.066261291503906,False
384,34556,19,12.465761184692383,False
384,32677,22,12.128931045532227,False
384,15081,4,14.026599884033203,False
384,21774,12,12.972503662109375,False
384,38036,15,12.930133819580078,False
384,38029,10,13.053913116455078,False
384,901,2,15.785300254821777,False
389,30291,34,13.995329856872559,False
389,9488,81,13.03783130645752,False
389,30290,36,13.983777046203613,False
389,21821,50,13.68171215057373,False
389,21829,3,18.383554458618164,False
389,21823,393,10.142854690551758,False
389,21532,434,9.994283676147461,False
389,21826,60,13.53213119506836,False
389,37887,417,10.076790809631348,False
389,37890,433,9.995928764343262,False
389,8294,64,13.436467170715332,False
389,12715,150,10.85287094116211,False
389,12716,152,10.843679428100586,False
389,12713,148,10.866827011108398,False
389,26560,279,10.430547714233398,False
389,26557,269,10.454717636108398,False
389,26558,398,10.127633094787598,False
389,26603,480,9.738595962524414,False
389,26556,361,10.235183715820312,False
389,24968,252,10.483787536621094,False
389,26569,257,10.47111701965332,False
389,30293,283,10.425166130065918,False
389,19713,199,10.631102561950684,False
389,30295,298,10.387655258178711,False
389,41232,46,13.71881103515625,False
389,30288,37,13.97225284576416,False
389,30292,346,10.283334732055664,False
389,14004,139,10.966615676879883,False
389,26589,319,10.335382461547852,False
389,30058,366,10.220375061035156,False
389,37673,31,14.070067405700684,False
389,278,183,10.679040908813477,False
389,12497,285,10.418935775756836,False
389,21825,63,13.438343048095703,False
389,38206,335,10.31346607208252,False
389,1593,239,10.517827033996582,False
389,26591,420,10.057175636291504,False
389,30294,288,10.409055709838867,False
389,38780,513,9.566442489624023,False
389,3057,69,13.3858003616333,False
389,2358,305,10.35963249206543,False
389,21507,251,10.485883712768555,False
389,21526,176,10.695520401000977,False
389,21530,230,10.544418334960938,False
389,30471,256,10.471691131591797,False
389,35939,51,13.681513786315918,False
389,23127,162,10.769598007202148,False
389,37672,245,10.505694389343262,False
389,26578,388,10.157759666442871,False
389,23130,276,10.436718940734863,False
389,37891,76,13.18374252319336,False
389,37908,73,13.33849048614502,False
389,17181,77,13.177420616149902,False
389,11440,129,11.055936813354492,False
389,19712,259,10.469114303588867,False
389,37925,58,13.579208374023438,False
389,25805,19,14.57603931427002,False
389,17362,131,11.042258262634277,False
389,17360,163,10.757484436035156,False
389,37678,43,13.885635375976562,False
389,3789,26,14.256579399108887,False
389,37679,247,10.501038551330566,False
389,2337,204,10.61752986907959,False
389,19715,172,10.706403732299805,False
389,13893,22,14.356435775756836,False
389,35916,28,14.078019142150879,False
389,37675,33,14.006858825683594,False
389,19721,8,15.861534118652344,False
389,2335,293,10.398736953735352,False
389,19727,9,15.751508712768555,False
389,19730,17,14.681228637695312,False
389,28223,196,10.639924049377441,False
389,24965,315,10.347112655639648,False
389,37904,68,13.386503219604492,False
389,37889,478,9.75178050994873,False
389,37684,250,10.491741180419922,False
389,19709,266,10.457462310791016,False
389,19718,15,14.847640991210938,False
389,26593,332,10.31529426574707,False
389,3951,354,10.25074291229248,False
389,24964,352,10.264362335205078,False
389,19716,20,14.40669059753418,False
389,37913,78,13.149552345275879,False
389,26700,93,12.15845775604248,False
389,3952,441,9.970466613769531,False
389,37677,246,10.501038551330566,False
389,23125,321,10.334512710571289,False
389,21502,538,9.375118255615234,False
389,37919,380,10.17868709564209,False
389,19722,11,15.486455917358398,False
389,29814,344,10.28691577911377,False
389,17530,442,9.963264465332031,False
389,2334,284,10.424751281738281,False
389,17531,416,10.077234268188477,False
389,38211,71,13.364564895629883,False
389,33703,32,14.025796890258789,False
389,11459,363,10.232393264770508,False
389,21827,2,18.80907440185547,False
389,37685,35,13.985978126525879,False
389,37686,262,10.46297836303711,False
389,17532,423,10.04724407196045,False
389,17533,430,10.022392272949219,False
389,23145,394,10.140193939208984,False
389,2357,396,10.13370132446289,False
389,37681,41,13.923892974853516,False
389,31010,413,10.092300415039062,False
389,11441,464,9.844271659851074,False
389,27229,304,10.364133834838867,False
389,12714,144,10.893959045410156,False
389,30472,497,9.632453918457031,False
389,37924,326,10.323139190673828,False
389,38210,401,10.122854232788086,False
389,8925,171,10.707172393798828,False
389,19720,263,10.462182998657227,False
389,19728,229,10.544906616210938,False
389,23150,193,10.648128509521484,False
389,23141,343,10.287734985351562,False
389,19731,18,14.662979125976562,False
389,19729,223,10.555932998657227,False
389,2333,299,10.386552810668945,False
389,2336,203,10.61752986907959,False
389,30474,328,10.321004867553711,False
389,21506,482,9.71798038482666,False
389,2939,39,13.96223258972168,False
389,3953,447,9.929071426391602,False
389,21578,365,10.220375061035156,False
389,3950,56,13.598257064819336,False
389,37682,421,10.056848526000977,False
389,37674,40,13.929946899414062,False
389,19710,217,10.57423210144043,False
389,21510,427,10.030233383178711,False
389,17363,25,14.274910926818848,False
389,30289,272,10.452131271362305,False
389,28220,208,10.599085807800293,False
389,37896,370,10.20936393737793,False
389,12302,270,10.45261001586914,False
389,21516,307,10.355725288391113,False
389,21515,169,10.733587265014648,False
389,21514,385,10.163223266601562,False
389,37683,316,10.342954635620117,False
389,21525,236,10.526796340942383,False
389,19711,274,10.444353103637695,False
389,26561,390,10.15302848815918,False
389,19732,234,10.530872344970703,False
389,25301,14,15.162498474121094,False
389,23134,282,10.425804138183594,False
389,23143,255,10.476910591125488,False
389,21511,261,10.464031219482422,False
389,37687,44,13.840154647827148,False
389,21528,439,9.982359886169434,False
389,17534,412,10.092300415039062,False
389,5232,48,13.698695182800293,False
389,19714,296,10.39338207244873,False
389,23128,52,13.672096252441406,False
389,23146,253,10.478189468383789,False
389,21509,258,10.470608711242676,False
389,21822,1,19.94692611694336,False
391,596,8,14.667655944824219,False
391,32803,16,13.980630874633789,False
391,29544,10,14.440635681152344,False
391,30137,3,15.653858184814453,False
391,11049,78,12.17483901977539,False
391,24764,23,13.50551986694336,False
391,18125,4,15.120503425598145,False
391,21667,9,14.455479621887207,False
396,25191,1,11.590753555297852,False
398,33695,21,11.78144645690918,False
398,3427,13,12.720051765441895,False
398,4294,92,7.540199279785156,False
398,4290,1,17.909591674804688,False
398,4295,51,8.77108097076416,False
398,4296,55,8.695154190063477,False
398,4288,68,8.232458114624023,False
398,4292,53,8.716712951660156,False
398,15390,35,9.97849178314209,False
398,33311,7,13.988594055175781,False
398,19838,33,10.232874870300293,False
398,33310,8,13.960820198059082,False
398,422,16,12.428133010864258,False
398,423,3,17.721664428710938,False
398,35731,11,12.87913703918457,False
398,34586,9,13.71572208404541,False
398,35285,4,16.74126625061035,False
398,16522,5,16.01325798034668,False
398,19514,15,12.515689849853516,False
401,23496,306,4.762544631958008,False
401,31642,4,11.82514762878418,False
401,31104,34,11.136344909667969,False
401,26217,1,12.023189544677734,False
401,473,27,11.241844177246094,False
401,26629,56,10.564115524291992,False
401,31105,31,11.16813850402832,False
401,31103,32,11.152217864990234,False
401,41143,11,11.723196029663086,False
401,31107,30,11.184103965759277,False
401,31106,29,11.184103965759277,False
401,31111,33,11.151005744934082,False
401,40408,5,11.82514762878418,False
401,25925,13,11.64907455444336,False
401,23498,18,11.574854850769043,False
401,34629,62,9.712373733520508,False
401,31108,40,11.073296546936035,False
401,20522,25,11.378669738769531,False
402,24559,15,25.776409149169922,False
402,24557,65,23.98368263244629,False
402,24556,57,24.356426239013672,False
402,24562,10,26.203655242919922,False
402,24561,70,23.754125595092773,False
402,24558,60,24.117454528808594,False
402,24560,66,23.960824966430664,False
403,33231,102,7.487617492675781,False
403,33234,103,7.477015495300293,False
403,33233,73,7.726853847503662,False
403,37186,84,7.607316017150879,False
403,9868,311,6.519079208374023,False
403,27617,33,8.170016288757324,False
403,27920,66,7.763317584991455,False
403,27919,334,6.438437461853027,False
403,27907,497,5.992557048797607,False
403,27906,101,7.505472183227539,False
403,27903,246,6.739303112030029,False
403,27902,276,6.654158115386963,False
403,27900,397,6.27958869934082,False
403,27898,392,6.288514614105225,False
403,30566,124,7.303989887237549,False
403,30568,92,7.574222564697266,False
403,38808,340,6.4216718673706055,False
403,8288,173,7.018537521362305,False
403,19,4,10.509101867675781,False
403,5853,385,6.3133955001831055,False
403,37958,44,7.985107898712158,False
403,20721,52,7.892640113830566,False
403,36523,13,9.316960334777832,False
403,37962,86,7.604095458984375,False
403,27905,195,6.93235969543457,False
403,22456,674,5.339762210845947,False
403,27904,137,7.1868109703063965,False
403,31319,683,5.2760820388793945,False
403,27918,286,6.616576194763184,False
403,22457,422,6.21544075012207,False
403,33235,288,6.611632347106934,False
404,35609,58,11.241113662719727,False
404,1170,160,10.004833221435547,False
404,27401,427,8.204581260681152,False
404,9325,340,8.547931671142578,False
406,16126,37,15.65066146850586,False
406,33546,35,16.04725456237793,False
406,33542,39,14.836886405944824,False
406,33569,5,24.151351928710938,False
406,33566,3,24.221229553222656,False
406,16137,33,19.138450622558594,False
406,16122,13,22.47374725341797,False
406,33541,44,14.489283561706543,False
406,33543,46,14.32546615600586,False
406,16183,9,23.184213638305664,False
406,16160,7,23.590959548950195,False
406,33544,45,14.351500511169434,False
406,33545,43,14.503106117248535,False
406,33570,1,25.716468811035156,False
406,33568,2,24.35619354248047,False
406,33567,6,23.780282974243164,False
406,33547,40,14.772037506103516,False
406,16186,16,21.951128005981445,False
406,16123,15,22.152694702148438,False
406,16200,4,24.193340301513672,False
406,16201,17,21.917936325073242,False
406,16220,18,21.89255714416504,False
407,24573,67,7.622498512268066,False
407,14314,117,7.159868240356445,False
407,17797,14,12.132133483886719,False
407,4955,188,6.623505592346191,False
407,37087,311,5.198620319366455,False
407,3718,433,3.9915857315063477,False
407,7114,187,6.6312479972839355,False
407,39681,76,7.517725944519043,False
407,8479,402,4.339665412902832,False
407,25093,355,4.794430732727051,False
407,17801,345,4.876859664916992,False
408,27966,12,19.14212989807129,False
408,12,9,19.541746139526367,False
408,27800,17,18.740564346313477,False
408,27802,18,18.610576629638672,False
408,36644,4,21.62671661376953,False
408,27808,13,18.995346069335938,False
408,27958,16,18.845924377441406,False
408,27957,10,19.37663459777832,False
408,27806,28,16.61347007751465,False
408,27959,3,21.82318687438965,False
408,27964,5,21.517282485961914,False
408,426,11,19.357162475585938,False
408,39772,21,18.115192413330078,False
408,27801,14,18.845924377441406,False
408,27803,15,18.845924377441406,False
408,6425,23,17.922330856323242,False
408,17951,29,15.513130187988281,False
408,36611,51,12.634822845458984,False
408,36663,53,12.314722061157227,False
408,429,20,18.425506591796875,False
408,36548,24,17.450641632080078,False
408,14026,27,17.06463050842285,False
408,13054,8,19.724515914916992,False
408,27805,26,17.36916160583496,False
408,36558,2,22.03592300415039,False
408,428,19,18.45682144165039,False
408,27963,7,19.862834930419922,False
408,27965,22,18.01181411743164,False
408,27967,6,20.392173767089844,False
408,36529,25,17.39699363708496,False
408,36006,35,15.007126808166504,False
409,33634,48,7.448093414306641,False
409,14731,3286,3.001095771789551,False
409,2801,3785,2.792330741882324,False
409,22536,2323,3.283828020095825,False
409,22554,249,5.785155296325684,False
409,14777,18588,0.0,True
409,42808,9,8.612200736999512,False
409,18304,4004,2.6940433979034424,False
409,356,307,5.367354393005371,False
409,22550,180,6.07496976852417,False
409,22563,1579,3.46659779548645,False
409,22537,293,5.498332500457764,False
409,3611,3486,2.921527147293091,False
409,22530,206,5.951085090637207,False
409,22548,79,6.797350883483887,False
409,8956,1082,3.617788076400757,False
409,24318,1998,3.3621888160705566,False
409,35380,216,5.91586446762085,False
409,14786,3744,2.807852029800415,False
409,17248,2384,3.2701971530914307,False
409,4743,2117,3.3314740657806396,False
409,22539,74,6.8463358879089355,False
409,22533,43,7.516009330749512,False
409,22534,49,7.441932678222656,False
409,22546,25,7.800929069519043,False
409,32993,46,7.473992347717285,False
409,1850,7425,0.0,True
409,1490,1741,3.4249792098999023,False
409,14697,2717,3.1772751808166504,False
409,22559,38,7.621129989624023,False
409,14784,788,3.7514612674713135,False
409,14643,45,7.508847236633301,False
409,42655,2997,3.099299192428589,False
409,16890,300,5.442393779754639,False
409,29959,348,5.009364128112793,False
409,4742,116,6.432977676391602,False
409,1510,802,3.7446765899658203,False
409,14625,5091,1.999330759048462,False
409,42804,2543,3.2251243591308594,False
409,41915,19,8.04867172241211,False
410,41344,340,4.17323637008667,False
410,14947,32,7.879814147949219,False
410,14943,19,8.381455421447754,False
410,14023,66,6.956332206726074,False
410,14029,68,6.944249153137207,False
410,5195,5682,0.0,True
410,5194,151,5.051156520843506,False
410,27997,3,14.965921401977539,False
410,3346,16,8.503294944763184,False
410,30062,148,5.0800395011901855,False
410,30065,77,6.544219017028809,False
410,3344,28,8.02212142944336,False
410,20918,106,5.699232578277588,False
410,17494,86,6.187203407287598,False
410,3345,35,7.843441486358643,False
410,30063,146,5.089740753173828,False
410,16657,279,4.378934383392334,False
410,17497,45,7.464095115661621,False
410,16533,79,6.488458156585693,False
410,16532,21,8.319930076599121,False
410,33582,114,5.615180969238281,False
410,19518,42,7.635992527008057,False
410,26551,122,5.447413444519043,False
410,14941,30,7.950331211090088,False
410,17496,22,8.237133979797363,False
410,14940,43,7.61878776550293,False
410,11781,198,4.753840923309326,False
410,24195,118,5.56825590133667,False
410,33581,116,5.603375434875488,False
410,41065,196,4.770859718322754,False
410,14937,57,7.20065450668335,False
410,14936,59,7.181252956390381,False
410,14938,56,7.207145690917969,False
410,14935,58,7.19417667388916,False
410,19422,44,7.5540056228637695,False
410,14944,78,6.524898052215576,False
410,30064,33,7.871943473815918,False
410,33578,37,7.8127851486206055,False
410,22453,72,6.722389221191406,False
410,28060,164,4.994363784790039,False
410,13616,64,7.008882999420166,False
410,36797,36851,0.0,True
410,33579,112,5.627036094665527,False
410,14933,63,7.027363300323486,False
410,17493,47,7.4588727951049805,False
410,17495,36,7.833494663238525,False
410,22301,62,7.092818260192871,False
410,21255,61,7.102269172668457,False
410,33580,113,5.615180969238281,False
410,26549,70,6.860827922821045,False
410,33583,117,5.603375434875488,False
410,28044,75,6.642074108123779,False
410,2769,5,14.366484642028809,False
410,2768,18,8.413527488708496,False
410,14939,40,7.662596225738525,False
410,14942,23,8.162793159484863,False
410,14934,46,7.462764263153076,False
410,20222,69,6.885589599609375,False
411,36758,40,11.446022033691406,False
411,36759,44,11.423653602600098,False
411,7582,72,9.723986625671387,False
411,36755,70,9.744596481323242,False
411,30202,3,12.063042640686035,False
411,39335,14,11.834186553955078,False
411,15239,66,9.858576774597168,False
411,37131,148,7.964921951293945,False
411,19357,53,10.715047836303711,False
411,39348,76,9.460227012634277,False
411,3722,24,11.768479347229004,False
411,36762,48,11.28979778289795,False
411,39347,23,11.792346954345703,False
411,16043,178,7.708103179931641,False
411,36738,8,11.867094993591309,False
411,37134,27,11.717811584472656,False
411,39344,65,9.947376251220703,False
411,39336,15,11.834186553955078,False
411,36740,5,11.976029396057129,False
411,36739,9,11.867094993591309,False
411,36745,26,11.729936599731445,False
411,24444,54,10.66305160522461,False
411,36754,98,8.640833854675293,False
411,7951,93,8.761100769042969,False
411,27580,158,7.888805866241455,False
411,15233,59,10.109861373901367,False
411,15244,52,10.730155944824219,False
411,39340,17,11.823697090148926,False
411,36735,41,11.434825897216797,False
411,36750,42,11.434825897216797,False
411,39342,22,11.792346954345703,False
411,36752,132,8.10859489440918,False
411,39343,18,11.823697090148926,False
411,15225,71,9.733116149902344,False
411,37132,33,11.561197280883789,False
411,19290,77,9.429862976074219,False
411,39158,74,9.605237007141113,False
411,36733,75,9.512423515319824,False
411,36760,56,10.560646057128906,False
411,36761,35,11.500191688537598,False
411,39334,60,10.09359359741211,False
411,15224,63,9.955114364624023,False
411,3723,1,12.169817924499512,False
411,39346,20,11.813227653503418,False
411,24847,168,7.815088748931885,False
411,36743,32,11.592679023742676,False
411,36751,21,11.798114776611328,False
411,36742,2,12.118459701538086,False
411,36748,34,11.528841018676758,False
411,9456,369,4.846189975738525,False
411,36753,97,8.724528312683105,False
411,5367,47,11.295816421508789,False
411,15232,85,9.076163291931152,False
411,36749,43,11.423653602600098,False
411,8596,51,10.85338020324707,False
411,41604,30,11.626060485839844,False
411,12492,279,7.429022312164307,False
411,33961,117,8.285893440246582,False
411,9273,183,7.6707892417907715,False
411,15240,55,10.603440284729004,False
411,2896,162,7.853390693664551,False
411,36717,64,9.947376251220703,False
411,4672,46,11.380354881286621,False
411,36747,31,11.624873161315918,False
411,24864,7,11.913289070129395,False
411,39338,12,11.85522174835205,False
411,39341,82,9.350935935974121,False
411,36746,36,11.468478202819824,False
411,36736,37,11.457239151000977,False
411,24861,83,9.101607322692871,False
411,15231,69,9.82050609588623,False
411,39339,13,11.85522174835205,False
411,39337,19,11.813227653503418,False
411,15242,49,11.072347640991211,False
411,36741,10,11.867094993591309,False
411,36737,38,11.446022033691406,False
411,37133,4,12.054020881652832,False
411,6146,292,7.181512832641602,False
411,36744,11,11.867094993591309,False
411,19295,67,9.849650382995605,False
411,9183,25,11.735196113586426,False
411,39345,16,11.834186553955078,False
411,6291,58,10.200486183166504,False
411,39349,81,9.364453315734863,False
411,13485,80,9.391611099243164,False
412,13712,1,25.835773468017578,False
413,35298,1,22.044902801513672,False
414,24481,133,13.362853050231934,False
414,14990,20,13.929107666015625,False
414,1888,130,13.39857292175293,False
414,29896,37,13.835480690002441,False
414,31129,85,13.649953842163086,False
414,2909,90,13.632902145385742,False
414,23053,84,13.650091171264648,False
414,8058,111,13.546205520629883,False
414,31136,72,13.696600914001465,False
414,3193,77,13.67289924621582,False
414,29892,162,12.814676284790039,False
414,38146,125,13.466646194458008,False
414,9220,7,14.016698837280273,False
414,29900,81,13.661584854125977,False
414,2914,3,14.048377990722656,False
414,38145,127,13.421621322631836,False
414,29601,138,13.332509994506836,False
414,40641,128,13.399226188659668,False
414,9754,119,13.511987686157227,False
414,2911,70,13.696693420410156,False
414,490,109,13.546205520629883,False
414,12465,66,13.724220275878906,False
414,6822,102,13.580604553222656,False
414,11365,33,13.869575500488281,False
414,33958,115,13.534778594970703,False
414,41097,129,13.399226188659668,False
414,4578,120,13.49799633026123,False
414,12471,41,13.807491302490234,False
414,31134,71,13.696600914001465,False
414,29905,117,13.526714324951172,False
414,42502,21,13.929107666015625,False
414,12470,49,13.788896560668945,False
414,33957,114,13.534778594970703,False
414,9221,5,14.032520294189453,False
414,29893,124,13.466646194458008,False
414,3876,140,13.323877334594727,False
414,29604,135,13.354671478271484,False
414,9226,61,13.750720024108887,False
414,2910,122,13.489276885986328,False
414,9230,126,13.421798706054688,False
414,20415,36,13.846443176269531,False
414,37874,168,12.410484313964844,False
414,11368,123,13.477951049804688,False
414,12466,63,13.742635726928711,False
414,37501,151,13.132757186889648,False
414,3197,16,13.939117431640625,False
414,33344,26,13.892252922058105,False
414,2913,68,13.71885871887207,False
414,23122,92,13.619755744934082,False
414,31826,2,14.094929695129395,False
414,31843,74,13.680753707885742,False
414,7254,173,12.325867652893066,False
414,33349,83,13.650787353515625,False
414,3195,88,13.640876770019531,False
414,19662,228,9.501032829284668,False
414,9222,9,14.000913619995117,False
414,17939,78,13.669279098510742,False
414,29898,6,14.028549194335938,False
414,3191,69,13.697015762329102,False
414,31132,64,13.73377799987793,False
414,9231,19,13.929630279541016,False
414,31130,60,13.765251159667969,False
414,37615,95,13.60542106628418,False
414,29897,51,13.788896560668945,False
414,4466,110,13.546205520629883,False
414,29608,144,13.288415908813477,False
414,7460,159,12.870977401733398,False
414,31127,148,13.165550231933594,False
414,3196,35,13.863587379455566,False
414,29902,24,13.910694122314453,False
414,7249,121,13.49081039428711,False
414,8685,80,13.664878845214844,False
414,40592,10,13.993234634399414,False
414,862,75,13.678404808044434,False
414,6826,103,13.569116592407227,False
414,12462,132,13.368542671203613,False
414,29605,143,13.288415908813477,False
414,20588,58,13.770353317260742,False
414,3189,91,13.624921798706055,False
414,6824,101,13.592110633850098,False
414,42918,108,13.557649612426758,False
414,33357,76,13.675793647766113,False
414,2915,40,13.816808700561523,False
414,42321,32,13.870237350463867,False
414,6825,105,13.557649612426758,False
414,9762,106,13.557649612426758,False
414,3349,163,12.710052490234375,False
414,27664,155,12.956758499145508,False
414,14986,18,13.936504364013672,False
414,14988,149,13.161032676696777,False
414,29903,152,13.10831069946289,False
414,3203,17,13.938371658325195,False
414,3198,99,13.592110633850098,False
414,20427,8,14.002288818359375,False
414,29906,38,13.826139450073242,False
414,634,118,13.511987686157227,False
414,12467,56,13.779619216918945,False
414,23054,87,13.641546249389648,False
414,9223,57,13.770353317260742,False
414,12473,42,13.807491302490234,False
414,36349,46,13.798189163208008,False
414,14991,27,13.890679359436035,False
414,34904,39,13.819147109985352,False
414,34905,55,13.7828950881958,False
414,34906,59,13.768447875976562,False
414,34900,52,13.7828950881958,False
414,34907,44,13.804620742797852,False
414,34901,150,13.160232543945312,False
414,34902,53,13.7828950881958,False
414,34903,54,13.7828950881958,False
414,31135,22,13.924981117248535,False
414,29374,104,13.569116592407227,False
414,29894,97,13.601545333862305,False
414,3188,67,13.721217155456543,False
414,29606,142,13.310425758361816,False
414,33359,12,13.985164642333984,False
414,9219,13,13.977302551269531,False
414,36441,147,13.1795072555542,False
414,3199,100,13.592110633850098,False
414,3190,73,13.688968658447266,False
414,42322,23,13.919410705566406,False
414,8060,113,13.534778594970703,False
414,3194,86,13.648868560791016,False
414,31131,30,13.882579803466797,False
414,12469,48,13.788896560668945,False
414,38143,136,13.353084564208984,False
414,28,137,13.3339262008667,False
414,14989,166,12.551084518432617,False
414,8684,82,13.656869888305664,False
414,31133,28,13.890610694885254,False
414,9228,29,13.883672714233398,False
414,33347,1,14.131002426147461,False
414,1050,62,13.75053596496582,False
414,15393,50,13.788896560668945,False
414,29904,93,13.612308502197266,False
414,29895,31,13.872982025146484,False
414,27641,131,13.382436752319336,False
414,8683,79,13.664878845214844,False
414,7198,34,13.866937637329102,False
414,23056,4,14.038783073425293,False
414,31128,94,13.605751037597656,False
414,2912,65,13.724220275878906,False
414,29899,98,13.601545333862305,False
414,12463,112,13.546205520629883,False
414,9229,43,13.805854797363281,False
414,12468,47,13.788896560668945,False
414,14296,25,13.906960487365723,False
414,38144,139,13.32802963256836,False
414,29901,153,12.986356735229492,False
414,12472,45,13.798189163208008,False
414,39197,134,13.357601165771484,False
414,17691,15,13.951040267944336,False
414,5221,89,13.638343811035156,False
414,12464,107,13.557649612426758,False
414,2908,141,13.317476272583008,False
414,42916,154,12.986356735229492,False
414,42915,96,13.603599548339844,False
414,3204,14,13.97645092010498,False
414,38402,116,13.53139877319336,False
414,11845,212,10.270591735839844,False
414,1631,157,12.903083801269531,False
414,33346,11,13.989742279052734,False
414,20132,156,12.933723449707031,False
414,1632,158,12.871273040771484,False
414,25187,171,12.34050178527832,False
415,10421,64,16.958417892456055,False
415,18550,36,17.382707595825195,False
415,9757,97,16.13053321838379,False
415,17973,114,15.881509780883789,False
415,7252,19,19.85224151611328,False
415,29,85,16.466569900512695,False
415,15757,20,19.656591415405273,False
415,17741,59,17.022014617919922,False
415,12308,13,20.519161224365234,False
415,184,93,16.277145385742188,False
415,20420,11,20.597143173217773,False
415,15605,3,22.19476318359375,False
415,32737,117,15.551396369934082,False
415,21527,53,17.090320587158203,False
415,17976,111,15.927613258361816,False
415,36439,1,22.633655548095703,False
415,19647,76,16.73467254638672,False
415,9775,70,16.839160919189453,False
415,23136,44,17.208881378173828,False
415,23135,31,17.50067138671875,False
415,31827,17,20.093761444091797,False
415,19664,10,20.819263458251953,False
415,17972,115,15.86620044708252,False
415,32674,38,17.293136596679688,False
415,10424,15,20.334806442260742,False
415,3226,82,16.559629440307617,False
415,32673,40,17.2690486907959,False
415,25985,25,17.60582733154297,False
415,19121,63,16.96936798095703,False
415,19122,30,17.50522804260254,False
415,1054,75,16.73642921447754,False
415,19111,35,17.40476417541504,False
415,19110,34,17.415815353393555,False
415,38161,100,16.083248138427734,False
415,21522,39,17.29022979736328,False
415,41126,56,17.07310676574707,False
415,19663,29,17.511577606201172,False
415,15958,45,17.188581466674805,False
415,6034,69,16.86000633239746,False
415,9970,48,17.154020309448242,False
415,20421,5,21.779071807861328,False
415,15762,21,19.145837783813477,False
415,17979,99,16.09897804260254,False
415,18548,26,17.56962776184082,False
415,31069,55,17.07649803161621,False
415,15770,18,19.94451141357422,False
415,31021,89,16.385948181152344,False
415,18564,67,16.89202880859375,False
415,20435,4,21.887054443359375,False
415,19231,22,17.967853546142578,False
415,37619,7,21.522560119628906,False
415,17978,116,15.729738235473633,False
415,20432,78,16.660198211669922,False
415,8176,50,17.10309600830078,False
415,15973,6,21.69552993774414,False
415,15950,33,17.468244552612305,False
415,15956,68,16.881256103515625,False
415,37625,9,21.076616287231445,False
415,10420,57,17.063644409179688,False
415,8175,77,16.6763858795166,False
415,15955,28,17.54958152770996,False
415,37612,16,20.142581939697266,False
415,37217,14,20.47661018371582,False
415,18703,8,21.347692489624023,False
415,37221,2,22.34231185913086,False
415,21654,32,17.50055694580078,False
415,21520,90,16.349903106689453,False
415,21529,42,17.235912322998047,False
415,18547,112,15.890983581542969,False
415,18552,72,16.771543502807617,False
415,34897,43,17.229860305786133,False
415,15937,251,7.583224296569824,False
415,30075,217,8.069785118103027,False
415,15957,240,7.778774261474609,False
415,18565,259,7.458986282348633,False
417,39855,16,11.728387832641602,False
417,1979,73,10.664714813232422,False
417,16455,69,10.706109046936035,False
417,16345,12,11.809928894042969,False
417,16344,139,10.203997611999512,False
417,37791,164,10.072600364685059,False
417,37790,79,10.575496673583984,False
417,2033,395,8.727428436279297,False
417,23525,984,6.801322937011719,False
417,30379,34,11.259509086608887,False
417,10232,182,9.990738868713379,False
417,14867,900,6.990330219268799,False
417,30380,171,10.051066398620605,False
417,2031,1307,6.094943046569824,False
417,41477,514,8.091495513916016,False
417,25060,217,9.741314888000488,False
417,25063,55,10.87971305847168,False
417,25064,32,11.297951698303223,False
417,30362,59,10.77733039855957,False
417,2047,1,12.72056770324707,False
417,37747,88,10.538711547851562,False
417,2052,675,7.597151756286621,False
417,34555,257,9.528564453125,False
417,16343,53,10.926885604858398,False
417,34348,13,11.78048324584961,False
417,28216,44,11.07309341430664,False
417,24854,22,11.471494674682617,False
417,42206,753,7.374941825866699,False
417,18601,287,9.355512619018555,False
417,1985,329,9.130120277404785,False
417,8194,582,7.867325305938721,False
417,30378,1295,6.122650623321533,False
417,42873,163,10.076103210449219,False
417,10231,6,12.164173126220703,False
417,16456,10,11.891460418701172,False
417,16757,267,9.487462997436523,False
417,42874,4,12.294689178466797,False
417,39182,615,7.775217056274414,False
417,5518,862,7.086624622344971,False
417,25062,980,6.802077770233154,False
417,5519,786,7.262813568115234,False
417,15678,207,9.793750762939453,False
417,1326,56,10.862833023071289,False
417,30594,109,10.37552547454834,False
417,37193,96,10.449297904968262,False
417,28610,84,10.557348251342773,False
417,2798,276,9.41760540008545,False
417,17420,404,8.674137115478516,False
417,4057,129,10.274419784545898,False
417,18710,11,11.820382118225098,False
417,2312,579,7.878153324127197,False
417,23463,1395,5.919137954711914,False
417,18598,138,10.207971572875977,False
417,10803,175,10.034103393554688,False
417,29944,765,7.330325126647949,False
417,22318,136,10.217321395874023,False
417,1252,507,8.132364273071289,False
417,20936,78,10.592742919921875,False
417,1971,158,10.113977432250977,False
417,8196,93,10.497075080871582,False
417,29466,565,7.917563438415527,False
417,22983,77,10.602945327758789,False
417,16346,350,8.999687194824219,False
417,21901,180,10.011377334594727,False
417,34540,576,7.887504577636719,False
417,18837,169,10.052511215209961,False
417,26394,369,8.883320808410645,False
417,29256,167,10.063669204711914,False
417,35194,494,8.186352729797363,False
417,4041,213,9.762703895568848,False
417,32641,39,11.142461776733398,False
417,18795,1124,6.505815505981445,False
417,1975,5,12.271507263183594,False
417,34580,41,11.096250534057617,False
417,7015,100,10.411616325378418,False
417,18838,254,9.582666397094727,False
417,31923,893,7.012570381164551,False
417,1976,3,12.358448028564453,False
417,19450,37,11.2195463180542,False
417,2049,2,12.55111312866211,False
417,32328,758,7.358641624450684,False
417,38475,300,9.292866706848145,False
417,42799,147,10.180909156799316,False
417,16643,179,10.026839256286621,False
417,9958,743,7.392755508422852,False
417,9959,750,7.384164810180664,False
417,26395,950,6.854048728942871,False
417,11283,1375,5.957971572875977,False
417,31236,8,12.061195373535156,False
417,36037,115,10.348146438598633,False
417,1258,793,7.254345893859863,False
417,8494,114,10.352916717529297,False
417,26515,662,7.633842468261719,False
417,10019,154,10.124176025390625,False
417,22352,318,9.169843673706055,False
417,14856,1060,6.65695858001709,False
417,35789,379,8.831025123596191,False
417,18841,938,6.894430160522461,False
417,18851,553,7.961247444152832,False
417,36476,89,10.533172607421875,False
417,36827,63,10.743627548217773,False
417,7017,137,10.213142395019531,False
417,10074,787,7.257655143737793,False
417,38474,680,7.585482597351074,False
417,37762,703,7.534676551818848,False
417,37196,184,9.988458633422852,False
417,2008,702,7.534676551818848,False
417,13889,238,9.647618293762207,False
417,1990,86,10.541044235229492,False
417,20332,20,11.570098876953125,False
417,18612,371,8.879897117614746,False
417,27794,472,8.289695739746094,False
417,14699,193,9.88276195526123,False
417,28448,33,11.280073165893555,False
417,17537,708,7.518538475036621,False
417,18839,232,9.665069580078125,False
417,26763,259,9.521650314331055,False
417,18814,35,11.244422912597656,False
417,18789,242,9.631550788879395,False
417,6626,262,9.50091552734375,False
417,31925,869,7.0636887550354,False
417,18813,227,9.67769718170166,False
417,24865,134,10.239463806152344,False
417,42715,701,7.5383381843566895,False
417,1325,19,11.610512733459473,False
417,16756,1308,6.091854572296143,False
417,17541,126,10.286478042602539,False
417,19297,14,11.775699615478516,False
417,38168,320,9.16903305053711,False
417,11663,496,8.178603172302246,False
417,25239,752,7.379693984985352,False
417,14452,263,9.50091552734375,False
417,28626,277,9.40367603302002,False
417,20356,221,9.717665672302246,False
417,30123,723,7.470983028411865,False
417,18925,284,9.37492847442627,False
417,32275,391,8.741701126098633,False
417,31922,1168,6.403337478637695,False
417,1974,7,12.088922500610352,False
417,41926,181,10.002609252929688,False
417,827,809,7.200088977813721,False
417,22026,293,9.321196556091309,False
417,11098,570,7.899658203125,False
417,4055,110,10.363862991333008,False
417,26316,299,9.295879364013672,False
417,14691,432,8.508301734924316,False
417,41478,68,10.711141586303711,False
417,26323,92,10.505002975463867,False
417,20247,351,8.999687194824219,False
417,22355,531,8.049625396728516,False
417,12746,255,9.570237159729004,False
417,18926,289,9.346372604370117,False
417,2058,279,9.402979850769043,False
417,28629,121,10.319794654846191,False
417,30329,1076,6.6207427978515625,False
417,27412,409,8.624719619750977,False
417,36036,103,10.401820182800293,False
417,11633,191,9.89133358001709,False
417,37096,525,8.067255020141602,False
417,31907,310,9.229999542236328,False
417,17409,186,9.971563339233398,False
417,38509,189,9.952899932861328,False
417,10024,545,8.007523536682129,False
417,1088,540,8.027868270874023,False
417,18900,449,8.41289234161377,False
417,18600,26,11.401918411254883,False
417,19629,280,9.394071578979492,False
417,18816,338,9.092874526977539,False
417,28450,124,10.305778503417969,False
417,5267,52,10.98434829711914,False
417,1014,896,7.002439022064209,False
417,34524,76,10.631610870361328,False
417,37097,526,8.067255020141602,False
417,42896,1053,6.6807098388671875,False
417,16759,71,10.692448616027832,False
417,16760,18,11.709358215332031,False
417,32564,319,9.169843673706055,False
417,22950,365,8.917097091674805,False
417,32479,220,9.721641540527344,False
417,18713,108,10.37617301940918,False
417,4056,148,10.1473970413208,False
417,28895,629,7.719925880432129,False
417,26322,141,10.197317123413086,False
417,39078,94,10.489229202270508,False
417,22095,98,10.43252182006836,False
417,37776,28,11.374133110046387,False
417,31924,886,7.022732734680176,False
417,20622,29,11.34068775177002,False
418,16026,329,9.85411262512207,False
418,18033,178,10.779190063476562,False
418,37712,490,8.900002479553223,False
418,42739,33,12.13698959350586,False
418,19681,504,8.848166465759277,False
418,13608,88,11.474555969238281,False
418,33004,419,9.290517807006836,False
418,595,267,10.312163352966309,False
418,19909,409,9.337410926818848,False
418,19910,103,11.310916900634766,False
418,19911,305,10.001564025878906,False
418,19912,312,9.952600479125977,False
418,19913,212,10.576268196105957,False
418,19914,161,10.93863582611084,False
418,19915,149,10.998388290405273,False
418,19917,208,10.592435836791992,False
418,19918,40,11.995023727416992,False
418,25595,191,10.68742847442627,False
418,38858,98,11.362821578979492,False
418,23532,493,8.898441314697266,False
418,13717,579,8.560079574584961,False
418,25654,148,11.00607967376709,False
418,14241,343,9.749876022338867,False
418,42737,190,10.688407897949219,False
418,32251,174,10.817948341369629,False
418,17800,391,9.470781326293945,False
418,13607,226,10.511396408081055,False
418,25743,179,10.77444839477539,False
418,17127,30,12.181692123413086,False
418,288,608,8.38922119140625,False
418,6781,480,8.931707382202148,False
418,26770,138,11.041484832763672,False
418,32981,242,10.457921028137207,False
418,42349,232,10.49413013458252,False
418,42368,583,8.540964126586914,False
418,35780,549,8.681325912475586,False
418,25490,308,9.984661102294922,False
418,42691,1118,4.481139183044434,False
418,29932,86,11.492009162902832,False
418,16744,275,10.252591133117676,False
418,27628,230,10.504615783691406,False
418,7931,69,11.602359771728516,False
418,39774,14,12.557010650634766,False
418,8670,455,9.023172378540039,False
418,52,286,10.147078514099121,False
418,18283,169,10.860023498535156,False
418,26114,118,11.202388763427734,False
418,10733,152,10.987907409667969,False
418,39553,143,11.024309158325195,False
418,18037,383,9.511268615722656,False
418,204,296,10.077934265136719,False
418,35513,227,10.511396408081055,False
418,7917,214,10.562893867492676,False
418,36188,303,10.017996788024902,False
418,35491,122,11.19114875793457,False
418,18047,235,10.485862731933594,False
418,42692,260,10.35618782043457,False
418,42886,528,8.762669563293457,False
418,34289,48,11.880352020263672,False
418,24616,283,10.168481826782227,False
418,38268,591,8.498458862304688,False
418,6264,28,12.203756332397461,False
418,40590,80,11.52237319946289,False
418,25516,193,10.68354606628418,False
418,20501,231,10.502299308776855,False
418,38263,575,8.579288482666016,False
418,24017,577,8.569671630859375,False
418,14457,347,9.724664688110352,False
418,3699,270,10.295238494873047,False
418,3698,661,7.896164417266846,False
418,1719,629,8.256118774414062,False
418,13728,233,10.493219375610352,False
418,39548,256,10.385538101196289,False
418,39547,18,12.447986602783203,False
418,18777,141,11.02995491027832,False
418,36850,183,10.725281715393066,False
418,39668,539,8.717255592346191,False
418,42398,613,8.373651504516602,False
418,8315,56,11.784893035888672,False
418,4246,241,10.47207260131836,False
418,42399,307,9.993368148803711,False
418,36100,274,10.254152297973633,False
418,36169,246,10.416984558105469,False
418,38334,225,10.520841598510742,False
418,24615,304,10.006030082702637,False
418,24548,229,10.509553909301758,False
418,38087,394,9.454292297363281,False
418,35132,377,9.585718154907227,False
418,34641,373,9.600747108459473,False
418,42340,485,8.916357040405273,False
418,38096,186,10.706319808959961,False
418,24635,125,11.178007125854492,False
418,6314,146,11.015188217163086,False
418,13606,216,10.55712604522705,False
418,32890,404,9.387718200683594,False
418,1744,351,9.714365005493164,False
418,36279,301,10.053216934204102,False
418,12665,57,11.778768539428711,False
418,23638,228,10.510703086853027,False
418,24393,665,7.7592973709106445,False
418,12973,79,11.530448913574219,False
418,36342,291,10.117795944213867,False
418,14292,92,11.411823272705078,False
418,23902,310,9.975088119506836,False
418,11055,187,10.699810028076172,False
418,741,519,8.78683090209961,False
418,38091,456,9.014998435974121,False
418,37598,188,10.693870544433594,False
418,4387,25,12.248839378356934,False
418,36691,623,8.318620681762695,False
418,38100,811,5.4697160720825195,False
418,42373,109,11.247888565063477,False
418,3058,113,11.222002983093262,False
418,13605,85,11.492009162902832,False
418,39702,134,11.103657722473145,False
418,8501,197,10.662904739379883,False
418,7090,215,10.55712604522705,False
418,15450,22,12.279802322387695,False
418,19157,44,11.929224014282227,False
418,10714,3,13.219085693359375,False
418,17081,585,8.532402038574219,False
418,36795,427,9.224613189697266,False
418,13104,670,7.667544364929199,False
418,36545,184,10.722372055053711,False
418,12667,102,11.319839477539062,False
418,36550,494,8.88951587677002,False
418,23876,432,9.148000717163086,False
418,3463,603,8.437469482421875,False
418,30643,207,10.595544815063477,False
418,23891,604,8.41976547241211,False
418,39734,516,8.79901123046875,False
418,3413,401,9.409041404724121,False
418,5300,90,11.43142318725586,False
418,39733,35,12.090049743652344,False
418,7744,49,11.873123168945312,False
418,1899,1044,4.671231269836426,False
418,17083,65,11.618364334106445,False
418,38868,266,10.323787689208984,False
418,25753,309,9.977020263671875,False
418,19796,11,12.811614990234375,False
418,36070,255,10.386495590209961,False
418,36101,281,10.18778133392334,False
418,36176,155,10.968986511230469,False
418,2203,541,8.716438293457031,False
418,19916,279,10.193703651428223,False
418,13938,487,8.90605354309082,False
418,9306,672,7.629998207092285,False
418,39958,104,11.310916900634766,False
418,18781,52,11.808229446411133,False
418,17162,631,8.203351020812988,False
418,34666,171,10.83322525024414,False
418,18125,100,11.331464767456055,False
418,16041,615,8.354799270629883,False
418,25604,396,9.416267395019531,False
418,36117,518,8.79166030883789,False
418,24264,115,11.211111068725586,False
418,13925,441,9.09084415435791,False
418,24265,402,9.405021667480469,False
418,18046,590,8.500101089477539,False
418,24266,634,8.18603229522705,False
418,11443,273,10.272176742553711,False
418,16729,47,11.893292427062988,False
418,34504,72,11.592035293579102,False
418,6173,569,8.60763931274414,False
418,25007,322,9.918731689453125,False
418,17510,282,10.168481826782227,False
418,24021,1032,4.719991207122803,False
418,35372,206,10.603277206420898,False
418,18121,602,8.440367698669434,False
418,11637,41,11.98940658569336,False
418,39729,330,9.83981704711914,False
418,13604,194,10.66860580444336,False
418,38380,462,8.99717903137207,False
418,40640,669,7.675101280212402,False
418,35521,378,9.578218460083008,False
418,18040,185,10.711132049560547,False
418,2543,89,11.471994400024414,False
418,37339,76,11.553525924682617,False
418,8798,16,12.453080177307129,False
418,6871,346,9.732088088989258,False
418,6219,578,8.569443702697754,False
418,27993,53,11.806899070739746,False
418,4215,12,12.70684814453125,False
418,30139,66,11.609731674194336,False
418,25168,454,9.025639533996582,False
418,40580,293,10.09614372253418,False
418,25517,380,9.566328048706055,False
418,18043,95,11.381392478942871,False
418,35954,27,12.234352111816406,False
418,38328,158,10.958476066589355,False
418,37317,45,11.916953086853027,False
418,36319,93,11.405267715454102,False
418,8797,2,13.27284049987793,False
418,38061,8,13.053864479064941,False
418,18913,130,11.130243301391602,False
418,17335,164,10.908395767211914,False
418,22061,36,12.05207633972168,False
418,17509,334,9.821693420410156,False
418,10360,257,10.384570121765137,False
418,26856,198,10.662904739379883,False
418,13741,205,10.608020782470703,False
418,4534,659,7.904293060302734,False
418,2844,59,11.76042366027832,False
418,14193,64,11.631203651428223,False
418,3673,253,10.390893936157227,False
418,41,37,12.041566848754883,False
418,17900,42,11.962254524230957,False
418,17899,418,9.296638488769531,False
418,1910,210,10.578847885131836,False
418,19680,237,10.48415756225586,False
418,22680,74,11.580095291137695,False
418,6210,348,9.724526405334473,False
418,18044,438,9.108879089355469,False
418,1944,620,8.318620681762695,False
418,3516,625,8.309629440307617,False
418,26147,101,11.329086303710938,False
418,26382,652,8.037406921386719,False
418,2680,67,11.606786727905273,False
418,26378,593,8.489322662353516,False
418,8085,592,8.489322662353516,False
418,29532,596,8.470280647277832,False
418,18056,97,11.370941162109375,False
418,39541,21,12.288022994995117,False
418,16686,234,10.493219375610352,False
418,3456,288,10.12966537475586,False
418,6547,189,10.688407897949219,False
418,25053,162,10.93863582611084,False
418,37025,294,10.09129524230957,False
418,38353,563,8.619659423828125,False
418,3262,38,12.03189468383789,False
418,3619,546,8.696552276611328,False
418,5923,610,8.374320983886719,False
418,2075,220,10.532476425170898,False
418,28988,211,10.578712463378906,False
418,21591,43,11.94651985168457,False
418,2417,618,8.32763385772705,False
418,35538,647,8.08984088897705,False
418,35537,627,8.289180755615234,False
418,25607,173,10.819568634033203,False
418,596,32,12.15361213684082,False
418,22045,354,9.684341430664062,False
418,7363,4,13.16305923461914,False
418,19919,300,10.055097579956055,False
418,19904,375,9.587934494018555,False
418,11649,29,12.186995506286621,False
418,11650,17,12.452062606811523,False
418,32803,151,10.988977432250977,False
418,30098,156,10.964672088623047,False
418,11666,135,11.0877685546875,False
418,24978,154,10.97422981262207,False
418,33677,70,11.599752426147461,False
418,13805,19,12.381769180297852,False
418,13806,180,10.743045806884766,False
418,26517,268,10.306072235107422,False
418,5326,51,11.848628997802734,False
418,5293,13,12.629281997680664,False
418,11686,163,10.919605255126953,False
418,17901,319,9.931310653686523,False
418,399,245,10.416984558105469,False
418,29544,78,11.531072616577148,False
418,8462,23,12.262781143188477,False
418,30137,9,13.010276794433594,False
418,24215,276,10.248788833618164,False
418,8832,124,11.181851387023926,False
418,11049,581,8.544689178466797,False
418,18607,199,10.656927108764648,False
418,38195,617,8.350419998168945,False
418,19364,451,9.039573669433594,False
418,1001,243,10.447656631469727,False
418,8857,525,8.766592025756836,False
418,32070,144,11.01845645904541,False
418,39101,445,9.07684326171875,False
418,20067,399,9.410743713378906,False
418,17802,167,10.889363288879395,False
418,10016,384,9.493751525878906,False
418,39102,479,8.931892395019531,False
418,22573,345,9.740974426269531,False
418,2881,1028,4.729260444641113,False
418,29569,126,11.154740333557129,False
418,23916,828,5.379613876342773,False
418,19366,817,5.436330318450928,False
418,21567,54,11.79812240600586,False
418,37764,643,8.132305145263672,False
418,34026,545,8.698244094848633,False
418,20271,1097,4.538222312927246,False
418,2884,1029,4.723560333251953,False
418,21386,140,11.03253173828125,False
418,3059,264,10.341351509094238,False
418,29350,5,13.140644073486328,False
418,35431,510,8.824127197265625,False
418,2882,1071,4.601751804351807,False
418,30334,1048,4.656865119934082,False
418,41388,172,10.821163177490234,False
418,26462,542,8.716438293457031,False
418,41138,252,10.396736145019531,False
418,30180,601,8.44293212890625,False
418,9826,160,10.950886726379395,False
418,41385,559,8.63748550415039,False
418,40826,936,5.049158096313477,False
418,22149,984,4.884724140167236,False
418,24982,460,8.997790336608887,False
418,27460,471,8.95788860321045,False
418,6634,482,8.926355361938477,False
418,21361,472,8.952441215515137,False
418,16076,413,9.306535720825195,False
418,19130,223,10.529105186462402,False
418,17806,533,8.740875244140625,False
418,19666,1230,4.079923152923584,False
418,20861,139,11.034189224243164,False
418,25014,646,8.096628189086914,False
418,19211,280,10.193556785583496,False
418,23828,150,10.996987342834473,False
418,28173,622,8.318620681762695,False
418,33654,200,10.64089298248291,False
418,32842,112,11.228506088256836,False
418,11279,39,12.021891593933105,False
418,6889,428,9.214905738830566,False
418,29348,7,13.064033508300781,False
418,5865,657,7.966448783874512,False
418,13130,108,11.265485763549805,False
418,24940,599,8.465423583984375,False
418,24764,123,11.185810089111328,False
418,18931,488,8.90605354309082,False
418,10241,526,8.766592025756836,False
418,13131,359,9.666154861450195,False
418,3180,450,9.044157981872559,False
418,25694,489,8.901453018188477,False
418,8514,254,10.390056610107422,False
418,5810,597,8.46807861328125,False
418,22140,474,8.948040008544922,False
418,14079,127,11.150825500488281,False
418,37754,452,9.037955284118652,False
418,26621,147,11.011566162109375,False
418,6941,535,8.736424446105957,False
418,2885,982,4.891596794128418,False
418,8086,440,9.096158027648926,False
418,7769,840,5.332252025604248,False
418,28989,106,11.287769317626953,False
418,21949,110,11.228912353515625,False
418,1754,349,9.72321891784668,False
418,14424,561,8.619659423828125,False
418,18279,865,5.262748718261719,False
418,22877,142,11.02690315246582,False
418,30251,405,9.381945610046387,False
418,31910,263,10.34823989868164,False
418,822,477,8.931892395019531,False
418,8858,508,8.827617645263672,False
418,14913,63,11.676353454589844,False
418,20256,238,10.48415756225586,False
418,21651,736,5.771398067474365,False
418,35062,119,11.20056438446045,False
418,42264,497,8.880367279052734,False
418,38978,269,10.295846939086914,False
418,40995,633,8.196866035461426,False
418,42801,196,10.665212631225586,False
418,35544,132,11.113438606262207,False
418,19983,133,11.111818313598633,False
418,35819,376,9.587934494018555,False
418,28056,651,8.04701042175293,False
418,321,492,8.898441314697266,False
418,37757,430,9.190564155578613,False
418,37769,295,10.08430004119873,False
418,311,318,9.931458473205566,False
418,19276,607,8.404858589172363,False
418,32834,360,9.666154861450195,False
418,6975,501,8.869178771972656,False
418,26501,662,7.798229217529297,False
418,29134,564,8.61799144744873,False
418,13771,175,10.809446334838867,False
418,9612,392,9.456642150878906,False
418,6776,323,9.894594192504883,False
418,33662,96,11.37478256225586,False
418,37765,632,8.196866035461426,False
418,37781,537,8.724784851074219,False
418,963,366,9.63372802734375,False
418,37780,521,8.777935981750488,False
418,31248,81,11.515617370605469,False
418,24498,1132,4.435097694396973,False
418,42361,1185,4.266479969024658,False
418,665,357,9.670705795288086,False
418,19501,287,10.147078514099121,False
418,9587,449,9.050125122070312,False
418,38001,251,10.402390480041504,False
418,6631,945,5.016839027404785,False
418,4059,411,9.330124855041504,False
418,6974,202,10.633443832397461,False
418,35045,423,9.259693145751953,False
418,26039,165,10.903509140014648,False
418,42045,469,8.963094711303711,False
418,33647,31,12.160501480102539,False
418,37756,239,10.48415756225586,False
418,39097,324,9.888776779174805,False
418,16600,386,9.485740661621094,False
418,37758,473,8.952441215515137,False
418,42740,114,11.21306037902832,False
418,33538,340,9.786596298217773,False
418,34361,630,8.240497589111328,False
418,2115,1066,4.6075873374938965,False
418,20939,509,8.827617645263672,False
418,9000,83,11.500560760498047,False
418,22580,332,9.8307466506958,False
418,14419,555,8.64771556854248,False
418,36822,137,11.050836563110352,False
418,8833,117,11.20916748046875,False
418,36837,612,8.374320983886719,False
418,39103,403,9.391736030578613,False
418,17416,317,9.935624122619629,False
418,13769,236,10.48415756225586,False
418,5780,15,12.513521194458008,False
418,6628,1022,4.746670246124268,False
418,38502,671,7.667544364929199,False
418,28557,750,5.719782829284668,False
418,37759,182,10.73478889465332,False
418,24900,387,9.485740661621094,False
418,38193,420,9.285950660705566,False
418,18924,416,9.303557395935059,False
418,2879,496,8.885261535644531,False
418,7766,361,9.664372444152832,False
418,28623,475,8.941953659057617,False
418,20747,91,11.423065185546875,False
418,19504,221,10.532476425170898,False
418,29249,548,8.686647415161133,False
418,33298,192,10.68742847442627,False
418,39064,421,9.273513793945312,False
418,612,616,8.351705551147461,False
418,33648,523,8.775330543518066,False
418,19454,556,8.64771556854248,False
418,33655,181,10.740924835205078,False
418,17767,522,8.776698112487793,False
418,37782,491,8.900002479553223,False
418,29041,372,9.601558685302734,False
418,17410,128,11.148798942565918,False
418,17540,407,9.353034973144531,False
418,12118,342,9.776142120361328,False
418,34615,511,8.818842887878418,False
418,29409,328,9.8549222946167,False
418,9498,461,8.99717903137207,False
418,22579,285,10.159997940063477,False
418,34084,352,9.693828582763672,False
418,21865,6,13.112045288085938,False
418,20223,129,11.143372535705566,False
418,29477,84,11.499120712280273,False
418,5103,271,10.286161422729492,False
418,24212,248,10.408931732177734,False
418,39475,547,8.696552276611328,False
418,4315,217,10.553913116455078,False
418,34199,82,11.500757217407227,False
418,27453,543,8.706482887268066,False
418,26749,261,10.350157737731934,False
418,17397,589,8.503010749816895,False
418,20051,560,8.631634712219238,False
418,13846,637,8.1752290725708,False
418,40336,415,9.305448532104492,False
418,36838,550,8.68028450012207,False
418,9841,645,8.108484268188477,False
418,18278,365,9.63915729522705,False
418,5252,166,10.899181365966797,False
418,19640,326,9.881975173950195,False
418,23690,131,11.125669479370117,False
418,19145,20,12.323287010192871,False
418,5352,34,12.095260620117188,False
418,24161,502,8.862859725952148,False
418,21782,277,10.23673152923584,False
418,8923,46,11.909757614135742,False
418,42041,201,10.640504837036133,False
418,42381,24,12.254314422607422,False
418,37778,195,10.66860580444336,False
418,129,71,11.592035293579102,False
418,36688,265,10.324159622192383,False
418,18965,587,8.508149147033691,False
418,17913,353,9.684341430664062,False
418,33705,572,8.595654487609863,False
418,31453,290,10.120044708251953,False
418,41713,408,9.353034973144531,False
418,13848,314,9.947601318359375,False
418,3117,406,9.375085830688477,False
418,16834,527,8.766592025756836,False
418,17805,766,5.649372100830078,False
418,8129,333,9.822822570800781,False
418,19634,650,8.04783821105957,False
418,14297,639,8.159933090209961,False
418,37768,292,10.101018905639648,False
418,20854,606,8.412701606750488,False
418,11116,247,10.408931732177734,False
418,22139,507,8.82945442199707,False
418,42032,955,4.957298755645752,False
418,4221,571,8.606121063232422,False
418,42358,68,11.606786727905273,False
418,40605,259,10.366270065307617,False
418,11104,159,10.951028823852539,False
418,6976,554,8.655928611755371,False
418,8856,468,8.963094711303711,False
418,38316,574,8.583703994750977,False
418,14341,724,5.874290466308594,False
418,33411,636,8.177074432373047,False
418,42565,467,8.982486724853516,False
418,22876,121,11.19141674041748,False
418,32394,105,11.296743392944336,False
418,26349,94,11.403404235839844,False
418,17807,453,9.031363487243652,False
418,38433,315,9.941930770874023,False
418,21864,116,11.21069622039795,False
418,20066,439,9.10372543334961,False
418,20953,910,5.136556625366211,False
418,6621,1160,4.351759910583496,False
418,36689,278,10.205427169799805,False
418,20867,668,7.697868347167969,False
418,825,557,8.643804550170898,False
418,42572,457,9.007209777832031,False
418,41113,422,9.26368522644043,False
418,14130,848,5.30190896987915,False
418,718,540,8.716438293457031,False
418,5615,219,10.53878402709961,False
418,18205,621,8.318620681762695,False
418,29551,316,9.936838150024414,False
418,6625,967,4.925654888153076,False
418,18940,385,9.487625122070312,False
418,31906,536,8.726418495178223,False
418,37753,498,8.879188537597656,False
418,15626,448,9.050126075744629,False
418,37929,393,9.454723358154297,False
418,292,850,5.298325061798096,False
418,35131,111,11.228616714477539,False
418,32213,313,9.949995040893555,False
418,9883,594,8.484170913696289,False
418,37023,58,11.764909744262695,False
418,8995,87,11.474555969238281,False
418,35407,410,9.335169792175293,False
418,34362,655,7.975400924682617,False
418,1680,73,11.588977813720703,False
418,19363,568,8.60827922821045,False
418,19984,414,9.305448532104492,False
418,1929,157,10.960763931274414,False
418,42033,759,5.678972244262695,False
418,20468,506,8.837878227233887,False
418,11648,177,10.79220962524414,False
418,9786,389,9.479192733764648,False
418,26886,465,8.98404312133789,False
418,12456,204,10.608020782470703,False
418,22568,653,8.03284740447998,False
418,29358,869,5.252168655395508,False
418,6065,609,8.381428718566895,False
418,34506,249,10.403324127197266,False
418,18124,272,10.276336669921875,False
418,29401,145,11.016263008117676,False
418,37767,565,8.61799144744873,False
418,37107,458,9.006844520568848,False
418,38284,170,10.856551170349121,False
418,23731,993,4.8484625816345215,False
418,24578,576,8.575516700744629,False
418,41389,62,11.692021369934082,False
418,34508,213,10.566322326660156,False
418,12750,311,9.952600479125977,False
418,23682,517,8.79350471496582,False
418,14425,524,8.770294189453125,False
418,30611,60,11.751272201538086,False
418,41210,626,8.309629440307617,False
418,25089,400,9.41033935546875,False
418,21883,481,8.931426048278809,False
418,33300,153,10.9783935546875,False
418,18992,464,8.984343528747559,False
418,30265,218,10.54078483581543,False
418,16633,628,8.262494087219238,False
418,22569,350,9.722840309143066,False
418,42034,977,4.901495933532715,False
418,15630,478,8.931892395019531,False
418,33707,381,9.516998291015625,False
418,24565,552,8.676766395568848,False
418,14526,77,11.551440238952637,False
418,4262,120,11.192233085632324,False
418,19254,61,11.716724395751953,False
418,23743,244,10.422704696655273,False
418,38196,240,10.483521461486816,False
418,41979,371,9.610469818115234,False
418,41406,258,10.372431755065918,False
418,19502,168,10.867854118347168,False
418,32840,486,8.910449981689453,False
418,18083,641,8.142992973327637,False
418,13006,397,9.413736343383789,False
418,2411,412,9.315977096557617,False
418,2916,435,9.12521743774414,False
418,32835,417,9.303557395935059,False
418,8726,619,8.3273344039917,False
418,2852,434,9.138094902038574,False
418,18927,355,9.678150177001953,False
418,6018,136,11.070152282714844,False
418,24506,505,8.848166465759277,False
418,664,362,9.649672508239746,False
418,9588,344,9.740974426269531,False
418,2113,433,9.144359588623047,False
418,23567,289,10.123926162719727,False
418,3089,176,10.801843643188477,False
418,21667,222,10.529638290405273,False
418,26031,209,10.584766387939453,False
418,15411,611,8.374320983886719,False
418,8414,55,11.796125411987305,False
418,18716,444,9.07684326171875,False
418,24162,605,8.4189453125,False
418,24566,743,5.738132953643799,False
418,39293,530,8.75421142578125,False
418,20866,363,9.644125938415527,False
418,24327,685,6.808829307556152,False
418,7919,447,9.053450584411621,False
418,24613,10,12.973855972290039,False
418,609,566,8.61102294921875,False
418,11107,483,8.92092514038086,False
418,19920,644,8.125555038452148,False
418,25814,367,9.622976303100586,False
419,11995,742,3.616569995880127,False
419,14708,96,4.371345520019531,False
419,34864,114,4.300737380981445,False
419,42964,128,4.254568099975586,False
419,1076,91,4.4123077392578125,False
419,33140,127,4.254726886749268,False
419,16517,609,3.671812057495117,False
419,11989,787,3.606471538543701,False
419,11950,739,3.616569995880127,False
419,11984,734,3.6185967922210693,False
419,11979,733,3.6185967922210693,False
419,11937,687,3.6376571655273438,False
419,1110,320,3.8757081031799316,False
419,13781,366,3.829737663269043,False
419,39124,1644,3.360474109649658,False
419,1138,73,4.501293182373047,False
420,17686,152,10.17626953125,False
420,38545,914,5.49617338180542,False
420,38547,916,5.486027240753174,False
420,11131,86,10.876566886901855,False
420,11130,32,11.48080825805664,False
420,27115,600,8.930964469909668,False
420,27239,619,8.834179878234863,False
420,7054,140,10.228233337402344,False
420,27090,52,11.269872665405273,False
420,20263,280,9.690442085266113,False
420,36090,13,11.87459945678711,False
420,38546,915,5.49617338180542,False
420,7055,134,10.271302223205566,False
420,26845,490,9.230063438415527,False
420,40304,26,11.607349395751953,False
420,26997,70,11.007819175720215,False
420,26998,71,11.007819175720215,False
420,33914,130,10.300167083740234,False
420,11137,238,9.84625244140625,False
420,12374,255,9.773091316223145,False
420,11123,48,11.30070972442627,False
420,27008,72,11.007819175720215,False
420,11132,117,10.408683776855469,False
420,11122,51,11.271688461303711,False
420,11119,42,11.414363861083984,False
420,36092,104,10.553915023803711,False
420,27011,67,11.068903923034668,False
420,27096,462,9.287044525146484,False
420,7496,45,11.33966064453125,False
420,6423,859,5.7649455070495605,False
420,6422,108,10.484143257141113,False
420,27269,483,9.240748405456543,False
420,4728,199,9.951183319091797,False
420,7057,157,10.143306732177734,False
420,12797,516,9.178925514221191,False
420,4729,193,9.964634895324707,False
420,33861,657,8.59194564819336,False
420,33749,265,9.728575706481934,False
420,20261,346,9.553428649902344,False
420,27086,647,8.702361106872559,False
420,7053,136,10.256900787353516,False
420,37094,835,5.892330169677734,False
420,38544,910,5.516578674316406,False
420,27166,511,9.19215202331543,False
420,26994,939,5.381711959838867,False
420,27089,80,10.944868087768555,False
420,33807,150,10.184350967407227,False
420,12300,542,9.133615493774414,False
420,27174,60,11.148102760314941,False
420,37449,395,9.431082725524902,False
420,13149,94,10.721792221069336,False
420,27077,144,10.218693733215332,False
420,17208,753,6.179013729095459,False
420,27076,169,10.069588661193848,False
420,6421,1,12.824999809265137,False
420,37448,903,5.54457950592041,False
420,27131,843,5.855960369110107,False
420,26992,934,5.4209794998168945,False
420,27124,793,6.0090203285217285,False
420,27257,441,9.329766273498535,False
420,33862,702,8.08282470703125,False
420,1216,703,7.993124008178711,False
420,15697,679,8.331490516662598,False
420,27144,899,5.574034214019775,False
420,27123,459,9.295167922973633,False
420,27101,445,9.319085121154785,False
420,19995,10,11.918089866638184,False
420,27007,960,5.3001275062561035,False
420,37733,986,4.925135135650635,False
420,27052,159,10.135807037353516,False
420,27150,772,6.098867416381836,False
420,13802,56,11.190383911132812,False
420,11133,811,5.961337089538574,False
420,12892,96,10.681600570678711,False
420,27079,669,8.479393005371094,False
420,12884,588,8.986213684082031,False
420,3979,612,8.868632316589355,False
420,12369,91,10.813997268676758,False
420,33774,258,9.76397705078125,False
420,3968,210,9.938478469848633,False
420,33822,383,9.456462860107422,False
420,12853,334,9.591124534606934,False
420,12844,571,9.040440559387207,False
420,12805,416,9.38538646697998,False
420,13804,6,11.981302261352539,False
420,27103,476,9.25749397277832,False
420,27110,319,9.625452041625977,False
420,34076,528,9.153703689575195,False
420,12905,411,9.392285346984863,False
420,12856,478,9.25194263458252,False
420,12778,220,9.901497840881348,False
420,33830,315,9.640113830566406,False
420,12855,453,9.300564765930176,False
420,15104,872,5.676241874694824,False
420,33814,73,11.006505966186523,False
420,27053,662,8.536624908447266,False
420,6079,241,9.82988452911377,False
420,12841,240,9.83360481262207,False
420,40303,17,11.847074508666992,False
420,27078,53,11.23560905456543,False
420,26414,364,9.503776550292969,False
420,12904,367,9.500274658203125,False
420,6115,486,9.230979919433594,False
420,14771,495,9.22334098815918,False
420,20441,480,9.247413635253906,False
420,27157,748,6.204840660095215,False
420,27141,244,9.82826042175293,False
420,12802,331,9.596633911132812,False
420,33773,27,11.564977645874023,False
420,33772,37,11.452733993530273,False
420,24085,29,11.555145263671875,False
420,27189,636,8.762659072875977,False
420,15093,172,10.058823585510254,False
420,33952,49,11.30070972442627,False
420,33831,161,10.132949829101562,False
420,33752,693,8.245463371276855,False
420,30342,578,9.013343811035156,False
420,27250,423,9.373394012451172,False
420,27013,955,5.319100856781006,False
420,27009,954,5.323864936828613,False
420,14063,189,9.979793548583984,False
420,14064,182,10.003345489501953,False
420,27236,477,9.25749397277832,False
420,27251,429,9.361659049987793,False
420,33803,12,11.896300315856934,False
420,27155,50,11.295171737670898,False
420,27153,40,11.418062210083008,False
420,12826,228,9.874234199523926,False
420,27136,167,10.07717227935791,False
420,27082,458,9.295167922973633,False
420,27121,376,9.484426498413086,False
420,33806,133,10.271560668945312,False
420,33832,22,11.660480499267578,False
420,6080,232,9.863998413085938,False
420,30532,396,9.430402755737305,False
420,30531,373,9.489715576171875,False
420,10662,320,9.62019157409668,False
420,12881,405,9.407452583312988,False
420,33811,353,9.535041809082031,False
420,33762,506,9.201822280883789,False
420,3989,614,8.855697631835938,False
420,6424,728,6.310171127319336,False
420,26989,862,5.753917217254639,False
420,12788,410,9.392285346984863,False
420,27165,266,9.720168113708496,False
420,3976,641,8.749809265136719,False
420,3977,655,8.629749298095703,False
420,27149,794,6.008618354797363,False
420,12376,87,10.869693756103516,False
420,12838,369,9.494527816772461,False
420,12816,550,9.114375114440918,False
420,27145,581,9.011078834533691,False
420,12793,422,9.376526832580566,False
420,12795,295,9.672965049743652,False
420,33826,194,9.963249206542969,False
420,12786,437,9.340795516967773,False
420,30530,401,9.413593292236328,False
420,33823,115,10.419414520263672,False
420,25974,300,9.663448333740234,False
420,33867,677,8.377487182617188,False
420,33866,688,8.300439834594727,False
420,33870,551,9.11148452758789,False
420,27243,294,9.674334526062012,False
420,10661,377,9.482725143432617,False
420,27049,704,7.976863384246826,False
420,12370,278,9.690793991088867,False
420,11457,123,10.325607299804688,False
420,22105,617,8.840219497680664,False
420,12880,431,9.357964515686035,False
420,33859,664,8.536346435546875,False
420,12923,792,6.009556293487549,False
420,27175,95,10.698013305664062,False
420,33765,925,5.464293956756592,False
420,15091,287,9.680081367492676,False
420,33775,84,10.890920639038086,False
420,12812,566,9.072675704956055,False
420,29913,620,8.832517623901367,False
420,9065,196,9.95637321472168,False
420,33791,31,11.516965866088867,False
420,27253,430,9.361659049987793,False
420,27249,513,9.18946647644043,False
420,3985,572,9.033174514770508,False
420,15100,598,8.948790550231934,False
420,20262,565,9.076772689819336,False
420,20260,616,8.840219497680664,False
420,34623,234,9.863998413085938,False
420,27161,386,9.450210571289062,False
420,27176,195,9.960430145263672,False
420,27081,128,10.317890167236328,False
420,27167,185,9.991552352905273,False
420,33838,39,11.4383544921875,False
420,6568,149,10.190717697143555,False
420,20453,326,9.609448432922363,False
420,3981,844,5.850590705871582,False
420,40320,8,11.944570541381836,False
420,33747,135,10.257214546203613,False
420,27148,823,5.913434982299805,False
420,40237,188,9.98428726196289,False
420,27173,487,9.230979919433594,False
420,34336,407,9.398938179016113,False
420,27142,415,9.389198303222656,False
420,27091,250,9.798016548156738,False
420,26062,200,9.951183319091797,False
420,12890,341,9.570367813110352,False
420,12888,254,9.775799751281738,False
420,12787,309,9.647909164428711,False
420,30343,596,8.949200630187988,False
420,27188,322,9.61937141418457,False
420,27159,646,8.702863693237305,False
420,30340,590,8.970470428466797,False
420,30341,500,9.20819091796875,False
420,34337,382,9.457418441772461,False
420,33854,329,9.598733901977539,False
420,33856,284,9.685251235961914,False
420,27273,651,8.677180290222168,False
420,30528,400,9.413593292236328,False
420,17687,216,9.911144256591797,False
420,3973,676,8.379990577697754,False
420,27006,921,5.475918769836426,False
420,15103,673,8.432559967041016,False
420,27050,177,10.026484489440918,False
420,12796,582,9.008896827697754,False
420,33744,11,11.8973388671875,False
420,33743,5,11.989078521728516,False
420,33738,9,11.937908172607422,False
420,12922,832,5.895836353302002,False
420,33875,58,11.165319442749023,False
420,27473,79,10.957393646240234,False
420,33802,145,10.209085464477539,False
420,35716,371,9.493134498596191,False
420,33751,471,9.268941879272461,False
420,9486,379,9.47409439086914,False
420,27100,497,9.221419334411621,False
420,6566,325,9.609448432922363,False
420,23613,92,10.736429214477539,False
420,33458,701,8.100269317626953,False
420,33785,61,11.141080856323242,False
420,33784,62,11.110026359558105,False
420,33786,301,9.663448333740234,False
420,33460,580,9.011629104614258,False
420,34861,102,10.579103469848633,False
420,6567,205,9.947121620178223,False
420,12771,473,9.264188766479492,False
420,33883,212,9.924528121948242,False
420,27070,83,10.913538932800293,False
420,15106,783,6.0429816246032715,False
420,33783,272,9.70944595336914,False
420,27054,713,7.698925018310547,False
420,27055,692,8.254985809326172,False
420,12815,175,10.037765502929688,False
420,3079,633,8.780219078063965,False
420,10665,696,8.19783878326416,False
420,12295,251,9.784833908081055,False
420,33835,25,11.631219863891602,False
420,20257,451,9.303470611572266,False
420,27087,77,10.960372924804688,False
420,27088,178,10.021461486816406,False
420,3080,181,10.005439758300781,False
420,34836,433,9.349956512451172,False
420,33824,856,5.78564453125,False
420,33745,7,11.958314895629883,False
420,33746,16,11.867120742797852,False
420,33757,98,10.646318435668945,False
420,10666,527,9.153703689575195,False
420,33755,36,11.461991310119629,False
420,20448,59,11.161083221435547,False
420,33741,4,11.989078521728516,False
420,33740,18,11.78866958618164,False
420,27156,446,9.319085121154785,False
420,33766,349,9.545948028564453,False
420,26844,738,6.2500386238098145,False
420,17209,827,5.908352375030518,False
420,12372,384,9.45630168914795,False
420,12834,217,9.91009521484375,False
420,33788,30,11.528820037841797,False
420,33787,46,11.32989501953125,False
420,36462,28,11.556842803955078,False
420,27190,901,5.567768573760986,False
420,40715,714,7.620246410369873,False
420,40716,710,7.805453300476074,False
420,40714,709,7.839626312255859,False
420,40727,660,8.564144134521484,False
420,40718,454,9.30046272277832,False
420,12842,505,9.203882217407227,False
420,40728,695,8.199825286865234,False
420,12857,165,10.094182014465332,False
420,27260,549,9.115631103515625,False
420,33780,173,10.050853729248047,False
420,3978,788,6.029998302459717,False
420,12902,408,9.397087097167969,False
420,12773,435,9.345525741577148,False
420,29765,404,9.409467697143555,False
420,12882,468,9.279242515563965,False
420,33864,206,9.944713592529297,False
420,33758,100,10.627490043640137,False
420,33760,99,10.636896133422852,False
420,33761,93,10.731927871704102,False
420,12824,229,9.871206283569336,False
420,12878,293,9.676206588745117,False
420,12811,515,9.181628227233887,False
420,12861,557,9.098278999328613,False
420,12768,191,9.973793029785156,False
420,27143,860,5.762087345123291,False
420,33882,289,9.680081367492676,False
420,12849,306,9.660468101501465,False
420,27140,594,8.959857940673828,False
420,12871,351,9.537078857421875,False
420,29773,482,9.241695404052734,False
420,33840,24,11.631637573242188,False
420,33839,19,11.788301467895508,False
420,30701,118,10.386384963989258,False
420,15152,163,10.123592376708984,False
420,27237,496,9.22334098815918,False
420,29907,611,8.870000839233398,False
420,27181,180,10.007640838623047,False
420,27061,55,11.202213287353516,False
420,30928,3,12.116616249084473,False
420,27080,267,9.719284057617188,False
420,33796,21,11.660480499267578,False
420,33797,214,9.922087669372559,False
420,40305,2,12.598995208740234,False
420,27063,708,7.847162246704102,False
420,12865,192,9.965335845947266,False
420,33857,711,7.757050514221191,False
420,20355,132,10.271560668945312,False
420,12840,283,9.688192367553711,False
420,27241,308,9.65259075164795,False
420,12873,256,9.769603729248047,False
420,12874,166,10.077341079711914,False
420,12836,231,9.865503311157227,False
420,12872,366,9.500274658203125,False
420,12837,397,9.426749229431152,False
420,33847,253,9.782228469848633,False
420,12373,242,9.82919979095459,False
420,12798,628,8.809326171875,False
420,33753,321,9.62019157409668,False
420,27075,154,10.157461166381836,False
420,27074,85,10.877494812011719,False
420,33804,139,10.231546401977539,False
420,40726,638,8.755773544311523,False
420,40721,591,8.968749046325684,False
420,3982,656,8.59721565246582,False
420,34860,64,11.098947525024414,False
420,27472,78,10.957393646240234,False
420,12875,388,9.444554328918457,False
420,15107,697,8.13704776763916,False
420,29775,63,11.099804878234863,False
420,33852,129,10.317794799804688,False
420,27180,105,10.545658111572266,False
420,40837,333,9.591819763183594,False
420,33782,233,9.863998413085938,False
420,33781,263,9.740274429321289,False
420,3975,625,8.815698623657227,False
420,27084,252,9.782228469848633,False
420,27271,579,9.012819290161133,False
420,3967,897,5.583336353302002,False
420,26720,111,10.464685440063477,False
420,27258,354,9.534704208374023,False
420,27247,707,7.871132850646973,False
420,12835,209,9.940279960632324,False
420,21309,147,10.201103210449219,False
420,33801,119,10.385204315185547,False
420,31288,114,10.419414520263672,False
420,30709,718,6.45964241027832,False
420,33808,183,9.994850158691406,False
420,27068,297,9.665191650390625,False
420,15092,208,9.941444396972656,False
420,32648,68,11.067365646362305,False
420,12294,168,10.074811935424805,False
420,33779,498,9.221237182617188,False
420,12781,378,9.481350898742676,False
420,29774,249,9.80057144165039,False
420,12847,461,9.292837142944336,False
420,3984,610,8.875299453735352,False
420,11136,171,10.059712409973145,False
420,12375,246,9.819077491760254,False
420,30939,110,10.471355438232422,False
420,12879,291,9.679884910583496,False
420,12780,644,8.726754188537598,False
420,12845,623,8.81590747833252,False
420,26415,436,9.343306541442871,False
420,13843,961,5.298135280609131,False
420,27102,299,9.665191650390625,False
420,33855,456,9.299869537353516,False
420,12809,512,9.190420150756836,False
420,27129,736,6.265131950378418,False
420,27252,393,9.434629440307617,False
420,33872,489,9.230979919433594,False
420,27066,225,9.886899948120117,False
420,34838,779,6.067841053009033,False
420,27248,439,9.338287353515625,False
420,12870,281,9.689141273498535,False
420,40720,684,8.303970336914062,False
420,12800,573,9.02637004852295,False
420,15095,394,9.433554649353027,False
420,12775,538,9.13693618774414,False
420,17203,689,8.295344352722168,False
420,20461,754,6.165402412414551,False
420,3971,643,8.728829383850098,False
420,15151,292,9.676506996154785,False
420,27262,158,10.142332077026367,False
420,9069,221,9.898850440979004,False
420,11121,97,10.655397415161133,False
420,40723,569,9.060530662536621,False
420,12299,450,9.303470611572266,False
420,12783,389,9.443015098571777,False
420,30226,567,9.07055377960205,False
420,21902,608,8.894747734069824,False
420,12886,286,9.683491706848145,False
420,20357,103,10.574572563171387,False
420,21664,667,8.496634483337402,False
420,12765,257,9.76397705078125,False
420,33954,687,8.301189422607422,False
420,35714,243,9.82919979095459,False
420,12820,359,9.524551391601562,False
420,23614,122,10.32936954498291,False
420,18527,304,9.660628318786621,False
420,12777,340,9.571073532104492,False
420,33848,327,9.603694915771484,False
420,33851,218,9.909929275512695,False
420,15150,323,9.612424850463867,False
420,27154,41,11.41535758972168,False
420,33850,316,9.638708114624023,False
420,36091,207,9.944713592529297,False
420,18525,302,9.660628318786621,False
420,27160,174,10.04960823059082,False
420,15098,271,9.71458911895752,False
420,9068,799,5.988720417022705,False
420,669,125,10.322212219238281,False
420,12791,502,9.207557678222656,False
420,20462,763,6.1209564208984375,False
420,15090,222,9.898398399353027,False
420,12831,609,8.879716873168945,False
420,12863,587,8.992056846618652,False
420,27187,857,5.775954246520996,False
420,12867,556,9.10198974609375,False
420,33842,449,9.309810638427734,False
420,4731,680,8.323699951171875,False
420,33836,116,10.415477752685547,False
420,3988,639,8.755599975585938,False
420,27268,670,8.460591316223145,False
420,29768,420,9.379396438598633,False
420,3969,358,9.526762962341309,False
420,40719,555,9.10294246673584,False
420,33818,54,11.214263916015625,False
420,30246,649,8.691756248474121,False
420,27275,563,9.085783958435059,False
420,33953,120,10.344223976135254,False
420,27261,268,9.718742370605469,False
420,20460,757,6.152637958526611,False
420,12371,14,11.867918014526367,False
420,13801,631,8.782964706420898,False
420,27266,202,9.95070743560791,False
420,7777,131,10.271560668945312,False
420,11458,626,8.814723014831543,False
420,11135,76,10.99306869506836,False
420,12868,247,9.810742378234863,False
420,12898,332,9.595766067504883,False
420,26063,465,9.280064582824707,False
420,34628,106,10.521957397460938,False
420,12784,413,9.391387939453125,False
420,12877,381,9.4668550491333,False
420,12891,363,9.50892448425293,False
420,26066,237,9.856158256530762,False
420,30227,521,9.158080101013184,False
420,12766,328,9.603080749511719,False
420,12806,560,9.091567993164062,False
420,27244,391,9.441357612609863,False
420,37095,831,5.89934778213501,False
420,12769,385,9.450422286987305,False
420,24217,90,10.819134712219238,False
420,33833,162,10.123855590820312,False
420,12876,330,9.597149848937988,False
420,27184,121,10.337738037109375,False
420,33795,148,10.199143409729004,False
420,12296,356,9.527166366577148,False
420,27067,545,9.123941421508789,False
420,27246,705,7.952192306518555,False
420,12801,585,9.002717971801758,False
420,12297,224,9.890495300292969,False
420,12770,406,9.403818130493164,False
420,27270,562,9.087320327758789,False
420,33029,547,9.117485046386719,False
420,27320,112,10.45153522491455,False
420,27169,534,9.143522262573242,False
420,40717,691,8.263437271118164,False
420,30938,124,10.32301139831543,False
420,33819,203,9.950332641601562,False
420,29770,570,9.059517860412598,False
420,33955,694,8.234410285949707,False
420,30529,428,9.363531112670898,False
420,33828,226,9.875432968139648,False
420,12774,558,9.097434997558594,False
420,27064,443,9.324750900268555,False
420,33739,113,10.441171646118164,False
420,11097,82,10.917518615722656,False
420,11129,432,9.351417541503906,False
420,27276,575,9.019794464111328,False
420,33820,365,9.503570556640625,False
420,33829,164,10.098907470703125,False
420,11128,88,10.835491180419922,False
420,33951,107,10.518312454223633,False
420,26064,481,9.247413635253906,False
420,29771,535,9.141864776611328,False
420,17199,699,8.133864402770996,False
420,12803,583,9.006040573120117,False
420,27062,995,4.719362735748291,False
420,29908,654,8.636194229125977,False
420,29911,595,8.952890396118164,False
420,3987,621,8.8200044631958,False
420,27256,197,9.95522689819336,False
420,14772,674,8.426575660705566,False
420,28548,338,9.578018188476562,False
420,12828,615,8.843753814697266,False
420,33764,637,8.762659072875977,False
420,27083,686,8.301189422607422,False
420,12860,230,9.871206283569336,False
420,38166,355,9.528980255126953,False
420,34626,602,8.930580139160156,False
420,12919,236,9.856158256530762,False
420,27151,204,9.947388648986816,False
420,12897,362,9.514652252197266,False
420,33853,716,6.950505256652832,False
420,12859,343,9.561853408813477,False
420,27095,618,8.83647346496582,False
420,10660,526,9.153703689575195,False
420,12767,273,9.707717895507812,False
420,27168,464,9.284067153930664,False
420,36095,43,11.379289627075195,False
420,32699,101,10.611420631408691,False
420,12885,380,9.466944694519043,False
420,27172,89,10.82308292388916,False
420,30225,642,8.749809265136719,False
420,28547,438,9.33978271484375,False
420,12832,282,9.688192367553711,False
420,29763,605,8.916948318481445,False
420,12866,470,9.271133422851562,False
420,33771,554,9.106170654296875,False
420,13803,219,9.908458709716797,False
420,35713,541,9.134621620178223,False
420,22093,668,8.480140686035156,False
420,30228,653,8.66202163696289,False
420,27104,873,5.673946857452393,False
420,33874,324,9.612424850463867,False
420,12782,81,10.943681716918945,False
420,12821,357,9.526945114135742,False
420,12804,452,9.302539825439453,False
420,17200,682,8.313301086425781,False
420,27274,504,9.20418930053711,False
420,40236,466,9.280064582824707,False
420,33770,156,10.145773887634277,False
420,3972,629,8.793903350830078,False
420,33748,345,9.556160926818848,False
420,30700,109,10.477912902832031,False
420,20440,311,9.641761779785156,False
420,27267,661,8.545919418334961,False
420,30229,522,9.158080101013184,False
420,27051,652,8.66905689239502,False
420,33865,35,11.473194122314453,False
420,11120,151,10.177370071411133,False
420,4730,685,8.301189422607422,False
420,12825,245,9.82553768157959,False
420,12852,307,9.660085678100586,False
420,10663,418,9.380102157592773,False
420,12901,374,9.4868745803833,False
420,30237,574,9.021476745605469,False
420,38404,902,5.54747200012207,False
420,27162,537,9.136981964111328,False
420,5931,313,9.641274452209473,False
420,30234,539,9.13693618774414,False
420,29914,706,7.894411087036133,False
420,32131,444,9.31977653503418,False
420,33768,472,9.268941879272461,False
420,30231,474,9.263578414916992,False
420,15097,666,8.520256042480469,False
420,12808,622,8.816413879394531,False
420,33035,277,9.696197509765625,False
420,27254,305,9.660628318786621,False
420,27065,368,9.495911598205566,False
420,12789,390,9.443015098571777,False
420,6113,33,11.480558395385742,False
420,12813,270,9.714715957641602,False
420,34625,264,9.740274429321289,False
420,12827,235,9.863483428955078,False
420,30241,589,8.985835075378418,False
420,35715,419,9.380102157592773,False
420,7056,141,10.228233337402344,False
420,26065,712,7.708576202392578,False
420,27240,336,9.588048934936523,False
420,36094,20,11.767667770385742,False
420,27094,34,11.477672576904297,False
420,12814,399,9.415305137634277,False
420,26061,523,9.155864715576172,False
420,12889,261,9.757036209106445,False
420,33742,15,11.867120742797852,False
420,30244,663,8.536624908447266,False
420,33871,447,9.315044403076172,False
420,20259,519,9.167036056518555,False
420,33876,485,9.234694480895996,False
420,29769,508,9.200078964233398,False
420,29764,457,9.297733306884766,False
420,27185,747,6.207000255584717,False
420,24216,160,10.13479995727539,False
420,33028,634,8.776765823364258,False
420,12829,586,8.994348526000977,False
420,12899,310,9.642061233520508,False
420,12790,499,9.213787078857422,False
420,29766,529,9.153120040893555,False
420,15094,412,9.39224910736084,False
420,27105,484,9.238728523254395,False
420,25819,190,9.977729797363281,False
420,33849,259,9.76397705078125,False
420,30239,584,9.006040573120117,False
420,17202,690,8.289380073547363,False
420,30233,517,9.172250747680664,False
420,33776,211,9.932327270507812,False
420,29912,607,8.912781715393066,False
420,33834,38,11.452733993530273,False
420,27137,201,9.95070743560791,False
420,27245,275,9.696197509765625,False
420,33827,74,10.994989395141602,False
420,29910,552,9.110952377319336,False
420,33878,604,8.928043365478516,False
420,33754,370,9.493134498596191,False
420,12776,553,9.108247756958008,False
420,15101,344,9.560401916503906,False
420,30236,678,8.35046672821045,False
420,28603,248,9.807296752929688,False
420,27263,227,9.87487506866455,False
420,12830,509,9.197624206542969,False
420,13800,352,9.536544799804688,False
420,18526,303,9.660628318786621,False
420,20446,770,6.101551055908203,False
420,30242,455,9.299954414367676,False
420,34624,239,9.837535858154297,False
420,12851,518,9.169933319091797,False
420,21662,531,9.14472484588623,False
420,20444,773,6.096186637878418,False
420,27238,361,9.516807556152344,False
420,27265,314,9.641274452209473,False
420,27171,47,11.329731941223145,False
420,7775,900,5.573482513427734,False
420,12785,440,9.335311889648438,False
420,27139,778,6.069507122039795,False
420,27264,288,9.680081367492676,False
420,40321,893,5.599425792694092,False
420,27092,533,9.143970489501953,False
420,38165,442,9.325318336486816,False
420,33034,276,9.696197509765625,False
420,27133,213,9.923646926879883,False
420,40242,223,9.89368724822998,False
420,27353,808,5.966176986694336,False
420,33031,672,8.440922737121582,False
420,12817,375,9.484426498413086,False
420,33877,414,9.390246391296387,False
420,12848,510,9.196331024169922,False
420,3980,627,8.811924934387207,False
420,27097,66,11.087441444396973,False
420,33756,153,10.170625686645508,False
420,30230,548,9.115924835205078,False
420,12862,530,9.1496000289917,False
420,27060,797,5.993439197540283,False
420,33033,312,9.641761779785156,False
420,15696,665,8.526795387268066,False
420,12833,760,6.129449844360352,False
420,33032,514,9.18619155883789,False
420,12887,350,9.54083251953125,False
420,12900,392,9.438796997070312,False
420,12799,469,9.27363109588623,False
420,27272,488,9.230979919433594,False
420,33956,675,8.391992568969727,False
420,33030,561,9.090301513671875,False
420,12839,576,9.019580841064453,False
420,40724,624,8.81590747833252,False
420,33843,184,9.994850158691406,False
420,27128,722,6.3825225830078125,False
420,12893,740,6.244773864746094,False
420,12858,285,9.683555603027344,False
420,34622,880,5.655369281768799,False
420,27177,475,9.258548736572266,False
420,24091,874,5.672990798950195,False
420,27183,630,8.788907051086426,False
420,20258,279,9.690442085266113,False
420,34627,671,8.441882133483887,False
420,27170,44,11.351041793823242,False
420,33880,540,9.134621620178223,False
420,27182,463,9.287044525146484,False
420,29772,494,9.229039192199707,False
420,12818,290,9.679884910583496,False
420,12819,467,9.279973030090332,False
420,29762,427,9.36455249786377,False
420,33815,143,10.226495742797852,False
420,40722,658,8.5873441696167,False
420,10664,603,8.928043365478516,False
420,21663,335,9.59036636352539,False
420,24092,824,5.913017749786377,False
420,33810,543,9.133615493774414,False
420,12779,339,9.577656745910645,False
420,33794,137,10.247183799743652,False
420,37093,826,5.90990686416626,False
420,12794,426,9.367454528808594,False
420,33869,318,9.630962371826172,False
420,33863,597,8.949200630187988,False
420,12823,493,9.229536056518555,False
420,3580,635,8.762659072875977,False
420,27186,762,6.122347354888916,False
420,32491,536,9.13833236694336,False
420,33825,186,9.989213943481445,False
420,26417,520,9.161709785461426,False
420,12792,503,9.207557678222656,False
420,26416,546,9.123498916625977,False
420,30232,460,9.295167922973633,False
420,33881,524,9.155864715576172,False
420,6114,75,10.993931770324707,False
420,33868,568,9.06757640838623,False
420,12903,347,9.548362731933594,False
420,33793,142,10.227890014648438,False
420,12869,155,10.155373573303223,False
420,33879,403,9.410612106323242,False
420,15096,348,9.545948028564453,False
420,30240,650,8.680922508239746,False
420,12763,421,9.377769470214844,False
420,34835,176,10.02812385559082,False
420,33841,146,10.208419799804688,False
420,33777,262,9.742864608764648,False
420,17198,681,8.313301086425781,False
420,12864,179,10.007640838623047,False
420,15695,645,8.719955444335938,False
420,29767,187,9.985361099243164,False
420,27242,387,9.450210571289062,False
420,33913,69,11.027725219726562,False
420,30245,491,9.230063438415527,False
420,20449,127,10.319061279296875,False
420,27085,372,9.491800308227539,False
420,12810,559,9.097434997558594,False
420,23615,126,10.322212219238281,False
420,12772,424,9.373229026794434,False
420,12850,425,9.367693901062012,False
420,33873,409,9.39696216583252,False
420,30235,507,9.20077133178711,False
420,12377,501,9.207940101623535,False
420,12843,592,8.965251922607422,False
420,12854,342,9.561853408813477,False
420,30243,417,9.38017749786377,False
420,33860,659,8.57478141784668,False
420,33759,296,9.665204048156738,False
420,33750,260,9.762494087219238,False
420,33792,138,10.239328384399414,False
420,40239,606,8.915044784545898,False
420,26413,593,8.962950706481934,False
420,12896,448,9.31149673461914,False
420,12764,434,9.345525741577148,False
420,27069,170,10.067444801330566,False
420,40725,698,8.136900901794434,False
420,12883,479,9.250638961791992,False
420,27158,853,5.792410850524902,False
420,33778,532,9.14472484588623,False
420,27099,198,9.952774047851562,False
420,40240,544,9.127635955810547,False
420,20456,23,11.631637573242188,False
420,27122,845,5.849349021911621,False
420,33809,360,9.517809867858887,False
420,12298,577,9.013343811035156,False
420,12290,269,9.717903137207031,False
420,27178,492,9.229780197143555,False
420,6112,274,9.706804275512695,False
421,37081,322,7.757837772369385,False
421,26143,460,7.568918704986572,False
421,13250,1024,6.768399238586426,False
421,42675,773,7.197624206542969,False
421,8104,1238,6.346474647521973,False
421,28340,61,8.803689956665039,False
421,23775,489,7.530617713928223,False
421,38683,335,7.737567901611328,False
421,38244,461,7.567895889282227,False
421,2538,27,9.111066818237305,False
421,22738,567,7.450228214263916,False
421,38992,277,7.845390319824219,False
421,29092,77,8.705968856811523,False
421,1071,218,7.995090484619141,False
421,31488,242,7.940371990203857,False
421,29085,1120,6.5680952072143555,False
421,7326,54,8.867425918579102,False
421,19758,227,7.97596549987793,False
421,16854,254,7.913442611694336,False
421,31475,451,7.578620433807373,False
421,16910,1682,5.729001045227051,False
421,16858,14,9.228340148925781,False
421,860,233,7.959084510803223,False
421,38688,612,7.405459403991699,False
421,38755,2146,5.177617073059082,False
421,5333,225,7.977043151855469,False
421,38822,624,7.3915581703186035,False
421,24699,789,7.168900489807129,False
421,8966,204,8.03256607055664,False
421,1811,738,7.236505508422852,False
421,29208,390,7.663512706756592,False
421,1285,195,8.070643424987793,False
421,41776,106,8.542102813720703,False
421,41777,113,8.523662567138672,False
421,41778,102,8.572186470031738,False
421,23670,754,7.215541362762451,False
421,2654,510,7.50523567199707,False
421,38917,662,7.343995571136475,False
421,38919,537,7.48740291595459,False
421,30894,446,7.583163261413574,False
421,28717,888,7.033514499664307,False
421,5316,52,8.881502151489258,False
421,31604,296,7.811010837554932,False
421,768,197,8.06678581237793,False
421,21176,210,8.017773628234863,False
421,29339,1109,6.589256286621094,False
421,30948,264,7.873265266418457,False
421,2716,373,7.676678657531738,False
421,23738,690,7.30134391784668,False
421,465,369,7.6832194328308105,False
421,23853,608,7.405755043029785,False
421,31220,7,9.329300880432129,False
421,8954,179,8.153633117675781,False
421,6216,441,7.585504531860352,False
421,5460,34,9.043850898742676,False
421,39730,100,8.579387664794922,False
421,2684,136,8.416812896728516,False
421,9338,194,8.0795259475708,False
421,40556,409,7.62949275970459,False
421,31525,682,7.3149919509887695,False
421,20862,845,7.088871002197266,False
421,5906,33,9.060091972351074,False
421,29346,38,9.0177001953125,False
421,16902,371,7.6811323165893555,False
421,34249,78,8.690237998962402,False
421,34753,20,9.183516502380371,False
421,40830,839,7.102856636047363,False
421,36341,164,8.209501266479492,False
421,1565,342,7.726681709289551,False
421,42144,619,7.3975934982299805,False
421,31500,319,7.7672014236450195,False
421,7345,841,7.0935258865356445,False
421,28722,130,8.446717262268066,False
421,8864,622,7.394353866577148,False
421,5319,45,8.949457168579102,False
421,31361,632,7.380300521850586,False
421,29219,228,7.968052387237549,False
421,6371,252,7.91514778137207,False
421,34410,355,7.7129669189453125,False
421,36145,753,7.216904163360596,False
421,17185,91,8.620573043823242,False
421,6947,432,7.596612930297852,False
421,39513,60,8.80788516998291,False
421,15349,394,7.659639358520508,False
421,4254,709,7.27635383605957,False
421,5825,287,7.829810619354248,False
421,29183,507,7.50949239730835,False
421,36185,128,8.459973335266113,False
421,1065,18,9.190656661987305,False
421,14117,530,7.494624137878418,False
421,2583,35,9.027243614196777,False
421,915,187,8.109929084777832,False
421,36132,71,8.75637435913086,False
421,22066,752,7.219937801361084,False
421,18049,524,7.497356414794922,False
421,39713,79,8.688796043395996,False
421,29338,897,7.023941993713379,False
421,4258,666,7.337108612060547,False
421,38991,207,8.027387619018555,False
421,16904,1064,6.676456451416016,False
421,40690,57,8.82548713684082,False
421,8216,966,6.889583587646484,False
421,37956,221,7.982809066772461,False
421,29418,95,8.60888957977295,False
421,23832,157,8.246946334838867,False
421,24991,896,7.027665138244629,False
421,5472,1584,5.904426574707031,False
421,5463,251,7.9174089431762695,False
421,14287,69,8.7683687210083,False
421,18064,792,7.164148330688477,False
421,2076,406,7.634157657623291,False
421,35072,356,7.7129669189453125,False
421,36350,96,8.60682487487793,False
421,22683,374,7.676678657531738,False
421,29337,601,7.415687084197998,False
421,18073,629,7.385412693023682,False
421,39739,161,8.233943939208984,False
421,40508,337,7.733922004699707,False
421,968,271,7.856627464294434,False
421,42743,312,7.78016471862793,False
421,14291,222,7.981546401977539,False
421,947,714,7.270124435424805,False
421,10751,527,7.496579170227051,False
421,24919,646,7.363059043884277,False
421,22914,220,7.990570068359375,False
421,42409,495,7.5217695236206055,False
421,41761,639,7.371943473815918,False
421,27692,46,8.922971725463867,False
421,36687,503,7.5127153396606445,False
421,40637,429,7.600273132324219,False
421,17171,979,6.859828948974609,False
421,32561,768,7.2024335861206055,False
421,1464,235,7.9555864334106445,False
421,29342,526,7.496709823608398,False
421,22032,166,8.19985294342041,False
421,16994,625,7.391139030456543,False
421,26085,673,7.329990386962891,False
421,2615,767,7.2024335861206055,False
421,22684,383,7.670794486999512,False
421,40570,799,7.159393310546875,False
421,1279,6,9.344236373901367,False
421,8348,719,7.2655930519104,False
421,13257,665,7.341367721557617,False
421,7932,216,8.01130199432373,False
421,16995,1364,6.18837833404541,False
421,1781,212,8.014533042907715,False
421,2601,21,9.161150932312012,False
421,6234,593,7.423131465911865,False
421,42990,1533,5.974035263061523,False
421,23737,150,8.302118301391602,False
421,4786,299,7.801211357116699,False
421,16509,597,7.419711112976074,False
421,31673,616,7.40363883972168,False
421,5140,512,7.504230976104736,False
421,7126,354,7.7129669189453125,False
421,29329,395,7.659134864807129,False
421,29296,334,7.7417826652526855,False
421,36266,97,8.599910736083984,False
421,3828,40,8.982863426208496,False
421,34673,776,7.188660144805908,False
421,2737,933,6.961125373840332,False
421,35804,488,7.531600475311279,False
421,40829,153,8.29394817352295,False
421,38646,368,7.685862064361572,False
421,29407,389,7.665611743927002,False
421,3671,805,7.144121170043945,False
421,10752,314,7.7792253494262695,False
421,26048,85,8.665494918823242,False
421,25037,129,8.45594596862793,False
421,16660,248,7.925217628479004,False
421,25667,777,7.18802547454834,False
421,37593,55,8.852919578552246,False
421,26767,8,9.327605247497559,False
421,8378,115,8.519744873046875,False
421,29524,37,9.022642135620117,False
421,38094,479,7.546545505523682,False
421,37563,215,8.011609077453613,False
421,24602,1075,6.655623435974121,False
421,36563,609,7.405755043029785,False
421,214,345,7.725094318389893,False
421,23799,1455,6.089366912841797,False
421,6272,229,7.965763092041016,False
421,38085,200,8.042947769165039,False
421,5468,302,7.7963337898254395,False
421,7101,28,9.099678993225098,False
421,24391,293,7.820782661437988,False
421,37950,16,9.20205307006836,False
421,10722,640,7.3707685470581055,False
421,9340,226,7.97596549987793,False
421,13711,749,7.221741199493408,False
421,7588,375,7.675102710723877,False
421,39750,23,9.127128601074219,False
421,25556,398,7.657570838928223,False
421,8108,357,7.7099223136901855,False
421,18084,361,7.693842887878418,False
421,38648,62,8.801295280456543,False
421,3258,585,7.430282115936279,False
421,5317,234,7.959084510803223,False
421,14229,343,7.726681709289551,False
421,38864,466,7.560214519500732,False
421,23684,563,7.457235336303711,False
421,6869,333,7.7417826652526855,False
421,24605,1762,5.585031509399414,False
421,24405,66,8.789739608764648,False
421,24574,167,8.199737548828125,False
421,863,336,7.735623359680176,False
421,29538,41,8.963193893432617,False
421,8333,707,7.280045986175537,False
421,16866,377,7.673142433166504,False
421,5257,2,9.476114273071289,False
421,22685,405,7.643505096435547,False
421,5258,253,7.915036201477051,False
421,5259,255,7.910122871398926,False
421,1790,245,7.9271955490112305,False
421,1787,496,7.520038604736328,False
421,7761,636,7.375232696533203,False
421,20881,134,8.423303604125977,False
421,5465,274,7.852283477783203,False
421,26141,186,8.115995407104492,False
421,23825,177,8.155160903930664,False
421,26100,828,7.114306926727295,False
421,29198,183,8.13470458984375,False
421,29443,92,8.618593215942383,False
421,32361,437,7.589377403259277,False
421,5992,506,7.50949239730835,False
421,34761,590,7.4261794090271,False
421,34766,517,7.500763893127441,False
421,18348,587,7.42929744720459,False
421,23801,574,7.441710472106934,False
421,5276,201,8.037753105163574,False
421,31466,261,7.8800554275512695,False
421,1079,402,7.646969795227051,False
421,29207,427,7.601199150085449,False
421,19583,675,7.32973575592041,False
421,23792,935,6.960480690002441,False
421,891,362,7.690598487854004,False
421,31372,1524,5.981161594390869,False
421,32147,618,7.400619029998779,False
421,1082,19,9.187153816223145,False
421,18066,770,7.199063301086426,False
421,7760,339,7.729823112487793,False
421,36695,294,7.8173370361328125,False
421,18628,83,8.672374725341797,False
421,21754,861,7.066484451293945,False
421,18034,285,7.831537246704102,False
421,20873,365,7.687370300292969,False
421,8865,48,8.912668228149414,False
421,26072,246,7.92680549621582,False
421,38832,76,8.722198486328125,False
421,17504,72,8.747791290283203,False
421,23646,119,8.501416206359863,False
421,5323,12,9.270059585571289,False
421,16916,535,7.487727642059326,False
421,19736,249,7.92470645904541,False
421,23795,110,8.535627365112305,False
421,24637,676,7.329122543334961,False
421,24639,160,8.236767768859863,False
421,5462,188,8.105667114257812,False
421,5470,453,7.577861785888672,False
421,37331,474,7.554970741271973,False
421,24363,185,8.121688842773438,False
421,40450,415,7.621932029724121,False
421,32215,259,7.89008903503418,False
421,29307,180,8.143207550048828,False
421,5798,497,7.520038604736328,False
421,16901,436,7.589794158935547,False
421,5797,661,7.344808578491211,False
421,40503,124,8.469094276428223,False
421,34228,73,8.743249893188477,False
421,1365,120,8.495548248291016,False
421,4170,1026,6.767176151275635,False
421,4185,401,7.650394439697266,False
421,32410,189,8.100536346435547,False
421,1492,658,7.345772743225098,False
421,14598,974,6.870576858520508,False
421,5286,435,7.59157133102417,False
421,23070,1008,6.808355331420898,False
421,1788,687,7.305054187774658,False
421,39862,147,8.329558372497559,False
421,29403,239,7.94567346572876,False
421,31672,323,7.756997108459473,False
421,22802,346,7.725094318389893,False
421,17503,391,7.662271499633789,False
421,17066,116,8.5180082321167,False
421,9343,1861,5.378857612609863,False
421,8945,1750,5.6087164878845215,False
421,23804,104,8.558826446533203,False
421,21653,320,7.765016555786133,False
421,40093,192,8.086674690246582,False
421,32226,303,7.7963337898254395,False
421,14892,645,7.363189697265625,False
421,22297,783,7.179017543792725,False
421,31655,1019,6.781095027923584,False
421,22933,311,7.781102657318115,False
421,31405,364,7.688656806945801,False
421,34772,786,7.174321174621582,False
421,34913,611,7.405459403991699,False
421,24293,476,7.551870822906494,False
421,36131,641,7.370172500610352,False
421,6802,352,7.715280055999756,False
421,24668,159,8.237676620483398,False
421,8863,520,7.498978614807129,False
421,1336,269,7.857503890991211,False
421,5285,39,8.998078346252441,False
421,5926,885,7.038632392883301,False
421,31587,25,9.119940757751465,False
421,31424,193,8.084745407104492,False
421,13543,217,8.010885238647461,False
421,2562,592,7.424292087554932,False
421,936,158,8.237676620483398,False
421,935,58,8.821707725524902,False
421,31676,572,7.443729400634766,False
421,31678,1175,6.460777282714844,False
421,5991,538,7.4832658767700195,False
421,34302,1053,6.702620983123779,False
421,5321,15,9.208654403686523,False
421,28694,341,7.72744083404541,False
421,29521,477,7.550267219543457,False
421,40225,393,7.660111427307129,False
421,36189,132,8.445808410644531,False
421,2829,358,7.706917762756348,False
421,16920,722,7.263511657714844,False
421,3497,727,7.254151344299316,False
421,7305,573,7.442696571350098,False
421,15823,267,7.866143226623535,False
421,804,586,7.42929744720459,False
421,29386,816,7.125711441040039,False
421,18315,418,7.6173601150512695,False
421,40598,105,8.549095153808594,False
421,14522,298,7.806094646453857,False
421,22658,94,8.612982749938965,False
421,32969,49,8.900485038757324,False
421,5277,17,9.197395324707031,False
421,20874,521,7.498978614807129,False
421,31371,473,7.555642127990723,False
421,32139,67,8.774962425231934,False
421,216,90,8.624581336975098,False
421,24394,422,7.615532875061035,False
421,40610,824,7.121307373046875,False
421,29572,51,8.893937110900879,False
421,5320,202,8.036022186279297,False
421,31468,539,7.4832658767700195,False
421,5322,1,9.520530700683594,False
421,24277,286,7.830606460571289,False
421,5324,13,9.248553276062012,False
421,29216,26,9.116851806640625,False
421,39747,149,8.307119369506836,False
421,9339,135,8.418464660644531,False
421,18060,552,7.467162132263184,False
421,6317,237,7.950509071350098,False
421,2678,24,9.119940757751465,False
421,23805,146,8.332538604736328,False
421,488,88,8.650065422058105,False
421,14597,995,6.839969635009766,False
421,1083,4,9.392841339111328,False
421,38754,1623,5.840420722961426,False
421,29393,82,8.682210922241211,False
421,35768,692,7.298097610473633,False
421,5570,860,7.066484451293945,False
421,36699,196,8.069018363952637,False
421,24406,810,7.135719299316406,False
421,14608,596,7.419711112976074,False
421,31421,223,7.981546401977539,False
421,40612,47,8.919772148132324,False
421,8105,148,8.310176849365234,False
421,23798,276,7.845512390136719,False
421,1081,790,7.168417930603027,False
421,18057,761,7.2114763259887695,False
421,31235,247,7.92680549621582,False
421,17062,109,8.540264129638672,False
421,6226,238,7.950401306152344,False
421,31643,318,7.7741804122924805,False
421,29099,338,7.731172561645508,False
421,7327,837,7.103213310241699,False
421,32975,328,7.749468803405762,False
421,19735,190,8.095266342163086,False
421,5318,256,7.901320934295654,False
421,8321,679,7.325334548950195,False
421,2541,308,7.783749103546143,False
421,2468,10,9.277066230773926,False
421,26086,151,8.302118301391602,False
421,5325,250,7.9174089431762695,False
421,29575,205,8.031749725341797,False
421,16701,582,7.432006359100342,False
421,9412,465,7.560894012451172,False
421,22048,59,8.820037841796875,False
421,2549,53,8.878539085388184,False
421,950,416,7.621526718139648,False
421,18220,794,7.161183834075928,False
421,10776,297,7.808107376098633,False
421,26372,290,7.825692176818848,False
421,2711,86,8.66397476196289,False
421,39749,554,7.46327543258667,False
421,20869,631,7.381269454956055,False
421,14687,668,7.334651947021484,False
421,26814,559,7.461508750915527,False
421,9928,644,7.367470741271973,False
421,16913,172,8.173088073730469,False
421,9882,540,7.482522964477539,False
421,34426,123,8.475014686584473,False
421,4951,583,7.431399345397949,False
421,14621,717,7.269095420837402,False
421,14142,800,7.157578468322754,False
421,10993,741,7.234687805175781,False
421,29093,121,8.482295036315918,False
421,4961,273,7.853150367736816,False
421,21670,551,7.467623710632324,False
421,40831,595,7.422182083129883,False
421,4952,483,7.541566848754883,False
421,34424,175,8.159904479980469,False
421,1672,385,7.669261932373047,False
421,24299,604,7.4108686447143555,False
421,29075,327,7.752719402313232,False
421,34500,44,8.957666397094727,False
421,28252,330,7.74336051940918,False
421,17011,788,7.169918060302734,False
421,24304,170,8.185837745666504,False
421,4947,99,8.580384254455566,False
421,4948,555,7.463069915771484,False
421,4949,485,7.536606788635254,False
421,36845,528,7.495564937591553,False
421,36447,191,8.095266342163086,False
421,23948,448,7.581511497497559,False
421,24240,809,7.135719299316406,False
421,35426,142,8.361795425415039,False
421,5397,594,7.422182083129883,False
421,17849,695,7.2951459884643555,False
421,32767,1135,6.533709526062012,False
421,24165,459,7.5693769454956055,False
421,22044,502,7.512879371643066,False
421,37606,447,7.581838607788086,False
421,35792,155,8.258256912231445,False
421,5819,36,9.025882720947266,False
421,26159,80,8.686853408813477,False
421,35386,126,8.46251392364502,False
421,8808,423,7.611782073974609,False
421,35387,112,8.528914451599121,False
421,9030,6981,2.654607057571411,False
421,40828,509,7.506989479064941,False
421,34647,723,7.261116981506348,False
421,19639,1106,6.596177101135254,False
421,42014,211,8.015155792236328,False
421,18922,945,6.9374308586120605,False
421,35996,486,7.535918235778809,False
421,28634,430,7.600167274475098,False
421,15167,1006,6.818553924560547,False
421,16865,744,7.2314372062683105,False
421,8810,620,7.395550727844238,False
421,17148,490,7.530195713043213,False
421,21185,307,7.788279056549072,False
421,29037,764,7.210736274719238,False
421,31897,198,8.058158874511719,False
421,26180,710,7.275414943695068,False
421,38082,399,7.655272483825684,False
421,21764,763,7.210736274719238,False
421,34274,206,8.027387619018555,False
421,36116,812,7.1327056884765625,False
421,24281,64,8.79601001739502,False
421,23026,787,7.170862197875977,False
421,24155,522,7.498978614807129,False
421,34662,842,7.0935258865356445,False
421,15810,564,7.455863952636719,False
421,6479,426,7.6055827140808105,False
421,5681,241,7.945436954498291,False
421,36086,919,6.98560905456543,False
421,26740,182,8.137247085571289,False
421,4010,325,7.755587577819824,False
421,14449,472,7.556490421295166,False
421,20857,1000,6.832638263702393,False
421,506,1050,6.709236145019531,False
421,4523,156,8.246946334838867,False
421,35522,165,8.205227851867676,False
421,5395,463,7.564660549163818,False
421,9785,739,7.236295700073242,False
421,5369,266,7.8674821853637695,False
421,36170,591,7.42546272277832,False
421,9869,980,6.8593902587890625,False
421,34305,282,7.834689140319824,False
421,36203,424,7.610891342163086,False
421,42878,353,7.714669704437256,False
421,2831,571,7.444601058959961,False
421,14562,209,8.02204418182373,False
421,23353,127,8.459973335266113,False
421,5087,87,8.658843994140625,False
421,36234,642,7.370172500610352,False
421,29088,240,7.945670127868652,False
421,24166,558,7.461508750915527,False
421,28431,589,7.426255226135254,False
421,42748,1445,6.104021072387695,False
421,13757,317,7.774706840515137,False
421,12430,635,7.376395225524902,False
421,1493,653,7.350002765655518,False
421,37276,651,7.3557586669921875,False
421,22051,657,7.348677635192871,False
421,33884,823,7.122149467468262,False
421,9401,68,8.771286010742188,False
421,34692,880,7.047266006469727,False
421,34671,838,7.102856636047363,False
421,34135,492,7.526708126068115,False
421,19782,614,7.405422210693359,False
421,32846,541,7.482522964477539,False
421,24633,729,7.24603271484375,False
421,36173,617,7.403482437133789,False
421,42068,697,7.2902021408081055,False
421,4493,1277,6.290711879730225,False
421,7144,708,7.279139518737793,False
421,10013,5,9.358633041381836,False
421,24632,931,6.967060089111328,False
421,38357,414,7.623262405395508,False
421,10711,817,7.124639511108398,False
421,34651,950,6.928097724914551,False
421,26506,481,7.5455708503723145,False
421,16996,669,7.334031105041504,False
421,29869,386,7.6669769287109375,False
421,3311,257,7.895087242126465,False
421,42944,125,8.469094276428223,False
421,19579,438,7.587987899780273,False
421,13727,553,7.464417457580566,False
421,25458,478,7.546545505523682,False
421,1503,852,7.079580307006836,False
421,16750,1035,6.74892520904541,False
421,350,735,7.241212368011475,False
421,34594,445,7.5839948654174805,False
421,40273,243,7.940371990203857,False
421,42883,628,7.39046049118042,False
421,39793,701,7.284194469451904,False
421,23949,480,7.546534538269043,False
421,7765,775,7.189200401306152,False
421,31680,674,7.329990386962891,False
421,3602,1331,6.219365119934082,False
421,38243,133,8.432245254516602,False
421,5315,331,7.743094444274902,False
421,723,602,7.414913654327393,False
421,16662,951,6.925525188446045,False
421,21122,685,7.310266017913818,False
421,1748,174,8.159904479980469,False
421,42384,384,7.669936180114746,False
421,16479,63,8.798659324645996,False
421,19081,137,8.408868789672852,False
421,24154,412,7.627018928527832,False
421,25046,410,7.629174709320068,False
421,7735,716,7.269095420837402,False
421,18729,721,7.263749122619629,False
421,28967,1172,6.465540885925293,False
421,4604,213,8.012450218200684,False
421,34133,396,7.658881187438965,False
421,2175,468,7.55885124206543,False
421,23841,397,7.6582841873168945,False
421,39939,279,7.840456962585449,False
421,42877,84,8.665823936462402,False
421,15635,878,7.049483299255371,False
421,15195,829,7.113419532775879,False
421,27739,263,7.8754119873046875,False
421,1549,56,8.836219787597656,False
421,38359,579,7.43337345123291,False
421,34678,525,7.497356414794922,False
421,42884,610,7.405755043029785,False
421,14140,937,6.9521894454956055,False
421,1778,184,8.128600120544434,False
421,42371,584,7.430298805236816,False
421,30576,822,7.122774124145508,False
421,16617,627,7.39046049118042,False
421,39326,230,7.964343070983887,False
421,17036,140,8.391068458557129,False
421,38272,688,7.305054187774658,False
421,29977,118,8.50219440460205,False
421,34634,162,8.211692810058594,False
421,11388,1025,6.767477989196777,False
421,37607,467,7.559681415557861,False
421,40814,936,6.95426082611084,False
421,4901,404,7.644534111022949,False
421,35995,493,7.525323867797852,False
421,40827,138,8.397418975830078,False
421,22029,101,8.579310417175293,False
421,14605,22,9.130456924438477,False
421,23840,672,7.332157135009766,False
421,16678,743,7.2314372062683105,False
421,1750,848,7.084222793579102,False
421,15820,131,8.446439743041992,False
421,24160,702,7.283729553222656,False
421,23826,785,7.175302505493164,False
421,27281,74,8.735175132751465,False
421,33885,748,7.221794128417969,False
421,2647,630,7.383283615112305,False
421,5433,324,7.756704807281494,False
421,14478,81,8.683303833007812,False
421,14783,103,8.566426277160645,False
421,25459,599,7.415989875793457,False
421,35694,470,7.557204246520996,False
421,35812,145,8.333580017089844,False
421,34395,292,7.822826385498047,False
421,34674,462,7.564903736114502,False
421,14253,50,8.894978523254395,False
421,13203,882,7.046364784240723,False
421,12228,305,7.792499542236328,False
421,4587,411,7.628634452819824,False
421,40333,420,7.616415023803711,False
421,42762,970,6.878462791442871,False
421,35831,111,8.534686088562012,False
421,14115,270,7.857412338256836,False
421,9012,9,9.282279968261719,False
421,28425,649,7.360073089599609,False
421,17029,536,7.487727642059326,False
421,15196,350,7.716790676116943,False
421,1757,514,7.501273155212402,False
421,39941,65,8.791860580444336,False
421,5396,419,7.616853713989258,False
421,34400,70,8.758552551269531,False
421,6454,634,7.376907825469971,False
421,38934,960,6.906925678253174,False
421,1536,326,7.754791259765625,False
421,41365,93,8.617263793945312,False
421,5035,376,7.673142433166504,False
421,5723,310,7.781739711761475,False
421,27293,141,8.385662078857422,False
421,16613,501,7.514761924743652,False
421,5408,737,7.2371416091918945,False
421,27292,139,8.391639709472656,False
421,28237,370,7.682820796966553,False
421,8626,11,9.275413513183594,False
421,18260,1659,5.7628278732299805,False
421,24656,972,6.871183395385742,False
421,39690,309,7.783123016357422,False
421,1758,835,7.107084274291992,False
421,39330,694,7.295948028564453,False
421,18731,693,7.295948028564453,False
421,36143,265,7.870774745941162,False
421,24395,578,7.43337345123291,False
421,42250,544,7.47849702835083,False
421,36187,392,7.66123104095459,False
421,5661,607,7.407611846923828,False
421,16084,791,7.168417930603027,False
421,14477,864,7.06569242477417,False
421,18734,660,7.344979286193848,False
421,24157,457,7.573253631591797,False
421,5412,349,7.720673561096191,False
421,2101,515,7.501225471496582,False
421,36915,4550,4.296054840087891,False
421,31416,169,8.19128704071045,False
421,642,726,7.257514476776123,False
421,19839,994,6.840038776397705,False
421,1080,440,7.5865373611450195,False
421,36054,5534,3.6866679191589355,False
421,11295,163,8.209501266479492,False
421,39930,603,7.413156032562256,False
421,20748,1776,5.555418968200684,False
421,28549,171,8.176082611083984,False
421,28758,696,7.294516563415527,False
421,641,1761,5.585031509399414,False
422,33601,86,8.280781745910645,False
422,20693,123,7.853506565093994,False
422,37126,168,7.549619197845459,False
422,28924,119,7.890058517456055,False
422,7599,288,6.7716569900512695,False
422,27032,36,9.218542098999023,False
422,11250,302,6.697784423828125,False
422,33597,3040,3.020695209503174,False
422,33598,3,10.078659057617188,False
422,33599,106,8.031572341918945,False
422,23877,3231,2.9496917724609375,False
422,27035,30,9.254327774047852,False
422,4443,965,3.6781692504882812,False
422,41665,277,6.818300247192383,False
422,30034,13,9.69778060913086,False
422,11641,46,9.08428955078125,False
422,41092,17,9.472335815429688,False
422,16296,355,6.467001914978027,False
422,27036,31,9.254327774047852,False
422,33334,316,6.65956974029541,False
422,35762,3395,2.8714447021484375,False
422,27037,32,9.254327774047852,False
422,20694,1142,3.596123456954956,False
422,42787,366,6.39405632019043,False
422,18503,297,6.729394912719727,False
422,20498,3864,2.6350202560424805,False
422,10369,272,6.843131065368652,False
422,10368,268,6.853724479675293,False
422,10370,284,6.785632610321045,False
422,10372,295,6.734456539154053,False
422,10371,285,6.775315284729004,False
422,19794,143,7.710423946380615,False
422,42354,93,8.183475494384766,False
422,16667,3710,2.720156192779541,False
422,29624,333,6.595002174377441,False
422,2866,3178,2.9726994037628174,False
422,5806,280,6.81144905090332,False
422,38900,3199,2.9635355472564697,False
422,25843,3017,3.027937889099121,False
422,35775,415,6.133352279663086,False
422,35763,1405,3.5062637329101562,False
422,37843,1429,3.494051933288574,False
422,38916,2758,3.1171488761901855,False
422,42689,291,6.759352207183838,False
422,38899,3233,2.9496917724609375,False
422,11674,328,6.607232093811035,False
422,42402,2470,3.202632188796997,False
422,17482,1858,3.369778633117676,False
422,22345,977,3.672820568084717,False
422,11245,243,6.981406211853027,False
422,18300,323,6.625141143798828,False
422,16064,1508,3.467751979827881,False
422,40168,260,6.880143642425537,False
422,40169,2160,3.2904133796691895,False
422,37605,3424,2.852243661880493,False
422,4708,3213,2.955716133117676,False
422,35783,3759,2.6976537704467773,False
422,11238,88,8.250921249389648,False
422,6054,21,9.364681243896484,False
422,30683,374,6.350058555603027,False
422,6705,240,6.988672256469727,False
422,16293,146,7.692048072814941,False
422,20611,71,8.619366645812988,False
422,17233,50,9.046920776367188,False
422,17234,38,9.197921752929688,False
422,30853,232,7.046080112457275,False
422,18164,33,9.250555992126465,False
422,4709,203,7.256234169006348,False
422,24210,178,7.479761123657227,False
422,18285,267,6.856806755065918,False
422,17890,234,7.03590202331543,False
422,20695,347,6.510776519775391,False
422,17087,674,3.885255813598633,False
422,29661,287,6.772087097167969,False
422,30370,352,6.491337776184082,False
422,21716,249,6.944421768188477,False
422,37842,3831,2.6523277759552,False
422,8340,419,6.101258277893066,False
422,29622,341,6.541925430297852,False
422,7059,274,6.831272125244141,False
422,26393,534,4.666707992553711,False
422,18154,80,8.519926071166992,False
422,29214,108,8.020689964294434,False
422,17653,2949,3.0521533489227295,False
422,37788,39,9.186921119689941,False
422,33602,10,9.80810546875,False
422,33604,2417,3.2189583778381348,False
422,18218,351,6.501330375671387,False
422,2869,2901,3.0679409503936768,False
422,12265,49,9.049373626708984,False
422,21943,43,9.118124008178711,False
422,23818,1143,3.596123456954956,False
422,14874,3639,2.7557711601257324,False
422,4286,400,6.236092567443848,False
422,14876,394,6.277091979980469,False
422,13221,23,9.340253829956055,False
422,29565,456,5.795059680938721,False
422,29623,290,6.760505676269531,False
422,14875,4034,2.519371747970581,False
422,22533,446,5.917953014373779,False
422,22534,3179,2.9709510803222656,False
422,25081,2821,3.099299192428589,False
422,36299,1788,3.389033555984497,False
422,38059,365,6.401694297790527,False
422,11257,254,6.906285285949707,False
422,31312,331,6.605223655700684,False
422,19998,3870,2.6322743892669678,False
422,20459,294,6.737843990325928,False
422,28929,209,7.1760358810424805,False
422,34378,72,8.614583969116211,False
422,25227,371,6.380681991577148,False
422,17120,3280,2.926903486251831,False
422,5783,359,6.444169044494629,False
422,11243,442,5.950675010681152,False
422,15428,52,9.037017822265625,False
422,21717,133,7.780442714691162,False
422,40680,3022,3.0274760723114014,False
422,23765,2945,3.054583787918091,False
422,11246,348,6.510486602783203,False
422,25741,3248,2.9428179264068604,False
422,29874,22,9.359667778015137,False
422,37870,174,7.513388156890869,False
422,31036,1216,3.569101095199585,False
422,15435,2162,3.2902448177337646,False
422,35655,212,7.1511921882629395,False
422,27030,37,9.200756072998047,False
422,27031,27,9.290407180786133,False
422,33020,3527,2.807852029800415,False
422,33018,329,6.607232093811035,False
422,27033,25,9.326783180236816,False
422,27034,35,9.236397743225098,False
422,27038,28,9.290407180786133,False
422,23695,3439,2.847703218460083,False
422,11248,2933,3.0567879676818848,False
422,23819,1036,3.639303684234619,False
422,9173,310,6.679471015930176,False
422,16118,381,6.332222938537598,False
422,22110,220,7.1077961921691895,False
422,35524,2,10.1940279006958,False
422,16742,358,6.4473114013671875,False
422,11249,346,6.519161224365234,False
422,22551,3100,2.999174118041992,False
422,16697,976,3.6729044914245605,False
422,39212,160,7.591008186340332,False
422,39225,1445,3.4901137351989746,False
422,38869,3196,2.965855360031128,False
422,33456,3309,2.9147839546203613,False
422,33457,137,7.769075393676758,False
422,18219,145,7.695947170257568,False
422,17476,318,6.650662899017334,False
422,19032,301,6.709344863891602,False
422,19033,327,6.61494255065918,False
422,6982,3181,2.970506429672241,False
422,12409,4529,2.1273107528686523,False
422,5782,379,6.339097499847412,False
422,12659,63,8.794988632202148,False
422,27970,117,7.898559093475342,False
422,17888,2214,3.2774367332458496,False
422,8994,42,9.121786117553711,False
422,29508,3177,2.972836971282959,False
422,28911,51,9.044776916503906,False
422,22131,278,6.813931465148926,False
422,5308,2375,3.231476068496704,False
422,40779,3087,3.0034749507904053,False
422,23696,3532,2.8076066970825195,False
422,35814,1586,3.4482576847076416,False
422,29308,3771,2.691903591156006,False
422,22559,3027,3.0261242389678955,False
422,35765,2585,3.172461986541748,False
422,4444,3810,2.667266368865967,False
422,17248,2247,3.2701971530914307,False
422,29650,2075,3.3160617351531982,False
422,2100,482,5.497004985809326,False
422,32801,324,6.6231536865234375,False
422,28925,244,6.976114273071289,False
422,16550,304,6.696780204772949,False
422,38395,321,6.637449264526367,False
422,34494,141,7.7217326164245605,False
422,30591,3480,2.82987380027771,False
422,20023,227,7.078564167022705,False
422,29552,1946,3.348578691482544,False
422,19887,3682,2.7378478050231934,False
422,19881,3020,3.0274760723114014,False
422,22000,3711,2.720156192779541,False
422,28916,1096,3.6119749546051025,False
422,4050,3368,2.8848211765289307,False
422,1149,2454,3.2068583965301514,False
422,30792,1919,3.355818748474121,False
422,19882,3204,2.961219310760498,False
422,16982,2910,3.0642051696777344,False
422,5555,2290,3.2563092708587646,False
422,8848,3050,3.017829656600952,False
422,32288,100,8.10489559173584,False
422,32320,478,5.533578395843506,False
422,19883,2261,3.2647273540496826,False
422,8761,450,5.8832621574401855,False
422,27540,405,6.191080570220947,False
422,19884,3223,2.954291582107544,False
422,14358,275,6.8210344314575195,False
422,33603,201,7.261991024017334,False
422,40588,1348,3.5219388008117676,False
422,24159,2098,3.3096466064453125,False
422,34399,286,6.773157119750977,False
422,35785,1733,3.4036481380462646,False
422,29753,1604,3.442617654800415,False
422,14432,53,9.02315616607666,False
422,5243,2919,3.0617287158966064,False
422,5188,200,7.277963638305664,False
422,18501,1871,3.369248390197754,False
422,38064,2693,3.1430089473724365,False
422,16462,2690,3.1430089473724365,False
422,19990,292,6.7589616775512695,False
422,3164,45,9.090357780456543,False
422,42329,383,6.325466156005859,False
422,8757,157,7.610011100769043,False
422,34022,282,6.804839611053467,False
422,13206,2380,3.229247808456421,False
422,308,2250,3.2689526081085205,False
422,11253,3084,3.0034749507904053,False
422,5494,3696,2.728973150253296,False
422,37818,293,6.741633415222168,False
422,33330,55,8.989326477050781,False
422,20470,3173,2.9731123447418213,False
422,23964,3032,3.0229294300079346,False
422,20610,7,9.916584968566895,False
422,2245,258,6.893006801605225,False
422,15438,3791,2.682598114013672,False
422,28926,1835,3.3763482570648193,False
422,24881,191,7.402554988861084,False
422,29633,3304,2.9156408309936523,False
422,25265,104,8.052834510803223,False
422,17889,1793,3.3873226642608643,False
422,38394,1467,3.480494976043701,False
422,1832,409,6.165833473205566,False
422,8262,3410,2.8619396686553955,False
422,6887,911,3.7144272327423096,False
422,6409,621,4.0086774826049805,False
422,38392,48,9.067288398742676,False
422,18223,1971,3.3423912525177,False
422,12266,2539,3.1839652061462402,False
422,28568,1664,3.4240593910217285,False
422,30317,2446,3.2107746601104736,False
422,24192,3730,2.7113959789276123,False
422,29751,2723,3.1352059841156006,False
422,19004,4079,2.477935791015625,False
422,32323,24,9.337103843688965,False
422,16294,3408,2.8649306297302246,False
422,24145,57,8.939945220947266,False
422,1148,1512,3.4663524627685547,False
422,41153,4058,2.4969558715820312,False
422,25671,3426,2.8519904613494873,False
422,15424,2166,3.2881033420562744,False
422,24893,197,7.296996593475342,False
422,32800,1043,3.636016607284546,False
422,30014,463,5.670899868011475,False
422,18505,109,8.000329971313477,False
422,5307,1065,3.6236398220062256,False
422,6412,2928,3.0592563152313232,False
422,40997,247,6.9555511474609375,False
422,8760,217,7.111291885375977,False
422,33333,319,6.649749755859375,False
422,34547,1111,3.605862617492676,False
422,11244,2689,3.1430089473724365,False
422,11239,3658,2.7497706413269043,False
422,38060,3421,2.8541393280029297,False
422,24879,187,7.429437637329102,False
422,33600,41,9.1249361038208,False
422,38396,2173,3.2859644889831543,False
422,5495,3762,2.6969199180603027,False
422,29754,354,6.4760236740112305,False
422,20020,183,7.456521034240723,False
422,36039,508,5.0703654289245605,False
422,2864,2783,3.1117868423461914,False
422,6488,2586,3.17195463180542,False
422,38066,1574,3.450141668319702,False
422,42377,421,6.077882766723633,False
422,20021,192,7.367021560668945,False
422,20696,1144,3.5955963134765625,False
422,32319,477,5.539675712585449,False
422,26256,110,7.993157386779785,False
422,20051,402,6.217207908630371,False
422,34495,3047,3.0193159580230713,False
422,18273,3085,3.0034749507904053,False
422,27443,382,6.332222938537598,False
422,25938,154,7.623394012451172,False
422,2637,317,6.657933235168457,False
422,1259,2875,3.0791475772857666,False
422,20246,467,5.645427703857422,False
422,5500,3819,2.6599960327148438,False
422,18504,231,7.04706335067749,False
422,30316,3209,2.9589061737060547,False
422,38187,2514,3.190495491027832,False
422,42040,2983,3.0396206378936768,False
422,30344,3135,2.9892563819885254,False
422,17759,466,5.645427703857422,False
422,28204,1509,3.4671921730041504,False
422,26480,2936,3.0567879676818848,False
422,19003,2853,3.0891904830932617,False
422,19880,3191,2.9681789875030518,False
422,28930,149,7.666813850402832,False
422,34498,397,6.264471054077148,False
422,6888,2087,3.3118162155151367,False
422,42293,385,6.317615509033203,False
422,4060,97,8.14401912689209,False
422,19968,259,6.891147136688232,False
422,29377,483,5.491269111633301,False
422,28893,332,6.600969314575195,False
422,7139,3900,2.610509157180786,False
422,15436,3858,2.63777232170105,False
422,16295,107,8.022738456726074,False
422,37039,357,6.4651336669921875,False
422,20699,413,6.146358966827393,False
422,28912,1331,3.5272324085235596,False
422,20698,179,7.474881649017334,False
422,26359,68,8.655329704284668,False
422,33019,338,6.562892913818359,False
422,12408,3399,2.8684399127960205,False
422,33337,380,6.338769912719727,False
422,26070,435,5.995430946350098,False
422,736,265,6.863480567932129,False
422,18589,3741,2.705587148666382,False
422,33596,128,7.817546844482422,False
422,29213,194,7.335877418518066,False
422,38692,3502,2.8180484771728516,False
422,7985,377,6.342752456665039,False
422,37125,112,7.9788408279418945,False
422,20697,1364,3.51643705368042,False
422,25257,727,3.8286471366882324,False
422,18606,3287,2.9223878383636475,False
422,1448,3409,2.8627655506134033,False
422,37041,439,5.971427917480469,False
422,2865,2148,3.292936325073242,False
422,2863,392,6.281438827514648,False
422,38393,361,6.427483081817627,False
422,13211,2632,3.160552501678467,False
422,3882,3485,2.828568458557129,False
422,37040,342,6.530266761779785,False
422,42363,3562,2.7931172847747803,False
422,41664,1482,3.474111557006836,False
422,8024,2262,3.2626187801361084,False
422,37768,345,6.523628234863281,False
422,5498,3697,2.728973150253296,False
422,5499,3728,2.7113959789276123,False
422,30315,308,6.6796112060546875,False
422,30413,1985,3.338078022003174,False
422,33021,3554,2.798518419265747,False
422,18460,1912,3.3574812412261963,False
422,5610,1622,3.436666965484619,False
422,18286,1181,3.582521677017212,False
422,30314,311,6.673483848571777,False
422,5497,3679,2.7378478050231934,False
422,41401,3468,2.8362295627593994,False
422,13703,2282,3.2584095001220703,False
422,34312,3198,2.9635355472564697,False
422,18272,3116,2.9963488578796387,False
422,13230,2222,3.2753114700317383,False
422,20022,121,7.888669967651367,False
422,32324,479,5.533578395843506,False
422,21610,2947,3.053563117980957,False
422,19832,207,7.23220682144165,False
422,1577,230,7.0486602783203125,False
422,32322,476,5.545786380767822,False
422,26360,2512,3.1906540393829346,False
422,39574,3422,2.8541393280029297,False
422,17791,1341,3.523296594619751,False
422,29643,921,3.7099008560180664,False
422,16207,1296,3.5392112731933594,False
422,7324,1118,3.602963447570801,False
422,42401,1710,3.4115445613861084,False
422,17761,469,5.620182991027832,False
422,2517,161,7.572680473327637,False
422,28248,760,3.803434133529663,False
422,9216,264,6.865960121154785,False
422,12407,158,7.601173400878906,False
422,37127,688,3.8702785968780518,False
422,30793,3637,2.7587809562683105,False
422,9217,271,6.845363616943359,False
422,24204,1761,3.394150495529175,False
422,7884,1598,3.44449520111084,False
422,42323,3633,2.7617976665496826,False
422,7439,3397,2.8684399127960205,False
422,38477,2874,3.0796258449554443,False
422,9492,262,6.872333526611328,False
422,29873,313,6.669958114624023,False
422,293,2379,3.229247808456421,False
422,17671,242,6.98349666595459,False
422,11115,169,7.5419721603393555,False
422,5504,1396,3.509511947631836,False
422,42039,2955,3.051863431930542,False
422,38662,70,8.62049674987793,False
422,18461,1923,3.354508638381958,False
422,30416,1406,3.5056912899017334,False
422,26071,426,6.050965309143066,False
422,21190,223,7.089682579040527,False
422,30128,1360,3.5174083709716797,False
422,30592,3379,2.878246307373047,False
422,4330,1603,3.442617654800415,False
422,5556,2272,3.2605128288269043,False
422,34536,877,3.7301008701324463,False
422,29651,349,6.507094383239746,False
422,5002,2831,3.094236373901367,False
422,25066,1940,3.3513660430908203,False
422,17103,1792,3.3873226642608643,False
422,42137,216,7.1195220947265625,False
422,34572,3617,2.767850637435913,False
422,5237,3978,2.5576395988464355,False
422,19498,172,7.531991004943848,False
422,7088,3471,2.833048105239868,False
422,8781,78,8.559368133544922,False
422,21404,1395,3.5095884799957275,False
422,1144,2471,3.2014389038085938,False
422,33721,2994,3.037184238433838,False
422,34403,2342,3.2416815757751465,False
422,19456,3038,3.0226452350616455,False
422,1272,1022,3.645339012145996,False
422,40996,3420,2.8554680347442627,False
422,33690,2899,3.069169759750366,False
422,33689,2898,3.069169759750366,False
422,33691,1976,3.340285539627075,False
422,34009,246,6.9621100425720215,False
422,17880,1304,3.5351316928863525,False
422,24880,464,5.6645097732543945,False
422,18163,270,6.846008777618408,False
422,2813,279,6.81144905090332,False
422,5244,2819,3.099299192428589,False
422,32321,473,5.551910877227783,False
422,5297,789,3.78661847114563,False
422,42963,202,7.258113384246826,False
423,33431,44,7.771661758422852,False
423,39387,4,8.187009811401367,False
423,36777,237,6.9123687744140625,False
423,3433,13,8.047481536865234,False
423,21105,3,8.195826530456543,False
423,25897,45,7.767777919769287,False
423,37099,1517,3.484891653060913,False
423,6366,170,7.19353723526001,False
423,20489,234,6.9310503005981445,False
423,6697,54,7.674449920654297,False
423,38729,189,7.119250774383545,False
423,34406,216,7.039543628692627,False
423,31738,122,7.371668338775635,False
423,37014,197,7.094124794006348,False
423,10276,202,7.0799713134765625,False
423,7670,33,7.845258712768555,False
423,22497,38,7.8115739822387695,False
423,23944,283,6.655410289764404,False
423,20040,210,7.055234432220459,False
423,1885,186,7.128782272338867,False
423,36168,504,4.9499921798706055,False
423,40180,259,6.794034481048584,False
423,7578,161,7.202150344848633,False
423,32512,143,7.267245292663574,False
423,18850,229,6.957409858703613,False
423,9575,369,5.826333522796631,False
423,36587,108,7.443615913391113,False
423,38643,221,7.016937255859375,False
423,37229,65,7.6213908195495605,False
423,31092,2892,3.289973735809326,False
423,2550,145,7.263835906982422,False
423,42772,156,7.2086076736450195,False
423,31247,215,7.039543628692627,False
423,21398,1,8.215818405151367,False
423,31846,88,7.49996280670166,False
423,32733,28,7.864617347717285,False
423,16014,66,7.6212158203125,False
423,30053,24,7.921222686767578,False
423,9937,132,7.304901123046875,False
423,31096,49,7.729069709777832,False
423,21364,192,7.110683441162109,False
423,21369,166,7.197348594665527,False
423,21367,181,7.1537370681762695,False
423,21374,167,7.197348594665527,False
423,33992,231,6.95060920715332,False
423,7540,84,7.5124335289001465,False
423,7745,107,7.4484639167785645,False
423,7150,348,6.110394477844238,False
423,40267,95,7.4710283279418945,False
423,39517,319,6.431158542633057,False
423,35348,307,6.507058620452881,False
423,40265,48,7.731656074523926,False
423,42662,176,7.1773247718811035,False
423,40266,249,6.846956729888916,False
423,42713,37,7.819775581359863,False
423,33377,34,7.83819580078125,False
423,29510,273,6.696518898010254,False
423,6537,253,6.817435264587402,False
423,8775,300,6.545536518096924,False
423,10277,59,7.6386518478393555,False
423,12975,276,6.6793670654296875,False
423,26270,184,7.144375324249268,False
423,22473,328,6.3420305252075195,False
423,21375,251,6.830552577972412,False
423,26275,76,7.5779709815979,False
423,3435,303,6.5292181968688965,False
423,42333,339,6.252016067504883,False
423,36934,137,7.284824371337891,False
423,14202,90,7.49025297164917,False
423,14200,99,7.465373516082764,False
423,27564,199,7.0935187339782715,False
423,36588,42,7.790131568908691,False
423,36781,264,6.74855899810791,False
423,3764,36,7.82479190826416,False
423,27565,94,7.471381187438965,False
423,34264,78,7.568523406982422,False
423,40259,7,8.0956449508667,False
423,33161,25,7.886488914489746,False
423,36775,306,6.524249076843262,False
423,36776,220,7.025656700134277,False
423,10281,265,6.747706413269043,False
423,33379,204,7.067590713500977,False
423,32736,62,7.625187873840332,False
423,38724,295,6.573989391326904,False
423,27952,268,6.734135627746582,False
423,31068,125,7.3310441970825195,False
423,3432,14,8.043801307678223,False
423,31187,126,7.329712867736816,False
423,3439,8,8.073407173156738,False
423,38649,271,6.713767051696777,False
423,33162,61,7.626587867736816,False
423,33173,129,7.318954944610596,False
423,10366,39,7.8092122077941895,False
423,14360,136,7.293614387512207,False
423,17082,222,7.011501312255859,False
423,7576,875,3.784543037414551,False
423,21370,201,7.0822858810424805,False
423,23503,144,7.264887809753418,False
423,16933,317,6.442713737487793,False
423,36785,324,6.402459144592285,False
423,6700,82,7.52178430557251,False
423,39308,2,8.204866409301758,False
423,30444,3395,3.203481912612915,False
423,7559,384,5.7409348487854,False
423,7577,714,4.190688133239746,False
423,37235,9,8.066835403442383,False
423,21650,127,7.323731422424316,False
423,20490,298,6.55471134185791,False
423,5804,203,7.071776390075684,False
423,36788,304,6.524843215942383,False
423,22101,22,7.946185111999512,False
423,33382,46,7.760061264038086,False
423,23926,225,6.973682403564453,False
423,3434,10,8.066122055053711,False
423,42297,358,5.949623107910156,False
423,7575,213,7.049851417541504,False
423,5805,73,7.583250999450684,False
423,25703,198,7.093955039978027,False
423,30147,130,7.314834117889404,False
423,10416,112,7.4085798263549805,False
423,5249,27,7.871293067932129,False
423,31768,26,7.8716888427734375,False
423,32570,269,6.7295732498168945,False
423,21371,194,7.1035614013671875,False
423,33994,239,6.910157203674316,False
423,6367,41,7.796307563781738,False
423,15774,30,7.846982002258301,False
423,8292,343,6.219585418701172,False
423,36768,258,6.8008012771606445,False
423,6002,165,7.199370861053467,False
423,39755,158,7.20610237121582,False
423,14606,115,7.4037580490112305,False
423,16886,128,7.3227219581604,False
423,26212,106,7.455574989318848,False
423,15775,241,6.894922256469727,False
423,12757,75,7.580167293548584,False
423,41064,29,7.855095863342285,False
423,16658,105,7.458793640136719,False
423,28705,31,7.846982002258301,False
423,36783,315,6.459521293640137,False
423,36791,291,6.611710548400879,False
423,13991,334,6.297669410705566,False
423,36108,64,7.623409271240234,False
423,2400,20,7.957544803619385,False
423,34931,174,7.184630393981934,False
423,42770,188,7.121050834655762,False
423,36771,175,7.1840949058532715,False
423,36770,150,7.224262237548828,False
423,9941,236,6.915000915527344,False
423,14201,119,7.377521514892578,False
423,11656,407,5.561819076538086,False
423,25679,252,6.823902130126953,False
423,10269,418,5.476919174194336,False
423,32350,169,7.195705890655518,False
423,36786,292,6.60614013671875,False
423,41433,207,7.062511920928955,False
423,18497,272,6.710329055786133,False
423,28615,117,7.391716003417969,False
423,2190,120,7.375638008117676,False
423,10419,11,8.055374145507812,False
423,38160,63,7.625187873840332,False
423,10412,32,7.845619201660156,False
423,36896,263,6.752651214599609,False
423,23972,275,6.682545185089111,False
423,36780,250,6.841355323791504,False
423,30875,68,7.61692476272583,False
423,34939,243,6.88568115234375,False
423,14519,5,8.120651245117188,False
423,22488,91,7.487674236297607,False
423,38489,179,7.165918350219727,False
423,3760,196,7.097336292266846,False
423,6978,139,7.278778553009033,False
423,13964,138,7.2787885665893555,False
423,36784,290,6.611710548400879,False
423,17945,172,7.190041542053223,False
423,22506,195,7.099041938781738,False
423,34301,155,7.212849140167236,False
423,40974,4104,3.073561668395996,False
423,32314,114,7.407750129699707,False
423,23674,4155,3.0629289150238037,False
423,3761,70,7.59102201461792,False
423,14987,142,7.267565727233887,False
423,40965,77,7.575351715087891,False
423,27354,280,6.66466760635376,False
423,14310,71,7.590409278869629,False
423,14825,160,7.2034711837768555,False
423,14824,56,7.659480094909668,False
423,22487,212,7.052500247955322,False
423,28738,4332,3.027975559234619,False
423,33141,795,3.93234920501709,False
423,40249,15,8.023292541503906,False
423,36206,72,7.587376117706299,False
423,22505,255,6.807433128356934,False
423,3762,146,7.253233909606934,False
423,17816,233,6.932254314422607,False
423,14645,100,7.460215091705322,False
423,10674,5685,2.7342007160186768,False
423,36769,162,7.201253890991211,False
423,36772,163,7.201253890991211,False
423,8779,274,6.684295654296875,False
423,40498,180,7.1571044921875,False
423,28748,787,3.955805778503418,False
423,36787,278,6.672746658325195,False
423,36790,154,7.216335296630859,False
423,4903,60,7.633028507232666,False
423,34680,87,7.501873016357422,False
423,16549,247,6.873514175415039,False
423,30874,67,7.61692476272583,False
423,40960,214,7.047163486480713,False
423,28865,133,7.304162979125977,False
423,19843,103,7.459728240966797,False
423,9170,85,7.510855674743652,False
423,19842,102,7.459728240966797,False
423,3778,152,7.218497276306152,False
423,3775,148,7.235647201538086,False
423,7680,331,6.330199241638184,False
423,22512,288,6.6397175788879395,False
423,39647,51,7.696568489074707,False
423,29558,58,7.641772747039795,False
423,28723,134,7.301839351654053,False
423,13696,171,7.192652702331543,False
423,32788,193,7.106561660766602,False
423,36789,296,6.567432880401611,False
423,22508,97,7.470759391784668,False
423,24459,261,6.790990829467773,False
423,6699,260,6.791501522064209,False
423,30579,187,7.1218767166137695,False
423,34679,86,7.5051398277282715,False
423,30453,16,8.022754669189453,False
423,4970,159,7.204672336578369,False
423,22481,111,7.410451889038086,False
423,36903,43,7.777807235717773,False
423,32632,8851,1.7548739910125732,False
423,10121,230,6.952340126037598,False
423,25321,110,7.439395904541016,False
423,7394,228,6.957409858703613,False
423,3751,246,6.875452995300293,False
423,8653,113,7.407849311828613,False
423,38728,164,7.201253890991211,False
423,3752,121,7.373880386352539,False
423,36138,98,7.468623161315918,False
423,15915,312,6.484489917755127,False
423,31154,346,6.171596050262451,False
423,42261,336,6.283344268798828,False
423,2117,4349,3.025251626968384,False
423,39683,489,5.05942440032959,False
423,8303,238,6.910157203674316,False
423,7596,398,5.612433433532715,False
423,11662,320,6.425396919250488,False
423,21485,8003,2.1504197120666504,False
423,19844,104,7.459728240966797,False
423,41131,81,7.532353401184082,False
423,42786,185,7.133108139038086,False
423,27566,235,6.926492214202881,False
423,23711,282,6.656646728515625,False
423,40260,182,7.144669532775879,False
423,12101,79,7.565887928009033,False
423,41524,23,7.9276933670043945,False
423,10414,93,7.471381187438965,False
423,36093,12,8.048186302185059,False
423,29517,55,7.6627278327941895,False
423,36766,157,7.206992149353027,False
423,22510,47,7.732139587402344,False
423,14848,101,7.460215091705322,False
423,32210,17,8.016755104064941,False
423,19262,40,7.79858922958374,False
423,26273,21,7.947535037994385,False
423,14203,508,4.9366559982299805,False
423,22495,211,7.054704666137695,False
423,37359,18,7.962369918823242,False
423,8181,80,7.535327911376953,False
423,36767,153,7.218497276306152,False
423,36506,226,6.972194671630859,False
423,105,50,7.699767112731934,False
423,33990,299,6.5534443855285645,False
423,32490,3358,3.2127816677093506,False
423,10418,69,7.60867977142334,False
423,7029,135,7.296307563781738,False
423,22843,329,6.338200569152832,False
423,16016,323,6.407649040222168,False
423,22500,224,7.00518798828125,False
423,36782,284,6.650993347167969,False
423,22509,256,6.800872802734375,False
423,8926,109,7.4398393630981445,False
423,10267,118,7.389580249786377,False
424,39218,227,3.932307243347168,False
424,39217,176,4.674205303192139,False
424,39220,186,4.556966781616211,False
424,12352,1,14.202821731567383,False
425,28803,129,8.078258514404297,False
425,19278,552,6.603955268859863,False
425,24563,168,7.868978500366211,False
425,8836,131,8.067749977111816,False
425,19274,85,8.362136840820312,False
425,15846,164,7.891516208648682,False
425,38356,1285,5.493854522705078,False
425,39081,22,9.074724197387695,False
425,40655,749,6.107308387756348,False
425,24474,5,9.861053466796875,False
425,28420,52,8.706159591674805,False
425,14256,3,9.980741500854492,False
425,3998,59,8.596746444702148,False
425,18210,12,9.445356369018555,False
425,28807,95,8.282719612121582,False
425,2166,11,9.515684127807617,False
425,19269,26,9.02279281616211,False
425,28804,216,7.688442230224609,False
425,20532,7,9.820606231689453,False
425,38384,2465,4.590615749359131,False
425,26498,67,8.528453826904297,False
425,39318,42,8.809531211853027,False
425,4719,71,8.47787857055664,False
425,19265,51,8.70851993560791,False
425,38362,1942,4.948680877685547,False
425,38361,416,7.051854610443115,False
425,36793,64,8.548276901245117,False
425,19369,348,7.254062175750732,False
425,3581,87,8.346981048583984,False
425,8866,65,8.546764373779297,False
425,38350,1104,5.682526111602783,False
425,28799,183,7.807384014129639,False
425,38351,452,6.909952163696289,False
425,7734,162,7.898094654083252,False
425,42303,17,9.14498519897461,False
425,38368,410,7.06504487991333,False
425,13759,200,7.74833869934082,False
425,32940,135,8.055069923400879,False
425,3522,208,7.726511478424072,False
425,28824,25,9.031126022338867,False
425,7573,535,6.642045021057129,False
425,34862,120,8.12337589263916,False
425,17123,2,10.319887161254883,False
425,34120,111,8.189023971557617,False
425,42302,449,6.915726184844971,False
425,26497,15,9.250500679016113,False
425,7208,13,9.360755920410156,False
425,8666,182,7.816059112548828,False
425,1962,340,7.2769975662231445,False
425,1950,442,6.958658218383789,False
425,37335,614,6.432351589202881,False
425,12119,298,7.434374809265137,False
425,10234,836,5.9780683517456055,False
425,37572,34,8.897600173950195,False
425,4291,93,8.29803466796875,False
425,36503,536,6.639858245849609,False
426,16475,554,4.801546573638916,False
426,21870,52,5.884111404418945,False
426,17299,146,5.562826156616211,False
426,42178,598,4.738006591796875,False
426,41445,243,5.3605780601501465,False
426,33666,77,5.794136047363281,False
426,13120,85,5.755149841308594,False
426,13119,96,5.722546577453613,False
426,6082,316,5.21947717666626,False
426,13122,114,5.658160209655762,False
426,20615,71,5.80584716796875,False
426,25234,745,4.5299201011657715,False
426,13117,48,5.92015266418457,False
426,40889,252,5.355355739593506,False
426,40911,127,5.618767261505127,False
426,8070,22,6.059236526489258,False
426,38721,97,5.721120357513428,False
426,32256,989,4.237656593322754,False
426,40900,310,5.235124588012695,False
426,13115,422,5.0211944580078125,False
426,22132,780,4.4914727210998535,False
426,40901,221,5.404722213745117,False
426,22133,615,4.709115982055664,False
426,40891,41576,0.0,True
426,31099,619,4.701048851013184,False
426,22134,302,5.2552289962768555,False
426,22599,405,5.0484113693237305,False
426,34839,393,5.064530372619629,False
426,29723,253,5.351021766662598,False
426,7448,625,4.697427272796631,False
426,6337,165,5.504481315612793,False
426,8487,452,4.960801124572754,False
426,16474,391,5.0695624351501465,False
426,29703,308,5.23792028427124,False
426,22600,432,5.00974178314209,False
426,16478,503,4.872522830963135,False
426,32065,653,4.647861480712891,False
426,24903,552,4.802853584289551,False
426,24904,896,4.350333213806152,False
426,31084,198,5.453708171844482,False
426,33236,458,4.943618297576904,False
426,33237,375,5.100020885467529,False
426,32258,447,4.979228973388672,False
426,29721,614,4.711680889129639,False
426,24905,665,4.640765190124512,False
426,18189,50,5.898983955383301,False
426,29719,585,4.759974479675293,False
426,41243,409,5.0470685958862305,False
426,32259,1256,3.8359270095825195,False
426,13116,39,5.955239295959473,False
426,13113,95,5.722546577453613,False
426,16477,455,4.950502395629883,False
426,41325,727,4.553080081939697,False
426,41096,599,4.737728118896484,False
426,29718,533,4.822329998016357,False
426,38744,485,4.902143478393555,False
426,13114,353,5.128108501434326,False
426,13111,421,5.0211944580078125,False
426,40890,359,5.120513439178467,False
426,40912,175,5.485539436340332,False
426,41443,239,5.367016792297363,False
426,41446,298,5.260129928588867,False
426,41444,234,5.372889995574951,False
426,25233,659,4.642910003662109,False
426,29720,624,4.697720527648926,False
426,2977,416,5.0358781814575195,False
426,13112,377,5.099289894104004,False
426,13118,92,5.729547500610352,False
426,42510,100,5.719735622406006,False
426,13121,101,5.719226360321045,False
426,8465,34,5.991946220397949,False
426,2983,426,5.017624855041504,False
426,13110,430,5.015218734741211,False
426,40884,103,5.712076187133789,False
426,25677,332,5.188785552978516,False
426,14745,369,5.105253219604492,False
426,5846,367,5.10734748840332,False
426,22640,327,5.199378967285156,False
426,30980,49,5.910614013671875,False
426,22621,86,5.749850273132324,False
426,509,25,6.052450180053711,False
426,22639,520,4.8476104736328125,False
426,22622,325,5.20475959777832,False
426,28696,82,5.768803596496582,False
426,22629,47,5.9217119216918945,False
426,31089,40,5.941228866577148,False
426,22614,756,4.519474983215332,False
426,23449,620,4.699939727783203,False
426,22630,13,6.106261253356934,False
426,28452,387,5.0775146484375,False
426,22634,8254,2.152162551879883,False
426,510,277,5.302647590637207,False
426,22638,169,5.498164176940918,False
426,25231,424,5.020062446594238,False
426,27980,441,4.997384071350098,False
426,22617,12,6.111235618591309,False
426,40899,157,5.5230512619018555,False
426,22620,582,4.7611894607543945,False
426,22618,820,4.449001312255859,False
426,22619,380,5.09523868560791,False
426,41369,63,5.842990875244141,False
426,27533,666,4.638415813446045,False
426,39058,442,4.993403434753418,False
426,41330,586,4.759974479675293,False
426,41453,1208,3.9289441108703613,False
426,2278,445,4.982712745666504,False
426,29714,223,5.397749900817871,False
426,35688,231,5.382315635681152,False
426,22637,17,6.09259557723999,False
426,40909,3,6.354036331176758,False
426,40913,88,5.747562408447266,False
426,22624,76,5.794221878051758,False
426,25236,425,5.019500732421875,False
426,22627,42,5.938860893249512,False
426,22632,355,5.1212568283081055,False
426,22633,153,5.532955169677734,False
426,22628,172,5.492415428161621,False
426,29680,765,4.511707305908203,False
426,22623,627,4.6934332847595215,False
426,34151,10,6.206382751464844,False
426,22635,510,4.856121063232422,False
426,21868,15,6.10040283203125,False
426,1203,9,6.229134559631348,False
426,40910,90,5.735542297363281,False
426,31737,186,5.471713066101074,False
426,1599,30,6.011414051055908,False
426,40905,658,4.642923355102539,False
426,2292,67,5.829721927642822,False
426,27535,364,5.114384651184082,False
426,40906,98,5.719804763793945,False
426,2285,121,5.63332462310791,False
426,40904,89,5.737673759460449,False
426,2979,6,6.296782493591309,False
426,2978,14,6.103823661804199,False
426,5844,36,5.986437797546387,False
426,2976,151,5.536177635192871,False
426,29715,228,5.387333869934082,False
426,8794,41,5.939513206481934,False
426,9369,26,6.050515651702881,False
426,21869,16,6.096951007843018,False
426,1205,33,5.996251583099365,False
426,40898,301,5.257371425628662,False
426,29681,145,5.563963890075684,False
426,41447,286,5.2896223068237305,False
426,41454,611,4.716326713562012,False
426,25235,168,5.4994401931762695,False
426,29698,278,5.300971031188965,False
426,40908,282,5.295633792877197,False
426,29745,521,4.845139503479004,False
426,31085,99,5.719735622406006,False
426,40895,41577,0.0,True
426,31098,320,5.2117791175842285,False
426,29743,420,5.022666931152344,False
426,25232,678,4.623096466064453,False
426,5845,27,6.046604156494141,False
426,22616,1254,3.8514041900634766,False
426,41314,8,6.284685134887695,False
426,24906,1023,4.194484233856201,False
426,40896,360,5.118408203125,False
426,40894,1,6.4843316078186035,False
426,13777,601,4.733994007110596,False
426,13776,639,4.674684524536133,False
426,25794,214,5.4158759117126465,False
426,3823,482,4.905351638793945,False
426,25230,597,4.738691806793213,False
426,29834,58,5.857180118560791,False
426,29842,183,5.474006652832031,False
426,29841,53,5.88120174407959,False
426,29852,68,5.827441692352295,False
426,29843,907,4.329068660736084,False
426,40888,84,5.76184606552124,False
426,31087,132,5.6034464836120605,False
426,3827,376,5.099289894104004,False
426,27981,37,5.979994773864746,False
426,3826,563,4.789198875427246,False
426,3825,514,4.850768089294434,False
426,22636,587,4.757179260253906,False
426,34156,51,5.889846324920654,False
426,34155,184,5.474006652832031,False
426,40885,45,5.925878047943115,False
426,13059,273,5.312404632568359,False
426,13058,322,5.208113670349121,False
426,32066,386,5.07907247543335,False
426,41244,439,4.9983954429626465,False
426,22625,1064,4.136137008666992,False
426,9372,304,5.252674579620361,False
426,4521,232,5.379015922546387,False
426,15600,57,5.8685150146484375,False
426,42589,641,4.672961235046387,False
426,29747,736,4.538985729217529,False
426,27982,339,5.164141654968262,False
426,41370,290,5.281202793121338,False
426,1416,104,5.7096099853515625,False
426,40886,472,4.920660972595215,False
426,32255,374,5.100122928619385,False
426,9373,646,4.660614967346191,False
426,3824,388,5.076512336730957,False
426,27978,496,4.881912708282471,False
426,27979,536,4.817609786987305,False
426,28737,150,5.5367631912231445,False
426,40882,311,5.230159759521484,False
426,40887,119,5.64024543762207,False
426,40893,64,5.841680526733398,False
426,30625,35,5.989343166351318,False
426,11684,113,5.6591973304748535,False
426,35550,87,5.748599052429199,False
426,12096,123,5.6261820793151855,False
426,17382,177,5.483366966247559,False
426,34592,7,6.293578147888184,False
426,12097,125,5.624780178070068,False
426,9298,62,5.843595504760742,False
426,32077,5,6.317397117614746,False
426,17473,462,4.934659004211426,False
426,35563,128,5.613836288452148,False
426,33638,752,4.524239540100098,False
426,15362,381,5.094367027282715,False
426,5840,108,5.677105903625488,False
426,41374,18,6.083466529846191,False
426,15582,250,5.355466842651367,False
426,27920,2,6.363990783691406,False
426,27422,55,5.872008323669434,False
426,27919,32,6.000792980194092,False
426,27361,254,5.349336624145508,False
428,22133,14,9.854313850402832,False
428,28255,5,10.42985725402832,False
428,2346,511,7.223470687866211,False
428,553,2701,4.487359046936035,False
428,25181,47,8.894607543945312,False
428,4218,65,8.64635944366455,False
428,18234,15,9.837787628173828,False
428,23006,6114,2.683035373687744,False
428,35397,135,8.043642044067383,False
428,9926,277,7.669336795806885,False
428,17223,29,9.411672592163086,False
428,4213,5412,2.816519260406494,False
428,7625,40,9.003520965576172,False
428,11672,500,7.237614631652832,False
428,25182,231,7.797896385192871,False
428,2345,419,7.399295330047607,False
428,2750,4913,2.9129767417907715,False
428,18196,6175,2.6713132858276367,False
428,36491,16,9.79862117767334,False
428,36492,54,8.800530433654785,False
428,18231,72,8.583995819091797,False
428,15454,9,10.063265800476074,False
428,1362,110,8.236656188964844,False
428,9925,405,7.420871734619141,False
428,36267,2353,4.8094162940979,False
428,33061,357,7.511872291564941,False
428,1804,2622,4.569267749786377,False
428,4217,501,7.237563133239746,False
428,9294,181,7.908260822296143,False
428,32995,1150,6.005591869354248,False
428,36483,183,7.89720344543457,False
428,12976,262,7.708798885345459,False
428,42702,847,6.730289459228516,False
428,42703,3139,3.971071720123291,False
428,9924,314,7.5896687507629395,False
428,29997,779,6.8421244621276855,False
428,16001,1799,5.115969657897949,False
428,10402,49,8.867501258850098,False
428,41701,32,9.31816577911377,False
428,1900,322,7.581935405731201,False
428,4759,41,8.991917610168457,False
428,31477,2675,4.515090465545654,False
428,1800,245,7.752592086791992,False
428,31521,4481,3.023733615875244,False
428,1338,1424,5.601868629455566,False
428,470,736,6.9023332595825195,False
428,14507,58,8.73604679107666,False
428,18195,5699,2.758074998855591,False
428,17026,6264,2.6573808193206787,False
428,22951,355,7.518466472625732,False
428,18608,484,7.265695571899414,False
428,1775,379,7.469751358032227,False
428,2891,2712,4.47912073135376,False
428,31532,139,8.019649505615234,False
428,6680,192,7.881699085235596,False
428,6679,191,7.881699085235596,False
428,18784,2390,4.7877583503723145,False
428,18785,37,9.154892921447754,False
428,18206,73,8.577281951904297,False
428,632,4949,2.904836416244507,False
428,19595,505,7.232498645782471,False
428,19596,506,7.232498645782471,False
428,28181,20,9.623332977294922,False
428,28996,50,8.851807594299316,False
428,18259,242,7.771178245544434,False
428,17614,31,9.380229949951172,False
429,38880,19,8.928489685058594,False
429,21676,115,8.006117820739746,False
429,8862,138,7.836922645568848,False
429,38470,391,6.355811595916748,False
429,29321,71,8.294462203979492,False
429,6939,112,8.01174259185791,False
429,21680,176,7.549192905426025,False
429,22108,252,6.959972858428955,False
429,6579,54,8.499645233154297,False
429,9209,114,8.010189056396484,False
429,21689,51,8.536989212036133,False
429,21688,35,8.695451736450195,False
429,38321,552,5.645501136779785,False
429,41222,23,8.870113372802734,False
429,18870,82,8.239006996154785,False
429,35127,544,5.685896873474121,False
429,37104,83,8.23772144317627,False
429,33107,40,8.620692253112793,False
429,17738,181,7.534086227416992,False
429,9615,595,5.335907459259033,False
429,8336,292,6.74229621887207,False
429,5474,170,7.608804225921631,False
429,26142,55,8.458211898803711,False
429,21679,80,8.253156661987305,False
429,10746,12,9.069217681884766,False
429,28719,111,8.017367362976074,False
429,9208,122,7.938759803771973,False
429,21678,101,8.091919898986816,False
429,9211,132,7.866286277770996,False
429,25010,100,8.094392776489258,False
429,7303,59,8.408859252929688,False
429,37364,358,6.440576076507568,False
429,33113,70,8.301023483276367,False
429,25021,148,7.76580286026001,False
429,4941,60,8.395255088806152,False
429,24592,257,6.9458770751953125,False
429,30552,135,7.861381530761719,False
429,35138,618,5.1398749351501465,False
429,6630,632,5.063877105712891,False
429,34409,21,8.89944839477539,False
429,33099,129,7.8831610679626465,False
429,26025,15,9.019096374511719,False
429,8468,351,6.469231605529785,False
429,17439,93,8.141441345214844,False
429,17438,58,8.415580749511719,False
429,22815,601,5.300315856933594,False
429,8233,371,6.395467281341553,False
429,6640,3,9.315178871154785,False
429,10038,304,6.717467784881592,False
429,17440,144,7.78599739074707,False
429,1245,29,8.747465133666992,False
429,34370,267,6.891294002532959,False
429,8891,403,6.309878349304199,False
429,23772,256,6.946380138397217,False
429,24678,34,8.696786880493164,False
429,33119,41,8.612863540649414,False
429,8232,333,6.5447611808776855,False
429,26863,109,8.01961612701416,False
429,40378,103,8.070613861083984,False
429,35119,211,7.334208965301514,False
429,5477,76,8.27713680267334,False
429,8814,207,7.346152305603027,False
429,11231,32,8.709100723266602,False
429,9619,408,6.29289436340332,False
429,21598,411,6.2763261795043945,False
429,21685,49,8.546449661254883,False
429,21762,75,8.281804084777832,False
429,16607,46,8.564765930175781,False
429,18879,89,8.15524959564209,False
429,37932,87,8.194421768188477,False
429,6578,158,7.688502788543701,False
429,5608,134,7.865225791931152,False
429,32815,50,8.537235260009766,False
429,6577,182,7.525548934936523,False
429,16950,10,9.095608711242676,False
429,29991,139,7.833846092224121,False
429,23976,539,5.699491500854492,False
429,35157,370,6.3995537757873535,False
429,6940,136,7.853209495544434,False
429,66,184,7.51654052734375,False
429,17159,33,8.7029390335083,False
429,23633,106,8.041049003601074,False
429,4103,179,7.544317245483398,False
429,8820,27,8.834112167358398,False
429,15803,86,8.194815635681152,False
429,24243,47,8.562801361083984,False
429,38697,162,7.662528991699219,False
429,32631,163,7.651597499847412,False
429,11353,39,8.625715255737305,False
429,37365,546,5.660614013671875,False
429,37853,644,4.964459419250488,False
429,37103,81,8.252275466918945,False
429,41572,454,6.08441162109375,False
429,17189,222,7.220289707183838,False
430,15808,40,12.144998550415039,False
430,4407,213,10.25592041015625,False
430,28356,22,12.939348220825195,False
430,6849,240,10.1522216796875,False
430,38227,740,8.567771911621094,False
430,15005,280,9.987324714660645,False
430,8612,254,10.084739685058594,False
430,15000,76,11.463604927062988,False
430,4560,438,9.421436309814453,False
430,3309,236,10.175445556640625,False
430,14378,162,10.523094177246094,False
430,41383,92,11.23656940460205,False
430,36359,122,10.883406639099121,False
430,2204,78,11.432840347290039,False
430,35486,242,10.143417358398438,False
430,35498,171,10.471125602722168,False
430,39924,104,11.036376953125,False
430,8939,103,11.041637420654297,False
430,13897,83,11.290135383605957,False
430,15002,165,10.511634826660156,False
430,4478,100,11.101190567016602,False
430,41419,491,9.271245956420898,False
430,27717,512,9.21240234375,False
430,36284,89,11.244138717651367,False
430,3812,166,10.508238792419434,False
430,35514,138,10.784839630126953,False
430,5185,479,9.315717697143555,False
430,26477,64,11.652935028076172,False
430,14001,93,11.215365409851074,False
430,10759,660,8.806406021118164,False
430,6078,23,12.931862831115723,False
430,41418,13,13.669617652893066,False
430,28047,28,12.575115203857422,False
430,38783,217,10.232111930847168,False
430,38805,164,10.51283073425293,False
430,8185,172,10.4707670211792,False
430,3281,48,11.917535781860352,False
430,40661,50,11.907963752746582,False
430,11110,439,9.421436309814453,False
430,33203,146,10.682987213134766,False
430,15004,121,10.88851547241211,False
430,15027,377,9.605607986450195,False
430,6832,99,11.131036758422852,False
430,29534,120,10.897268295288086,False
430,22242,27,12.60536003112793,False
430,33215,183,10.425933837890625,False
430,38887,11,13.985008239746094,False
430,33199,143,10.713314056396484,False
430,29318,52,11.842185974121094,False
430,21702,109,10.97750473022461,False
430,11384,86,11.251811981201172,False
430,26858,356,9.672054290771484,False
430,6848,6,14.26075553894043,False
430,35489,335,9.731138229370117,False
430,24202,427,9.455759048461914,False
430,1921,21,13.060782432556152,False
430,3813,115,10.933418273925781,False
430,22009,230,10.19757080078125,False
430,28358,20,13.06325912475586,False
430,10807,54,11.81709098815918,False
430,22349,3,14.772088050842285,False
430,10756,119,10.907402038574219,False
430,34469,30,12.442557334899902,False
430,8112,211,10.258691787719727,False
430,35490,159,10.584136962890625,False
430,41394,44,12.072505950927734,False
430,18401,245,10.132927894592285,False
430,2679,258,10.066045761108398,False
430,10767,2,14.833755493164062,False
430,14997,118,10.91165542602539,False
430,15006,227,10.20869255065918,False
430,15853,292,9.929118156433105,False
430,25302,25,12.807766914367676,False
430,15014,157,10.59191608428955,False
430,41420,8,14.153951644897461,False
430,3665,94,11.16700553894043,False
430,35496,181,10.437576293945312,False
430,6836,7,14.25935173034668,False
430,39054,61,11.688785552978516,False
430,37326,60,11.693283081054688,False
430,19601,14,13.526700973510742,False
430,10815,69,11.576213836669922,False
430,15831,184,10.422483444213867,False
430,15832,206,10.301717758178711,False
430,21575,293,9.917387008666992,False
430,15830,214,10.254377365112305,False
430,10812,224,10.213911056518555,False
430,2929,71,11.542882919311523,False
430,36343,49,11.910425186157227,False
430,25072,75,11.477787971496582,False
430,16480,53,11.828271865844727,False
430,19600,15,13.447771072387695,False
430,19602,17,13.300067901611328,False
430,38888,5,14.54660701751709,False
430,6466,650,8.840290069580078,False
430,15011,253,10.10800838470459,False
430,10809,305,9.839133262634277,False
430,3652,42,12.136274337768555,False
431,31652,24,19.728740692138672,False
431,38369,61,17.863672256469727,False
431,20390,29,19.415828704833984,False
431,8411,16,20.121089935302734,False
431,6148,15,20.19768524169922,False
431,8467,33,19.286020278930664,False
431,1617,7,21.133380889892578,False
431,31658,89,15.11984634399414,False
431,38339,57,18.118099212646484,False
431,26314,22,19.740482330322266,False
431,26327,79,15.891963958740234,False
431,17016,173,11.970467567443848,False
431,41960,36,19.122446060180664,False
431,3475,202,11.239469528198242,False
431,24469,71,16.841293334960938,False
431,35502,73,16.712757110595703,False
431,23511,182,11.911175727844238,False
431,14278,19,20.074077606201172,False
431,39311,84,15.458883285522461,False
431,24450,179,11.953343391418457,False
431,38331,64,17.764476776123047,False
431,26326,80,15.773445129394531,False
431,42777,63,17.78030014038086,False
431,2180,59,18.028488159179688,False
431,16310,17,20.08599281311035,False
431,2886,109,14.100265502929688,False
431,815,53,18.30794906616211,False
431,2085,69,16.965595245361328,False
431,7028,3,21.486061096191406,False
431,8413,21,19.989151000976562,False
431,2791,20,20.043682098388672,False
431,19682,4,21.282196044921875,False
431,19459,1,22.78872299194336,False
431,8474,23,19.73776626586914,False
431,8412,34,19.259593963623047,False
431,21723,38,19.016077041625977,False
431,24551,88,15.224885940551758,False
431,29860,8,21.025196075439453,False
431,7301,77,15.914060592651367,False
431,3529,200,11.302005767822266,False
431,9948,39,18.936460494995117,False
431,4409,56,18.18387794494629,False
431,32996,115,13.466915130615234,False
431,1515,83,15.588150978088379,False
431,36346,166,12.135729789733887,False
431,22759,12,20.500173568725586,False
431,28808,28,19.417362213134766,False
431,39832,32,19.341466903686523,False
431,34855,18,20.07937240600586,False
431,7380,193,11.645450592041016,False
431,40977,62,17.841760635375977,False
431,26859,197,11.418975830078125,False
431,5344,5,21.269546508789062,False
431,3963,9,20.813980102539062,False
431,17034,75,16.20092010498047,False
431,9949,43,18.782073974609375,False
431,29472,26,19.52914047241211,False
431,18222,41,18.88191795349121,False
431,32965,196,11.492080688476562,False
431,1793,58,18.049686431884766,False
431,38370,13,20.388370513916016,False
431,18213,70,16.947742462158203,False
431,39833,27,19.44551658630371,False
431,16082,6,21.15294647216797,False
431,42573,2,21.754247665405273,False
431,26764,167,12.039478302001953,False
431,1766,37,19.10788345336914,False
431,39820,10,20.71245574951172,False
431,16688,54,18.275419235229492,False
431,16960,237,9.694591522216797,False
431,9334,203,11.182907104492188,False
431,38068,35,19.23641586303711,False
431,37149,14,20.28176498413086,False
431,37150,44,18.747859954833984,False
431,33111,86,15.314010620117188,False
432,24645,47,16.440813064575195,False
432,20741,41,17.15599250793457,False
432,17543,17,20.640098571777344,False
432,3541,45,16.497344970703125,False
432,3317,20,19.658931732177734,False
432,3318,22,19.43891716003418,False
432,3319,23,19.181312561035156,False
432,961,1,25.01309585571289,False
432,21881,36,17.459394454956055,False
432,8247,5,22.452272415161133,False
432,17544,16,20.763465881347656,False
432,3323,7,21.708026885986328,False
432,36141,58,14.968061447143555,False
432,20481,8,21.628887176513672,False
432,40394,29,18.014461517333984,False
432,41402,11,21.119049072265625,False
432,2093,31,17.921289443969727,False
432,17545,9,21.244138717651367,False
432,18998,3,23.116559982299805,False
432,5246,4,22.967214584350586,False
432,6480,39,17.1717472076416,False
432,478,50,15.919952392578125,False
432,3322,13,21.014680862426758,False
432,10795,40,17.162328720092773,False
432,21882,14,20.86322784423828,False
432,38418,30,17.930496215820312,False
432,26110,12,21.08429718017578,False
432,32939,66,14.198336601257324,False
432,24311,34,17.55227279663086,False
432,21879,42,16.805715560913086,False
432,3320,53,15.715553283691406,False
432,20795,104,9.312376022338867,False
432,42047,6,21.85220718383789,False
432,4404,19,19.94356346130371,False
432,21875,57,15.300501823425293,False
432,29158,32,17.91642951965332,False
432,12432,33,17.810129165649414,False
432,12254,27,18.443092346191406,False
432,17025,28,18.33108139038086,False
432,17024,24,19.07598114013672,False
432,9312,10,21.219146728515625,False
432,9311,15,20.798686981201172,False
433,13828,37,16.01424217224121,False
433,5453,77,14.980816841125488,False
433,25052,161,8.870133399963379,False
433,17730,23,16.470787048339844,False
433,1783,56,15.659804344177246,False
433,17704,54,15.711005210876465,False
433,28632,34,16.069908142089844,False
433,9441,28,16.284677505493164,False
433,23668,57,15.655401229858398,False
433,38529,79,14.923286437988281,False
433,41699,98,14.096240997314453,False
433,18848,91,14.351067543029785,False
433,25989,29,16.28417205810547,False
433,38901,88,14.443593978881836,False
433,17401,21,16.571813583374023,False
433,6854,86,14.461238861083984,False
433,28518,16,16.77767562866211,False
433,25506,1,18.514591217041016,False
433,26311,122,13.002822875976562,False
433,3116,106,13.834900856018066,False
433,3114,101,14.074068069458008,False
433,3115,104,13.942550659179688,False
433,22070,5,17.301973342895508,False
433,18844,50,15.751001358032227,False
433,30781,26,16.409832000732422,False
433,30782,42,15.94872760772705,False
433,18847,62,15.385401725769043,False
433,17694,109,13.728973388671875,False
433,18996,8,17.167268753051758,False
433,724,25,16.443166732788086,False
433,27410,89,14.370094299316406,False
433,17737,118,13.262736320495605,False
433,10076,92,14.299139022827148,False
433,32253,41,15.952856063842773,False
433,17736,65,15.343582153320312,False
433,6282,115,13.48153018951416,False
433,7306,49,15.751898765563965,False
433,2097,20,16.59888458251953,False
433,42440,94,14.208211898803711,False
433,39105,97,14.096240997314453,False
433,4569,53,15.711822509765625,False
433,6541,110,13.69742202758789,False
433,24902,19,16.762290954589844,False
433,16206,51,15.749344825744629,False
433,24612,7,17.191627502441406,False
433,38531,82,14.69961929321289,False
433,22924,31,16.168174743652344,False
433,39104,96,14.096240997314453,False
433,25495,4,17.321941375732422,False
433,6856,12,16.95117950439453,False
433,7174,111,13.656088829040527,False
433,13831,36,16.03062629699707,False
433,22049,68,15.240777969360352,False
433,17693,105,13.89928150177002,False
433,41784,76,14.98121452331543,False
433,15885,18,16.77324104309082,False
433,17705,78,14.968606948852539,False
433,11335,39,15.97196102142334,False
433,26383,81,14.821937561035156,False
433,18354,95,14.111701965332031,False
433,41785,67,15.290685653686523,False
433,26334,24,16.460397720336914,False
433,5370,72,15.073121070861816,False
433,18634,85,14.579404830932617,False
433,18360,119,13.093961715698242,False
433,41728,93,14.29118537902832,False
433,36298,99,14.085160255432129,False
433,16986,64,15.370174407958984,False
433,6235,32,16.145578384399414,False
433,6236,107,13.827341079711914,False
433,25006,9,17.142541885375977,False
433,25004,2,17.784942626953125,False
433,7904,27,16.408273696899414,False
433,18823,108,13.747467041015625,False
433,842,121,13.018902778625488,False
433,27602,35,16.03067970275879,False
433,3459,55,15.67125415802002,False
433,17702,112,13.645445823669434,False
433,19826,44,15.901434898376465,False
433,19015,114,13.604077339172363,False
433,39555,90,14.370094299316406,False
433,36264,83,14.59669303894043,False
433,17711,13,16.92144012451172,False
433,22835,71,15.147187232971191,False
433,1153,14,16.79071617126465,False
433,36356,100,14.085160255432129,False
433,6853,102,14.02994155883789,False
433,17703,3,17.461854934692383,False
433,39923,17,16.77767562866211,False
433,9387,60,15.623270034790039,False
433,24134,33,16.083032608032227,False
433,10841,11,17.1136417388916,False
433,35120,80,14.866676330566406,False
433,42335,22,16.496549606323242,False
433,4954,45,15.866235733032227,False
433,5454,48,15.795639991760254,False
433,4484,123,12.974319458007812,False
433,41202,43,15.939964294433594,False
433,16283,10,17.130218505859375,False
433,25009,6,17.266990661621094,False
433,25514,30,16.216171264648438,False
433,9326,38,15.995584487915039,False
433,9007,66,15.290685653686523,False
433,19823,15,16.77880859375,False
433,1752,58,15.65522575378418,False
433,6690,129,12.505292892456055,False
433,18894,249,6.976892948150635,False
433,18822,120,13.078519821166992,False
433,26395,135,11.256620407104492,False
433,10845,47,15.828845977783203,False
433,41731,74,15.006498336791992,False
433,1552,124,12.95737075805664,False
433,24748,128,12.518857955932617,False
434,25329,18,8.397241592407227,False
434,15815,71,7.849884033203125,False
434,38875,22,8.36452865600586,False
434,6373,134,7.375099182128906,False
434,32244,38,8.214351654052734,False
434,4448,177,6.817975044250488,False
434,23697,157,7.129913806915283,False
434,38661,231,5.721710205078125,False
434,8739,153,7.194436073303223,False
434,40459,105,7.670523643493652,False
434,25197,137,7.362843990325928,False
434,36331,97,7.7198486328125,False
434,24915,39,8.19082260131836,False
434,24365,40,8.18629264831543,False
434,493,16,8.448824882507324,False
434,39687,90,7.743670463562012,False
434,36448,44,8.142565727233887,False
434,15890,166,6.94179105758667,False
434,9469,13,8.498772621154785,False
434,39514,138,7.356926918029785,False
434,23709,56,7.9971208572387695,False
434,14281,73,7.843460559844971,False
434,42690,53,8.009040832519531,False
434,37571,31,8.265645027160645,False
434,39641,121,7.5436811447143555,False
434,36307,5458,2.580853223800659,False
434,20778,112,7.600520133972168,False
434,20779,114,7.590391159057617,False
434,7367,63,7.9238200187683105,False
434,32417,29,8.282882690429688,False
434,38876,108,7.647790908813477,False
434,20776,80,7.788301467895508,False
434,20777,103,7.682680130004883,False
434,23961,4,8.675582885742188,False
434,29415,120,7.545506477355957,False
434,4392,24,8.325613021850586,False
434,4393,125,7.511178016662598,False
434,17430,50,8.022720336914062,False
434,29739,129,7.432424545288086,False
434,20774,116,7.580293655395508,False
434,40229,34,8.239986419677734,False
434,20780,20,8.384328842163086,False
434,20781,21,8.384328842163086,False
434,21157,65,7.882691383361816,False
434,21158,66,7.882691383361816,False
434,29476,25,8.306292533874512,False
434,19013,19,8.391951560974121,False
434,34699,217,6.2246856689453125,False
434,36178,206,6.489648818969727,False
434,34639,768,4.374241828918457,False
434,37878,14,8.498772621154785,False
434,13259,110,7.61390495300293,False
434,23700,230,5.75949764251709,False
434,29400,57,7.994386672973633,False
434,37879,224,5.9656500816345215,False
434,38558,167,6.941023826599121,False
434,38560,163,6.997879981994629,False
434,23706,139,7.3487653732299805,False
434,25069,185,6.711094379425049,False
434,42965,11,8.514147758483887,False
434,7296,7,8.62674617767334,False
434,7297,5,8.640642166137695,False
434,6721,64,7.908854961395264,False
434,4408,115,7.589898586273193,False
434,41033,54,8.002872467041016,False
434,29287,194,6.630049705505371,False
434,4406,95,7.721431732177734,False
434,40123,12,8.503684997558594,False
434,22940,8,8.625879287719727,False
434,40125,3,8.682604789733887,False
434,31333,126,7.49660587310791,False
434,25075,209,6.40162992477417,False
434,29469,2,8.841948509216309,False
434,29471,172,6.836219787597656,False
434,29470,69,7.8752055168151855,False
434,37338,94,7.726450443267822,False
434,37336,36,8.22990608215332,False
434,20582,195,6.613109588623047,False
434,3642,220,6.012217044830322,False
434,36247,104,7.677758693695068,False
434,22934,62,7.94556999206543,False
434,37287,171,6.8727946281433105,False
434,29226,33,8.252274513244629,False
434,29225,124,7.530261993408203,False
434,1886,70,7.87477445602417,False
434,25071,32,8.261560440063477,False
434,27642,111,7.605171203613281,False
434,3640,214,6.290340423583984,False
434,22590,23,8.344834327697754,False
434,36097,191,6.641486167907715,False
434,11688,182,6.788692474365234,False
434,11689,49,8.051043510437012,False
434,8976,144,7.32162618637085,False
434,42407,84,7.782181739807129,False
434,40230,106,7.66639518737793,False
434,37064,30,8.279483795166016,False
434,37065,28,8.28444766998291,False
434,37063,27,8.28444766998291,False
434,6722,156,7.140932083129883,False
434,29528,15,8.463706016540527,False
434,39927,168,6.9253129959106445,False
434,18660,75,7.8408660888671875,False
434,24607,226,5.865756034851074,False
434,38682,47,8.105705261230469,False
434,21909,102,7.684481620788574,False
434,27302,67,7.879868507385254,False
434,29573,133,7.379293441772461,False
434,38159,1,9.214218139648438,False
434,25580,207,6.434551239013672,False
434,40454,141,7.3318376541137695,False
434,22589,26,8.293460845947266,False
434,29531,42,8.17003059387207,False
434,38314,78,7.825812339782715,False
434,40181,6,8.636360168457031,False
434,40182,9,8.602893829345703,False
434,40183,10,8.569704055786133,False
434,39581,35,8.237061500549316,False
434,23699,3162,3.4956088066101074,False
434,42016,43,8.159716606140137,False
434,24729,93,7.731010437011719,False
434,42394,183,6.769987106323242,False
434,38835,193,6.635438919067383,False
434,40684,158,7.114482402801514,False
434,38834,37,8.223605155944824,False
434,21625,123,7.538669109344482,False
434,21630,210,6.391724109649658,False
434,21631,159,7.101330757141113,False
434,17286,161,7.052492618560791,False
434,39700,201,6.523359298706055,False
434,20684,109,7.615750312805176,False
434,20885,196,6.576261520385742,False
434,19661,189,6.688197135925293,False
434,27301,41,8.18600082397461,False
434,31336,165,6.959871292114258,False
434,37524,187,6.695810317993164,False
434,25050,85,7.779849529266357,False
434,31163,219,6.124255180358887,False
434,30081,51,8.022720336914062,False
434,20079,143,7.322393417358398,False
434,9287,87,7.773131370544434,False
434,35319,82,7.78602409362793,False
434,20886,197,6.576261520385742,False
434,3305,208,6.426321506500244,False
434,17491,176,6.820296287536621,False
434,19632,136,7.3656415939331055,False
434,36306,98,7.719455718994141,False
434,24061,89,7.749250411987305,False
434,33903,154,7.163642883300781,False
434,15889,162,7.000165939331055,False
434,1352,178,6.811336517333984,False
434,210,99,7.706625461578369,False
434,33901,174,6.82402229309082,False
434,32459,59,7.980867385864258,False
434,36310,96,7.721431732177734,False
434,15073,131,7.395425796508789,False
434,21629,211,6.371161460876465,False
434,33902,215,6.270485877990723,False
434,24652,92,7.732534408569336,False
434,33905,186,6.699276924133301,False
434,36142,151,7.217723846435547,False
434,8190,91,7.7330827713012695,False
434,33906,145,7.286660194396973,False
434,7984,149,7.235104084014893,False
434,8280,60,7.977038860321045,False
434,20574,132,7.386677265167236,False
434,39699,188,6.693242073059082,False
434,23859,140,7.339234352111816,False
434,27299,204,6.503909587860107,False
434,39516,119,7.5511040687561035,False
434,38559,169,6.903637886047363,False
434,8191,127,7.4954400062561035,False
434,23698,148,7.262845039367676,False
434,12390,218,6.221575736999512,False
434,12393,532,4.741229057312012,False
434,20573,100,7.699014663696289,False
434,33904,175,6.82402229309082,False
434,15839,122,7.542769432067871,False
434,31160,147,7.269303321838379,False
434,29574,86,7.778116703033447,False
434,15838,130,7.423103332519531,False
434,13686,225,5.871465682983398,False
434,20088,17,8.434179306030273,False
434,32076,76,7.8408660888671875,False
434,25048,81,7.786579132080078,False
434,32658,203,6.5110650062561035,False
434,552,146,7.283143520355225,False
434,40232,74,7.843413352966309,False
434,40231,55,7.9980149269104,False
434,22779,135,7.367026329040527,False
434,21165,181,6.8044538497924805,False
434,10259,180,6.8044538497924805,False
434,25051,77,7.827219486236572,False
434,20775,79,7.788301467895508,False
434,19660,200,6.525429725646973,False
434,24953,45,8.130241394042969,False
434,37528,199,6.539864540100098,False
434,36309,58,7.992759704589844,False
434,33898,202,6.516999244689941,False
434,13687,228,5.798158645629883,False
434,33899,179,6.80591344833374,False
434,36305,68,7.875317096710205,False
434,7999,142,7.327486038208008,False
434,36308,117,7.5799665451049805,False
434,21628,212,6.350743293762207,False
434,33900,152,7.197709560394287,False
434,20572,107,7.66052770614624,False
434,25049,52,8.015817642211914,False
434,28685,118,7.563582420349121,False
434,33907,190,6.644752025604248,False
434,15071,128,7.438446521759033,False
434,15892,46,8.105705261230469,False
434,19659,173,6.83198356628418,False
434,35320,101,7.690657138824463,False
434,28686,88,7.750583171844482,False
434,24247,566,4.675848007202148,False
434,35339,654,4.536818504333496,False
434,24248,5244,2.649019241333008,False
434,24691,234,5.518599033355713,False
434,19235,865,4.3150482177734375,False
434,23713,239,5.445816516876221,False
434,19236,366,4.98789119720459,False
434,24232,192,6.637485027313232,False
434,446,3332,3.4124796390533447,False
434,38554,5805,2.4795174598693848,False
434,19234,1189,4.184439182281494,False
434,24690,222,5.985099792480469,False
435,41692,174,9.113959312438965,False
435,31800,36,13.587789535522461,False
435,31746,29,13.871170043945312,False
435,6331,106,9.403960227966309,False
435,16971,176,9.106292724609375,False
435,22670,240,8.645933151245117,False
435,40227,133,9.270968437194824,False
435,7549,197,9.018073081970215,False
435,31750,31,13.811006546020508,False
435,31751,223,8.801793098449707,False
435,39393,21,14.214284896850586,False
435,22445,1,16.08795928955078,False
435,3549,19,14.27696418762207,False
435,28410,118,9.358526229858398,False
435,28409,125,9.33466911315918,False
435,21354,86,9.539000511169434,False
435,26463,3,15.534584045410156,False
435,42100,206,8.953296661376953,False
435,2327,81,9.578424453735352,False
435,12388,50,13.218252182006836,False
435,31820,32,13.623556137084961,False
435,12533,191,9.040830612182617,False
435,36340,193,9.031975746154785,False
435,16730,28,13.874771118164062,False
435,3962,103,9.419474601745605,False
435,22446,2,15.815048217773438,False
435,11202,394,7.212653160095215,False
435,39404,67,12.189620971679688,False
435,31825,215,8.895123481750488,False
435,39397,11,14.748225212097168,False
435,27771,114,9.369264602661133,False
435,27770,25,14.035501480102539,False
435,30059,54,13.073122024536133,False
435,19506,49,13.230374336242676,False
435,41969,8,15.156888961791992,False
435,36433,4,15.443620681762695,False
435,10305,175,9.112750053405762,False
435,660,75,10.854082107543945,False
435,661,70,11.859674453735352,False
435,7555,27,13.949392318725586,False
435,31783,24,14.082141876220703,False
435,19223,5,15.361992835998535,False
435,41993,152,9.225091934204102,False
435,39154,53,13.089311599731445,False
435,31777,61,12.829328536987305,False
435,12529,306,7.8362579345703125,False
435,41779,291,7.92621374130249,False
436,5281,2019,4.051074028015137,False
436,41205,1240,4.885197639465332,False
436,42451,8,14.722591400146484,False
436,41699,214,8.619426727294922,False
436,38532,38,12.759900093078613,False
436,15676,76,11.938460350036621,False
436,15675,165,9.954476356506348,False
436,18860,144,10.475566864013672,False
436,5059,18,13.473372459411621,False
436,22814,159,10.036847114562988,False
436,1298,105,11.23143196105957,False
436,30806,5,15.000968933105469,False
436,737,6,14.99203872680664,False
436,4766,7,14.965324401855469,False
436,2098,4,15.136314392089844,False
436,3521,182,9.705636024475098,False
436,28943,21,13.257501602172852,False
436,21482,2034,4.04521369934082,False
436,34792,16,13.741327285766602,False
436,39120,10,14.12427806854248,False
436,33143,1857,4.224334716796875,False
436,15671,113,11.04013729095459,False
436,33142,146,10.362276077270508,False
436,38485,1532,4.576571464538574,False
436,28140,548,5.685763359069824,False
436,6689,190,9.31336784362793,False
436,1880,48,12.57970142364502,False
436,1552,225,8.090933799743652,False
436,34540,12,14.0576810836792,False
436,38505,36,12.83220386505127,False
436,36356,56,12.36098575592041,False
436,29408,102,11.280047416687012,False
436,38426,65,12.153139114379883,False
436,37190,488,5.782614707946777,False
436,5679,178,9.791250228881836,False
436,17537,136,10.659769058227539,False
436,25239,80,11.832902908325195,False
436,2312,49,12.499706268310547,False
436,11098,2,15.259015083312988,False
436,25514,194,9.204023361206055,False
436,21143,1700,4.392217636108398,False
436,18811,20,13.377199172973633,False
436,6690,103,11.272880554199219,False
436,18840,59,12.319666862487793,False
436,10075,27,13.100008010864258,False
436,31444,143,10.48776912689209,False
437,40696,196,9.529667854309082,False
437,34427,19,11.603667259216309,False
437,33246,151,9.940882682800293,False
437,33247,150,9.960394859313965,False
437,33248,171,9.791328430175781,False
437,35817,206,9.472395896911621,False
437,850,159,9.880087852478027,False
437,2749,187,9.613862991333008,False
437,40300,102,10.439746856689453,False
437,9312,236,9.242809295654297,False
437,9787,207,9.469625473022461,False
437,9789,229,9.29501724243164,False
437,28857,227,9.307169914245605,False
437,35074,211,9.412261009216309,False
437,24408,218,9.375210762023926,False
437,32511,152,9.920635223388672,False
437,9788,264,9.013861656188965,False
437,21990,84,10.560572624206543,False
437,21993,91,10.523723602294922,False
437,40197,221,9.34692096710205,False
437,16946,266,9.00130558013916,False
437,9311,125,10.258797645568848,False
437,9313,262,9.034601211547852,False
437,8164,97,10.504965782165527,False
437,8165,66,10.659955978393555,False
437,20061,16,11.617856979370117,False
437,20062,160,9.874505043029785,False
437,10749,8,11.976847648620605,False
437,22426,285,8.383612632751465,False
437,9795,232,9.254903793334961,False
437,9362,215,9.403892517089844,False
437,29234,156,9.911643981933594,False
437,9790,250,9.132908821105957,False
437,31317,167,9.797472953796387,False
437,9797,197,9.526323318481445,False
437,16000,153,9.918004989624023,False
437,23657,261,9.055644989013672,False
437,23645,241,9.212930679321289,False
437,23637,259,9.081045150756836,False
437,34418,169,9.795166015625,False
437,9290,260,9.056266784667969,False
437,35516,172,9.785748481750488,False
437,28608,63,10.715571403503418,False
437,3476,226,9.312755584716797,False
437,9453,109,10.401074409484863,False
437,19700,301,7.768655300140381,False
437,2689,57,10.748664855957031,False
438,2966,27,14.534780502319336,False
438,2967,61,13.232733726501465,False
438,27927,2,15.929447174072266,False
438,27930,32,14.316787719726562,False
438,26370,24,14.61266040802002,False
438,27931,6,15.60661506652832,False
438,27932,36,14.260398864746094,False
438,27910,11,14.979387283325195,False
438,5251,16,14.872200012207031,False
438,27928,7,15.507122993469238,False
438,14438,81,12.765199661254883,False
438,2394,161,10.482134819030762,False
438,29274,78,12.907397270202637,False
438,413,204,8.654732704162598,False
438,18517,91,12.254312515258789,False
438,17832,111,11.636351585388184,False
438,27909,9,15.213955879211426,False
438,27923,17,14.866670608520508,False
438,36472,60,13.291306495666504,False
438,421,73,12.988271713256836,False
438,27925,22,14.67471981048584,False
438,36474,63,13.225240707397461,False
438,27926,49,13.577857971191406,False
438,419,92,12.224105834960938,False
438,17946,67,13.182096481323242,False
438,17948,26,14.549248695373535,False
438,17950,23,14.659912109375,False
438,17947,28,14.517967224121094,False
438,17949,15,14.888317108154297,False
438,436,116,11.549583435058594,False
438,420,138,11.151261329650879,False
438,27944,3,15.904151916503906,False
438,7711,221,7.6060004234313965,False
438,19172,168,10.388126373291016,False
438,19173,173,10.343565940856934,False
438,19177,172,10.365793228149414,False
438,13435,69,13.091791152954102,False
438,13442,110,11.650453567504883,False
438,13436,31,14.439044952392578,False
438,9853,143,11.00893783569336,False
438,9854,159,10.547890663146973,False
438,36473,29,14.509397506713867,False
438,36475,58,13.34874153137207,False
438,27911,21,14.73072338104248,False
438,13432,65,13.194845199584961,False
438,14439,82,12.723899841308594,False
438,33228,140,11.058629989624023,False
438,5250,72,12.992524147033691,False
438,2236,55,13.486108779907227,False
438,5752,79,12.873208045959473,False
438,20799,68,13.176024436950684,False
438,17657,77,12.914541244506836,False
438,24435,13,14.90931510925293,False
438,432,84,12.607627868652344,False
438,11342,178,10.283276557922363,False
438,17658,57,13.40395450592041,False
438,13441,93,12.199262619018555,False
438,30626,80,12.824224472045898,False
438,2964,40,14.164856910705566,False
438,418,48,13.588655471801758,False
438,24436,14,14.90931510925293,False
438,24433,10,15.171327590942383,False
438,33226,89,12.306657791137695,False
438,13434,38,14.170896530151367,False
438,8277,56,13.453015327453613,False
438,8275,34,14.286113739013672,False
438,11226,70,13.008338928222656,False
438,2963,192,9.648622512817383,False
438,17969,19,14.769140243530273,False
438,36546,97,12.050324440002441,False
438,17966,37,14.212115287780762,False
438,5332,39,14.165618896484375,False
438,14441,150,10.862264633178711,False
438,14442,119,11.502938270568848,False
438,42620,43,13.919196128845215,False
438,7709,222,7.3803205490112305,False
438,13437,64,13.217114448547363,False
438,29043,50,13.566694259643555,False
438,10295,85,12.507230758666992,False
438,9856,153,10.770198822021484,False
438,9858,142,11.025450706481934,False
438,39489,4,15.843417167663574,False
438,3797,135,11.188626289367676,False
438,27914,35,14.267946243286133,False
438,27943,1,16.091405868530273,False
438,8272,45,13.772865295410156,False
438,41004,166,10.403642654418945,False
438,11227,184,10.148158073425293,False
438,17659,90,12.294756889343262,False
438,33229,46,13.667499542236328,False
438,42610,44,13.88587474822998,False
438,13433,71,13.00484848022461,False
438,2229,52,13.529887199401855,False
438,42605,94,12.183127403259277,False
438,9852,160,10.541879653930664,False
438,13438,30,14.457944869995117,False
438,33230,137,11.154068946838379,False
438,33227,86,12.493099212646484,False
438,41006,175,10.326335906982422,False
438,41079,5,15.629852294921875,False
438,20800,66,13.189777374267578,False
439,32930,15,11.138288497924805,False
439,28551,182,8.909395217895508,False
439,33331,272,7.143444061279297,False
439,33332,273,7.083116054534912,False
439,23631,165,9.305940628051758,False
439,42237,181,8.95505142211914,False
439,13003,100,10.035589218139648,False
439,22813,7,11.416833877563477,False
439,6011,199,8.497611999511719,False
439,34980,52,10.436342239379883,False
439,34981,70,10.287263870239258,False
439,5567,240,7.9595746994018555,False
439,6397,270,7.3204851150512695,False
439,33121,34,10.740159034729004,False
439,4118,219,8.200485229492188,False
439,17538,134,9.767574310302734,False
439,2086,133,9.770395278930664,False
439,33073,167,9.20677375793457,False
439,31143,45,10.625959396362305,False
439,26339,261,7.582855224609375,False
439,32057,108,9.963584899902344,False
439,6964,110,9.95919418334961,False
439,28609,48,10.500042915344238,False
439,41109,137,9.752249717712402,False
439,38686,84,10.182903289794922,False
439,38687,149,9.592000007629395,False
439,39571,116,9.92987060546875,False
439,10705,4,11.624082565307617,False
439,7350,10,11.332334518432617,False
439,29579,51,10.46199893951416,False
439,31411,40,10.715559005737305,False
439,16743,180,8.958089828491211,False
439,9517,64,10.309917449951172,False
439,23620,37,10.735729217529297,False
439,7299,168,9.15335464477539,False
439,39618,160,9.433721542358398,False
439,33506,172,9.080924034118652,False
439,39621,29,10.786169052124023,False
439,6963,109,9.95919418334961,False
439,31209,3,11.696603775024414,False
439,36042,56,10.395502090454102,False
439,33285,104,10.023099899291992,False
439,39622,124,9.843437194824219,False
439,18327,57,10.386920928955078,False
439,26151,274,7.0376811027526855,False
439,28612,58,10.378487586975098,False
439,38693,39,10.716876029968262,False
439,1373,258,7.6978349685668945,False
439,8362,26,10.900914192199707,False
439,35453,169,9.14404010772705,False
439,31561,186,8.843647003173828,False
439,40548,251,7.827329635620117,False
439,26686,183,8.880435943603516,False
439,40544,194,8.633415222167969,False
439,22987,222,8.181685447692871,False
439,34979,237,7.991133689880371,False
439,39901,146,9.606192588806152,False
439,8721,157,9.46667766571045,False
439,30178,81,10.219905853271484,False
439,29522,249,7.882780075073242,False
439,42224,234,8.028173446655273,False
439,24986,72,10.28438949584961,False
439,31674,60,10.366994857788086,False
439,24347,27,10.872547149658203,False
439,15439,30,10.785259246826172,False
439,8916,78,10.231069564819336,False
439,2729,74,10.264711380004883,False
439,26149,98,10.06063461303711,False
439,26150,103,10.023099899291992,False
439,6763,135,9.752249717712402,False
439,6764,136,9.752249717712402,False
439,3431,79,10.229767799377441,False
439,33508,190,8.751725196838379,False
439,33336,178,9.033958435058594,False
439,35761,154,9.54006576538086,False
439,35366,210,8.348993301391602,False
439,29581,66,10.302484512329102,False
439,4120,32,10.760525703430176,False
439,19168,170,9.128348350524902,False
439,32153,131,9.777288436889648,False
439,29319,200,8.483604431152344,False
439,36043,162,9.373364448547363,False
439,26148,141,9.721696853637695,False
439,20383,138,9.752022743225098,False
439,20789,245,7.89217472076416,False
439,26961,1,12.14999771118164,False
439,35343,129,9.782538414001465,False
439,28710,44,10.634126663208008,False
439,19551,69,10.287263870239258,False
439,16918,95,10.081827163696289,False
439,8690,152,9.562458038330078,False
439,1566,145,9.621981620788574,False
439,10818,62,10.326921463012695,False
439,38950,215,8.267797470092773,False
439,40082,93,10.098714828491211,False
439,29578,213,8.291105270385742,False
439,8361,150,9.582673072814941,False
439,29196,235,8.009607315063477,False
439,29197,38,10.723648071289062,False
439,4853,36,10.735729217529297,False
439,32993,97,10.064218521118164,False
439,4855,5,11.538213729858398,False
439,4854,156,9.505025863647461,False
439,451,260,7.582855224609375,False
439,21131,184,8.870187759399414,False
439,24704,25,10.920724868774414,False
439,24705,16,11.118414878845215,False
439,31208,243,7.934444427490234,False
439,1926,147,9.602312088012695,False
439,25747,173,9.064371109008789,False
439,39068,22,10.962331771850586,False
439,5903,254,7.7614850997924805,False
439,7304,28,10.797030448913574,False
439,1771,41,10.710216522216797,False
439,10716,259,7.609325885772705,False
439,18108,33,10.742562294006348,False
439,1544,65,10.307971954345703,False
439,18329,24,10.933846473693848,False
439,33723,207,8.370525360107422,False
439,17004,50,10.478255271911621,False
439,13700,242,7.943924427032471,False
439,33335,174,9.04991340637207,False
439,33120,143,9.654814720153809,False
439,1795,18,11.014355659484863,False
439,18161,127,9.796092987060547,False
439,5816,280,6.502597808837891,False
439,486,255,7.758083343505859,False
439,487,257,7.6978349685668945,False
439,34984,226,8.16117000579834,False
439,35331,144,9.651678085327148,False
439,3403,276,6.993921279907227,False
439,4367,6,11.437108039855957,False
439,22555,158,9.46667766571045,False
439,24778,2,11.849352836608887,False
439,42077,256,7.756923675537109,False
439,33075,214,8.27519702911377,False
439,20944,161,9.419180870056152,False
439,37153,59,10.36872386932373,False
439,22752,89,10.129692077636719,False
439,39000,120,9.885677337646484,False
439,18990,102,10.033387184143066,False
439,37830,47,10.50539779663086,False
439,39327,105,10.023099899291992,False
439,32058,115,9.935083389282227,False
439,6968,114,9.938076972961426,False
439,39001,121,9.885677337646484,False
439,39002,122,9.854504585266113,False
439,13007,19,11.00233268737793,False
439,34985,236,8.009242057800293,False
439,18991,86,10.142446517944336,False
439,16813,91,10.117501258850098,False
439,39331,99,10.044586181640625,False
439,6966,75,10.255112648010254,False
439,6967,76,10.255112648010254,False
439,41342,107,9.980403900146484,False
439,29094,14,11.154394149780273,False
439,1020,46,10.506638526916504,False
439,5905,126,9.798417091369629,False
439,37658,83,10.197652816772461,False
439,5489,61,10.343667030334473,False
439,30001,139,9.731783866882324,False
439,41301,35,10.736889839172363,False
439,2959,148,9.59541130065918,False
439,18263,111,9.95919418334961,False
439,13264,80,10.225837707519531,False
439,35452,153,9.562458038330078,False
439,10045,8,11.39667797088623,False
439,6965,117,9.917049407958984,False
439,42342,171,9.084087371826172,False
439,369,125,9.80299186706543,False
439,41111,130,9.782538414001465,False
439,38998,71,10.287263870239258,False
439,34987,198,8.56836986541748,False
439,37657,92,10.098714828491211,False
439,16812,90,10.117501258850098,False
439,3125,175,9.03495979309082,False
439,18265,119,9.885677337646484,False
439,22776,82,10.20876693725586,False
439,34988,228,8.097149848937988,False
439,702,63,10.321281433105469,False
439,18264,123,9.844158172607422,False
439,4571,252,7.826109409332275,False
439,23014,94,10.087841033935547,False
439,18328,21,10.969188690185547,False
439,29585,54,10.418959617614746,False
439,14845,9,11.347043991088867,False
439,22662,25607,0.0,True
439,14842,12,11.264043807983398,False
439,16796,118,9.90709400177002,False
439,19076,155,9.512805938720703,False
439,37415,43,10.650156021118164,False
439,41110,73,10.274581909179688,False
439,8956,77,10.253472328186035,False
439,21707,106,9.980403900146484,False
439,22744,233,8.034156799316406,False
439,703,67,10.298577308654785,False
439,16811,87,10.142070770263672,False
439,16810,85,10.150286674499512,False
439,706,112,9.949728965759277,False
439,34104,31,10.772832870483398,False
439,40081,101,10.033831596374512,False
439,36061,132,9.772345542907715,False
439,24719,55,10.411762237548828,False
439,2322,195,8.633057594299316,False
439,14841,11,11.288814544677734,False
439,33074,206,8.412656784057617,False
439,39505,176,9.03495979309082,False
439,36696,49,10.486860275268555,False
439,15796,163,9.348418235778809,False
439,39371,13,11.199623107910156,False
439,8627,142,9.706918716430664,False
439,28444,164,9.323278427124023,False
439,18711,20,11.001049041748047,False
439,19631,68,10.298577308654785,False
439,701,42,10.686659812927246,False
439,16814,88,10.142070770263672,False
440,9179,25,12.969095230102539,False
440,23662,221,12.301077842712402,False
440,24386,316,12.085892677307129,False
440,4884,60,12.74871826171875,False
440,19279,131,12.504566192626953,False
440,27598,75,12.688977241516113,False
440,1491,41,12.849611282348633,False
440,24642,37,12.887924194335938,False
440,40058,86,12.640507698059082,False
440,6800,74,12.695740699768066,False
440,23954,65,12.730317115783691,False
440,25714,69,12.71561336517334,False
440,2692,125,12.514575958251953,False
440,32986,824,10.48610782623291,False
440,28791,76,12.678455352783203,False
440,849,12,13.103752136230469,False
440,3544,361,11.980984687805176,False
440,24300,252,12.235790252685547,False
440,8084,20,13.020927429199219,False
440,5187,31,12.92426872253418,False
440,1902,59,12.751794815063477,False
440,21759,401,11.855825424194336,False
440,4450,26,12.96511459350586,False
440,36727,319,12.07972526550293,False
440,1494,230,12.283409118652344,False
440,14116,204,12.334449768066406,False
440,9446,430,11.783570289611816,False
440,1813,270,12.191282272338867,False
440,2710,174,12.416654586791992,False
440,36380,330,12.064531326293945,False
440,39984,119,12.536186218261719,False
440,8267,212,12.314963340759277,False
440,19529,72,12.704948425292969,False
440,4894,135,12.488082885742188,False
440,37289,128,12.512511253356934,False
440,33002,381,11.93741226196289,False
440,16899,13,13.10116958618164,False
440,39979,80,12.667664527893066,False
440,1952,416,11.815059661865234,False
440,24132,36,12.890499114990234,False
440,4503,226,12.294788360595703,False
440,32955,106,12.566365242004395,False
440,1433,739,10.834924697875977,False
440,34669,329,12.066716194152832,False
440,769,42,12.848236083984375,False
440,34258,193,12.361762046813965,False
440,41184,398,11.865442276000977,False
440,24397,241,12.264342308044434,False
440,11269,337,12.040307998657227,False
440,9781,296,12.12142562866211,False
440,14972,184,12.384522438049316,False
440,29067,322,12.075587272644043,False
440,9318,89,12.621562957763672,False
440,2506,71,12.704963684082031,False
440,31547,882,9.913010597229004,False
440,33493,463,11.658647537231445,False
440,4601,112,12.553487777709961,False
440,14974,189,12.37275505065918,False
440,3708,547,11.439942359924316,False
440,17634,98,12.599547386169434,False
440,20060,538,11.460277557373047,False
440,5141,307,12.100682258605957,False
440,9438,206,12.330000877380371,False
440,33325,172,12.417190551757812,False
440,33103,175,12.405106544494629,False
440,24326,51,12.79483699798584,False
440,9405,671,11.024677276611328,False
440,24312,137,12.488033294677734,False
440,34664,440,11.75717544555664,False
440,23762,190,12.368448257446289,False
440,17432,97,12.603117942810059,False
440,15847,423,11.795998573303223,False
440,24377,353,11.996776580810547,False
440,15539,484,11.605559349060059,False
440,3694,501,11.564586639404297,False
440,35963,500,11.570052146911621,False
440,29611,798,10.635053634643555,False
440,37819,412,11.836859703063965,False
440,34057,492,11.584351539611816,False
440,21995,195,12.361119270324707,False
440,30433,283,12.159197807312012,False
440,5105,198,12.3518705368042,False
440,26981,38,12.884071350097656,False
440,7288,512,11.531457901000977,False
440,40217,47,12.82316780090332,False
440,5403,162,12.445419311523438,False
440,39841,859,10.27791976928711,False
440,21430,67,12.726548194885254,False
440,6211,157,12.453386306762695,False
440,21429,121,12.523904800415039,False
440,28530,177,12.402612686157227,False
440,27519,155,12.456012725830078,False
440,34618,506,11.546664237976074,False
440,30040,349,12.012762069702148,False
440,39983,103,12.581062316894531,False
440,4899,268,12.198616027832031,False
440,558,238,12.26968002319336,False
440,29963,114,12.54279613494873,False
440,33492,407,11.84952163696289,False
440,797,531,11.48319149017334,False
440,23852,480,11.621817588806152,False
440,24322,44,12.84218692779541,False
440,1126,247,12.245902061462402,False
440,29068,54,12.776845932006836,False
440,3072,102,12.583356857299805,False
440,28858,513,11.530923843383789,False
440,17050,327,12.06812858581543,False
440,41213,115,12.542549133300781,False
440,978,1,13.453685760498047,False
440,29967,201,12.34184741973877,False
440,2652,604,11.248108863830566,False
440,24754,460,11.675192832946777,False
440,31681,111,12.557321548461914,False
440,31659,11,13.110721588134766,False
440,32166,165,12.440116882324219,False
440,2830,323,12.075103759765625,False
440,2727,79,12.667725563049316,False
440,18582,35,12.897828102111816,False
440,16578,409,11.845467567443848,False
440,4492,315,12.089077949523926,False
440,1955,302,12.106131553649902,False
440,11420,256,12.230623245239258,False
440,38251,19,13.023700714111328,False
440,1366,68,12.722198486328125,False
440,36392,566,11.366340637207031,False
440,30403,874,10.062246322631836,False
440,24675,141,12.481889724731445,False
440,24316,149,12.46399211883545,False
440,26096,163,12.443855285644531,False
440,36293,334,12.057446479797363,False
440,26099,320,12.078492164611816,False
440,873,21,12.999908447265625,False
440,38774,422,11.79674243927002,False
440,29865,642,11.109664916992188,False
440,22020,455,11.689141273498535,False
440,16746,126,12.51400375366211,False
440,41250,145,12.47610855102539,False
440,11266,276,12.17360782623291,False
440,13146,355,11.994596481323242,False
440,29078,8,13.14231014251709,False
440,977,66,12.730210304260254,False
440,11421,5,13.19984245300293,False
440,26174,387,11.908580780029297,False
440,18586,27,12.935020446777344,False
440,20755,2,13.283243179321289,False
440,7173,91,12.613118171691895,False
440,23028,100,12.589245796203613,False
440,6921,237,12.270506858825684,False
440,18420,136,12.488082885742188,False
440,4928,185,12.38045883178711,False
440,16881,235,12.271835327148438,False
440,29968,219,12.301154136657715,False
440,16860,15,13.083260536193848,False
440,36471,442,11.756329536437988,False
440,17786,53,12.782855987548828,False
440,41164,251,12.237706184387207,False
440,33484,364,11.976325988769531,False
440,971,129,12.510289192199707,False
440,28338,228,12.288803100585938,False
440,32945,393,11.883419036865234,False
440,16748,533,11.472931861877441,False
440,29081,23,12.982647895812988,False
440,1371,384,11.917248725891113,False
440,31693,279,12.169785499572754,False
440,956,32,12.91519546508789,False
440,9451,87,12.63582992553711,False
440,31270,244,12.251277923583984,False
440,14601,437,11.76465892791748,False
440,1951,328,12.067693710327148,False
440,9403,370,11.95466423034668,False
440,36370,491,11.590353012084961,False
440,24989,146,12.468421936035156,False
440,31437,303,12.105826377868652,False
440,5699,335,12.05534553527832,False
440,31423,88,12.627154350280762,False
440,23937,406,11.851523399353027,False
440,16713,582,11.31893253326416,False
440,5503,110,12.558841705322266,False
440,40270,209,12.32291316986084,False
440,17463,6,13.174677848815918,False
440,9272,502,11.5621919631958,False
440,1573,390,11.886890411376953,False
440,24688,444,11.73951244354248,False
440,906,424,11.795580863952637,False
440,41185,301,12.107670783996582,False
440,22016,332,12.063056945800781,False
440,14973,164,12.4408540725708,False
440,31396,216,12.308008193969727,False
440,15876,293,12.129157066345215,False
440,7898,300,12.107670783996582,False
440,1291,326,12.068498611450195,False
440,22019,550,11.430473327636719,False
440,6060,415,11.818979263305664,False
440,24599,82,12.66401481628418,False
440,11272,139,12.485566139221191,False
440,15545,459,11.676057815551758,False
440,29236,354,11.995780944824219,False
440,8150,847,10.356542587280273,False
440,249,249,12.243528366088867,False
440,41085,130,12.50672721862793,False
440,35083,348,12.014726638793945,False
440,18730,208,12.327564239501953,False
440,31518,229,12.288010597229004,False
440,26107,233,12.276385307312012,False
440,26972,285,12.15735912322998,False
440,5644,879,9.999138832092285,False
440,25666,122,12.522672653198242,False
440,9261,49,12.815874099731445,False
440,24404,34,12.907262802124023,False
440,29180,454,11.68921184539795,False
440,13647,109,12.559409141540527,False
440,34646,284,12.158539772033691,False
440,4359,452,11.696525573730469,False
440,6505,194,12.361654281616211,False
440,34176,397,11.867977142333984,False
440,18250,242,12.262402534484863,False
440,17858,257,12.229379653930664,False
440,858,292,12.137739181518555,False
440,24674,481,11.620007514953613,False
440,2840,105,12.571564674377441,False
440,2837,167,12.43455982208252,False
440,17143,347,12.014731407165527,False
440,29584,250,12.237787246704102,False
440,17755,514,11.529128074645996,False
440,29864,581,11.319219589233398,False
440,29582,410,11.840986251831055,False
440,979,45,12.833084106445312,False
440,18595,113,12.551145553588867,False
440,26787,248,12.243648529052734,False
440,844,73,12.701654434204102,False
440,36197,297,12.11631965637207,False
440,18596,92,12.611379623413086,False
440,10792,93,12.610906600952148,False
440,4494,473,11.628265380859375,False
440,17515,309,12.09909439086914,False
440,4495,357,11.992414474487305,False
440,3684,359,11.98641586303711,False
440,25883,138,12.487031936645508,False
440,11063,123,12.516390800476074,False
440,41474,421,11.803363800048828,False
440,2170,43,12.843588829040527,False
440,2856,261,12.22175121307373,False
440,17514,160,12.449264526367188,False
440,16951,543,11.446593284606934,False
440,19797,236,12.27168083190918,False
440,17827,269,12.193851470947266,False
440,2956,133,12.491997718811035,False
440,34977,48,12.816245079040527,False
440,17625,180,12.394959449768066,False
440,40274,39,12.880146980285645,False
440,29931,317,12.082965850830078,False
440,40334,183,12.38815689086914,False
440,24564,654,11.067044258117676,False
440,2510,352,12.000771522521973,False
440,29590,427,11.785882949829102,False
441,22465,52,11.050962448120117,False
441,38525,40,11.183854103088379,False
441,24327,148,9.294112205505371,False
441,42740,10,11.859687805175781,False
441,17397,55,10.958840370178223,False
441,21865,5,11.949960708618164,False
441,20953,83,10.507041931152344,False
441,6974,105,10.198128700256348,False
441,41138,115,10.019203186035156,False
441,38433,50,11.056587219238281,False
441,18278,140,9.48094367980957,False
441,12118,6,11.924263000488281,False
441,8995,87,10.45461368560791,False
441,34084,61,10.800172805786133,False
441,19504,108,10.121969223022461,False
441,29134,86,10.468517303466797,False
441,35193,104,10.20328426361084,False
441,34615,35,11.295964241027832,False
441,37361,296,6.494324684143066,False
441,41389,49,11.061956405639648,False
441,6621,56,10.931761741638184,False
441,6619,85,10.473116874694824,False
441,41979,76,10.623477935791016,False
441,17913,96,10.32040023803711,False
441,38001,13,11.829450607299805,False
441,9000,113,10.021571159362793,False
441,42796,32,11.346485137939453,False
441,665,123,9.79022216796875,False
441,13769,24,11.49413013458252,False
441,4315,29,11.402341842651367,False
441,4059,68,10.698347091674805,False
441,13848,67,10.704513549804688,False
441,39475,41,11.179666519165039,False
441,9588,109,10.112921714782715,False
441,19211,21,11.547061920166016,False
441,42565,30,11.375804901123047,False
441,21386,14,11.781381607055664,False
441,21864,39,11.201316833496094,False
441,9617,20,11.549070358276367,False
441,17053,135,9.611684799194336,False
441,6628,38,11.212320327758789,False
441,6634,9,11.865031242370605,False
441,41388,31,11.358743667602539,False
441,17422,116,10.018436431884766,False
441,664,126,9.771690368652344,False
441,9587,159,8.974641799926758,False
441,24215,70,10.687854766845703,False
441,14341,215,6.713348865509033,False
441,9612,19,11.555830001831055,False
441,25007,4,11.953065872192383,False
441,25014,26,11.467565536499023,False
441,22139,66,10.719793319702148,False
441,38502,138,9.538583755493164,False
441,19983,23,11.495933532714844,False
441,17410,22,11.531787872314453,False
441,25012,17,11.699058532714844,False
441,17418,53,11.02247142791748,False
441,41385,98,10.27672290802002,False
441,19502,111,10.036255836486816,False
441,24212,131,9.666515350341797,False
441,2411,112,10.033868789672852,False
441,19501,110,10.082548141479492,False
441,17416,1,12.591257095336914,False
441,13771,71,10.673213958740234,False
441,23916,16,11.703646659851074,False
441,28592,300,6.485033988952637,False
441,39490,23080,0.49429816007614136,False
441,21391,89,10.442169189453125,False
441,38978,102,10.247764587402344,False
441,9611,11,11.856144905090332,False
441,38193,377,6.328201770782471,False
441,38196,240,6.6246418952941895,False
441,21858,351,6.372012138366699,False
441,19145,3,12.264974594116211,False
441,31298,1074,5.6680073738098145,False
441,36891,129,9.69997787475586,False
441,6631,25,11.476746559143066,False
441,6625,27,11.44755744934082,False
442,31781,213,8.223830223083496,False
442,31786,201,8.394447326660156,False
442,9168,12,12.49307918548584,False
442,9167,4,15.124687194824219,False
442,31808,233,7.851674556732178,False
442,7449,23,11.47270679473877,False
442,35944,7,13.063409805297852,False
442,31042,34,10.51633071899414,False
442,18496,217,8.163813591003418,False
442,15588,227,7.953168869018555,False
442,15587,232,7.858360290527344,False
442,2173,253,7.100314617156982,False
442,1874,40,10.228310585021973,False
442,39019,219,8.106865882873535,False
442,20220,25,11.449197769165039,False
442,33244,17,11.887653350830078,False
442,2289,9,12.932729721069336,False
442,7403,230,7.871766090393066,False
442,7402,234,7.811797618865967,False
442,33245,22,11.498550415039062,False
442,42172,117,9.427199363708496,False
442,7679,14,12.123979568481445,False
442,18541,206,8.326286315917969,False
442,18546,192,8.645627975463867,False
442,40963,186,8.781364440917969,False
442,40962,196,8.448238372802734,False
442,40961,26,11.013981819152832,False
442,9592,16,12.00406265258789,False
442,16065,19,11.675911903381348,False
442,36374,30,10.796351432800293,False
442,17578,244,7.471054553985596,False
442,9435,13,12.135129928588867,False
442,2288,37,10.387630462646484,False
442,22756,195,8.520822525024414,False
442,16808,226,7.96690034866333,False
442,36337,243,7.618341445922852,False
442,4814,29,10.974798202514648,False
442,36912,10,12.76173210144043,False
442,8965,28,10.994422912597656,False
442,40020,2,15.640985488891602,False
442,22754,31,10.763524055480957,False
442,11677,231,7.871766090393066,False
442,17612,220,8.08868408203125,False
442,16856,35,10.498529434204102,False
442,7245,24,11.466338157653809,False
442,42680,33,10.66147518157959,False
442,18495,216,8.163813591003418,False
442,42175,8,12.939485549926758,False
442,16404,154,9.151707649230957,False
442,15455,229,7.88521671295166,False
442,31788,212,8.230628967285156,False
442,6779,6,14.280367851257324,False
442,3646,207,8.307106971740723,False
442,18560,246,7.319949150085449,False
442,4577,236,7.724303245544434,False
442,24723,36,10.439962387084961,False
442,15592,143,9.254405975341797,False
442,15594,159,9.077136039733887,False
442,15593,63,9.852346420288086,False
442,35368,56,9.898804664611816,False
442,9277,54,9.92520809173584,False
442,1825,174,8.947378158569336,False
442,2398,1,17.284996032714844,False
442,9171,18,11.879636764526367,False
442,38379,32,10.742304801940918,False
442,2177,38,10.354158401489258,False
442,39156,228,7.898714065551758,False
442,31716,209,8.295906066894531,False
442,15456,3,15.57237434387207,False
442,30004,1741,4.121748447418213,False
443,14749,1175,4.977478981018066,False
443,35114,177,6.101637363433838,False
443,39384,754,5.252397537231445,False
443,28693,1078,5.045984745025635,False
443,19567,850,5.191429138183594,False
443,8438,438,5.691407680511475,False
443,31638,1402,4.793933868408203,False
443,11436,982,5.108989715576172,False
443,31353,2034,4.005922317504883,False
443,32738,743,5.2592453956604,False
443,15038,1178,4.976997375488281,False
443,35621,820,5.2069830894470215,False
443,35612,911,5.154078960418701,False
443,30336,608,5.412027835845947,False
443,1232,1712,4.495665073394775,False
443,7514,187,6.088851451873779,False
443,28874,905,5.157262325286865,False
443,17992,1257,4.914280891418457,False
443,30777,1940,4.217432498931885,False
443,32252,929,5.144448280334473,False
443,5768,2360,3.212965726852417,False
443,20952,908,5.156397819519043,False
443,30629,485,5.623869895935059,False
443,19574,851,5.191429138183594,False
443,2804,186,6.0922932624816895,False
443,11975,2616,2.720839023590088,False
443,7618,1310,4.873311996459961,False
443,25808,139,6.190398216247559,False
443,19829,882,5.176121234893799,False
443,11944,2628,2.707923173904419,False
443,4146,1538,4.670038223266602,False
443,11993,2630,2.707923173904419,False
443,7612,489,5.618076324462891,False
443,11947,2617,2.7175984382629395,False
443,24841,1047,5.063014984130859,False
443,35549,354,5.826970100402832,False
443,25091,1057,5.056402206420898,False
443,19267,1117,5.021361827850342,False
443,42042,261,5.98702335357666,False
443,11667,1421,4.774112224578857,False
443,29693,756,5.251159191131592,False
443,4147,115,6.243206024169922,False
443,3123,13,6.592843532562256,False
443,17855,329,5.88175106048584,False
443,21837,1436,4.759982109069824,False
443,5669,1091,5.041620254516602,False
443,5675,2104,3.8668065071105957,False
443,26882,1182,4.973588943481445,False
443,38290,176,6.104402542114258,False
443,20287,44,6.427966117858887,False
443,21835,1009,5.087735176086426,False
443,8166,106,6.273077964782715,False
443,16604,56,6.396371364593506,False
443,25813,974,5.117263317108154,False
443,15076,584,5.455384254455566,False
443,35930,281,5.94645881652832,False
443,6806,179,6.099685192108154,False
443,33646,1393,4.802306175231934,False
443,25635,884,5.175022125244141,False
443,23827,240,6.009175777435303,False
443,35575,873,5.178167343139648,False
443,30963,1118,5.020877361297607,False
443,31345,948,5.1335248947143555,False
443,15487,181,6.0993242263793945,False
443,34816,184,6.095608711242676,False
443,5784,3,6.942691802978516,False
443,22312,1625,4.601792335510254,False
443,32174,141,6.188190460205078,False
443,27405,89,6.304520606994629,False
443,40353,744,5.257134437561035,False
443,5726,37,6.457007884979248,False
443,41263,163,6.135106086730957,False
443,31357,539,5.527883052825928,False
443,32194,1099,5.034107685089111,False
443,35116,233,6.021395683288574,False
443,32172,78,6.325480937957764,False
443,26408,639,5.376287937164307,False
443,10978,547,5.508264541625977,False
443,11994,2625,2.7111408710479736,False
443,5379,14,6.5915937423706055,False
443,11963,2637,2.695129632949829,False
443,11999,2631,2.707923173904419,False
443,5515,956,5.131007671356201,False
443,33420,86,6.313232421875,False
443,15271,1225,4.940800189971924,False
443,15051,105,6.273829936981201,False
443,40355,785,5.229849815368652,False
443,11940,2642,2.6919503211975098,False
443,12503,30,6.482808589935303,False
443,41338,1089,5.042623996734619,False
443,3604,542,5.519771099090576,False
443,32743,712,5.289654731750488,False
443,29679,1510,4.687575817108154,False
443,15276,334,5.8633012771606445,False
443,30684,95,6.292632579803467,False
443,11987,2635,2.698316812515259,False
443,32740,749,5.255025386810303,False
443,20798,523,5.555469512939453,False
443,32746,1289,4.8905792236328125,False
443,15434,1107,5.025366306304932,False
443,8150,382,5.777939796447754,False
443,11979,2622,2.7143657207489014,False
443,26620,1162,4.990752696990967,False
443,42037,1443,4.754101753234863,False
443,32141,73,6.33414888381958,False
443,3406,752,5.252917766571045,False
443,27406,957,5.131007671356201,False
443,21937,878,5.176781177520752,False
443,17891,875,5.177485942840576,False
443,41322,887,5.173342227935791,False
443,13943,1266,4.90799617767334,False
443,20219,1207,4.956294536590576,False
443,33423,462,5.6573967933654785,False
443,11956,2633,2.7015113830566406,False
443,41928,1063,5.054129123687744,False
443,20279,924,5.1471357345581055,False
443,31085,1231,4.934502601623535,False
443,30011,343,5.846658229827881,False
443,32697,872,5.178167343139648,False
443,24851,494,5.6039533615112305,False
443,19563,822,5.205574989318848,False
443,11387,102,6.277622222900391,False
443,37079,274,5.962265491485596,False
443,29756,358,5.815498352050781,False
443,25092,1108,5.025366306304932,False
443,14857,191,6.081709384918213,False
443,11971,2638,2.695129632949829,False
443,14681,1171,4.983765125274658,False
443,23518,1233,4.932497978210449,False
443,35617,692,5.304342269897461,False
443,29001,1058,5.056314468383789,False
443,39827,1223,4.941802501678467,False
443,40681,1400,4.794079780578613,False
443,14633,206,6.059643268585205,False
443,15302,434,5.696404933929443,False
443,24349,264,5.975834846496582,False
443,22117,1512,4.6855034828186035,False
443,4253,663,5.3365159034729,False
443,30189,517,5.562129020690918,False
443,8463,709,5.291738986968994,False
443,24884,774,5.240310192108154,False
443,18390,684,5.315035343170166,False
443,14844,763,5.248887538909912,False
443,15052,759,5.250757694244385,False
443,24046,1534,4.67096471786499,False
443,30678,1260,4.9138875007629395,False
443,24036,2517,2.9118008613586426,False
443,26190,1248,4.921706676483154,False
443,19571,844,5.196135520935059,False
443,19241,897,5.163366317749023,False
443,19566,282,5.942497253417969,False
443,33630,1081,5.0445661544799805,False
443,39069,685,5.315035343170166,False
443,14626,1311,4.8729424476623535,False
443,14817,32,6.478667259216309,False
443,24895,1219,4.945062637329102,False
443,41672,435,5.696184158325195,False
443,32937,1132,5.00984001159668,False
443,38719,1548,4.664209365844727,False
443,5838,853,5.189738750457764,False
443,14855,195,6.070779323577881,False
443,40773,955,5.131513595581055,False
443,41267,1104,5.027142524719238,False
443,15280,222,6.039934158325195,False
443,32181,1119,5.020877361297607,False
443,13488,679,5.319111347198486,False
443,41283,168,6.124394416809082,False
443,36055,617,5.403040885925293,False
443,33041,674,5.324052333831787,False
443,9810,1850,4.3495564460754395,False
443,26305,792,5.2219462394714355,False
443,15077,934,5.141070365905762,False
443,33425,1053,5.060616493225098,False
443,21931,1399,4.794827461242676,False
443,30604,1211,4.95147180557251,False
443,39059,108,6.262215614318848,False
443,12439,631,5.384072303771973,False
443,40351,810,5.21112585067749,False
443,31349,41,6.438626289367676,False
443,32616,120,6.227781295776367,False
443,22118,807,5.215048313140869,False
443,4252,424,5.707277297973633,False
443,29792,829,5.203211784362793,False
443,386,843,5.196135520935059,False
443,31179,316,5.905538558959961,False
443,507,451,5.671874046325684,False
443,32563,987,5.105865955352783,False
443,14660,165,6.130809783935547,False
443,3113,910,5.154556751251221,False
443,5836,762,5.249030113220215,False
443,14472,1372,4.824131488800049,False
443,14471,1437,4.759629249572754,False
443,30002,79,6.322818279266357,False
443,20927,305,5.913641929626465,False
443,3694,441,5.68644905090332,False
443,9455,1269,4.904940605163574,False
443,27218,1011,5.087735176086426,False
443,20535,270,5.968193531036377,False
443,12507,25,6.512876033782959,False
443,35561,788,5.225677013397217,False
443,42765,1508,4.6887593269348145,False
443,12502,131,6.208375930786133,False
443,35601,734,5.271944522857666,False
443,31913,1015,5.083222389221191,False
443,8692,1657,4.557119369506836,False
443,1208,811,5.209539890289307,False
443,34708,1226,4.939464569091797,False
443,12526,340,5.849609375,False
443,1210,1319,4.8659186363220215,False
443,35604,1056,5.0585455894470215,False
443,17893,888,5.172719955444336,False
443,37522,251,5.995193004608154,False
443,14952,1071,5.048454284667969,False
443,9189,780,5.236490726470947,False
443,5915,34,6.475743293762207,False
443,34057,285,5.9422454833984375,False
443,24194,1021,5.079776763916016,False
443,14664,385,5.773533821105957,False
443,20900,254,5.990349292755127,False
443,14811,1023,5.078718185424805,False
443,252,727,5.27919340133667,False
443,4065,1419,4.776179790496826,False
443,33696,335,5.8633012771606445,False
443,41676,72,6.342807292938232,False
443,12222,1565,4.654006481170654,False
443,5670,646,5.363025665283203,False
443,39971,960,5.129504203796387,False
443,31098,1840,4.363534450531006,False
443,36362,244,6.000607013702393,False
443,8229,337,5.853588581085205,False
443,37723,1296,4.884677886962891,False
443,32747,838,5.198192119598389,False
443,23075,1967,4.175781726837158,False
443,32745,845,5.195443153381348,False
443,2169,1209,4.954998970031738,False
443,20036,1141,5.004402160644531,False
443,19397,647,5.363025665283203,False
443,30337,457,5.666077613830566,False
443,29638,469,5.650308609008789,False
443,9267,1208,4.955753326416016,False
443,29689,90,6.304520606994629,False
443,31370,1002,5.092971324920654,False
443,5999,39,6.4496049880981445,False
443,38890,1696,4.510525703430176,False
443,12069,2575,2.8182947635650635,False
443,31547,1659,4.550637722015381,False
443,25615,519,5.559471130371094,False
443,11394,1764,4.442004680633545,False
443,22313,1503,4.694136142730713,False
443,35658,1022,5.079776763916016,False
443,33419,284,5.9422454833984375,False
443,27407,995,5.099051475524902,False
443,19572,870,5.179698944091797,False
443,7684,1258,4.9138875007629395,False
443,35613,950,5.133305549621582,False
443,32739,764,5.248709201812744,False
443,25853,1442,4.754101753234863,False
443,32986,1547,4.664717197418213,False
443,31350,920,5.149448394775391,False
443,35622,864,5.1843156814575195,False
443,14809,1196,4.964423179626465,False
443,17856,1001,5.095584392547607,False
443,6490,927,5.144825458526611,False
443,26884,781,5.2344207763671875,False
443,1249,387,5.768409252166748,False
443,35627,666,5.333962440490723,False
443,4411,291,5.9294281005859375,False
443,31346,1036,5.069947242736816,False
443,39205,48,6.416196823120117,False
443,32765,1331,4.858851432800293,False
443,35615,620,5.397942066192627,False
443,32741,765,5.248709201812744,False
443,32742,753,5.252917766571045,False
443,31354,1726,4.484560966491699,False
443,34514,619,5.398561000823975,False
443,19392,866,5.181458473205566,False
443,35626,657,5.3488969802856445,False
443,14843,28,6.496748924255371,False
443,29755,326,5.888811111450195,False
443,35551,1329,4.859114170074463,False
443,37313,916,5.151694297790527,False
443,35629,806,5.215274810791016,False
443,32170,921,5.149448394775391,False
443,38718,1355,4.8397040367126465,False
443,14695,1405,4.790261745452881,False
443,39227,156,6.14471435546875,False
443,37720,347,5.840281009674072,False
443,37443,1054,5.060154914855957,False
443,35558,827,5.204914093017578,False
443,15342,795,5.220287799835205,False
443,14473,1084,5.044063568115234,False
443,5835,735,5.270995616912842,False
443,15060,1126,5.017666816711426,False
443,29748,889,5.172719955444336,False
443,14727,297,5.926174163818359,False
443,21963,276,5.958191871643066,False
443,36316,557,5.495182991027832,False
443,35607,632,5.384072303771973,False
443,39841,1420,4.776179790496826,False
443,31351,681,5.318981647491455,False
443,35113,213,6.050294399261475,False
443,31355,1285,4.893329620361328,False
443,35625,649,5.361406326293945,False
443,35614,656,5.3488969802856445,False
443,15054,1318,4.866071701049805,False
443,20075,941,5.137907028198242,False
443,8693,1160,4.991201877593994,False
443,8400,687,5.311716079711914,False
443,1200,783,5.232142448425293,False
443,40928,2265,3.4454026222229004,False
443,24437,378,5.7816162109375,False
443,35594,967,5.123485565185547,False
443,8151,292,5.928299903869629,False
443,3687,400,5.751633644104004,False
443,30040,1075,5.047173500061035,False
443,36890,1301,4.878749847412109,False
443,11392,505,5.583630561828613,False
443,13226,1106,5.0268778800964355,False
443,30908,111,6.25673246383667,False
443,8505,475,5.644563674926758,False
443,4183,15,6.588860034942627,False
443,8493,269,5.968486309051514,False
443,11549,1008,5.087947845458984,False
443,33422,315,5.906675338745117,False
443,33471,848,5.194594383239746,False
443,41382,1017,5.081747531890869,False
443,5068,84,6.317026138305664,False
443,41668,1173,4.979371070861816,False
443,37717,157,6.14424991607666,False
443,206,209,6.054018497467041,False
443,29697,1429,4.766073226928711,False
443,38715,678,5.319356918334961,False
443,22137,205,6.060572624206543,False
443,19568,815,5.207940101623535,False
443,35603,933,5.1436028480529785,False
443,6354,786,5.228403568267822,False
443,35927,757,5.25088357925415,False
443,35556,830,5.202847003936768,False
443,35557,801,5.219430923461914,False
443,14835,116,6.24293327331543,False
443,10043,949,5.133305549621582,False
443,35608,926,5.145623683929443,False
443,35602,1234,4.932295799255371,False
443,25271,1067,5.054084777832031,False
443,24882,890,5.172686576843262,False
443,1201,514,5.567495346069336,False
443,5832,1176,4.9772725105285645,False
443,29705,984,5.107450485229492,False
443,31374,1377,4.821290969848633,False
443,32180,1205,4.9600419998168945,False
443,33089,2041,3.9828040599823,False
443,34817,1247,4.922142028808594,False
444,19528,339,9.142195701599121,False
444,37856,135,10.693554878234863,False
444,14313,121,10.85256576538086,False
444,8502,20,12.56406307220459,False
444,250,38,12.187677383422852,False
444,8238,445,8.542855262756348,False
444,32698,505,8.223677635192871,False
444,21930,3,13.425885200500488,False
444,21931,25,12.481435775756836,False
444,18391,473,8.37410831451416,False
444,31292,115,10.905750274658203,False
444,3399,352,9.06620979309082,False
444,39433,193,10.173582077026367,False
444,5645,282,9.485466003417969,False
444,34062,334,9.156756401062012,False
444,34064,593,7.671518802642822,False
444,22948,419,8.690096855163574,False
444,33046,13,12.855632781982422,False
444,33047,5,13.255363464355469,False
444,6326,256,9.639598846435547,False
444,25629,424,8.624582290649414,False
444,29187,104,11.020791053771973,False
444,39754,547,7.924160003662109,False
444,6338,299,9.343892097473145,False
444,33473,500,8.254572868347168,False
444,15445,363,9.007344245910645,False
444,1597,348,9.111570358276367,False
444,29542,343,9.126961708068848,False
444,38719,31,12.30098819732666,False
444,14604,359,9.035768508911133,False
444,8230,59,11.791257858276367,False
444,5814,190,10.18675708770752,False
444,27921,356,9.047677993774414,False
444,31291,114,10.905750274658203,False
444,31293,109,10.983909606933594,False
444,15041,464,8.423154830932617,False
444,14855,164,10.379653930664062,False
444,7684,87,11.272357940673828,False
444,2282,15,12.630404472351074,False
444,35928,281,9.487751960754395,False
444,1209,407,8.735377311706543,False
444,5999,17,12.624628067016602,False
444,41262,972,6.11773157119751,False
444,28440,84,11.3070707321167,False
444,33663,100,11.096563339233398,False
444,8237,360,9.020489692687988,False
444,31321,691,6.975963592529297,False
444,19592,584,7.732006072998047,False
444,7753,51,11.972888946533203,False
444,30633,461,8.425525665283203,False
444,7602,626,7.388038158416748,False
444,29701,23,12.52060317993164,False
444,29702,37,12.19880199432373,False
444,3268,567,7.800444602966309,False
444,14603,195,10.154914855957031,False
444,16955,209,10.007823944091797,False
444,7618,21,12.560193061828613,False
444,17298,16,12.629232406616211,False
444,4545,62,11.728959083557129,False
444,35962,284,9.47343635559082,False
444,22304,477,8.34864616394043,False
444,11517,1442,5.019757270812988,False
444,7926,57,11.821651458740234,False
444,30676,425,8.61988353729248,False
444,39626,214,9.972907066345215,False
444,23588,95,11.137411117553711,False
444,33696,94,11.148128509521484,False
444,30773,152,10.477678298950195,False
444,33419,124,10.841279983520508,False
444,8440,35,12.254343032836914,False
444,20488,549,7.909024238586426,False
444,41669,134,10.711746215820312,False
444,30401,330,9.176551818847656,False
444,8439,6,13.116765975952148,False
444,8480,466,8.406785011291504,False
444,14662,242,9.749541282653809,False
444,19284,96,11.126598358154297,False
444,6091,438,8.574886322021484,False
444,15263,316,9.272056579589844,False
444,29322,55,11.856175422668457,False
444,13522,570,7.797408580780029,False
444,15426,498,8.262031555175781,False
444,25768,70,11.607612609863281,False
444,34055,49,11.984399795532227,False
444,30908,222,9.928911209106445,False
444,29438,338,9.150150299072266,False
444,21152,358,9.038249969482422,False
444,8441,19,12.5905179977417,False
444,6278,346,9.119844436645508,False
444,33116,46,12.047649383544922,False
444,8515,36,12.22426700592041,False
444,8499,310,9.297948837280273,False
444,34587,714,6.842087745666504,False
444,247,66,11.670948028564453,False
444,30899,11,12.899192810058594,False
444,24908,7,13.074878692626953,False
444,15032,1774,3.9748167991638184,False
444,41288,441,8.556367874145508,False
444,22305,249,9.681339263916016,False
444,26552,27,12.442646980285645,False
444,41261,230,9.869562149047852,False
444,26882,12,12.877126693725586,False
444,5721,65,11.671099662780762,False
444,20716,185,10.212738990783691,False
444,36317,168,10.344622611999512,False
444,28434,196,10.15151596069336,False
444,1271,48,12.006830215454102,False
444,10042,54,11.878011703491211,False
444,36041,525,8.078922271728516,False
444,35041,257,9.636494636535645,False
444,30398,347,9.119844436645508,False
444,37523,298,9.352853775024414,False
444,14794,9,12.967048645019531,False
444,16604,562,7.8239665031433105,False
445,28681,263,11.041065216064453,False
445,19423,191,11.556113243103027,False
445,34492,199,11.520251274108887,False
445,25549,140,11.887927055358887,False
445,1686,90,12.234066009521484,False
445,18402,296,10.653341293334961,False
445,39900,246,11.183395385742188,False
445,22963,19,13.391786575317383,False
445,18359,148,11.83404541015625,False
445,28672,270,10.980700492858887,False
445,16517,2,17.70059585571289,False
445,6392,183,11.637735366821289,False
445,1689,171,11.703081130981445,False
445,41251,82,12.304394721984863,False
445,14729,121,12.011579513549805,False
445,30607,303,10.536649703979492,False
445,5746,4,17.059144973754883,False
445,14756,115,12.061516761779785,False
445,9423,252,11.112903594970703,False
445,17846,244,11.18440055847168,False
445,39915,218,11.377141952514648,False
445,8316,164,11.750083923339844,False
445,10785,178,11.669534683227539,False
445,40520,206,11.473661422729492,False
445,8395,310,10.45964241027832,False
445,40497,67,12.41689682006836,False
445,824,304,10.521963119506836,False
445,15625,406,8.280471801757812,False
445,41916,226,11.3483247756958,False
445,40923,495,6.609707832336426,False
445,23758,272,10.936059951782227,False
445,40515,265,11.030922889709473,False
445,10787,153,11.809402465820312,False
445,41663,21,13.276145935058594,False
445,30791,427,7.589983940124512,False
445,35918,5,16.631122589111328,False
445,14410,250,11.135334968566895,False
445,25577,204,11.482671737670898,False
445,28678,297,10.631458282470703,False
445,36242,159,11.768991470336914,False
445,1532,305,10.510540008544922,False
445,41666,79,12.357474327087402,False
445,21960,6,15.66481876373291,False
445,22794,131,11.945898056030273,False
445,29303,69,12.402438163757324,False
445,9269,340,9.818925857543945,False
445,40574,355,9.582275390625,False
445,8720,20,13.388175964355469,False
445,16563,177,11.679719924926758,False
445,33001,289,10.733715057373047,False
445,2483,23,13.232522964477539,False
445,1692,145,11.842581748962402,False
445,42794,78,12.358644485473633,False
445,8367,212,11.41994857788086,False
445,35361,205,11.482671737670898,False
445,9307,161,11.766481399536133,False
445,9196,172,11.700651168823242,False
445,9198,196,11.531524658203125,False
445,9197,198,11.523351669311523,False
445,1690,91,12.234066009521484,False
445,19741,54,12.553234100341797,False
445,23010,98,12.171585083007812,False
445,28954,112,12.079029083251953,False
445,25568,143,11.862698554992676,False
445,34121,134,11.925151824951172,False
445,36567,235,11.312477111816406,False
445,22057,227,11.348014831542969,False
445,29972,84,12.295816421508789,False
445,4017,149,11.827043533325195,False
445,29419,46,12.717351913452148,False
445,31418,219,11.373344421386719,False
445,18643,127,11.963130950927734,False
445,23858,290,10.73284912109375,False
445,40468,166,11.721868515014648,False
445,35327,231,11.329423904418945,False
445,543,1,18.082809448242188,False
445,2540,123,12.010648727416992,False
445,18639,176,11.680705070495605,False
445,14232,62,12.469991683959961,False
445,5145,152,11.810269355773926,False
445,34209,301,10.580342292785645,False
445,27549,300,10.586430549621582,False
445,41277,36,12.898348808288574,False
445,16451,279,10.878456115722656,False
445,33370,258,11.082837104797363,False
445,14759,102,12.135997772216797,False
445,15540,13,13.671037673950195,False
445,10703,12,13.791017532348633,False
445,8637,211,11.430959701538086,False
445,28707,214,11.418197631835938,False
445,31687,162,11.756807327270508,False
445,23905,330,10.042888641357422,False
445,29364,236,11.294673919677734,False
445,25139,260,11.061538696289062,False
445,4016,58,12.503984451293945,False
445,38945,292,10.725861549377441,False
445,38491,210,11.45570182800293,False
445,14855,224,11.35446834564209,False
445,8495,68,12.406839370727539,False
445,13748,27,13.120558738708496,False
445,10825,130,11.954509735107422,False
445,35041,50,12.657596588134766,False
445,41248,255,11.108053207397461,False
445,8237,139,11.894672393798828,False
445,11,377,8.96159839630127,False
445,42670,126,11.985879898071289,False
445,1295,22,13.24810791015625,False
445,4966,220,11.370705604553223,False
445,33374,307,10.491424560546875,False
445,9472,31,13.053712844848633,False
445,40345,247,11.17735481262207,False
445,19581,195,11.536977767944336,False
445,303,277,10.915729522705078,False
445,8636,294,10.706544876098633,False
445,42086,329,10.047470092773438,False
445,62,106,12.100123405456543,False
445,36313,125,12.000297546386719,False
445,28261,271,10.954627990722656,False
445,23170,276,10.92578411102295,False
445,41466,70,12.401956558227539,False
445,21581,3,17.176090240478516,False
445,30261,389,8.672966003417969,False
445,19746,76,12.366362571716309,False
445,41465,88,12.272869110107422,False
445,15,251,11.130566596984863,False
445,24693,232,11.322860717773438,False
445,14758,122,12.011521339416504,False
445,41781,156,11.793208122253418,False
445,19582,320,10.332806587219238,False
445,6452,239,11.268712997436523,False
445,4944,192,11.555416107177734,False
445,19017,321,10.2821044921875,False
445,6952,299,10.618038177490234,False
445,16704,302,10.577150344848633,False
445,13747,92,12.229772567749023,False
445,1139,248,11.171213150024414,False
445,6450,150,11.826108932495117,False
445,51,75,12.366362571716309,False
445,18792,188,11.582691192626953,False
445,19744,173,11.697441101074219,False
445,13824,346,9.659063339233398,False
445,2458,63,12.450687408447266,False
445,21691,168,11.718518257141113,False
445,14676,154,11.798929214477539,False
445,3310,309,10.470213890075684,False
445,6745,144,11.84956169128418,False
445,8638,261,11.055609703063965,False
445,13427,133,11.925409317016602,False
445,4014,223,11.355463981628418,False
445,64,71,12.397848129272461,False
445,39629,61,12.482181549072266,False
445,6765,291,10.725861549377441,False
445,35445,243,11.210086822509766,False
445,24702,180,11.646373748779297,False
445,8373,259,11.073898315429688,False
445,31459,66,12.418929100036621,False
445,15459,99,12.160527229309082,False
445,14730,100,12.15639591217041,False
445,37931,209,11.462549209594727,False
445,8372,230,11.330759048461914,False
445,5490,39,12.788761138916016,False
445,18665,280,10.852950096130371,False
445,40626,25,13.154019355773926,False
445,1418,254,11.108053207397461,False
445,6015,109,12.085471153259277,False
445,37121,267,10.992968559265137,False
445,23931,60,12.48393726348877,False
445,11264,253,11.111567497253418,False
445,7860,111,12.07927131652832,False
445,36446,49,12.658090591430664,False
446,23063,28,12.107198715209961,False
446,23062,26,12.268218994140625,False
446,23061,57,9.914506912231445,False
446,25341,4,14.594524383544922,False
446,33361,15,13.11953067779541,False
446,13214,79,8.251168251037598,False
446,37786,5,14.478203773498535,False
446,14891,38,10.88164234161377,False
446,14348,6,14.211703300476074,False
446,23064,7,13.93330192565918,False
446,18212,11,13.452369689941406,False
446,21794,66,9.398466110229492,False
446,32808,2,14.971102714538574,False
446,31903,10,13.609210968017578,False
446,19740,24,12.469482421875,False
446,14186,20,12.815967559814453,False
446,1329,43,10.731682777404785,False
446,8249,59,9.863743782043457,False
446,33514,54,10.135498046875,False
446,41423,72,8.958974838256836,False
446,8287,29,11.70703125,False
446,41425,33,11.264220237731934,False
446,37151,69,9.20129680633545,False
446,23068,16,13.036821365356445,False
446,27022,14,13.19791030883789,False
446,8248,56,9.927223205566406,False
446,19042,34,11.253345489501953,False
446,31178,40,10.842071533203125,False
446,33513,67,9.380572319030762,False
446,23065,19,12.830787658691406,False
446,23059,9,13.65684700012207,False
446,9258,50,10.273351669311523,False
446,23067,61,9.838102340698242,False
446,14218,73,8.892403602600098,False
446,23058,25,12.339850425720215,False
446,23066,17,12.991076469421387,False
446,31177,12,13.28969955444336,False
446,14219,52,10.16104507446289,False
446,23060,63,9.788805961608887,False
446,41424,68,9.295251846313477,False
446,19645,46,10.636085510253906,False
446,19697,53,10.152915954589844,False
446,3286,70,9.176908493041992,False
446,14220,36,10.957649230957031,False
446,14222,13,13.234136581420898,False
446,12379,58,9.865673065185547,False
446,6951,27,12.179938316345215,False
446,31530,60,9.855430603027344,False
446,31534,64,9.531970977783203,False
446,31535,62,9.824270248413086,False
446,22655,71,8.982620239257812,False
446,29662,3391,2.7448039054870605,False
446,9300,51,10.227190017700195,False
446,6980,65,9.483597755432129,False
446,11233,31,11.62369155883789,False
446,37785,1,15.059574127197266,False
446,17825,37,10.957649230957031,False
447,41181,243,5.314635276794434,False
447,40451,65,8.981954574584961,False
447,21758,103,8.111573219299316,False
448,15601,24356,0.0,True
448,4322,1384,4.762158393859863,False
448,28234,33034,0.0,True
448,4323,6901,2.8251256942749023,False
448,38881,40347,0.0,True
448,37783,1446,4.675950050354004,False
448,37739,13103,1.6650314331054688,False
448,36160,38437,0.0,True
448,2974,1698,4.280869483947754,False
448,27988,32833,0.0,True
448,33147,36458,0.0,True
448,1712,13409,1.547749400138855,False
448,40481,12243,1.9093198776245117,False
448,1737,14900,0.0,True
448,36480,38640,0.0,True
448,2686,40,7.539216995239258,False
448,37770,1463,4.642498016357422,False
448,17721,25783,0.0,True
448,3667,16112,0.0,True
448,39570,40787,0.0,True
448,18074,26007,0.0,True
448,3631,13191,1.6272839307785034,False
448,1484,14721,0.0,True
448,19500,9290,2.485060691833496,False
448,18106,26025,0.0,True
448,36270,38501,0.0,True
448,35200,13703,1.2930887937545776,False
448,36905,12672,1.804564356803894,False
448,19507,26969,0.0,True
448,31849,35558,0.0,True
448,19511,9099,2.51701283454895,False
448,39946,40985,0.0,True
448,1894,6501,2.8764960765838623,False
448,19588,27033,0.0,True
448,1721,14894,0.0,True
448,15752,843,5.33010721206665,False
448,42710,42844,0.0,True
448,39655,40842,0.0,True
448,39656,40843,0.0,True
448,37743,12809,1.760309100151062,False
448,499,12817,1.75743567943573,False
448,39786,40898,0.0,True
448,32239,35843,0.0,True
448,35156,13128,1.6547951698303223,False
448,38704,11040,2.163416862487793,False
448,29359,33807,0.0,True
448,34677,37541,0.0,True
448,38376,39994,0.0,True
448,25603,13629,1.408083438873291,False
448,1716,13613,1.4210929870605469,False
448,27043,7467,2.7536866664886475,False
448,36396,38580,0.0,True
448,25039,30795,0.0,True
448,21991,28691,0.0,True
448,35330,13596,1.4362585544586182,False
448,17122,1481,4.615006446838379,False
448,25576,31168,0.0,True
448,1770,14918,0.0,True
448,24667,30547,0.0,True
448,16571,1959,4.016473293304443,False
448,35151,3535,3.3407371044158936,False
448,39807,1192,4.980905532836914,False
448,1913,12594,1.822129487991333,False
448,579,283,6.117448806762695,False
448,22607,12799,1.763191819190979,False
448,1388,14652,0.0,True
448,24593,30507,0.0,True
448,35144,37827,0.0,True
448,37108,2048,3.9453673362731934,False
448,35170,12297,1.897061824798584,False
448,1909,12018,1.9663444757461548,False
448,41691,42121,0.0,True
448,37345,39276,0.0,True
448,27989,12762,1.7777481079101562,False
448,17652,12487,1.8511021137237549,False
448,34785,8192,2.6619718074798584,False
448,37748,11513,2.0846407413482666,False
448,24662,2501,3.707047939300537,False
448,36240,38483,0.0,True
448,20704,27838,0.0,True
448,7909,13481,1.5108280181884766,False
449,40360,607,4.579895973205566,False
449,11966,207,6.070235252380371,False
449,36915,2554,3.360474109649658,False
449,7863,1143,3.8396315574645996,False
449,24147,1946,3.50718092918396,False
449,40411,706,4.360927581787109,False
449,8827,688,4.423147201538086,False
449,23167,1221,3.802642583847046,False
449,11974,186,6.099860668182373,False
449,10233,6424,2.703640937805176,False
449,4294,10808,1.8782787322998047,False
449,6499,723,4.3186869621276855,False
449,11978,208,6.070235252380371,False
449,11964,176,6.109810829162598,False
449,14541,1774,3.5689048767089844,False
449,35918,2210,3.438216209411621,False
449,16517,1470,3.671812057495117,False
449,11992,198,6.080072402954102,False
449,39124,2556,3.360474109649658,False
449,11955,201,6.0751495361328125,False
449,30636,7970,2.494637966156006,False
449,10991,1571,3.6325697898864746,False
449,1110,1102,3.8757081031799316,False
449,11936,199,6.079710006713867,False
449,9191,2285,3.418445348739624,False
449,5746,1265,3.777207374572754,False
449,826,2749,3.3191967010498047,False
449,13158,928,4.0254058837890625,False
449,20482,1313,3.747743606567383,False
449,24184,1696,3.5916032791137695,False
449,32818,1554,3.638498306274414,False
449,8335,750,4.288327217102051,False
449,1138,640,4.501293182373047,False
449,37855,10042,2.177137851715088,False
449,8390,848,4.138308525085449,False
449,11960,191,6.0948991775512695,False
449,3184,4360,3.0144214630126953,False
449,31244,722,4.319486618041992,False
449,16207,2383,3.3950185775756836,False
449,11983,183,6.103704929351807,False
449,11956,184,6.099860668182373,False
449,727,2854,3.300767421722412,False
449,1102,596,4.60549783706665,False
449,4307,3018,3.2681055068969727,False
449,11998,171,6.113365650177002,False
449,12134,4948,2.9185872077941895,False
449,11932,237,6.011896133422852,False
449,13545,1605,3.621126413345337,False
449,32463,849,4.137177467346191,False
449,41223,850,4.136162281036377,False
449,11976,177,6.109810829162598,False
449,4290,2364,3.4006853103637695,False
449,9736,646,4.4923295974731445,False
449,31869,1085,3.8889999389648438,False
449,17791,1336,3.7351131439208984,False
449,35061,3262,3.2185630798339844,False
449,11994,169,6.114800453186035,False
449,16719,659,4.47349739074707,False
449,35547,1659,3.600646495819092,False
449,11984,166,6.11979866027832,False
449,17837,7012,2.621192455291748,False
449,42963,10220,2.13338565826416,False
449,11965,194,6.0899481773376465,False
449,39125,973,3.981043815612793,False
449,28900,2461,3.3792762756347656,False
449,11946,210,6.0653300285339355,False
449,37160,3081,3.2573609352111816,False
449,18259,2197,3.440256357192993,False
449,16646,5248,2.869598865509033,False
449,37928,727,4.314015865325928,False
449,25218,778,4.236376762390137,False
449,1108,965,3.992239475250244,False
449,11977,178,6.109810829162598,False
449,13852,1138,3.842308521270752,False
449,8136,2419,3.3872809410095215,False
449,16202,945,4.011710166931152,False
449,11938,193,6.094080448150635,False
449,29673,1011,3.954775810241699,False
449,11937,197,6.089280605316162,False
449,40048,1342,3.733530044555664,False
449,17614,8063,2.478487730026245,False
449,11933,229,6.01780891418457,False
449,13544,1591,3.626485824584961,False
449,13782,1179,3.819894313812256,False
449,31671,914,4.046079635620117,False
449,42295,719,4.330776691436768,False
449,12016,249,5.968897819519043,False
449,11939,280,5.752752304077148,False
449,11996,187,6.0988874435424805,False
449,7861,1151,3.8346779346466064,False
449,11957,206,6.070235252380371,False
449,11947,164,6.124806880950928,False
449,22126,6946,2.631214141845703,False
449,11958,174,6.109810829162598,False
449,11987,192,6.0948991775512695,False
449,11971,195,6.0899481773376465,False
449,7850,790,4.2170023918151855,False
449,11995,170,6.114800453186035,False
449,8867,962,3.9971117973327637,False
449,11943,180,6.104831218719482,False
449,11950,167,6.114800453186035,False
449,1076,693,4.4123077392578125,False
449,13550,299,5.708591938018799,False
449,11273,789,4.221550941467285,False
449,11979,165,6.11979866027832,False
449,20672,687,4.4251837730407715,False
449,2185,1463,3.6744816303253174,False
449,13835,812,4.186073303222656,False
449,11945,181,6.104831218719482,False
449,30590,2337,3.406691551208496,False
449,11975,162,6.129825115203857,False
449,13781,1165,3.829737663269043,False
449,19967,3487,3.1738858222961426,False
449,11959,175,6.109810829162598,False
449,41756,710,4.350586891174316,False
449,26000,2677,3.336289405822754,False
449,11989,196,6.0899481773376465,False
449,14708,701,4.371345520019531,False
449,8389,805,4.200690269470215,False
449,34864,742,4.300737380981445,False
449,41179,1068,3.9028491973876953,False
449,1077,594,4.618125915527344,False
449,14833,660,4.470911026000977,False
449,28254,651,4.478950500488281,False
449,728,2681,3.3340890407562256,False
449,11993,179,6.109810829162598,False
449,7865,781,4.227511882781982,False
449,1109,1242,3.7868313789367676,False
449,1106,1119,3.8555991649627686,False
449,1107,1002,3.9577693939208984,False
449,12208,417,5.2073283195495605,False
449,11117,1152,3.8344249725341797,False
449,37098,2061,3.478451728820801,False
449,4288,4944,2.920835494995117,False
449,11988,202,6.0751495361328125,False
449,41407,2117,3.460366725921631,False
449,5945,1694,3.5916032791137695,False
449,33140,769,4.254726886749268,False
449,22777,2218,3.4365785121917725,False
449,6539,772,4.251525402069092,False
449,11954,205,6.070235252380371,False
449,11961,33,7.342022895812988,False
449,19940,5033,2.9035072326660156,False
449,42412,836,4.150609970092773,False
449,18422,1289,3.761275291442871,False
449,5248,3099,3.253795623779297,False
449,11949,204,6.070235252380371,False
449,11940,160,6.137678146362305,False
449,36087,985,3.9704372882843018,False
449,11944,172,6.109810829162598,False
449,11934,230,6.01780891418457,False
449,19682,1034,3.933839797973633,False
449,11951,168,6.114800453186035,False
449,11972,185,6.099860668182373,False
449,42964,770,4.254568099975586,False
449,17880,1302,3.751767158508301,False
449,30382,2466,3.378113269805908,False
449,17615,5028,2.904104232788086,False
449,11997,158,6.139889717102051,False
449,11953,190,6.0948991775512695,False
449,28996,4468,2.9985435009002686,False
449,12202,228,6.02236795425415,False
449,29616,858,4.125693321228027,False
449,20505,718,4.3320770263671875,False
453,16673,314,6.560222625732422,False
453,16671,447,6.299073219299316,False
453,23857,425,6.365124702453613,False
453,37161,54,7.311813831329346,False
453,37160,56,7.274929046630859,False
453,39866,403,6.414039134979248,False
453,39783,159,6.781065464019775,False
453,39809,346,6.495148658752441,False
453,16692,223,6.704465866088867,False
453,41473,176,6.7565226554870605,False
453,41472,185,6.753594875335693,False
453,16736,293,6.593538284301758,False
453,16734,389,6.435676574707031,False
453,38261,426,6.362234592437744,False
453,37349,396,6.426385402679443,False
453,16676,238,6.684057712554932,False
453,37592,411,6.398672580718994,False
453,19025,348,6.4919915199279785,False
453,25732,388,6.438779354095459,False
453,15568,156,6.7855753898620605,False
453,15567,135,6.816749095916748,False
453,2139,186,6.752114772796631,False
453,2143,177,6.756213188171387,False
453,2144,188,6.752114772796631,False
453,2150,179,6.756213188171387,False
455,28085,89,11.641312599182129,False
455,24239,52,12.118775367736816,False
456,12101,22,9.343904495239258,False
456,22505,45,9.074930191040039,False
456,34406,279,7.411164283752441,False
456,30579,43,9.101875305175781,False
456,42663,120,8.295243263244629,False
456,36108,66,8.800779342651367,False
456,14606,36,9.188282012939453,False
456,36206,82,8.61674690246582,False
456,38649,50,9.01636791229248,False
456,22481,109,8.346590995788574,False
456,20490,277,7.421660423278809,False
456,41064,130,8.235774040222168,False
456,23926,288,7.318284511566162,False
456,5249,3,9.834858894348145,False
456,8775,170,8.025285720825195,False
456,33161,93,8.494342803955078,False
456,33173,235,7.654857635498047,False
456,36783,118,8.297372817993164,False
456,36791,266,7.481348514556885,False
456,34931,11,9.500210762023926,False
456,42770,59,8.868080139160156,False
456,36771,166,8.05813980102539,False
456,36770,153,8.117201805114746,False
456,37235,106,8.378274917602539,False
456,30453,230,7.673217296600342,False
456,22508,31,9.243945121765137,False
456,36767,156,8.1087064743042,False
456,22497,51,9.014141082763672,False
456,22500,144,8.146040916442871,False
456,39387,139,8.190057754516602,False
456,9941,90,8.515089988708496,False
456,16014,41,9.161661148071289,False
456,36781,77,8.660829544067383,False
456,16933,134,8.22554874420166,False
456,34679,190,7.870908260345459,False
456,36587,123,8.2713623046875,False
456,34680,13,9.473649024963379,False
456,37359,261,7.496145725250244,False
456,36769,162,8.08333683013916,False
456,4970,111,8.332977294921875,False
456,36903,142,8.159192085266113,False
456,32632,371,6.101919174194336,False
456,8779,112,8.329572677612305,False
456,16549,97,8.457304000854492,False
456,36790,246,7.559212684631348,False
456,36772,163,8.08333683013916,False
456,36789,273,7.438118934631348,False
456,36787,88,8.53551959991455,False
456,33431,5,9.669872283935547,False
456,19262,54,8.938238143920898,False
456,27565,197,7.8292236328125,False
456,28723,146,8.139724731445312,False
456,34939,18,9.391677856445312,False
456,22488,89,8.523918151855469,False
456,14519,157,8.107837677001953,False
456,22487,24,9.330435752868652,False
456,36588,141,8.172224998474121,False
456,32210,231,7.665188789367676,False
456,36786,57,8.881980895996094,False
456,39647,104,8.38340950012207,False
456,34301,108,8.360086441040039,False
456,22512,42,9.119062423706055,False
456,13696,75,8.70956802368164,False
456,32788,183,7.956387996673584,False
456,3775,307,7.025093078613281,False
456,22506,39,9.1781005859375,False
456,14645,207,7.817398548126221,False
456,22495,20,9.364792823791504,False
456,26273,25,9.306121826171875,False
456,22510,33,9.227519989013672,False
456,14848,87,8.545223236083984,False
456,36506,199,7.828876972198486,False
456,42297,295,7.22882080078125,False
456,14824,86,8.565630912780762,False
456,14825,83,8.576318740844727,False
456,36780,225,7.707575798034668,False
459,11863,19,18.014638900756836,False
459,11867,17,18.185392379760742,False
459,11875,10,18.576356887817383,False
459,11857,12,18.479969024658203,False
459,11860,40,16.936866760253906,False
459,11876,11,18.486474990844727,False
459,13578,26,17.68000030517578,False
459,11869,15,18.259654998779297,False
459,14546,42,16.816268920898438,False
459,10316,2,19.459638595581055,False
459,11854,29,17.49589729309082,False
459,12140,30,17.479875564575195,False
459,11853,3,19.370927810668945,False
459,12141,32,17.465810775756836,False
459,17332,9,18.583744049072266,False
459,10982,57,16.346567153930664,False
459,11856,13,18.36791229248047,False
459,27831,36,17.282947540283203,False
459,27837,33,17.319538116455078,False
460,4972,8101,0.0,True
460,1248,220,5.400853633880615,False
460,306,19,9.156560897827148,False
460,4923,80,7.291964530944824,False
460,33605,34431,0.0,True
460,8883,11667,0.0,True
460,8231,296,4.9996161460876465,False
461,3337,3,26.165205001831055,False
461,3335,1,26.878406524658203,False
461,3336,2,26.571380615234375,False
461,3338,4,25.376644134521484,False
463,3172,6,17.857677459716797,False
463,12751,154,12.522726058959961,False
463,39972,67,16.652204513549805,False
463,42242,64,16.708961486816406,False
463,7968,114,15.62214183807373,False
463,3173,5,17.90999984741211,False
463,29712,141,13.397579193115234,False
463,28881,130,14.34320068359375,False
463,39434,12,17.620859146118164,False
463,507,93,16.26093864440918,False
463,415,116,15.564144134521484,False
463,28879,62,16.741409301757812,False
463,28880,81,16.402618408203125,False
463,28161,125,15.079179763793945,False
463,12243,107,15.827658653259277,False
463,866,14,17.584980010986328,False
463,33043,124,15.13980770111084,False
463,7963,134,14.191869735717773,False
463,7432,58,16.815744400024414,False
463,40108,36,17.06814956665039,False
463,7431,78,16.439863204956055,False
463,22560,121,15.242166519165039,False
463,37720,44,16.94491195678711,False
463,37723,70,16.626428604125977,False
463,7976,74,16.5484561920166,False
463,21607,138,13.732198715209961,False
463,25674,47,16.925199508666992,False
463,37145,1,18.633071899414062,False
463,11393,122,15.216437339782715,False
463,7612,60,16.8006649017334,False
463,32982,52,16.851192474365234,False
463,417,108,15.810898780822754,False
463,7435,61,16.75847625732422,False
463,442,94,16.204105377197266,False
463,7437,76,16.507858276367188,False
463,40234,103,15.924985885620117,False
463,37717,133,14.28115463256836,False
463,8885,87,16.318880081176758,False
463,505,83,16.378080368041992,False
463,2202,65,16.706716537475586,False
463,4328,3,18.201644897460938,False
463,14683,57,16.819976806640625,False
463,7434,63,16.730010986328125,False
463,38717,97,16.146371841430664,False
463,12657,92,16.27706527709961,False
463,25498,43,16.94960594177246,False
463,14682,56,16.819976806640625,False
463,38718,34,17.09752655029297,False
463,14646,39,17.03881072998047,False
463,39970,112,15.631227493286133,False
463,14707,98,16.067108154296875,False
463,29692,129,14.610172271728516,False
463,3236,4,18.113988876342773,False
463,21595,102,15.955912590026855,False
463,18307,46,16.93405532836914,False
463,38713,8,17.703571319580078,False
463,34369,48,16.913496017456055,False
463,6305,2,18.34579086303711,False
463,12656,80,16.420475006103516,False
463,28163,33,17.121644973754883,False
463,7438,77,16.464038848876953,False
463,441,50,16.909698486328125,False
463,8443,41,16.960636138916016,False
463,41242,99,16.016197204589844,False
463,31467,28,17.185123443603516,False
463,22104,89,16.29759979248047,False
463,29177,21,17.43790054321289,False
463,8393,75,16.5484561920166,False
463,7433,91,16.27706527709961,False
463,28407,73,16.58823013305664,False
463,30419,23,17.36968421936035,False
463,7436,79,16.420475006103516,False
463,14458,30,17.136363983154297,False
463,20275,7,17.70484161376953,False
463,22425,137,14.102950096130371,False
463,7390,35,17.096866607666016,False
463,8472,59,16.801305770874023,False
463,30671,88,16.300949096679688,False
463,39965,128,14.893819808959961,False
463,13002,71,16.614852905273438,False
463,15258,38,17.049930572509766,False
463,3174,17,17.505966186523438,False
463,18298,90,16.2934513092041,False
463,37086,119,15.381277084350586,False
463,32067,95,16.198955535888672,False
463,30674,32,17.12339973449707,False
463,30634,84,16.353618621826172,False
463,2694,25,17.260400772094727,False
463,22309,120,15.26124382019043,False
463,30127,54,16.839645385742188,False
463,27935,115,15.618232727050781,False
463,27942,82,16.38310432434082,False
463,7508,26,17.257381439208984,False
463,15245,18,17.45937728881836,False
463,27939,13,17.59727668762207,False
463,20811,16,17.519149780273438,False
463,1807,69,16.628196716308594,False
463,25792,66,16.66330337524414,False
463,27941,42,16.95126724243164,False
463,27940,100,15.987804412841797,False
463,29610,96,16.160953521728516,False
463,15255,110,15.714216232299805,False
463,17883,27,17.193355560302734,False
463,36126,105,15.8566255569458,False
463,30122,68,16.648839950561523,False
463,11178,55,16.828115463256836,False
463,42241,15,17.529308319091797,False
463,4144,106,15.83975887298584,False
463,38256,85,16.353618621826172,False
463,35377,86,16.334692001342773,False
463,28162,29,17.170618057250977,False
463,1356,49,16.91302490234375,False
463,38745,31,17.125625610351562,False
463,31664,123,15.164724349975586,False
463,14460,22,17.394365310668945,False
463,2448,40,16.988544464111328,False
463,6979,37,17.060338973999023,False
463,37832,72,16.598602294921875,False
463,15613,126,15.013916015625,False
463,30191,19,17.448354721069336,False
463,24944,101,15.986428260803223,False
463,25625,113,15.625869750976562,False
463,28164,51,16.87286949157715,False
463,18197,180,9.602872848510742,False
463,40161,118,15.42873764038086,False
463,16471,10,17.65875816345215,False
463,33594,53,16.84796714782715,False
463,8507,109,15.756160736083984,False
463,18115,127,14.970144271850586,False
463,1596,45,16.935462951660156,False
463,16472,117,15.496256828308105,False
463,36590,173,9.875091552734375,False
463,37831,11,17.63422203063965,False
463,37833,20,17.439998626708984,False
463,23072,230,8.735827445983887,False
463,16470,9,17.668420791625977,False
463,11339,146,12.990728378295898,False
463,8241,24,17.35199737548828,False
463,22758,169,10.101716995239258,False
464,17789,51,16.2479248046875,False
464,24107,80,10.506487846374512,False
464,2504,76,10.916793823242188,False
464,12953,10,17.7016544342041,False
464,12954,11,17.7016544342041,False
464,12956,8,17.74059295654297,False
464,12955,6,18.21123504638672,False
464,6557,125,8.906000137329102,False
464,30900,60,15.634210586547852,False
464,16218,16,17.242033004760742,False
464,16217,3,18.597511291503906,False
464,16216,5,18.398386001586914,False
464,6032,161,7.143859386444092,False
464,17043,22,17.05421257019043,False
464,2427,24,16.982563018798828,False
464,182,1,19.262371063232422,False
464,17788,13,17.46558380126953,False
464,7006,149,7.752358913421631,False
464,17045,34,16.692272186279297,False
464,6792,142,7.940229415893555,False
464,21112,17,17.212190628051758,False
464,11152,15,17.400928497314453,False
464,183,62,15.493058204650879,False
464,4079,50,16.393878936767578,False
464,17046,55,16.04197883605957,False
464,21113,27,16.833345413208008,False
464,35887,47,16.488536834716797,False
464,38711,37,16.692272186279297,False
464,34868,72,13.616432189941406,False
464,33010,35,16.692272186279297,False
464,38708,45,16.54620933532715,False
464,15397,61,15.620145797729492,False
464,35888,44,16.575206756591797,False
464,2423,28,16.808767318725586,False
464,1520,54,16.120519638061523,False
464,42142,33,16.73552703857422,False
464,34867,71,13.616432189941406,False
464,39296,66,15.172555923461914,False
464,2422,2,18.75517463684082,False
464,15086,14,17.43319320678711,False
464,32282,41,16.633522033691406,False
464,181,20,17.16128921508789,False
464,35885,48,16.45985984802246,False
464,35884,46,16.51732063293457,False
464,10987,25,16.982067108154297,False
464,38763,162,7.097434997558594,False
464,36494,53,16.123760223388672,False
464,30901,64,15.368875503540039,False
464,20063,42,16.604310989379883,False
464,35264,68,14.119765281677246,False
464,4081,73,11.945134162902832,False
464,22384,49,16.402820587158203,False
464,38709,36,16.692272186279297,False
464,22376,32,16.73552703857422,False
464,20064,56,16.014911651611328,False
464,26530,30,16.759857177734375,False
464,26532,29,16.784271240234375,False
464,26533,63,15.417841911315918,False
464,26531,18,17.212190628051758,False
464,34866,70,13.616432189941406,False
464,25054,31,16.75245475769043,False
464,38710,40,16.662843704223633,False
464,17842,82,10.360401153564453,False
464,32562,4,18.441543579101562,False
464,17047,38,16.662843704223633,False
464,22377,19,17.16519546508789,False
464,42143,26,16.85800552368164,False
464,36495,39,16.662843704223633,False
464,27231,52,16.193714141845703,False
464,37982,127,8.875616073608398,False
464,39297,57,15.854513168334961,False
464,39242,154,7.490482330322266,False
464,20686,135,8.758458137512207,False
464,20688,134,8.780786514282227,False
464,20687,130,8.848459243774414,False
464,20689,129,8.859840393066406,False
464,13193,23,16.983657836914062,False
464,13194,43,16.57942771911621,False
464,13195,69,14.113238334655762,False
464,7106,9,17.703365325927734,False
464,23569,21,17.058319091796875,False
464,32549,59,15.749444961547852,False
464,32028,7,17.762962341308594,False
464,12760,12,17.69594955444336,False
464,15664,94,9.855047225952148,False
465,12092,575,4.0665669441223145,False
466,30477,82,9.138455390930176,False
468,37784,13,20.129165649414062,False
468,25443,5,22.13597869873047,False
468,36752,2,23.17814826965332,False
468,35636,55,12.649691581726074,False
469,13444,12,20.099027633666992,False
469,30385,11,20.195087432861328,False
469,3782,34,18.423755645751953,False
469,42171,1,22.19339942932129,False
469,9577,86,14.411684036254883,False
469,7483,19,19.423555374145508,False
469,9983,28,18.87649154663086,False
469,9981,23,19.101530075073242,False
469,40262,40,17.95830535888672,False
469,40263,33,18.449655532836914,False
469,40264,15,19.800537109375,False
469,32532,60,15.530576705932617,False
469,4324,102,14.13733196258545,False
469,39474,16,19.60163116455078,False
469,32929,152,12.730395317077637,False
469,30388,48,16.96773338317871,False
469,30389,42,17.74277687072754,False
469,30390,107,13.928901672363281,False
469,40256,41,17.794504165649414,False
469,3773,38,18.16912841796875,False
469,32529,67,15.196744918823242,False
469,27364,10,20.24770736694336,False
469,32533,93,14.260958671569824,False
469,9576,26,18.983287811279297,False
469,17915,22,19.21209144592285,False
469,17914,32,18.51066017150879,False
469,8997,52,16.39005470275879,False
469,3759,3,21.4296817779541,False
469,9579,62,15.454294204711914,False
469,9578,63,15.382253646850586,False
469,10272,45,17.31609344482422,False
469,10273,39,18.147327423095703,False
469,5501,13,20.086278915405273,False
469,32531,115,13.670249938964844,False
469,13443,104,14.11655044555664,False
469,27363,64,15.294904708862305,False
469,27361,2,22.06694984436035,False
469,27362,17,19.5257568359375,False
469,40252,27,18.934860229492188,False
469,33624,49,16.540172576904297,False
469,32530,4,20.913543701171875,False
469,42248,89,14.366105079650879,False
469,9982,7,20.56623077392578,False
469,8996,43,17.53328514099121,False
469,38228,75,14.795506477355957,False
469,30387,47,17.043203353881836,False
469,32528,94,14.253270149230957,False
469,29141,6,20.731231689453125,False
469,40897,24,19.01235008239746,False
469,42299,20,19.419044494628906,False
469,17916,14,19.973365783691406,False
469,3743,9,20.32471466064453,False
469,25249,18,19.46430015563965,False
469,31832,35,18.3996639251709,False
469,31833,156,12.644947052001953,False
469,40248,5,20.734331130981445,False
469,16007,82,14.639759063720703,False
469,39459,181,11.920936584472656,False
469,11614,29,18.697702407836914,False
469,39431,180,11.951896667480469,False
469,28931,46,17.07049560546875,False
469,3758,101,14.143964767456055,False
469,39458,167,12.370092391967773,False
469,27421,140,12.898330688476562,False
470,14071,16,14.159712791442871,False
470,14072,17,14.079035758972168,False
470,14073,15,14.173253059387207,False
470,38450,2,16.490999221801758,False
470,28113,36,10.2725191116333,False
470,13598,24,13.309505462646484,False
470,16512,6,15.26962661743164,False
470,26269,55,8.225459098815918,False
470,17511,11,14.753859519958496,False
470,26869,62,7.255340576171875,False
470,38596,1,16.919370651245117,False
470,27506,9,15.030477523803711,False
470,41088,26,12.89708137512207,False
470,12162,22,13.482170104980469,False
470,37496,38,10.160511016845703,False
470,11304,3,15.642926216125488,False
470,38959,19,13.774419784545898,False
470,14384,43,9.492350578308105,False
470,7461,48,8.814775466918945,False
470,8072,20,13.55337905883789,False
470,28997,13,14.586326599121094,False
470,38523,28,11.46788215637207,False
470,37420,23,13.324907302856445,False
470,27505,12,14.667966842651367,False
470,27507,21,13.517449378967285,False
470,34840,59,7.725130558013916,False
470,38595,10,14.798645973205566,False
470,11032,7,15.231042861938477,False
470,31082,29,11.34887981414795,False
470,14388,30,11.166732788085938,False
470,27514,14,14.307113647460938,False
470,29149,4,15.494739532470703,False
470,2428,56,8.073648452758789,False
470,37492,35,10.284418106079102,False
470,26277,27,12.242158889770508,False
470,14386,45,9.334806442260742,False
470,14387,46,9.312726020812988,False
470,38594,5,15.370532989501953,False
470,41795,8,15.123703002929688,False
470,32858,53,8.347538948059082,False
470,13858,18,13.972265243530273,False
470,12966,61,7.605742454528809,False
470,28507,58,7.725130558013916,False
470,41435,25,13.307936668395996,False
470,26259,26979,0.0,True
471,34614,29,11.939727783203125,False
472,8776,12,10.190191268920898,False
472,27345,86,7.956334114074707,False
472,32437,32,9.510229110717773,False
472,27344,83,8.011016845703125,False
472,27346,82,8.039674758911133,False
472,32438,76,8.101612091064453,False
472,31256,30,9.527962684631348,False
472,27725,100,7.700588226318359,False
472,27339,38,9.39277172088623,False
472,27350,34,9.505824089050293,False
472,792,16,9.912496566772461,False
472,32439,90,7.896310806274414,False
472,32441,80,8.054848670959473,False
472,32442,78,8.08985710144043,False
472,27722,103,7.662493705749512,False
472,34478,27,9.659095764160156,False
472,32435,31,9.527669906616211,False
472,27727,48,9.032779693603516,False
472,11362,46,9.084444999694824,False
472,34930,147,7.23750114440918,False
472,18415,53,8.875381469726562,False
472,11361,102,7.678822994232178,False
472,15236,23,9.737211227416992,False
472,19414,3,12.528688430786133,False
472,5135,2,12.774503707885742,False
472,5134,1,12.786897659301758,False
472,40014,29,9.572370529174805,False
472,27338,73,8.158175468444824,False
472,32440,77,8.101612091064453,False
472,27721,92,7.791358947753906,False
472,6258,4,12.303117752075195,False
472,33964,133,7.28940486907959,False
472,27720,60,8.69345474243164,False
472,27343,37,9.421575546264648,False
472,17467,41,9.28499984741211,False
472,27342,52,8.884252548217773,False
472,34940,39,9.383306503295898,False
472,6259,62,8.601364135742188,False
472,18448,58,8.775358200073242,False
472,27726,68,8.310135841369629,False
472,40033,17,9.891921043395996,False
472,9654,129,7.415850639343262,False
472,9603,14,9.966261863708496,False
472,17470,61,8.691872596740723,False
472,32434,65,8.446069717407227,False
472,32436,51,8.992302894592285,False
472,26276,6,11.704959869384766,False
473,7167,90,8.914383888244629,False
473,35665,204,8.364158630371094,False
473,30749,8,12.096786499023438,False
473,30764,188,8.430506706237793,False
473,1372,88,8.934101104736328,False
473,202,69,9.144708633422852,False
473,3472,77,9.08144760131836,False
473,35664,172,8.517007827758789,False
473,30515,139,8.642147064208984,False
473,6299,80,9.043510437011719,False
473,7007,219,8.297815322875977,False
473,7008,217,8.300922393798828,False
473,30394,11,11.952970504760742,False
473,30395,13,11.753612518310547,False
473,11659,228,8.231294631958008,False
473,39177,150,8.589396476745605,False
473,40070,554,6.931118965148926,False
473,198,48,9.629467010498047,False
473,570,258,8.149415016174316,False
473,3266,271,8.082415580749512,False
473,571,108,8.772350311279297,False
473,7365,383,7.48225212097168,False
473,23604,269,8.094225883483887,False
473,7397,234,8.21544075012207,False
473,37578,2,14.20246696472168,False
473,35609,295,7.955851078033447,False
473,20125,364,7.564676761627197,False
473,9637,6,12.323920249938965,False
473,18114,288,8.010374069213867,False
473,12410,167,8.536669731140137,False
473,38233,189,8.429160118103027,False
473,40208,68,9.147335052490234,False
473,35662,100,8.854872703552246,False
473,25149,101,8.84817123413086,False
473,16257,230,8.227069854736328,False
473,30763,250,8.166679382324219,False
473,9630,117,8.748729705810547,False
473,41017,327,7.762491703033447,False
473,30751,10,12.035465240478516,False
473,30750,9,12.066036224365234,False
473,41018,300,7.9273200035095215,False
473,8305,398,7.407012462615967,False
473,30445,141,8.635129928588867,False
473,22839,137,8.664234161376953,False
473,30739,354,7.640431880950928,False
473,40616,193,8.419709205627441,False
473,30774,199,8.401365280151367,False
473,30279,76,9.082398414611816,False
473,30776,106,8.78589916229248,False
473,39162,58,9.323472023010254,False
473,1881,112,8.764256477355957,False
473,2041,356,7.638160228729248,False
473,4373,267,8.102517127990723,False
473,13173,316,7.8322577476501465,False
473,7196,130,8.705666542053223,False
473,7159,264,8.123005867004395,False
473,9631,249,8.167442321777344,False
473,39163,129,8.708017349243164,False
473,8298,208,8.3494873046875,False
473,31137,1,14.27255630493164,False
473,38988,12,11.947555541992188,False
473,30725,245,8.181234359741211,False
473,30732,242,8.192605018615723,False
473,30731,247,8.16989517211914,False
473,30723,191,8.426837921142578,False
473,30729,262,8.136066436767578,False
473,30733,226,8.2384033203125,False
473,1376,55,9.3717622756958,False
473,30727,268,8.102517127990723,False
473,30734,151,8.587181091308594,False
473,30218,2352,4.573429107666016,False
473,30033,190,8.426887512207031,False
473,200,92,8.908576965332031,False
473,38987,418,7.301948547363281,False
473,7331,209,8.338486671447754,False
473,23694,315,7.8412322998046875,False
473,30736,171,8.517906188964844,False
473,14563,291,7.982724666595459,False
473,35663,159,8.562057495117188,False
473,30722,248,8.168989181518555,False
473,1917,145,8.611845970153809,False
473,30762,140,8.636676788330078,False
473,7408,149,8.591537475585938,False
473,11134,5,12.544702529907227,False
473,28834,122,8.738380432128906,False
473,1828,166,8.537343978881836,False
473,14342,404,7.363005638122559,False
473,8306,203,8.373735427856445,False
473,20123,215,8.322092056274414,False
473,30741,120,8.74573802947998,False
473,17933,82,9.033930778503418,False
473,30735,164,8.547454833984375,False
473,30738,194,8.414487838745117,False
473,1830,138,8.654254913330078,False
473,25332,192,8.420909881591797,False
473,34433,97,8.875776290893555,False
473,30777,196,8.401872634887695,False
473,30743,81,9.042082786560059,False
473,38238,224,8.258800506591797,False
473,38239,96,8.886435508728027,False
473,4030,107,8.774576187133789,False
473,30740,132,8.687227249145508,False
473,9638,25,10.599272727966309,False
473,25333,187,8.433505058288574,False
473,30280,84,9.011462211608887,False
473,15063,211,8.332090377807617,False
473,30771,85,8.98859691619873,False
473,5875,202,8.37641716003418,False
473,12970,235,8.21544075012207,False
473,9645,231,8.225647926330566,False
473,9636,4,13.023438453674316,False
473,12351,128,8.709062576293945,False
473,4701,124,8.717013359069824,False
473,4032,178,8.473859786987305,False
473,9647,333,7.737333297729492,False
473,38235,7,12.298233032226562,False
473,30765,275,8.072081565856934,False
473,30759,394,7.428605079650879,False
473,23602,272,8.080881118774414,False
473,15659,118,8.748400688171387,False
473,30716,197,8.40178108215332,False
473,35610,205,8.358725547790527,False
473,30719,170,8.52334213256836,False
473,16525,241,8.195563316345215,False
473,14339,78,9.056824684143066,False
473,4028,173,8.514644622802734,False
476,5065,697,4.566887855529785,False
476,8892,579,4.630570411682129,False
476,42425,1545,4.041065216064453,False
476,27230,421,4.7210917472839355,False
476,37725,1717,3.8884079456329346,False
476,5456,1691,3.911647319793701,False
476,40914,1299,4.222122669219971,False
476,40915,1318,4.212080955505371,False
476,40916,1234,4.269622802734375,False
476,40918,1334,4.205413341522217,False
476,8574,1573,4.018144130706787,False
476,24744,674,4.5786943435668945,False
476,15797,828,4.512585163116455,False
476,29008,1454,4.116201877593994,False
476,31473,114,5.13985538482666,False
476,5522,1073,4.367904186248779,False
476,5523,689,4.570816516876221,False
476,21851,3441,2.509828567504883,False
476,26982,784,4.535698890686035,False
476,5033,597,4.622513771057129,False
476,9301,1127,4.3358235359191895,False
476,17063,1082,4.361417293548584,False
476,8918,691,4.570816516876221,False
476,5046,490,4.679511070251465,False
476,5032,2,9.513204574584961,False
476,5000,537,4.654911994934082,False
476,1567,43,7.160130500793457,False
476,18797,3329,2.6020145416259766,False
476,18393,1405,4.149960041046143,False
476,24252,246,4.877958297729492,False
476,6949,17,8.142114639282227,False
476,39120,1784,3.8271188735961914,False
476,18718,20757,0.0,True
476,23680,1388,4.1658453941345215,False
476,42451,1750,3.860488176345825,False
476,34792,650,4.594532489776611,False
476,5892,224,4.922016620635986,False
476,28943,1627,3.9686222076416016,False
476,21481,615,4.6144843101501465,False
476,42906,355,4.769579887390137,False
476,36303,237,4.900067329406738,False
476,37192,125,5.102832317352295,False
476,18440,512,4.667179107666016,False
476,1258,192,4.977623462677002,False
476,18796,282,4.837982177734375,False
476,38322,976,4.432366847991943,False
476,35542,1869,3.7303850650787354,False
476,28611,1684,3.9203059673309326,False
476,38485,135,5.088171482086182,False
476,22653,777,4.537406921386719,False
476,19808,1416,4.143105983734131,False
476,18032,31,7.671012878417969,False
476,42404,548,4.65059757232666,False
476,40193,610,4.618495464324951,False
476,5274,361,4.7631659507751465,False
476,2621,1551,4.036098003387451,False
476,2595,1596,3.999638557434082,False
476,27646,313,4.8084282875061035,False
476,17745,1737,3.8689215183258057,False
476,5004,524,4.658994197845459,False
476,31422,113,5.13985538482666,False
476,6958,1577,4.014749526977539,False
476,8381,925,4.46330451965332,False
476,25998,1123,4.339365005493164,False
476,4969,464,4.696054935455322,False
476,8823,290,4.828091144561768,False
476,25669,731,4.557842254638672,False
476,8476,1295,4.225480079650879,False
476,18902,301,4.821260929107666,False
476,28721,1496,4.085758209228516,False
476,11265,843,4.504932880401611,False
476,30785,1654,3.9465134143829346,False
476,16575,1366,4.178951740264893,False
476,17848,1171,4.307701110839844,False
476,38935,1497,4.085758209228516,False
476,5017,640,4.598508834838867,False
476,5684,632,4.602492809295654,False
476,31427,151,5.051886558532715,False
476,22820,1360,4.185535907745361,False
476,37193,165,5.026793479919434,False
476,6912,994,4.418760776519775,False
476,20587,1462,4.107870101928711,False
476,22656,795,4.52870512008667,False
476,28101,143,5.066338539123535,False
476,40373,340,4.784866809844971,False
476,2564,646,4.596285343170166,False
476,5275,304,4.815222263336182,False
476,1100,1103,4.35002326965332,False
476,39928,742,4.555141925811768,False
476,25999,1315,4.212080955505371,False
476,32411,341,4.782459259033203,False
476,24960,433,4.715607166290283,False
476,32406,931,4.459558963775635,False
476,2664,913,4.468714237213135,False
476,16897,1004,4.413687705993652,False
476,30173,683,4.574752330780029,False
476,24049,102,5.200222969055176,False
476,32265,822,4.516420841217041,False
476,36522,623,4.608244895935059,False
476,2566,223,4.922016620635986,False
476,5272,121,5.121276378631592,False
476,8859,156,5.037517547607422,False
476,5001,677,4.574752330780029,False
476,9672,987,4.422438621520996,False
476,37632,1166,4.311196804046631,False
476,34760,520,4.662841320037842,False
476,1288,183,4.987861633300781,False
476,1085,817,4.516420841217041,False
476,29247,642,4.598508834838867,False
476,14967,17378,0.0,True
476,18872,896,4.478353023529053,False
476,17743,844,4.504932880401611,False
476,18894,772,4.539573669433594,False
476,6690,2041,3.5473268032073975,False
476,9201,256,4.868165493011475,False
476,18981,1609,3.986488103866577,False
476,17404,750,4.54734468460083,False
476,38505,992,4.422438621520996,False
476,19820,21709,0.0,True
476,18840,3536,2.3783786296844482,False
476,9006,1509,4.078287124633789,False
476,6689,2218,3.3749499320983887,False
476,14355,3231,2.680786371231079,False
476,21961,3334,2.5981969833374023,False
476,17541,3349,2.5868122577667236,False
476,22814,252,4.871249675750732,False
476,34219,884,4.485914707183838,False
476,7099,10047,0.0,True
476,15171,2017,3.5723700523376465,False
476,28610,717,4.562965393066406,False
476,7017,1414,4.145103931427002,False
476,32481,316,4.8065104484558105,False
476,5022,667,4.582643508911133,False
476,40775,1408,4.149960041046143,False
476,19821,1084,4.360733985900879,False
476,14450,16902,0.0,True
476,3521,310,4.8084282875061035,False
476,41767,41903,0.0,True
476,18809,2251,3.3399438858032227,False
476,26395,320,4.802165985107422,False
476,32025,3486,2.4507856369018555,False
476,18811,583,4.628576278686523,False
476,10074,613,4.6144843101501465,False
476,10075,947,4.448357105255127,False
476,15667,52,6.358987808227539,False
476,1231,1555,4.031865119934082,False
476,5059,1471,4.101901531219482,False
476,38426,2341,3.272066831588745,False
476,1759,1055,4.3787031173706055,False
476,17537,1812,3.786210060119629,False
476,38532,1865,3.734318256378174,False
476,5056,525,4.658994197845459,False
476,26322,396,4.7408528327941895,False
476,40625,138,5.08452033996582,False
476,13,1161,4.313614845275879,False
476,2098,997,4.4150896072387695,False
476,6502,98,5.204042911529541,False
476,14356,1897,3.7069613933563232,False
476,6897,516,4.663082599639893,False
476,14357,3201,2.70123028755188,False
476,26323,659,4.590328693389893,False
476,40365,40640,0.0,True
476,26316,515,4.665912628173828,False
476,18824,3389,2.5569345951080322,False
476,11098,1105,4.35002326965332,False
476,27307,407,4.732468605041504,False
476,2312,584,4.62653923034668,False
476,35189,710,4.563714027404785,False
476,25023,1623,3.972548246383667,False
476,42545,1743,3.861481189727783,False
476,6622,917,4.467057228088379,False
476,41224,855,4.499938488006592,False
476,500,133,5.088171482086182,False
476,10179,977,4.429812908172607,False
476,7270,517,4.663082599639893,False
476,5273,241,4.888055324554443,False
476,8464,1845,3.7501332759857178,False
476,5706,849,4.5011162757873535,False
476,10798,958,4.440921306610107,False
476,29235,536,4.656711578369141,False
476,3715,1642,3.955327272415161,False
476,15392,1063,4.375097274780273,False
476,32416,1581,4.0090484619140625,False
476,12998,470,4.6937360763549805,False
476,25030,563,4.638656139373779,False
476,27325,3519,2.397698402404785,False
476,27304,308,4.812526702880859,False
476,42727,1498,4.085758209228516,False
476,1457,393,4.7408528327941895,False
476,21863,937,4.4558186531066895,False
476,5264,631,4.602492809295654,False
476,9329,12104,0.0,True
476,31447,25,7.981485366821289,False
476,15675,1841,3.7541074752807617,False
476,37591,10,8.632209777832031,False
476,40192,801,4.527967929840088,False
476,24269,99,5.204042911529541,False
476,20617,973,4.433509826660156,False
476,2609,1578,4.01171875,False
476,17828,1682,3.922858953475952,False
476,41175,1765,3.8479068279266357,False
476,454,879,4.485914707183838,False
476,5459,147,5.059102535247803,False
476,845,1155,4.318204402923584,False
476,18051,709,4.563714027404785,False
476,30375,232,4.908376216888428,False
476,22649,3193,2.7094955444335938,False
476,5658,473,4.69190788269043,False
476,24731,1177,4.304211616516113,False
476,22654,410,4.731353759765625,False
476,24283,1107,4.35002326965332,False
476,40327,505,4.671282768249512,False
476,28809,380,4.75039005279541,False
476,9440,487,4.6848978996276855,False
476,38912,247,4.877958297729492,False
476,25767,352,4.769579887390137,False
476,27412,2614,3.081986665725708,False
476,29451,110,5.154815196990967,False
476,1055,648,4.594532489776611,False
476,33502,1495,4.087700366973877,False
476,33461,196,4.973854064941406,False
476,21665,1598,3.9954817295074463,False
476,20943,1493,4.087700366973877,False
476,35357,284,4.837982177734375,False
476,31541,155,5.038993835449219,False
476,1502,177,5.009022235870361,False
476,31446,44,7.128816604614258,False
476,18895,245,4.881319046020508,False
476,21862,229,4.911779403686523,False
476,41733,403,4.734516143798828,False
476,34655,392,4.742159843444824,False
476,15845,427,4.71690034866333,False
476,3865,329,4.7921648025512695,False
476,22657,500,4.675150394439697,False
476,38561,275,4.851234436035156,False
476,18070,1175,4.305749416351318,False
476,1132,760,4.543456077575684,False
476,41766,41902,0.0,True
476,41765,41901,0.0,True
476,41924,706,4.566887855529785,False
476,5061,586,4.62653923034668,False
476,14910,467,4.696054935455322,False
476,40363,40638,0.0,True
476,1442,285,4.832741737365723,False
476,5016,639,4.598508834838867,False
476,5054,630,4.602492809295654,False
476,6900,712,4.562965393066406,False
476,1000,294,4.823966026306152,False
476,17770,1568,4.022707462310791,False
476,30780,1494,4.087700366973877,False
476,39078,787,4.535698890686035,False
476,20937,1661,3.9421212673187256,False
476,35166,233,4.905496597290039,False
476,14119,506,4.66898775100708,False
476,5047,552,4.646770000457764,False
476,5457,1226,4.275181293487549,False
476,4871,1020,4.404109954833984,False
476,29434,556,4.646770000457764,False
476,8869,527,4.658994197845459,False
476,29248,634,4.602492809295654,False
476,20754,311,4.8084282875061035,False
476,28631,82,5.314271926879883,False
476,40917,1313,4.215423107147217,False
476,25334,1071,4.371497631072998,False
476,27306,1669,3.934478998184204,False
476,15671,1711,3.894444465637207,False
476,26394,319,4.802165985107422,False
476,26409,1645,3.955327272415161,False
476,1298,629,4.602492809295654,False
476,15676,502,4.672067642211914,False
476,38474,991,4.422438621520996,False
476,42764,1205,4.286847114562988,False
476,42892,1380,4.172388553619385,False
476,35640,1731,3.877392053604126,False
476,17720,1005,4.411423206329346,False
476,26410,1653,3.9465134143829346,False
476,30328,3203,2.70123028755188,False
476,11383,1831,3.7660820484161377,False
476,41926,1124,4.339365005493164,False
476,15627,2838,2.9387919902801514,False
476,20255,2949,2.8767364025115967,False
476,39853,1270,4.245739936828613,False
476,18900,321,4.801909446716309,False
476,18845,2267,3.3273940086364746,False
476,15668,394,4.7408528327941895,False
476,25239,1738,3.8689215183258057,False
476,4766,1854,3.7422091960906982,False
476,737,1838,3.7541074752807617,False
476,34540,1708,3.898730754852295,False
476,20936,1712,3.894444465637207,False
476,30806,1086,4.360733985900879,False
476,4052,887,4.482131004333496,False
476,7019,377,4.754892349243164,False
476,7417,1579,4.0090484619140625,False
476,9846,1338,4.19915771484375,False
476,9523,1792,3.814754009246826,False
476,18795,558,4.642709732055664,False
476,33069,1003,4.4150896072387695,False
476,42427,908,4.474581241607666,False
476,18869,978,4.429812908172607,False
476,6638,1176,4.304211616516113,False
476,27326,2052,3.5296523571014404,False
476,15666,1280,4.238965034484863,False
476,13889,895,4.478353023529053,False
476,453,1169,4.307701110839844,False
476,35294,38,7.4238691329956055,False
476,27794,604,4.620977401733398,False
476,5003,551,4.646770000457764,False
476,1880,40,7.343674659729004,False
476,25988,968,4.437211990356445,False
476,1251,436,4.712716579437256,False
476,19075,1276,4.242349624633789,False
476,18452,492,4.679511070251465,False
476,25986,1214,4.279941082000732,False
476,35194,1188,4.29791259765625,False
476,18837,1190,4.2972493171691895,False
476,38486,89,5.2542195320129395,False
476,27321,1297,4.225480079650879,False
476,31494,115,5.13985538482666,False
476,1293,149,5.055491924285889,False
476,22354,1914,3.6915082931518555,False
476,24922,1361,4.185535907745361,False
476,16848,2098,3.4845128059387207,False
476,32364,1455,4.116201877593994,False
476,41205,1040,4.393185615539551,False
476,4347,1423,4.136655330657959,False
476,18897,609,4.618495464324951,False
476,40585,1617,3.978673219680786,False
476,29992,682,4.574752330780029,False
476,29238,443,4.708539962768555,False
476,34824,1447,4.120990753173828,False
476,38107,297,4.823966026306152,False
476,9206,201,4.9683146476745605,False
476,8853,420,4.7210917472839355,False
476,6501,97,5.204042911529541,False
476,9194,204,4.954415798187256,False
476,22355,3143,2.7473232746124268,False
476,9003,528,4.658994197845459,False
476,25543,1675,3.926311492919922,False
476,27328,2378,3.2450873851776123,False
476,27323,1982,3.6124467849731445,False
476,15673,1954,3.653432607650757,False
476,38279,1321,4.2110490798950195,False
476,6635,934,4.4574666023254395,False
476,2798,6188,0.0,True
476,11663,725,4.559050559997559,False
476,29256,30416,0.0,True
476,24485,414,4.729496955871582,False
476,1299,523,4.658994197845459,False
476,42669,962,4.440921306610107,False
476,19034,2268,3.325007438659668,False
476,29944,2986,2.858165979385376,False
476,11282,2193,3.3951222896575928,False
476,4910,576,4.630570411682129,False
476,6899,186,4.984352111816406,False
476,17069,343,4.781015872955322,False
476,6898,184,4.987861633300781,False
476,2811,945,4.448357105255127,False
476,1061,244,4.8846845626831055,False
476,42207,354,4.769579887390137,False
476,26910,721,4.560776233673096,False
476,35696,1362,4.182240962982178,False
476,1103,818,4.516420841217041,False
476,18805,2431,3.201097011566162,False
476,22353,1799,3.8065547943115234,False
476,26156,695,4.569601535797119,False
476,23526,2839,2.9387919902801514,False
476,18873,1720,3.885899066925049,False
476,4051,1766,3.843730926513672,False
476,4223,1517,4.068917751312256,False
476,42426,1561,4.027281284332275,False
476,2808,1665,3.9377386569976807,False
476,33072,1312,4.215423107147217,False
476,18928,1608,3.986488103866577,False
476,27305,363,4.760780334472656,False
476,35191,1668,3.937222480773926,False
476,35218,951,4.4462761878967285,False
476,41735,594,4.623281478881836,False
476,40973,2000,3.594119071960449,False
476,17164,1985,3.6060280799865723,False
476,1305,259,4.864559650421143,False
476,39791,547,4.65059757232666,False
476,18896,633,4.602492809295654,False
476,18816,766,4.543226718902588,False
476,17061,765,4.543226718902588,False
476,1908,1164,4.311196804046631,False
476,34431,786,4.535698890686035,False
476,0,1019,4.404807090759277,False
476,14282,507,4.66898775100708,False
476,8851,206,4.952988624572754,False
476,2551,234,4.904977321624756,False
476,2568,271,4.854559421539307,False
476,38430,1224,4.276495933532715,False
476,41697,1194,4.2972493171691895,False
476,24722,1268,4.245739936828613,False
476,14533,279,4.844599723815918,False
476,5476,1459,4.111423969268799,False
476,9317,605,4.620266437530518,False
476,5271,688,4.570816516876221,False
476,24276,1836,3.756448745727539,False
476,35209,164,5.030363082885742,False
476,27322,3592,2.2629005908966064,False
476,7160,28,7.853838920593262,False
476,7062,270,4.857064723968506,False
476,14269,3,9.45036506652832,False
476,18834,2305,3.30257511138916,False
476,10802,2242,3.346254825592041,False
476,1985,3515,2.4009487628936768,False
476,28208,100,5.204042911529541,False
476,25335,1056,4.3787031173706055,False
476,25026,318,4.802165985107422,False
476,42890,1508,4.079483985900879,False
476,23463,25108,0.0,True
476,12974,565,4.638417720794678,False
476,2000,2947,2.8767364025115967,False
476,30575,430,4.71690034866333,False
476,5534,587,4.62653923034668,False
476,4057,1710,3.894444465637207,False
476,21901,481,4.687768459320068,False
476,7016,2483,3.1759426593780518,False
476,28141,373,4.759151458740234,False
476,14966,2037,3.550882577896118,False
476,29246,627,4.606482982635498,False
476,18713,20752,0.0,True
476,29038,30218,0.0,True
476,6688,1448,4.120614051818848,False
476,23679,1403,4.152821063995361,False
476,7014,1211,4.28034782409668,False
476,17744,771,4.539573669433594,False
476,35520,661,4.587356090545654,False
476,18709,2429,3.204676628112793,False
476,11106,2891,2.9146101474761963,False
476,28445,1651,3.9509153366088867,False
476,35692,478,4.69190788269043,False
476,33068,1046,4.389555931091309,False
476,18717,20756,0.0,True
476,30886,1785,3.818866729736328,False
476,2027,5484,0.0,True
476,23839,535,4.656711578369141,False
476,14260,30,7.782739639282227,False
476,17111,793,4.531601905822754,False
476,8962,1346,4.195451259613037,False
476,38469,2028,3.561594009399414,False
476,31428,1142,4.327411651611328,False
476,19584,590,4.626300811767578,False
476,31675,1059,4.3787031173706055,False
476,17060,1008,4.41029167175293,False
476,38882,332,4.7921648025512695,False
476,39790,1795,3.810650110244751,False
476,41737,1877,3.7225446701049805,False
476,27792,580,4.630570411682129,False
476,7020,350,4.771974086761475,False
476,7018,371,4.759151458740234,False
476,18986,1594,3.9999938011169434,False
476,30890,1087,4.360733985900879,False
476,18994,417,4.725290298461914,False
476,40381,499,4.675393104553223,False
476,5893,789,4.531830310821533,False
476,30891,1706,3.898730754852295,False
476,5075,625,4.606482982635498,False
476,30888,1156,4.318204402923584,False
476,41755,41894,0.0,True
476,38515,2405,3.2214765548706055,False
476,18819,3583,2.2774503231048584,False
476,18838,1950,3.660984516143799,False
476,6691,1607,3.986488103866577,False
476,38508,1028,4.402070045471191,False
476,25336,1085,4.360733985900879,False
476,27308,2430,3.2039926052093506,False
476,18814,1401,4.152821063995361,False
476,18789,794,4.52870512008667,False
476,35168,617,4.611244201660156,False
476,18813,1485,4.0920515060424805,False
476,1945,1241,4.2627716064453125,False
476,18710,20749,0.0,True
476,35748,36413,0.0,True
476,28207,83,5.313331604003906,False
476,33530,1583,4.0090484619140625,False
476,18617,738,4.555141925811768,False
476,41963,1249,4.259757041931152,False
476,9885,957,4.440921306610107,False
476,40367,40642,0.0,True
476,18616,626,4.606482982635498,False
476,15672,1091,4.3571577072143555,False
476,14354,1764,3.8479068279266357,False
476,38504,2066,3.519131898880005,False
476,24760,799,4.527967929840088,False
476,40385,389,4.746396541595459,False
476,42888,1487,4.0920515060424805,False
476,1922,1384,4.1658453941345215,False
476,27331,1300,4.221086025238037,False
476,40379,88,5.262024879455566,False
476,4349,1639,3.957926034927368,False
476,17725,791,4.531830310821533,False
476,17750,1117,4.342911720275879,False
476,6623,866,4.493502616882324,False
476,35141,809,4.524112224578857,False
476,15669,508,4.66898775100708,False
476,18790,462,4.696847915649414,False
476,18825,2210,3.3813931941986084,False
476,36831,300,4.821518898010254,False
476,10429,679,4.574752330780029,False
476,23044,1382,4.169114112854004,False
476,18791,1275,4.242349624633789,False
476,12745,819,4.516420841217041,False
476,17758,1702,3.903026819229126,False
476,1673,1189,4.2972493171691895,False
476,30942,1002,4.4150896072387695,False
476,18812,1503,4.082618236541748,False
476,33525,494,4.679511070251465,False
476,18889,1847,3.7501332759857178,False
476,42164,314,4.8084282875061035,False
476,10803,405,4.732468605041504,False
476,5268,214,4.935734272003174,False
476,41706,522,4.659774303436279,False
476,33463,1435,4.13060188293457,False
476,17158,172,5.019670009613037,False
476,4055,1777,3.835407018661499,False
476,29124,1595,3.9999938011169434,False
476,6267,1976,3.627243757247925,False
476,6636,9641,0.0,True
476,30887,3254,2.6646528244018555,False
476,18932,498,4.675393104553223,False
476,18856,3406,2.542253255844116,False
476,5154,8303,0.0,True
476,30786,3054,2.80831241607666,False
476,14351,1574,4.018144130706787,False
476,7418,1572,4.018144130706787,False
476,8897,1391,4.164597511291504,False
476,18989,985,4.4247145652771,False
476,4054,914,4.467057228088379,False
476,18903,278,4.847654342651367,False
476,29080,159,5.033937931060791,False
476,4053,696,4.566887855529785,False
476,18934,334,4.789180278778076,False
476,2622,1264,4.245739936828613,False
476,18615,3235,2.6767349243164062,False
476,5058,653,4.590562343597412,False
476,2611,9,8.691398620605469,False
476,37284,439,4.712716579437256,False
476,6021,578,4.630570411682129,False
476,42159,154,5.041102409362793,False
476,9884,782,4.535698890686035,False
476,9388,170,5.019670009613037,False
476,36114,943,4.451864719390869,False
476,29251,599,4.622513771057129,False
476,8847,238,4.898194313049316,False
476,18865,351,4.769579887390137,False
476,40200,117,5.136128902435303,False
476,24305,11,8.607366561889648,False
476,28884,941,4.452084541320801,False
476,32557,1053,4.382314205169678,False
476,33528,1646,3.955327272415161,False
476,31445,434,4.715607166290283,False
476,18817,3506,2.4206383228302,False
476,33527,649,4.594532489776611,False
476,1067,541,4.6508378982543945,False
476,4224,1632,3.9641804695129395,False
476,40393,1902,3.7030858993530273,False
476,5710,148,5.059102535247803,False
476,42891,1431,4.133436679840088,False
476,35720,3590,2.2657954692840576,False
476,38438,1167,4.311196804046631,False
476,1287,203,4.9633989334106445,False
476,1306,4852,0.0,True
476,38503,864,4.494228839874268,False
476,42889,1320,4.212080955505371,False
476,27327,1316,4.212080955505371,False
476,6959,1410,4.149577617645264,False
476,21287,3040,2.817247152328491,False
476,2785,1392,4.159323215484619,False
476,4041,1659,3.9421212673187256,False
476,27330,2542,3.1359145641326904,False
476,38530,776,4.538432598114014,False
476,31443,45,7.0553436279296875,False
476,17289,797,4.527967929840088,False
476,21168,1900,3.7040724754333496,False
476,41736,353,4.769579887390137,False
476,4222,1470,4.101901531219482,False
476,24268,92,5.230941295623779,False
476,25816,1022,4.404109954833984,False
476,28442,1864,3.734318256378174,False
476,18890,2013,3.5795905590057373,False
476,39843,814,4.520263195037842,False
476,10373,426,4.71690034866333,False
476,32359,296,4.823966026306152,False
476,27329,1739,3.868589162826538,False
476,18828,2156,3.430516481399536,False
476,39789,1692,3.911647319793701,False
476,27655,257,4.867902755737305,False
476,18846,2257,3.3367977142333984,False
476,30802,981,4.426122665405273,False
476,37080,3098,2.7818455696105957,False
476,18818,2893,2.9146101474761963,False
476,1063,811,4.520263195037842,False
476,18463,1213,4.279941082000732,False
476,6637,9642,0.0,True
476,38482,894,4.48001766204834,False
476,27041,1058,4.3787031173706055,False
476,21160,272,4.854559421539307,False
476,5455,1311,4.215423107147217,False
476,40972,1995,3.5977697372436523,False
476,27324,2404,3.2214765548706055,False
476,29042,30222,0.0,True
476,23932,1277,4.242349624633789,False
476,25338,1030,4.400461673736572,False
476,40370,40645,0.0,True
476,35146,345,4.779232978820801,False
476,14886,119,5.1324076652526855,False
476,4056,1279,4.238965034484863,False
476,5041,612,4.6144843101501465,False
476,20546,1801,3.8024685382843018,False
476,30889,1819,3.7741076946258545,False
476,29103,1115,4.343330383300781,False
476,18933,1415,4.145103931427002,False
476,26476,1575,4.018144130706787,False
476,33529,1673,3.9290030002593994,False
476,16576,654,4.590562343597412,False
476,17757,1778,3.835407018661499,False
476,40328,479,4.69190788269043,False
476,29277,669,4.582643508911133,False
476,18839,1209,4.28339147567749,False
476,16696,249,4.874601364135742,False
476,25337,1057,4.3787031173706055,False
476,14834,770,4.539573669433594,False
476,37195,153,5.0482869148254395,False
476,9623,1099,4.353588104248047,False
476,6862,2027,3.561594009399414,False
476,38069,260,4.864559650421143,False
476,18851,1220,4.276495933532715,False
476,35145,496,4.678237438201904,False
476,6503,205,4.952988624572754,False
476,21482,442,4.708539962768555,False
476,1252,369,4.759151458740234,False
476,26001,1652,3.9465134143829346,False
476,14279,126,5.099158763885498,False
476,31444,643,4.598508834838867,False
476,23855,1129,4.3358235359191895,False
476,39620,419,4.725042343139648,False
478,8848,68,12.20166015625,False
481,35207,68,5.091174125671387,False
482,4019,5,16.5798282623291,False
482,30312,13,14.259400367736816,False
482,42477,2,17.282325744628906,False
482,42487,30,12.667540550231934,False
482,42482,3,17.139204025268555,False
482,30313,1,18.136014938354492,False
482,42490,4,16.712427139282227,False
482,19594,8,15.925153732299805,False
482,41414,10,15.688379287719727,False
482,22647,6,16.501079559326172,False
482,42474,70,10.990880966186523,False
482,30556,7,16.115575790405273,False
483,28026,17,12.226564407348633,False
483,24479,8,13.819984436035156,False
483,40875,137,4.497273921966553,False
483,17296,22,11.25128173828125,False
487,9434,47,9.290483474731445,False
487,42003,219,6.373510360717773,False
