dataset,model,method,schedule,reference,query_id,n_highest,membership_cutoff,gained_count,lost_count,gained_ids,lost_ids,membership_changed,integer_recall_cancellation,delta_Recall20,delta_nDCG20,abs_delta_nDCG20,delta_nDCG10,abs_delta_nDCG10,numerical_zero_nDCG20,numerical_zero_nDCG10
wands,minilm,raw,C1,C0,2,151,20,4,4,"[""11878"",""36533"",""36619"",""36631""]","[""29146"",""29886"",""3276"",""38593""]",True,True,0.0,2.220446049250313e-16,2.220446049250313e-16,0.0,0.0,True,True
wands,minilm,raw,C1,C0,28,175,20,4,4,"[""17989"",""32052"",""767"",""801""]","[""12403"",""36705"",""4026"",""6252""]",True,True,0.0,0.0,0.0,0.0,0.0,True,True
wands,minilm,raw,C1,C0,59,43,20,5,5,"[""41612"",""41613"",""41616"",""41618"",""41643""]","[""41609"",""41627"",""41636"",""41640"",""41647""]",True,True,0.0,0.0,0.0,-2.220446049250313e-16,2.220446049250313e-16,True,True
wands,minilm,raw,C1,C0,108,81,20,2,2,"[""3048"",""3913""]","[""3017"",""3037""]",True,True,0.0,0.0,0.0,0.0,0.0,True,True
wands,minilm,raw,C1,C0,109,39,20,6,6,"[""26125"",""26134"",""26919"",""26925"",""26926"",""26933""]","[""26119"",""26129"",""26916"",""26929"",""26930"",""26936""]",True,True,0.0,-4.440892098500626e-16,4.440892098500626e-16,0.0,0.0,True,True
wands,minilm,raw,C1,C0,112,266,20,10,10,"[""13742"",""25786"",""25787"",""25977"",""28035"",""37436"",""5361"",""5362"",""5363"",""6304""]","[""10493"",""11313"",""12138"",""13574"",""15381"",""28093"",""34750"",""34751"",""40866"",""40867""]",True,True,0.0,-2.220446049250313e-16,2.220446049250313e-16,0.0,0.0,True,True
wands,minilm,raw,C1,C0,115,202,20,4,4,"[""14016"",""26872"",""28115"",""30630""]","[""21342"",""37486"",""38067"",""39608""]",True,True,0.0,0.0,0.0,0.0,0.0,True,True
wands,minilm,raw,C1,C0,138,142,20,6,6,"[""15718"",""15720"",""15724"",""15725"",""15732"",""22209""]","[""10048"",""10061"",""6750"",""6751"",""6752"",""6753""]",True,True,0.0,0.0,0.0,-2.220446049250313e-16,2.220446049250313e-16,True,True
wands,minilm,raw,C1,C0,172,42,20,4,4,"[""19476"",""25672"",""31639"",""40932""]","[""12149"",""12246"",""19487"",""19490""]",True,True,0.0,0.0,0.0,0.0,0.0,True,True
wands,minilm,raw,C1,C0,185,34,20,1,1,"[""30021""]","[""26266""]",True,True,0.0,-2.220446049250313e-16,2.220446049250313e-16,0.0,0.0,True,True
wands,minilm,raw,C1,C0,227,176,20,4,4,"[""16781"",""17683"",""32627"",""34947""]","[""11729"",""35908"",""37259"",""800""]",True,True,0.0,-2.220446049250313e-16,2.220446049250313e-16,0.0,0.0,True,True
wands,minilm,raw,C1,C0,231,307,20,5,5,"[""20191"",""20204"",""20210"",""3211"",""7801""]","[""20174"",""20193"",""5543"",""7793"",""7794""]",True,True,0.0,2.220446049250313e-16,2.220446049250313e-16,0.0,0.0,True,True
wands,minilm,raw,C1,C0,235,133,20,3,3,"[""20434"",""34437"",""994""]","[""24728"",""34441"",""42501""]",True,True,0.0,0.0,0.0,0.0,0.0,True,True
wands,minilm,raw,C1,C0,248,39,20,1,1,"[""27045""]","[""16398""]",True,True,0.0,-2.220446049250313e-16,2.220446049250313e-16,2.220446049250313e-16,2.220446049250313e-16,True,True
wands,minilm,raw,C1,C0,368,81,20,1,1,"[""35821""]","[""4071""]",True,True,0.0,0.0,0.0,0.0,0.0,True,True
wands,minilm,raw,C1,C0,415,75,20,3,3,"[""15605"",""19110"",""20420""]","[""18703"",""21520"",""8176""]",True,True,0.0,-2.220446049250313e-16,2.220446049250313e-16,2.220446049250313e-16,2.220446049250313e-16,True,True
wands,minilm,raw,C1,C0,420,766,20,6,6,"[""11097"",""12374"",""24217"",""33741"",""33745"",""34861""]","[""10661"",""13802"",""19995"",""27052"",""33838"",""40304""]",True,True,0.0,-4.440892098500626e-16,4.440892098500626e-16,0.0,0.0,True,True
wands,minilm,raw,C1,C0,426,223,20,4,4,"[""21869"",""2285"",""31087"",""40889""]","[""1599"",""18189"",""33666"",""5844""]",True,True,0.0,0.0,0.0,0.0,0.0,True,True
wands,minilm,raw,C1,C0,433,113,20,8,8,"[""16206"",""17730"",""18844"",""25514"",""25989"",""27410"",""32253"",""7904""]","[""13828"",""17401"",""17703"",""18848"",""23668"",""41731"",""7174"",""9326""]",True,True,0.0,0.0,0.0,2.220446049250313e-16,2.220446049250313e-16,True,True
wands,minilm,raw,C1,C0,446,57,20,3,3,"[""13214"",""19740"",""31177""]","[""23064"",""23068"",""31178""]",True,True,0.0,0.0,0.0,0.0,0.0,True,True
wands,minilm,raw,C1,C0,464,85,20,1,1,"[""20063""]","[""16217""]",True,True,0.0,0.0,0.0,1.1102230246251565e-16,1.1102230246251565e-16,True,True
wands,minilm,raw,C2s1,C0,2,151,20,4,4,"[""10306"",""11878"",""32603"",""42557""]","[""29146"",""29152"",""3276"",""38593""]",True,True,0.0,0.0,0.0,0.0,0.0,True,True
wands,minilm,raw,C2s1,C0,28,175,20,6,6,"[""13011"",""17990"",""2212"",""32052"",""5095"",""801""]","[""11210"",""12403"",""2732"",""36705"",""6252"",""924""]",True,True,0.0,-2.220446049250313e-16,2.220446049250313e-16,0.0,0.0,True,True
wands,minilm,raw,C2s1,C0,59,43,20,3,3,"[""41613"",""41616"",""41652""]","[""41609"",""41627"",""41647""]",True,True,0.0,-2.220446049250313e-16,2.220446049250313e-16,-2.220446049250313e-16,2.220446049250313e-16,True,True
wands,minilm,raw,C2s1,C0,108,81,20,3,3,"[""3028"",""3048"",""3913""]","[""3037"",""3049"",""3890""]",True,True,0.0,0.0,0.0,0.0,0.0,True,True
wands,minilm,raw,C2s1,C0,112,266,20,9,9,"[""25786"",""25787"",""25977"",""28035"",""32719"",""32946"",""5349"",""5362"",""6250""]","[""10493"",""11313"",""12138"",""15381"",""21276"",""28093"",""34750"",""40866"",""40870""]",True,True,0.0,-4.440892098500626e-16,4.440892098500626e-16,0.0,0.0,True,True
wands,minilm,raw,C2s1,C0,115,202,20,2,2,"[""21332"",""26872""]","[""38067"",""39608""]",True,True,0.0,2.220446049250313e-16,2.220446049250313e-16,0.0,0.0,True,True
wands,minilm,raw,C2s1,C0,138,142,20,6,6,"[""15725"",""15732"",""37544"",""37546"",""37547"",""37918""]","[""10048"",""15727"",""1670"",""35938"",""6750"",""6751""]",True,True,0.0,0.0,0.0,0.0,0.0,True,True
wands,minilm,raw,C2s1,C0,172,42,20,3,3,"[""19491"",""25685"",""40932""]","[""19483"",""19487"",""19490""]",True,True,0.0,-2.220446049250313e-16,2.220446049250313e-16,0.0,0.0,True,True
wands,minilm,raw,C2s1,C0,227,176,20,5,5,"[""10614"",""16787"",""17682"",""17953"",""32627""]","[""11729"",""11730"",""24401"",""26428"",""35908""]",True,True,0.0,0.0,0.0,0.0,0.0,True,True
wands,minilm,raw,C2s1,C0,231,307,20,5,5,"[""10894"",""20203"",""3211"",""7791"",""7815""]","[""20174"",""20185"",""20209"",""5543"",""7793""]",True,True,0.0,0.0,0.0,0.0,0.0,True,True
wands,minilm,raw,C2s1,C0,235,133,20,2,2,"[""20434"",""7253""]","[""24728"",""34442""]",True,True,0.0,-2.220446049250313e-16,2.220446049250313e-16,0.0,0.0,True,True
wands,minilm,raw,C2s1,C0,248,39,20,1,1,"[""25501""]","[""16398""]",True,True,0.0,-4.440892098500626e-16,4.440892098500626e-16,0.0,0.0,True,True
wands,minilm,raw,C2s1,C0,368,81,20,1,1,"[""30198""]","[""343""]",True,True,0.0,0.0,0.0,0.0,0.0,True,True
wands,minilm,raw,C2s1,C0,415,75,20,2,2,"[""15605"",""19110""]","[""15958"",""34897""]",True,True,0.0,0.0,0.0,0.0,0.0,True,True
wands,minilm,raw,C2s1,C0,426,223,20,5,5,"[""1203"",""29698"",""33237"",""3826"",""40889""]","[""1599"",""25234"",""2979"",""33666"",""41243""]",True,True,0.0,-2.220446049250313e-16,2.220446049250313e-16,0.0,0.0,True,True
wands,minilm,raw,C2s1,C0,433,113,20,5,5,"[""13831"",""18822"",""25514"",""25989"",""41202""]","[""13828"",""17401"",""17703"",""7174"",""9007""]",True,True,0.0,0.0,0.0,0.0,0.0,True,True
wands,minilm,raw,C2s1,C0,446,57,20,3,3,"[""13214"",""31177"",""31535""]","[""23059"",""23063"",""23068""]",True,True,0.0,-2.220446049250313e-16,2.220446049250313e-16,0.0,0.0,True,True
wands,minilm,raw,C2s1,C0,470,45,20,4,4,"[""12162"",""14073"",""16512"",""29149""]","[""13858"",""26869"",""27506"",""38596""]",True,True,0.0,0.0,0.0,-1.1102230246251565e-16,1.1102230246251565e-16,True,True
wands,minilm,raw,C2s2,C0,9,74,20,5,5,"[""13615"",""20909"",""24416"",""24418"",""40928""]","[""22769"",""29361"",""29691"",""30093"",""7971""]",True,True,0.0,2.220446049250313e-16,2.220446049250313e-16,2.220446049250313e-16,2.220446049250313e-16,True,True
wands,minilm,raw,C2s2,C0,28,175,20,6,6,"[""13011"",""17990"",""32052"",""40839"",""767"",""801""]","[""11210"",""36703"",""36705"",""6252"",""846"",""9661""]",True,True,0.0,0.0,0.0,0.0,0.0,True,True
wands,minilm,raw,C2s2,C0,59,43,20,3,3,"[""41613"",""41616"",""41625""]","[""41627"",""41632"",""41634""]",True,True,0.0,2.220446049250313e-16,2.220446049250313e-16,-2.220446049250313e-16,2.220446049250313e-16,True,True
wands,minilm,raw,C2s2,C0,108,81,20,1,1,"[""3913""]","[""3037""]",True,True,0.0,2.220446049250313e-16,2.220446049250313e-16,0.0,0.0,True,True
wands,minilm,raw,C2s2,C0,109,39,20,7,7,"[""26122"",""26125"",""26128"",""26133"",""26136"",""26137"",""26938""]","[""26124"",""26129"",""26135"",""26914"",""26930"",""26931"",""26936""]",True,True,0.0,-2.220446049250313e-16,2.220446049250313e-16,0.0,0.0,True,True
wands,minilm,raw,C2s2,C0,112,266,20,10,10,"[""25786"",""25787"",""28035"",""32946"",""37436"",""5349"",""5361"",""5362"",""5363"",""6304""]","[""11313"",""15381"",""21276"",""26671"",""28093"",""29048"",""34750"",""34751"",""40866"",""40867""]",True,True,0.0,-2.220446049250313e-16,2.220446049250313e-16,0.0,0.0,True,True
wands,minilm,raw,C2s2,C0,115,202,20,4,4,"[""14016"",""21332"",""26872"",""36562""]","[""38067"",""39608"",""5231"",""6457""]",True,True,0.0,2.220446049250313e-16,2.220446049250313e-16,0.0,0.0,True,True
wands,minilm,raw,C2s2,C0,138,142,20,7,7,"[""10064"",""15726"",""37539"",""37543"",""37547"",""37822"",""599""]","[""10048"",""10061"",""15727"",""1670"",""22156"",""2498"",""35938""]",True,True,0.0,0.0,0.0,-2.220446049250313e-16,2.220446049250313e-16,True,True
wands,minilm,raw,C2s2,C0,144,116,20,7,7,"[""19652"",""19653"",""22659"",""28168"",""36802"",""575"",""9123""]","[""11632"",""15464"",""23111"",""36801"",""4440"",""4596"",""9125""]",True,True,0.0,0.0,0.0,1.1102230246251565e-16,1.1102230246251565e-16,True,True
wands,minilm,raw,C2s2,C0,167,87,20,4,4,"[""30384"",""67"",""8027"",""9865""]","[""35004"",""38584"",""7104"",""8032""]",True,True,0.0,0.0,0.0,0.0,0.0,True,True
wands,minilm,raw,C2s2,C0,172,42,20,4,4,"[""12150"",""19491"",""25685"",""40933""]","[""12149"",""19477"",""19489"",""19490""]",True,True,0.0,0.0,0.0,0.0,0.0,True,True
wands,minilm,raw,C2s2,C0,182,58,20,4,4,"[""12863"",""21664"",""29771"",""36095""]","[""17198"",""29774"",""33853"",""36094""]",True,True,0.0,-2.220446049250313e-16,2.220446049250313e-16,0.0,0.0,True,True
wands,minilm,raw,C2s2,C0,185,34,20,1,1,"[""11431""]","[""30022""]",True,True,0.0,-2.220446049250313e-16,2.220446049250313e-16,0.0,0.0,True,True
wands,minilm,raw,C2s2,C0,227,176,20,4,4,"[""16781"",""2718"",""32627"",""9237""]","[""24996"",""35908"",""37259"",""800""]",True,True,0.0,2.220446049250313e-16,2.220446049250313e-16,-1.1102230246251565e-16,1.1102230246251565e-16,True,True
wands,minilm,raw,C2s2,C0,231,307,20,5,5,"[""20200"",""20202"",""20204"",""25796"",""7808""]","[""20174"",""20185"",""20193"",""5543"",""7793""]",True,True,0.0,0.0,0.0,2.220446049250313e-16,2.220446049250313e-16,True,True
wands,minilm,raw,C2s2,C0,235,133,20,4,4,"[""19023"",""19229"",""23707"",""7253""]","[""24728"",""34441"",""34442"",""40099""]",True,True,0.0,0.0,0.0,0.0,0.0,True,True
wands,minilm,raw,C2s2,C0,248,39,20,1,1,"[""9525""]","[""16398""]",True,True,0.0,-4.440892098500626e-16,4.440892098500626e-16,2.220446049250313e-16,2.220446049250313e-16,True,True
wands,minilm,raw,C2s2,C0,255,107,20,7,7,"[""21386"",""2880"",""2885"",""35819"",""37759"",""37764"",""37769""]","[""20866"",""22569"",""2882"",""33300"",""37768"",""37780"",""5352""]",True,True,0.0,-4.440892098500626e-16,4.440892098500626e-16,0.0,0.0,True,True
wands,minilm,raw,C2s2,C0,355,30,20,2,2,"[""35470"",""35700""]","[""24352"",""37975""]",True,True,0.0,-4.440892098500626e-16,4.440892098500626e-16,-2.220446049250313e-16,2.220446049250313e-16,True,True
wands,minilm,raw,C2s2,C0,368,81,20,2,2,"[""30198"",""35821""]","[""35084"",""4071""]",True,True,0.0,0.0,0.0,0.0,0.0,True,True
wands,minilm,raw,C2s2,C0,415,75,20,3,3,"[""15605"",""19110"",""19663""]","[""18703"",""21520"",""8176""]",True,True,0.0,-2.220446049250313e-16,2.220446049250313e-16,0.0,0.0,True,True
wands,minilm,raw,C2s2,C0,420,766,20,8,8,"[""12788"",""24217"",""27091"",""33741"",""33780"",""33788"",""33913"",""34622""]","[""10661"",""12816"",""13802"",""19995"",""27052"",""27090"",""33838"",""40304""]",True,True,0.0,-4.440892098500626e-16,4.440892098500626e-16,0.0,0.0,True,True
wands,minilm,raw,C2s2,C0,426,223,20,5,5,"[""21869"",""29698"",""31089"",""34839"",""40889""]","[""1599"",""33666"",""41243"",""5844"",""8465""]",True,True,0.0,0.0,0.0,0.0,0.0,True,True
wands,minilm,raw,C2s2,C0,433,113,20,8,8,"[""13831"",""16206"",""17730"",""19826"",""25495"",""25989"",""41202"",""9441""]","[""13828"",""17401"",""17703"",""18848"",""24612"",""41731"",""7174"",""9007""]",True,True,0.0,-2.220446049250313e-16,2.220446049250313e-16,0.0,0.0,True,True
wands,minilm,raw,C2s2,C0,446,57,20,3,3,"[""13214"",""31177"",""9258""]","[""23062"",""23068"",""37151""]",True,True,0.0,-2.220446049250313e-16,2.220446049250313e-16,0.0,0.0,True,True
wands,minilm,raw,C2s3,C0,2,151,20,6,6,"[""10306"",""11878"",""32873"",""36619"",""36631"",""3754""]","[""10561"",""29146"",""29151"",""29152"",""29886"",""3276""]",True,True,0.0,2.220446049250313e-16,2.220446049250313e-16,-1.1102230246251565e-16,1.1102230246251565e-16,True,True
wands,minilm,raw,C2s3,C0,28,175,20,5,5,"[""13011"",""40839"",""767"",""801"",""917""]","[""12403"",""36705"",""6252"",""846"",""9661""]",True,True,0.0,0.0,0.0,0.0,0.0,True,True
wands,minilm,raw,C2s3,C0,59,43,20,3,3,"[""41613"",""41616"",""41642""]","[""41636"",""41641"",""41647""]",True,True,0.0,0.0,0.0,-3.3306690738754696e-16,3.3306690738754696e-16,True,True
wands,minilm,raw,C2s3,C0,102,57,20,5,5,"[""13575"",""19444"",""20554"",""2777"",""6739""]","[""12139"",""12151"",""12158"",""12164"",""3246""]",True,True,0.0,0.0,0.0,0.0,0.0,True,True
wands,minilm,raw,C2s3,C0,108,81,20,3,3,"[""3028"",""3889"",""3913""]","[""3037"",""3049"",""3890""]",True,True,0.0,0.0,0.0,0.0,0.0,True,True
wands,minilm,raw,C2s3,C0,109,39,20,5,5,"[""26122"",""26133"",""26922"",""26933"",""26938""]","[""26119"",""26121"",""26913"",""26929"",""26935""]",True,True,0.0,-2.220446049250313e-16,2.220446049250313e-16,0.0,0.0,True,True
wands,minilm,raw,C2s3,C0,112,266,20,11,11,"[""25786"",""25787"",""32719"",""32946"",""33169"",""37436"",""5361"",""5362"",""5363"",""6302"",""6304""]","[""10493"",""11313"",""12138"",""13574"",""15381"",""21276"",""28093"",""34750"",""34751"",""40866"",""40867""]",True,True,0.0,-2.220446049250313e-16,2.220446049250313e-16,0.0,0.0,True,True
wands,minilm,raw,C2s3,C0,115,202,20,3,3,"[""13483"",""14197"",""36562""]","[""36531"",""38067"",""6457""]",True,True,0.0,2.220446049250313e-16,2.220446049250313e-16,0.0,0.0,True,True
wands,minilm,raw,C2s3,C0,138,142,20,6,6,"[""15724"",""37541"",""37543"",""37909"",""37918"",""599""]","[""10048"",""10061"",""15727"",""35938"",""6751"",""6753""]",True,True,0.0,-2.220446049250313e-16,2.220446049250313e-16,-2.220446049250313e-16,2.220446049250313e-16,True,True
wands,minilm,raw,C2s3,C0,144,116,20,8,8,"[""19653"",""23114"",""30150"",""40121"",""5201"",""575"",""7870"",""9112""]","[""15464"",""23111"",""274"",""36799"",""36801"",""4440"",""4596"",""9125""]",True,True,0.0,0.0,0.0,1.1102230246251565e-16,1.1102230246251565e-16,True,True
wands,minilm,raw,C2s3,C0,172,42,20,4,4,"[""19476"",""25672"",""31639"",""40932""]","[""19477"",""19482"",""19483"",""19487""]",True,True,0.0,0.0,0.0,0.0,0.0,True,True
wands,minilm,raw,C2s3,C0,227,176,20,2,2,"[""32627"",""9237""]","[""11729"",""37259""]",True,True,0.0,0.0,0.0,0.0,0.0,True,True
wands,minilm,raw,C2s3,C0,231,307,20,5,5,"[""20197"",""20203"",""20208"",""20210"",""7808""]","[""20174"",""20185"",""30989"",""5543"",""7793""]",True,True,0.0,0.0,0.0,0.0,0.0,True,True
wands,minilm,raw,C2s3,C0,235,133,20,4,4,"[""18104"",""19229"",""7253"",""994""]","[""24728"",""34439"",""34442"",""34444""]",True,True,0.0,0.0,0.0,0.0,0.0,True,True
wands,minilm,raw,C2s3,C0,255,107,20,6,6,"[""33298"",""35819"",""37756"",""37759"",""37769"",""38316""]","[""20866"",""22569"",""22579"",""33300"",""37780"",""37781""]",True,True,0.0,-2.220446049250313e-16,2.220446049250313e-16,0.0,0.0,True,True
wands,minilm,raw,C2s3,C0,355,30,20,2,2,"[""24355"",""35470""]","[""24352"",""37975""]",True,True,0.0,-2.220446049250313e-16,2.220446049250313e-16,-2.220446049250313e-16,2.220446049250313e-16,True,True
wands,minilm,raw,C2s3,C0,368,81,20,1,1,"[""30198""]","[""4071""]",True,True,0.0,0.0,0.0,0.0,0.0,True,True
wands,minilm,raw,C2s3,C0,410,58,20,4,4,"[""14029"",""14935"",""17494"",""33578""]","[""14936"",""14939"",""14941"",""14943""]",True,True,0.0,-2.220446049250313e-16,2.220446049250313e-16,0.0,0.0,True,True
wands,minilm,raw,C2s3,C0,415,75,20,2,2,"[""15605"",""21654""]","[""18703"",""21520""]",True,True,0.0,-2.220446049250313e-16,2.220446049250313e-16,0.0,0.0,True,True
wands,minilm,raw,C2s3,C0,418,608,20,6,6,"[""11104"",""16041"",""23638"",""28988"",""29348"",""30139""]","[""18043"",""22876"",""38858"",""5293"",""596"",""7744""]",True,True,0.0,2.220446049250313e-16,2.220446049250313e-16,1.1102230246251565e-16,1.1102230246251565e-16,True,True
wands,minilm,raw,C2s3,C0,420,766,20,7,7,"[""11097"",""12374"",""27189"",""33745"",""33788"",""34861"",""40320""]","[""10661"",""13802"",""19995"",""27052"",""33791"",""33838"",""40304""]",True,True,0.0,-2.220446049250313e-16,2.220446049250313e-16,0.0,0.0,True,True
wands,minilm,raw,C2s3,C0,426,223,20,5,5,"[""21869"",""33237"",""34839"",""3826"",""40889""]","[""1599"",""25234"",""2979"",""33666"",""41243""]",True,True,0.0,-2.220446049250313e-16,2.220446049250313e-16,0.0,0.0,True,True
wands,minilm,raw,C2s3,C0,433,113,20,9,9,"[""10841"",""16206"",""24902"",""25514"",""25989"",""27410"",""4484"",""4569"",""7904""]","[""13828"",""17401"",""17703"",""18996"",""24612"",""30781"",""5454"",""7174"",""9007""]",True,True,0.0,0.0,0.0,0.0,0.0,True,True
wands,minilm,raw,C2s3,C0,446,57,20,3,3,"[""12379"",""13214"",""31177""]","[""14222"",""23064"",""23068""]",True,True,0.0,-2.220446049250313e-16,2.220446049250313e-16,0.0,0.0,True,True
wands,minilm,raw,C2s3,C0,464,85,20,1,1,"[""10987""]","[""16217""]",True,True,0.0,2.220446049250313e-16,2.220446049250313e-16,1.1102230246251565e-16,1.1102230246251565e-16,True,True
wands,minilm,raw,C2s4,C0,2,151,20,5,5,"[""12179"",""27515"",""36533"",""36619"",""36631""]","[""10561"",""29146"",""29152"",""3276"",""36645""]",True,True,0.0,0.0,0.0,0.0,0.0,True,True
wands,minilm,raw,C2s4,C0,9,74,20,6,6,"[""13615"",""24416"",""24418"",""24421"",""38099"",""40928""]","[""15058"",""29361"",""29691"",""30835"",""7970"",""7971""]",True,True,0.0,0.0,0.0,0.0,0.0,True,True
wands,minilm,raw,C2s4,C0,28,175,20,4,4,"[""17990"",""2212"",""40839"",""801""]","[""36705"",""6252"",""846"",""924""]",True,True,0.0,0.0,0.0,-1.1102230246251565e-16,1.1102230246251565e-16,True,True
wands,minilm,raw,C2s4,C0,59,43,20,4,4,"[""41613"",""41616"",""41643"",""41652""]","[""41609"",""41636"",""41639"",""41648""]",True,True,0.0,2.220446049250313e-16,2.220446049250313e-16,-2.220446049250313e-16,2.220446049250313e-16,True,True
wands,minilm,raw,C2s4,C0,108,81,20,2,2,"[""3048"",""3913""]","[""3017"",""3037""]",True,True,0.0,0.0,0.0,0.0,0.0,True,True
wands,minilm,raw,C2s4,C0,109,39,20,4,4,"[""26126"",""26128"",""26133"",""26138""]","[""26119"",""26123"",""26916"",""26936""]",True,True,0.0,-4.440892098500626e-16,4.440892098500626e-16,0.0,0.0,True,True
wands,minilm,raw,C2s4,C0,112,266,20,10,10,"[""28035"",""32534"",""32946"",""38289"",""5360"",""5361"",""5362"",""5363"",""6302"",""6304""]","[""10493"",""11313"",""12138"",""15381"",""28093"",""34750"",""34751"",""40867"",""40870"",""6320""]",True,True,0.0,-2.220446049250313e-16,2.220446049250313e-16,0.0,0.0,True,True
wands,minilm,raw,C2s4,C0,115,202,20,5,5,"[""14016"",""26872"",""34812"",""36562"",""38452""]","[""21342"",""37486"",""38067"",""39608"",""42089""]",True,True,0.0,0.0,0.0,0.0,0.0,True,True
wands,minilm,raw,C2s4,C0,138,142,20,3,3,"[""37537"",""37541"",""37823""]","[""10061"",""15727"",""6750""]",True,True,0.0,-2.220446049250313e-16,2.220446049250313e-16,-2.220446049250313e-16,2.220446049250313e-16,True,True
wands,minilm,raw,C2s4,C0,144,116,20,6,6,"[""1505"",""21839"",""22659"",""276"",""5201"",""575""]","[""20099"",""23111"",""273"",""36799"",""36801"",""4596""]",True,True,0.0,1.1102230246251565e-16,1.1102230246251565e-16,1.1102230246251565e-16,1.1102230246251565e-16,True,True
wands,minilm,raw,C2s4,C0,172,42,20,4,4,"[""19491"",""25685"",""31639"",""40932""]","[""19475"",""19478"",""19483"",""19487""]",True,True,0.0,0.0,0.0,0.0,0.0,True,True
wands,minilm,raw,C2s4,C0,227,176,20,4,4,"[""17682"",""17953"",""32544"",""9237""]","[""11729"",""16784"",""35908"",""800""]",True,True,0.0,0.0,0.0,0.0,0.0,True,True
wands,minilm,raw,C2s4,C0,231,307,20,7,7,"[""20191"",""20204"",""20210"",""3211"",""40618"",""7808"",""7812""]","[""20174"",""20185"",""20209"",""5543"",""7793"",""7794"",""7798""]",True,True,0.0,0.0,0.0,0.0,0.0,True,True
wands,minilm,raw,C2s4,C0,235,133,20,3,3,"[""11364"",""14926"",""19023""]","[""24728"",""34439"",""34442""]",True,True,0.0,0.0,0.0,0.0,0.0,True,True
wands,minilm,raw,C2s4,C0,255,107,20,7,7,"[""20868"",""2880"",""33298"",""35819"",""37759"",""37769"",""38316""]","[""20866"",""22569"",""2882"",""33300"",""37754"",""37768"",""37777""]",True,True,0.0,-4.440892098500626e-16,4.440892098500626e-16,0.0,0.0,True,True
wands,minilm,raw,C2s4,C0,355,30,20,3,3,"[""24355"",""35470"",""35700""]","[""1395"",""24352"",""37975""]",True,True,0.0,-4.440892098500626e-16,4.440892098500626e-16,0.0,0.0,True,True
wands,minilm,raw,C2s4,C0,368,81,20,2,2,"[""30198"",""35821""]","[""343"",""4071""]",True,True,0.0,0.0,0.0,-1.1102230246251565e-16,1.1102230246251565e-16,True,True
wands,minilm,raw,C2s4,C0,415,75,20,4,4,"[""15605"",""19110"",""21654"",""37612""]","[""15958"",""18703"",""21520"",""8176""]",True,True,0.0,2.220446049250313e-16,2.220446049250313e-16,0.0,0.0,True,True
wands,minilm,raw,C2s4,C0,420,766,20,6,6,"[""24217"",""29907"",""33741"",""33773"",""33788"",""34861""]","[""10661"",""13802"",""19995"",""27052"",""33838"",""40304""]",True,True,0.0,-2.220446049250313e-16,2.220446049250313e-16,0.0,0.0,True,True
wands,minilm,raw,C2s4,C0,426,223,20,5,5,"[""21869"",""2285"",""29698"",""34839"",""3826""]","[""1599"",""33666"",""40906"",""5844"",""8465""]",True,True,0.0,0.0,0.0,0.0,0.0,True,True
wands,minilm,raw,C2s4,C0,433,113,20,6,6,"[""10841"",""16206"",""25514"",""25989"",""27410"",""7904""]","[""13828"",""17703"",""18848"",""41731"",""7174"",""9326""]",True,True,0.0,0.0,0.0,0.0,0.0,True,True
wands,minilm,raw,C2s4,C0,446,57,20,5,5,"[""13214"",""14186"",""23058"",""23066"",""31177""]","[""23059"",""23063"",""23064"",""23068"",""37151""]",True,True,0.0,2.220446049250313e-16,2.220446049250313e-16,2.220446049250313e-16,2.220446049250313e-16,True,True
wands,minilm,raw,C2s4,C0,464,85,20,2,2,"[""10987"",""36495""]","[""16217"",""21113""]",True,True,0.0,0.0,0.0,3.3306690738754696e-16,3.3306690738754696e-16,True,True
wands,minilm,raw,C2s5,C0,9,74,20,6,6,"[""13615"",""20909"",""24416"",""24418"",""24421"",""7507""]","[""15058"",""20647"",""22769"",""29361"",""29691"",""7970""]",True,True,0.0,0.0,0.0,0.0,0.0,True,True
wands,minilm,raw,C2s5,C0,28,175,20,4,4,"[""17989"",""17990"",""5095"",""801""]","[""36705"",""6252"",""846"",""924""]",True,True,0.0,-2.220446049250313e-16,2.220446049250313e-16,0.0,0.0,True,True
wands,minilm,raw,C2s5,C0,59,43,20,4,4,"[""41618"",""41631"",""41642"",""41652""]","[""41609"",""41636"",""41641"",""41647""]",True,True,0.0,0.0,0.0,-2.220446049250313e-16,2.220446049250313e-16,True,True
wands,minilm,raw,C2s5,C0,108,81,20,2,2,"[""3028"",""3913""]","[""3037"",""3890""]",True,True,0.0,0.0,0.0,0.0,0.0,True,True
wands,minilm,raw,C2s5,C0,109,39,20,8,8,"[""26122"",""26128"",""26133"",""26137"",""26919"",""26922"",""26933"",""26938""]","[""26123"",""26124"",""26923"",""26930"",""26931"",""26934"",""26935"",""26936""]",True,True,0.0,-4.440892098500626e-16,4.440892098500626e-16,-1.1102230246251565e-16,1.1102230246251565e-16,True,True
wands,minilm,raw,C2s5,C0,112,266,20,9,9,"[""12204"",""25786"",""28035"",""33169"",""5360"",""5361"",""5363"",""6302"",""6304""]","[""10493"",""11313"",""12138"",""15381"",""21276"",""28093"",""34750"",""40866"",""6320""]",True,True,0.0,-2.220446049250313e-16,2.220446049250313e-16,0.0,0.0,True,True
wands,minilm,raw,C2s5,C0,115,202,20,4,4,"[""13483"",""26872"",""30630"",""4695""]","[""37455"",""38067"",""39608"",""5231""]",True,True,0.0,2.220446049250313e-16,2.220446049250313e-16,0.0,0.0,True,True
wands,minilm,raw,C2s5,C0,138,142,20,4,4,"[""15720"",""15729"",""37541"",""37547""]","[""10048"",""10061"",""15727"",""22156""]",True,True,0.0,0.0,0.0,-2.220446049250313e-16,2.220446049250313e-16,True,True
wands,minilm,raw,C2s5,C0,172,42,20,3,3,"[""12150"",""19491"",""31639""]","[""12246"",""19478"",""19490""]",True,True,0.0,0.0,0.0,0.0,0.0,True,True
wands,minilm,raw,C2s5,C0,227,176,20,2,2,"[""16781"",""32627""]","[""35908"",""37259""]",True,True,0.0,0.0,0.0,0.0,0.0,True,True
wands,minilm,raw,C2s5,C0,231,307,20,4,4,"[""20178"",""20192"",""20208"",""20210""]","[""20174"",""20185"",""5543"",""7793""]",True,True,0.0,2.220446049250313e-16,2.220446049250313e-16,0.0,0.0,True,True
wands,minilm,raw,C2s5,C0,235,133,20,2,2,"[""19023"",""994""]","[""24728"",""42501""]",True,True,0.0,0.0,0.0,0.0,0.0,True,True
wands,minilm,raw,C2s5,C0,248,39,20,2,2,"[""29118"",""40276""]","[""16396"",""16398""]",True,True,0.0,0.0,0.0,0.0,0.0,True,True
wands,minilm,raw,C2s5,C0,255,107,20,8,8,"[""1114"",""22573"",""2885"",""33298"",""35819"",""37756"",""37757"",""37765""]","[""20866"",""22569"",""2882"",""33300"",""37768"",""37778"",""37780"",""37781""]",True,True,0.0,-2.220446049250313e-16,2.220446049250313e-16,0.0,0.0,True,True
wands,minilm,raw,C2s5,C0,355,30,20,3,3,"[""24355"",""35470"",""35707""]","[""13859"",""24352"",""26207""]",True,True,0.0,-4.440892098500626e-16,4.440892098500626e-16,-2.220446049250313e-16,2.220446049250313e-16,True,True
wands,minilm,raw,C2s5,C0,368,81,20,1,1,"[""30198""]","[""10334""]",True,True,0.0,0.0,0.0,0.0,0.0,True,True
wands,minilm,raw,C2s5,C0,415,75,20,3,3,"[""15605"",""18552"",""19110""]","[""15958"",""18703"",""21520""]",True,True,0.0,0.0,0.0,2.220446049250313e-16,2.220446049250313e-16,True,True
wands,minilm,raw,C2s5,C0,420,766,20,9,9,"[""11097"",""12782"",""12887"",""27472"",""29911"",""33780"",""33788"",""34861"",""6567""]","[""10661"",""12816"",""13802"",""19995"",""27052"",""27090"",""33838"",""33914"",""40304""]",True,True,0.0,-2.220446049250313e-16,2.220446049250313e-16,0.0,0.0,True,True
wands,minilm,raw,C2s5,C0,426,223,20,3,3,"[""1203"",""29698"",""3826""]","[""2979"",""33666"",""41243""]",True,True,0.0,2.220446049250313e-16,2.220446049250313e-16,0.0,0.0,True,True
wands,minilm,raw,C2s5,C0,433,113,20,6,6,"[""18844"",""25495"",""25514"",""25989"",""41202"",""4569""]","[""17401"",""17703"",""30781"",""5454"",""7174"",""9007""]",True,True,0.0,0.0,0.0,0.0,0.0,True,True
wands,minilm,raw,C2s5,C0,446,57,20,3,3,"[""13214"",""31177"",""33514""]","[""23063"",""23064"",""23068""]",True,True,0.0,-2.220446049250313e-16,2.220446049250313e-16,0.0,0.0,True,True
wands,minilm,raw,C2s5,C0,464,85,20,1,1,"[""36495""]","[""16217""]",True,True,0.0,2.220446049250313e-16,2.220446049250313e-16,1.1102230246251565e-16,1.1102230246251565e-16,True,True
wands,minilm,raw_hybrid,C1,C0,2,151,20,2,2,"[""24094"",""36534""]","[""29146"",""34737""]",True,True,0.0,0.0,0.0,-2.220446049250313e-16,2.220446049250313e-16,True,True
wands,minilm,raw_hybrid,C1,C0,9,74,20,3,3,"[""24420"",""39718"",""7507""]","[""17613"",""30093"",""5873""]",True,True,0.0,4.440892098500626e-16,4.440892098500626e-16,-3.3306690738754696e-16,3.3306690738754696e-16,True,True
wands,minilm,raw_hybrid,C1,C0,59,43,20,3,3,"[""41607"",""41613"",""41616""]","[""41636"",""41640"",""41642""]",True,True,0.0,-2.220446049250313e-16,2.220446049250313e-16,0.0,0.0,True,True
wands,minilm,raw_hybrid,C1,C0,108,81,20,1,1,"[""3049""]","[""3032""]",True,True,0.0,0.0,0.0,2.220446049250313e-16,2.220446049250313e-16,True,True
wands,minilm,raw_hybrid,C1,C0,109,39,20,3,3,"[""26125"",""26134"",""26926""]","[""26119"",""26124"",""26930""]",True,True,0.0,0.0,0.0,0.0,0.0,True,True
wands,minilm,raw_hybrid,C1,C0,111,69,20,3,3,"[""10161"",""10176"",""10181""]","[""10097"",""10157"",""10185""]",True,True,0.0,0.0,0.0,0.0,0.0,True,True
wands,minilm,raw_hybrid,C1,C0,112,266,20,5,5,"[""25786"",""25977"",""31926"",""33169"",""37436""]","[""10493"",""11313"",""34748"",""40867"",""5349""]",True,True,0.0,0.0,0.0,-1.1102230246251565e-16,1.1102230246251565e-16,True,True
wands,minilm,raw_hybrid,C1,C0,115,202,20,4,4,"[""14016"",""22529"",""36541"",""36601""]","[""13867"",""37455"",""4695"",""5231""]",True,True,0.0,-2.220446049250313e-16,2.220446049250313e-16,0.0,0.0,True,True
wands,minilm,raw_hybrid,C1,C0,167,87,20,1,1,"[""36641""]","[""38584""]",True,True,0.0,0.0,0.0,-2.220446049250313e-16,2.220446049250313e-16,True,True
wands,minilm,raw_hybrid,C1,C0,172,42,20,3,3,"[""31249"",""37418"",""39145""]","[""12246"",""19487"",""19492""]",True,True,0.0,0.0,0.0,0.0,0.0,True,True
wands,minilm,raw_hybrid,C1,C0,175,70,20,3,3,"[""24490"",""25896"",""838""]","[""17073"",""28404"",""4733""]",True,True,0.0,0.0,0.0,0.0,0.0,True,True
wands,minilm,raw_hybrid,C1,C0,185,34,20,1,1,"[""30021""]","[""26266""]",True,True,0.0,0.0,0.0,0.0,0.0,True,True
wands,minilm,raw_hybrid,C1,C0,227,176,20,3,3,"[""21845"",""32545"",""32627""]","[""11174"",""21331"",""32546""]",True,True,0.0,-4.440892098500626e-16,4.440892098500626e-16,0.0,0.0,True,True
wands,minilm,raw_hybrid,C1,C0,231,307,20,4,4,"[""20176"",""3211"",""5544"",""7801""]","[""20148"",""20165"",""37239"",""5540""]",True,True,0.0,2.220446049250313e-16,2.220446049250313e-16,0.0,0.0,True,True
wands,minilm,raw_hybrid,C1,C0,234,107,20,3,3,"[""15458"",""25381"",""7731""]","[""11548"",""28399"",""38240""]",True,True,0.0,2.220446049250313e-16,2.220446049250313e-16,-2.220446049250313e-16,2.220446049250313e-16,True,True
wands,minilm,raw_hybrid,C1,C0,235,133,20,4,4,"[""11364"",""18104"",""33360"",""41985""]","[""23707"",""24728"",""9776"",""981""]",True,True,0.0,2.220446049250313e-16,2.220446049250313e-16,0.0,0.0,True,True
wands,minilm,raw_hybrid,C1,C0,248,39,20,1,1,"[""16396""]","[""40276""]",True,True,0.0,0.0,0.0,0.0,0.0,True,True
wands,minilm,raw_hybrid,C1,C0,302,59,20,3,3,"[""12670"",""1988"",""32822""]","[""23485"",""4334"",""7037""]",True,True,0.0,0.0,0.0,0.0,0.0,True,True
wands,minilm,raw_hybrid,C1,C0,335,42,20,6,6,"[""14774"",""20641"",""20642"",""20643"",""39144"",""39299""]","[""13875"",""19538"",""19542"",""20644"",""20645"",""39148""]",True,True,0.0,2.220446049250313e-16,2.220446049250313e-16,0.0,0.0,True,True
wands,minilm,raw_hybrid,C1,C0,352,29,20,1,1,"[""17656""]","[""22353""]",True,True,0.0,2.220446049250313e-16,2.220446049250313e-16,0.0,0.0,True,True
wands,minilm,raw_hybrid,C1,C0,355,30,20,2,2,"[""35700"",""35707""]","[""1395"",""24352""]",True,True,0.0,-2.220446049250313e-16,2.220446049250313e-16,0.0,0.0,True,True
wands,minilm,raw_hybrid,C1,C0,368,81,20,1,1,"[""30200""]","[""35822""]",True,True,0.0,4.440892098500626e-16,4.440892098500626e-16,2.220446049250313e-16,2.220446049250313e-16,True,True
wands,minilm,raw_hybrid,C1,C0,415,75,20,1,1,"[""37612""]","[""15955""]",True,True,0.0,0.0,0.0,0.0,0.0,True,True
wands,minilm,raw_hybrid,C1,C0,420,766,20,6,6,"[""11097"",""27170"",""33742"",""33743"",""33744"",""36462""]","[""13802"",""33788"",""33834"",""33838"",""34860"",""40304""]",True,True,0.0,-4.440892098500626e-16,4.440892098500626e-16,0.0,0.0,True,True
wands,minilm,raw_hybrid,C1,C0,423,285,20,7,7,"[""12101"",""16014"",""22508"",""3432"",""36138"",""5249"",""5805""]","[""10366"",""14200"",""15774"",""22497"",""26273"",""32733"",""36903""]",True,True,0.0,2.220446049250313e-16,2.220446049250313e-16,0.0,0.0,True,True
wands,minilm,raw_hybrid,C1,C0,426,223,20,3,3,"[""21870"",""40885"",""40906""]","[""27981"",""33666"",""9369""]",True,True,0.0,-2.220446049250313e-16,2.220446049250313e-16,0.0,0.0,True,True
wands,minilm,raw_hybrid,C1,C0,433,113,20,6,6,"[""15885"",""17711"",""17730"",""25514"",""25989"",""5454""]","[""10841"",""13828"",""17401"",""23668"",""7904"",""9326""]",True,True,0.0,0.0,0.0,0.0,0.0,True,True
wands,minilm,raw_hybrid,C1,C0,464,85,20,2,2,"[""20063"",""2427""]","[""17789"",""32549""]",True,True,0.0,0.0,0.0,0.0,0.0,True,True
wands,minilm,raw_hybrid,C2s1,C0,2,151,20,1,1,"[""24094""]","[""29146""]",True,True,0.0,-2.220446049250313e-16,2.220446049250313e-16,-2.220446049250313e-16,2.220446049250313e-16,True,True
wands,minilm,raw_hybrid,C2s1,C0,9,74,20,3,3,"[""24422"",""39718"",""39719""]","[""13615"",""15058"",""30093""]",True,True,0.0,0.0,0.0,0.0,0.0,True,True
wands,minilm,raw_hybrid,C2s1,C0,59,43,20,2,2,"[""41613"",""41616""]","[""41639"",""41642""]",True,True,0.0,-4.440892098500626e-16,4.440892098500626e-16,0.0,0.0,True,True
wands,minilm,raw_hybrid,C2s1,C0,102,57,20,4,4,"[""13492"",""13595"",""19444"",""28007""]","[""12160"",""12164"",""3245"",""3264""]",True,True,0.0,2.220446049250313e-16,2.220446049250313e-16,0.0,0.0,True,True
wands,minilm,raw_hybrid,C2s1,C0,109,39,20,3,3,"[""26125"",""26128"",""26136""]","[""26124"",""26930"",""26935""]",True,True,0.0,0.0,0.0,-2.220446049250313e-16,2.220446049250313e-16,True,True
wands,minilm,raw_hybrid,C2s1,C0,111,69,20,1,1,"[""10176""]","[""10157""]",True,True,0.0,-2.220446049250313e-16,2.220446049250313e-16,0.0,0.0,True,True
wands,minilm,raw_hybrid,C2s1,C0,112,266,20,4,4,"[""25786"",""25977"",""31926"",""33155""]","[""10493"",""11313"",""34748"",""40870""]",True,True,0.0,2.220446049250313e-16,2.220446049250313e-16,0.0,0.0,True,True
wands,minilm,raw_hybrid,C2s1,C0,115,202,20,4,4,"[""21342"",""36541"",""36601"",""36657""]","[""13867"",""29016"",""40173"",""5231""]",True,True,0.0,-4.440892098500626e-16,4.440892098500626e-16,0.0,0.0,True,True
wands,minilm,raw_hybrid,C2s1,C0,138,142,20,5,5,"[""15718"",""15732"",""15733"",""15738"",""15739""]","[""15726"",""15727"",""21472"",""37821"",""38177""]",True,True,0.0,0.0,0.0,0.0,0.0,True,True
wands,minilm,raw_hybrid,C2s1,C0,167,87,20,1,1,"[""8035""]","[""17402""]",True,True,0.0,0.0,0.0,-3.3306690738754696e-16,3.3306690738754696e-16,True,True
wands,minilm,raw_hybrid,C2s1,C0,172,42,20,3,3,"[""12149"",""19489"",""37418""]","[""19476"",""19483"",""19487""]",True,True,0.0,0.0,0.0,0.0,0.0,True,True
wands,minilm,raw_hybrid,C2s1,C0,175,70,20,2,2,"[""17812"",""838""]","[""17073"",""4733""]",True,True,0.0,-2.220446049250313e-16,2.220446049250313e-16,0.0,0.0,True,True
wands,minilm,raw_hybrid,C2s1,C0,185,34,20,1,1,"[""30021""]","[""11463""]",True,True,0.0,-2.220446049250313e-16,2.220446049250313e-16,0.0,0.0,True,True
wands,minilm,raw_hybrid,C2s1,C0,227,176,20,4,4,"[""16777"",""17682"",""32627"",""9580""]","[""11174"",""21331"",""24401"",""32546""]",True,True,0.0,-2.220446049250313e-16,2.220446049250313e-16,0.0,0.0,True,True
wands,minilm,raw_hybrid,C2s1,C0,231,307,20,5,5,"[""20176"",""3211"",""7794"",""7815"",""7816""]","[""20148"",""20184"",""20185"",""5540"",""7798""]",True,True,0.0,2.220446049250313e-16,2.220446049250313e-16,0.0,0.0,True,True
wands,minilm,raw_hybrid,C2s1,C0,234,107,20,2,2,"[""38956"",""7731""]","[""28399"",""38240""]",True,True,0.0,2.220446049250313e-16,2.220446049250313e-16,-2.220446049250313e-16,2.220446049250313e-16,True,True
wands,minilm,raw_hybrid,C2s1,C0,235,133,20,4,4,"[""11364"",""33360"",""3362"",""41985""]","[""24728"",""29540"",""4646"",""9776""]",True,True,0.0,0.0,0.0,0.0,0.0,True,True
wands,minilm,raw_hybrid,C2s1,C0,245,57,20,2,2,"[""18899"",""34729""]","[""32628"",""4454""]",True,True,0.0,0.0,0.0,-1.1102230246251565e-16,1.1102230246251565e-16,True,True
wands,minilm,raw_hybrid,C2s1,C0,248,39,20,1,1,"[""406""]","[""40276""]",True,True,0.0,-2.220446049250313e-16,2.220446049250313e-16,0.0,0.0,True,True
wands,minilm,raw_hybrid,C2s1,C0,335,42,20,4,4,"[""14774"",""20642"",""20643"",""8140""]","[""19542"",""19544"",""20644"",""20645""]",True,True,0.0,0.0,0.0,0.0,0.0,True,True
wands,minilm,raw_hybrid,C2s1,C0,352,29,20,3,3,"[""17656"",""27603"",""8883""]","[""22353"",""30347"",""7289""]",True,True,0.0,0.0,0.0,0.0,0.0,True,True
wands,minilm,raw_hybrid,C2s1,C0,355,30,20,2,2,"[""35700"",""35707""]","[""24352"",""35699""]",True,True,0.0,0.0,0.0,0.0,0.0,True,True
wands,minilm,raw_hybrid,C2s1,C0,415,75,20,1,1,"[""32673""]","[""15955""]",True,True,0.0,0.0,0.0,2.220446049250313e-16,2.220446049250313e-16,True,True
wands,minilm,raw_hybrid,C2s1,C0,418,608,20,2,2,"[""5326"",""7744""]","[""17083"",""40590""]",True,True,0.0,-5.551115123125783e-16,5.551115123125783e-16,-1.1102230246251565e-16,1.1102230246251565e-16,True,True
wands,minilm,raw_hybrid,C2s1,C0,420,766,20,5,5,"[""33740"",""33742"",""33743"",""33755"",""33772""]","[""19995"",""24085"",""27090"",""33838"",""34860""]",True,True,0.0,-2.220446049250313e-16,2.220446049250313e-16,0.0,0.0,True,True
wands,minilm,raw_hybrid,C2s1,C0,422,428,20,3,3,"[""12659"",""29213"",""42354""]","[""12265"",""20693"",""27035""]",True,True,0.0,-2.220446049250313e-16,2.220446049250313e-16,0.0,0.0,True,True
wands,minilm,raw_hybrid,C2s1,C0,423,285,20,5,5,"[""12101"",""40249"",""5249"",""5805"",""6366""]","[""14200"",""15774"",""22497"",""26273"",""36903""]",True,True,0.0,0.0,0.0,2.220446049250313e-16,2.220446049250313e-16,True,True
wands,minilm,raw_hybrid,C2s1,C0,426,223,20,2,2,"[""40885"",""40906""]","[""27981"",""33666""]",True,True,0.0,-2.220446049250313e-16,2.220446049250313e-16,0.0,0.0,True,True
wands,minilm,raw_hybrid,C2s1,C0,433,113,20,6,6,"[""15885"",""17705"",""25514"",""25989"",""41202"",""9441""]","[""10841"",""13828"",""17401"",""1752"",""7904"",""9326""]",True,True,0.0,4.440892098500626e-16,4.440892098500626e-16,0.0,0.0,True,True
wands,minilm,raw_hybrid,C2s1,C0,434,226,20,7,7,"[""20088"",""24915"",""29400"",""37878"",""42407"",""7296"",""9469""]","[""14281"",""21157"",""23709"",""29226"",""38159"",""40125"",""7297""]",True,True,0.0,0.0,0.0,1.1102230246251565e-16,1.1102230246251565e-16,True,True
wands,minilm,raw_hybrid,C2s1,C0,464,85,20,1,1,"[""2427""]","[""17789""]",True,True,0.0,-2.220446049250313e-16,2.220446049250313e-16,0.0,0.0,True,True
wands,minilm,raw_hybrid,C2s2,C0,2,151,20,2,2,"[""24094"",""36534""]","[""29146"",""34737""]",True,True,0.0,0.0,0.0,-2.220446049250313e-16,2.220446049250313e-16,True,True
wands,minilm,raw_hybrid,C2s2,C0,9,74,20,5,5,"[""20909"",""24420"",""28838"",""39718"",""7507""]","[""21802"",""24421"",""30093"",""30837"",""5873""]",True,True,0.0,0.0,0.0,-2.220446049250313e-16,2.220446049250313e-16,True,True
wands,minilm,raw_hybrid,C2s2,C0,59,43,20,3,3,"[""41609"",""41613"",""41616""]","[""41632"",""41634"",""41642""]",True,True,0.0,-2.220446049250313e-16,2.220446049250313e-16,2.220446049250313e-16,2.220446049250313e-16,True,True
wands,minilm,raw_hybrid,C2s2,C0,102,57,20,4,4,"[""12157"",""13492"",""3400"",""6740""]","[""12160"",""20553"",""3247"",""3264""]",True,True,0.0,2.220446049250313e-16,2.220446049250313e-16,0.0,0.0,True,True
wands,minilm,raw_hybrid,C2s2,C0,109,39,20,3,3,"[""26122"",""26125"",""26136""]","[""26124"",""26919"",""26930""]",True,True,0.0,-2.220446049250313e-16,2.220446049250313e-16,-2.220446049250313e-16,2.220446049250313e-16,True,True
wands,minilm,raw_hybrid,C2s2,C0,111,69,20,2,2,"[""10156"",""10176""]","[""10157"",""10185""]",True,True,0.0,-4.440892098500626e-16,4.440892098500626e-16,0.0,0.0,True,True
wands,minilm,raw_hybrid,C2s2,C0,112,266,20,5,5,"[""18424"",""31926"",""33155"",""33169"",""37436""]","[""11313"",""26671"",""34748"",""39509"",""40867""]",True,True,0.0,0.0,0.0,0.0,0.0,True,True
wands,minilm,raw_hybrid,C2s2,C0,115,202,20,4,4,"[""14016"",""22529"",""35239"",""40634""]","[""13867"",""29016"",""4695"",""5231""]",True,True,0.0,-4.440892098500626e-16,4.440892098500626e-16,0.0,0.0,True,True
wands,minilm,raw_hybrid,C2s2,C0,144,116,20,7,7,"[""19653"",""22659"",""273"",""29822"",""31029"",""37588"",""40121""]","[""16494"",""18447"",""20098"",""276"",""36799"",""36801"",""36804""]",True,True,0.0,1.1102230246251565e-16,1.1102230246251565e-16,0.0,0.0,True,True
wands,minilm,raw_hybrid,C2s2,C0,167,87,20,2,2,"[""10026"",""8035""]","[""38584"",""39492""]",True,True,0.0,0.0,0.0,-2.220446049250313e-16,2.220446049250313e-16,True,True
wands,minilm,raw_hybrid,C2s2,C0,172,42,20,4,4,"[""19491"",""31249"",""37418"",""37424""]","[""12246"",""19477"",""19492"",""6527""]",True,True,0.0,0.0,0.0,0.0,0.0,True,True
wands,minilm,raw_hybrid,C2s2,C0,175,70,20,3,3,"[""24490"",""25896"",""839""]","[""17073"",""28404"",""4733""]",True,True,0.0,-2.220446049250313e-16,2.220446049250313e-16,0.0,0.0,True,True
wands,minilm,raw_hybrid,C2s2,C0,182,58,20,3,3,"[""17199"",""24216"",""29771""]","[""12830"",""27092"",""29772""]",True,True,0.0,0.0,0.0,0.0,0.0,True,True
wands,minilm,raw_hybrid,C2s2,C0,185,34,20,1,1,"[""30021""]","[""26266""]",True,True,0.0,-2.220446049250313e-16,2.220446049250313e-16,0.0,0.0,True,True
wands,minilm,raw_hybrid,C2s2,C0,227,176,20,3,3,"[""16777"",""21845"",""9580""]","[""11174"",""24401"",""32546""]",True,True,0.0,-2.220446049250313e-16,2.220446049250313e-16,0.0,0.0,True,True
wands,minilm,raw_hybrid,C2s2,C0,231,307,20,5,5,"[""20176"",""3211"",""5544"",""7808"",""7816""]","[""20148"",""20165"",""20172"",""20184"",""5540""]",True,True,0.0,2.220446049250313e-16,2.220446049250313e-16,0.0,0.0,True,True
wands,minilm,raw_hybrid,C2s2,C0,235,133,20,3,3,"[""11364"",""33360"",""41985""]","[""29540"",""40099"",""9776""]",True,True,0.0,-2.220446049250313e-16,2.220446049250313e-16,2.220446049250313e-16,2.220446049250313e-16,True,True
wands,minilm,raw_hybrid,C2s2,C0,248,39,20,1,1,"[""406""]","[""40276""]",True,True,0.0,-2.220446049250313e-16,2.220446049250313e-16,0.0,0.0,True,True
wands,minilm,raw_hybrid,C2s2,C0,249,124,20,4,4,"[""20275"",""27939"",""30122"",""39434""]","[""1807"",""2694"",""39972"",""7390""]",True,True,0.0,-2.220446049250313e-16,2.220446049250313e-16,0.0,0.0,True,True
wands,minilm,raw_hybrid,C2s2,C0,335,42,20,7,7,"[""13458"",""14774"",""20641"",""20643"",""21271"",""31122"",""39144""]","[""13875"",""19354"",""19538"",""19541"",""19542"",""20645"",""42862""]",True,True,0.0,0.0,0.0,0.0,0.0,True,True
wands,minilm,raw_hybrid,C2s2,C0,352,29,20,2,2,"[""30349"",""8883""]","[""30347"",""30348""]",True,True,0.0,2.220446049250313e-16,2.220446049250313e-16,0.0,0.0,True,True
wands,minilm,raw_hybrid,C2s2,C0,355,30,20,1,1,"[""35700""]","[""24352""]",True,True,0.0,-2.220446049250313e-16,2.220446049250313e-16,0.0,0.0,True,True
wands,minilm,raw_hybrid,C2s2,C0,368,81,20,1,1,"[""30200""]","[""35822""]",True,True,0.0,0.0,0.0,0.0,0.0,True,True
wands,minilm,raw_hybrid,C2s2,C0,415,75,20,2,2,"[""32673"",""37612""]","[""15955"",""37619""]",True,True,0.0,0.0,0.0,0.0,0.0,True,True
wands,minilm,raw_hybrid,C2s2,C0,420,766,20,6,6,"[""33740"",""33742"",""33743"",""33744"",""33796"",""40303""]","[""13802"",""24085"",""27090"",""33838"",""34860"",""40304""]",True,True,0.0,-2.220446049250313e-16,2.220446049250313e-16,0.0,0.0,True,True
wands,minilm,raw_hybrid,C2s2,C0,426,223,20,3,3,"[""21870"",""31089"",""40906""]","[""27981"",""33666"",""40904""]",True,True,0.0,-4.440892098500626e-16,4.440892098500626e-16,0.0,0.0,True,True
wands,minilm,raw_hybrid,C2s2,C0,433,113,20,4,4,"[""16283"",""17730"",""25989"",""9441""]","[""13828"",""17401"",""24902"",""7904""]",True,True,0.0,0.0,0.0,0.0,0.0,True,True
wands,minilm,raw_hybrid,C2s2,C0,464,85,20,1,1,"[""2427""]","[""17789""]",True,True,0.0,0.0,0.0,0.0,0.0,True,True
wands,minilm,raw_hybrid,C2s3,C0,2,151,20,1,1,"[""36534""]","[""29146""]",True,True,0.0,0.0,0.0,-2.220446049250313e-16,2.220446049250313e-16,True,True
wands,minilm,raw_hybrid,C2s3,C0,9,74,20,4,4,"[""24420"",""39718"",""39719"",""7507""]","[""21802"",""24416"",""30093"",""5873""]",True,True,0.0,2.220446049250313e-16,2.220446049250313e-16,-2.220446049250313e-16,2.220446049250313e-16,True,True
wands,minilm,raw_hybrid,C2s3,C0,59,43,20,3,3,"[""41607"",""41609"",""41616""]","[""41636"",""41639"",""41647""]",True,True,0.0,-2.220446049250313e-16,2.220446049250313e-16,0.0,0.0,True,True
wands,minilm,raw_hybrid,C2s3,C0,109,39,20,2,2,"[""26122"",""26926""]","[""26919"",""26935""]",True,True,0.0,-2.220446049250313e-16,2.220446049250313e-16,-2.220446049250313e-16,2.220446049250313e-16,True,True
wands,minilm,raw_hybrid,C2s3,C0,111,69,20,1,1,"[""10176""]","[""10185""]",True,True,0.0,-2.220446049250313e-16,2.220446049250313e-16,0.0,0.0,True,True
wands,minilm,raw_hybrid,C2s3,C0,112,266,20,6,6,"[""15334"",""25786"",""31926"",""33169"",""37436"",""6302""]","[""11313"",""21789"",""34748"",""39509"",""40867"",""5349""]",True,True,0.0,-2.220446049250313e-16,2.220446049250313e-16,2.220446049250313e-16,2.220446049250313e-16,True,True
wands,minilm,raw_hybrid,C2s3,C0,115,202,20,3,3,"[""14016"",""36657"",""9609""]","[""13867"",""40173"",""4695""]",True,True,0.0,-4.440892098500626e-16,4.440892098500626e-16,0.0,0.0,True,True
wands,minilm,raw_hybrid,C2s3,C0,138,142,20,4,4,"[""15718"",""15738"",""15739"",""37541""]","[""15725"",""15726"",""15727"",""37821""]",True,True,0.0,-2.220446049250313e-16,2.220446049250313e-16,2.220446049250313e-16,2.220446049250313e-16,True,True
wands,minilm,raw_hybrid,C2s3,C0,144,116,20,6,6,"[""19653"",""23114"",""29822"",""30150"",""40121"",""9134""]","[""20098"",""274"",""276"",""36799"",""36801"",""36804""]",True,True,0.0,1.1102230246251565e-16,1.1102230246251565e-16,0.0,0.0,True,True
wands,minilm,raw_hybrid,C2s3,C0,167,87,20,2,2,"[""36641"",""8035""]","[""17402"",""30384""]",True,True,0.0,-2.220446049250313e-16,2.220446049250313e-16,-2.220446049250313e-16,2.220446049250313e-16,True,True
wands,minilm,raw_hybrid,C2s3,C0,172,42,20,5,5,"[""19489"",""37418"",""39145"",""39146"",""40932""]","[""19477"",""19478"",""19482"",""19487"",""6527""]",True,True,0.0,2.220446049250313e-16,2.220446049250313e-16,0.0,0.0,True,True
wands,minilm,raw_hybrid,C2s3,C0,175,70,20,2,2,"[""17812"",""838""]","[""17073"",""4733""]",True,True,0.0,-2.220446049250313e-16,2.220446049250313e-16,0.0,0.0,True,True
wands,minilm,raw_hybrid,C2s3,C0,185,34,20,1,1,"[""30697""]","[""11463""]",True,True,0.0,0.0,0.0,0.0,0.0,True,True
wands,minilm,raw_hybrid,C2s3,C0,227,176,20,2,2,"[""21845"",""24423""]","[""11174"",""32546""]",True,True,0.0,-2.220446049250313e-16,2.220446049250313e-16,0.0,0.0,True,True
wands,minilm,raw_hybrid,C2s3,C0,231,307,20,5,5,"[""20173"",""20176"",""20187"",""5544"",""7808""]","[""20165"",""20184"",""20185"",""5540"",""7798""]",True,True,0.0,2.220446049250313e-16,2.220446049250313e-16,0.0,0.0,True,True
wands,minilm,raw_hybrid,C2s3,C0,235,133,20,4,4,"[""11364"",""18104"",""33360"",""41985""]","[""24728"",""26280"",""29540"",""9776""]",True,True,0.0,-2.220446049250313e-16,2.220446049250313e-16,0.0,0.0,True,True
wands,minilm,raw_hybrid,C2s3,C0,248,39,20,1,1,"[""37184""]","[""40276""]",True,True,0.0,-2.220446049250313e-16,2.220446049250313e-16,2.220446049250313e-16,2.220446049250313e-16,True,True
wands,minilm,raw_hybrid,C2s3,C0,335,42,20,6,6,"[""14774"",""20641"",""20643"",""21271"",""39144"",""39299""]","[""13875"",""19354"",""19539"",""20644"",""20645"",""42862""]",True,True,0.0,-2.220446049250313e-16,2.220446049250313e-16,2.220446049250313e-16,2.220446049250313e-16,True,True
wands,minilm,raw_hybrid,C2s3,C0,352,29,20,2,2,"[""17656"",""30349""]","[""22353"",""30347""]",True,True,0.0,2.220446049250313e-16,2.220446049250313e-16,0.0,0.0,True,True
wands,minilm,raw_hybrid,C2s3,C0,355,30,20,1,1,"[""24355""]","[""24352""]",True,True,0.0,-2.220446049250313e-16,2.220446049250313e-16,0.0,0.0,True,True
wands,minilm,raw_hybrid,C2s3,C0,368,81,20,1,1,"[""30200""]","[""35822""]",True,True,0.0,4.440892098500626e-16,4.440892098500626e-16,2.220446049250313e-16,2.220446049250313e-16,True,True
wands,minilm,raw_hybrid,C2s3,C0,415,75,20,2,2,"[""21654"",""37612""]","[""15955"",""37217""]",True,True,0.0,2.220446049250313e-16,2.220446049250313e-16,0.0,0.0,True,True
wands,minilm,raw_hybrid,C2s3,C0,420,766,20,5,5,"[""33740"",""33742"",""33744"",""33746"",""33796""]","[""13802"",""19995"",""33791"",""33838"",""34860""]",True,True,0.0,0.0,0.0,-1.1102230246251565e-16,1.1102230246251565e-16,True,True
wands,minilm,raw_hybrid,C2s3,C0,423,285,20,5,5,"[""12101"",""12757"",""16014"",""22508"",""5249""]","[""14200"",""22497"",""26273"",""32733"",""41064""]",True,True,0.0,2.220446049250313e-16,2.220446049250313e-16,0.0,0.0,True,True
wands,minilm,raw_hybrid,C2s3,C0,426,223,20,2,2,"[""27920"",""40885""]","[""27981"",""33666""]",True,True,0.0,-4.440892098500626e-16,4.440892098500626e-16,0.0,0.0,True,True
wands,minilm,raw_hybrid,C2s3,C0,433,113,20,4,4,"[""16283"",""17711"",""25514"",""25989""]","[""13828"",""17401"",""25004"",""30781""]",True,True,0.0,0.0,0.0,0.0,0.0,True,True
wands,minilm,raw_hybrid,C2s3,C0,464,85,20,2,2,"[""10987"",""2427""]","[""13194"",""17789""]",True,True,0.0,0.0,0.0,0.0,0.0,True,True
wands,minilm,raw_hybrid,C2s4,C0,2,151,20,1,1,"[""24094""]","[""29146""]",True,True,0.0,-2.220446049250313e-16,2.220446049250313e-16,-2.220446049250313e-16,2.220446049250313e-16,True,True
wands,minilm,raw_hybrid,C2s4,C0,9,74,20,5,5,"[""24420"",""24422"",""39718"",""39719"",""7507""]","[""15058"",""20647"",""30093"",""30837"",""5873""]",True,True,0.0,4.440892098500626e-16,4.440892098500626e-16,0.0,0.0,True,True
wands,minilm,raw_hybrid,C2s4,C0,59,43,20,3,3,"[""41607"",""41608"",""41613""]","[""41636"",""41639"",""41642""]",True,True,0.0,-2.220446049250313e-16,2.220446049250313e-16,0.0,0.0,True,True
wands,minilm,raw_hybrid,C2s4,C0,109,39,20,2,2,"[""26128"",""26926""]","[""26124"",""26919""]",True,True,0.0,0.0,0.0,-2.220446049250313e-16,2.220446049250313e-16,True,True
wands,minilm,raw_hybrid,C2s4,C0,111,69,20,1,1,"[""10176""]","[""10157""]",True,True,0.0,0.0,0.0,0.0,0.0,True,True
wands,minilm,raw_hybrid,C2s4,C0,112,266,20,5,5,"[""18424"",""31926"",""33155"",""33169"",""6302""]","[""10493"",""11313"",""34748"",""40867"",""40870""]",True,True,0.0,0.0,0.0,0.0,0.0,True,True
wands,minilm,raw_hybrid,C2s4,C0,115,202,20,3,3,"[""14016"",""36657"",""9609""]","[""13867"",""40173"",""4686""]",True,True,0.0,-2.220446049250313e-16,2.220446049250313e-16,0.0,0.0,True,True
wands,minilm,raw_hybrid,C2s4,C0,144,116,20,6,6,"[""22659"",""29822"",""31029"",""38265"",""40121"",""575""]","[""18447"",""274"",""28168"",""36799"",""36801"",""36804""]",True,True,0.0,3.3306690738754696e-16,3.3306690738754696e-16,-1.1102230246251565e-16,1.1102230246251565e-16,True,True
wands,minilm,raw_hybrid,C2s4,C0,147,12,20,1,1,"[""12159""]","[""29890""]",True,True,0.0,0.0,0.0,0.0,0.0,True,True
wands,minilm,raw_hybrid,C2s4,C0,167,87,20,1,1,"[""10026""]","[""32859""]",True,True,0.0,2.220446049250313e-16,2.220446049250313e-16,-2.220446049250313e-16,2.220446049250313e-16,True,True
wands,minilm,raw_hybrid,C2s4,C0,172,42,20,4,4,"[""12149"",""19489"",""37418"",""39145""]","[""12246"",""19476"",""19478"",""19487""]",True,True,0.0,2.220446049250313e-16,2.220446049250313e-16,0.0,0.0,True,True
wands,minilm,raw_hybrid,C2s4,C0,175,70,20,2,2,"[""25896"",""838""]","[""29854"",""4733""]",True,True,0.0,-2.220446049250313e-16,2.220446049250313e-16,0.0,0.0,True,True
wands,minilm,raw_hybrid,C2s4,C0,185,34,20,1,1,"[""30021""]","[""21729""]",True,True,0.0,-2.220446049250313e-16,2.220446049250313e-16,0.0,0.0,True,True
wands,minilm,raw_hybrid,C2s4,C0,227,176,20,2,2,"[""17682"",""32544""]","[""11174"",""32546""]",True,True,0.0,0.0,0.0,0.0,0.0,True,True
wands,minilm,raw_hybrid,C2s4,C0,231,307,20,7,7,"[""20146"",""20173"",""20176"",""3211"",""5544"",""7808"",""7812""]","[""20148"",""20165"",""20175"",""20185"",""40204"",""5540"",""7798""]",True,True,0.0,2.220446049250313e-16,2.220446049250313e-16,0.0,0.0,True,True
wands,minilm,raw_hybrid,C2s4,C0,234,107,20,4,4,"[""29468"",""32286"",""38956"",""7731""]","[""11548"",""25540"",""28399"",""38240""]",True,True,0.0,-2.220446049250313e-16,2.220446049250313e-16,-2.220446049250313e-16,2.220446049250313e-16,True,True
wands,minilm,raw_hybrid,C2s4,C0,235,133,20,3,3,"[""11364"",""18104"",""41985""]","[""24728"",""4646"",""9776""]",True,True,0.0,0.0,0.0,0.0,0.0,True,True
wands,minilm,raw_hybrid,C2s4,C0,335,42,20,7,7,"[""14774"",""20641"",""20642"",""20643"",""33342"",""39144"",""8140""]","[""19354"",""19541"",""19544"",""20644"",""20645"",""39148"",""42862""]",True,True,0.0,-2.220446049250313e-16,2.220446049250313e-16,0.0,0.0,True,True
wands,minilm,raw_hybrid,C2s4,C0,352,29,20,2,2,"[""17656"",""30349""]","[""22353"",""30347""]",True,True,0.0,2.220446049250313e-16,2.220446049250313e-16,0.0,0.0,True,True
wands,minilm,raw_hybrid,C2s4,C0,355,30,20,2,2,"[""26207"",""35706""]","[""13859"",""24352""]",True,True,0.0,-2.220446049250313e-16,2.220446049250313e-16,0.0,0.0,True,True
wands,minilm,raw_hybrid,C2s4,C0,368,81,20,1,1,"[""30200""]","[""35822""]",True,True,0.0,0.0,0.0,0.0,0.0,True,True
wands,minilm,raw_hybrid,C2s4,C0,415,75,20,3,3,"[""21654"",""37612"",""37625""]","[""15955"",""37217"",""37619""]",True,True,0.0,0.0,0.0,-1.1102230246251565e-16,1.1102230246251565e-16,True,True
wands,minilm,raw_hybrid,C2s4,C0,418,608,20,3,3,"[""11650"",""5326"",""7744""]","[""17083"",""39774"",""5293""]",True,True,0.0,-2.220446049250313e-16,2.220446049250313e-16,0.0,0.0,True,True
wands,minilm,raw_hybrid,C2s4,C0,420,766,20,4,4,"[""33743"",""33772"",""33773"",""33796""]","[""13802"",""19995"",""33834"",""33838""]",True,True,0.0,0.0,0.0,0.0,0.0,True,True
wands,minilm,raw_hybrid,C2s4,C0,422,428,20,4,4,"[""12659"",""26359"",""3164"",""42354""]","[""12265"",""13221"",""34378"",""38392""]",True,True,0.0,-2.220446049250313e-16,2.220446049250313e-16,0.0,0.0,True,True
wands,minilm,raw_hybrid,C2s4,C0,423,285,20,7,7,"[""12101"",""21374"",""3432"",""36138"",""40249"",""5249"",""7575""]","[""14200"",""15774"",""22497"",""26273"",""32733"",""36903"",""40259""]",True,True,0.0,0.0,0.0,0.0,0.0,True,True
wands,minilm,raw_hybrid,C2s4,C0,426,223,20,3,3,"[""34592"",""40885"",""5845""]","[""27981"",""33666"",""40904""]",True,True,0.0,-2.220446049250313e-16,2.220446049250313e-16,0.0,0.0,True,True
wands,minilm,raw_hybrid,C2s4,C0,433,113,20,4,4,"[""17711"",""25514"",""25989"",""5454""]","[""13828"",""24902"",""25004"",""9326""]",True,True,0.0,2.220446049250313e-16,2.220446049250313e-16,0.0,0.0,True,True
wands,minilm,raw_hybrid,C2s4,C0,464,85,20,2,2,"[""10987"",""2427""]","[""17789"",""21113""]",True,True,0.0,-2.220446049250313e-16,2.220446049250313e-16,0.0,0.0,True,True
wands,minilm,raw_hybrid,C2s5,C0,2,151,20,1,1,"[""36534""]","[""29146""]",True,True,0.0,-2.220446049250313e-16,2.220446049250313e-16,-2.220446049250313e-16,2.220446049250313e-16,True,True
wands,minilm,raw_hybrid,C2s5,C0,9,74,20,6,6,"[""20909"",""24420"",""24422"",""28838"",""39718"",""7507""]","[""15058"",""20647"",""30093"",""30837"",""38098"",""5873""]",True,True,0.0,0.0,0.0,-3.3306690738754696e-16,3.3306690738754696e-16,True,True
wands,minilm,raw_hybrid,C2s5,C0,59,43,20,1,1,"[""41618""]","[""41636""]",True,True,0.0,-2.220446049250313e-16,2.220446049250313e-16,0.0,0.0,True,True
wands,minilm,raw_hybrid,C2s5,C0,109,39,20,4,4,"[""26122"",""26128"",""26916"",""26929""]","[""26124"",""26923"",""26930"",""26934""]",True,True,0.0,0.0,0.0,-2.220446049250313e-16,2.220446049250313e-16,True,True
wands,minilm,raw_hybrid,C2s5,C0,111,69,20,3,3,"[""10156"",""10176"",""10193""]","[""10097"",""10157"",""10185""]",True,True,0.0,0.0,0.0,-1.1102230246251565e-16,1.1102230246251565e-16,True,True
wands,minilm,raw_hybrid,C2s5,C0,112,266,20,5,5,"[""25786"",""31926"",""33169"",""5360"",""6302""]","[""11313"",""34748"",""39509"",""40870"",""5349""]",True,True,0.0,0.0,0.0,0.0,0.0,True,True
wands,minilm,raw_hybrid,C2s5,C0,115,202,20,4,4,"[""22529"",""35239"",""36541"",""36601""]","[""13867"",""37455"",""40173"",""5231""]",True,True,0.0,-2.220446049250313e-16,2.220446049250313e-16,0.0,0.0,True,True
wands,minilm,raw_hybrid,C2s5,C0,167,87,20,2,2,"[""11491"",""8035""]","[""32859"",""39492""]",True,True,0.0,-2.220446049250313e-16,2.220446049250313e-16,-3.3306690738754696e-16,3.3306690738754696e-16,True,True
wands,minilm,raw_hybrid,C2s5,C0,172,42,20,3,3,"[""19489"",""37418"",""39146""]","[""12246"",""19476"",""19478""]",True,True,0.0,0.0,0.0,0.0,0.0,True,True
wands,minilm,raw_hybrid,C2s5,C0,175,70,20,3,3,"[""17812"",""25896"",""838""]","[""17073"",""36670"",""4733""]",True,True,0.0,-4.440892098500626e-16,4.440892098500626e-16,0.0,0.0,True,True
wands,minilm,raw_hybrid,C2s5,C0,185,34,20,1,1,"[""30021""]","[""26266""]",True,True,0.0,2.220446049250313e-16,2.220446049250313e-16,0.0,0.0,True,True
wands,minilm,raw_hybrid,C2s5,C0,227,176,20,2,2,"[""21845"",""32627""]","[""11174"",""41078""]",True,True,0.0,0.0,0.0,0.0,0.0,True,True
wands,minilm,raw_hybrid,C2s5,C0,231,307,20,4,4,"[""20173"",""20176"",""20209"",""5544""]","[""20172"",""20184"",""20185"",""5540""]",True,True,0.0,2.220446049250313e-16,2.220446049250313e-16,0.0,0.0,True,True
wands,minilm,raw_hybrid,C2s5,C0,234,107,20,3,3,"[""25378"",""4684"",""7731""]","[""11548"",""28399"",""38240""]",True,True,0.0,0.0,0.0,-2.220446049250313e-16,2.220446049250313e-16,True,True
wands,minilm,raw_hybrid,C2s5,C0,235,133,20,2,2,"[""11364"",""41985""]","[""24728"",""9776""]",True,True,0.0,-2.220446049250313e-16,2.220446049250313e-16,0.0,0.0,True,True
wands,minilm,raw_hybrid,C2s5,C0,247,40,20,2,2,"[""25946"",""25955""]","[""25949"",""39616""]",True,True,0.0,1.1102230246251565e-16,1.1102230246251565e-16,0.0,0.0,True,True
wands,minilm,raw_hybrid,C2s5,C0,248,39,20,1,1,"[""406""]","[""6734""]",True,True,0.0,-4.440892098500626e-16,4.440892098500626e-16,0.0,0.0,True,True
wands,minilm,raw_hybrid,C2s5,C0,335,42,20,7,7,"[""14774"",""19540"",""20641"",""20643"",""32046"",""39144"",""8140""]","[""13875"",""19539"",""19542"",""19544"",""20645"",""39148"",""42862""]",True,True,0.0,-2.220446049250313e-16,2.220446049250313e-16,0.0,0.0,True,True
wands,minilm,raw_hybrid,C2s5,C0,352,29,20,1,1,"[""17656""]","[""30347""]",True,True,0.0,4.440892098500626e-16,4.440892098500626e-16,0.0,0.0,True,True
wands,minilm,raw_hybrid,C2s5,C0,355,30,20,2,2,"[""24355"",""35706""]","[""13859"",""24352""]",True,True,0.0,-2.220446049250313e-16,2.220446049250313e-16,0.0,0.0,True,True
wands,minilm,raw_hybrid,C2s5,C0,368,81,20,1,1,"[""31314""]","[""35821""]",True,True,0.0,4.440892098500626e-16,4.440892098500626e-16,0.0,0.0,True,True
wands,minilm,raw_hybrid,C2s5,C0,415,75,20,1,1,"[""32673""]","[""37217""]",True,True,0.0,2.220446049250313e-16,2.220446049250313e-16,0.0,0.0,True,True
wands,minilm,raw_hybrid,C2s5,C0,420,766,20,6,6,"[""11132"",""27472"",""33743"",""33746"",""36090"",""40303""]","[""13802"",""19995"",""27090"",""33834"",""33838"",""34860""]",True,True,0.0,0.0,0.0,0.0,0.0,True,True
wands,minilm,raw_hybrid,C2s5,C0,423,285,20,4,4,"[""12101"",""40249"",""5249"",""7540""]","[""10419"",""15774"",""22497"",""36903""]",True,True,0.0,2.220446049250313e-16,2.220446049250313e-16,0.0,0.0,True,True
wands,minilm,raw_hybrid,C2s5,C0,426,223,20,3,3,"[""31089"",""40885"",""40906""]","[""27981"",""33666"",""40904""]",True,True,0.0,-2.220446049250313e-16,2.220446049250313e-16,2.220446049250313e-16,2.220446049250313e-16,True,True
wands,minilm,raw_hybrid,C2s5,C0,433,113,20,6,6,"[""15885"",""16283"",""17711"",""25514"",""25989"",""41202""]","[""10841"",""13828"",""17401"",""22070"",""23668"",""7904""]",True,True,0.0,0.0,0.0,0.0,0.0,True,True
wands,minilm,raw_hybrid,C2s5,C0,446,57,20,2,2,"[""19697"",""31534""]","[""23063"",""23066""]",True,True,0.0,1.1102230246251565e-16,1.1102230246251565e-16,-1.1102230246251565e-16,1.1102230246251565e-16,True,True
wands,minilm,raw_hybrid,C2s5,C0,464,85,20,2,2,"[""17047"",""2427""]","[""13194"",""17789""]",True,True,0.0,0.0,0.0,0.0,0.0,True,True
wands,bge_base,raw,C1,C0,0,39,20,1,1,"[""42931""]","[""1197""]",True,True,0.0,0.0,0.0,0.0,0.0,True,True
wands,bge_base,raw,C1,C0,9,74,20,5,5,"[""21801"",""24416"",""24420"",""39718"",""39719""]","[""20647"",""29691"",""3288"",""5873"",""7997""]",True,True,0.0,-2.220446049250313e-16,2.220446049250313e-16,0.0,0.0,True,True
wands,bge_base,raw,C1,C0,28,175,20,3,3,"[""12961"",""40846"",""917""]","[""12403"",""767"",""921""]",True,True,0.0,2.220446049250313e-16,2.220446049250313e-16,0.0,0.0,True,True
wands,bge_base,raw,C1,C0,59,43,20,2,2,"[""41637"",""41646""]","[""41619"",""41643""]",True,True,0.0,2.220446049250313e-16,2.220446049250313e-16,0.0,0.0,True,True
wands,bge_base,raw,C1,C0,108,81,20,2,2,"[""3043"",""3916""]","[""3036"",""3039""]",True,True,0.0,-2.220446049250313e-16,2.220446049250313e-16,0.0,0.0,True,True
wands,bge_base,raw,C1,C0,109,39,20,5,5,"[""26121"",""26122"",""26125"",""26919"",""26934""]","[""26124"",""26126"",""26129"",""26132"",""26137""]",True,True,0.0,0.0,0.0,0.0,0.0,True,True
wands,bge_base,raw,C1,C0,112,266,20,4,4,"[""34747"",""37666"",""39122"",""7636""]","[""11828"",""32534"",""39509"",""8026""]",True,True,0.0,0.0,0.0,0.0,0.0,True,True
wands,bge_base,raw,C1,C0,115,202,20,3,3,"[""11908"",""21318"",""4850""]","[""14197"",""29145"",""36657""]",True,True,0.0,0.0,0.0,0.0,0.0,True,True
wands,bge_base,raw,C1,C0,138,142,20,3,3,"[""15734"",""15739"",""37537""]","[""13918"",""15729"",""35938""]",True,True,0.0,0.0,0.0,0.0,0.0,True,True
wands,bge_base,raw,C1,C0,172,42,20,1,1,"[""19483""]","[""12149""]",True,True,0.0,0.0,0.0,-2.220446049250313e-16,2.220446049250313e-16,True,True
wands,bge_base,raw,C1,C0,185,34,20,1,1,"[""30020""]","[""15053""]",True,True,0.0,-2.220446049250313e-16,2.220446049250313e-16,0.0,0.0,True,True
wands,bge_base,raw,C1,C0,227,176,20,2,2,"[""31875"",""32545""]","[""13954"",""40933""]",True,True,0.0,0.0,0.0,0.0,0.0,True,True
wands,bge_base,raw,C1,C0,229,133,20,4,4,"[""12714"",""26426"",""37676"",""37677""]","[""30293"",""35916"",""37682"",""3951""]",True,True,0.0,0.0,0.0,-2.220446049250313e-16,2.220446049250313e-16,True,True
wands,bge_base,raw,C1,C0,231,307,20,5,5,"[""37018"",""5540"",""5543"",""7799"",""7808""]","[""19170"",""20175"",""20185"",""7813"",""7818""]",True,True,0.0,0.0,0.0,0.0,0.0,True,True
wands,bge_base,raw,C1,C0,234,107,20,3,3,"[""19626"",""25384"",""4680""]","[""24546"",""25385"",""37796""]",True,True,0.0,2.220446049250313e-16,2.220446049250313e-16,0.0,0.0,True,True
wands,bge_base,raw,C1,C0,245,57,20,2,2,"[""20266"",""41068""]","[""17814"",""37520""]",True,True,0.0,0.0,0.0,0.0,0.0,True,True
wands,bge_base,raw,C1,C0,247,40,20,1,1,"[""3165""]","[""3179""]",True,True,0.0,0.0,0.0,0.0,0.0,True,True
wands,bge_base,raw,C1,C0,248,39,20,2,2,"[""16396"",""40275""]","[""29117"",""6734""]",True,True,0.0,2.220446049250313e-16,2.220446049250313e-16,2.220446049250313e-16,2.220446049250313e-16,True,True
wands,bge_base,raw,C1,C0,355,30,20,1,1,"[""41684""]","[""35470""]",True,True,0.0,-2.220446049250313e-16,2.220446049250313e-16,0.0,0.0,True,True
wands,bge_base,raw,C1,C0,368,81,20,4,4,"[""16453"",""22326"",""38214"",""4071""]","[""15583"",""185"",""19927"",""8611""]",True,True,0.0,2.220446049250313e-16,2.220446049250313e-16,2.220446049250313e-16,2.220446049250313e-16,True,True
wands,bge_base,raw,C1,C0,438,101,20,3,3,"[""13434"",""13442"",""27914""]","[""27923"",""27944"",""36473""]",True,True,0.0,-2.220446049250313e-16,2.220446049250313e-16,0.0,0.0,True,True
wands,bge_base,raw,C1,C0,442,70,20,6,6,"[""16065"",""17612"",""24723"",""31781"",""31808"",""40963""]","[""15592"",""33244"",""39156"",""42680"",""7402"",""7449""]",True,True,0.0,0.0,0.0,0.0,0.0,True,True
wands,bge_base,raw,C1,C0,464,85,20,2,2,"[""24107"",""2423""]","[""11152"",""38710""]",True,True,0.0,0.0,0.0,0.0,0.0,True,True
wands,bge_base,raw,C1,C0,470,45,20,4,4,"[""31082"",""32858"",""37492"",""8072""]","[""11032"",""12966"",""27514"",""28113""]",True,True,0.0,2.220446049250313e-16,2.220446049250313e-16,0.0,0.0,True,True
wands,bge_base,raw,C1,C0,472,47,20,4,4,"[""17467"",""32440"",""32441"",""5134""]","[""27720"",""34478"",""5135"",""6259""]",True,True,0.0,0.0,0.0,0.0,0.0,True,True
wands,bge_base,raw,C2s1,C0,9,74,20,4,4,"[""21802"",""24420"",""39719"",""7507""]","[""20647"",""24422"",""29691"",""3288""]",True,True,0.0,0.0,0.0,0.0,0.0,True,True
wands,bge_base,raw,C2s1,C0,59,43,20,2,2,"[""41637"",""41646""]","[""41619"",""41642""]",True,True,0.0,0.0,0.0,0.0,0.0,True,True
wands,bge_base,raw,C2s1,C0,108,81,20,1,1,"[""3916""]","[""3039""]",True,True,0.0,0.0,0.0,0.0,0.0,True,True
wands,bge_base,raw,C2s1,C0,109,39,20,2,2,"[""26122"",""26934""]","[""26132"",""26137""]",True,True,0.0,0.0,0.0,0.0,0.0,True,True
wands,bge_base,raw,C2s1,C0,112,266,20,3,3,"[""34754"",""37666"",""7636""]","[""11828"",""32534"",""8026""]",True,True,0.0,-2.220446049250313e-16,2.220446049250313e-16,0.0,0.0,True,True
wands,bge_base,raw,C2s1,C0,115,202,20,4,4,"[""11908"",""12180"",""13014"",""4850""]","[""13483"",""29145"",""36657"",""42607""]",True,True,0.0,2.220446049250313e-16,2.220446049250313e-16,0.0,0.0,True,True
wands,bge_base,raw,C2s1,C0,138,142,20,4,4,"[""15728"",""15738"",""15739"",""37543""]","[""13918"",""15729"",""15737"",""35938""]",True,True,0.0,2.220446049250313e-16,2.220446049250313e-16,0.0,0.0,True,True
wands,bge_base,raw,C2s1,C0,172,42,20,2,2,"[""19477"",""19483""]","[""12149"",""12246""]",True,True,0.0,4.440892098500626e-16,4.440892098500626e-16,0.0,0.0,True,True
wands,bge_base,raw,C2s1,C0,185,34,20,1,1,"[""30020""]","[""15053""]",True,True,0.0,0.0,0.0,0.0,0.0,True,True
wands,bge_base,raw,C2s1,C0,227,176,20,6,6,"[""12368"",""31875"",""32545"",""35908"",""8054"",""8304""]","[""13954"",""14018"",""33157"",""36643"",""40933"",""920""]",True,True,0.0,0.0,0.0,0.0,0.0,True,True
wands,bge_base,raw,C2s1,C0,229,133,20,4,4,"[""12714"",""15351"",""18953"",""8925""]","[""30293"",""35916"",""37682"",""38211""]",True,True,0.0,-2.220446049250313e-16,2.220446049250313e-16,-2.220446049250313e-16,2.220446049250313e-16,True,True
wands,bge_base,raw,C2s1,C0,231,307,20,6,6,"[""20169"",""37018"",""5543"",""7799"",""7808"",""7814""]","[""19170"",""20185"",""25796"",""7801"",""7802"",""7803""]",True,True,0.0,-2.220446049250313e-16,2.220446049250313e-16,0.0,0.0,True,True
wands,bge_base,raw,C2s1,C0,234,107,20,4,4,"[""19626"",""25384"",""27591"",""4680""]","[""24546"",""25378"",""25385"",""37796""]",True,True,0.0,0.0,0.0,2.220446049250313e-16,2.220446049250313e-16,True,True
wands,bge_base,raw,C2s1,C0,248,39,20,1,1,"[""406""]","[""6734""]",True,True,0.0,2.220446049250313e-16,2.220446049250313e-16,0.0,0.0,True,True
wands,bge_base,raw,C2s1,C0,368,81,20,1,1,"[""22326""]","[""15583""]",True,True,0.0,-2.220446049250313e-16,2.220446049250313e-16,0.0,0.0,True,True
wands,bge_base,raw,C2s1,C0,438,101,20,2,2,"[""13434"",""27914""]","[""26370"",""27944""]",True,True,0.0,0.0,0.0,0.0,0.0,True,True
wands,bge_base,raw,C2s1,C0,439,216,20,3,3,"[""25747"",""29094"",""35331""]","[""16811"",""16812"",""23631""]",True,True,0.0,0.0,0.0,0.0,0.0,True,True
wands,bge_base,raw,C2s1,C0,442,70,20,6,6,"[""16065"",""24723"",""31716"",""31781"",""31808"",""38379""]","[""16856"",""33244"",""33245"",""42680"",""7402"",""7449""]",True,True,0.0,0.0,0.0,0.0,0.0,True,True
wands,bge_base,raw,C2s1,C0,446,57,20,4,4,"[""13214"",""19042"",""19740"",""23058""]","[""14222"",""19697"",""23059"",""31178""]",True,True,0.0,2.220446049250313e-16,2.220446049250313e-16,0.0,0.0,True,True
wands,bge_base,raw,C2s1,C0,464,85,20,3,3,"[""2423"",""32549"",""42143""]","[""11152"",""17045"",""38710""]",True,True,0.0,-2.220446049250313e-16,2.220446049250313e-16,2.220446049250313e-16,2.220446049250313e-16,True,True
wands,bge_base,raw,C2s1,C0,470,45,20,3,3,"[""14384"",""37492"",""8072""]","[""12966"",""13858"",""28113""]",True,True,0.0,0.0,0.0,0.0,0.0,True,True
wands,bge_base,raw,C2s2,C0,2,151,20,2,2,"[""36631"",""4205""]","[""16226"",""27515""]",True,True,0.0,-2.220446049250313e-16,2.220446049250313e-16,0.0,0.0,True,True
wands,bge_base,raw,C2s2,C0,9,74,20,2,2,"[""21802"",""7507""]","[""24422"",""3288""]",True,True,0.0,0.0,0.0,0.0,0.0,True,True
wands,bge_base,raw,C2s2,C0,13,46,20,1,1,"[""42814""]","[""22853""]",True,True,0.0,0.0,0.0,0.0,0.0,True,True
wands,bge_base,raw,C2s2,C0,28,175,20,3,3,"[""2212"",""7942"",""919""]","[""12403"",""33455"",""921""]",True,True,0.0,0.0,0.0,0.0,0.0,True,True
wands,bge_base,raw,C2s2,C0,59,43,20,1,1,"[""41646""]","[""41652""]",True,True,0.0,0.0,0.0,0.0,0.0,True,True
wands,bge_base,raw,C2s2,C0,109,39,20,2,2,"[""26121"",""26938""]","[""26137"",""26923""]",True,True,0.0,-2.220446049250313e-16,2.220446049250313e-16,0.0,0.0,True,True
wands,bge_base,raw,C2s2,C0,112,266,20,4,4,"[""34754"",""37666"",""6388"",""7636""]","[""11828"",""25786"",""32534"",""8026""]",True,True,0.0,0.0,0.0,0.0,0.0,True,True
wands,bge_base,raw,C2s2,C0,115,202,20,5,5,"[""11908"",""21318"",""37455"",""40037"",""41075""]","[""13483"",""14197"",""29016"",""36657"",""5231""]",True,True,0.0,-2.220446049250313e-16,2.220446049250313e-16,0.0,0.0,True,True
wands,bge_base,raw,C2s2,C0,138,142,20,3,3,"[""10057"",""15734"",""15739""]","[""15729"",""15737"",""35938""]",True,True,0.0,0.0,0.0,0.0,0.0,True,True
wands,bge_base,raw,C2s2,C0,158,44,20,1,1,"[""20034""]","[""342""]",True,True,0.0,-4.440892098500626e-16,4.440892098500626e-16,0.0,0.0,True,True
wands,bge_base,raw,C2s2,C0,172,42,20,2,2,"[""19483"",""19487""]","[""12149"",""12246""]",True,True,0.0,2.220446049250313e-16,2.220446049250313e-16,-2.220446049250313e-16,2.220446049250313e-16,True,True
wands,bge_base,raw,C2s2,C0,185,34,20,1,1,"[""30020""]","[""15053""]",True,True,0.0,0.0,0.0,0.0,0.0,True,True
wands,bge_base,raw,C2s2,C0,227,176,20,3,3,"[""12368"",""8304"",""9580""]","[""17388"",""33157"",""40933""]",True,True,0.0,0.0,0.0,0.0,0.0,True,True
wands,bge_base,raw,C2s2,C0,229,133,20,2,2,"[""11459"",""37679""]","[""37682"",""38211""]",True,True,0.0,-2.220446049250313e-16,2.220446049250313e-16,-3.3306690738754696e-16,3.3306690738754696e-16,True,True
wands,bge_base,raw,C2s2,C0,231,307,20,7,7,"[""20169"",""37018"",""5540"",""5543"",""7799"",""7808"",""7812""]","[""19170"",""20175"",""20185"",""25796"",""7801"",""7813"",""7815""]",True,True,0.0,-2.220446049250313e-16,2.220446049250313e-16,0.0,0.0,True,True
wands,bge_base,raw,C2s2,C0,234,107,20,2,2,"[""19626"",""4680""]","[""25385"",""37796""]",True,True,0.0,0.0,0.0,0.0,0.0,True,True
wands,bge_base,raw,C2s2,C0,235,133,20,4,4,"[""19229"",""23707"",""41983"",""9774""]","[""14926"",""34442"",""7253"",""981""]",True,True,0.0,1.1102230246251565e-16,1.1102230246251565e-16,-2.220446049250313e-16,2.220446049250313e-16,True,True
wands,bge_base,raw,C2s2,C0,245,57,20,1,1,"[""41068""]","[""17814""]",True,True,0.0,4.440892098500626e-16,4.440892098500626e-16,0.0,0.0,True,True
wands,bge_base,raw,C2s2,C0,247,40,20,1,1,"[""3165""]","[""3179""]",True,True,0.0,0.0,0.0,0.0,0.0,True,True
wands,bge_base,raw,C2s2,C0,248,39,20,1,1,"[""27045""]","[""405""]",True,True,0.0,2.220446049250313e-16,2.220446049250313e-16,0.0,0.0,True,True
wands,bge_base,raw,C2s2,C0,368,81,20,2,2,"[""22326"",""38214""]","[""15583"",""8611""]",True,True,0.0,-2.220446049250313e-16,2.220446049250313e-16,0.0,0.0,True,True
wands,bge_base,raw,C2s2,C0,431,75,20,3,3,"[""20390"",""39832"",""7028""]","[""34855"",""38331"",""815""]",True,True,0.0,-2.220446049250313e-16,2.220446049250313e-16,0.0,0.0,True,True
wands,bge_base,raw,C2s2,C0,438,101,20,2,2,"[""13434"",""27914""]","[""27910"",""27944""]",True,True,0.0,0.0,0.0,0.0,0.0,True,True
wands,bge_base,raw,C2s2,C0,439,216,20,5,5,"[""14842"",""18328"",""24347"",""29094"",""35331""]","[""16796"",""16811"",""1795"",""23631"",""33120""]",True,True,0.0,0.0,0.0,0.0,0.0,True,True
wands,bge_base,raw,C2s2,C0,442,70,20,6,6,"[""16065"",""24723"",""31781"",""31808"",""38379"",""40963""]","[""33244"",""33245"",""39156"",""40962"",""7402"",""7403""]",True,True,0.0,2.220446049250313e-16,2.220446049250313e-16,0.0,0.0,True,True
wands,bge_base,raw,C2s2,C0,464,85,20,3,3,"[""24107"",""2423"",""42143""]","[""17043"",""17045"",""38710""]",True,True,0.0,-2.220446049250313e-16,2.220446049250313e-16,-1.1102230246251565e-16,1.1102230246251565e-16,True,True
wands,bge_base,raw,C2s2,C0,470,45,20,3,3,"[""31082"",""37492"",""41435""]","[""12966"",""13858"",""28113""]",True,True,0.0,0.0,0.0,0.0,0.0,True,True
wands,bge_base,raw,C2s3,C0,2,151,20,3,3,"[""12179"",""19651"",""36631""]","[""16226"",""21083"",""24099""]",True,True,0.0,0.0,0.0,0.0,0.0,True,True
wands,bge_base,raw,C2s3,C0,9,74,20,4,4,"[""24416"",""24418"",""24420"",""38098""]","[""29691"",""3288"",""5873"",""7997""]",True,True,0.0,0.0,0.0,0.0,0.0,True,True
wands,bge_base,raw,C2s3,C0,28,175,20,6,6,"[""11514"",""17435"",""2212"",""40840"",""917"",""919""]","[""12403"",""33455"",""4026"",""767"",""921"",""931""]",True,True,0.0,2.220446049250313e-16,2.220446049250313e-16,0.0,0.0,True,True
wands,bge_base,raw,C2s3,C0,59,43,20,2,2,"[""41637"",""41646""]","[""41619"",""41627""]",True,True,0.0,0.0,0.0,0.0,0.0,True,True
wands,bge_base,raw,C2s3,C0,109,39,20,2,2,"[""26928"",""26934""]","[""26124"",""26137""]",True,True,0.0,-2.220446049250313e-16,2.220446049250313e-16,0.0,0.0,True,True
wands,bge_base,raw,C2s3,C0,112,266,20,4,4,"[""34754"",""37666"",""6388"",""9806""]","[""11828"",""25786"",""32534"",""39509""]",True,True,0.0,-2.220446049250313e-16,2.220446049250313e-16,0.0,0.0,True,True
wands,bge_base,raw,C2s3,C0,115,202,20,4,4,"[""11908"",""21318"",""37455"",""40037""]","[""13483"",""29016"",""29145"",""36657""]",True,True,0.0,-2.220446049250313e-16,2.220446049250313e-16,0.0,0.0,True,True
wands,bge_base,raw,C2s3,C0,138,142,20,3,3,"[""15719"",""37540"",""37824""]","[""13918"",""35938"",""37822""]",True,True,0.0,4.440892098500626e-16,4.440892098500626e-16,0.0,0.0,True,True
wands,bge_base,raw,C2s3,C0,172,42,20,1,1,"[""19482""]","[""12149""]",True,True,0.0,0.0,0.0,-2.220446049250313e-16,2.220446049250313e-16,True,True
wands,bge_base,raw,C2s3,C0,227,176,20,4,4,"[""11174"",""12368"",""31875"",""32545""]","[""13954"",""33157"",""36643"",""6456""]",True,True,0.0,0.0,0.0,0.0,0.0,True,True
wands,bge_base,raw,C2s3,C0,229,133,20,3,3,"[""15351"",""37687"",""37904""]","[""20818"",""38211"",""3951""]",True,True,0.0,-2.220446049250313e-16,2.220446049250313e-16,-2.220446049250313e-16,2.220446049250313e-16,True,True
wands,bge_base,raw,C2s3,C0,231,307,20,6,6,"[""20167"",""20169"",""37018"",""5540"",""5543"",""7799""]","[""20175"",""20185"",""7801"",""7803"",""7817"",""7842""]",True,True,0.0,-2.220446049250313e-16,2.220446049250313e-16,0.0,0.0,True,True
wands,bge_base,raw,C2s3,C0,234,107,20,3,3,"[""19626"",""27591"",""4680""]","[""24546"",""25385"",""37796""]",True,True,0.0,0.0,0.0,-1.1102230246251565e-16,1.1102230246251565e-16,True,True
wands,bge_base,raw,C2s3,C0,235,133,20,4,4,"[""20422"",""23707"",""41983"",""9776""]","[""14926"",""34437"",""7253"",""981""]",True,True,0.0,1.1102230246251565e-16,1.1102230246251565e-16,-2.220446049250313e-16,2.220446049250313e-16,True,True
wands,bge_base,raw,C2s3,C0,245,57,20,1,1,"[""20266""]","[""17814""]",True,True,0.0,2.220446049250313e-16,2.220446049250313e-16,2.220446049250313e-16,2.220446049250313e-16,True,True
wands,bge_base,raw,C2s3,C0,248,39,20,2,2,"[""40275"",""9525""]","[""405"",""6734""]",True,True,0.0,2.220446049250313e-16,2.220446049250313e-16,0.0,0.0,True,True
wands,bge_base,raw,C2s3,C0,355,30,20,1,1,"[""41684""]","[""35470""]",True,True,0.0,-2.220446049250313e-16,2.220446049250313e-16,0.0,0.0,True,True
wands,bge_base,raw,C2s3,C0,368,81,20,2,2,"[""22326"",""4071""]","[""15583"",""8611""]",True,True,0.0,-2.220446049250313e-16,2.220446049250313e-16,0.0,0.0,True,True
wands,bge_base,raw,C2s3,C0,438,101,20,1,1,"[""13434""]","[""26370""]",True,True,0.0,0.0,0.0,0.0,0.0,True,True
wands,bge_base,raw,C2s3,C0,442,70,20,4,4,"[""17612"",""24723"",""31781"",""31808""]","[""15592"",""42680"",""7402"",""7449""]",True,True,0.0,2.220446049250313e-16,2.220446049250313e-16,0.0,0.0,True,True
wands,bge_base,raw,C2s3,C0,464,85,20,2,2,"[""20064"",""2423""]","[""17045"",""38710""]",True,True,0.0,0.0,0.0,0.0,0.0,True,True
wands,bge_base,raw,C2s3,C0,470,45,20,2,2,"[""28507"",""37492""]","[""12966"",""28113""]",True,True,0.0,0.0,0.0,0.0,0.0,True,True
wands,bge_base,raw,C2s4,C0,2,151,20,2,2,"[""12179"",""29151""]","[""35711"",""39310""]",True,True,0.0,0.0,0.0,0.0,0.0,True,True
wands,bge_base,raw,C2s4,C0,9,74,20,4,4,"[""14744"",""21801"",""21802"",""38098""]","[""20647"",""24421"",""29691"",""3288""]",True,True,0.0,0.0,0.0,2.220446049250313e-16,2.220446049250313e-16,True,True
wands,bge_base,raw,C2s4,C0,59,43,20,2,2,"[""41618"",""41646""]","[""41619"",""41642""]",True,True,0.0,0.0,0.0,0.0,0.0,True,True
wands,bge_base,raw,C2s4,C0,108,81,20,1,1,"[""3916""]","[""3039""]",True,True,0.0,-2.220446049250313e-16,2.220446049250313e-16,-1.1102230246251565e-16,1.1102230246251565e-16,True,True
wands,bge_base,raw,C2s4,C0,109,39,20,3,3,"[""26121"",""26934"",""26938""]","[""26137"",""26922"",""26926""]",True,True,0.0,-2.220446049250313e-16,2.220446049250313e-16,2.220446049250313e-16,2.220446049250313e-16,True,True
wands,bge_base,raw,C2s4,C0,112,266,20,2,2,"[""34747"",""37666""]","[""29048"",""6315""]",True,True,0.0,0.0,0.0,0.0,0.0,True,True
wands,bge_base,raw,C2s4,C0,115,202,20,3,3,"[""12180"",""37455"",""40037""]","[""13483"",""29016"",""36657""]",True,True,0.0,2.220446049250313e-16,2.220446049250313e-16,0.0,0.0,True,True
wands,bge_base,raw,C2s4,C0,138,142,20,2,2,"[""37537"",""37539""]","[""15729"",""15737""]",True,True,0.0,2.220446049250313e-16,2.220446049250313e-16,0.0,0.0,True,True
wands,bge_base,raw,C2s4,C0,144,116,20,6,6,"[""11632"",""27015"",""274"",""4440"",""4662"",""575""]","[""18936"",""20099"",""30150"",""31450"",""4596"",""4694""]",True,True,0.0,2.220446049250313e-16,2.220446049250313e-16,0.0,0.0,True,True
wands,bge_base,raw,C2s4,C0,172,42,20,3,3,"[""19478"",""19482"",""19483""]","[""12149"",""19475"",""2767""]",True,True,0.0,2.220446049250313e-16,2.220446049250313e-16,-2.220446049250313e-16,2.220446049250313e-16,True,True
wands,bge_base,raw,C2s4,C0,185,34,20,1,1,"[""30020""]","[""15053""]",True,True,0.0,-2.220446049250313e-16,2.220446049250313e-16,0.0,0.0,True,True
wands,bge_base,raw,C2s4,C0,227,176,20,4,4,"[""11174"",""35908"",""8054"",""8304""]","[""13954"",""33157"",""36643"",""36710""]",True,True,0.0,0.0,0.0,0.0,0.0,True,True
wands,bge_base,raw,C2s4,C0,229,133,20,2,2,"[""27398"",""27490""]","[""30293"",""35916""]",True,True,0.0,-2.220446049250313e-16,2.220446049250313e-16,0.0,0.0,True,True
wands,bge_base,raw,C2s4,C0,231,307,20,6,6,"[""20167"",""20169"",""28006"",""37018"",""7799"",""7808""]","[""19170"",""20175"",""20185"",""25796"",""7813"",""7842""]",True,True,0.0,0.0,0.0,0.0,0.0,True,True
wands,bge_base,raw,C2s4,C0,234,107,20,2,2,"[""25384"",""4680""]","[""25385"",""37796""]",True,True,0.0,-2.220446049250313e-16,2.220446049250313e-16,0.0,0.0,True,True
wands,bge_base,raw,C2s4,C0,247,40,20,1,1,"[""3165""]","[""3179""]",True,True,0.0,-2.220446049250313e-16,2.220446049250313e-16,0.0,0.0,True,True
wands,bge_base,raw,C2s4,C0,248,39,20,2,2,"[""40275"",""406""]","[""29117"",""6734""]",True,True,0.0,2.220446049250313e-16,2.220446049250313e-16,-1.1102230246251565e-16,1.1102230246251565e-16,True,True
wands,bge_base,raw,C2s4,C0,355,30,20,1,1,"[""24355""]","[""35700""]",True,True,0.0,-4.440892098500626e-16,4.440892098500626e-16,0.0,0.0,True,True
wands,bge_base,raw,C2s4,C0,368,81,20,2,2,"[""22326"",""4071""]","[""15583"",""30198""]",True,True,0.0,0.0,0.0,0.0,0.0,True,True
wands,bge_base,raw,C2s4,C0,438,101,20,2,2,"[""13434"",""13436""]","[""17946"",""27944""]",True,True,0.0,0.0,0.0,0.0,0.0,True,True
wands,bge_base,raw,C2s4,C0,439,216,20,4,4,"[""10818"",""24719"",""29094"",""35331""]","[""16811"",""16812"",""1795"",""23631""]",True,True,0.0,0.0,0.0,0.0,0.0,True,True
wands,bge_base,raw,C2s4,C0,442,70,20,3,3,"[""15594"",""24723"",""31808""]","[""15592"",""33245"",""7402""]",True,True,0.0,2.220446049250313e-16,2.220446049250313e-16,0.0,0.0,True,True
wands,bge_base,raw,C2s4,C0,446,57,20,3,3,"[""13214"",""19740"",""8249""]","[""14222"",""23059"",""31177""]",True,True,0.0,4.440892098500626e-16,4.440892098500626e-16,0.0,0.0,True,True
wands,bge_base,raw,C2s4,C0,464,85,20,2,2,"[""24107"",""32549""]","[""17043"",""38710""]",True,True,0.0,0.0,0.0,0.0,0.0,True,True
wands,bge_base,raw,C2s4,C0,470,45,20,2,2,"[""38523"",""8072""]","[""12966"",""28113""]",True,True,0.0,0.0,0.0,0.0,0.0,True,True
wands,bge_base,raw,C2s5,C0,2,151,20,2,2,"[""19651"",""36631""]","[""16226"",""35711""]",True,True,0.0,-2.220446049250313e-16,2.220446049250313e-16,0.0,0.0,True,True
wands,bge_base,raw,C2s5,C0,9,74,20,5,5,"[""14744"",""21802"",""24420"",""24844"",""7507""]","[""20647"",""24421"",""24422"",""29691"",""7996""]",True,True,0.0,0.0,0.0,0.0,0.0,True,True
wands,bge_base,raw,C2s5,C0,28,175,20,5,5,"[""2212"",""28146"",""40846"",""7942"",""919""]","[""12403"",""33455"",""36705"",""921"",""931""]",True,True,0.0,0.0,0.0,2.220446049250313e-16,2.220446049250313e-16,True,True
wands,bge_base,raw,C2s5,C0,59,43,20,1,1,"[""41618""]","[""41619""]",True,True,0.0,0.0,0.0,0.0,0.0,True,True
wands,bge_base,raw,C2s5,C0,108,81,20,1,1,"[""3916""]","[""3039""]",True,True,0.0,-2.220446049250313e-16,2.220446049250313e-16,0.0,0.0,True,True
wands,bge_base,raw,C2s5,C0,109,39,20,4,4,"[""26121"",""26125"",""26928"",""26934""]","[""26124"",""26126"",""26137"",""26923""]",True,True,0.0,2.220446049250313e-16,2.220446049250313e-16,2.220446049250313e-16,2.220446049250313e-16,True,True
wands,bge_base,raw,C2s5,C0,112,266,20,3,3,"[""37666"",""5361"",""7636""]","[""11828"",""18455"",""25786""]",True,True,0.0,-2.220446049250313e-16,2.220446049250313e-16,0.0,0.0,True,True
wands,bge_base,raw,C2s5,C0,115,202,20,5,5,"[""11908"",""19395"",""21318"",""37455"",""40037""]","[""13483"",""14197"",""29016"",""29145"",""36657""]",True,True,0.0,0.0,0.0,0.0,0.0,True,True
wands,bge_base,raw,C2s5,C0,138,142,20,4,4,"[""15724"",""15739"",""22166"",""3223""]","[""13918"",""15737"",""35938"",""37822""]",True,True,0.0,2.220446049250313e-16,2.220446049250313e-16,0.0,0.0,True,True
wands,bge_base,raw,C2s5,C0,172,42,20,2,2,"[""19482"",""19483""]","[""12149"",""12246""]",True,True,0.0,2.220446049250313e-16,2.220446049250313e-16,-2.220446049250313e-16,2.220446049250313e-16,True,True
wands,bge_base,raw,C2s5,C0,185,34,20,1,1,"[""30020""]","[""15053""]",True,True,0.0,0.0,0.0,0.0,0.0,True,True
wands,bge_base,raw,C2s5,C0,227,176,20,2,2,"[""31875"",""8304""]","[""13954"",""33157""]",True,True,0.0,0.0,0.0,0.0,0.0,True,True
wands,bge_base,raw,C2s5,C0,229,133,20,2,2,"[""11459"",""18953""]","[""30293"",""37684""]",True,True,0.0,-2.220446049250313e-16,2.220446049250313e-16,0.0,0.0,True,True
wands,bge_base,raw,C2s5,C0,231,307,20,4,4,"[""28006"",""37018"",""7799"",""7808""]","[""20175"",""20185"",""7801"",""7815""]",True,True,0.0,2.220446049250313e-16,2.220446049250313e-16,0.0,0.0,True,True
wands,bge_base,raw,C2s5,C0,234,107,20,2,2,"[""19626"",""4680""]","[""25385"",""37796""]",True,True,0.0,-2.220446049250313e-16,2.220446049250313e-16,0.0,0.0,True,True
wands,bge_base,raw,C2s5,C0,247,40,20,1,1,"[""3178""]","[""3179""]",True,True,0.0,0.0,0.0,0.0,0.0,True,True
wands,bge_base,raw,C2s5,C0,248,39,20,1,1,"[""407""]","[""6734""]",True,True,0.0,2.220446049250313e-16,2.220446049250313e-16,0.0,0.0,True,True
wands,bge_base,raw,C2s5,C0,368,81,20,2,2,"[""22326"",""4071""]","[""185"",""8611""]",True,True,0.0,0.0,0.0,0.0,0.0,True,True
wands,bge_base,raw,C2s5,C0,410,58,20,1,1,"[""3346""]","[""3344""]",True,True,0.0,-1.1102230246251565e-16,1.1102230246251565e-16,0.0,0.0,True,True
wands,bge_base,raw,C2s5,C0,438,101,20,2,2,"[""13434"",""27914""]","[""26370"",""27944""]",True,True,0.0,0.0,0.0,0.0,0.0,True,True
wands,bge_base,raw,C2s5,C0,442,70,20,4,4,"[""16065"",""31781"",""31808"",""40963""]","[""15592"",""40961"",""42680"",""7402""]",True,True,0.0,0.0,0.0,0.0,0.0,True,True
wands,bge_base,raw,C2s5,C0,446,57,20,1,1,"[""19740""]","[""14222""]",True,True,0.0,0.0,0.0,0.0,0.0,True,True
wands,bge_base,raw,C2s5,C0,464,85,20,3,3,"[""24107"",""2423"",""42143""]","[""17043"",""17045"",""38710""]",True,True,0.0,0.0,0.0,0.0,0.0,True,True
wands,bge_base,raw,C2s5,C0,470,45,20,3,3,"[""31082"",""32858"",""8072""]","[""12966"",""13858"",""28113""]",True,True,0.0,0.0,0.0,0.0,0.0,True,True
wands,bge_base,raw_hybrid,C1,C0,2,151,20,1,1,"[""36632""]","[""21083""]",True,True,0.0,-4.440892098500626e-16,4.440892098500626e-16,0.0,0.0,True,True
wands,bge_base,raw_hybrid,C1,C0,9,74,20,2,2,"[""21801"",""24418""]","[""30094"",""5873""]",True,True,0.0,-4.440892098500626e-16,4.440892098500626e-16,0.0,0.0,True,True
wands,bge_base,raw_hybrid,C1,C0,109,39,20,2,2,"[""26919"",""26929""]","[""26124"",""26928""]",True,True,0.0,0.0,0.0,0.0,0.0,True,True
wands,bge_base,raw_hybrid,C1,C0,112,266,20,1,1,"[""6303""]","[""34748""]",True,True,0.0,2.220446049250313e-16,2.220446049250313e-16,0.0,0.0,True,True
wands,bge_base,raw_hybrid,C1,C0,115,202,20,1,1,"[""34812""]","[""4686""]",True,True,0.0,2.220446049250313e-16,2.220446049250313e-16,0.0,0.0,True,True
wands,bge_base,raw_hybrid,C1,C0,120,33,20,1,1,"[""11477""]","[""12203""]",True,True,0.0,0.0,0.0,0.0,0.0,True,True
wands,bge_base,raw_hybrid,C1,C0,128,113,20,5,5,"[""13164"",""19877"",""2772"",""33179"",""4975""]","[""1269"",""13165"",""13506"",""2771"",""4987""]",True,True,0.0,0.0,0.0,0.0,0.0,True,True
wands,bge_base,raw_hybrid,C1,C0,138,142,20,3,3,"[""15734"",""22156"",""22167""]","[""15722"",""15724"",""15737""]",True,True,0.0,2.220446049250313e-16,2.220446049250313e-16,0.0,0.0,True,True
wands,bge_base,raw_hybrid,C1,C0,148,194,20,1,1,"[""34274""]","[""34680""]",True,True,0.0,-2.220446049250313e-16,2.220446049250313e-16,0.0,0.0,True,True
wands,bge_base,raw_hybrid,C1,C0,167,87,20,1,1,"[""13947""]","[""27586""]",True,True,0.0,0.0,0.0,0.0,0.0,True,True
wands,bge_base,raw_hybrid,C1,C0,172,42,20,2,2,"[""19483"",""19488""]","[""12246"",""19490""]",True,True,0.0,0.0,0.0,0.0,0.0,True,True
wands,bge_base,raw_hybrid,C1,C0,175,70,20,3,3,"[""17812"",""27912"",""941""]","[""42462"",""4320"",""4733""]",True,True,0.0,0.0,0.0,0.0,0.0,True,True
wands,bge_base,raw_hybrid,C1,C0,182,58,20,1,1,"[""27092""]","[""17199""]",True,True,0.0,-2.220446049250313e-16,2.220446049250313e-16,-1.1102230246251565e-16,1.1102230246251565e-16,True,True
wands,bge_base,raw_hybrid,C1,C0,185,34,20,1,1,"[""30021""]","[""11463""]",True,True,0.0,2.220446049250313e-16,2.220446049250313e-16,0.0,0.0,True,True
wands,bge_base,raw_hybrid,C1,C0,227,176,20,2,2,"[""21845"",""31875""]","[""13954"",""33157""]",True,True,0.0,2.220446049250313e-16,2.220446049250313e-16,0.0,0.0,True,True
wands,bge_base,raw_hybrid,C1,C0,229,133,20,4,4,"[""19729"",""37676"",""37677"",""39486""]","[""19708"",""28221"",""37682"",""39484""]",True,True,0.0,0.0,0.0,0.0,0.0,True,True
wands,bge_base,raw_hybrid,C1,C0,231,307,20,3,3,"[""20147"",""7808"",""7842""]","[""20172"",""7800"",""7818""]",True,True,0.0,0.0,0.0,0.0,0.0,True,True
wands,bge_base,raw_hybrid,C1,C0,234,107,20,2,2,"[""1824"",""25373""]","[""25381"",""37796""]",True,True,0.0,4.440892098500626e-16,4.440892098500626e-16,0.0,0.0,True,True
wands,bge_base,raw_hybrid,C1,C0,235,133,20,1,1,"[""17147""]","[""24728""]",True,True,0.0,-2.220446049250313e-16,2.220446049250313e-16,0.0,0.0,True,True
wands,bge_base,raw_hybrid,C1,C0,249,124,20,5,5,"[""20275"",""28879"",""37145"",""4144"",""6979""]","[""22309"",""38256"",""39972"",""417"",""7508""]",True,True,0.0,0.0,0.0,0.0,0.0,True,True
wands,bge_base,raw_hybrid,C1,C0,305,193,20,8,8,"[""16397"",""21349"",""29268"",""35971"",""35980"",""39945"",""40754"",""41042""]","[""19066"",""35989"",""41040"",""41052"",""41053"",""41054"",""7110"",""9024""]",True,True,0.0,-2.220446049250313e-16,2.220446049250313e-16,-2.220446049250313e-16,2.220446049250313e-16,True,True
wands,bge_base,raw_hybrid,C1,C0,335,42,20,1,1,"[""20645""]","[""19542""]",True,True,0.0,-2.220446049250313e-16,2.220446049250313e-16,0.0,0.0,True,True
wands,bge_base,raw_hybrid,C1,C0,355,30,20,2,2,"[""29761"",""41684""]","[""19432"",""35701""]",True,True,0.0,0.0,0.0,0.0,0.0,True,True
wands,bge_base,raw_hybrid,C1,C0,368,81,20,2,2,"[""30198"",""4071""]","[""20690"",""22325""]",True,True,0.0,0.0,0.0,0.0,0.0,True,True
wands,bge_base,raw_hybrid,C1,C0,420,766,20,5,5,"[""19995"",""33738"",""33791"",""40304"",""40320""]","[""11123"",""12782"",""17686"",""27008"",""33744""]",True,True,0.0,-4.440892098500626e-16,4.440892098500626e-16,0.0,0.0,True,True
wands,bge_base,raw_hybrid,C1,C0,442,70,20,2,2,"[""16065"",""24723""]","[""42680"",""7679""]",True,True,0.0,0.0,0.0,-1.1102230246251565e-16,1.1102230246251565e-16,True,True
wands,bge_base,raw_hybrid,C1,C0,464,85,20,2,2,"[""1520"",""2423""]","[""181"",""42143""]",True,True,0.0,0.0,0.0,1.1102230246251565e-16,1.1102230246251565e-16,True,True
wands,bge_base,raw_hybrid,C1,C0,470,45,20,2,2,"[""17511"",""31082""]","[""27505"",""27514""]",True,True,0.0,4.440892098500626e-16,4.440892098500626e-16,0.0,0.0,True,True
wands,bge_base,raw_hybrid,C2s1,C0,9,74,20,1,1,"[""30837""]","[""17613""]",True,True,0.0,-2.220446049250313e-16,2.220446049250313e-16,0.0,0.0,True,True
wands,bge_base,raw_hybrid,C2s1,C0,59,43,20,1,1,"[""41643""]","[""41607""]",True,True,0.0,0.0,0.0,0.0,0.0,True,True
wands,bge_base,raw_hybrid,C2s1,C0,72,85,20,3,3,"[""13217"",""16311"",""16324""]","[""16280"",""16319"",""16336""]",True,True,0.0,0.0,0.0,1.1102230246251565e-16,1.1102230246251565e-16,True,True
wands,bge_base,raw_hybrid,C2s1,C0,109,39,20,4,4,"[""26122"",""26126"",""26919"",""26929""]","[""26124"",""26916"",""26923"",""26928""]",True,True,0.0,0.0,0.0,0.0,0.0,True,True
wands,bge_base,raw_hybrid,C2s1,C0,112,266,20,2,2,"[""21789"",""25786""]","[""34748"",""6388""]",True,True,0.0,2.220446049250313e-16,2.220446049250313e-16,0.0,0.0,True,True
wands,bge_base,raw_hybrid,C2s1,C0,115,202,20,1,1,"[""34812""]","[""21318""]",True,True,0.0,2.220446049250313e-16,2.220446049250313e-16,0.0,0.0,True,True
wands,bge_base,raw_hybrid,C2s1,C0,128,113,20,6,6,"[""13164"",""13166"",""24983"",""33179"",""4975"",""9015""]","[""13506"",""15546"",""2280"",""2771"",""39846"",""4987""]",True,True,0.0,-2.220446049250313e-16,2.220446049250313e-16,0.0,0.0,True,True
wands,bge_base,raw_hybrid,C2s1,C0,138,142,20,4,4,"[""15728"",""21472"",""22156"",""22167""]","[""15724"",""15729"",""15737"",""2498""]",True,True,0.0,0.0,0.0,0.0,0.0,True,True
wands,bge_base,raw_hybrid,C2s1,C0,148,194,20,1,1,"[""34274""]","[""36649""]",True,True,0.0,-2.220446049250313e-16,2.220446049250313e-16,0.0,0.0,True,True
wands,bge_base,raw_hybrid,C2s1,C0,159,93,20,1,1,"[""3765""]","[""11706""]",True,True,0.0,-2.220446049250313e-16,2.220446049250313e-16,2.220446049250313e-16,2.220446049250313e-16,True,True
wands,bge_base,raw_hybrid,C2s1,C0,167,87,20,2,2,"[""13947"",""42088""]","[""27586"",""35004""]",True,True,0.0,0.0,0.0,0.0,0.0,True,True
wands,bge_base,raw_hybrid,C2s1,C0,172,42,20,2,2,"[""19477"",""19483""]","[""12246"",""6527""]",True,True,0.0,2.220446049250313e-16,2.220446049250313e-16,0.0,0.0,True,True
wands,bge_base,raw_hybrid,C2s1,C0,175,70,20,3,3,"[""16882"",""17073"",""17812""]","[""42462"",""4320"",""4733""]",True,True,0.0,2.220446049250313e-16,2.220446049250313e-16,2.220446049250313e-16,2.220446049250313e-16,True,True
wands,bge_base,raw_hybrid,C2s1,C0,185,34,20,1,1,"[""30021""]","[""11463""]",True,True,0.0,2.220446049250313e-16,2.220446049250313e-16,0.0,0.0,True,True
wands,bge_base,raw_hybrid,C2s1,C0,220,52,20,1,1,"[""12034""]","[""12058""]",True,True,0.0,0.0,0.0,0.0,0.0,True,True
wands,bge_base,raw_hybrid,C2s1,C0,227,176,20,3,3,"[""12368"",""21331"",""31875""]","[""13954"",""33157"",""36643""]",True,True,0.0,0.0,0.0,0.0,0.0,True,True
wands,bge_base,raw_hybrid,C2s1,C0,229,133,20,3,3,"[""19729"",""20387"",""39486""]","[""11459"",""19708"",""37682""]",True,True,0.0,-2.220446049250313e-16,2.220446049250313e-16,2.220446049250313e-16,2.220446049250313e-16,True,True
wands,bge_base,raw_hybrid,C2s1,C0,231,307,20,5,5,"[""20147"",""20184"",""3211"",""7804"",""7808""]","[""20172"",""20185"",""5540"",""7801"",""7803""]",True,True,0.0,2.220446049250313e-16,2.220446049250313e-16,-1.1102230246251565e-16,1.1102230246251565e-16,True,True
wands,bge_base,raw_hybrid,C2s1,C0,247,40,20,1,1,"[""4538""]","[""25959""]",True,True,0.0,2.220446049250313e-16,2.220446049250313e-16,-2.220446049250313e-16,2.220446049250313e-16,True,True
wands,bge_base,raw_hybrid,C2s1,C0,248,39,20,1,1,"[""25501""]","[""37183""]",True,True,0.0,0.0,0.0,0.0,0.0,True,True
wands,bge_base,raw_hybrid,C2s1,C0,249,124,20,5,5,"[""15245"",""1807"",""20275"",""28880"",""6979""]","[""22309"",""38256"",""39972"",""417"",""7508""]",True,True,0.0,4.440892098500626e-16,4.440892098500626e-16,2.220446049250313e-16,2.220446049250313e-16,True,True
wands,bge_base,raw_hybrid,C2s1,C0,355,30,20,1,1,"[""29761""]","[""35701""]",True,True,0.0,4.440892098500626e-16,4.440892098500626e-16,0.0,0.0,True,True
wands,bge_base,raw_hybrid,C2s1,C0,368,81,20,1,1,"[""30198""]","[""22325""]",True,True,0.0,0.0,0.0,0.0,0.0,True,True
wands,bge_base,raw_hybrid,C2s1,C0,418,608,20,5,5,"[""39541"",""42739"",""5326"",""596"",""8798""]","[""11637"",""19796"",""22876"",""30611"",""8462""]",True,True,0.0,1.1102230246251565e-16,1.1102230246251565e-16,0.0,0.0,True,True
wands,bge_base,raw_hybrid,C2s1,C0,420,766,20,4,4,"[""13804"",""33791"",""40304"",""40320""]","[""11123"",""12782"",""17686"",""27008""]",True,True,0.0,-4.440892098500626e-16,4.440892098500626e-16,0.0,0.0,True,True
wands,bge_base,raw_hybrid,C2s1,C0,464,85,20,3,3,"[""2423"",""26532"",""32028""]","[""17045"",""181"",""39297""]",True,True,0.0,0.0,0.0,1.1102230246251565e-16,1.1102230246251565e-16,True,True
wands,bge_base,raw_hybrid,C2s2,C0,2,151,20,1,1,"[""36632""]","[""21047""]",True,True,0.0,-2.220446049250313e-16,2.220446049250313e-16,0.0,0.0,True,True
wands,bge_base,raw_hybrid,C2s2,C0,28,175,20,3,3,"[""33011"",""35265"",""4026""]","[""26713"",""28135"",""28138""]",True,True,0.0,0.0,0.0,0.0,0.0,True,True
wands,bge_base,raw_hybrid,C2s2,C0,59,43,20,1,1,"[""41619""]","[""41649""]",True,True,0.0,2.220446049250313e-16,2.220446049250313e-16,0.0,0.0,True,True
wands,bge_base,raw_hybrid,C2s2,C0,102,57,20,2,2,"[""3246"",""3251""]","[""20554"",""35002""]",True,True,0.0,0.0,0.0,0.0,0.0,True,True
wands,bge_base,raw_hybrid,C2s2,C0,109,39,20,2,2,"[""26919"",""26929""]","[""26124"",""26928""]",True,True,0.0,-2.220446049250313e-16,2.220446049250313e-16,0.0,0.0,True,True
wands,bge_base,raw_hybrid,C2s2,C0,112,266,20,2,2,"[""37431"",""39509""]","[""34748"",""40866""]",True,True,0.0,2.220446049250313e-16,2.220446049250313e-16,0.0,0.0,True,True
wands,bge_base,raw_hybrid,C2s2,C0,115,202,20,1,1,"[""37455""]","[""5231""]",True,True,0.0,2.220446049250313e-16,2.220446049250313e-16,0.0,0.0,True,True
wands,bge_base,raw_hybrid,C2s2,C0,128,113,20,3,3,"[""4975"",""8619"",""8896""]","[""15546"",""2771"",""4987""]",True,True,0.0,-4.440892098500626e-16,4.440892098500626e-16,0.0,0.0,True,True
wands,bge_base,raw_hybrid,C2s2,C0,138,142,20,3,3,"[""15728"",""21473"",""22156""]","[""15725"",""15729"",""15737""]",True,True,0.0,2.220446049250313e-16,2.220446049250313e-16,0.0,0.0,True,True
wands,bge_base,raw_hybrid,C2s2,C0,148,194,20,1,1,"[""34274""]","[""34680""]",True,True,0.0,-2.220446049250313e-16,2.220446049250313e-16,0.0,0.0,True,True
wands,bge_base,raw_hybrid,C2s2,C0,158,44,20,2,2,"[""16646"",""20046""]","[""16196"",""29464""]",True,True,0.0,0.0,0.0,0.0,0.0,True,True
wands,bge_base,raw_hybrid,C2s2,C0,159,93,20,1,1,"[""3765""]","[""11706""]",True,True,0.0,2.220446049250313e-16,2.220446049250313e-16,0.0,0.0,True,True
wands,bge_base,raw_hybrid,C2s2,C0,172,42,20,2,2,"[""19483"",""19487""]","[""12246"",""6527""]",True,True,0.0,0.0,0.0,-1.1102230246251565e-16,1.1102230246251565e-16,True,True
wands,bge_base,raw_hybrid,C2s2,C0,175,70,20,2,2,"[""16882"",""941""]","[""42462"",""4320""]",True,True,0.0,2.220446049250313e-16,2.220446049250313e-16,0.0,0.0,True,True
wands,bge_base,raw_hybrid,C2s2,C0,185,34,20,1,1,"[""30021""]","[""11463""]",True,True,0.0,-2.220446049250313e-16,2.220446049250313e-16,0.0,0.0,True,True
wands,bge_base,raw_hybrid,C2s2,C0,227,176,20,4,4,"[""21331"",""29737"",""40821"",""42614""]","[""13954"",""2718"",""33157"",""6456""]",True,True,0.0,2.220446049250313e-16,2.220446049250313e-16,0.0,0.0,True,True
wands,bge_base,raw_hybrid,C2s2,C0,229,133,20,3,3,"[""19729"",""20387"",""39486""]","[""28221"",""37682"",""37684""]",True,True,0.0,0.0,0.0,2.220446049250313e-16,2.220446049250313e-16,True,True
wands,bge_base,raw_hybrid,C2s2,C0,231,307,20,5,5,"[""20146"",""20147"",""7808"",""7812"",""7842""]","[""20172"",""20185"",""7800"",""7801"",""7815""]",True,True,0.0,0.0,0.0,0.0,0.0,True,True
wands,bge_base,raw_hybrid,C2s2,C0,234,107,20,2,2,"[""1824"",""25373""]","[""25383"",""37796""]",True,True,0.0,0.0,0.0,0.0,0.0,True,True
wands,bge_base,raw_hybrid,C2s2,C0,247,40,20,1,1,"[""25955""]","[""25954""]",True,True,0.0,2.220446049250313e-16,2.220446049250313e-16,-2.220446049250313e-16,2.220446049250313e-16,True,True
wands,bge_base,raw_hybrid,C2s2,C0,248,39,20,1,1,"[""25501""]","[""37183""]",True,True,0.0,2.220446049250313e-16,2.220446049250313e-16,0.0,0.0,True,True
wands,bge_base,raw_hybrid,C2s2,C0,249,124,20,4,4,"[""20275"",""37720"",""37723"",""7968""]","[""11178"",""39972"",""417"",""7508""]",True,True,0.0,-2.220446049250313e-16,2.220446049250313e-16,0.0,0.0,True,True
wands,bge_base,raw_hybrid,C2s2,C0,335,42,20,1,1,"[""20645""]","[""19541""]",True,True,0.0,-2.220446049250313e-16,2.220446049250313e-16,0.0,0.0,True,True
wands,bge_base,raw_hybrid,C2s2,C0,355,30,20,2,2,"[""29761"",""41684""]","[""26207"",""35701""]",True,True,0.0,0.0,0.0,0.0,0.0,True,True
wands,bge_base,raw_hybrid,C2s2,C0,368,81,20,2,2,"[""22326"",""30198""]","[""20690"",""7885""]",True,True,0.0,-2.220446049250313e-16,2.220446049250313e-16,0.0,0.0,True,True
wands,bge_base,raw_hybrid,C2s2,C0,418,608,20,5,5,"[""14193"",""39541"",""42739"",""5326"",""5780""]","[""11637"",""19796"",""22876"",""30611"",""8462""]",True,True,0.0,1.1102230246251565e-16,1.1102230246251565e-16,0.0,0.0,True,True
wands,bge_base,raw_hybrid,C2s2,C0,420,766,20,5,5,"[""11122"",""13804"",""27090"",""33791"",""40304""]","[""11123"",""12782"",""17686"",""27008"",""33743""]",True,True,0.0,-2.220446049250313e-16,2.220446049250313e-16,0.0,0.0,True,True
wands,bge_base,raw_hybrid,C2s2,C0,423,285,20,1,1,"[""33161""]","[""28705""]",True,True,0.0,0.0,0.0,0.0,0.0,True,True
wands,bge_base,raw_hybrid,C2s2,C0,438,101,20,2,2,"[""26370"",""5332""]","[""24436"",""5251""]",True,True,0.0,0.0,0.0,0.0,0.0,True,True
wands,bge_base,raw_hybrid,C2s2,C0,464,85,20,4,4,"[""12760"",""15086"",""2423"",""26532""]","[""17045"",""181"",""32562"",""39297""]",True,True,0.0,0.0,0.0,1.1102230246251565e-16,1.1102230246251565e-16,True,True
wands,bge_base,raw_hybrid,C2s2,C0,470,45,20,2,2,"[""31082"",""37496""]","[""27505"",""8072""]",True,True,0.0,2.220446049250313e-16,2.220446049250313e-16,2.220446049250313e-16,2.220446049250313e-16,True,True
wands,bge_base,raw_hybrid,C2s2,C0,472,47,20,4,4,"[""17467"",""32438"",""32439"",""40014""]","[""18448"",""27722"",""40033"",""8776""]",True,True,0.0,0.0,0.0,0.0,0.0,True,True
wands,bge_base,raw_hybrid,C2s3,C0,2,151,20,2,2,"[""24196"",""36632""]","[""21047"",""21083""]",True,True,0.0,-2.220446049250313e-16,2.220446049250313e-16,0.0,0.0,True,True
wands,bge_base,raw_hybrid,C2s3,C0,9,74,20,2,2,"[""24416"",""24418""]","[""17613"",""30094""]",True,True,0.0,-4.440892098500626e-16,4.440892098500626e-16,0.0,0.0,True,True
wands,bge_base,raw_hybrid,C2s3,C0,28,175,20,3,3,"[""33011"",""35265"",""40839""]","[""26713"",""28135"",""28138""]",True,True,0.0,4.440892098500626e-16,4.440892098500626e-16,0.0,0.0,True,True
wands,bge_base,raw_hybrid,C2s3,C0,59,43,20,1,1,"[""41610""]","[""41607""]",True,True,0.0,-2.220446049250313e-16,2.220446049250313e-16,0.0,0.0,True,True
wands,bge_base,raw_hybrid,C2s3,C0,72,85,20,3,3,"[""13217"",""16330"",""33671""]","[""16319"",""16332"",""16333""]",True,True,0.0,0.0,0.0,0.0,0.0,True,True
wands,bge_base,raw_hybrid,C2s3,C0,108,81,20,1,1,"[""29036""]","[""3911""]",True,True,0.0,-2.220446049250313e-16,2.220446049250313e-16,0.0,0.0,True,True
wands,bge_base,raw_hybrid,C2s3,C0,109,39,20,1,1,"[""26919""]","[""26124""]",True,True,0.0,2.220446049250313e-16,2.220446049250313e-16,2.220446049250313e-16,2.220446049250313e-16,True,True
wands,bge_base,raw_hybrid,C2s3,C0,112,266,20,2,2,"[""37431"",""9806""]","[""34748"",""7636""]",True,True,0.0,0.0,0.0,0.0,0.0,True,True
wands,bge_base,raw_hybrid,C2s3,C0,115,202,20,1,1,"[""37455""]","[""36541""]",True,True,0.0,2.220446049250313e-16,2.220446049250313e-16,2.220446049250313e-16,2.220446049250313e-16,True,True
wands,bge_base,raw_hybrid,C2s3,C0,128,113,20,6,6,"[""13164"",""19693"",""2772"",""4975"",""8619"",""8901""]","[""13165"",""13506"",""15546"",""2771"",""39846"",""4987""]",True,True,0.0,-4.440892098500626e-16,4.440892098500626e-16,0.0,0.0,True,True
wands,bge_base,raw_hybrid,C2s3,C0,138,142,20,3,3,"[""15719"",""15728"",""22156""]","[""15722"",""15724"",""15725""]",True,True,0.0,0.0,0.0,0.0,0.0,True,True
wands,bge_base,raw_hybrid,C2s3,C0,148,194,20,1,1,"[""34274""]","[""34680""]",True,True,0.0,-2.220446049250313e-16,2.220446049250313e-16,0.0,0.0,True,True
wands,bge_base,raw_hybrid,C2s3,C0,167,87,20,1,1,"[""36641""]","[""27586""]",True,True,0.0,4.440892098500626e-16,4.440892098500626e-16,2.220446049250313e-16,2.220446049250313e-16,True,True
wands,bge_base,raw_hybrid,C2s3,C0,172,42,20,2,2,"[""19482"",""19483""]","[""12246"",""6527""]",True,True,0.0,4.440892098500626e-16,4.440892098500626e-16,0.0,0.0,True,True
wands,bge_base,raw_hybrid,C2s3,C0,175,70,20,4,4,"[""14454"",""17073"",""17812"",""24490""]","[""42462"",""4320"",""4733"",""671""]",True,True,0.0,4.440892098500626e-16,4.440892098500626e-16,0.0,0.0,True,True
wands,bge_base,raw_hybrid,C2s3,C0,185,34,20,1,1,"[""30021""]","[""11463""]",True,True,0.0,0.0,0.0,0.0,0.0,True,True
wands,bge_base,raw_hybrid,C2s3,C0,227,176,20,4,4,"[""21331"",""21845"",""29737"",""31875""]","[""13954"",""2718"",""33157"",""6456""]",True,True,0.0,2.220446049250313e-16,2.220446049250313e-16,0.0,0.0,True,True
wands,bge_base,raw_hybrid,C2s3,C0,229,133,20,3,3,"[""19729"",""20387"",""39486""]","[""37682"",""39485"",""8925""]",True,True,0.0,0.0,0.0,-1.1102230246251565e-16,1.1102230246251565e-16,True,True
wands,bge_base,raw_hybrid,C2s3,C0,231,307,20,4,4,"[""12722"",""20146"",""20147"",""7799""]","[""20172"",""20185"",""7803"",""7817""]",True,True,0.0,2.220446049250313e-16,2.220446049250313e-16,0.0,0.0,True,True
wands,bge_base,raw_hybrid,C2s3,C0,234,107,20,2,2,"[""23543"",""25373""]","[""25383"",""37796""]",True,True,0.0,4.440892098500626e-16,4.440892098500626e-16,0.0,0.0,True,True
wands,bge_base,raw_hybrid,C2s3,C0,249,124,20,3,3,"[""20275"",""35377"",""866""]","[""11178"",""38256"",""39972""]",True,True,0.0,0.0,0.0,0.0,0.0,True,True
wands,bge_base,raw_hybrid,C2s3,C0,335,42,20,1,1,"[""19544""]","[""19541""]",True,True,0.0,0.0,0.0,2.220446049250313e-16,2.220446049250313e-16,True,True
wands,bge_base,raw_hybrid,C2s3,C0,355,30,20,2,2,"[""29761"",""41684""]","[""19432"",""35701""]",True,True,0.0,0.0,0.0,0.0,0.0,True,True
wands,bge_base,raw_hybrid,C2s3,C0,368,81,20,1,1,"[""4071""]","[""7885""]",True,True,0.0,0.0,0.0,0.0,0.0,True,True
wands,bge_base,raw_hybrid,C2s3,C0,420,766,20,4,4,"[""13804"",""27094"",""33791"",""40320""]","[""11123"",""17686"",""33743"",""33744""]",True,True,0.0,-2.220446049250313e-16,2.220446049250313e-16,0.0,0.0,True,True
wands,bge_base,raw_hybrid,C2s3,C0,423,285,20,2,2,"[""33161"",""7575""]","[""14824"",""28705""]",True,True,0.0,-1.1102230246251565e-16,1.1102230246251565e-16,0.0,0.0,True,True
wands,bge_base,raw_hybrid,C2s3,C0,431,75,20,1,1,"[""39833""]","[""26314""]",True,True,0.0,0.0,0.0,0.0,0.0,True,True
wands,bge_base,raw_hybrid,C2s3,C0,442,70,20,2,2,"[""24723"",""9171""]","[""16856"",""42680""]",True,True,0.0,2.220446049250313e-16,2.220446049250313e-16,-1.1102230246251565e-16,1.1102230246251565e-16,True,True
wands,bge_base,raw_hybrid,C2s3,C0,446,57,20,1,1,"[""23058""]","[""6951""]",True,True,0.0,1.1102230246251565e-16,1.1102230246251565e-16,2.220446049250313e-16,2.220446049250313e-16,True,True
wands,bge_base,raw_hybrid,C2s3,C0,464,85,20,3,3,"[""2423"",""26532"",""32028""]","[""17045"",""181"",""42143""]",True,True,0.0,0.0,0.0,1.1102230246251565e-16,1.1102230246251565e-16,True,True
wands,bge_base,raw_hybrid,C2s3,C0,472,47,20,2,2,"[""17467"",""32438""]","[""27722"",""32435""]",True,True,0.0,0.0,0.0,0.0,0.0,True,True
wands,bge_base,raw_hybrid,C2s4,C0,2,151,20,1,1,"[""36632""]","[""21047""]",True,True,0.0,-4.440892098500626e-16,4.440892098500626e-16,2.220446049250313e-16,2.220446049250313e-16,True,True
wands,bge_base,raw_hybrid,C2s4,C0,9,74,20,1,1,"[""21801""]","[""30094""]",True,True,0.0,-4.440892098500626e-16,4.440892098500626e-16,0.0,0.0,True,True
wands,bge_base,raw_hybrid,C2s4,C0,59,43,20,1,1,"[""41646""]","[""41607""]",True,True,0.0,0.0,0.0,0.0,0.0,True,True
wands,bge_base,raw_hybrid,C2s4,C0,102,57,20,3,3,"[""19444"",""3246"",""3251""]","[""13595"",""20554"",""35002""]",True,True,0.0,0.0,0.0,0.0,0.0,True,True
wands,bge_base,raw_hybrid,C2s4,C0,109,39,20,2,2,"[""26929"",""26934""]","[""26124"",""26926""]",True,True,0.0,-2.220446049250313e-16,2.220446049250313e-16,0.0,0.0,True,True
wands,bge_base,raw_hybrid,C2s4,C0,112,266,20,2,2,"[""21789"",""37432""]","[""34748"",""6388""]",True,True,0.0,2.220446049250313e-16,2.220446049250313e-16,0.0,0.0,True,True
wands,bge_base,raw_hybrid,C2s4,C0,115,202,20,2,2,"[""22529"",""34812""]","[""21318"",""4686""]",True,True,0.0,0.0,0.0,0.0,0.0,True,True
wands,bge_base,raw_hybrid,C2s4,C0,128,113,20,5,5,"[""13164"",""19693"",""37628"",""38854"",""4975""]","[""1269"",""15546"",""2280"",""2771"",""4987""]",True,True,0.0,-2.220446049250313e-16,2.220446049250313e-16,0.0,0.0,True,True
wands,bge_base,raw_hybrid,C2s4,C0,138,142,20,2,2,"[""21472"",""22156""]","[""15725"",""15737""]",True,True,0.0,2.220446049250313e-16,2.220446049250313e-16,0.0,0.0,True,True
wands,bge_base,raw_hybrid,C2s4,C0,144,116,20,2,2,"[""11632"",""4440""]","[""30150"",""31450""]",True,True,0.0,-2.220446049250313e-16,2.220446049250313e-16,0.0,0.0,True,True
wands,bge_base,raw_hybrid,C2s4,C0,148,194,20,1,1,"[""34274""]","[""34680""]",True,True,0.0,2.220446049250313e-16,2.220446049250313e-16,0.0,0.0,True,True
wands,bge_base,raw_hybrid,C2s4,C0,158,44,20,1,1,"[""20046""]","[""29464""]",True,True,0.0,0.0,0.0,0.0,0.0,True,True
wands,bge_base,raw_hybrid,C2s4,C0,159,93,20,1,1,"[""3765""]","[""11706""]",True,True,0.0,0.0,0.0,2.220446049250313e-16,2.220446049250313e-16,True,True
wands,bge_base,raw_hybrid,C2s4,C0,167,87,20,1,1,"[""13947""]","[""27586""]",True,True,0.0,0.0,0.0,0.0,0.0,True,True
wands,bge_base,raw_hybrid,C2s4,C0,172,42,20,3,3,"[""19482"",""19483"",""19488""]","[""12246"",""19490"",""6527""]",True,True,0.0,0.0,0.0,0.0,0.0,True,True
wands,bge_base,raw_hybrid,C2s4,C0,175,70,20,2,2,"[""17073"",""17812""]","[""4320"",""671""]",True,True,0.0,0.0,0.0,0.0,0.0,True,True
wands,bge_base,raw_hybrid,C2s4,C0,182,58,20,2,2,"[""27092"",""29771""]","[""17199"",""40723""]",True,True,0.0,0.0,0.0,-1.1102230246251565e-16,1.1102230246251565e-16,True,True
wands,bge_base,raw_hybrid,C2s4,C0,185,34,20,1,1,"[""30021""]","[""11463""]",True,True,0.0,0.0,0.0,0.0,0.0,True,True
wands,bge_base,raw_hybrid,C2s4,C0,227,176,20,3,3,"[""21331"",""29737"",""800""]","[""13954"",""2718"",""33157""]",True,True,0.0,2.220446049250313e-16,2.220446049250313e-16,0.0,0.0,True,True
wands,bge_base,raw_hybrid,C2s4,C0,229,133,20,3,3,"[""19729"",""20387"",""27490""]","[""28221"",""37682"",""37684""]",True,True,0.0,0.0,0.0,0.0,0.0,True,True
wands,bge_base,raw_hybrid,C2s4,C0,231,307,20,2,2,"[""20146"",""7808""]","[""20172"",""20185""]",True,True,0.0,0.0,0.0,0.0,0.0,True,True
wands,bge_base,raw_hybrid,C2s4,C0,234,107,20,3,3,"[""1824"",""23543"",""37795""]","[""25381"",""25383"",""37796""]",True,True,0.0,4.440892098500626e-16,4.440892098500626e-16,0.0,0.0,True,True
wands,bge_base,raw_hybrid,C2s4,C0,235,133,20,1,1,"[""17147""]","[""24728""]",True,True,0.0,0.0,0.0,0.0,0.0,True,True
wands,bge_base,raw_hybrid,C2s4,C0,247,40,20,1,1,"[""25955""]","[""25954""]",True,True,0.0,2.220446049250313e-16,2.220446049250313e-16,0.0,0.0,True,True
wands,bge_base,raw_hybrid,C2s4,C0,248,39,20,1,1,"[""25501""]","[""37183""]",True,True,0.0,-2.220446049250313e-16,2.220446049250313e-16,0.0,0.0,True,True
wands,bge_base,raw_hybrid,C2s4,C0,249,124,20,6,6,"[""20275"",""20811"",""25674"",""28880"",""4144"",""6979""]","[""17883"",""22309"",""38256"",""39972"",""417"",""7508""]",True,True,0.0,0.0,0.0,2.220446049250313e-16,2.220446049250313e-16,True,True
wands,bge_base,raw_hybrid,C2s4,C0,335,42,20,1,1,"[""38587""]","[""19541""]",True,True,0.0,0.0,0.0,2.220446049250313e-16,2.220446049250313e-16,True,True
wands,bge_base,raw_hybrid,C2s4,C0,352,29,20,1,1,"[""30507""]","[""40849""]",True,True,0.0,2.220446049250313e-16,2.220446049250313e-16,0.0,0.0,True,True
wands,bge_base,raw_hybrid,C2s4,C0,355,30,20,2,2,"[""13859"",""29761""]","[""19432"",""35700""]",True,True,0.0,4.440892098500626e-16,4.440892098500626e-16,0.0,0.0,True,True
wands,bge_base,raw_hybrid,C2s4,C0,368,81,20,1,1,"[""22326""]","[""20690""]",True,True,0.0,2.220446049250313e-16,2.220446049250313e-16,0.0,0.0,True,True
wands,bge_base,raw_hybrid,C2s4,C0,408,31,20,1,1,"[""27802""]","[""13054""]",True,True,0.0,0.0,0.0,1.1102230246251565e-16,1.1102230246251565e-16,True,True
wands,bge_base,raw_hybrid,C2s4,C0,420,766,20,5,5,"[""13804"",""19995"",""33791"",""33814"",""33827""]","[""11123"",""17686"",""27008"",""33744"",""33834""]",True,True,0.0,0.0,0.0,0.0,0.0,True,True
wands,bge_base,raw_hybrid,C2s4,C0,464,85,20,2,2,"[""1520"",""32028""]","[""17045"",""42143""]",True,True,0.0,0.0,0.0,1.1102230246251565e-16,1.1102230246251565e-16,True,True
wands,bge_base,raw_hybrid,C2s4,C0,470,45,20,1,1,"[""37496""]","[""27505""]",True,True,0.0,4.440892098500626e-16,4.440892098500626e-16,0.0,0.0,True,True
wands,bge_base,raw_hybrid,C2s4,C0,472,47,20,1,1,"[""17467""]","[""18448""]",True,True,0.0,-4.440892098500626e-16,4.440892098500626e-16,2.220446049250313e-16,2.220446049250313e-16,True,True
wands,bge_base,raw_hybrid,C2s5,C0,2,151,20,1,1,"[""36632""]","[""3756""]",True,True,0.0,0.0,0.0,0.0,0.0,True,True
wands,bge_base,raw_hybrid,C2s5,C0,9,74,20,1,1,"[""3288""]","[""24421""]",True,True,0.0,-2.220446049250313e-16,2.220446049250313e-16,0.0,0.0,True,True
wands,bge_base,raw_hybrid,C2s5,C0,28,175,20,3,3,"[""28146"",""4026"",""40839""]","[""26713"",""28135"",""28138""]",True,True,0.0,0.0,0.0,2.220446049250313e-16,2.220446049250313e-16,True,True
wands,bge_base,raw_hybrid,C2s5,C0,59,43,20,1,1,"[""41610""]","[""41649""]",True,True,0.0,0.0,0.0,0.0,0.0,True,True
wands,bge_base,raw_hybrid,C2s5,C0,109,39,20,2,2,"[""26919"",""26929""]","[""26124"",""26923""]",True,True,0.0,-2.220446049250313e-16,2.220446049250313e-16,0.0,0.0,True,True
wands,bge_base,raw_hybrid,C2s5,C0,112,266,20,4,4,"[""37431"",""37432"",""5363"",""6320""]","[""18455"",""34748"",""40866"",""6388""]",True,True,0.0,2.220446049250313e-16,2.220446049250313e-16,0.0,0.0,True,True
wands,bge_base,raw_hybrid,C2s5,C0,126,241,20,5,5,"[""17353"",""27583"",""28260"",""37329"",""4590""]","[""14078"",""14288"",""19695"",""24958"",""27688""]",True,True,0.0,-2.220446049250313e-16,2.220446049250313e-16,-2.220446049250313e-16,2.220446049250313e-16,True,True
wands,bge_base,raw_hybrid,C2s5,C0,128,113,20,5,5,"[""13164"",""13167"",""19693"",""33179"",""5160""]","[""1269"",""13506"",""15546"",""2771"",""4987""]",True,True,0.0,-2.220446049250313e-16,2.220446049250313e-16,0.0,0.0,True,True
wands,bge_base,raw_hybrid,C2s5,C0,138,142,20,3,3,"[""15719"",""21472"",""22167""]","[""15725"",""15733"",""15737""]",True,True,0.0,0.0,0.0,0.0,0.0,True,True
wands,bge_base,raw_hybrid,C2s5,C0,167,87,20,1,1,"[""13947""]","[""27586""]",True,True,0.0,0.0,0.0,0.0,0.0,True,True
wands,bge_base,raw_hybrid,C2s5,C0,172,42,20,2,2,"[""19482"",""19483""]","[""12246"",""6527""]",True,True,0.0,2.220446049250313e-16,2.220446049250313e-16,0.0,0.0,True,True
wands,bge_base,raw_hybrid,C2s5,C0,175,70,20,2,2,"[""16882"",""17073""]","[""4320"",""671""]",True,True,0.0,-2.220446049250313e-16,2.220446049250313e-16,0.0,0.0,True,True
wands,bge_base,raw_hybrid,C2s5,C0,185,34,20,1,1,"[""30021""]","[""11463""]",True,True,0.0,0.0,0.0,0.0,0.0,True,True
wands,bge_base,raw_hybrid,C2s5,C0,227,176,20,2,2,"[""21845"",""31875""]","[""13954"",""33157""]",True,True,0.0,2.220446049250313e-16,2.220446049250313e-16,0.0,0.0,True,True
wands,bge_base,raw_hybrid,C2s5,C0,229,133,20,4,4,"[""19729"",""20387"",""27490"",""39486""]","[""28221"",""3057"",""37682"",""37684""]",True,True,0.0,-2.220446049250313e-16,2.220446049250313e-16,0.0,0.0,True,True
wands,bge_base,raw_hybrid,C2s5,C0,231,307,20,5,5,"[""12722"",""20146"",""20147"",""7799"",""7808""]","[""20172"",""20185"",""7791"",""7800"",""7815""]",True,True,0.0,0.0,0.0,0.0,0.0,True,True
wands,bge_base,raw_hybrid,C2s5,C0,234,107,20,2,2,"[""1824"",""23543""]","[""25383"",""37796""]",True,True,0.0,0.0,0.0,2.220446049250313e-16,2.220446049250313e-16,True,True
wands,bge_base,raw_hybrid,C2s5,C0,235,133,20,1,1,"[""17147""]","[""24728""]",True,True,0.0,-2.220446049250313e-16,2.220446049250313e-16,0.0,0.0,True,True
wands,bge_base,raw_hybrid,C2s5,C0,247,40,20,1,1,"[""25955""]","[""25959""]",True,True,0.0,0.0,0.0,0.0,0.0,True,True
wands,bge_base,raw_hybrid,C2s5,C0,248,39,20,1,1,"[""25501""]","[""37183""]",True,True,0.0,0.0,0.0,0.0,0.0,True,True
wands,bge_base,raw_hybrid,C2s5,C0,249,124,20,3,3,"[""20275"",""28879"",""28880""]","[""22309"",""417"",""8393""]",True,True,0.0,0.0,0.0,0.0,0.0,True,True
wands,bge_base,raw_hybrid,C2s5,C0,250,96,20,4,4,"[""24320"",""39611"",""40102"",""4139""]","[""1772"",""24284"",""29504"",""35224""]",True,True,0.0,0.0,0.0,0.0,0.0,True,True
wands,bge_base,raw_hybrid,C2s5,C0,335,42,20,1,1,"[""20645""]","[""19541""]",True,True,0.0,0.0,0.0,0.0,0.0,True,True
wands,bge_base,raw_hybrid,C2s5,C0,352,29,20,1,1,"[""30507""]","[""40849""]",True,True,0.0,2.220446049250313e-16,2.220446049250313e-16,0.0,0.0,True,True
wands,bge_base,raw_hybrid,C2s5,C0,355,30,20,2,2,"[""13859"",""29761""]","[""19432"",""35701""]",True,True,0.0,4.440892098500626e-16,4.440892098500626e-16,0.0,0.0,True,True
wands,bge_base,raw_hybrid,C2s5,C0,368,81,20,1,1,"[""22326""]","[""22325""]",True,True,0.0,2.220446049250313e-16,2.220446049250313e-16,0.0,0.0,True,True
wands,bge_base,raw_hybrid,C2s5,C0,420,766,20,4,4,"[""11122"",""19995"",""33791"",""40304""]","[""11123"",""12782"",""17686"",""33743""]",True,True,0.0,-2.220446049250313e-16,2.220446049250313e-16,0.0,0.0,True,True
wands,bge_base,raw_hybrid,C2s5,C0,423,285,20,2,2,"[""33161"",""37359""]","[""14824"",""28705""]",True,True,0.0,0.0,0.0,0.0,0.0,True,True
wands,bge_base,raw_hybrid,C2s5,C0,464,85,20,1,1,"[""32028""]","[""17045""]",True,True,0.0,0.0,0.0,3.3306690738754696e-16,3.3306690738754696e-16,True,True
wands,bge_base,raw_hybrid,C2s5,C0,470,45,20,2,2,"[""17511"",""31082""]","[""14388"",""16512""]",True,True,0.0,2.220446049250313e-16,2.220446049250313e-16,0.0,0.0,True,True
wands,gte_modernbert,raw,C1,C0,2,151,20,8,8,"[""12130"",""14418"",""29146"",""34445"",""35710"",""35712"",""36628"",""36632""]","[""24196"",""27509"",""27511"",""27512"",""27513"",""27516"",""35711"",""36630""]",True,True,0.0,-2.220446049250313e-16,2.220446049250313e-16,0.0,0.0,True,True
wands,gte_modernbert,raw,C1,C0,28,175,20,3,3,"[""13016"",""17435"",""40843""]","[""21334"",""7942"",""924""]",True,True,0.0,4.440892098500626e-16,4.440892098500626e-16,0.0,0.0,True,True
wands,gte_modernbert,raw,C1,C0,59,43,20,4,4,"[""41616"",""41617"",""41619"",""41648""]","[""41608"",""41636"",""41637"",""41642""]",True,True,0.0,2.220446049250313e-16,2.220446049250313e-16,0.0,0.0,True,True
wands,gte_modernbert,raw,C1,C0,102,57,20,4,4,"[""3246"",""3251"",""35002"",""37667""]","[""12154"",""12166"",""3239"",""6739""]",True,True,0.0,0.0,0.0,-2.220446049250313e-16,2.220446049250313e-16,True,True
wands,gte_modernbert,raw,C1,C0,108,81,20,5,5,"[""3025"",""3037"",""3041"",""3917"",""3918""]","[""3026"",""3032"",""3033"",""3042"",""3895""]",True,True,0.0,0.0,0.0,0.0,0.0,True,True
wands,gte_modernbert,raw,C1,C0,109,39,20,3,3,"[""26132"",""26928"",""26936""]","[""26922"",""26926"",""26938""]",True,True,0.0,-4.440892098500626e-16,4.440892098500626e-16,0.0,0.0,True,True
wands,gte_modernbert,raw,C1,C0,112,266,20,4,4,"[""26671"",""31926"",""40867"",""7980""]","[""11828"",""25785"",""3270"",""33169""]",True,True,0.0,0.0,0.0,0.0,0.0,True,True
wands,gte_modernbert,raw,C1,C0,115,202,20,3,3,"[""13483"",""42089"",""42311""]","[""32432"",""34812"",""9495""]",True,True,0.0,4.440892098500626e-16,4.440892098500626e-16,2.220446049250313e-16,2.220446049250313e-16,True,True
wands,gte_modernbert,raw,C1,C0,159,93,20,2,2,"[""25482"",""3765""]","[""17774"",""39488""]",True,True,0.0,0.0,0.0,0.0,0.0,True,True
wands,gte_modernbert,raw,C1,C0,172,42,20,3,3,"[""25672"",""25685"",""31639""]","[""19477"",""19484"",""40933""]",True,True,0.0,2.220446049250313e-16,2.220446049250313e-16,0.0,0.0,True,True
wands,gte_modernbert,raw,C1,C0,227,176,20,5,5,"[""24826"",""33157"",""35240"",""36637"",""795""]","[""10255"",""24387"",""28505"",""40763"",""8304""]",True,True,0.0,0.0,0.0,0.0,0.0,True,True
wands,gte_modernbert,raw,C1,C0,231,307,20,5,5,"[""19170"",""20188"",""20196"",""20197"",""22790""]","[""22791"",""22792"",""32015"",""32016"",""7791""]",True,True,0.0,0.0,0.0,-2.220446049250313e-16,2.220446049250313e-16,True,True
wands,gte_modernbert,raw,C1,C0,234,107,20,1,1,"[""25378""]","[""25384""]",True,True,0.0,0.0,0.0,0.0,0.0,True,True
wands,gte_modernbert,raw,C1,C0,245,57,20,1,1,"[""17814""]","[""18414""]",True,True,0.0,4.440892098500626e-16,4.440892098500626e-16,0.0,0.0,True,True
wands,gte_modernbert,raw,C1,C0,248,39,20,3,3,"[""25501"",""27045"",""6734""]","[""29118"",""37183"",""6735""]",True,True,0.0,0.0,0.0,2.220446049250313e-16,2.220446049250313e-16,True,True
wands,gte_modernbert,raw,C1,C0,355,30,20,1,1,"[""24355""]","[""29936""]",True,True,0.0,-2.220446049250313e-16,2.220446049250313e-16,2.220446049250313e-16,2.220446049250313e-16,True,True
wands,gte_modernbert,raw,C1,C0,368,81,20,2,2,"[""10334"",""38765""]","[""15583"",""8611""]",True,True,0.0,4.440892098500626e-16,4.440892098500626e-16,0.0,0.0,True,True
wands,gte_modernbert,raw,C1,C0,418,608,20,7,7,"[""13805"",""13806"",""14193"",""23638"",""34199"",""596"",""8832""]","[""14241"",""18125"",""21591"",""22061"",""24635"",""3089"",""3673""]",True,True,0.0,2.220446049250313e-16,2.220446049250313e-16,0.0,0.0,True,True
wands,gte_modernbert,raw,C1,C0,420,766,20,4,4,"[""12374"",""27239"",""30928"",""7057""]","[""13804"",""27236"",""3080"",""33852""]",True,True,0.0,2.220446049250313e-16,2.220446049250313e-16,0.0,0.0,True,True
wands,gte_modernbert,raw,C1,C0,423,285,20,7,7,"[""22497"",""36138"",""38724"",""39387"",""40249"",""5805"",""9941""]","[""10366"",""14645"",""29517"",""36903"",""40259"",""5249"",""6700""]",True,True,0.0,2.220446049250313e-16,2.220446049250313e-16,0.0,0.0,True,True
wands,gte_modernbert,raw,C1,C0,426,223,20,4,4,"[""2292"",""29681"",""29698"",""8794""]","[""21869"",""21870"",""22621"",""30980""]",True,True,0.0,2.220446049250313e-16,2.220446049250313e-16,2.220446049250313e-16,2.220446049250313e-16,True,True
wands,gte_modernbert,raw,C1,C0,433,113,20,6,6,"[""10841"",""1783"",""25989"",""42335"",""724"",""842""]","[""18848"",""22049"",""32253"",""41731"",""4484"",""4954""]",True,True,0.0,2.220446049250313e-16,2.220446049250313e-16,-2.220446049250313e-16,2.220446049250313e-16,True,True
wands,gte_modernbert,raw,C1,C0,438,101,20,3,3,"[""13434"",""2229"",""24433""]","[""17950"",""2966"",""41079""]",True,True,0.0,2.220446049250313e-16,2.220446049250313e-16,0.0,0.0,True,True
wands,gte_modernbert,raw,C1,C0,442,70,20,6,6,"[""16065"",""2177"",""24723"",""31788"",""35368"",""9168""]","[""18495"",""18496"",""36912"",""4577"",""7449"",""7679""]",True,True,0.0,0.0,0.0,0.0,0.0,True,True
wands,gte_modernbert,raw,C1,C0,464,85,20,1,1,"[""16216""]","[""26530""]",True,True,0.0,-2.220446049250313e-16,2.220446049250313e-16,0.0,0.0,True,True
wands,gte_modernbert,raw,C2s1,C0,28,175,20,4,4,"[""13016"",""16102"",""2732"",""8076""]","[""11210"",""33455"",""846"",""924""]",True,True,0.0,2.220446049250313e-16,2.220446049250313e-16,0.0,0.0,True,True
wands,gte_modernbert,raw,C2s1,C0,59,43,20,3,3,"[""41616"",""41627"",""41648""]","[""41615"",""41625"",""41636""]",True,True,0.0,2.220446049250313e-16,2.220446049250313e-16,0.0,0.0,True,True
wands,gte_modernbert,raw,C2s1,C0,102,57,20,5,5,"[""13492"",""13596"",""3243"",""35002"",""37667""]","[""12154"",""12166"",""3239"",""34730"",""6739""]",True,True,0.0,0.0,0.0,-2.220446049250313e-16,2.220446049250313e-16,True,True
wands,gte_modernbert,raw,C2s1,C0,108,81,20,3,3,"[""3025"",""3041"",""3917""]","[""3026"",""3042"",""3910""]",True,True,0.0,2.220446049250313e-16,2.220446049250313e-16,2.220446049250313e-16,2.220446049250313e-16,True,True
wands,gte_modernbert,raw,C2s1,C0,109,39,20,2,2,"[""26124"",""26132""]","[""26926"",""26938""]",True,True,0.0,-2.220446049250313e-16,2.220446049250313e-16,0.0,0.0,True,True
wands,gte_modernbert,raw,C2s1,C0,112,266,20,4,4,"[""12204"",""25787"",""40867"",""7980""]","[""13854"",""3261"",""38591"",""6320""]",True,True,0.0,-2.220446049250313e-16,2.220446049250313e-16,2.220446049250313e-16,2.220446049250313e-16,True,True
wands,gte_modernbert,raw,C2s1,C0,115,202,20,4,4,"[""13014"",""42089"",""42311"",""5121""]","[""12402"",""13867"",""32432"",""9495""]",True,True,0.0,2.220446049250313e-16,2.220446049250313e-16,0.0,0.0,True,True
wands,gte_modernbert,raw,C2s1,C0,159,93,20,1,1,"[""33227""]","[""39488""]",True,True,0.0,0.0,0.0,0.0,0.0,True,True
wands,gte_modernbert,raw,C2s1,C0,163,47,20,2,2,"[""26653"",""28077""]","[""28073"",""32199""]",True,True,0.0,0.0,0.0,0.0,0.0,True,True
wands,gte_modernbert,raw,C2s1,C0,172,42,20,3,3,"[""19487"",""25685"",""40932""]","[""19477"",""19484"",""37418""]",True,True,0.0,0.0,0.0,0.0,0.0,True,True
wands,gte_modernbert,raw,C2s1,C0,227,176,20,6,6,"[""13954"",""2718"",""28697"",""33157"",""36637"",""795""]","[""10255"",""24387"",""28505"",""35908"",""8152"",""8304""]",True,True,0.0,0.0,0.0,0.0,0.0,True,True
wands,gte_modernbert,raw,C2s1,C0,229,133,20,5,5,"[""19708"",""19712"",""24913"",""37672"",""37682""]","[""11459"",""19733"",""30293"",""3057"",""8925""]",True,True,0.0,2.220446049250313e-16,2.220446049250313e-16,0.0,0.0,True,True
wands,gte_modernbert,raw,C2s1,C0,231,307,20,6,6,"[""19170"",""20188"",""20196"",""20197"",""20206"",""28006""]","[""20174"",""22791"",""22792"",""32015"",""32016"",""7816""]",True,True,0.0,2.220446049250313e-16,2.220446049250313e-16,-2.220446049250313e-16,2.220446049250313e-16,True,True
wands,gte_modernbert,raw,C2s1,C0,234,107,20,3,3,"[""23543"",""25385"",""4687""]","[""25373"",""25396"",""6158""]",True,True,0.0,0.0,0.0,0.0,0.0,True,True
wands,gte_modernbert,raw,C2s1,C0,245,57,20,1,1,"[""17814""]","[""3536""]",True,True,0.0,0.0,0.0,0.0,0.0,True,True
wands,gte_modernbert,raw,C2s1,C0,248,39,20,4,4,"[""16398"",""27045"",""404"",""6734""]","[""29117"",""29118"",""37183"",""6735""]",True,True,0.0,0.0,0.0,0.0,0.0,True,True
wands,gte_modernbert,raw,C2s1,C0,368,81,20,3,3,"[""10334"",""15133"",""38765""]","[""15583"",""25901"",""35820""]",True,True,0.0,0.0,0.0,0.0,0.0,True,True
wands,gte_modernbert,raw,C2s1,C0,418,608,20,9,9,"[""11104"",""13805"",""25654"",""26114"",""29544"",""34199"",""8462"",""8514"",""8832""]","[""10714"",""14241"",""16041"",""18125"",""22061"",""24635"",""29932"",""3089"",""3673""]",True,True,0.0,0.0,0.0,0.0,0.0,True,True
wands,gte_modernbert,raw,C2s1,C0,420,766,20,6,6,"[""11122"",""12374"",""27086"",""33788"",""33834"",""33952""]","[""11132"",""26997"",""27236"",""40305"",""6567"",""7056""]",True,True,0.0,0.0,0.0,0.0,0.0,True,True
wands,gte_modernbert,raw,C2s1,C0,426,223,20,4,4,"[""2292"",""29698"",""29723"",""8794""]","[""21869"",""22621"",""2978"",""8070""]",True,True,0.0,0.0,0.0,0.0,0.0,True,True
wands,gte_modernbert,raw,C2s1,C0,433,113,20,4,4,"[""1783"",""39555"",""5454"",""724""]","[""18848"",""22835"",""4954"",""6236""]",True,True,0.0,0.0,0.0,-2.220446049250313e-16,2.220446049250313e-16,True,True
wands,gte_modernbert,raw,C2s1,C0,438,101,20,5,5,"[""17946"",""2229"",""24433"",""27944"",""33227""]","[""13436"",""13442"",""26370"",""36473"",""41079""]",True,True,0.0,0.0,0.0,0.0,0.0,True,True
wands,gte_modernbert,raw,C2s1,C0,442,70,20,4,4,"[""2177"",""31788"",""35368"",""7245""]","[""18495"",""3646"",""7449"",""7679""]",True,True,0.0,0.0,0.0,0.0,0.0,True,True
wands,gte_modernbert,raw,C2s1,C0,464,85,20,2,2,"[""16216"",""26533""]","[""16217"",""32282""]",True,True,0.0,-2.220446049250313e-16,2.220446049250313e-16,0.0,0.0,True,True
wands,gte_modernbert,raw,C2s1,C0,470,45,20,1,1,"[""14386""]","[""29149""]",True,True,0.0,0.0,0.0,0.0,0.0,True,True
wands,gte_modernbert,raw,C2s2,C0,2,151,20,6,6,"[""12130"",""27728"",""35712"",""36628"",""36632"",""8589""]","[""27509"",""27513"",""3276"",""34737"",""36630"",""39496""]",True,True,0.0,-4.440892098500626e-16,4.440892098500626e-16,0.0,0.0,True,True
wands,gte_modernbert,raw,C2s2,C0,28,175,20,3,3,"[""13016"",""16102"",""40843""]","[""17974"",""33455"",""924""]",True,True,0.0,0.0,0.0,0.0,0.0,True,True
wands,gte_modernbert,raw,C2s2,C0,59,43,20,2,2,"[""41619"",""41648""]","[""41615"",""41625""]",True,True,0.0,2.220446049250313e-16,2.220446049250313e-16,0.0,0.0,True,True
wands,gte_modernbert,raw,C2s2,C0,102,57,20,4,4,"[""3251"",""3400"",""37667"",""6740""]","[""12166"",""2777"",""3244"",""7456""]",True,True,0.0,2.220446049250313e-16,2.220446049250313e-16,-2.220446049250313e-16,2.220446049250313e-16,True,True
wands,gte_modernbert,raw,C2s2,C0,108,81,20,5,5,"[""3025"",""3041"",""3043"",""3917"",""3918""]","[""3026"",""3032"",""3033"",""3036"",""3042""]",True,True,0.0,0.0,0.0,0.0,0.0,True,True
wands,gte_modernbert,raw,C2s2,C0,109,39,20,2,2,"[""26123"",""26132""]","[""26135"",""26926""]",True,True,0.0,0.0,0.0,0.0,0.0,True,True
wands,gte_modernbert,raw,C2s2,C0,112,266,20,7,7,"[""12204"",""26671"",""31926"",""3249"",""32946"",""37437"",""39122""]","[""11828"",""13854"",""3261"",""37429"",""37434"",""38591"",""6320""]",True,True,0.0,0.0,0.0,0.0,0.0,True,True
wands,gte_modernbert,raw,C2s2,C0,115,202,20,2,2,"[""42089"",""42311""]","[""32432"",""34812""]",True,True,0.0,4.440892098500626e-16,4.440892098500626e-16,0.0,0.0,True,True
wands,gte_modernbert,raw,C2s2,C0,159,93,20,3,3,"[""30211"",""33227"",""3765""]","[""13486"",""17774"",""39488""]",True,True,0.0,0.0,0.0,0.0,0.0,True,True
wands,gte_modernbert,raw,C2s2,C0,172,42,20,3,3,"[""19475"",""25685"",""40930""]","[""19484"",""37418"",""40933""]",True,True,0.0,0.0,0.0,0.0,0.0,True,True
wands,gte_modernbert,raw,C2s2,C0,227,176,20,7,7,"[""24826"",""2718"",""33157"",""35240"",""42"",""795"",""8054""]","[""24387"",""28505"",""35908"",""40763"",""8152"",""8304"",""9580""]",True,True,0.0,0.0,0.0,0.0,0.0,True,True
wands,gte_modernbert,raw,C2s2,C0,229,133,20,4,4,"[""19712"",""19729"",""27226"",""37672""]","[""26423"",""30293"",""3057"",""8925""]",True,True,0.0,4.440892098500626e-16,4.440892098500626e-16,0.0,0.0,True,True
wands,gte_modernbert,raw,C2s2,C0,231,307,20,7,7,"[""19170"",""20180"",""20197"",""22793"",""28006"",""7809"",""7842""]","[""20171"",""22791"",""22792"",""32015"",""32016"",""37239"",""7791""]",True,True,0.0,2.220446049250313e-16,2.220446049250313e-16,-2.220446049250313e-16,2.220446049250313e-16,True,True
wands,gte_modernbert,raw,C2s2,C0,234,107,20,3,3,"[""23543"",""32682"",""4687""]","[""25373"",""29468"",""6158""]",True,True,0.0,0.0,0.0,0.0,0.0,True,True
wands,gte_modernbert,raw,C2s2,C0,245,57,20,1,1,"[""17814""]","[""7946""]",True,True,0.0,2.220446049250313e-16,2.220446049250313e-16,0.0,0.0,True,True
wands,gte_modernbert,raw,C2s2,C0,248,39,20,3,3,"[""27045"",""404"",""6734""]","[""29118"",""40278"",""6735""]",True,True,0.0,0.0,0.0,2.220446049250313e-16,2.220446049250313e-16,True,True
wands,gte_modernbert,raw,C2s2,C0,355,30,20,2,2,"[""19432"",""29940""]","[""35702"",""8244""]",True,True,0.0,0.0,0.0,0.0,0.0,True,True
wands,gte_modernbert,raw,C2s2,C0,368,81,20,3,3,"[""10334"",""15133"",""38765""]","[""31314"",""35820"",""8611""]",True,True,0.0,2.220446049250313e-16,2.220446049250313e-16,0.0,0.0,True,True
wands,gte_modernbert,raw,C2s2,C0,418,608,20,9,9,"[""11104"",""13805"",""13806"",""24548"",""25654"",""34199"",""35372"",""8462"",""8514""]","[""14241"",""16041"",""18125"",""22061"",""29932"",""3089"",""36319"",""3673"",""40590""]",True,True,0.0,2.220446049250313e-16,2.220446049250313e-16,0.0,0.0,True,True
wands,gte_modernbert,raw,C2s2,C0,420,766,20,6,6,"[""11122"",""27091"",""27239"",""27247"",""33865"",""33913""]","[""27008"",""27236"",""27473"",""33852"",""6567"",""7056""]",True,True,0.0,4.440892098500626e-16,4.440892098500626e-16,0.0,0.0,True,True
wands,gte_modernbert,raw,C2s2,C0,422,428,20,5,5,"[""11250"",""2869"",""30853"",""33603"",""37818""]","[""25671"",""28924"",""28929"",""38392"",""6705""]",True,True,0.0,4.440892098500626e-16,4.440892098500626e-16,-1.1102230246251565e-16,1.1102230246251565e-16,True,True
wands,gte_modernbert,raw,C2s2,C0,426,223,20,3,3,"[""2292"",""29681"",""29698""]","[""21869"",""21870"",""5844""]",True,True,0.0,0.0,0.0,0.0,0.0,True,True
wands,gte_modernbert,raw,C2s2,C0,433,113,20,7,7,"[""10845"",""17401"",""19826"",""25989"",""41728"",""724"",""842""]","[""13828"",""18848"",""22049"",""22835"",""41731"",""4484"",""4954""]",True,True,0.0,2.220446049250313e-16,2.220446049250313e-16,-2.220446049250313e-16,2.220446049250313e-16,True,True
wands,gte_modernbert,raw,C2s2,C0,438,101,20,3,3,"[""17946"",""24433"",""33227""]","[""17950"",""24435"",""41079""]",True,True,0.0,0.0,0.0,-1.1102230246251565e-16,1.1102230246251565e-16,True,True
wands,gte_modernbert,raw,C2s2,C0,442,70,20,5,5,"[""16404"",""17612"",""31788"",""35368"",""9168""]","[""18495"",""3646"",""4577"",""7449"",""7679""]",True,True,0.0,-2.220446049250313e-16,2.220446049250313e-16,2.220446049250313e-16,2.220446049250313e-16,True,True
wands,gte_modernbert,raw,C2s2,C0,464,85,20,3,3,"[""13193"",""16216"",""42143""]","[""12953"",""16217"",""26530""]",True,True,0.0,0.0,0.0,0.0,0.0,True,True
wands,gte_modernbert,raw,C2s2,C0,470,45,20,1,1,"[""37420""]","[""29149""]",True,True,0.0,0.0,0.0,0.0,0.0,True,True
wands,gte_modernbert,raw,C2s3,C0,2,151,20,6,6,"[""12130"",""27508"",""35710"",""35712"",""36628"",""36632""]","[""12179"",""24196"",""3276"",""34737"",""36630"",""39496""]",True,True,0.0,-2.220446049250313e-16,2.220446049250313e-16,0.0,0.0,True,True
wands,gte_modernbert,raw,C2s3,C0,28,175,20,4,4,"[""14289"",""28498"",""40843"",""40846""]","[""17980"",""7942"",""846"",""924""]",True,True,0.0,2.220446049250313e-16,2.220446049250313e-16,0.0,0.0,True,True
wands,gte_modernbert,raw,C2s3,C0,59,43,20,3,3,"[""41617"",""41619"",""41648""]","[""41621"",""41625"",""41630""]",True,True,0.0,2.220446049250313e-16,2.220446049250313e-16,0.0,0.0,True,True
wands,gte_modernbert,raw,C2s3,C0,102,57,20,7,7,"[""12160"",""13050"",""13492"",""19933"",""3251"",""37491"",""37667""]","[""12154"",""12166"",""2777"",""3239"",""3267"",""6739"",""7456""]",True,True,0.0,2.220446049250313e-16,2.220446049250313e-16,-2.220446049250313e-16,2.220446049250313e-16,True,True
wands,gte_modernbert,raw,C2s3,C0,108,81,20,4,4,"[""3025"",""3037"",""3041"",""3918""]","[""3026"",""3029"",""3036"",""3042""]",True,True,0.0,0.0,0.0,0.0,0.0,True,True
wands,gte_modernbert,raw,C2s3,C0,109,39,20,3,3,"[""26124"",""26132"",""26936""]","[""26922"",""26926"",""26938""]",True,True,0.0,0.0,0.0,0.0,0.0,True,True
wands,gte_modernbert,raw,C2s3,C0,112,266,20,5,5,"[""2239"",""26671"",""31926"",""37437"",""7980""]","[""13854"",""32534"",""3261"",""33169"",""38591""]",True,True,0.0,0.0,0.0,0.0,0.0,True,True
wands,gte_modernbert,raw,C2s3,C0,115,202,20,5,5,"[""13014"",""28114"",""31079"",""42089"",""42311""]","[""26872"",""32432"",""34812"",""39"",""9495""]",True,True,0.0,2.220446049250313e-16,2.220446049250313e-16,0.0,0.0,True,True
wands,gte_modernbert,raw,C2s3,C0,119,158,20,4,4,"[""32049"",""3278"",""33319"",""6292""]","[""15158"",""22611"",""28087"",""9662""]",True,True,0.0,0.0,0.0,0.0,0.0,True,True
wands,gte_modernbert,raw,C2s3,C0,159,93,20,3,3,"[""11709"",""30211"",""3765""]","[""17774"",""39488"",""6141""]",True,True,0.0,0.0,0.0,0.0,0.0,True,True
wands,gte_modernbert,raw,C2s3,C0,227,176,20,5,5,"[""12669"",""33157"",""36637"",""42"",""795""]","[""10255"",""28505"",""40763"",""8152"",""8304""]",True,True,0.0,-2.220446049250313e-16,2.220446049250313e-16,0.0,0.0,True,True
wands,gte_modernbert,raw,C2s3,C0,229,133,20,3,3,"[""11440"",""20387"",""3951""]","[""19716"",""30293"",""37677""]",True,True,0.0,2.220446049250313e-16,2.220446049250313e-16,0.0,0.0,True,True
wands,gte_modernbert,raw,C2s3,C0,231,307,20,7,7,"[""19170"",""20188"",""20197"",""20206"",""28006"",""5544"",""7793""]","[""22791"",""22792"",""32015"",""32016"",""7791"",""7815"",""7816""]",True,True,0.0,2.220446049250313e-16,2.220446049250313e-16,-2.220446049250313e-16,2.220446049250313e-16,True,True
wands,gte_modernbert,raw,C2s3,C0,234,107,20,3,3,"[""23543"",""25395"",""3753""]","[""25375"",""25396"",""29468""]",True,True,0.0,0.0,0.0,0.0,0.0,True,True
wands,gte_modernbert,raw,C2s3,C0,245,57,20,1,1,"[""17814""]","[""7946""]",True,True,0.0,2.220446049250313e-16,2.220446049250313e-16,0.0,0.0,True,True
wands,gte_modernbert,raw,C2s3,C0,248,39,20,2,2,"[""16398"",""404""]","[""40278"",""6735""]",True,True,0.0,4.440892098500626e-16,4.440892098500626e-16,-1.1102230246251565e-16,1.1102230246251565e-16,True,True
wands,gte_modernbert,raw,C2s3,C0,355,30,20,1,1,"[""29940""]","[""35470""]",True,True,0.0,2.220446049250313e-16,2.220446049250313e-16,0.0,0.0,True,True
wands,gte_modernbert,raw,C2s3,C0,368,81,20,3,3,"[""10334"",""15133"",""38765""]","[""15583"",""35820"",""8611""]",True,True,0.0,0.0,0.0,0.0,0.0,True,True
wands,gte_modernbert,raw,C2s3,C0,406,22,20,2,2,"[""16123"",""33568""]","[""16201"",""16220""]",True,True,0.0,0.0,0.0,0.0,0.0,True,True
wands,gte_modernbert,raw,C2s3,C0,418,608,20,8,8,"[""11055"",""11104"",""13805"",""26114"",""34199"",""42349"",""8514"",""8832""]","[""10714"",""14241"",""18125"",""22061"",""24635"",""29932"",""3089"",""3673""]",True,True,0.0,0.0,0.0,0.0,0.0,True,True
wands,gte_modernbert,raw,C2s3,C0,420,766,20,8,8,"[""12374"",""27250"",""27271"",""33757"",""33780"",""33787"",""33788"",""33914""]","[""12782"",""27011"",""27174"",""27236"",""27473"",""33852"",""6567"",""7056""]",True,True,0.0,2.220446049250313e-16,2.220446049250313e-16,2.220446049250313e-16,2.220446049250313e-16,True,True
wands,gte_modernbert,raw,C2s3,C0,422,428,20,7,7,"[""11115"",""11250"",""30853"",""33603"",""37041"",""38662"",""40997""]","[""25227"",""25671"",""28929"",""35762"",""37125"",""38392"",""6705""]",True,True,0.0,0.0,0.0,0.0,0.0,True,True
wands,gte_modernbert,raw,C2s3,C0,426,223,20,3,3,"[""29681"",""29698"",""2979""]","[""21868"",""30980"",""8070""]",True,True,0.0,2.220446049250313e-16,2.220446049250313e-16,0.0,0.0,True,True
wands,gte_modernbert,raw,C2s3,C0,433,113,20,5,5,"[""1783"",""23668"",""25989"",""724"",""842""]","[""18848"",""18996"",""22049"",""32253"",""41731""]",True,True,0.0,2.220446049250313e-16,2.220446049250313e-16,-2.220446049250313e-16,2.220446049250313e-16,True,True
wands,gte_modernbert,raw,C2s3,C0,438,101,20,2,2,"[""17946"",""27944""]","[""36473"",""41079""]",True,True,0.0,0.0,0.0,0.0,0.0,True,True
wands,gte_modernbert,raw,C2s3,C0,464,85,20,3,3,"[""13193"",""16216"",""21113""]","[""16217"",""26530"",""32549""]",True,True,0.0,0.0,0.0,0.0,0.0,True,True
wands,gte_modernbert,raw,C2s3,C0,470,45,20,1,1,"[""37420""]","[""14071""]",True,True,0.0,-2.220446049250313e-16,2.220446049250313e-16,0.0,0.0,True,True
wands,gte_modernbert,raw,C2s4,C0,2,151,20,5,5,"[""12130"",""24099"",""27508"",""34445"",""35712""]","[""27509"",""27512"",""27513"",""3276"",""39496""]",True,True,0.0,-2.220446049250313e-16,2.220446049250313e-16,0.0,0.0,True,True
wands,gte_modernbert,raw,C2s4,C0,28,175,20,4,4,"[""13016"",""16102"",""17435"",""40843""]","[""11210"",""17975"",""21334"",""924""]",True,True,0.0,0.0,0.0,0.0,0.0,True,True
wands,gte_modernbert,raw,C2s4,C0,59,43,20,2,2,"[""41617"",""41648""]","[""41636"",""41637""]",True,True,0.0,0.0,0.0,0.0,0.0,True,True
wands,gte_modernbert,raw,C2s4,C0,102,57,20,4,4,"[""20553"",""3400"",""37667"",""6740""]","[""12166"",""3239"",""34730"",""6739""]",True,True,0.0,0.0,0.0,-2.220446049250313e-16,2.220446049250313e-16,True,True
wands,gte_modernbert,raw,C2s4,C0,108,81,20,3,3,"[""3025"",""3917"",""3918""]","[""3026"",""3028"",""3895""]",True,True,0.0,2.220446049250313e-16,2.220446049250313e-16,0.0,0.0,True,True
wands,gte_modernbert,raw,C2s4,C0,109,39,20,3,3,"[""26132"",""26919"",""26928""]","[""26126"",""26926"",""26938""]",True,True,0.0,0.0,0.0,0.0,0.0,True,True
wands,gte_modernbert,raw,C2s4,C0,112,266,20,5,5,"[""25781"",""31926"",""37437"",""40866"",""41789""]","[""13854"",""25785"",""33169"",""37434"",""38591""]",True,True,0.0,2.220446049250313e-16,2.220446049250313e-16,0.0,0.0,True,True
wands,gte_modernbert,raw,C2s4,C0,115,202,20,3,3,"[""28114"",""42311"",""5121""]","[""12163"",""32432"",""9495""]",True,True,0.0,0.0,0.0,0.0,0.0,True,True
wands,gte_modernbert,raw,C2s4,C0,148,194,20,3,3,"[""31985"",""34949"",""36148""]","[""11142"",""34280"",""39094""]",True,True,0.0,0.0,0.0,-2.220446049250313e-16,2.220446049250313e-16,True,True
wands,gte_modernbert,raw,C2s4,C0,159,93,20,1,1,"[""3765""]","[""39488""]",True,True,0.0,0.0,0.0,0.0,0.0,True,True
wands,gte_modernbert,raw,C2s4,C0,172,42,20,3,3,"[""25672"",""25685"",""40932""]","[""12150"",""37418"",""40933""]",True,True,0.0,2.220446049250313e-16,2.220446049250313e-16,0.0,0.0,True,True
wands,gte_modernbert,raw,C2s4,C0,226,197,20,3,3,"[""18007"",""31268"",""31439""]","[""22989"",""5452"",""5945""]",True,True,0.0,0.0,0.0,0.0,0.0,True,True
wands,gte_modernbert,raw,C2s4,C0,227,176,20,4,4,"[""24826"",""28697"",""795"",""8054""]","[""24387"",""28505"",""8152"",""8304""]",True,True,0.0,0.0,0.0,0.0,0.0,True,True
wands,gte_modernbert,raw,C2s4,C0,229,133,20,2,2,"[""24913"",""37672""]","[""19733"",""30293""]",True,True,0.0,2.220446049250313e-16,2.220446049250313e-16,0.0,0.0,True,True
wands,gte_modernbert,raw,C2s4,C0,231,307,20,4,4,"[""19170"",""20180"",""20188"",""20209""]","[""22791"",""22792"",""32015"",""7791""]",True,True,0.0,4.440892098500626e-16,4.440892098500626e-16,-2.220446049250313e-16,2.220446049250313e-16,True,True
wands,gte_modernbert,raw,C2s4,C0,234,107,20,2,2,"[""25378"",""4687""]","[""29468"",""6158""]",True,True,0.0,0.0,0.0,0.0,0.0,True,True
wands,gte_modernbert,raw,C2s4,C0,245,57,20,1,1,"[""17814""]","[""7946""]",True,True,0.0,0.0,0.0,0.0,0.0,True,True
wands,gte_modernbert,raw,C2s4,C0,248,39,20,3,3,"[""16398"",""404"",""6734""]","[""29118"",""37183"",""40278""]",True,True,0.0,-2.220446049250313e-16,2.220446049250313e-16,0.0,0.0,True,True
wands,gte_modernbert,raw,C2s4,C0,355,30,20,3,3,"[""19432"",""24355"",""29940""]","[""29936"",""35470"",""35702""]",True,True,0.0,-2.220446049250313e-16,2.220446049250313e-16,0.0,0.0,True,True
wands,gte_modernbert,raw,C2s4,C0,368,81,20,4,4,"[""10334"",""15133"",""16453"",""38765""]","[""35820"",""38214"",""8607"",""8611""]",True,True,0.0,2.220446049250313e-16,2.220446049250313e-16,0.0,0.0,True,True
wands,gte_modernbert,raw,C2s4,C0,418,608,20,9,9,"[""11104"",""13805"",""13806"",""14193"",""23638"",""26349"",""34199"",""5326"",""8462""]","[""12750"",""18125"",""19918"",""22061"",""29932"",""3089"",""36319"",""3673"",""40590""]",True,True,0.0,0.0,0.0,0.0,0.0,True,True
wands,gte_modernbert,raw,C2s4,C0,420,766,20,7,7,"[""20456"",""27239"",""33835"",""33913"",""33914"",""33951"",""7057""]","[""12782"",""13804"",""27236"",""27473"",""33852"",""6567"",""7056""]",True,True,0.0,2.220446049250313e-16,2.220446049250313e-16,0.0,0.0,True,True
wands,gte_modernbert,raw,C2s4,C0,426,223,20,5,5,"[""2292"",""29681"",""29698"",""41314"",""8794""]","[""21868"",""21870"",""2978"",""30980"",""8070""]",True,True,0.0,2.220446049250313e-16,2.220446049250313e-16,0.0,0.0,True,True
wands,gte_modernbert,raw,C2s4,C0,433,113,20,4,4,"[""10841"",""1783"",""18847"",""26334""]","[""18848"",""18996"",""41731"",""4484""]",True,True,0.0,2.220446049250313e-16,2.220446049250313e-16,-2.220446049250313e-16,2.220446049250313e-16,True,True
wands,gte_modernbert,raw,C2s4,C0,438,101,20,2,2,"[""17946"",""2229""]","[""24435"",""41079""]",True,True,0.0,-2.220446049250313e-16,2.220446049250313e-16,0.0,0.0,True,True
wands,gte_modernbert,raw,C2s4,C0,442,70,20,4,4,"[""17612"",""22754"",""22756"",""9168""]","[""3646"",""42680"",""7449"",""7679""]",True,True,0.0,-2.220446049250313e-16,2.220446049250313e-16,0.0,0.0,True,True
wands,gte_modernbert,raw,C2s4,C0,446,57,20,2,2,"[""31178"",""6951""]","[""19740"",""23058""]",True,True,0.0,-2.220446049250313e-16,2.220446049250313e-16,1.1102230246251565e-16,1.1102230246251565e-16,True,True
wands,gte_modernbert,raw,C2s4,C0,464,85,20,2,2,"[""13193"",""35888""]","[""16218"",""32282""]",True,True,0.0,0.0,0.0,0.0,0.0,True,True
wands,gte_modernbert,raw,C2s4,C0,470,45,20,1,1,"[""12966""]","[""29149""]",True,True,0.0,0.0,0.0,0.0,0.0,True,True
wands,gte_modernbert,raw,C2s5,C0,28,175,20,5,5,"[""13016"",""14289"",""16102"",""2732"",""45""]","[""11210"",""17974"",""33455"",""864"",""924""]",True,True,0.0,2.220446049250313e-16,2.220446049250313e-16,0.0,0.0,True,True
wands,gte_modernbert,raw,C2s5,C0,59,43,20,3,3,"[""41616"",""41617"",""41648""]","[""41621"",""41625"",""41636""]",True,True,0.0,2.220446049250313e-16,2.220446049250313e-16,0.0,0.0,True,True
wands,gte_modernbert,raw,C2s5,C0,102,57,20,4,4,"[""13596"",""19933"",""3242"",""37667""]","[""12154"",""12166"",""34730"",""6739""]",True,True,0.0,4.440892098500626e-16,4.440892098500626e-16,-2.220446049250313e-16,2.220446049250313e-16,True,True
wands,gte_modernbert,raw,C2s5,C0,108,81,20,4,4,"[""3025"",""3041"",""3917"",""3918""]","[""3026"",""3033"",""3042"",""3895""]",True,True,0.0,2.220446049250313e-16,2.220446049250313e-16,0.0,0.0,True,True
wands,gte_modernbert,raw,C2s5,C0,109,39,20,2,2,"[""26124"",""26132""]","[""26926"",""26929""]",True,True,0.0,0.0,0.0,0.0,0.0,True,True
wands,gte_modernbert,raw,C2s5,C0,112,266,20,5,5,"[""12204"",""26671"",""31926"",""39122"",""7980""]","[""3270"",""33169"",""37434"",""5349"",""6320""]",True,True,0.0,-2.220446049250313e-16,2.220446049250313e-16,0.0,0.0,True,True
wands,gte_modernbert,raw,C2s5,C0,115,202,20,6,6,"[""12180"",""37454"",""4031"",""42089"",""42311"",""5121""]","[""12402"",""13867"",""32432"",""34812"",""36531"",""9495""]",True,True,0.0,0.0,0.0,2.220446049250313e-16,2.220446049250313e-16,True,True
wands,gte_modernbert,raw,C2s5,C0,144,116,20,4,4,"[""10262"",""12263"",""15521"",""16494""]","[""15562"",""20098"",""36807"",""7870""]",True,True,0.0,0.0,0.0,2.220446049250313e-16,2.220446049250313e-16,True,True
wands,gte_modernbert,raw,C2s5,C0,172,42,20,2,2,"[""19487"",""25685""]","[""37418"",""40933""]",True,True,0.0,-2.220446049250313e-16,2.220446049250313e-16,2.220446049250313e-16,2.220446049250313e-16,True,True
wands,gte_modernbert,raw,C2s5,C0,227,176,20,7,7,"[""12669"",""24826"",""2718"",""29738"",""33157"",""36637"",""42""]","[""10255"",""28505"",""35908"",""40763"",""8152"",""8304"",""9580""]",True,True,0.0,0.0,0.0,0.0,0.0,True,True
wands,gte_modernbert,raw,C2s5,C0,229,133,20,6,6,"[""12714"",""19708"",""19712"",""24913"",""27490"",""37672""]","[""19733"",""21827"",""30293"",""3057"",""37684"",""37904""]",True,True,0.0,2.220446049250313e-16,2.220446049250313e-16,0.0,0.0,True,True
wands,gte_modernbert,raw,C2s5,C0,231,307,20,6,6,"[""20188"",""20196"",""20206"",""22790"",""7793"",""7842""]","[""22791"",""22792"",""32015"",""32016"",""3211"",""7791""]",True,True,0.0,2.220446049250313e-16,2.220446049250313e-16,-2.220446049250313e-16,2.220446049250313e-16,True,True
wands,gte_modernbert,raw,C2s5,C0,234,107,20,1,1,"[""25378""]","[""25396""]",True,True,0.0,0.0,0.0,-1.1102230246251565e-16,1.1102230246251565e-16,True,True
wands,gte_modernbert,raw,C2s5,C0,245,57,20,3,3,"[""17814"",""18899"",""36542""]","[""18414"",""37520"",""7946""]",True,True,0.0,2.220446049250313e-16,2.220446049250313e-16,0.0,0.0,True,True
wands,gte_modernbert,raw,C2s5,C0,248,39,20,2,2,"[""25501"",""6734""]","[""37183"",""6735""]",True,True,0.0,2.220446049250313e-16,2.220446049250313e-16,0.0,0.0,True,True
wands,gte_modernbert,raw,C2s5,C0,355,30,20,1,1,"[""19432""]","[""35702""]",True,True,0.0,-2.220446049250313e-16,2.220446049250313e-16,0.0,0.0,True,True
wands,gte_modernbert,raw,C2s5,C0,368,81,20,2,2,"[""10334"",""38765""]","[""35820"",""8611""]",True,True,0.0,2.220446049250313e-16,2.220446049250313e-16,0.0,0.0,True,True
wands,gte_modernbert,raw,C2s5,C0,418,608,20,7,7,"[""13805"",""14193"",""23638"",""25654"",""25753"",""34199"",""7090""]","[""14241"",""16041"",""19918"",""22061"",""3089"",""3673"",""36850""]",True,True,0.0,0.0,0.0,0.0,0.0,True,True
wands,gte_modernbert,raw,C2s5,C0,420,766,20,6,6,"[""27076"",""33780"",""33788"",""33834"",""33866"",""40719""]","[""27011"",""27174"",""27236"",""33838"",""33852"",""7056""]",True,True,0.0,2.220446049250313e-16,2.220446049250313e-16,0.0,0.0,True,True
wands,gte_modernbert,raw,C2s5,C0,422,428,20,6,6,"[""29661"",""308"",""30853"",""33603"",""35655"",""37041""]","[""25227"",""25671"",""28929"",""35762"",""38392"",""6705""]",True,True,0.0,4.440892098500626e-16,4.440892098500626e-16,0.0,0.0,True,True
wands,gte_modernbert,raw,C2s5,C0,423,285,20,7,7,"[""22497"",""23944"",""3439"",""37229"",""38724"",""40249"",""5805""]","[""10366"",""16549"",""22495"",""29517"",""40259"",""5249"",""6700""]",True,True,0.0,2.220446049250313e-16,2.220446049250313e-16,0.0,0.0,True,True
wands,gte_modernbert,raw,C2s5,C0,426,223,20,4,4,"[""2292"",""29681"",""31084"",""8794""]","[""22621"",""25235"",""8070"",""8465""]",True,True,0.0,0.0,0.0,0.0,0.0,True,True
wands,gte_modernbert,raw,C2s5,C0,433,113,20,4,4,"[""1783"",""23668"",""6235"",""724""]","[""22049"",""22835"",""41731"",""6236""]",True,True,0.0,2.220446049250313e-16,2.220446049250313e-16,-2.220446049250313e-16,2.220446049250313e-16,True,True
wands,gte_modernbert,raw,C2s5,C0,442,70,20,5,5,"[""16065"",""2177"",""35368"",""7245"",""9168""]","[""18495"",""36912"",""4577"",""7449"",""7679""]",True,True,0.0,-2.220446049250313e-16,2.220446049250313e-16,2.220446049250313e-16,2.220446049250313e-16,True,True
wands,gte_modernbert,raw,C2s5,C0,464,85,20,1,1,"[""16216""]","[""16217""]",True,True,0.0,0.0,0.0,0.0,0.0,True,True
wands,gte_modernbert,raw,C2s5,C0,470,45,20,3,3,"[""14386"",""32858"",""37420""]","[""14073"",""29149"",""38523""]",True,True,0.0,2.220446049250313e-16,2.220446049250313e-16,0.0,0.0,True,True
esci,minilm,raw,C2s2,C0,48914,22,20,1,1,"[""B08GKMGZP8""]","[""B08B3VHN54""]",True,True,0.0,0.0,0.0,0.0,0.0,True,True
esci,minilm,raw_hybrid,C2s2,C0,600,26,20,1,1,"[""B08Y9BVLM3""]","[""B08SW7FFL4""]",True,True,0.0,0.0,0.0,0.0,0.0,True,True
esci,minilm,raw_hybrid,C2s3,C0,82977,35,20,1,1,"[""B07J2BJG88""]","[""B08PKVVXX6""]",True,True,0.0,1.1102230246251565e-16,1.1102230246251565e-16,0.0,0.0,True,True
esci,bge_base,raw,C1,C0,66396,23,20,1,1,"[""B00FRMSMRE""]","[""B00FFZQ12G""]",True,True,0.0,2.220446049250313e-16,2.220446049250313e-16,0.0,0.0,True,True
esci,bge_base,raw,C2s2,C0,63917,28,20,1,1,"[""0385345623""]","[""1524762156""]",True,True,0.0,0.0,0.0,0.0,0.0,True,True
esci,bge_base,raw,C2s4,C0,63917,28,20,1,1,"[""0385345623""]","[""1524762156""]",True,True,0.0,0.0,0.0,0.0,0.0,True,True
esci,bge_base,raw,C2s5,C0,45464,16,20,1,1,"[""B07X5HCPPC""]","[""B0761YFX3C""]",True,True,0.0,1.1102230246251565e-16,1.1102230246251565e-16,0.0,0.0,True,True
esci,bge_base,raw,C2s5,C0,63917,28,20,1,1,"[""0385345623""]","[""1524762156""]",True,True,0.0,0.0,0.0,0.0,0.0,True,True
esci,bge_base,raw_hybrid,C1,C0,13089,32,20,1,1,"[""B07MBBRCR9""]","[""B0094G36TS""]",True,True,0.0,0.0,0.0,0.0,0.0,True,True
