seed,epoch,step,loss,gradient_norm_before_clip,presentations
42,1,0,0.23894010484218597,0.042474064975976944,16
42,1,1,0.19331365823745728,0.030136125162243843,16
42,1,2,0.2817232012748718,0.040260374546051025,16
42,1,3,0.2655191719532013,0.043726757168769836,16
42,1,4,0.2795323133468628,0.033432140946388245,16
42,1,5,0.21283449232578278,0.028665903955698013,16
42,1,6,0.27677321434020996,0.05332518741488457,16
42,1,7,0.3394402265548706,0.06643494218587875,16
42,1,8,0.23385833203792572,0.04724738746881485,16
42,1,9,0.24150018393993378,0.04481068253517151,16
42,1,10,0.2473820298910141,0.03525944799184799,16
42,1,11,0.28684842586517334,0.057672612369060516,16
42,1,12,0.3068394064903259,0.057921797037124634,16
42,1,13,0.2907627820968628,0.05246271565556526,16
42,1,14,0.21974149346351624,0.04763517528772354,16
42,1,15,0.2028999924659729,0.02860889956355095,16
42,1,16,0.25527966022491455,0.04272247478365898,16
42,1,17,0.28736788034439087,0.050433333963155746,16
42,1,18,0.2201520800590515,0.06376604735851288,16
42,1,19,0.2626539170742035,0.09168978780508041,16
42,1,20,0.24894076585769653,0.051368676126003265,16
42,1,21,0.40759536623954773,0.10221139341592789,16
42,1,22,0.2639142572879791,0.0736776813864708,16
42,1,23,0.22460117936134338,0.0676267147064209,16
42,1,24,0.22543153166770935,0.05212429165840149,16
42,1,25,0.213141530752182,0.07615986466407776,16
42,1,26,0.2716749310493469,0.07119493931531906,16
42,1,27,0.2108801305294037,0.07583919167518616,16
42,1,28,0.22647768259048462,0.0751892700791359,16
42,1,29,0.24608257412910461,0.0943387821316719,16
42,1,30,0.2608228921890259,0.07563793659210205,16
42,1,31,0.27065184712409973,0.07117142528295517,16
42,1,32,0.20777080953121185,0.09180081635713577,16
42,1,33,0.28331005573272705,0.14448650181293488,16
42,1,34,0.2991539239883423,0.08313990384340286,16
42,1,35,0.3281395733356476,0.06813471764326096,16
42,1,36,0.24747584760189056,0.08118174970149994,16
42,1,37,0.2549811899662018,0.06326611340045929,16
42,1,38,0.24568110704421997,0.0713268294930458,16
42,1,39,0.27685821056365967,0.12494911998510361,16
42,1,40,0.3379281163215637,0.11225752532482147,16
42,1,41,0.28255370259284973,0.08653535693883896,16
42,1,42,0.17671263217926025,0.08130878210067749,16
42,1,43,0.2585611641407013,0.07608208805322647,16
42,1,44,0.26307663321495056,0.1081649661064148,16
42,1,45,0.25323978066444397,0.11328083276748657,16
42,1,46,0.21567751467227936,0.08947539329528809,16
42,1,47,0.26212257146835327,0.14644713699817657,16
42,1,48,0.2862948775291443,0.07934091985225677,16
42,1,49,0.24892790615558624,0.1294514685869217,16
42,1,50,0.2490883767604828,0.08814651519060135,16
42,1,51,0.3051668703556061,0.08621549606323242,16
42,1,52,0.22648635506629944,0.11934461444616318,16
42,1,53,0.2731531858444214,0.09906863421201706,16
42,1,54,0.2030378133058548,0.06174473464488983,16
42,1,55,0.28371739387512207,0.09126419574022293,16
42,1,56,0.22337549924850464,0.1441967636346817,16
42,1,57,0.31812888383865356,0.15182024240493774,16
42,1,58,0.192407488822937,0.07755666971206665,16
42,1,59,0.3007192015647888,0.11188257485628128,16
42,1,60,0.23472028970718384,0.10606496036052704,16
42,1,61,0.22603854537010193,0.1278255432844162,16
42,1,62,0.20970496535301208,0.12989541888237,16
42,1,63,0.33464527130126953,0.27828869223594666,16
42,1,64,0.23882028460502625,0.12816137075424194,16
42,1,65,0.22711485624313354,0.12189902365207672,16
42,1,66,0.2861380875110626,0.12650291621685028,16
42,1,67,0.28040534257888794,0.08757036924362183,16
42,1,68,0.23701956868171692,0.07177526503801346,16
42,1,69,0.24580799043178558,0.18394815921783447,16
42,1,70,0.26470082998275757,0.15316756069660187,16
42,1,71,0.28258973360061646,0.17230971157550812,16
42,1,72,0.19915765523910522,0.14756213128566742,16
42,1,73,0.3163270950317383,0.12989425659179688,16
42,1,74,0.18773868680000305,0.08684472739696503,16
42,1,75,0.28268420696258545,0.1656627207994461,16
42,1,76,0.2657163739204407,0.16013692319393158,16
42,1,77,0.29315146803855896,0.1122693121433258,16
42,1,78,0.2656164765357971,0.1430455595254898,16
42,1,79,0.28130286931991577,0.14560432732105255,16
42,1,80,0.19745659828186035,0.06832479685544968,16
42,1,81,0.30293163657188416,0.14040742814540863,16
42,1,82,0.2402130514383316,0.16970902681350708,16
42,1,83,0.2835769057273865,0.20951835811138153,16
42,1,84,0.3143450617790222,0.1461741179227829,16
42,1,85,0.2442416548728943,0.13465121388435364,16
42,1,86,0.33036667108535767,0.20758098363876343,16
42,1,87,0.2437567263841629,0.19983261823654175,16
42,1,88,0.240714892745018,0.1388467252254486,16
42,1,89,0.25996384024620056,0.14504215121269226,16
42,1,90,0.2396222949028015,0.11487751454114914,16
42,1,91,0.22794842720031738,0.11548902094364166,16
42,1,92,0.3050271272659302,0.24938231706619263,16
42,1,93,0.29300135374069214,0.12214310467243195,16
42,1,94,0.23005741834640503,0.24136917293071747,16
42,1,95,0.36330646276474,0.1704162210226059,16
42,1,96,0.2806122303009033,0.2844753563404083,16
42,1,97,0.20918729901313782,0.17717160284519196,16
42,1,98,0.1918615847826004,0.09381507337093353,16
42,1,99,0.24336448311805725,0.2149110585451126,16
42,1,100,0.24346336722373962,0.10139240324497223,16
42,1,101,0.25010716915130615,0.24086694419384003,16
42,1,102,0.22122400999069214,0.138125479221344,16
42,1,103,0.21085989475250244,0.245216503739357,16
42,1,104,0.19375142455101013,0.1160246953368187,16
42,1,105,0.2563883662223816,0.22109739482402802,16
42,1,106,0.20215672254562378,0.12638330459594727,16
42,1,107,0.2002720832824707,0.14120715856552124,16
42,1,108,0.3193475008010864,0.17257125675678253,16
42,1,109,0.2645428776741028,0.13905110955238342,16
42,1,110,0.2023993730545044,0.16335931420326233,16
42,1,111,0.2757241725921631,0.22777311503887177,16
42,1,112,0.23278576135635376,0.17864418029785156,16
42,1,113,0.18537317216396332,0.22496500611305237,16
42,1,114,0.26194196939468384,0.15587157011032104,16
42,1,115,0.2707270681858063,0.24492742121219635,16
42,1,116,0.24326594173908234,0.14160402119159698,16
42,1,117,0.20883864164352417,0.09689600020647049,16
42,1,118,0.22079581022262573,0.18880529701709747,16
42,1,119,0.29273930191993713,0.3224802315235138,16
42,1,120,0.28173521161079407,0.28786060214042664,16
42,1,121,0.18961411714553833,0.267476350069046,16
42,1,122,0.1819542944431305,0.16697144508361816,16
42,1,123,0.25577110052108765,0.1808469295501709,16
42,1,124,0.1984899342060089,0.2099250704050064,16
42,1,125,0.22127968072891235,0.12082929909229279,16
42,1,126,0.24869342148303986,0.1744605302810669,16
42,1,127,0.2554241418838501,0.17866431176662445,16
42,1,128,0.20001712441444397,0.2212844043970108,16
42,1,129,0.24737775325775146,0.25006163120269775,16
42,1,130,0.17514829337596893,0.25554224848747253,16
42,1,131,0.18977764248847961,0.1863100677728653,16
42,1,132,0.28549015522003174,0.19583483040332794,16
42,1,133,0.18920078873634338,0.2063479721546173,16
42,1,134,0.2501816749572754,0.24171948432922363,16
42,1,135,0.20127207040786743,0.2376621961593628,16
42,1,136,0.2923051416873932,0.3375551700592041,16
42,1,137,0.2118474841117859,0.3548396825790405,16
42,1,138,0.25206390023231506,0.18715360760688782,16
42,1,139,0.2787746787071228,0.2697090804576874,16
42,1,140,0.2073555886745453,0.4254895746707916,16
42,1,141,0.2584524154663086,0.20999769866466522,16
42,1,142,0.26100075244903564,0.24660494923591614,16
42,1,143,0.19504332542419434,0.2762397229671478,16
42,1,144,0.22616015374660492,0.16233709454536438,16
42,1,145,0.25901302695274353,0.31008827686309814,16
42,1,146,0.2259720414876938,0.33186954259872437,16
42,1,147,0.23214364051818848,0.21312902867794037,16
42,1,148,0.2344161868095398,0.19004638493061066,16
42,1,149,0.12876921892166138,0.15623386204242706,16
42,1,150,0.2985539734363556,0.5169355869293213,16
42,1,151,0.16947846114635468,0.2765519917011261,16
42,1,152,0.26749691367149353,0.15407328307628632,16
42,1,153,0.21979574859142303,0.4171721339225769,16
42,1,154,0.22995778918266296,0.3642655909061432,16
42,1,155,0.20338785648345947,0.297505646944046,16
42,1,156,0.24080854654312134,0.3006097376346588,16
42,1,157,0.3119061589241028,0.4953383803367615,16
42,1,158,0.22353717684745789,0.15976430475711823,16
42,1,159,0.20593443512916565,0.22076180577278137,16
42,1,160,0.20172154903411865,0.2176811695098877,16
42,1,161,0.22226470708847046,0.25423744320869446,16
42,1,162,0.19544780254364014,0.3586569130420685,16
42,1,163,0.2702937126159668,0.349636048078537,16
42,1,164,0.26450634002685547,0.5837971568107605,16
42,1,165,0.1947801113128662,0.2793005704879761,16
42,1,166,0.22347286343574524,0.40096136927604675,16
42,1,167,0.16884519159793854,0.4481009542942047,16
42,1,168,0.2854155898094177,1.0070704221725464,16
42,1,169,0.2359471321105957,0.21110957860946655,16
42,1,170,0.25402647256851196,0.2948826253414154,16
42,1,171,0.20528820157051086,0.27650338411331177,16
42,1,172,0.22581610083580017,0.19848471879959106,16
42,1,173,0.23357638716697693,0.2610171437263489,16
42,1,174,0.27179592847824097,0.4602627158164978,16
42,1,175,0.15145429968833923,0.18459102511405945,16
42,1,176,0.12036275863647461,0.31233468651771545,16
42,1,177,0.22661200165748596,0.26297447085380554,16
42,1,178,0.16945001482963562,0.3989177346229553,16
42,1,179,0.24904952943325043,0.40196847915649414,16
42,1,180,0.2440473735332489,0.31732797622680664,16
42,1,181,0.25286751985549927,0.5114285945892334,16
42,1,182,0.2381294071674347,0.27937841415405273,16
42,1,183,0.19975078105926514,0.28524038195610046,16
42,1,184,0.18351095914840698,0.2504656910896301,16
42,1,185,0.1370064616203308,0.2785845100879669,16
42,1,186,0.2357812225818634,0.8833401203155518,16
42,1,187,0.2437991052865982,0.4649495780467987,16
42,1,188,0.16558659076690674,0.5248773097991943,16
42,1,189,0.25757738947868347,0.28859779238700867,16
42,1,190,0.19859829545021057,0.4521159529685974,16
42,1,191,0.2391003668308258,0.6965677738189697,16
42,1,192,0.2444702386856079,0.5837269425392151,16
42,1,193,0.25219106674194336,0.43873679637908936,16
42,1,194,0.2936055660247803,0.5015533566474915,16
42,1,195,0.2273581624031067,0.4724685549736023,16
42,1,196,0.20102478563785553,0.8610582947731018,16
42,1,197,0.2328370213508606,0.46493101119995117,16
42,1,198,0.150752991437912,0.4070434272289276,16
42,1,199,0.1495153307914734,0.25931763648986816,16
42,1,200,0.21545995771884918,0.37428271770477295,16
42,1,201,0.17946356534957886,0.3612724542617798,16
42,1,202,0.24086084961891174,0.5670202970504761,16
42,1,203,0.17431201040744781,0.23758503794670105,16
42,1,204,0.2184462547302246,0.6462535262107849,16
42,1,205,0.18395331501960754,0.3611539900302887,16
42,1,206,0.2049727886915207,0.31695830821990967,16
42,1,207,0.26104870438575745,0.8646240234375,16
42,1,208,0.1516890674829483,0.3960430324077606,16
42,1,209,0.22844092547893524,0.2303890734910965,16
42,1,210,0.24460896849632263,1.0748399496078491,16
42,1,211,0.24070771038532257,0.4625431299209595,16
42,1,212,0.2084738314151764,0.26048943400382996,16
42,1,213,0.18893948197364807,0.2591244876384735,16
42,1,214,0.2053009420633316,0.7358197569847107,16
42,1,215,0.265897274017334,0.366145521402359,16
42,1,216,0.19403381645679474,0.5794371962547302,16
42,1,217,0.19516469538211823,0.4656980335712433,16
42,1,218,0.17373748123645782,0.6606780886650085,16
42,1,219,0.24842853844165802,1.2896209955215454,16
42,1,220,0.3066648542881012,0.4895881712436676,16
42,1,221,0.21388846635818481,0.40913304686546326,16
42,1,222,0.1868877410888672,0.35612982511520386,16
42,1,223,0.13164299726486206,0.4499160945415497,16
42,1,224,0.20105046033859253,1.140191912651062,16
42,1,225,0.16149505972862244,0.6308897733688354,16
42,1,226,0.1857633888721466,0.3542236089706421,16
42,1,227,0.2163718044757843,0.27261611819267273,16
42,1,228,0.180953249335289,0.7941005229949951,16
42,1,229,0.1131974458694458,0.27706974744796753,16
42,1,230,0.22785885632038116,1.0925943851470947,16
42,1,231,0.19168135523796082,0.38093680143356323,16
42,1,232,0.17494253814220428,0.9409476518630981,16
42,1,233,0.19417732954025269,0.38412249088287354,16
42,1,234,0.21886616945266724,0.3458441495895386,16
42,1,235,0.19573141634464264,0.33208635449409485,16
42,1,236,0.17804431915283203,0.3049193322658539,16
42,1,237,0.15768679976463318,0.550472617149353,16
42,1,238,0.1928907036781311,0.7400653958320618,16
42,1,239,0.22956576943397522,0.8961560130119324,16
42,1,240,0.23317348957061768,0.3765174150466919,16
42,1,241,0.16732573509216309,0.2449881136417389,16
42,1,242,0.26035240292549133,0.35579681396484375,16
42,1,243,0.18673664331436157,0.4617305099964142,16
42,1,244,0.19526918232440948,0.9280390739440918,16
42,1,245,0.2373569905757904,1.5648249387741089,16
42,1,246,0.2055588662624359,0.6164020895957947,16
42,1,247,0.23683249950408936,1.4133903980255127,16
42,1,248,0.23488029837608337,1.1782604455947876,16
42,1,249,0.14656533300876617,0.8579856753349304,16
42,1,250,0.19743266701698303,0.3180091977119446,16
42,1,251,0.2734350860118866,0.8001525402069092,16
42,1,252,0.20511361956596375,0.3592250347137451,16
42,1,253,0.24010761082172394,0.5587016940116882,16
42,1,254,0.20459891855716705,0.36554911732673645,16
42,1,255,0.271154522895813,0.7290075421333313,16
42,1,256,0.2360796183347702,0.26153817772865295,16
42,1,257,0.24666127562522888,0.4034672677516937,16
42,1,258,0.23858535289764404,0.8403062224388123,16
42,1,259,0.21091985702514648,0.5734443664550781,16
42,1,260,0.1885472536087036,0.2692562937736511,16
42,1,261,0.17450359463691711,0.40714892745018005,16
42,1,262,0.22102051973342896,0.7198008298873901,16
42,1,263,0.14327794313430786,0.22149153053760529,16
43,1,0,0.22794684767723083,0.03515949100255966,16
43,1,1,0.24742171168327332,0.045306332409381866,16
43,1,2,0.2721971571445465,0.03799257054924965,16
43,1,3,0.18574956059455872,0.03239501267671585,16
43,1,4,0.3124445676803589,0.04397159442305565,16
43,1,5,0.2358042299747467,0.04650190472602844,16
43,1,6,0.25149714946746826,0.045045509934425354,16
43,1,7,0.24438315629959106,0.03932645544409752,16
43,1,8,0.2975383996963501,0.05999762937426567,16
43,1,9,0.23947179317474365,0.045851580798625946,16
43,1,10,0.27009809017181396,0.04233551397919655,16
43,1,11,0.25151658058166504,0.03957635164260864,16
43,1,12,0.20476679503917694,0.044231344014406204,16
43,1,13,0.3157770335674286,0.05357733368873596,16
43,1,14,0.26126351952552795,0.044401902705430984,16
43,1,15,0.30062270164489746,0.09467810392379761,16
43,1,16,0.2567189633846283,0.04427717998623848,16
43,1,17,0.2440500557422638,0.06809854507446289,16
43,1,18,0.274136483669281,0.0785595253109932,16
43,1,19,0.3404831290245056,0.07341492176055908,16
43,1,20,0.22242483496665955,0.0826745554804802,16
43,1,21,0.2759324014186859,0.0876999944448471,16
43,1,22,0.2668418288230896,0.078293077647686,16
43,1,23,0.3063090443611145,0.05672924965620041,16
43,1,24,0.23911766707897186,0.08719805628061295,16
43,1,25,0.23987840116024017,0.08961981534957886,16
43,1,26,0.20409052073955536,0.05930202081799507,16
43,1,27,0.33460602164268494,0.09121236950159073,16
43,1,28,0.21967671811580658,0.08014673739671707,16
43,1,29,0.22362232208251953,0.07157362997531891,16
43,1,30,0.22079306840896606,0.055560898035764694,16
43,1,31,0.36388617753982544,0.17898115515708923,16
43,1,32,0.336056649684906,0.0941976010799408,16
43,1,33,0.22731652855873108,0.1601584255695343,16
43,1,34,0.3251865804195404,0.11581963300704956,16
43,1,35,0.27782386541366577,0.08133157342672348,16
43,1,36,0.2799341082572937,0.08380056172609329,16
43,1,37,0.24235054850578308,0.10639066249132156,16
43,1,38,0.23339156806468964,0.06940499693155289,16
43,1,39,0.2530726194381714,0.08505738526582718,16
43,1,40,0.23445314168930054,0.06787165999412537,16
43,1,41,0.2924931049346924,0.08245605230331421,16
43,1,42,0.19533158838748932,0.08136549592018127,16
43,1,43,0.22046306729316711,0.06048845499753952,16
43,1,44,0.22983381152153015,0.11177007853984833,16
43,1,45,0.2786000370979309,0.13663993775844574,16
43,1,46,0.28065264225006104,0.100112184882164,16
43,1,47,0.23873862624168396,0.10283433645963669,16
43,1,48,0.3321647346019745,0.10755353420972824,16
43,1,49,0.2277887612581253,0.09009505063295364,16
43,1,50,0.29946964979171753,0.08167626708745956,16
43,1,51,0.15927033126354218,0.0655558854341507,16
43,1,52,0.20763051509857178,0.09028737246990204,16
43,1,53,0.20856331288814545,0.07125803828239441,16
43,1,54,0.27539771795272827,0.2058374434709549,16
43,1,55,0.21777284145355225,0.05989062413573265,16
43,1,56,0.21531522274017334,0.09958208352327347,16
43,1,57,0.30678772926330566,0.10855405032634735,16
43,1,58,0.2067182958126068,0.1013779416680336,16
43,1,59,0.24398036301136017,0.11174619197845459,16
43,1,60,0.2923339903354645,0.12363847345113754,16
43,1,61,0.2594514489173889,0.08521201461553574,16
43,1,62,0.25944533944129944,0.07918702065944672,16
43,1,63,0.17192837595939636,0.07022137194871902,16
43,1,64,0.24753251671791077,0.09625779837369919,16
43,1,65,0.2598453164100647,0.24759967625141144,16
43,1,66,0.21424993872642517,0.07519815117120743,16
43,1,67,0.16921886801719666,0.07921283692121506,16
43,1,68,0.22863297164440155,0.20744667947292328,16
43,1,69,0.25455591082572937,0.0691538155078888,16
43,1,70,0.18115714192390442,0.1056663915514946,16
43,1,71,0.2785552144050598,0.1834251433610916,16
43,1,72,0.26894721388816833,0.10805942118167877,16
43,1,73,0.2511107921600342,0.09069440513849258,16
43,1,74,0.25555336475372314,0.1418323963880539,16
43,1,75,0.21673385798931122,0.12671861052513123,16
43,1,76,0.2393016517162323,0.12494762986898422,16
43,1,77,0.24018508195877075,0.1052682101726532,16
43,1,78,0.24816066026687622,0.09696141630411148,16
43,1,79,0.2560168504714966,0.1112280935049057,16
43,1,80,0.21450182795524597,0.22981365025043488,16
43,1,81,0.2489478439092636,0.23608268797397614,16
43,1,82,0.2105562835931778,0.21679383516311646,16
43,1,83,0.22729438543319702,0.14715038239955902,16
43,1,84,0.2596926689147949,0.13854528963565826,16
43,1,85,0.2807149887084961,0.12681461870670319,16
43,1,86,0.2521563768386841,0.11038945615291595,16
43,1,87,0.2914760708808899,0.19147378206253052,16
43,1,88,0.2603421211242676,0.14067868888378143,16
43,1,89,0.2219775915145874,0.10069478303194046,16
43,1,90,0.18411985039710999,0.1290159374475479,16
43,1,91,0.23704004287719727,0.10387419909238815,16
43,1,92,0.2168198525905609,0.13118256628513336,16
43,1,93,0.3036816120147705,0.19649021327495575,16
43,1,94,0.22113075852394104,0.11738128960132599,16
43,1,95,0.2069714367389679,0.17554473876953125,16
43,1,96,0.29761844873428345,0.07064023613929749,16
43,1,97,0.28394538164138794,0.18270491063594818,16
43,1,98,0.30695778131484985,0.12253892421722412,16
43,1,99,0.21419373154640198,0.23919151723384857,16
43,1,100,0.2383502721786499,0.2760932147502899,16
43,1,101,0.20717526972293854,0.1393756866455078,16
43,1,102,0.23839567601680756,0.31533974409103394,16
43,1,103,0.2209170013666153,0.09563019126653671,16
43,1,104,0.2149392068386078,0.11114946007728577,16
43,1,105,0.21118199825286865,0.27970558404922485,16
43,1,106,0.2326018363237381,0.22347086668014526,16
43,1,107,0.35735443234443665,0.1702745407819748,16
43,1,108,0.21657443046569824,0.17351672053337097,16
43,1,109,0.22149620950222015,0.36464402079582214,16
43,1,110,0.28693705797195435,0.33194899559020996,16
43,1,111,0.21860289573669434,0.14743688702583313,16
43,1,112,0.23258623480796814,0.2235131561756134,16
43,1,113,0.24142014980316162,0.28075656294822693,16
43,1,114,0.22773677110671997,0.12913718819618225,16
43,1,115,0.18573851883411407,0.09181288629770279,16
43,1,116,0.2736179828643799,0.4168151319026947,16
43,1,117,0.2247186303138733,0.25116580724716187,16
43,1,118,0.20456932485103607,0.14093171060085297,16
43,1,119,0.22785913944244385,0.13679327070713043,16
43,1,120,0.2743900418281555,0.17208655178546906,16
43,1,121,0.22136075794696808,0.26585784554481506,16
43,1,122,0.21240021288394928,0.09582184255123138,16
43,1,123,0.24923023581504822,0.2958424687385559,16
43,1,124,0.23169399797916412,0.2105359584093094,16
43,1,125,0.20981016755104065,0.250069797039032,16
43,1,126,0.254292368888855,0.35178399085998535,16
43,1,127,0.24752871692180634,0.2722639739513397,16
43,1,128,0.28813475370407104,0.20338618755340576,16
43,1,129,0.20034104585647583,0.24034471809864044,16
43,1,130,0.21694988012313843,0.13836006820201874,16
43,1,131,0.26734596490859985,0.30433130264282227,16
43,1,132,0.26407331228256226,0.18637360632419586,16
43,1,133,0.2813319265842438,0.22987298667430878,16
43,1,134,0.23236621916294098,0.13390350341796875,16
43,1,135,0.2779183089733124,0.12629592418670654,16
43,1,136,0.2438598871231079,0.42281854152679443,16
43,1,137,0.26144295930862427,0.33340510725975037,16
43,1,138,0.2541148066520691,0.31035488843917847,16
43,1,139,0.2285899668931961,0.2177208960056305,16
43,1,140,0.23430097103118896,0.2594372630119324,16
43,1,141,0.1994098275899887,0.11970257759094238,16
43,1,142,0.3128109574317932,0.28339114785194397,16
43,1,143,0.16039952635765076,0.10628539323806763,16
43,1,144,0.24169917404651642,0.23672610521316528,16
43,1,145,0.2775781452655792,0.14780710637569427,16
43,1,146,0.21958625316619873,0.28133463859558105,16
43,1,147,0.2812803089618683,0.1936052292585373,16
43,1,148,0.2499929815530777,0.17703215777873993,16
43,1,149,0.18410508334636688,0.21767258644104004,16
43,1,150,0.1987738013267517,0.26402631402015686,16
43,1,151,0.194600448012352,0.18022146821022034,16
43,1,152,0.2406795769929886,0.3042554259300232,16
43,1,153,0.2103595733642578,0.2080927938222885,16
43,1,154,0.23466281592845917,0.3320642411708832,16
43,1,155,0.19052532315254211,0.197319895029068,16
43,1,156,0.18750710785388947,0.17248529195785522,16
43,1,157,0.22148151695728302,0.31855759024620056,16
43,1,158,0.14028730988502502,0.2755148112773895,16
43,1,159,0.24550795555114746,0.20684199035167694,16
43,1,160,0.2703637182712555,0.1937488466501236,16
43,1,161,0.2802361845970154,0.26621177792549133,16
43,1,162,0.19441470503807068,0.31447833776474,16
43,1,163,0.2077604979276657,0.41852205991744995,16
43,1,164,0.2857576012611389,0.3179914057254791,16
43,1,165,0.2570902705192566,0.2497924566268921,16
43,1,166,0.3175824284553528,0.2410108894109726,16
43,1,167,0.17521528899669647,0.2682134211063385,16
43,1,168,0.1865496039390564,0.1778421550989151,16
43,1,169,0.2926108241081238,0.7267003655433655,16
43,1,170,0.29187899827957153,0.1880403757095337,16
43,1,171,0.18900500237941742,0.46519342064857483,16
43,1,172,0.28943973779678345,0.4314916431903839,16
43,1,173,0.20150363445281982,0.22943922877311707,16
43,1,174,0.21780601143836975,0.16527678072452545,16
43,1,175,0.14610087871551514,0.22218340635299683,16
43,1,176,0.2748746871948242,0.42503979802131653,16
43,1,177,0.2399161458015442,0.6026611328125,16
43,1,178,0.24537840485572815,0.2994843125343323,16
43,1,179,0.24552108347415924,0.4268786907196045,16
43,1,180,0.2158138006925583,0.3062081038951874,16
43,1,181,0.17440298199653625,0.3516837954521179,16
43,1,182,0.24480479955673218,0.3804069459438324,16
43,1,183,0.2703857421875,0.4669593274593353,16
43,1,184,0.2647465169429779,0.5225503444671631,16
43,1,185,0.20272105932235718,0.342142790555954,16
43,1,186,0.19535838067531586,0.6466204524040222,16
43,1,187,0.21376389265060425,0.23923565447330475,16
43,1,188,0.20621147751808167,0.41246190667152405,16
43,1,189,0.18746861815452576,0.32474231719970703,16
43,1,190,0.1899789273738861,0.4829794466495514,16
43,1,191,0.21204569935798645,0.2491673082113266,16
43,1,192,0.19579318165779114,0.6173570156097412,16
43,1,193,0.33719807863235474,0.45314815640449524,16
43,1,194,0.18681593239307404,0.34429019689559937,16
43,1,195,0.19091230630874634,0.4704282283782959,16
43,1,196,0.23721638321876526,0.28944793343544006,16
43,1,197,0.22669100761413574,0.38392648100852966,16
43,1,198,0.24512386322021484,0.923700749874115,16
43,1,199,0.20662540197372437,0.6041211485862732,16
43,1,200,0.27068814635276794,0.8931634426116943,16
43,1,201,0.18725192546844482,0.33740532398223877,16
43,1,202,0.22163206338882446,0.5013076663017273,16
43,1,203,0.2321213185787201,0.4491502344608307,16
43,1,204,0.31471797823905945,0.6202239394187927,16
43,1,205,0.19525307416915894,0.20199799537658691,16
43,1,206,0.3633394241333008,0.39261582493782043,16
43,1,207,0.2706789970397949,0.6585578322410583,16
43,1,208,0.17135967314243317,0.7087762951850891,16
43,1,209,0.31146296858787537,0.9191516041755676,16
43,1,210,0.14122331142425537,0.34319496154785156,16
43,1,211,0.2011435478925705,0.4620790481567383,16
43,1,212,0.1417776644229889,0.31060153245925903,16
43,1,213,0.19100289046764374,0.4036703407764435,16
43,1,214,0.18214672803878784,0.28244149684906006,16
43,1,215,0.15367643535137177,0.3127870559692383,16
43,1,216,0.22459718585014343,0.9963301420211792,16
43,1,217,0.19270825386047363,0.4746079742908478,16
43,1,218,0.21361614763736725,0.8648987412452698,16
43,1,219,0.15016955137252808,0.5948807001113892,16
43,1,220,0.20302283763885498,0.6712809801101685,16
43,1,221,0.1934759020805359,0.24247975647449493,16
43,1,222,0.1938057541847229,0.8978290557861328,16
43,1,223,0.1929035782814026,0.4556385576725006,16
43,1,224,0.19892576336860657,0.29503175616264343,16
43,1,225,0.20275533199310303,0.49924975633621216,16
43,1,226,0.18196885287761688,0.33653321862220764,16
43,1,227,0.260384738445282,0.5729415416717529,16
43,1,228,0.20535168051719666,0.23759835958480835,16
43,1,229,0.18206286430358887,0.33073896169662476,16
43,1,230,0.20011481642723083,0.336120069026947,16
43,1,231,0.2940135598182678,0.8074033260345459,16
43,1,232,0.18837080895900726,0.7156066298484802,16
43,1,233,0.20306164026260376,0.3800484240055084,16
43,1,234,0.2189910113811493,0.7301571369171143,16
43,1,235,0.19965748488903046,0.34168070554733276,16
43,1,236,0.2028639018535614,0.5156915783882141,16
43,1,237,0.2107013463973999,0.49140018224716187,16
43,1,238,0.19906862080097198,0.9658745527267456,16
43,1,239,0.1912737488746643,0.6564433574676514,16
43,1,240,0.1874503642320633,0.337331086397171,16
43,1,241,0.24947232007980347,1.77218759059906,16
43,1,242,0.2399880439043045,0.4265348017215729,16
43,1,243,0.3866753578186035,0.9129047989845276,16
43,1,244,0.19038036465644836,0.5037606954574585,16
43,1,245,0.2543852627277374,0.6966490745544434,16
43,1,246,0.1923622041940689,0.5105243921279907,16
43,1,247,0.20458218455314636,0.5254449844360352,16
43,1,248,0.19344675540924072,1.1801408529281616,16
43,1,249,0.19343945384025574,0.7903980016708374,16
43,1,250,0.2201993316411972,0.5202645659446716,16
43,1,251,0.23297691345214844,0.6589949131011963,16
43,1,252,0.18377621471881866,0.424125999212265,16
43,1,253,0.21286770701408386,0.4735156297683716,16
43,1,254,0.2011040300130844,0.2769954204559326,16
43,1,255,0.2178530991077423,0.40999019145965576,16
43,1,256,0.1997971534729004,0.33175864815711975,16
43,1,257,0.14420577883720398,0.6206650733947754,16
43,1,258,0.20598851144313812,0.8242140412330627,16
43,1,259,0.23563100397586823,0.6651381850242615,16
43,1,260,0.20814304053783417,0.7659568190574646,16
43,1,261,0.22418642044067383,0.6272258758544922,16
43,1,262,0.18763214349746704,0.37148717045783997,16
43,1,263,0.21223264932632446,0.6082642078399658,16
44,1,0,0.23520347476005554,0.03891788050532341,16
44,1,1,0.21016409993171692,0.06247350201010704,16
44,1,2,0.27429765462875366,0.05424180254340172,16
44,1,3,0.35635897517204285,0.05463442578911781,16
44,1,4,0.2043553590774536,0.03862553834915161,16
44,1,5,0.1938239336013794,0.03654620796442032,16
44,1,6,0.2639739513397217,0.043644994497299194,16
44,1,7,0.29296427965164185,0.04705263674259186,16
44,1,8,0.2740926146507263,0.04056056961417198,16
44,1,9,0.28582388162612915,0.05109594389796257,16
44,1,10,0.2688634395599365,0.05319470912218094,16
44,1,11,0.2403244525194168,0.0392487458884716,16
44,1,12,0.21896475553512573,0.05226961895823479,16
44,1,13,0.238485649228096,0.05918624997138977,16
44,1,14,0.2819579243659973,0.04921456798911095,16
44,1,15,0.22839102149009705,0.04759148880839348,16
44,1,16,0.31066635251045227,0.041493505239486694,16
44,1,17,0.25160789489746094,0.05762805789709091,16
44,1,18,0.3033854067325592,0.061224281787872314,16
44,1,19,0.20168915390968323,0.042791321873664856,16
44,1,20,0.20483705401420593,0.05744131654500961,16
44,1,21,0.27612894773483276,0.06087387725710869,16
44,1,22,0.20957285165786743,0.05090063810348511,16
44,1,23,0.3017982840538025,0.06909675896167755,16
44,1,24,0.26050418615341187,0.06776614487171173,16
44,1,25,0.27774426341056824,0.08123969286680222,16
44,1,26,0.24106243252754211,0.05494838207960129,16
44,1,27,0.17895984649658203,0.04746337607502937,16
44,1,28,0.24778476357460022,0.07522838562726974,16
44,1,29,0.23548251390457153,0.08780073374509811,16
44,1,30,0.25641581416130066,0.07761390507221222,16
44,1,31,0.22414180636405945,0.06952716410160065,16
44,1,32,0.26248079538345337,0.06036101281642914,16
44,1,33,0.21852532029151917,0.10700919479131699,16
44,1,34,0.20998921990394592,0.07265820354223251,16
44,1,35,0.2561313211917877,0.08759596943855286,16
44,1,36,0.26131105422973633,0.10681044310331345,16
44,1,37,0.2841586470603943,0.08131356537342072,16
44,1,38,0.24804657697677612,0.07445482164621353,16
44,1,39,0.2478250414133072,0.09658774733543396,16
44,1,40,0.2947182357311249,0.09415659308433533,16
44,1,41,0.2562636137008667,0.08617807179689407,16
44,1,42,0.283083975315094,0.09770312160253525,16
44,1,43,0.1680278480052948,0.05990797281265259,16
44,1,44,0.2829049527645111,0.11019697040319443,16
44,1,45,0.3043806552886963,0.08835125714540482,16
44,1,46,0.27758270502090454,0.1509028971195221,16
44,1,47,0.2657090723514557,0.09616220742464066,16
44,1,48,0.25534185767173767,0.09676715731620789,16
44,1,49,0.27177321910858154,0.11057278513908386,16
44,1,50,0.2014351487159729,0.07641226798295975,16
44,1,51,0.2503547668457031,0.14257250726222992,16
44,1,52,0.2654581665992737,0.10385678708553314,16
44,1,53,0.31626683473587036,0.12116781622171402,16
44,1,54,0.2751951813697815,0.11654320359230042,16
44,1,55,0.19594788551330566,0.09994371980428696,16
44,1,56,0.22975090146064758,0.13084149360656738,16
44,1,57,0.252565860748291,0.07905132323503494,16
44,1,58,0.23548319935798645,0.0823010578751564,16
44,1,59,0.25107473134994507,0.1970282793045044,16
44,1,60,0.20901566743850708,0.11758224666118622,16
44,1,61,0.23303136229515076,0.10382795333862305,16
44,1,62,0.1616281270980835,0.0820171982049942,16
44,1,63,0.2394726276397705,0.05974455177783966,16
44,1,64,0.21174858510494232,0.06951282918453217,16
44,1,65,0.3308604657649994,0.1106787621974945,16
44,1,66,0.30511900782585144,0.11311794817447662,16
44,1,67,0.2319820523262024,0.11739302426576614,16
44,1,68,0.2981225550174713,0.10916842520236969,16
44,1,69,0.18745213747024536,0.09120561927556992,16
44,1,70,0.23687875270843506,0.2870033085346222,16
44,1,71,0.1724550724029541,0.11911314725875854,16
44,1,72,0.23176667094230652,0.09835099428892136,16
44,1,73,0.21534577012062073,0.06770385056734085,16
44,1,74,0.24937471747398376,0.07422978430986404,16
44,1,75,0.43924033641815186,0.14198040962219238,16
44,1,76,0.2534235715866089,0.07686112821102142,16
44,1,77,0.25195807218551636,0.13839134573936462,16
44,1,78,0.1995074599981308,0.14533376693725586,16
44,1,79,0.2283349335193634,0.19756267964839935,16
44,1,80,0.2256251573562622,0.06151195988059044,16
44,1,81,0.23353064060211182,0.1042417511343956,16
44,1,82,0.224546879529953,0.07288751006126404,16
44,1,83,0.2063053548336029,0.13725495338439941,16
44,1,84,0.2773597538471222,0.08011263608932495,16
44,1,85,0.28880739212036133,0.26290595531463623,16
44,1,86,0.2500028610229492,0.20320090651512146,16
44,1,87,0.27345210313796997,0.1020883172750473,16
44,1,88,0.2888038158416748,0.11393620818853378,16
44,1,89,0.21956892311573029,0.21294459700584412,16
44,1,90,0.24423502385616302,0.24825285375118256,16
44,1,91,0.23324301838874817,0.10510319471359253,16
44,1,92,0.28278684616088867,0.23193000257015228,16
44,1,93,0.19204586744308472,0.0784217044711113,16
44,1,94,0.21545664966106415,0.1075202003121376,16
44,1,95,0.2836988568305969,0.23099276423454285,16
44,1,96,0.1643732190132141,0.17759715020656586,16
44,1,97,0.23656925559043884,0.0853552520275116,16
44,1,98,0.3190264105796814,0.13266028463840485,16
44,1,99,0.2604476511478424,0.17536208033561707,16
44,1,100,0.18527059257030487,0.228102445602417,16
44,1,101,0.2790241241455078,0.21328602731227875,16
44,1,102,0.2581954002380371,0.15566103160381317,16
44,1,103,0.20916542410850525,0.09507609903812408,16
44,1,104,0.2046090066432953,0.12652021646499634,16
44,1,105,0.26699143648147583,0.13020789623260498,16
44,1,106,0.18341168761253357,0.18865761160850525,16
44,1,107,0.2534271776676178,0.10658644139766693,16
44,1,108,0.22614236176013947,0.27182430028915405,16
44,1,109,0.28274738788604736,0.17551466822624207,16
44,1,110,0.19267235696315765,0.14978216588497162,16
44,1,111,0.1915784776210785,0.2386445701122284,16
44,1,112,0.25294458866119385,0.28171029686927795,16
44,1,113,0.22165952622890472,0.2509579360485077,16
44,1,114,0.1957562267780304,0.11588789522647858,16
44,1,115,0.24117600917816162,0.2985898554325104,16
44,1,116,0.15995849668979645,0.10068895667791367,16
44,1,117,0.18171757459640503,0.07646114379167557,16
44,1,118,0.23534756898880005,0.30366086959838867,16
44,1,119,0.2584461271762848,0.1111084446310997,16
44,1,120,0.2339889109134674,0.10220809280872345,16
44,1,121,0.19629091024398804,0.365782767534256,16
44,1,122,0.2824317514896393,0.18887852132320404,16
44,1,123,0.22614999115467072,0.17492927610874176,16
44,1,124,0.3122183084487915,0.20150673389434814,16
44,1,125,0.18832063674926758,0.2948102355003357,16
44,1,126,0.2927505373954773,0.2619909942150116,16
44,1,127,0.25652921199798584,0.11042523384094238,16
44,1,128,0.22729888558387756,0.13869664072990417,16
44,1,129,0.3000963628292084,0.3642316162586212,16
44,1,130,0.24705621600151062,0.1625984013080597,16
44,1,131,0.16950401663780212,0.10540054738521576,16
44,1,132,0.2053239494562149,0.23566050827503204,16
44,1,133,0.2614312767982483,0.20238058269023895,16
44,1,134,0.17792141437530518,0.18570950627326965,16
44,1,135,0.23393793404102325,0.26249393820762634,16
44,1,136,0.2118963599205017,0.2198820561170578,16
44,1,137,0.24342229962348938,0.07740815728902817,16
44,1,138,0.25109273195266724,0.5005035996437073,16
44,1,139,0.2806033194065094,0.5656556487083435,16
44,1,140,0.22010962665081024,0.3001803159713745,16
44,1,141,0.22266125679016113,0.10101120918989182,16
44,1,142,0.16755667328834534,0.22667860984802246,16
44,1,143,0.2429434359073639,0.29716235399246216,16
44,1,144,0.29684507846832275,0.3662341237068176,16
44,1,145,0.19812817871570587,0.2572994828224182,16
44,1,146,0.28177934885025024,0.12311474233865738,16
44,1,147,0.21477572619915009,0.23793171346187592,16
44,1,148,0.28556299209594727,0.13297195732593536,16
44,1,149,0.25058019161224365,0.15211614966392517,16
44,1,150,0.2533578872680664,0.42086780071258545,16
44,1,151,0.23613858222961426,0.2826865315437317,16
44,1,152,0.21138665080070496,0.24724437296390533,16
44,1,153,0.25469136238098145,0.2446972280740738,16
44,1,154,0.18241018056869507,0.2488025426864624,16
44,1,155,0.27393320202827454,0.240432471036911,16
44,1,156,0.304682195186615,0.7689962983131409,16
44,1,157,0.24918889999389648,0.2136775702238083,16
44,1,158,0.2510395646095276,0.15490296483039856,16
44,1,159,0.23548200726509094,0.33279988169670105,16
44,1,160,0.18731874227523804,0.38618505001068115,16
44,1,161,0.2653844952583313,0.117864690721035,16
44,1,162,0.2723245918750763,0.38930222392082214,16
44,1,163,0.19155550003051758,0.19373145699501038,16
44,1,164,0.20975780487060547,0.296812504529953,16
44,1,165,0.2544057369232178,0.24603864550590515,16
44,1,166,0.28994208574295044,0.26747459173202515,16
44,1,167,0.20542830228805542,0.1771775335073471,16
44,1,168,0.21972623467445374,0.17771592736244202,16
44,1,169,0.2859591245651245,0.32279184460639954,16
44,1,170,0.19494570791721344,0.31074821949005127,16
44,1,171,0.17832045257091522,0.12490326166152954,16
44,1,172,0.2311878502368927,0.20770014822483063,16
44,1,173,0.18953439593315125,0.20477253198623657,16
44,1,174,0.22819244861602783,0.3711823523044586,16
44,1,175,0.24729976058006287,0.31324970722198486,16
44,1,176,0.21639364957809448,0.3741975724697113,16
44,1,177,0.19097404181957245,0.26424843072891235,16
44,1,178,0.34209173917770386,0.5138505697250366,16
44,1,179,0.21976742148399353,0.31320950388908386,16
44,1,180,0.25615549087524414,0.5848357677459717,16
44,1,181,0.28166908025741577,0.38922378420829773,16
44,1,182,0.20060908794403076,0.33743414282798767,16
44,1,183,0.275421679019928,0.269682377576828,16
44,1,184,0.1973985731601715,0.3335293233394623,16
44,1,185,0.24708905816078186,0.22728347778320312,16
44,1,186,0.23592509329319,0.32452666759490967,16
44,1,187,0.23398056626319885,0.44696715474128723,16
44,1,188,0.19924399256706238,0.37407955527305603,16
44,1,189,0.24238787591457367,0.4499529302120209,16
44,1,190,0.1718379259109497,0.16359004378318787,16
44,1,191,0.23156914114952087,0.4093112349510193,16
44,1,192,0.24095983803272247,0.19562087953090668,16
44,1,193,0.2135246992111206,0.5071559548377991,16
44,1,194,0.24173907935619354,0.29684939980506897,16
44,1,195,0.18726570904254913,0.23826204240322113,16
44,1,196,0.14462365210056305,0.3266357481479645,16
44,1,197,0.21460877358913422,0.24856789410114288,16
44,1,198,0.2263977825641632,0.7178569436073303,16
44,1,199,0.18112501502037048,0.3379611372947693,16
44,1,200,0.20511871576309204,0.5172795057296753,16
44,1,201,0.21670785546302795,0.764646589756012,16
44,1,202,0.17827177047729492,0.5006936192512512,16
44,1,203,0.20790797472000122,0.40862011909484863,16
44,1,204,0.19542166590690613,0.2289654016494751,16
44,1,205,0.19258414208889008,0.2369796335697174,16
44,1,206,0.2326880246400833,0.5911492109298706,16
44,1,207,0.24815569818019867,0.397957444190979,16
44,1,208,0.19783297181129456,0.9722273349761963,16
44,1,209,0.20990970730781555,0.5098092555999756,16
44,1,210,0.24343958497047424,0.2935047447681427,16
44,1,211,0.20612066984176636,0.36719751358032227,16
44,1,212,0.23992936313152313,0.45632290840148926,16
44,1,213,0.2194339483976364,0.40908437967300415,16
44,1,214,0.2366824746131897,0.4960714280605316,16
44,1,215,0.18935903906822205,0.3539196848869324,16
44,1,216,0.23723068833351135,0.8359783291816711,16
44,1,217,0.1944098174571991,0.22491760551929474,16
44,1,218,0.15661239624023438,0.5164874792098999,16
44,1,219,0.14751845598220825,0.7887118458747864,16
44,1,220,0.2512468695640564,0.46050024032592773,16
44,1,221,0.17819206416606903,0.3426511883735657,16
44,1,222,0.3044508099555969,0.4918117821216583,16
44,1,223,0.220841646194458,0.3827519714832306,16
44,1,224,0.18760031461715698,0.3722178637981415,16
44,1,225,0.27505379915237427,0.5724971294403076,16
44,1,226,0.23469534516334534,0.5315530896186829,16
44,1,227,0.34222611784935,1.6376898288726807,16
44,1,228,0.18547314405441284,0.5676161050796509,16
44,1,229,0.2688172459602356,0.59638911485672,16
44,1,230,0.25880688428878784,0.2714662253856659,16
44,1,231,0.2032722383737564,0.3495962619781494,16
44,1,232,0.19458261132240295,0.4418860971927643,16
44,1,233,0.22669532895088196,0.5816274881362915,16
44,1,234,0.24935729801654816,0.4123375415802002,16
44,1,235,0.28265181183815,0.3662949800491333,16
44,1,236,0.19537915289402008,0.30605262517929077,16
44,1,237,0.2275627851486206,0.4953775107860565,16
44,1,238,0.20419791340827942,0.6204552054405212,16
44,1,239,0.22454790771007538,0.5377659201622009,16
44,1,240,0.13447292149066925,0.37325164675712585,16
44,1,241,0.22386065125465393,0.5283628702163696,16
44,1,242,0.21016132831573486,0.2537601590156555,16
44,1,243,0.2192077338695526,0.4937731623649597,16
44,1,244,0.16964897513389587,0.3213196396827698,16
44,1,245,0.25444942712783813,0.5239710807800293,16
44,1,246,0.17837338149547577,0.7871587872505188,16
44,1,247,0.28341564536094666,0.5758996605873108,16
44,1,248,0.1737951934337616,0.3447568714618683,16
44,1,249,0.2904094159603119,0.7322295904159546,16
44,1,250,0.21562457084655762,0.7233562469482422,16
44,1,251,0.19603225588798523,0.2700763940811157,16
44,1,252,0.19822244346141815,0.6490153670310974,16
44,1,253,0.18184156715869904,0.38223639130592346,16
44,1,254,0.15377861261367798,0.18303923308849335,16
44,1,255,0.19450858235359192,0.370067298412323,16
44,1,256,0.18412482738494873,0.6007670760154724,16
44,1,257,0.1740310937166214,0.252915620803833,16
44,1,258,0.18770408630371094,0.5022016763687134,16
44,1,259,0.2120422124862671,0.9452621340751648,16
44,1,260,0.15230625867843628,0.3496621251106262,16
44,1,261,0.17517834901809692,0.7034754753112793,16
44,1,262,0.17690016329288483,0.25076359510421753,16
44,1,263,0.1487952172756195,0.5508529543876648,16
42,2,0,0.14208076894283295,1.1630886793136597,16
42,2,1,0.179800882935524,0.9692500829696655,16
42,2,2,0.32159945368766785,0.7950159311294556,16
42,2,3,0.2021108716726303,0.4412005543708801,16
42,2,4,0.21132367849349976,0.44073814153671265,16
42,2,5,0.211452454328537,0.8328886032104492,16
42,2,6,0.1929626762866974,0.40777432918548584,16
42,2,7,0.23562760651111603,1.0317875146865845,16
42,2,8,0.17242509126663208,1.1156814098358154,16
42,2,9,0.17847803235054016,0.9700413942337036,16
42,2,10,0.15917354822158813,0.3419322669506073,16
42,2,11,0.17707905173301697,0.7232440710067749,16
42,2,12,0.148517444729805,0.7219934463500977,16
42,2,13,0.22389523684978485,0.8078678250312805,16
42,2,14,0.26472392678260803,0.9140909910202026,16
42,2,15,0.17542192339897156,0.45459529757499695,16
42,2,16,0.14515098929405212,0.5077788233757019,16
42,2,17,0.20980478823184967,0.6930994391441345,16
42,2,18,0.13323763012886047,0.3804963529109955,16
42,2,19,0.2281804233789444,0.9413154721260071,16
42,2,20,0.1335417628288269,0.41357558965682983,16
42,2,21,0.15890660881996155,0.9248186945915222,16
42,2,22,0.23949481546878815,0.9527148604393005,16
42,2,23,0.26501181721687317,0.9340114593505859,16
42,2,24,0.10465536266565323,0.5785962343215942,16
42,2,25,0.21818581223487854,0.38462182879447937,16
42,2,26,0.22455359995365143,0.368185430765152,16
42,2,27,0.19963179528713226,0.48856139183044434,16
42,2,28,0.244109645485878,0.8236714601516724,16
42,2,29,0.23622852563858032,1.170379877090454,16
42,2,30,0.22450733184814453,0.9463117718696594,16
42,2,31,0.13442422449588776,0.37147054076194763,16
42,2,32,0.23561179637908936,0.9174597263336182,16
42,2,33,0.27664002776145935,0.8452480435371399,16
42,2,34,0.24509523808956146,0.7823449969291687,16
42,2,35,0.17277613282203674,0.5705127716064453,16
42,2,36,0.16393807530403137,1.7227767705917358,16
42,2,37,0.17208120226860046,0.26684248447418213,16
42,2,38,0.19605277478694916,0.49611854553222656,16
42,2,39,0.22010435163974762,0.4842142164707184,16
42,2,40,0.17261852324008942,0.8971076011657715,16
42,2,41,0.15681037306785583,1.0653876066207886,16
42,2,42,0.1815018355846405,0.5062445402145386,16
42,2,43,0.23684966564178467,0.527100145816803,16
42,2,44,0.20201516151428223,1.0316628217697144,16
42,2,45,0.17210695147514343,0.9339762330055237,16
42,2,46,0.24851730465888977,0.7675049901008606,16
42,2,47,0.1623813509941101,0.6320738196372986,16
42,2,48,0.16436094045639038,1.3059027194976807,16
42,2,49,0.23584206402301788,1.8362035751342773,16
42,2,50,0.1787443608045578,0.36373811960220337,16
42,2,51,0.14709888398647308,0.8016265034675598,16
42,2,52,0.17461329698562622,0.624955952167511,16
42,2,53,0.20157299935817719,0.3497694134712219,16
42,2,54,0.1663055270910263,1.113061785697937,16
42,2,55,0.19027197360992432,1.220811128616333,16
42,2,56,0.1875639259815216,0.4466273784637451,16
42,2,57,0.14107875525951385,0.5502734184265137,16
42,2,58,0.12782445549964905,1.5358591079711914,16
42,2,59,0.2277136594057083,0.6149156093597412,16
42,2,60,0.14602336287498474,0.4101375341415405,16
42,2,61,0.1490800678730011,0.4712788164615631,16
42,2,62,0.15826480090618134,0.6219204068183899,16
42,2,63,0.13415849208831787,0.45365703105926514,16
42,2,64,0.16487200558185577,0.4888852536678314,16
42,2,65,0.16831131279468536,0.6106144785881042,16
42,2,66,0.2637016475200653,0.435577929019928,16
42,2,67,0.13470011949539185,0.27364715933799744,16
42,2,68,0.268661230802536,1.8202366828918457,16
42,2,69,0.2526160478591919,1.968376636505127,16
42,2,70,0.15613916516304016,0.38703107833862305,16
42,2,71,0.23671066761016846,0.38936376571655273,16
42,2,72,0.19419921934604645,0.5068309903144836,16
42,2,73,0.18744097650051117,1.3806589841842651,16
42,2,74,0.19475118815898895,0.3822755813598633,16
42,2,75,0.21329474449157715,0.46958720684051514,16
42,2,76,0.13908013701438904,0.3157879114151001,16
42,2,77,0.3022758364677429,0.4189612567424774,16
42,2,78,0.30889445543289185,1.493087887763977,16
42,2,79,0.18765121698379517,1.0938868522644043,16
42,2,80,0.21813365817070007,0.8208021521568298,16
42,2,81,0.15108248591423035,0.41571494936943054,16
42,2,82,0.18309471011161804,1.1487059593200684,16
42,2,83,0.12640315294265747,0.8190805315971375,16
42,2,84,0.17664088308811188,0.44958049058914185,16
42,2,85,0.17235711216926575,0.5601381659507751,16
42,2,86,0.18430191278457642,0.7589349746704102,16
42,2,87,0.3241003751754761,1.786779522895813,16
42,2,88,0.19614258408546448,0.9584104418754578,16
42,2,89,0.20791055262088776,0.6015230417251587,16
42,2,90,0.1650349497795105,1.0964996814727783,16
42,2,91,0.2568429112434387,0.603374719619751,16
42,2,92,0.17821016907691956,1.1459325551986694,16
42,2,93,0.22792240977287292,1.640722393989563,16
42,2,94,0.2001078724861145,1.1619597673416138,16
42,2,95,0.3088529407978058,0.6897347569465637,16
42,2,96,0.15130287408828735,0.7169714570045471,16
42,2,97,0.18421608209609985,0.5764754414558411,16
42,2,98,0.14619813859462738,0.6547238230705261,16
42,2,99,0.2480390965938568,0.49985188245773315,16
42,2,100,0.20672369003295898,0.4189479947090149,16
42,2,101,0.25494465231895447,0.689363420009613,16
42,2,102,0.16918224096298218,0.40920084714889526,16
42,2,103,0.227432519197464,0.6310528516769409,16
42,2,104,0.19893430173397064,0.6044256687164307,16
42,2,105,0.21072512865066528,1.238816261291504,16
42,2,106,0.20182278752326965,0.8823503851890564,16
42,2,107,0.21815094351768494,0.44367748498916626,16
42,2,108,0.17507220804691315,1.0552788972854614,16
42,2,109,0.15351295471191406,1.0858430862426758,16
42,2,110,0.18810799717903137,0.8623689413070679,16
42,2,111,0.16599416732788086,0.5623481273651123,16
42,2,112,0.14362774789333344,0.27995744347572327,16
42,2,113,0.13512422144412994,0.5340039134025574,16
42,2,114,0.17787286639213562,0.7214532494544983,16
42,2,115,0.18160980939865112,0.38568955659866333,16
42,2,116,0.14156053960323334,0.7276982069015503,16
42,2,117,0.1797187328338623,0.7125197052955627,16
42,2,118,0.20525076985359192,1.212151050567627,16
42,2,119,0.19788213074207306,0.3221752345561981,16
42,2,120,0.15474258363246918,0.4434976875782013,16
42,2,121,0.16941116750240326,0.4584181606769562,16
42,2,122,0.19831712543964386,0.896908700466156,16
42,2,123,0.13158148527145386,1.1757538318634033,16
42,2,124,0.14961805939674377,0.4193202257156372,16
42,2,125,0.20230638980865479,1.5316963195800781,16
42,2,126,0.16331151127815247,0.5746728777885437,16
42,2,127,0.2127334475517273,0.5050708651542664,16
42,2,128,0.21566495299339294,0.5767715573310852,16
42,2,129,0.20255115628242493,1.9074134826660156,16
42,2,130,0.19494441151618958,0.7559453845024109,16
42,2,131,0.17730969190597534,1.363434076309204,16
42,2,132,0.14556735754013062,0.9646202325820923,16
42,2,133,0.19775979220867157,0.42667514085769653,16
42,2,134,0.15783746540546417,0.5906861424446106,16
42,2,135,0.1494523286819458,0.40893760323524475,16
42,2,136,0.16137081384658813,0.2782963514328003,16
42,2,137,0.23105154931545258,1.0807582139968872,16
42,2,138,0.2221916764974594,1.4924486875534058,16
42,2,139,0.19265709817409515,1.4626516103744507,16
42,2,140,0.1858251392841339,0.6432725787162781,16
42,2,141,0.20215004682540894,1.2271591424942017,16
42,2,142,0.1697702556848526,0.5946410894393921,16
42,2,143,0.18912550806999207,0.7492273449897766,16
42,2,144,0.20338207483291626,0.5011928677558899,16
42,2,145,0.24848294258117676,0.45627352595329285,16
42,2,146,0.17763161659240723,0.627292275428772,16
42,2,147,0.2115640491247177,1.3335648775100708,16
42,2,148,0.23190860450267792,0.5471689701080322,16
42,2,149,0.19392263889312744,0.9495173096656799,16
42,2,150,0.20432069897651672,1.0794610977172852,16
42,2,151,0.20172426104545593,0.6757681965827942,16
42,2,152,0.28350386023521423,1.0214014053344727,16
42,2,153,0.174711674451828,0.4446219205856323,16
42,2,154,0.20952412486076355,0.47952255606651306,16
42,2,155,0.21035736799240112,0.4279959499835968,16
42,2,156,0.17867247760295868,1.4605637788772583,16
42,2,157,0.18030929565429688,0.6116252541542053,16
42,2,158,0.12655365467071533,1.1563098430633545,16
42,2,159,0.1450822353363037,0.5067837834358215,16
42,2,160,0.20423422753810883,0.47915562987327576,16
42,2,161,0.2121415138244629,0.8912753462791443,16
42,2,162,0.21778662502765656,0.9454655647277832,16
42,2,163,0.1435169279575348,0.27427902817726135,16
42,2,164,0.1960693895816803,1.0123120546340942,16
42,2,165,0.17490363121032715,1.0581706762313843,16
42,2,166,0.15644031763076782,0.40441110730171204,16
42,2,167,0.14136090874671936,0.41670936346054077,16
42,2,168,0.2803994119167328,1.2233158349990845,16
42,2,169,0.261759489774704,1.1786078214645386,16
42,2,170,0.15542450547218323,0.4058694541454315,16
42,2,171,0.20898635685443878,0.48233577609062195,16
42,2,172,0.160675048828125,0.6375732421875,16
42,2,173,0.18218466639518738,1.3779475688934326,16
42,2,174,0.25319355726242065,1.5860629081726074,16
42,2,175,0.19252151250839233,0.5278371572494507,16
42,2,176,0.2124558687210083,0.655286967754364,16
42,2,177,0.14850205183029175,0.6126284003257751,16
42,2,178,0.32743948698043823,1.0901464223861694,16
42,2,179,0.188350647687912,0.737805962562561,16
42,2,180,0.2428450882434845,1.6353355646133423,16
42,2,181,0.1730562150478363,1.0349093675613403,16
42,2,182,0.15406854450702667,1.0278749465942383,16
42,2,183,0.19389206171035767,0.5464533567428589,16
42,2,184,0.12943366169929504,1.1710532903671265,16
42,2,185,0.14028353989124298,0.699882984161377,16
42,2,186,0.2579934298992157,0.8012462258338928,16
42,2,187,0.1418960988521576,0.5543469786643982,16
42,2,188,0.22974178194999695,0.6247228980064392,16
42,2,189,0.25082725286483765,1.4439841508865356,16
42,2,190,0.2089771330356598,0.9759732484817505,16
42,2,191,0.21426787972450256,1.8182177543640137,16
42,2,192,0.18299594521522522,0.6588664650917053,16
42,2,193,0.19258753955364227,1.556260347366333,16
42,2,194,0.19501133263111115,1.0035033226013184,16
42,2,195,0.20100128650665283,1.3261314630508423,16
42,2,196,0.2893599271774292,1.6681139469146729,16
42,2,197,0.19490167498588562,0.9686620235443115,16
42,2,198,0.20456141233444214,0.6423309445381165,16
42,2,199,0.17985640466213226,0.35446852445602417,16
42,2,200,0.15413706004619598,0.5534675717353821,16
42,2,201,0.18871262669563293,0.5750934481620789,16
42,2,202,0.2252691686153412,1.0826560258865356,16
42,2,203,0.17032736539840698,0.5045595169067383,16
42,2,204,0.1906076818704605,0.3375372886657715,16
42,2,205,0.24126407504081726,2.277217388153076,16
42,2,206,0.1792742908000946,0.5355387330055237,16
42,2,207,0.21155652403831482,0.3501191735267639,16
42,2,208,0.15790171921253204,0.8170111775398254,16
42,2,209,0.24930639564990997,0.6360450387001038,16
42,2,210,0.21141473948955536,0.8774221539497375,16
42,2,211,0.19815915822982788,0.41728001832962036,16
42,2,212,0.14712698757648468,0.36245229840278625,16
42,2,213,0.24403038620948792,0.5101486444473267,16
42,2,214,0.26367682218551636,1.4478917121887207,16
42,2,215,0.13845336437225342,1.8311153650283813,16
42,2,216,0.2393619418144226,0.892297625541687,16
42,2,217,0.16635346412658691,0.5484890937805176,16
42,2,218,0.3472462296485901,2.520090341567993,16
42,2,219,0.2387845516204834,0.9064143300056458,16
42,2,220,0.14359955489635468,0.347739040851593,16
42,2,221,0.17203444242477417,1.7448158264160156,16
42,2,222,0.14784717559814453,0.6248364448547363,16
42,2,223,0.19544441998004913,0.3336571455001831,16
42,2,224,0.13386186957359314,0.5013012290000916,16
42,2,225,0.3018995523452759,1.323406457901001,16
42,2,226,0.17772135138511658,0.688916027545929,16
42,2,227,0.2184211015701294,0.5108487010002136,16
42,2,228,0.1725694239139557,0.3503221869468689,16
42,2,229,0.1428995579481125,0.6458641886711121,16
42,2,230,0.1876707822084427,0.9127904176712036,16
42,2,231,0.25266194343566895,1.4463098049163818,16
42,2,232,0.12671643495559692,0.2819070518016815,16
42,2,233,0.1343856006860733,0.4467904567718506,16
42,2,234,0.12975597381591797,0.6370927095413208,16
42,2,235,0.24182412028312683,0.9558823108673096,16
42,2,236,0.1281169354915619,0.6877630352973938,16
42,2,237,0.17896845936775208,0.34221306443214417,16
42,2,238,0.12484502792358398,0.8859001398086548,16
42,2,239,0.19310736656188965,1.854359745979309,16
42,2,240,0.24309208989143372,1.591368317604065,16
42,2,241,0.21547776460647583,1.0155442953109741,16
42,2,242,0.19617444276809692,0.44033095240592957,16
42,2,243,0.20320814847946167,0.571313202381134,16
42,2,244,0.22577352821826935,0.7583582401275635,16
42,2,245,0.18882709741592407,0.5508843064308167,16
42,2,246,0.13921993970870972,0.6094871163368225,16
42,2,247,0.1432868242263794,1.4957072734832764,16
42,2,248,0.14976975321769714,0.6454102396965027,16
42,2,249,0.19718149304389954,1.4571442604064941,16
42,2,250,0.24316143989562988,1.622092843055725,16
42,2,251,0.25412777066230774,1.8616869449615479,16
42,2,252,0.19592314958572388,0.5518307685852051,16
42,2,253,0.30440959334373474,0.8261774182319641,16
42,2,254,0.17721140384674072,0.8290712833404541,16
42,2,255,0.22624672949314117,1.046834111213684,16
42,2,256,0.22803011536598206,0.4265109598636627,16
42,2,257,0.1804095208644867,0.6265671849250793,16
42,2,258,0.1770835816860199,1.1830984354019165,16
42,2,259,0.14843975007534027,0.44768887758255005,16
42,2,260,0.13106390833854675,0.6892837285995483,16
42,2,261,0.14869743585586548,0.6727169752120972,16
42,2,262,0.2738485038280487,0.663508415222168,16
42,2,263,0.18325042724609375,0.4857651889324188,16
43,2,0,0.2217237651348114,1.3388562202453613,16
43,2,1,0.20122939348220825,1.9996761083602905,16
43,2,2,0.2506871819496155,0.3674353361129761,16
43,2,3,0.17742924392223358,0.4938475787639618,16
43,2,4,0.2690965533256531,0.7788791656494141,16
43,2,5,0.21236398816108704,1.0976234674453735,16
43,2,6,0.22415639460086823,0.6025009751319885,16
43,2,7,0.18730691075325012,0.5303478837013245,16
43,2,8,0.18157747387886047,0.4771765470504761,16
43,2,9,0.17350831627845764,0.5075222849845886,16
43,2,10,0.16358992457389832,0.3245447278022766,16
43,2,11,0.24886469542980194,0.4485686719417572,16
43,2,12,0.15912805497646332,0.6688693165779114,16
43,2,13,0.22777271270751953,0.6320457458496094,16
43,2,14,0.2780727446079254,1.1786515712738037,16
43,2,15,0.13963615894317627,0.3122330605983734,16
43,2,16,0.24124979972839355,2.0660228729248047,16
43,2,17,0.13863223791122437,0.8915854692459106,16
43,2,18,0.2361581176519394,1.3888310194015503,16
43,2,19,0.1712605357170105,1.246858835220337,16
43,2,20,0.1660376489162445,1.0764944553375244,16
43,2,21,0.14521272480487823,1.0187180042266846,16
43,2,22,0.1345694661140442,0.8513374924659729,16
43,2,23,0.25866466760635376,0.7237257361412048,16
43,2,24,0.22375887632369995,1.069534420967102,16
43,2,25,0.15563508868217468,0.34314268827438354,16
43,2,26,0.2368161678314209,1.3103405237197876,16
43,2,27,0.18497532606124878,0.5870932936668396,16
43,2,28,0.26584187150001526,2.830573081970215,16
43,2,29,0.14822140336036682,0.8355785012245178,16
43,2,30,0.20835277438163757,0.35770469903945923,16
43,2,31,0.21246257424354553,0.5274372100830078,16
43,2,32,0.22068753838539124,1.3318439722061157,16
43,2,33,0.1956719607114792,0.8648478388786316,16
43,2,34,0.2178259938955307,0.3768814206123352,16
43,2,35,0.15785104036331177,1.0286426544189453,16
43,2,36,0.18738174438476562,0.3272339403629303,16
43,2,37,0.25609081983566284,0.34277108311653137,16
43,2,38,0.24749627709388733,0.6496260762214661,16
43,2,39,0.137882798910141,0.4131893813610077,16
43,2,40,0.16732624173164368,0.6439716815948486,16
43,2,41,0.1883023977279663,0.6591673493385315,16
43,2,42,0.19360268115997314,0.48913833498954773,16
43,2,43,0.23595590889453888,0.3881346881389618,16
43,2,44,0.16680102050304413,0.4790990650653839,16
43,2,45,0.17797650396823883,0.47517964243888855,16
43,2,46,0.2946793735027313,1.1677109003067017,16
43,2,47,0.1591150164604187,0.44723638892173767,16
43,2,48,0.19445718824863434,1.3190371990203857,16
43,2,49,0.21070976555347443,0.7948038578033447,16
43,2,50,0.16417145729064941,0.7508242130279541,16
43,2,51,0.19711607694625854,0.5810145735740662,16
43,2,52,0.1380118727684021,0.34437331557273865,16
43,2,53,0.1761671006679535,0.9242972135543823,16
43,2,54,0.18610569834709167,0.5800734162330627,16
43,2,55,0.24830269813537598,0.8367536067962646,16
43,2,56,0.18782919645309448,0.5770153999328613,16
43,2,57,0.17321401834487915,0.7291653752326965,16
43,2,58,0.22196124494075775,0.6770982146263123,16
43,2,59,0.1969662755727768,0.5137764811515808,16
43,2,60,0.19996458292007446,0.9057628512382507,16
43,2,61,0.20333586633205414,0.47680822014808655,16
43,2,62,0.2506377398967743,0.797084391117096,16
43,2,63,0.20917068421840668,1.0839886665344238,16
43,2,64,0.17094209790229797,1.102038025856018,16
43,2,65,0.15199896693229675,0.27815404534339905,16
43,2,66,0.35067883133888245,0.9396546483039856,16
43,2,67,0.13745403289794922,0.8598815202713013,16
43,2,68,0.114476278424263,0.49168843030929565,16
43,2,69,0.16057869791984558,0.4052535593509674,16
43,2,70,0.17782169580459595,0.48475679755210876,16
43,2,71,0.23367398977279663,2.988698959350586,16
43,2,72,0.14477410912513733,0.3350176513195038,16
43,2,73,0.16252316534519196,0.7231325507164001,16
43,2,74,0.19097469747066498,0.464552640914917,16
43,2,75,0.2137351781129837,1.0505340099334717,16
43,2,76,0.20996403694152832,0.8511695861816406,16
43,2,77,0.18022999167442322,0.7798415422439575,16
43,2,78,0.23864328861236572,0.5490661859512329,16
43,2,79,0.3414166569709778,0.6308331489562988,16
43,2,80,0.18028444051742554,0.40742605924606323,16
43,2,81,0.1770189106464386,1.1400882005691528,16
43,2,82,0.20193922519683838,0.6112372279167175,16
43,2,83,0.19792187213897705,0.6049582362174988,16
43,2,84,0.17978303134441376,0.9924293160438538,16
43,2,85,0.1768413931131363,0.7471144795417786,16
43,2,86,0.2511141896247864,0.6539508104324341,16
43,2,87,0.21147936582565308,0.49652940034866333,16
43,2,88,0.1995791643857956,0.6703941226005554,16
43,2,89,0.2418978214263916,0.490195095539093,16
43,2,90,0.1597442924976349,0.42941316962242126,16
43,2,91,0.11452950537204742,0.6518505215644836,16
43,2,92,0.2669365704059601,0.5524551868438721,16
43,2,93,0.16512474417686462,0.5041834712028503,16
43,2,94,0.2234736829996109,0.805752158164978,16
43,2,95,0.1662895828485489,0.5730424523353577,16
43,2,96,0.22852256894111633,0.8083453178405762,16
43,2,97,0.11323802173137665,0.4137401282787323,16
43,2,98,0.18085764348506927,0.4576847553253174,16
43,2,99,0.16350005567073822,0.39687636494636536,16
43,2,100,0.2619425058364868,2.5029525756835938,16
43,2,101,0.17134571075439453,0.5208415985107422,16
43,2,102,0.18084555864334106,0.5505493879318237,16
43,2,103,0.21899588406085968,2.042249917984009,16
43,2,104,0.2358963042497635,0.6979464888572693,16
43,2,105,0.17603924870491028,0.6240816116333008,16
43,2,106,0.20429958403110504,1.2112715244293213,16
43,2,107,0.18471750617027283,0.41918042302131653,16
43,2,108,0.20273493230342865,1.0762052536010742,16
43,2,109,0.1762431561946869,2.070448875427246,16
43,2,110,0.22300834953784943,1.5109494924545288,16
43,2,111,0.18571867048740387,0.6195632219314575,16
43,2,112,0.17749056220054626,2.4877896308898926,16
43,2,113,0.15682797133922577,2.1103789806365967,16
43,2,114,0.23657606542110443,0.74559485912323,16
43,2,115,0.23700346052646637,1.980460524559021,16
43,2,116,0.2113078534603119,1.1437171697616577,16
43,2,117,0.20651189982891083,0.6912978291511536,16
43,2,118,0.2616421580314636,0.4961267113685608,16
43,2,119,0.2732365131378174,2.9341397285461426,16
43,2,120,0.1473073661327362,0.7811446785926819,16
43,2,121,0.14882755279541016,0.996151864528656,16
43,2,122,0.14047163724899292,0.42859286069869995,16
43,2,123,0.2195800393819809,0.6492798924446106,16
43,2,124,0.20934632420539856,0.4696056544780731,16
43,2,125,0.1602008193731308,0.48667705059051514,16
43,2,126,0.20442354679107666,0.9595983028411865,16
43,2,127,0.25050288438796997,2.3196091651916504,16
43,2,128,0.14788231253623962,1.5413480997085571,16
43,2,129,0.19658216834068298,0.6401032209396362,16
43,2,130,0.1701914370059967,1.2453663349151611,16
43,2,131,0.26870325207710266,0.7705807089805603,16
43,2,132,0.18079882860183716,0.7342725396156311,16
43,2,133,0.16861246526241302,1.9709694385528564,16
43,2,134,0.1811038851737976,0.4236125349998474,16
43,2,135,0.16892856359481812,1.3396388292312622,16
43,2,136,0.27343571186065674,0.9289885759353638,16
43,2,137,0.22969967126846313,0.9235596656799316,16
43,2,138,0.16675658524036407,0.39305204153060913,16
43,2,139,0.1407267153263092,0.5954301953315735,16
43,2,140,0.23018643260002136,2.1710331439971924,16
43,2,141,0.2354319542646408,1.186922550201416,16
43,2,142,0.20772016048431396,1.0524712800979614,16
43,2,143,0.11961367726325989,0.3273880183696747,16
43,2,144,0.17245011031627655,0.2664303481578827,16
43,2,145,0.20853550732135773,0.6668659448623657,16
43,2,146,0.27670663595199585,1.2933803796768188,16
43,2,147,0.14512306451797485,1.2794784307479858,16
43,2,148,0.1435699760913849,0.8449887037277222,16
43,2,149,0.21407032012939453,0.4533216655254364,16
43,2,150,0.20442217588424683,0.4655854403972626,16
43,2,151,0.1602533757686615,0.9729071855545044,16
43,2,152,0.17824718356132507,0.4555177390575409,16
43,2,153,0.13114479184150696,0.5919070839881897,16
43,2,154,0.22957879304885864,2.0197908878326416,16
43,2,155,0.1315506398677826,0.703540563583374,16
43,2,156,0.1806597113609314,0.8459199666976929,16
43,2,157,0.18092191219329834,1.1642253398895264,16
43,2,158,0.16742029786109924,0.9083500504493713,16
43,2,159,0.13417644798755646,0.9359822869300842,16
43,2,160,0.19270926713943481,0.7223580479621887,16
43,2,161,0.2100512981414795,1.04534113407135,16
43,2,162,0.18398559093475342,1.0119434595108032,16
43,2,163,0.25770020484924316,0.644377589225769,16
43,2,164,0.27346712350845337,2.993163824081421,16
43,2,165,0.2294129580259323,2.147186279296875,16
43,2,166,0.20770463347434998,0.6233811974525452,16
43,2,167,0.25197741389274597,0.7779529690742493,16
43,2,168,0.16991426050662994,0.8112696409225464,16
43,2,169,0.20910292863845825,0.4837969243526459,16
43,2,170,0.11468207091093063,0.49003636837005615,16
43,2,171,0.1664193570613861,0.40432095527648926,16
43,2,172,0.1902889609336853,0.8976255655288696,16
43,2,173,0.205856591463089,0.8149964213371277,16
43,2,174,0.17861521244049072,0.2850964367389679,16
43,2,175,0.2321145385503769,0.3817116320133209,16
43,2,176,0.1936485767364502,0.6112765073776245,16
43,2,177,0.1818508803844452,0.510977566242218,16
43,2,178,0.1576313078403473,1.3809618949890137,16
43,2,179,0.20408311486244202,1.6407263278961182,16
43,2,180,0.2591167092323303,0.7293420433998108,16
43,2,181,0.2483627051115036,0.7318899631500244,16
43,2,182,0.18621894717216492,0.5575206279754639,16
43,2,183,0.15253686904907227,0.3222060203552246,16
43,2,184,0.2068738490343094,0.9501288533210754,16
43,2,185,0.201925128698349,0.5901616215705872,16
43,2,186,0.1871374249458313,0.82843017578125,16
43,2,187,0.14704149961471558,0.8142916560173035,16
43,2,188,0.16914981603622437,0.5809124708175659,16
43,2,189,0.2169087827205658,0.6535035967826843,16
43,2,190,0.19600442051887512,0.5045430064201355,16
43,2,191,0.376056432723999,0.988772451877594,16
43,2,192,0.15898549556732178,0.5131022930145264,16
43,2,193,0.19898852705955505,0.8090713024139404,16
43,2,194,0.16144365072250366,0.6392395496368408,16
43,2,195,0.15714403986930847,0.6372314691543579,16
43,2,196,0.18307965993881226,0.8439901471138,16
43,2,197,0.1274094581604004,1.283124327659607,16
43,2,198,0.18485349416732788,0.5151694416999817,16
43,2,199,0.15837308764457703,0.7606427073478699,16
43,2,200,0.2039014846086502,0.5303006768226624,16
43,2,201,0.15226629376411438,0.6452164649963379,16
43,2,202,0.151351660490036,0.3493885397911072,16
43,2,203,0.1790909618139267,0.6887274980545044,16
43,2,204,0.17617088556289673,0.9439615607261658,16
43,2,205,0.1934487521648407,0.44453150033950806,16
43,2,206,0.20970793068408966,0.7835136651992798,16
43,2,207,0.20633965730667114,0.9492266774177551,16
43,2,208,0.11094532907009125,0.5623011589050293,16
43,2,209,0.14437073469161987,0.3921912908554077,16
43,2,210,0.17717033624649048,0.8652044534683228,16
43,2,211,0.21404127776622772,0.9437737464904785,16
43,2,212,0.2273353636264801,2.6625752449035645,16
43,2,213,0.20592276751995087,0.9693295955657959,16
43,2,214,0.25367143750190735,1.435714840888977,16
43,2,215,0.28707441687583923,1.6282379627227783,16
43,2,216,0.2943549156188965,1.2872352600097656,16
43,2,217,0.12930187582969666,0.5134438872337341,16
43,2,218,0.14823412895202637,0.9366874098777771,16
43,2,219,0.13674306869506836,0.5866401791572571,16
43,2,220,0.16517561674118042,0.8275907039642334,16
43,2,221,0.13021442294120789,0.8261239528656006,16
43,2,222,0.2073451578617096,0.7613480687141418,16
43,2,223,0.18286800384521484,0.4165984094142914,16
43,2,224,0.1358894407749176,0.6556100249290466,16
43,2,225,0.20369085669517517,0.5349962711334229,16
43,2,226,0.21574851870536804,1.037981629371643,16
43,2,227,0.18206095695495605,0.39982351660728455,16
43,2,228,0.19966906309127808,0.6249947547912598,16
43,2,229,0.12460582703351974,0.5365674495697021,16
43,2,230,0.14154627919197083,0.8648167252540588,16
43,2,231,0.19784437119960785,1.956933617591858,16
43,2,232,0.20960021018981934,0.6048480868339539,16
43,2,233,0.15804564952850342,0.6895381808280945,16
43,2,234,0.18240711092948914,0.5303310751914978,16
43,2,235,0.2600710690021515,0.6832661032676697,16
43,2,236,0.1781502068042755,0.8745619654655457,16
43,2,237,0.13376472890377045,0.9105220437049866,16
43,2,238,0.1841108500957489,0.9607951641082764,16
43,2,239,0.1651192456483841,0.5385403633117676,16
43,2,240,0.1629716157913208,0.5319572687149048,16
43,2,241,0.20785780251026154,0.5586407780647278,16
43,2,242,0.21958741545677185,1.5300334692001343,16
43,2,243,0.15743830800056458,1.2227163314819336,16
43,2,244,0.1738968789577484,0.9540606141090393,16
43,2,245,0.16042685508728027,1.0005249977111816,16
43,2,246,0.15371671319007874,0.7454476356506348,16
43,2,247,0.1760171353816986,0.6716628670692444,16
43,2,248,0.16456933319568634,0.581096351146698,16
43,2,249,0.1616775542497635,0.4899892508983612,16
43,2,250,0.23173674941062927,1.0038286447525024,16
43,2,251,0.23939386010169983,4.148983001708984,16
43,2,252,0.136500746011734,0.7431392073631287,16
43,2,253,0.13447703421115875,0.4056132137775421,16
43,2,254,0.3232405483722687,2.0123519897460938,16
43,2,255,0.21780522167682648,1.3549041748046875,16
43,2,256,0.181732177734375,0.9025654792785645,16
43,2,257,0.1454312801361084,0.6783707141876221,16
43,2,258,0.10432147234678268,0.6300113797187805,16
43,2,259,0.1444430649280548,1.7603230476379395,16
43,2,260,0.17075291275978088,1.0179468393325806,16
43,2,261,0.21707028150558472,1.3666425943374634,16
43,2,262,0.18041834235191345,1.0903829336166382,16
43,2,263,0.1652977168560028,0.5949559807777405,16
44,2,0,0.13609610497951508,0.3382408916950226,16
44,2,1,0.31804442405700684,0.41871699690818787,16
44,2,2,0.17395205795764923,0.6039218306541443,16
44,2,3,0.15515881776809692,0.23325303196907043,16
44,2,4,0.17948299646377563,0.3024740517139435,16
44,2,5,0.23590588569641113,0.8923141956329346,16
44,2,6,0.21263989806175232,0.7073978781700134,16
44,2,7,0.1586763858795166,0.2566835582256317,16
44,2,8,0.1299670785665512,0.45579296350479126,16
44,2,9,0.23197579383850098,0.9297366142272949,16
44,2,10,0.16968318819999695,0.5820375084877014,16
44,2,11,0.25464433431625366,0.530460000038147,16
44,2,12,0.16672009229660034,0.5094336271286011,16
44,2,13,0.16375091671943665,0.4057444930076599,16
44,2,14,0.1556423008441925,0.4724208414554596,16
44,2,15,0.26235124468803406,0.8533453345298767,16
44,2,16,0.2011742740869522,0.7664943337440491,16
44,2,17,0.1693446934223175,0.3381009101867676,16
44,2,18,0.26307302713394165,0.5330268740653992,16
44,2,19,0.2036616951227188,0.45779186487197876,16
44,2,20,0.18515543639659882,0.4290945529937744,16
44,2,21,0.17454099655151367,0.2568369507789612,16
44,2,22,0.22547277808189392,0.47789818048477173,16
44,2,23,0.21827161312103271,0.6303504109382629,16
44,2,24,0.19013935327529907,0.41914334893226624,16
44,2,25,0.2520098090171814,0.7402063608169556,16
44,2,26,0.17470519244670868,0.3022923171520233,16
44,2,27,0.1628529131412506,0.3896266520023346,16
44,2,28,0.2308637499809265,0.8975942730903625,16
44,2,29,0.15064315497875214,0.3400033712387085,16
44,2,30,0.20234891772270203,0.9170741438865662,16
44,2,31,0.16340136528015137,0.9183837175369263,16
44,2,32,0.2538934648036957,0.9124523997306824,16
44,2,33,0.18085989356040955,0.43241623044013977,16
44,2,34,0.2195187360048294,0.4087999761104584,16
44,2,35,0.2024638056755066,1.4745469093322754,16
44,2,36,0.17411395907402039,1.39583420753479,16
44,2,37,0.2474876344203949,0.5351470708847046,16
44,2,38,0.20609021186828613,3.166017770767212,16
44,2,39,0.26145070791244507,1.673851728439331,16
44,2,40,0.18168559670448303,0.8999797105789185,16
44,2,41,0.14712360501289368,0.4305954873561859,16
44,2,42,0.17821228504180908,1.0647246837615967,16
44,2,43,0.19546377658843994,0.2920837998390198,16
44,2,44,0.2578069865703583,1.2519111633300781,16
44,2,45,0.20096182823181152,0.4876713752746582,16
44,2,46,0.2761390805244446,0.7203779220581055,16
44,2,47,0.18415474891662598,0.6094168424606323,16
44,2,48,0.19947774708271027,0.6436715722084045,16
44,2,49,0.24772340059280396,0.8973493576049805,16
44,2,50,0.21239545941352844,0.4261167645454407,16
44,2,51,0.21965612471103668,0.4880939722061157,16
44,2,52,0.15426981449127197,1.0102235078811646,16
44,2,53,0.26632487773895264,0.5091331005096436,16
44,2,54,0.2339310348033905,0.54355788230896,16
44,2,55,0.14836269617080688,0.953802764415741,16
44,2,56,0.2561569809913635,0.4986550807952881,16
44,2,57,0.21965144574642181,0.6639795899391174,16
44,2,58,0.19201107323169708,0.281773179769516,16
44,2,59,0.1836628019809723,0.5046982169151306,16
44,2,60,0.2516809403896332,0.6297157406806946,16
44,2,61,0.28382524847984314,0.4992172122001648,16
44,2,62,0.20282520353794098,0.4831276834011078,16
44,2,63,0.1382468342781067,0.2227492481470108,16
44,2,64,0.18349502980709076,0.47828221321105957,16
44,2,65,0.19244971871376038,0.5376788973808289,16
44,2,66,0.28485530614852905,0.9089600443840027,16
44,2,67,0.23547306656837463,0.4618362784385681,16
44,2,68,0.1928451955318451,0.516316294670105,16
44,2,69,0.27380162477493286,0.5065711140632629,16
44,2,70,0.21363505721092224,0.6421782970428467,16
44,2,71,0.19788818061351776,0.6363621950149536,16
44,2,72,0.15144950151443481,0.42281246185302734,16
44,2,73,0.19020366668701172,0.6072432994842529,16
44,2,74,0.19284901022911072,1.2873239517211914,16
44,2,75,0.13487190008163452,0.3215542435646057,16
44,2,76,0.1906335949897766,0.4042288362979889,16
44,2,77,0.31674128770828247,1.3653327226638794,16
44,2,78,0.18516197800636292,0.7261264324188232,16
44,2,79,0.19146910309791565,1.3117965459823608,16
44,2,80,0.16528159379959106,0.3153809905052185,16
44,2,81,0.15971088409423828,0.4251450002193451,16
44,2,82,0.19344696402549744,0.6518108248710632,16
44,2,83,0.17153042554855347,1.236820101737976,16
44,2,84,0.2593011260032654,0.8630269169807434,16
44,2,85,0.1684020757675171,0.37300539016723633,16
44,2,86,0.1933305263519287,0.6684737205505371,16
44,2,87,0.18091270327568054,0.6385488510131836,16
44,2,88,0.18750080466270447,1.5026706457138062,16
44,2,89,0.18119068443775177,0.6857063174247742,16
44,2,90,0.21992343664169312,0.6938567757606506,16
44,2,91,0.1816687434911728,1.0678938627243042,16
44,2,92,0.18711520731449127,0.4938338100910187,16
44,2,93,0.2816760540008545,1.6494017839431763,16
44,2,94,0.15742798149585724,0.4183404743671417,16
44,2,95,0.1733044981956482,0.760229766368866,16
44,2,96,0.16985252499580383,1.2033851146697998,16
44,2,97,0.17623253166675568,0.4857979416847229,16
44,2,98,0.3294956684112549,1.5472749471664429,16
44,2,99,0.11785627901554108,0.3079689145088196,16
44,2,100,0.13085059821605682,0.9678701758384705,16
44,2,101,0.22078797221183777,0.664060115814209,16
44,2,102,0.2218020260334015,1.1040797233581543,16
44,2,103,0.2563002109527588,0.7172934412956238,16
44,2,104,0.16904664039611816,0.8709415197372437,16
44,2,105,0.2078060507774353,0.6683270335197449,16
44,2,106,0.16691112518310547,0.4179019033908844,16
44,2,107,0.21755364537239075,0.8480292558670044,16
44,2,108,0.18902426958084106,0.2973531186580658,16
44,2,109,0.20130664110183716,0.5019822716712952,16
44,2,110,0.20682168006896973,1.0842170715332031,16
44,2,111,0.19652675092220306,0.6349526047706604,16
44,2,112,0.2272818684577942,1.2237035036087036,16
44,2,113,0.3033311367034912,0.9383602738380432,16
44,2,114,0.15699708461761475,0.33229970932006836,16
44,2,115,0.1988588571548462,0.6588147878646851,16
44,2,116,0.23238274455070496,0.2580072283744812,16
44,2,117,0.1707630306482315,0.27186498045921326,16
44,2,118,0.22638940811157227,0.7818407416343689,16
44,2,119,0.15429726243019104,0.47121933102607727,16
44,2,120,0.15328866243362427,0.8410094380378723,16
44,2,121,0.22415101528167725,0.6025078296661377,16
44,2,122,0.1747615933418274,1.1509495973587036,16
44,2,123,0.20063917338848114,0.30041778087615967,16
44,2,124,0.16349270939826965,0.3014349341392517,16
44,2,125,0.2214980274438858,0.5132026672363281,16
44,2,126,0.18161402642726898,0.5434705018997192,16
44,2,127,0.17505431175231934,0.5625377893447876,16
44,2,128,0.22930291295051575,0.9100643396377563,16
44,2,129,0.17667128145694733,0.5548604726791382,16
44,2,130,0.16136085987091064,0.8462277054786682,16
44,2,131,0.1596360206604004,0.43307265639305115,16
44,2,132,0.1707097589969635,0.4081357419490814,16
44,2,133,0.1669926792383194,0.4654833972454071,16
44,2,134,0.1779959797859192,0.40695104002952576,16
44,2,135,0.2542114853858948,1.3131166696548462,16
44,2,136,0.22037717700004578,1.7121975421905518,16
44,2,137,0.1628762185573578,0.7397328615188599,16
44,2,138,0.20437756180763245,1.4066882133483887,16
44,2,139,0.18926124274730682,1.4117528200149536,16
44,2,140,0.23006601631641388,1.3697876930236816,16
44,2,141,0.20648525655269623,0.49732252955436707,16
44,2,142,0.18500903248786926,0.5918840765953064,16
44,2,143,0.22031694650650024,0.5016908049583435,16
44,2,144,0.2306722104549408,0.5362700819969177,16
44,2,145,0.2229101061820984,1.010941743850708,16
44,2,146,0.2028430998325348,0.4470493495464325,16
44,2,147,0.18164893984794617,1.4081438779830933,16
44,2,148,0.16644981503486633,0.3883569538593292,16
44,2,149,0.2527860105037689,0.41430848836898804,16
44,2,150,0.2054426223039627,0.6721678376197815,16
44,2,151,0.1639026254415512,0.5842665433883667,16
44,2,152,0.2521161437034607,0.7660027146339417,16
44,2,153,0.20287588238716125,0.6842899918556213,16
44,2,154,0.2735362648963928,0.6033641695976257,16
44,2,155,0.15897366404533386,0.8698585629463196,16
44,2,156,0.15195918083190918,1.5601104497909546,16
44,2,157,0.17315825819969177,0.4640815258026123,16
44,2,158,0.27609783411026,0.8965616226196289,16
44,2,159,0.26590538024902344,1.3309447765350342,16
44,2,160,0.1525963395833969,0.7282724380493164,16
44,2,161,0.23697413504123688,0.6910392045974731,16
44,2,162,0.20205208659172058,0.6385539174079895,16
44,2,163,0.2111617773771286,0.3824269473552704,16
44,2,164,0.20504698157310486,0.6472304463386536,16
44,2,165,0.2583037316799164,1.2298333644866943,16
44,2,166,0.22710366547107697,0.8819435238838196,16
44,2,167,0.2464265376329422,1.7636046409606934,16
44,2,168,0.17772439122200012,0.9174913763999939,16
44,2,169,0.17137689888477325,0.3384736478328705,16
44,2,170,0.1607242226600647,0.545238733291626,16
44,2,171,0.21724236011505127,1.3824408054351807,16
44,2,172,0.21167722344398499,1.1127108335494995,16
44,2,173,0.15702785551548004,0.6447569727897644,16
44,2,174,0.2030952125787735,0.5261780619621277,16
44,2,175,0.1930694878101349,0.9248496890068054,16
44,2,176,0.18786804378032684,0.680885374546051,16
44,2,177,0.3106752634048462,0.5498653054237366,16
44,2,178,0.24509674310684204,0.8708010315895081,16
44,2,179,0.18694540858268738,1.0097218751907349,16
44,2,180,0.1871713399887085,1.0627614259719849,16
44,2,181,0.20170873403549194,0.5743114352226257,16
44,2,182,0.194542795419693,1.3514842987060547,16
44,2,183,0.20334120094776154,1.2204689979553223,16
44,2,184,0.20868492126464844,0.8091306090354919,16
44,2,185,0.18980653584003448,1.8223694562911987,16
44,2,186,0.21062800288200378,1.5979267358779907,16
44,2,187,0.270398885011673,0.4748081862926483,16
44,2,188,0.15104413032531738,0.5349957346916199,16
44,2,189,0.16483084857463837,0.8173384666442871,16
44,2,190,0.15061254799365997,0.8268634080886841,16
44,2,191,0.2368215024471283,0.8589279651641846,16
44,2,192,0.17013156414031982,0.4728023111820221,16
44,2,193,0.1520584374666214,0.34537220001220703,16
44,2,194,0.2009837031364441,1.2050435543060303,16
44,2,195,0.17139853537082672,0.3993251621723175,16
44,2,196,0.17264533042907715,0.9348655939102173,16
44,2,197,0.19754277169704437,0.5717998743057251,16
44,2,198,0.14587874710559845,0.7799501419067383,16
44,2,199,0.18068180978298187,0.540963351726532,16
44,2,200,0.1573154330253601,0.3891680836677551,16
44,2,201,0.12845051288604736,0.4696704149246216,16
44,2,202,0.19608436524868011,0.7764564156532288,16
44,2,203,0.19081121683120728,0.5643550753593445,16
44,2,204,0.140147864818573,0.4034164547920227,16
44,2,205,0.20240604877471924,0.7278714179992676,16
44,2,206,0.15662738680839539,1.4749892950057983,16
44,2,207,0.18910819292068481,0.5341991186141968,16
44,2,208,0.23834845423698425,0.6936315298080444,16
44,2,209,0.19775451719760895,0.5280627012252808,16
44,2,210,0.20650288462638855,1.0840967893600464,16
44,2,211,0.20850971341133118,0.4276793599128723,16
44,2,212,0.15952946245670319,1.1450227499008179,16
44,2,213,0.21647286415100098,0.9064602851867676,16
44,2,214,0.15326577425003052,0.39022767543792725,16
44,2,215,0.14268279075622559,0.9602051973342896,16
44,2,216,0.18772149085998535,0.2947794795036316,16
44,2,217,0.1336832344532013,0.31226474046707153,16
44,2,218,0.20217308402061462,0.6138074398040771,16
44,2,219,0.14772433042526245,0.4095401465892792,16
44,2,220,0.20479969680309296,0.4600674510002136,16
44,2,221,0.29982030391693115,1.2495571374893188,16
44,2,222,0.24486419558525085,1.986508846282959,16
44,2,223,0.12778127193450928,0.24054746329784393,16
44,2,224,0.28857338428497314,0.7729025483131409,16
44,2,225,0.14141398668289185,0.30973291397094727,16
44,2,226,0.14354172348976135,0.5758374333381653,16
44,2,227,0.25868239998817444,1.1773829460144043,16
44,2,228,0.15760788321495056,0.46901220083236694,16
44,2,229,0.18666937947273254,1.3290401697158813,16
44,2,230,0.13977564871311188,0.8078448176383972,16
44,2,231,0.19743295013904572,0.6110256910324097,16
44,2,232,0.12212622910737991,0.8298664093017578,16
44,2,233,0.19190260767936707,1.2095247507095337,16
44,2,234,0.1618557721376419,0.515603244304657,16
44,2,235,0.15904450416564941,0.967685341835022,16
44,2,236,0.181094691157341,0.8527497053146362,16
44,2,237,0.1868056058883667,0.5472738742828369,16
44,2,238,0.1832789182662964,1.250738501548767,16
44,2,239,0.17392194271087646,0.6413071155548096,16
44,2,240,0.15571583807468414,0.35448330640792847,16
44,2,241,0.24659019708633423,0.5618892312049866,16
44,2,242,0.22924134135246277,1.0542546510696411,16
44,2,243,0.1600566804409027,0.639973521232605,16
44,2,244,0.16470424830913544,0.5967695713043213,16
44,2,245,0.17988963425159454,0.7280160188674927,16
44,2,246,0.23809075355529785,0.6193896532058716,16
44,2,247,0.1232454925775528,1.1163264513015747,16
44,2,248,0.23026630282402039,0.6395290493965149,16
44,2,249,0.16860494017601013,0.27641740441322327,16
44,2,250,0.14036956429481506,0.43834346532821655,16
44,2,251,0.16815277934074402,0.5897318124771118,16
44,2,252,0.15071746706962585,0.5362077355384827,16
44,2,253,0.1852324903011322,0.5677632689476013,16
44,2,254,0.19637420773506165,1.473678469657898,16
44,2,255,0.20485378801822662,0.5885444283485413,16
44,2,256,0.17020279169082642,0.6401078701019287,16
44,2,257,0.23070314526557922,0.5018981695175171,16
44,2,258,0.2561565041542053,0.8703246116638184,16
44,2,259,0.1797386109828949,0.5365890264511108,16
44,2,260,0.1599981188774109,0.7210590839385986,16
44,2,261,0.17391276359558105,0.6852095127105713,16
44,2,262,0.15872234106063843,0.28679388761520386,16
44,2,263,0.11782102286815643,0.7065252065658569,16
42,3,0,0.1478905975818634,0.8162024021148682,16
42,3,1,0.17851585149765015,0.4074588119983673,16
42,3,2,0.1869051605463028,0.5571140646934509,16
42,3,3,0.26212960481643677,0.9556337594985962,16
42,3,4,0.18055786192417145,0.7565909624099731,16
42,3,5,0.15624630451202393,0.6824084520339966,16
42,3,6,0.16432352364063263,0.42835733294487,16
42,3,7,0.17777426540851593,1.4855244159698486,16
42,3,8,0.14448541402816772,0.31684595346450806,16
42,3,9,0.19833654165267944,0.879490852355957,16
42,3,10,0.2350507229566574,0.464106947183609,16
42,3,11,0.21789874136447906,0.9047254323959351,16
42,3,12,0.15923383831977844,0.8687275052070618,16
42,3,13,0.1674201339483261,1.989519476890564,16
42,3,14,0.22506341338157654,0.7097917199134827,16
42,3,15,0.24093042314052582,0.601068377494812,16
42,3,16,0.22085601091384888,0.7560791969299316,16
42,3,17,0.19796538352966309,0.5850744843482971,16
42,3,18,0.1415269821882248,0.5252635478973389,16
42,3,19,0.18506456911563873,0.5589497089385986,16
42,3,20,0.1472546011209488,0.39419975876808167,16
42,3,21,0.2183419167995453,0.9154391288757324,16
42,3,22,0.16126444935798645,0.5003475546836853,16
42,3,23,0.19614291191101074,0.6484441161155701,16
42,3,24,0.12064403295516968,0.35500818490982056,16
42,3,25,0.2782416045665741,0.8013791441917419,16
42,3,26,0.17331463098526,0.48549526929855347,16
42,3,27,0.22234617173671722,0.7574374079704285,16
42,3,28,0.17212820053100586,0.4978269934654236,16
42,3,29,0.1989249885082245,0.9227408170700073,16
42,3,30,0.13860464096069336,0.3635594844818115,16
42,3,31,0.14085176587104797,0.799822211265564,16
42,3,32,0.13954377174377441,0.3877051770687103,16
42,3,33,0.12339448183774948,0.3158183991909027,16
42,3,34,0.19752472639083862,0.7990829348564148,16
42,3,35,0.16389915347099304,0.36670294404029846,16
42,3,36,0.17950955033302307,0.38364672660827637,16
42,3,37,0.2068517506122589,0.6427392363548279,16
42,3,38,0.21194902062416077,0.84690922498703,16
42,3,39,0.11501039564609528,0.4570963382720947,16
42,3,40,0.21931305527687073,0.9122055768966675,16
42,3,41,0.15533386170864105,0.33062049746513367,16
42,3,42,0.19905325770378113,0.9136285781860352,16
42,3,43,0.20253592729568481,1.0616713762283325,16
42,3,44,0.14868006110191345,0.6924003958702087,16
42,3,45,0.15434622764587402,0.8404200673103333,16
42,3,46,0.15700863301753998,0.29942581057548523,16
42,3,47,0.17090454697608948,0.70498126745224,16
42,3,48,0.20075809955596924,0.6385045647621155,16
42,3,49,0.14357738196849823,1.0027830600738525,16
42,3,50,0.21221745014190674,0.5613489151000977,16
42,3,51,0.13669833540916443,0.7559875249862671,16
42,3,52,0.21186500787734985,1.094718098640442,16
42,3,53,0.1522468477487564,0.5340263247489929,16
42,3,54,0.14817564189434052,1.500613808631897,16
42,3,55,0.1570163071155548,0.5739910006523132,16
42,3,56,0.18719986081123352,0.5310527086257935,16
42,3,57,0.2294887900352478,0.5363050699234009,16
42,3,58,0.1327112317085266,0.32084083557128906,16
42,3,59,0.17652417719364166,1.7553647756576538,16
42,3,60,0.19881181418895721,0.6288433074951172,16
42,3,61,0.15337659418582916,0.5836117267608643,16
42,3,62,0.14513854682445526,1.2605109214782715,16
42,3,63,0.20800301432609558,1.4991848468780518,16
42,3,64,0.10426501929759979,0.5526436567306519,16
42,3,65,0.19656164944171906,0.6796431541442871,16
42,3,66,0.15133677423000336,2.0966055393218994,16
42,3,67,0.16758516430854797,0.8147280812263489,16
42,3,68,0.127341628074646,1.3222947120666504,16
42,3,69,0.27151408791542053,1.3220454454421997,16
42,3,70,0.1615913212299347,1.6532959938049316,16
42,3,71,0.1901000291109085,0.6037209630012512,16
42,3,72,0.1828828752040863,2.01204514503479,16
42,3,73,0.17506742477416992,0.801620364189148,16
42,3,74,0.22985269129276276,1.7968688011169434,16
42,3,75,0.13328199088573456,0.8562797904014587,16
42,3,76,0.18599683046340942,1.011484146118164,16
42,3,77,0.20132312178611755,0.7116690278053284,16
42,3,78,0.18228234350681305,0.5398496985435486,16
42,3,79,0.12338577955961227,0.39601805806159973,16
42,3,80,0.2544066607952118,0.8369159698486328,16
42,3,81,0.09454529732465744,0.5778931379318237,16
42,3,82,0.18547163903713226,0.8043606877326965,16
42,3,83,0.2148212194442749,0.6591907143592834,16
42,3,84,0.2880016565322876,0.802176833152771,16
42,3,85,0.18007302284240723,1.471166968345642,16
42,3,86,0.18154990673065186,0.4199809730052948,16
42,3,87,0.21040506660938263,0.8147729635238647,16
42,3,88,0.32298555970191956,1.1761150360107422,16
42,3,89,0.11249946802854538,0.2898462116718292,16
42,3,90,0.1629658341407776,1.8002995252609253,16
42,3,91,0.14676737785339355,0.5491988062858582,16
42,3,92,0.1978626549243927,0.8610913157463074,16
42,3,93,0.11370280385017395,0.4671396315097809,16
42,3,94,0.15589946508407593,1.1368229389190674,16
42,3,95,0.08755162358283997,0.5181517601013184,16
42,3,96,0.28505343198776245,0.3840557038784027,16
42,3,97,0.15753833949565887,0.6957019567489624,16
42,3,98,0.19769667088985443,0.9322865009307861,16
42,3,99,0.19683463871479034,1.117100715637207,16
42,3,100,0.14985227584838867,0.3749549090862274,16
42,3,101,0.22024796903133392,0.5501165986061096,16
42,3,102,0.15540114045143127,0.5656157732009888,16
42,3,103,0.20996977388858795,1.5790927410125732,16
42,3,104,0.19013094902038574,1.2158820629119873,16
42,3,105,0.1830180287361145,0.7063716053962708,16
42,3,106,0.17112348973751068,1.3807027339935303,16
42,3,107,0.12298929691314697,0.3373132050037384,16
42,3,108,0.17602944374084473,0.6842692494392395,16
42,3,109,0.16245988011360168,0.7486438751220703,16
42,3,110,0.1784875988960266,0.5180127024650574,16
42,3,111,0.10362827777862549,0.5769643783569336,16
42,3,112,0.23633508384227753,1.0161992311477661,16
42,3,113,0.2225356549024582,1.2404803037643433,16
42,3,114,0.16965442895889282,0.4589294195175171,16
42,3,115,0.17107811570167542,0.6223262548446655,16
42,3,116,0.13100868463516235,0.9237974286079407,16
42,3,117,0.19926902651786804,2.6690618991851807,16
42,3,118,0.19723868370056152,1.067528247833252,16
42,3,119,0.13808080554008484,1.9674943685531616,16
42,3,120,0.2218129187822342,1.798315167427063,16
42,3,121,0.19483336806297302,1.6849498748779297,16
42,3,122,0.15643134713172913,0.7136234045028687,16
42,3,123,0.11704876273870468,0.6785695552825928,16
42,3,124,0.21789489686489105,0.9244215488433838,16
42,3,125,0.09974123537540436,0.2610641419887543,16
42,3,126,0.2371600866317749,0.964768648147583,16
42,3,127,0.26370686292648315,0.7752177119255066,16
42,3,128,0.18323874473571777,1.2223455905914307,16
42,3,129,0.2295428067445755,1.6256932020187378,16
42,3,130,0.0786854699254036,0.7788775563240051,16
42,3,131,0.17484036087989807,0.9035249948501587,16
42,3,132,0.22263498604297638,1.2554118633270264,16
42,3,133,0.2033507376909256,0.8123323321342468,16
42,3,134,0.21768157184123993,0.658051609992981,16
42,3,135,0.19997936487197876,0.3535701334476471,16
42,3,136,0.2997943162918091,1.3726969957351685,16
42,3,137,0.16116181015968323,0.43619218468666077,16
42,3,138,0.21237680315971375,0.7631064057350159,16
42,3,139,0.13660207390785217,1.1219189167022705,16
42,3,140,0.19471779465675354,0.5905746221542358,16
42,3,141,0.23044587671756744,0.6110124588012695,16
42,3,142,0.15884093940258026,0.38344907760620117,16
42,3,143,0.24468399584293365,0.7175320982933044,16
42,3,144,0.2712043523788452,1.359619140625,16
42,3,145,0.21334707736968994,0.6610679626464844,16
42,3,146,0.14082184433937073,0.4852719008922577,16
42,3,147,0.15205179154872894,0.3641308844089508,16
42,3,148,0.1747981756925583,0.6883613467216492,16
42,3,149,0.1625758707523346,0.9569585919380188,16
42,3,150,0.1304892599582672,1.062155842781067,16
42,3,151,0.17567676305770874,1.4552340507507324,16
42,3,152,0.3159152567386627,1.4842802286148071,16
42,3,153,0.15445466339588165,0.7146449685096741,16
42,3,154,0.1744632124900818,1.088346242904663,16
42,3,155,0.1750178039073944,0.3643207550048828,16
42,3,156,0.18464286625385284,1.0821540355682373,16
42,3,157,0.1784045696258545,0.5087103247642517,16
42,3,158,0.1201280802488327,0.8926793336868286,16
42,3,159,0.13314825296401978,0.5100246667861938,16
42,3,160,0.23379704356193542,1.124416470527649,16
42,3,161,0.13415727019309998,0.7199022173881531,16
42,3,162,0.22357062995433807,1.1086889505386353,16
42,3,163,0.1515064686536789,0.6730089783668518,16
42,3,164,0.22939816117286682,0.6199201345443726,16
42,3,165,0.14247852563858032,0.3094358742237091,16
42,3,166,0.1916910707950592,2.5112855434417725,16
42,3,167,0.1878826916217804,1.0051648616790771,16
42,3,168,0.1217477023601532,0.3132878839969635,16
42,3,169,0.2288879156112671,0.8809173703193665,16
42,3,170,0.17378844320774078,0.5941810607910156,16
42,3,171,0.17722885310649872,1.0064218044281006,16
42,3,172,0.18237781524658203,0.3873886466026306,16
42,3,173,0.1753520369529724,0.5376275181770325,16
42,3,174,0.1476462185382843,0.4896617829799652,16
42,3,175,0.1621936857700348,1.0459619760513306,16
42,3,176,0.13322371244430542,0.9112511873245239,16
42,3,177,0.16725943982601166,1.216597318649292,16
42,3,178,0.1801227629184723,0.5050287246704102,16
42,3,179,0.18198290467262268,0.9647800326347351,16
42,3,180,0.13813787698745728,0.7336354851722717,16
42,3,181,0.21081291139125824,0.8444859385490417,16
42,3,182,0.21867600083351135,1.4446629285812378,16
42,3,183,0.18703684210777283,0.6305825710296631,16
42,3,184,0.12912613153457642,0.7934377193450928,16
42,3,185,0.19852754473686218,1.0517057180404663,16
42,3,186,0.11696051061153412,0.5104575157165527,16
42,3,187,0.14353543519973755,0.45298701524734497,16
42,3,188,0.18518482148647308,1.097538948059082,16
42,3,189,0.19448968768119812,0.7353084683418274,16
42,3,190,0.1534719169139862,1.4983582496643066,16
42,3,191,0.15258680284023285,0.4391763508319855,16
42,3,192,0.1380705088376999,0.5400583744049072,16
42,3,193,0.1612207442522049,0.5474724769592285,16
42,3,194,0.1917073130607605,0.64937824010849,16
42,3,195,0.21533089876174927,0.6886999607086182,16
42,3,196,0.17849668860435486,1.0790750980377197,16
42,3,197,0.18646472692489624,0.37729811668395996,16
42,3,198,0.12065921723842621,0.579502522945404,16
42,3,199,0.19800469279289246,0.6143337488174438,16
42,3,200,0.23466819524765015,0.6710003614425659,16
42,3,201,0.13515830039978027,0.4541999101638794,16
42,3,202,0.16986489295959473,0.9107877612113953,16
42,3,203,0.1547122597694397,0.9668522477149963,16
42,3,204,0.11912420392036438,0.4111689329147339,16
42,3,205,0.17199379205703735,0.7616501450538635,16
42,3,206,0.168165922164917,0.5365809798240662,16
42,3,207,0.14548906683921814,1.0880162715911865,16
42,3,208,0.19738039374351501,0.435271680355072,16
42,3,209,0.1511271446943283,0.9587029814720154,16
42,3,210,0.13265320658683777,1.1147406101226807,16
42,3,211,0.12216337025165558,0.5785975456237793,16
42,3,212,0.12656809389591217,0.5259591341018677,16
42,3,213,0.2191448211669922,0.8494870066642761,16
42,3,214,0.23078030347824097,1.3755018711090088,16
42,3,215,0.204445481300354,0.6858509182929993,16
42,3,216,0.11121508479118347,0.30902329087257385,16
42,3,217,0.1596461832523346,0.4436761736869812,16
42,3,218,0.14532698690891266,0.8926122784614563,16
42,3,219,0.16501852869987488,0.4838237166404724,16
42,3,220,0.2422546148300171,1.3107717037200928,16
42,3,221,0.18597692251205444,0.9028880596160889,16
42,3,222,0.16139140725135803,0.738990068435669,16
42,3,223,0.1747581660747528,1.0081669092178345,16
42,3,224,0.21211190521717072,0.7587807178497314,16
42,3,225,0.2659769058227539,1.4781663417816162,16
42,3,226,0.16250190138816833,1.0217965841293335,16
42,3,227,0.1129617840051651,0.4178745448589325,16
42,3,228,0.13437026739120483,1.1187870502471924,16
42,3,229,0.1967594027519226,1.9308571815490723,16
42,3,230,0.14266732335090637,2.4623992443084717,16
42,3,231,0.32257965207099915,0.6418987512588501,16
42,3,232,0.1818888783454895,0.7172623872756958,16
42,3,233,0.18388071656227112,0.8906246423721313,16
42,3,234,0.21325084567070007,0.7271575331687927,16
42,3,235,0.1342245638370514,0.5419775247573853,16
42,3,236,0.23220902681350708,2.4299261569976807,16
42,3,237,0.18307611346244812,0.43360385298728943,16
42,3,238,0.12386828660964966,0.28291991353034973,16
42,3,239,0.1759658306837082,0.32518285512924194,16
42,3,240,0.11495810747146606,0.9306776523590088,16
42,3,241,0.14394034445285797,1.0297610759735107,16
42,3,242,0.1398073136806488,0.5703042149543762,16
42,3,243,0.148369699716568,0.6765552759170532,16
42,3,244,0.19188997149467468,1.47300124168396,16
42,3,245,0.256231427192688,1.3586808443069458,16
42,3,246,0.18108274042606354,0.7910780906677246,16
42,3,247,0.20140600204467773,0.6932411193847656,16
42,3,248,0.1855640858411789,0.550713837146759,16
42,3,249,0.14921405911445618,1.2631829977035522,16
42,3,250,0.1884341537952423,0.6882054805755615,16
42,3,251,0.13462290167808533,0.30346032977104187,16
42,3,252,0.20810356736183167,0.9754020571708679,16
42,3,253,0.18883949518203735,0.5465630292892456,16
42,3,254,0.17949774861335754,1.3432203531265259,16
42,3,255,0.12905266880989075,0.5163343548774719,16
42,3,256,0.1541803479194641,0.8557502031326294,16
42,3,257,0.16457906365394592,0.4711756110191345,16
42,3,258,0.21900103986263275,0.7027538418769836,16
42,3,259,0.15723595023155212,0.5891401171684265,16
42,3,260,0.17017586529254913,1.86619234085083,16
42,3,261,0.19451618194580078,0.9974758625030518,16
42,3,262,0.10322865843772888,0.6664025187492371,16
42,3,263,0.222416952252388,0.9679241180419922,16
43,3,0,0.265947163105011,0.6715434193611145,16
43,3,1,0.11562122404575348,0.7920534610748291,16
43,3,2,0.16582047939300537,0.6456403732299805,16
43,3,3,0.22277778387069702,1.6757121086120605,16
43,3,4,0.13479988276958466,0.5055325627326965,16
43,3,5,0.1429491639137268,0.4422253668308258,16
43,3,6,0.22032800316810608,1.6599464416503906,16
43,3,7,0.12999525666236877,0.5354161262512207,16
43,3,8,0.1700049638748169,0.5633804798126221,16
43,3,9,0.18572327494621277,0.7193176746368408,16
43,3,10,0.1925332397222519,0.5202305912971497,16
43,3,11,0.15119124948978424,0.43726444244384766,16
43,3,12,0.1543876677751541,0.9527335166931152,16
43,3,13,0.1971246302127838,0.7860809564590454,16
43,3,14,0.1898501217365265,0.5064704418182373,16
43,3,15,0.1882602721452713,0.9953107237815857,16
43,3,16,0.1325327455997467,2.1642041206359863,16
43,3,17,0.16828641295433044,0.9924603700637817,16
43,3,18,0.18604333698749542,0.6801488995552063,16
43,3,19,0.18206267058849335,0.48307034373283386,16
43,3,20,0.2069227397441864,0.84623783826828,16
43,3,21,0.14602914452552795,1.1510343551635742,16
43,3,22,0.18812516331672668,0.990464448928833,16
43,3,23,0.22888495028018951,1.1118797063827515,16
43,3,24,0.2334686815738678,0.7039759755134583,16
43,3,25,0.2467268705368042,0.4594219923019409,16
43,3,26,0.2288232296705246,0.6239635348320007,16
43,3,27,0.17608648538589478,0.9758911728858948,16
43,3,28,0.19362236559391022,0.5480489134788513,16
43,3,29,0.2150145322084427,0.7001081109046936,16
43,3,30,0.2137497216463089,0.8245264887809753,16
43,3,31,0.20036311447620392,0.9502165913581848,16
43,3,32,0.20761263370513916,0.9567541480064392,16
43,3,33,0.17978334426879883,0.9942988753318787,16
43,3,34,0.22865799069404602,1.0671977996826172,16
43,3,35,0.2176520973443985,0.5317687392234802,16
43,3,36,0.15669965744018555,1.5009948015213013,16
43,3,37,0.12894974648952484,0.9241443872451782,16
43,3,38,0.19095051288604736,1.1094123125076294,16
43,3,39,0.2507835030555725,0.5622270703315735,16
43,3,40,0.2397691309452057,2.2355234622955322,16
43,3,41,0.21173962950706482,0.7344221472740173,16
43,3,42,0.19410201907157898,0.5648272633552551,16
43,3,43,0.1562112271785736,0.61669921875,16
43,3,44,0.18497973680496216,1.1978600025177002,16
43,3,45,0.19806987047195435,0.8728047013282776,16
43,3,46,0.17950157821178436,1.651799201965332,16
43,3,47,0.1852494776248932,0.55678391456604,16
43,3,48,0.17746920883655548,2.3756113052368164,16
43,3,49,0.2303772270679474,3.290275812149048,16
43,3,50,0.21500568091869354,0.6709650158882141,16
43,3,51,0.2063855528831482,1.101758599281311,16
43,3,52,0.20789006352424622,0.9040905237197876,16
43,3,53,0.21256205439567566,1.009605884552002,16
43,3,54,0.1530696451663971,0.7951585650444031,16
43,3,55,0.19019544124603271,1.7195053100585938,16
43,3,56,0.13792595267295837,1.1102877855300903,16
43,3,57,0.16386429965496063,0.5255628228187561,16
43,3,58,0.17151272296905518,1.0031113624572754,16
43,3,59,0.18918722867965698,0.90317302942276,16
43,3,60,0.1838650107383728,1.3752367496490479,16
43,3,61,0.2001502513885498,0.9737446904182434,16
43,3,62,0.18814115226268768,0.3669000566005707,16
43,3,63,0.19247491657733917,0.845499575138092,16
43,3,64,0.17957185208797455,0.881771981716156,16
43,3,65,0.2170289158821106,1.4559812545776367,16
43,3,66,0.17138223350048065,0.6475489139556885,16
43,3,67,0.1990080624818802,0.6583412885665894,16
43,3,68,0.141723170876503,0.4002470076084137,16
43,3,69,0.1827520728111267,1.984093189239502,16
43,3,70,0.21644705533981323,0.4957963228225708,16
43,3,71,0.17798569798469543,0.6218387484550476,16
43,3,72,0.2311803698539734,1.3548920154571533,16
43,3,73,0.15039068460464478,0.6425860524177551,16
43,3,74,0.20980170369148254,0.651353120803833,16
43,3,75,0.20193323493003845,0.7563534379005432,16
43,3,76,0.1884673833847046,0.6829062104225159,16
43,3,77,0.21749579906463623,1.5963293313980103,16
43,3,78,0.19781553745269775,2.2341601848602295,16
43,3,79,0.21466749906539917,0.5587167143821716,16
43,3,80,0.11870323121547699,1.089135766029358,16
43,3,81,0.29247817397117615,0.6102949380874634,16
43,3,82,0.1511039435863495,0.6384750008583069,16
43,3,83,0.20360228419303894,0.5217105150222778,16
43,3,84,0.10244329273700714,0.4329151511192322,16
43,3,85,0.2671109735965729,1.7699497938156128,16
43,3,86,0.17720244824886322,0.6257925033569336,16
43,3,87,0.1699877679347992,0.6187103986740112,16
43,3,88,0.17253875732421875,1.9665616750717163,16
43,3,89,0.18438857793807983,1.4449679851531982,16
43,3,90,0.19211426377296448,0.44255301356315613,16
43,3,91,0.16775548458099365,1.3047595024108887,16
43,3,92,0.1288127899169922,0.4307026267051697,16
43,3,93,0.1503729522228241,0.872219979763031,16
43,3,94,0.22425486147403717,2.584122657775879,16
43,3,95,0.23602184653282166,0.7609134316444397,16
43,3,96,0.2331690490245819,0.9555120468139648,16
43,3,97,0.2333642840385437,0.470597505569458,16
43,3,98,0.2467404007911682,0.6515668034553528,16
43,3,99,0.22683194279670715,0.6075960397720337,16
43,3,100,0.2080288678407669,1.9609665870666504,16
43,3,101,0.19507235288619995,1.066681981086731,16
43,3,102,0.14765317738056183,2.092714309692383,16
43,3,103,0.15750190615653992,0.8063639402389526,16
43,3,104,0.20905765891075134,1.6441497802734375,16
43,3,105,0.17799706757068634,1.3783162832260132,16
43,3,106,0.2014981508255005,1.0023889541625977,16
43,3,107,0.23279321193695068,0.7050533294677734,16
43,3,108,0.23230479657649994,0.7171465158462524,16
43,3,109,0.1538977324962616,0.43560540676116943,16
43,3,110,0.1759817898273468,0.6790062189102173,16
43,3,111,0.12548038363456726,0.478750079870224,16
43,3,112,0.155523881316185,0.42923739552497864,16
43,3,113,0.19892381131649017,0.6230351328849792,16
43,3,114,0.16616412997245789,1.3031717538833618,16
43,3,115,0.17121095955371857,0.3023619055747986,16
43,3,116,0.2431139051914215,0.6874495148658752,16
43,3,117,0.14198073744773865,1.4995311498641968,16
43,3,118,0.2169797718524933,0.8809798359870911,16
43,3,119,0.17145121097564697,1.1781736612319946,16
43,3,120,0.13025951385498047,0.6293320059776306,16
43,3,121,0.2234283685684204,0.841407060623169,16
43,3,122,0.20785459876060486,0.6161022782325745,16
43,3,123,0.17049643397331238,1.6239490509033203,16
43,3,124,0.17302897572517395,1.061082124710083,16
43,3,125,0.17522554099559784,0.9235386848449707,16
43,3,126,0.1780925989151001,1.0217113494873047,16
43,3,127,0.24005472660064697,1.8238489627838135,16
43,3,128,0.17893430590629578,1.1592644453048706,16
43,3,129,0.16262227296829224,0.5458740592002869,16
43,3,130,0.13732503354549408,0.40226635336875916,16
43,3,131,0.18659120798110962,1.2488632202148438,16
43,3,132,0.22455669939517975,1.349306344985962,16
43,3,133,0.12662866711616516,0.929798424243927,16
43,3,134,0.1783825159072876,0.8836309909820557,16
43,3,135,0.24218915402889252,0.8587620258331299,16
43,3,136,0.2111855447292328,1.2449604272842407,16
43,3,137,0.20429007709026337,0.9859988689422607,16
43,3,138,0.11978890001773834,0.7126064896583557,16
43,3,139,0.24790219962596893,1.4092344045639038,16
43,3,140,0.15660926699638367,0.6610047221183777,16
43,3,141,0.20503218472003937,1.2857187986373901,16
43,3,142,0.17641504108905792,0.7512646317481995,16
43,3,143,0.18562030792236328,1.1451091766357422,16
43,3,144,0.2494787722826004,0.7049269080162048,16
43,3,145,0.17091169953346252,1.1207886934280396,16
43,3,146,0.19285374879837036,0.6639094948768616,16
43,3,147,0.19796043634414673,1.290475845336914,16
43,3,148,0.17875929176807404,0.6605372428894043,16
43,3,149,0.1873178631067276,0.7938883304595947,16
43,3,150,0.20830070972442627,1.0406445264816284,16
43,3,151,0.17295388877391815,1.3541117906570435,16
43,3,152,0.19631142914295197,1.6187399625778198,16
43,3,153,0.13697674870491028,0.610248863697052,16
43,3,154,0.14332124590873718,1.6053153276443481,16
43,3,155,0.16122391819953918,0.5739532709121704,16
43,3,156,0.14728157222270966,0.7962680459022522,16
43,3,157,0.14855509996414185,0.4962772727012634,16
43,3,158,0.16877807676792145,0.53553706407547,16
43,3,159,0.17021554708480835,0.5293053388595581,16
43,3,160,0.21511401236057281,0.8680376410484314,16
43,3,161,0.17878954112529755,1.814601182937622,16
43,3,162,0.1707267165184021,0.7701615691184998,16
43,3,163,0.1713545322418213,0.6039383411407471,16
43,3,164,0.1663249135017395,0.6163341403007507,16
43,3,165,0.14292624592781067,0.43015867471694946,16
43,3,166,0.1807766556739807,0.5787215232849121,16
43,3,167,0.20585082471370697,0.7969542741775513,16
43,3,168,0.17438973486423492,0.6936267018318176,16
43,3,169,0.18030807375907898,1.2780497074127197,16
43,3,170,0.15397532284259796,1.043897271156311,16
43,3,171,0.15075556933879852,0.5514287948608398,16
43,3,172,0.17377346754074097,1.4083757400512695,16
43,3,173,0.2132163792848587,0.3907844126224518,16
43,3,174,0.19037067890167236,0.9500104188919067,16
43,3,175,0.18246495723724365,0.814094603061676,16
43,3,176,0.20613430440425873,1.024146318435669,16
43,3,177,0.2302430123090744,0.9267208576202393,16
43,3,178,0.16401579976081848,0.7531699538230896,16
43,3,179,0.1185002401471138,0.3363901674747467,16
43,3,180,0.17728359997272491,0.7086069583892822,16
43,3,181,0.14705444872379303,0.7703073620796204,16
43,3,182,0.22088930010795593,1.075468897819519,16
43,3,183,0.1514081358909607,2.0853524208068848,16
43,3,184,0.17429187893867493,0.9183843731880188,16
43,3,185,0.18824449181556702,0.5309572219848633,16
43,3,186,0.21961593627929688,2.5225603580474854,16
43,3,187,0.13454070687294006,0.4425714910030365,16
43,3,188,0.22336697578430176,1.8307785987854004,16
43,3,189,0.18191178143024445,1.3567113876342773,16
43,3,190,0.15899820625782013,0.7562249302864075,16
43,3,191,0.19709569215774536,0.8943357467651367,16
43,3,192,0.12255742400884628,0.5306362509727478,16
43,3,193,0.18512144684791565,1.5906258821487427,16
43,3,194,0.15389534831047058,0.8770997524261475,16
43,3,195,0.20805007219314575,0.9687420725822449,16
43,3,196,0.24174864590168,0.7240164875984192,16
43,3,197,0.16184432804584503,0.793445885181427,16
43,3,198,0.15092679858207703,0.5631937980651855,16
43,3,199,0.17291849851608276,0.7679082751274109,16
43,3,200,0.19308726489543915,1.3428972959518433,16
43,3,201,0.3137035667896271,1.3596056699752808,16
43,3,202,0.1694517880678177,0.6944271326065063,16
43,3,203,0.17827439308166504,0.5572282075881958,16
43,3,204,0.14099614322185516,0.7174684405326843,16
43,3,205,0.15003962814807892,0.4904523193836212,16
43,3,206,0.1999238133430481,1.144672155380249,16
43,3,207,0.179655522108078,0.7929077744483948,16
43,3,208,0.1904633790254593,2.4404804706573486,16
43,3,209,0.1560518741607666,0.9001172780990601,16
43,3,210,0.22629103064537048,0.8052026629447937,16
43,3,211,0.15593764185905457,0.8348062038421631,16
43,3,212,0.19037356972694397,1.188833475112915,16
43,3,213,0.16727113723754883,0.5487250685691833,16
43,3,214,0.19164852797985077,1.6872873306274414,16
43,3,215,0.18897712230682373,0.6703375577926636,16
43,3,216,0.15981389582157135,0.8984616994857788,16
43,3,217,0.10466314852237701,0.45331722497940063,16
43,3,218,0.3123879134654999,2.021127939224243,16
43,3,219,0.20546063780784607,0.6821489334106445,16
43,3,220,0.12202039361000061,0.4352034628391266,16
43,3,221,0.15714222192764282,1.2211439609527588,16
43,3,222,0.1611480414867401,0.5206840634346008,16
43,3,223,0.2590721845626831,0.8239149451255798,16
43,3,224,0.16122746467590332,0.654855489730835,16
43,3,225,0.21208792924880981,0.9411354064941406,16
43,3,226,0.20692148804664612,1.5355404615402222,16
43,3,227,0.11101230978965759,1.1557214260101318,16
43,3,228,0.18232619762420654,2.1270487308502197,16
43,3,229,0.12474709749221802,0.5041378736495972,16
43,3,230,0.20121338963508606,1.8072375059127808,16
43,3,231,0.12862956523895264,0.373818576335907,16
43,3,232,0.1336396187543869,0.3892791271209717,16
43,3,233,0.2017950415611267,0.7805207967758179,16
43,3,234,0.20088133215904236,1.4559351205825806,16
43,3,235,0.15500673651695251,0.7153450846672058,16
43,3,236,0.2263813614845276,4.249782085418701,16
43,3,237,0.1535600870847702,0.570309579372406,16
43,3,238,0.1474582999944687,0.49635785818099976,16
43,3,239,0.14231422543525696,0.9437136650085449,16
43,3,240,0.12934666872024536,0.5129842162132263,16
43,3,241,0.17939774692058563,0.8007794618606567,16
43,3,242,0.12020651996135712,0.5505328178405762,16
43,3,243,0.24315527081489563,1.213753581047058,16
43,3,244,0.18555733561515808,0.8354883193969727,16
43,3,245,0.18659217655658722,0.9225741624832153,16
43,3,246,0.2300558090209961,1.2700384855270386,16
43,3,247,0.27201056480407715,1.4973701238632202,16
43,3,248,0.1904955953359604,1.64651358127594,16
43,3,249,0.10994865000247955,0.3675635755062103,16
43,3,250,0.15552295744419098,0.9386513233184814,16
43,3,251,0.1411869078874588,1.149121642112732,16
43,3,252,0.20174819231033325,1.8496294021606445,16
43,3,253,0.14450277388095856,0.39735808968544006,16
43,3,254,0.14072993397712708,0.5366097092628479,16
43,3,255,0.18279752135276794,0.6022090911865234,16
43,3,256,0.18682901561260223,0.7791745662689209,16
43,3,257,0.1626967489719391,0.8554290533065796,16
43,3,258,0.16308510303497314,0.685335099697113,16
43,3,259,0.12459893524646759,0.45707967877388,16
43,3,260,0.18986910581588745,0.5673282146453857,16
43,3,261,0.21393242478370667,1.2352991104125977,16
43,3,262,0.1569242775440216,0.7025985717773438,16
43,3,263,0.21603836119174957,0.7185877561569214,16
44,3,0,0.20880594849586487,1.086294412612915,16
44,3,1,0.19380033016204834,1.1302189826965332,16
44,3,2,0.16081856191158295,0.640542209148407,16
44,3,3,0.26287123560905457,0.7638413310050964,16
44,3,4,0.21210049092769623,0.9882624745368958,16
44,3,5,0.20091640949249268,0.9403393268585205,16
44,3,6,0.16654297709465027,1.4253774881362915,16
44,3,7,0.17829054594039917,1.5960286855697632,16
44,3,8,0.16675707697868347,0.33096906542778015,16
44,3,9,0.2832028567790985,0.7002891302108765,16
44,3,10,0.24632252752780914,0.9208197593688965,16
44,3,11,0.17396846413612366,0.6548821926116943,16
44,3,12,0.19668790698051453,0.7263562083244324,16
44,3,13,0.15484501421451569,0.8406600952148438,16
44,3,14,0.17172278463840485,0.7420421242713928,16
44,3,15,0.18981114029884338,0.4567199945449829,16
44,3,16,0.17620928585529327,1.1169943809509277,16
44,3,17,0.20814380049705505,1.8267295360565186,16
44,3,18,0.1543043702840805,0.6669835448265076,16
44,3,19,0.18270252645015717,0.9812053442001343,16
44,3,20,0.2050584852695465,1.1059346199035645,16
44,3,21,0.14345183968544006,0.934388279914856,16
44,3,22,0.15488792955875397,0.6841860413551331,16
44,3,23,0.2506154179573059,1.7908899784088135,16
44,3,24,0.155252605676651,0.46488338708877563,16
44,3,25,0.13842132687568665,0.64344722032547,16
44,3,26,0.1975133717060089,0.572823703289032,16
44,3,27,0.21029512584209442,1.0058757066726685,16
44,3,28,0.15050826966762543,0.6586370468139648,16
44,3,29,0.16507551074028015,1.1637229919433594,16
44,3,30,0.2214091271162033,1.0099982023239136,16
44,3,31,0.2100277543067932,0.7176247239112854,16
44,3,32,0.20084524154663086,1.936034083366394,16
44,3,33,0.14254851639270782,0.9877446889877319,16
44,3,34,0.15501144528388977,0.8706023693084717,16
44,3,35,0.18266215920448303,1.4007107019424438,16
44,3,36,0.17799673974514008,1.0303595066070557,16
44,3,37,0.10859741270542145,0.5082484483718872,16
44,3,38,0.21523334085941315,0.6095133423805237,16
44,3,39,0.19582203030586243,1.2430295944213867,16
44,3,40,0.18326088786125183,0.45783841609954834,16
44,3,41,0.14350378513336182,0.36098018288612366,16
44,3,42,0.16569218039512634,0.440559446811676,16
44,3,43,0.13363368809223175,0.48559993505477905,16
44,3,44,0.21102702617645264,0.8975584506988525,16
44,3,45,0.21307440102100372,0.7833557724952698,16
44,3,46,0.20039483904838562,1.2248282432556152,16
44,3,47,0.18623173236846924,0.38802629709243774,16
44,3,48,0.21911177039146423,0.8677178025245667,16
44,3,49,0.1773008555173874,0.43353748321533203,16
44,3,50,0.19047421216964722,0.42638924717903137,16
44,3,51,0.19958677887916565,1.0494260787963867,16
44,3,52,0.19677025079727173,1.1665010452270508,16
44,3,53,0.160279780626297,0.7424611449241638,16
44,3,54,0.1845976710319519,0.5494321584701538,16
44,3,55,0.19059011340141296,0.6592901945114136,16
44,3,56,0.17370997369289398,1.9050787687301636,16
44,3,57,0.22499985992908478,0.9490403532981873,16
44,3,58,0.17067652940750122,0.4182751774787903,16
44,3,59,0.18227629363536835,0.6353764533996582,16
44,3,60,0.21487081050872803,1.202428936958313,16
44,3,61,0.22952495515346527,0.9625483751296997,16
44,3,62,0.13771361112594604,0.9009607434272766,16
44,3,63,0.17851164937019348,0.6909854412078857,16
44,3,64,0.17050617933273315,0.7051464319229126,16
44,3,65,0.19785262644290924,1.0485765933990479,16
44,3,66,0.2225705087184906,0.9788482785224915,16
44,3,67,0.2329079955816269,0.8882961869239807,16
44,3,68,0.1649535447359085,0.9657701849937439,16
44,3,69,0.13467654585838318,0.9501520991325378,16
44,3,70,0.20071111619472504,0.3448356091976166,16
44,3,71,0.1876520812511444,0.8191046118736267,16
44,3,72,0.13501577079296112,0.8399021625518799,16
44,3,73,0.15312334895133972,0.6034170985221863,16
44,3,74,0.21070130169391632,0.6115010380744934,16
44,3,75,0.17652620375156403,0.5026536583900452,16
44,3,76,0.19984370470046997,0.6102049350738525,16
44,3,77,0.13457858562469482,0.9401280879974365,16
44,3,78,0.12701955437660217,0.332245796918869,16
44,3,79,0.15849250555038452,0.5027098655700684,16
44,3,80,0.15146800875663757,1.9856613874435425,16
44,3,81,0.22100208699703217,0.4908733665943146,16
44,3,82,0.12022090703248978,0.42085039615631104,16
44,3,83,0.1848229467868805,0.46104884147644043,16
44,3,84,0.15493062138557434,0.8319731950759888,16
44,3,85,0.2379569113254547,1.0476711988449097,16
44,3,86,0.14888985455036163,0.5536960363388062,16
44,3,87,0.19264915585517883,0.9350112676620483,16
44,3,88,0.18380026519298553,0.6520190834999084,16
44,3,89,0.1556149125099182,0.4673030376434326,16
44,3,90,0.1882026344537735,0.5005427598953247,16
44,3,91,0.18804368376731873,1.114283561706543,16
44,3,92,0.11403914541006088,0.46880248188972473,16
44,3,93,0.23118963837623596,1.9447238445281982,16
44,3,94,0.17279738187789917,0.6209216713905334,16
44,3,95,0.1363292932510376,0.8739994168281555,16
44,3,96,0.20992650091648102,0.5490806698799133,16
44,3,97,0.2168426215648651,1.7396267652511597,16
44,3,98,0.1718250811100006,0.33829402923583984,16
44,3,99,0.18596909940242767,0.5392099022865295,16
44,3,100,0.206217423081398,0.7915176749229431,16
44,3,101,0.2090863138437271,0.9552268385887146,16
44,3,102,0.23318175971508026,1.4138652086257935,16
44,3,103,0.14992205798625946,0.8895155787467957,16
44,3,104,0.15254077315330505,0.44363611936569214,16
44,3,105,0.24059830605983734,0.8535232543945312,16
44,3,106,0.17775379121303558,0.6703089475631714,16
44,3,107,0.18255089223384857,1.1692153215408325,16
44,3,108,0.15958726406097412,0.5881704688072205,16
44,3,109,0.15672601759433746,1.0216758251190186,16
44,3,110,0.16389811038970947,1.0480085611343384,16
44,3,111,0.1867731213569641,1.972631573677063,16
44,3,112,0.16280324757099152,0.42373356223106384,16
44,3,113,0.22055043280124664,1.0828503370285034,16
44,3,114,0.17069077491760254,1.0910096168518066,16
44,3,115,0.22749963402748108,0.7174700498580933,16
44,3,116,0.18846970796585083,0.45514288544654846,16
44,3,117,0.14821749925613403,1.5155011415481567,16
44,3,118,0.17943209409713745,1.5120570659637451,16
44,3,119,0.19434981048107147,0.8152831792831421,16
44,3,120,0.14930099248886108,0.6200375556945801,16
44,3,121,0.16434085369110107,1.6184197664260864,16
44,3,122,0.18235985934734344,0.7971968650817871,16
44,3,123,0.18658506870269775,0.7103881239891052,16
44,3,124,0.1609784960746765,0.685972273349762,16
44,3,125,0.19506105780601501,0.48703426122665405,16
44,3,126,0.16440971195697784,2.2262959480285645,16
44,3,127,0.22368603944778442,1.114990234375,16
44,3,128,0.17483824491500854,1.1294162273406982,16
44,3,129,0.19913193583488464,1.1583733558654785,16
44,3,130,0.20584379136562347,1.3570202589035034,16
44,3,131,0.19495877623558044,1.8919578790664673,16
44,3,132,0.20649367570877075,0.7663511633872986,16
44,3,133,0.16300426423549652,0.5385995507240295,16
44,3,134,0.2329411506652832,1.5036431550979614,16
44,3,135,0.16407866775989532,1.3203129768371582,16
44,3,136,0.2420482635498047,1.8708901405334473,16
44,3,137,0.16132695972919464,0.8879892230033875,16
44,3,138,0.13956472277641296,0.5367986559867859,16
44,3,139,0.17205731570720673,1.3524526357650757,16
44,3,140,0.22242192924022675,0.7942173480987549,16
44,3,141,0.14578518271446228,0.597385823726654,16
44,3,142,0.1258762627840042,0.528151273727417,16
44,3,143,0.14948779344558716,0.6386314034461975,16
44,3,144,0.14133106172084808,0.49341776967048645,16
44,3,145,0.1685936450958252,0.45212018489837646,16
44,3,146,0.15342864394187927,0.975700855255127,16
44,3,147,0.14882589876651764,0.7422413229942322,16
44,3,148,0.15052518248558044,1.1927987337112427,16
44,3,149,0.2222273051738739,0.7576308846473694,16
44,3,150,0.1684553176164627,0.6203101873397827,16
44,3,151,0.19266045093536377,1.916396141052246,16
44,3,152,0.13905853033065796,0.6763529181480408,16
44,3,153,0.17168362438678741,1.8953368663787842,16
44,3,154,0.14628300070762634,1.0682469606399536,16
44,3,155,0.3381561040878296,1.18694007396698,16
44,3,156,0.18303130567073822,1.0210895538330078,16
44,3,157,0.16606341302394867,0.6772274374961853,16
44,3,158,0.23209267854690552,0.8577601909637451,16
44,3,159,0.20135560631752014,0.4579111933708191,16
44,3,160,0.16644513607025146,0.36818474531173706,16
44,3,161,0.1859181970357895,1.3548678159713745,16
44,3,162,0.15969440340995789,0.5101967453956604,16
44,3,163,0.24767068028450012,1.596958875656128,16
44,3,164,0.107781782746315,0.3127419650554657,16
44,3,165,0.2201305329799652,1.3636186122894287,16
44,3,166,0.17201802134513855,0.39808839559555054,16
44,3,167,0.14704686403274536,0.5064092874526978,16
44,3,168,0.16008412837982178,0.9794605374336243,16
44,3,169,0.1697910577058792,0.49509114027023315,16
44,3,170,0.21148258447647095,0.5827699899673462,16
44,3,171,0.2113146334886551,0.5652114152908325,16
44,3,172,0.20594310760498047,1.0641884803771973,16
44,3,173,0.2167956680059433,0.7038676738739014,16
44,3,174,0.16087064146995544,0.5822066068649292,16
44,3,175,0.2518458366394043,1.5351005792617798,16
44,3,176,0.21797887980937958,0.3581264615058899,16
44,3,177,0.1261201798915863,0.5853080749511719,16
44,3,178,0.1547311246395111,2.3330578804016113,16
44,3,179,0.14402776956558228,0.9451313018798828,16
44,3,180,0.1307181715965271,0.9919750094413757,16
44,3,181,0.23570606112480164,0.6359136700630188,16
44,3,182,0.16842636466026306,0.6720619797706604,16
44,3,183,0.13066977262496948,0.6555290818214417,16
44,3,184,0.18523050844669342,0.8310815691947937,16
44,3,185,0.22168764472007751,0.5938186645507812,16
44,3,186,0.1256871372461319,0.47674909234046936,16
44,3,187,0.18933549523353577,0.7002457976341248,16
44,3,188,0.14314308762550354,1.0501958131790161,16
44,3,189,0.15559308230876923,1.239294409751892,16
44,3,190,0.17898134887218475,0.5657383799552917,16
44,3,191,0.22806742787361145,2.1781487464904785,16
44,3,192,0.24381430447101593,2.4557905197143555,16
44,3,193,0.20395253598690033,0.8407087922096252,16
44,3,194,0.14916791021823883,0.8822678327560425,16
44,3,195,0.2539549469947815,0.9702625274658203,16
44,3,196,0.19832688570022583,0.9598694443702698,16
44,3,197,0.19168949127197266,0.8652048110961914,16
44,3,198,0.2264566719532013,0.9404574632644653,16
44,3,199,0.2184872329235077,1.7936999797821045,16
44,3,200,0.15305721759796143,0.7307502627372742,16
44,3,201,0.2175462543964386,0.9136629700660706,16
44,3,202,0.1344429850578308,0.39889416098594666,16
44,3,203,0.1114242821931839,0.5367077589035034,16
44,3,204,0.20607998967170715,2.2386982440948486,16
44,3,205,0.27383744716644287,1.9216383695602417,16
44,3,206,0.18712402880191803,1.5999810695648193,16
44,3,207,0.20789313316345215,1.012010097503662,16
44,3,208,0.16316154599189758,1.1046428680419922,16
44,3,209,0.16326452791690826,0.7530097365379333,16
44,3,210,0.12763836979866028,0.7855622172355652,16
44,3,211,0.1624496579170227,0.5798936486244202,16
44,3,212,0.16684730350971222,0.9721478819847107,16
44,3,213,0.2148510366678238,0.7323535680770874,16
44,3,214,0.18200641870498657,0.5847709774971008,16
44,3,215,0.20876222848892212,1.2166764736175537,16
44,3,216,0.16019128262996674,0.5149322748184204,16
44,3,217,0.20499871671199799,1.7342878580093384,16
44,3,218,0.19641076028347015,0.8189876675605774,16
44,3,219,0.17308178544044495,0.8912963271141052,16
44,3,220,0.18143823742866516,0.6255418062210083,16
44,3,221,0.15294677019119263,0.7817186713218689,16
44,3,222,0.2173231989145279,0.8700571656227112,16
44,3,223,0.19415484368801117,1.0065813064575195,16
44,3,224,0.1890394538640976,0.6387340426445007,16
44,3,225,0.1941254884004593,0.9011296033859253,16
44,3,226,0.221729576587677,0.9961746335029602,16
44,3,227,0.11076992750167847,0.6003656983375549,16
44,3,228,0.1723407655954361,1.2895598411560059,16
44,3,229,0.28229382634162903,1.8011608123779297,16
44,3,230,0.1719069480895996,0.43602004647254944,16
44,3,231,0.18613043427467346,1.1203298568725586,16
44,3,232,0.13000832498073578,1.0543835163116455,16
44,3,233,0.1350318342447281,0.5575108528137207,16
44,3,234,0.1633148491382599,0.936177134513855,16
44,3,235,0.15593427419662476,0.49077609181404114,16
44,3,236,0.12969006597995758,0.4857899844646454,16
44,3,237,0.10269036144018173,0.6731439232826233,16
44,3,238,0.22197270393371582,0.9946966767311096,16
44,3,239,0.18006780743598938,1.1881382465362549,16
44,3,240,0.19213414192199707,0.7254506945610046,16
44,3,241,0.14529654383659363,3.0211565494537354,16
44,3,242,0.21610186994075775,1.3257999420166016,16
44,3,243,0.24090488255023956,1.1474530696868896,16
44,3,244,0.12235214561223984,0.6132105588912964,16
44,3,245,0.1525612473487854,1.3007367849349976,16
44,3,246,0.10918194055557251,0.44178566336631775,16
44,3,247,0.22763770818710327,1.3891148567199707,16
44,3,248,0.1890595257282257,0.6697890162467957,16
44,3,249,0.11597368121147156,0.357016384601593,16
44,3,250,0.2241153120994568,1.4735333919525146,16
44,3,251,0.19970791041851044,1.3244251012802124,16
44,3,252,0.29381608963012695,2.6677329540252686,16
44,3,253,0.22795456647872925,2.022104024887085,16
44,3,254,0.16512250900268555,1.1919084787368774,16
44,3,255,0.15351983904838562,0.7329058647155762,16
44,3,256,0.20182447135448456,1.3919051885604858,16
44,3,257,0.14010971784591675,0.6783157587051392,16
44,3,258,0.1495290845632553,0.5591815710067749,16
44,3,259,0.2841317653656006,0.8899815082550049,16
44,3,260,0.1135176345705986,1.085014820098877,16
44,3,261,0.2904903292655945,1.062794804573059,16
44,3,262,0.1812642514705658,0.8073496222496033,16
44,3,263,0.133767232298851,0.8226239085197449,16
42,4,0,0.15440857410430908,0.98586505651474,16
42,4,1,0.14368769526481628,0.5381191372871399,16
42,4,2,0.1124756708741188,0.6826627254486084,16
42,4,3,0.15940815210342407,0.8104813694953918,16
42,4,4,0.1313311606645584,0.812470555305481,16
42,4,5,0.17159529030323029,1.3264317512512207,16
42,4,6,0.17966237664222717,1.5456115007400513,16
42,4,7,0.18338781595230103,0.5928108096122742,16
42,4,8,0.15213657915592194,0.9476161599159241,16
42,4,9,0.16534781455993652,1.3271725177764893,16
42,4,10,0.13113629817962646,0.48172610998153687,16
42,4,11,0.1938486099243164,1.1476033926010132,16
42,4,12,0.24373102188110352,1.543957233428955,16
42,4,13,0.11725720018148422,1.1970144510269165,16
42,4,14,0.2210710346698761,2.1482656002044678,16
42,4,15,0.20655426383018494,0.6955774426460266,16
42,4,16,0.135542094707489,0.5159521698951721,16
42,4,17,0.15556886792182922,0.788512647151947,16
42,4,18,0.22853095829486847,0.5188071727752686,16
42,4,19,0.1556578278541565,0.5655819773674011,16
42,4,20,0.14486944675445557,0.9751162528991699,16
42,4,21,0.20851430296897888,1.1123648881912231,16
42,4,22,0.20648692548274994,2.2140655517578125,16
42,4,23,0.10217194259166718,0.44597160816192627,16
42,4,24,0.13493144512176514,0.6974839568138123,16
42,4,25,0.16076746582984924,1.6508029699325562,16
42,4,26,0.15720804035663605,0.9904898405075073,16
42,4,27,0.16699117422103882,1.8738961219787598,16
42,4,28,0.15183378756046295,0.9744742512702942,16
42,4,29,0.15856385231018066,0.7207919359207153,16
42,4,30,0.12866076827049255,0.5955963730812073,16
42,4,31,0.145237535238266,0.7892875671386719,16
42,4,32,0.20844510197639465,0.5907250642776489,16
42,4,33,0.16477447748184204,0.38439980149269104,16
42,4,34,0.2308972030878067,0.756486713886261,16
42,4,35,0.1562376618385315,0.5881654024124146,16
42,4,36,0.11180560290813446,0.4442727863788605,16
42,4,37,0.13558557629585266,0.6861448884010315,16
42,4,38,0.12980829179286957,0.6207235455513,16
42,4,39,0.1196393221616745,0.39287659525871277,16
42,4,40,0.19621402025222778,2.1500051021575928,16
42,4,41,0.17297711968421936,0.7963497042655945,16
42,4,42,0.19715604186058044,0.8662738800048828,16
42,4,43,0.1790722906589508,0.8830557465553284,16
42,4,44,0.16258573532104492,0.6935027241706848,16
42,4,45,0.1079016625881195,0.6958763599395752,16
42,4,46,0.175993874669075,0.5246865749359131,16
42,4,47,0.1232195496559143,0.7966878414154053,16
42,4,48,0.14205613732337952,0.7378540635108948,16
42,4,49,0.13376018404960632,0.5120806694030762,16
42,4,50,0.12108076363801956,0.330900639295578,16
42,4,51,0.21360737085342407,1.1256868839263916,16
42,4,52,0.1069415807723999,0.5286111235618591,16
42,4,53,0.32768887281417847,1.3108935356140137,16
42,4,54,0.10650352388620377,0.4606834650039673,16
42,4,55,0.1268206536769867,0.3934422433376312,16
42,4,56,0.19747522473335266,1.0552362203598022,16
42,4,57,0.16515371203422546,1.433140516281128,16
42,4,58,0.17884477972984314,0.5916427969932556,16
42,4,59,0.24931585788726807,1.531593680381775,16
42,4,60,0.17517778277397156,0.7732129096984863,16
42,4,61,0.1533648669719696,0.8116357922554016,16
42,4,62,0.2492503523826599,0.5404714941978455,16
42,4,63,0.21088556945323944,1.160430669784546,16
42,4,64,0.2679986357688904,2.1856794357299805,16
42,4,65,0.11839164793491364,0.36555054783821106,16
42,4,66,0.15358993411064148,1.178911805152893,16
42,4,67,0.148179292678833,1.1309616565704346,16
42,4,68,0.1535881757736206,1.1584850549697876,16
42,4,69,0.20252691209316254,1.8000255823135376,16
42,4,70,0.15492452681064606,0.6069680452346802,16
42,4,71,0.2058931291103363,1.6945291757583618,16
42,4,72,0.16554197669029236,0.8008997440338135,16
42,4,73,0.23985570669174194,1.5674455165863037,16
42,4,74,0.1493566334247589,0.7908093333244324,16
42,4,75,0.14613212645053864,1.4299999475479126,16
42,4,76,0.15273348987102509,1.1758347749710083,16
42,4,77,0.1391087919473648,0.8990606665611267,16
42,4,78,0.14426015317440033,1.1495792865753174,16
42,4,79,0.1422654241323471,0.6630083322525024,16
42,4,80,0.1832452118396759,0.9849309921264648,16
42,4,81,0.15538491308689117,1.1897047758102417,16
42,4,82,0.19942808151245117,1.0132452249526978,16
42,4,83,0.18888498842716217,0.6680759787559509,16
42,4,84,0.196260005235672,1.0262670516967773,16
42,4,85,0.1505853831768036,0.4973045885562897,16
42,4,86,0.1787533462047577,0.8211011290550232,16
42,4,87,0.13476207852363586,1.6967116594314575,16
42,4,88,0.21041566133499146,0.9614899158477783,16
42,4,89,0.17806066572666168,0.651557445526123,16
42,4,90,0.1892152577638626,0.4006066918373108,16
42,4,91,0.22255858778953552,0.457094669342041,16
42,4,92,0.18044842779636383,0.40291649103164673,16
42,4,93,0.22845885157585144,0.6981509327888489,16
42,4,94,0.1760159283876419,1.0477278232574463,16
42,4,95,0.17542463541030884,0.5661089420318604,16
42,4,96,0.1817302107810974,0.8460553288459778,16
42,4,97,0.18996961414813995,0.46872684359550476,16
42,4,98,0.2389466017484665,0.5322588682174683,16
42,4,99,0.15643493831157684,0.6107543706893921,16
42,4,100,0.18777522444725037,0.553193986415863,16
42,4,101,0.22278165817260742,1.1058688163757324,16
42,4,102,0.09136836975812912,0.34915420413017273,16
42,4,103,0.21390129625797272,0.9324110150337219,16
42,4,104,0.19137151539325714,0.7344724535942078,16
42,4,105,0.15217545628547668,0.5029386878013611,16
42,4,106,0.20310735702514648,0.44614923000335693,16
42,4,107,0.23509176075458527,0.3554520606994629,16
42,4,108,0.12173138558864594,0.8688889145851135,16
42,4,109,0.25143855810165405,0.8348778486251831,16
42,4,110,0.2160525918006897,0.6062204241752625,16
42,4,111,0.23392847180366516,0.6045777797698975,16
42,4,112,0.18989801406860352,0.4991077184677124,16
42,4,113,0.16171269118785858,1.3205506801605225,16
42,4,114,0.18079054355621338,0.7533348798751831,16
42,4,115,0.1616877168416977,0.4705016314983368,16
42,4,116,0.24529775977134705,1.0477681159973145,16
42,4,117,0.2359582483768463,0.5447622537612915,16
42,4,118,0.15562257170677185,0.6440342664718628,16
42,4,119,0.14527574181556702,0.5766519904136658,16
42,4,120,0.2410285472869873,1.562037467956543,16
42,4,121,0.2074204385280609,1.324866533279419,16
42,4,122,0.16549436748027802,0.542317807674408,16
42,4,123,0.21623000502586365,1.3691890239715576,16
42,4,124,0.09788110107183456,0.8856195211410522,16
42,4,125,0.19503337144851685,0.5293257832527161,16
42,4,126,0.15335418283939362,1.1557857990264893,16
42,4,127,0.1831815242767334,1.1131254434585571,16
42,4,128,0.21225270628929138,0.8661876320838928,16
42,4,129,0.23031747341156006,0.845681369304657,16
42,4,130,0.14822891354560852,0.5530303716659546,16
42,4,131,0.13886000216007233,1.072437047958374,16
42,4,132,0.17837075889110565,0.5377587676048279,16
42,4,133,0.16221818327903748,1.5016757249832153,16
42,4,134,0.14447517693042755,0.5553003549575806,16
42,4,135,0.11889663338661194,1.2361305952072144,16
42,4,136,0.15365871787071228,0.7508440017700195,16
42,4,137,0.15218672156333923,1.2365831136703491,16
42,4,138,0.20996224880218506,2.1296255588531494,16
42,4,139,0.13938230276107788,0.4167730212211609,16
42,4,140,0.1837160587310791,0.3503057062625885,16
42,4,141,0.22178006172180176,1.057752251625061,16
42,4,142,0.16338074207305908,1.1276837587356567,16
42,4,143,0.1309819519519806,0.8345831632614136,16
42,4,144,0.21398131549358368,1.4258854389190674,16
42,4,145,0.17968378961086273,0.5006545186042786,16
42,4,146,0.13283374905586243,0.9511913657188416,16
42,4,147,0.15240302681922913,0.9989093542098999,16
42,4,148,0.143238365650177,1.303368330001831,16
42,4,149,0.15428517758846283,0.8246632814407349,16
42,4,150,0.1272200495004654,0.9365764260292053,16
42,4,151,0.10222553461790085,0.7090604305267334,16
42,4,152,0.16260698437690735,0.5718263387680054,16
42,4,153,0.18774224817752838,0.4093541204929352,16
42,4,154,0.17013530433177948,0.5504814386367798,16
42,4,155,0.16419470310211182,0.9179567694664001,16
42,4,156,0.18959051370620728,0.8371652364730835,16
42,4,157,0.13049805164337158,0.6788909435272217,16
42,4,158,0.15416166186332703,0.6427699327468872,16
42,4,159,0.1524878442287445,0.3906097710132599,16
42,4,160,0.23167577385902405,1.1818760633468628,16
42,4,161,0.17595314979553223,0.6808497905731201,16
42,4,162,0.0877351462841034,0.5446860194206238,16
42,4,163,0.22192959487438202,1.7104573249816895,16
42,4,164,0.15063178539276123,0.841781735420227,16
42,4,165,0.17594292759895325,1.0459949970245361,16
42,4,166,0.15641984343528748,0.3905995488166809,16
42,4,167,0.15502099692821503,1.166377305984497,16
42,4,168,0.13041222095489502,0.4620133340358734,16
42,4,169,0.1280720829963684,0.46386921405792236,16
42,4,170,0.23223534226417542,1.0504933595657349,16
42,4,171,0.19001373648643494,0.4904118478298187,16
42,4,172,0.26068031787872314,2.177046298980713,16
42,4,173,0.24290253221988678,0.9457746744155884,16
42,4,174,0.20817288756370544,0.689654529094696,16
42,4,175,0.10756053030490875,0.6975587606430054,16
42,4,176,0.14889416098594666,0.8183038234710693,16
42,4,177,0.1569543182849884,0.8747509121894836,16
42,4,178,0.1717386245727539,1.105461835861206,16
42,4,179,0.15271437168121338,0.5331261157989502,16
42,4,180,0.18262867629528046,0.7236080765724182,16
42,4,181,0.1650620698928833,0.8741943836212158,16
42,4,182,0.13713492453098297,0.9292080998420715,16
42,4,183,0.23669594526290894,1.3879599571228027,16
42,4,184,0.24923564493656158,1.7322348356246948,16
42,4,185,0.2617821991443634,3.7750611305236816,16
42,4,186,0.16830489039421082,0.619438111782074,16
42,4,187,0.17229032516479492,1.2951972484588623,16
42,4,188,0.214523047208786,1.2733358144760132,16
42,4,189,0.17800785601139069,0.7072749137878418,16
42,4,190,0.19168290495872498,2.457706928253174,16
42,4,191,0.2164696455001831,2.3213822841644287,16
42,4,192,0.17259317636489868,1.0272314548492432,16
42,4,193,0.14457890391349792,1.8685784339904785,16
42,4,194,0.14249685406684875,0.6179361343383789,16
42,4,195,0.21243980526924133,0.7647383213043213,16
42,4,196,0.17629247903823853,0.9173699021339417,16
42,4,197,0.10298867523670197,0.721437931060791,16
42,4,198,0.15916162729263306,1.0788551568984985,16
42,4,199,0.19473561644554138,0.536049485206604,16
42,4,200,0.24987460672855377,1.918515682220459,16
42,4,201,0.0986577644944191,0.38916030526161194,16
42,4,202,0.12177558243274689,0.8507255911827087,16
42,4,203,0.13953275978565216,0.8346177339553833,16
42,4,204,0.151457741856575,1.2963324785232544,16
42,4,205,0.1627742350101471,0.5960145592689514,16
42,4,206,0.18879586458206177,2.5311672687530518,16
42,4,207,0.19140958786010742,1.14115571975708,16
42,4,208,0.1462392508983612,0.7502481341362,16
42,4,209,0.18039028346538544,0.5706454515457153,16
42,4,210,0.20006579160690308,2.510361671447754,16
42,4,211,0.19665098190307617,2.300886631011963,16
42,4,212,0.1520286500453949,0.49864158034324646,16
42,4,213,0.16124089062213898,0.5352703928947449,16
42,4,214,0.15483525395393372,0.8669862747192383,16
42,4,215,0.1255684494972229,1.2543820142745972,16
42,4,216,0.1948966085910797,1.2563016414642334,16
42,4,217,0.1533607691526413,0.9023747444152832,16
42,4,218,0.15474283695220947,0.5106956362724304,16
42,4,219,0.1976167857646942,1.9750866889953613,16
42,4,220,0.2563685178756714,1.242201805114746,16
42,4,221,0.14182795584201813,0.48845845460891724,16
42,4,222,0.13359878957271576,1.520297884941101,16
42,4,223,0.20206862688064575,0.735971212387085,16
42,4,224,0.16832922399044037,0.5725699663162231,16
42,4,225,0.1260777711868286,0.4643619954586029,16
42,4,226,0.12262725830078125,0.6570016145706177,16
42,4,227,0.1481771022081375,0.8681158423423767,16
42,4,228,0.19310802221298218,0.7144302725791931,16
42,4,229,0.2155318558216095,0.7805132269859314,16
42,4,230,0.18841694295406342,0.8089065551757812,16
42,4,231,0.24127031862735748,0.7425203323364258,16
42,4,232,0.15157538652420044,0.6192592978477478,16
42,4,233,0.19476233422756195,1.229584813117981,16
42,4,234,0.14306595921516418,0.8581571578979492,16
42,4,235,0.23500759899616241,1.0069258213043213,16
42,4,236,0.20017698407173157,0.8182339668273926,16
42,4,237,0.12710897624492645,0.7680529952049255,16
42,4,238,0.18115046620368958,1.1211729049682617,16
42,4,239,0.18890498578548431,0.8119879961013794,16
42,4,240,0.23558880388736725,1.1571696996688843,16
42,4,241,0.2140602171421051,0.7022258043289185,16
42,4,242,0.22997812926769257,2.0051419734954834,16
42,4,243,0.24010072648525238,1.2890537977218628,16
42,4,244,0.13103368878364563,0.6851221323013306,16
42,4,245,0.19282609224319458,0.9836222529411316,16
42,4,246,0.31354787945747375,1.2113957405090332,16
42,4,247,0.1218201071023941,0.34845033288002014,16
42,4,248,0.13747353851795197,1.1899902820587158,16
42,4,249,0.13783906400203705,0.9641690254211426,16
42,4,250,0.1431763470172882,0.4809274673461914,16
42,4,251,0.17598581314086914,0.7925314903259277,16
42,4,252,0.1337151825428009,0.4583929181098938,16
42,4,253,0.14237141609191895,0.4720689058303833,16
42,4,254,0.162199005484581,0.32990527153015137,16
42,4,255,0.16142705082893372,0.885097086429596,16
42,4,256,0.15442955493927002,0.4899458587169647,16
42,4,257,0.1884399652481079,0.6576113700866699,16
42,4,258,0.21659007668495178,1.8452470302581787,16
42,4,259,0.14540478587150574,0.9485983848571777,16
42,4,260,0.1621537059545517,0.7344123125076294,16
42,4,261,0.1800655573606491,0.6321711540222168,16
42,4,262,0.14449524879455566,1.1112831830978394,16
42,4,263,0.16328854858875275,1.2047959566116333,16
43,4,0,0.13321273028850555,0.4334375560283661,16
43,4,1,0.21210843324661255,0.8516722917556763,16
43,4,2,0.18782317638397217,0.8102724552154541,16
43,4,3,0.18742698431015015,2.1068923473358154,16
43,4,4,0.2892339527606964,2.1728293895721436,16
43,4,5,0.21933875977993011,1.2455302476882935,16
43,4,6,0.1173095703125,0.6699397563934326,16
43,4,7,0.24142856895923615,0.8515554070472717,16
43,4,8,0.2543730139732361,0.6890417337417603,16
43,4,9,0.2459038496017456,1.3465474843978882,16
43,4,10,0.12232835590839386,0.910976767539978,16
43,4,11,0.27527937293052673,1.5343683958053589,16
43,4,12,0.13234864175319672,1.3510934114456177,16
43,4,13,0.14243671298027039,0.6453561782836914,16
43,4,14,0.25612056255340576,0.6730340123176575,16
43,4,15,0.14879830181598663,0.4177367091178894,16
43,4,16,0.1748136430978775,0.7932787537574768,16
43,4,17,0.22143849730491638,1.9877429008483887,16
43,4,18,0.17139774560928345,0.5562077760696411,16
43,4,19,0.1359180212020874,0.42978036403656006,16
43,4,20,0.1451064944267273,1.5537172555923462,16
43,4,21,0.21160364151000977,2.429678440093994,16
43,4,22,0.1783045530319214,1.4276254177093506,16
43,4,23,0.21246609091758728,1.3717854022979736,16
43,4,24,0.1931939572095871,3.6247808933258057,16
43,4,25,0.17014026641845703,0.7506246566772461,16
43,4,26,0.13353422284126282,2.2000694274902344,16
43,4,27,0.22765177488327026,1.4442901611328125,16
43,4,28,0.11102014780044556,0.9469428658485413,16
43,4,29,0.2753515839576721,1.6430062055587769,16
43,4,30,0.16713611781597137,0.5036667585372925,16
43,4,31,0.1783304661512375,0.7368451952934265,16
43,4,32,0.17754197120666504,1.480737328529358,16
43,4,33,0.23255015909671783,1.0977654457092285,16
43,4,34,0.18605777621269226,1.2323603630065918,16
43,4,35,0.13728365302085876,0.709408700466156,16
43,4,36,0.2526574432849884,3.040562629699707,16
43,4,37,0.22423073649406433,2.163983106613159,16
43,4,38,0.14770682156085968,0.5390936732292175,16
43,4,39,0.13036896288394928,1.0114699602127075,16
43,4,40,0.21271762251853943,0.754259467124939,16
43,4,41,0.11720554530620575,0.8833919167518616,16
43,4,42,0.13155779242515564,0.9818834066390991,16
43,4,43,0.16756680607795715,0.6657084226608276,16
43,4,44,0.22633859515190125,1.023958683013916,16
43,4,45,0.1796916127204895,0.7540394067764282,16
43,4,46,0.19559432566165924,1.6541130542755127,16
43,4,47,0.16252753138542175,0.37237122654914856,16
43,4,48,0.14987123012542725,0.43235158920288086,16
43,4,49,0.2038135528564453,1.669780969619751,16
43,4,50,0.1872025728225708,1.1599618196487427,16
43,4,51,0.1870347261428833,0.40868112444877625,16
43,4,52,0.18645071983337402,1.1582616567611694,16
43,4,53,0.13288117945194244,0.464702844619751,16
43,4,54,0.17264962196350098,0.8128814697265625,16
43,4,55,0.20299898087978363,0.9721543192863464,16
43,4,56,0.140199214220047,1.293656826019287,16
43,4,57,0.22006985545158386,0.8842073082923889,16
43,4,58,0.2047731578350067,1.0531708002090454,16
43,4,59,0.20343075692653656,0.7244573831558228,16
43,4,60,0.13955554366111755,0.8062669634819031,16
43,4,61,0.1903708130121231,1.4758888483047485,16
43,4,62,0.18620464205741882,0.7307842373847961,16
43,4,63,0.17581261694431305,0.40246453881263733,16
43,4,64,0.1567690372467041,0.835319995880127,16
43,4,65,0.10850754380226135,0.24944831430912018,16
43,4,66,0.21716497838497162,1.5068433284759521,16
43,4,67,0.2265707552433014,0.945589005947113,16
43,4,68,0.15429151058197021,0.7147722840309143,16
43,4,69,0.20774996280670166,1.572285771369934,16
43,4,70,0.19019880890846252,1.8209218978881836,16
43,4,71,0.1305708885192871,0.6908063888549805,16
43,4,72,0.25449857115745544,1.834987998008728,16
43,4,73,0.17763322591781616,1.3834469318389893,16
43,4,74,0.14334982633590698,0.5330026149749756,16
43,4,75,0.1722254753112793,0.48080793023109436,16
43,4,76,0.2369377315044403,2.12473464012146,16
43,4,77,0.13771459460258484,0.575984537601471,16
43,4,78,0.2165125161409378,1.0507560968399048,16
43,4,79,0.16034367680549622,0.952844500541687,16
43,4,80,0.12846194207668304,0.6685592532157898,16
43,4,81,0.2502603530883789,0.6793427467346191,16
43,4,82,0.18797184526920319,0.6325704455375671,16
43,4,83,0.18308325111865997,1.1745256185531616,16
43,4,84,0.19055470824241638,0.8603879809379578,16
43,4,85,0.22355416417121887,0.5414708852767944,16
43,4,86,0.13341385126113892,0.5405784845352173,16
43,4,87,0.1889202743768692,0.8176636099815369,16
43,4,88,0.16897371411323547,0.7069262266159058,16
43,4,89,0.15692633390426636,2.2586472034454346,16
43,4,90,0.177364781498909,2.2614059448242188,16
43,4,91,0.18731364607810974,0.5579363107681274,16
43,4,92,0.23212012648582458,0.6397528648376465,16
43,4,93,0.15587559342384338,1.580254077911377,16
43,4,94,0.13161170482635498,1.4175329208374023,16
43,4,95,0.1120598241686821,0.41329142451286316,16
43,4,96,0.21054211258888245,1.495269775390625,16
43,4,97,0.15062054991722107,0.4874192178249359,16
43,4,98,0.2246784269809723,2.118117570877075,16
43,4,99,0.18704719841480255,0.7832066416740417,16
43,4,100,0.22052045166492462,0.9914672374725342,16
43,4,101,0.17534326016902924,1.8053122758865356,16
43,4,102,0.12145337462425232,0.31997817754745483,16
43,4,103,0.2019561529159546,1.365407943725586,16
43,4,104,0.1880481243133545,0.37292781472206116,16
43,4,105,0.15942108631134033,0.5980654358863831,16
43,4,106,0.16359937191009521,1.0284736156463623,16
43,4,107,0.1966676563024521,0.5191941261291504,16
43,4,108,0.1496213972568512,0.6480583548545837,16
43,4,109,0.17764002084732056,0.911415696144104,16
43,4,110,0.17225047945976257,0.8948569297790527,16
43,4,111,0.1650274395942688,0.9035531878471375,16
43,4,112,0.14981596171855927,1.8438481092453003,16
43,4,113,0.16122305393218994,1.5565885305404663,16
43,4,114,0.17160320281982422,1.8672276735305786,16
43,4,115,0.17922700941562653,1.039825439453125,16
43,4,116,0.1286214292049408,1.1120685338974,16
43,4,117,0.15088750422000885,1.0009249448776245,16
43,4,118,0.154642254114151,0.6412521004676819,16
43,4,119,0.12458916008472443,0.7786502242088318,16
43,4,120,0.2140798717737198,0.8003360033035278,16
43,4,121,0.17715336382389069,0.7065195441246033,16
43,4,122,0.20358702540397644,0.7829094529151917,16
43,4,123,0.1734151393175125,0.9541758298873901,16
43,4,124,0.1395062804222107,0.2953307032585144,16
43,4,125,0.17955197393894196,0.5675297975540161,16
43,4,126,0.12316130101680756,0.42954716086387634,16
43,4,127,0.09664145112037659,0.37127500772476196,16
43,4,128,0.1972038447856903,0.6093201041221619,16
43,4,129,0.1677415817975998,0.6770382523536682,16
43,4,130,0.17807932198047638,0.8422383666038513,16
43,4,131,0.2082754522562027,0.3428836166858673,16
43,4,132,0.2680356502532959,2.1110622882843018,16
43,4,133,0.15458524227142334,0.3939180076122284,16
43,4,134,0.19482004642486572,0.9777241349220276,16
43,4,135,0.19297415018081665,1.0544642210006714,16
43,4,136,0.21269822120666504,0.8808125257492065,16
43,4,137,0.20856288075447083,0.5836983323097229,16
43,4,138,0.18984535336494446,1.7603298425674438,16
43,4,139,0.16712471842765808,1.1514887809753418,16
43,4,140,0.15123748779296875,0.44639503955841064,16
43,4,141,0.14880608022212982,0.6782455444335938,16
43,4,142,0.2164791226387024,1.0912201404571533,16
43,4,143,0.16375267505645752,1.1295093297958374,16
43,4,144,0.1996345818042755,1.6857458353042603,16
43,4,145,0.18921205401420593,0.5971680879592896,16
43,4,146,0.19921545684337616,0.4882816672325134,16
43,4,147,0.17784368991851807,0.6561762690544128,16
43,4,148,0.21918803453445435,0.9283334612846375,16
43,4,149,0.11998400092124939,0.6678436398506165,16
43,4,150,0.15929467976093292,0.84702467918396,16
43,4,151,0.1702495813369751,0.6457359790802002,16
43,4,152,0.15115660429000854,1.081783652305603,16
43,4,153,0.18449565768241882,0.5012885928153992,16
43,4,154,0.20674678683280945,1.7175687551498413,16
43,4,155,0.1799839437007904,0.425403356552124,16
43,4,156,0.23057939112186432,0.7066144943237305,16
43,4,157,0.15277400612831116,0.8429126739501953,16
43,4,158,0.20645080506801605,1.5710872411727905,16
43,4,159,0.19726726412773132,0.48048853874206543,16
43,4,160,0.1989917755126953,0.6653077602386475,16
43,4,161,0.2053130567073822,1.0193771123886108,16
43,4,162,0.14532193541526794,0.9356362223625183,16
43,4,163,0.0987299382686615,0.3685661256313324,16
43,4,164,0.1528703272342682,1.444361686706543,16
43,4,165,0.14733818173408508,0.5663483738899231,16
43,4,166,0.15221667289733887,0.5586076974868774,16
43,4,167,0.17168861627578735,1.691671371459961,16
43,4,168,0.21608322858810425,1.5290422439575195,16
43,4,169,0.2945248782634735,1.86381196975708,16
43,4,170,0.16289639472961426,0.7729966044425964,16
43,4,171,0.1337888240814209,0.514976441860199,16
43,4,172,0.11705072224140167,1.2860175371170044,16
43,4,173,0.13543392717838287,0.9946720004081726,16
43,4,174,0.1743653565645218,0.5798238515853882,16
43,4,175,0.20270852744579315,0.9074036478996277,16
43,4,176,0.227951779961586,0.8994957804679871,16
43,4,177,0.20649605989456177,0.9187612533569336,16
43,4,178,0.23146334290504456,0.3998642563819885,16
43,4,179,0.24330708384513855,0.545311689376831,16
43,4,180,0.2520730197429657,2.1364967823028564,16
43,4,181,0.23746085166931152,1.9303538799285889,16
43,4,182,0.23527678847312927,0.5291265249252319,16
43,4,183,0.20225638151168823,0.37532171607017517,16
43,4,184,0.14666610956192017,0.6514416933059692,16
43,4,185,0.12258517742156982,0.9831485748291016,16
43,4,186,0.13920731842517853,0.8661425113677979,16
43,4,187,0.11160222440958023,0.8453014492988586,16
43,4,188,0.19113463163375854,1.7222665548324585,16
43,4,189,0.2355053722858429,1.229065179824829,16
43,4,190,0.1404729187488556,0.7278538346290588,16
43,4,191,0.22966738045215607,0.7809920310974121,16
43,4,192,0.17712680995464325,1.9091626405715942,16
43,4,193,0.20445115864276886,3.298245906829834,16
43,4,194,0.16943007707595825,1.9043350219726562,16
43,4,195,0.1800113320350647,0.7228003144264221,16
43,4,196,0.3404964208602905,0.7009672522544861,16
43,4,197,0.18559575080871582,1.8151565790176392,16
43,4,198,0.19797411561012268,2.476130485534668,16
43,4,199,0.16269031167030334,0.8362921476364136,16
43,4,200,0.1943977177143097,1.0121220350265503,16
43,4,201,0.1872979998588562,0.8370792865753174,16
43,4,202,0.2188476175069809,0.3713471591472626,16
43,4,203,0.1585986316204071,0.9169264435768127,16
43,4,204,0.15765294432640076,1.1852784156799316,16
43,4,205,0.15986955165863037,0.39406755566596985,16
43,4,206,0.22487223148345947,1.1180363893508911,16
43,4,207,0.19972625374794006,1.0680394172668457,16
43,4,208,0.18138271570205688,0.9968276619911194,16
43,4,209,0.15830335021018982,0.7870432734489441,16
43,4,210,0.161946102976799,1.145768404006958,16
43,4,211,0.178823322057724,0.8887556195259094,16
43,4,212,0.1926693618297577,0.9358106851577759,16
43,4,213,0.13355138897895813,0.8006369471549988,16
43,4,214,0.16158558428287506,1.1251516342163086,16
43,4,215,0.1281297504901886,1.195189118385315,16
43,4,216,0.23281776905059814,1.241249442100525,16
43,4,217,0.19124937057495117,0.4166140854358673,16
43,4,218,0.2592121362686157,1.2823700904846191,16
43,4,219,0.1831854283809662,1.2096651792526245,16
43,4,220,0.23362654447555542,0.8557750582695007,16
43,4,221,0.18172353506088257,1.6419769525527954,16
43,4,222,0.24545440077781677,1.3921504020690918,16
43,4,223,0.16653621196746826,0.8342279195785522,16
43,4,224,0.14010083675384521,0.6351677179336548,16
43,4,225,0.19570685923099518,0.7184486389160156,16
43,4,226,0.19039244949817657,0.7621642351150513,16
43,4,227,0.2420552670955658,1.1251261234283447,16
43,4,228,0.19235916435718536,0.2876605689525604,16
43,4,229,0.23091928660869598,0.4941864609718323,16
43,4,230,0.1850287914276123,0.5931963324546814,16
43,4,231,0.21437636017799377,0.9464649558067322,16
43,4,232,0.22865642607212067,1.080543041229248,16
43,4,233,0.18574519455432892,1.1742795705795288,16
43,4,234,0.20906002819538116,2.2954986095428467,16
43,4,235,0.13698434829711914,0.5735023021697998,16
43,4,236,0.1561335027217865,0.6421144604682922,16
43,4,237,0.1688689887523651,1.5133984088897705,16
43,4,238,0.14268462359905243,0.724920928478241,16
43,4,239,0.10135546326637268,0.42558032274246216,16
43,4,240,0.22939486801624298,1.3959428071975708,16
43,4,241,0.18997570872306824,1.5587208271026611,16
43,4,242,0.1872308850288391,1.051608681678772,16
43,4,243,0.20203977823257446,0.7819287776947021,16
43,4,244,0.1464274376630783,0.7541999816894531,16
43,4,245,0.22348609566688538,1.7910950183868408,16
43,4,246,0.22018100321292877,2.4267561435699463,16
43,4,247,0.13161718845367432,1.2429723739624023,16
43,4,248,0.11831565201282501,0.9669888615608215,16
43,4,249,0.14341303706169128,0.37897223234176636,16
43,4,250,0.1449769139289856,1.0168076753616333,16
43,4,251,0.17624005675315857,1.5572490692138672,16
43,4,252,0.21058067679405212,1.0001312494277954,16
43,4,253,0.18827039003372192,0.5044102668762207,16
43,4,254,0.16140219569206238,0.5439029335975647,16
43,4,255,0.16229593753814697,0.7765116095542908,16
43,4,256,0.16540515422821045,0.8531365990638733,16
43,4,257,0.25368642807006836,1.0521031618118286,16
43,4,258,0.19157040119171143,0.6702210307121277,16
43,4,259,0.16415545344352722,0.3478992283344269,16
43,4,260,0.15337878465652466,1.3564680814743042,16
43,4,261,0.20673981308937073,1.1459290981292725,16
43,4,262,0.1546875238418579,0.6901708841323853,16
43,4,263,0.20354175567626953,1.6092685461044312,16
44,4,0,0.13441206514835358,0.42458581924438477,16
44,4,1,0.16058015823364258,1.096077799797058,16
44,4,2,0.1633957028388977,0.5724432468414307,16
44,4,3,0.14765381813049316,1.2976375818252563,16
44,4,4,0.17176318168640137,1.3982868194580078,16
44,4,5,0.12011411786079407,0.9027857780456543,16
44,4,6,0.2654861807823181,0.4791657328605652,16
44,4,7,0.11834313720464706,0.8835917115211487,16
44,4,8,0.23311786353588104,2.4454503059387207,16
44,4,9,0.14538519084453583,1.2909388542175293,16
44,4,10,0.18785589933395386,1.091916799545288,16
44,4,11,0.11561499536037445,0.700405478477478,16
44,4,12,0.16096431016921997,1.264151930809021,16
44,4,13,0.1554277539253235,0.6855818033218384,16
44,4,14,0.21752099692821503,1.1945360898971558,16
44,4,15,0.20295707881450653,0.8590065836906433,16
44,4,16,0.18853403627872467,1.1565159559249878,16
44,4,17,0.15182054042816162,0.5425512194633484,16
44,4,18,0.13463173806667328,0.9626182913780212,16
44,4,19,0.32956352829933167,4.438639163970947,16
44,4,20,0.22651180624961853,0.9874041676521301,16
44,4,21,0.18718279898166656,1.018649935722351,16
44,4,22,0.26435086131095886,0.807158887386322,16
44,4,23,0.2479124814271927,1.217871904373169,16
44,4,24,0.1884024441242218,0.7072816491127014,16
44,4,25,0.192083939909935,0.35921013355255127,16
44,4,26,0.19444087147712708,0.9717576503753662,16
44,4,27,0.1866104006767273,0.6085259318351746,16
44,4,28,0.20695748925209045,0.9723618030548096,16
44,4,29,0.17020463943481445,0.5165008306503296,16
44,4,30,0.1851278692483902,0.6924413442611694,16
44,4,31,0.2346561849117279,1.983723521232605,16
44,4,32,0.12497220933437347,0.37310412526130676,16
44,4,33,0.11051853001117706,0.8069204092025757,16
44,4,34,0.18716488778591156,2.637794017791748,16
44,4,35,0.18429240584373474,0.48591339588165283,16
44,4,36,0.1503698229789734,1.0648540258407593,16
44,4,37,0.1239846795797348,0.7163518667221069,16
44,4,38,0.16236969828605652,3.0214807987213135,16
44,4,39,0.25117960572242737,0.9326046109199524,16
44,4,40,0.1779768466949463,2.3190083503723145,16
44,4,41,0.149176687002182,0.7022262811660767,16
44,4,42,0.19738608598709106,1.0092051029205322,16
44,4,43,0.182009756565094,1.3281086683273315,16
44,4,44,0.17292693257331848,1.2223347425460815,16
44,4,45,0.2519822120666504,3.496326446533203,16
44,4,46,0.12094016373157501,0.737210750579834,16
44,4,47,0.1766234040260315,0.44950035214424133,16
44,4,48,0.2089315503835678,0.7254350781440735,16
44,4,49,0.23358269035816193,0.49534693360328674,16
44,4,50,0.15491069853305817,1.7418911457061768,16
44,4,51,0.17651215195655823,0.7366635799407959,16
44,4,52,0.1283101588487625,0.5794598460197449,16
44,4,53,0.20769008994102478,0.6318258047103882,16
44,4,54,0.2042379379272461,1.5142556428909302,16
44,4,55,0.16216860711574554,1.1387898921966553,16
44,4,56,0.20214825868606567,1.718554139137268,16
44,4,57,0.21016694605350494,1.2555540800094604,16
44,4,58,0.26318827271461487,0.7314797639846802,16
44,4,59,0.18595419824123383,1.0348014831542969,16
44,4,60,0.1726212203502655,0.4842444360256195,16
44,4,61,0.2288002371788025,1.060238003730774,16
44,4,62,0.22575592994689941,1.3564809560775757,16
44,4,63,0.18720507621765137,0.5814891457557678,16
44,4,64,0.20092657208442688,2.7573838233947754,16
44,4,65,0.19718331098556519,0.8237083554267883,16
44,4,66,0.305814266204834,0.7616254687309265,16
44,4,67,0.2133290022611618,3.1981050968170166,16
44,4,68,0.11894794553518295,0.4612811803817749,16
44,4,69,0.1603487879037857,1.370114803314209,16
44,4,70,0.15734049677848816,1.041074275970459,16
44,4,71,0.18259888887405396,1.4992284774780273,16
44,4,72,0.1566024124622345,0.953251302242279,16
44,4,73,0.2312891185283661,0.8075783848762512,16
44,4,74,0.1526831090450287,1.0171910524368286,16
44,4,75,0.10955709964036942,0.40609341859817505,16
44,4,76,0.15224315226078033,0.4991026222705841,16
44,4,77,0.15336468815803528,2.0189807415008545,16
44,4,78,0.11591973155736923,0.7117664217948914,16
44,4,79,0.1447853446006775,0.9546457529067993,16
44,4,80,0.14120182394981384,1.9758549928665161,16
44,4,81,0.15894921123981476,0.32390838861465454,16
44,4,82,0.21013392508029938,1.9102481603622437,16
44,4,83,0.1778218150138855,0.6779770851135254,16
44,4,84,0.14251293241977692,1.0812352895736694,16
44,4,85,0.14748212695121765,0.5255910158157349,16
44,4,86,0.145839124917984,1.097066879272461,16
44,4,87,0.21892580389976501,0.5896636247634888,16
44,4,88,0.1797727346420288,0.556179940700531,16
44,4,89,0.20659510791301727,1.3501313924789429,16
44,4,90,0.19180399179458618,1.687105655670166,16
44,4,91,0.15149718523025513,0.7847064733505249,16
44,4,92,0.1061481311917305,0.5461738109588623,16
44,4,93,0.17432475090026855,0.8486765027046204,16
44,4,94,0.24499961733818054,1.1253985166549683,16
44,4,95,0.09171617776155472,1.4578406810760498,16
44,4,96,0.2442171275615692,1.0097837448120117,16
44,4,97,0.17986027896404266,0.8110151886940002,16
44,4,98,0.1425696462392807,0.4954412877559662,16
44,4,99,0.08192142844200134,0.8452489972114563,16
44,4,100,0.2308645248413086,2.607311487197876,16
44,4,101,0.18567264080047607,0.8104791641235352,16
44,4,102,0.1598089039325714,0.5614186525344849,16
44,4,103,0.2065887153148651,0.5922651886940002,16
44,4,104,0.14454889297485352,1.23807692527771,16
44,4,105,0.17437556385993958,0.9885408282279968,16
44,4,106,0.1788615882396698,0.9478220343589783,16
44,4,107,0.11458761990070343,0.37797605991363525,16
44,4,108,0.13693992793560028,0.5902344584465027,16
44,4,109,0.15704067051410675,1.372280240058899,16
44,4,110,0.14961673319339752,0.8109429478645325,16
44,4,111,0.3390604853630066,0.8463425040245056,16
44,4,112,0.13562825322151184,0.5382658839225769,16
44,4,113,0.1801314651966095,1.0015740394592285,16
44,4,114,0.15954643487930298,0.9566677212715149,16
44,4,115,0.17553535103797913,1.780824899673462,16
44,4,116,0.20482072234153748,0.8736630082130432,16
44,4,117,0.14056998491287231,0.27443310618400574,16
44,4,118,0.16993427276611328,0.723108172416687,16
44,4,119,0.211899071931839,0.6058055758476257,16
44,4,120,0.13590383529663086,0.7564671039581299,16
44,4,121,0.12906035780906677,0.4268791973590851,16
44,4,122,0.1882942020893097,0.5844776630401611,16
44,4,123,0.1956608146429062,1.2595735788345337,16
44,4,124,0.13458460569381714,0.39199545979499817,16
44,4,125,0.2846391797065735,0.6555435061454773,16
44,4,126,0.11689189076423645,0.6743523478507996,16
44,4,127,0.10263326019048691,0.4102317690849304,16
44,4,128,0.22179251909255981,0.9015771150588989,16
44,4,129,0.17557263374328613,0.571343719959259,16
44,4,130,0.1603567898273468,0.6967492699623108,16
44,4,131,0.20901411771774292,1.0937905311584473,16
44,4,132,0.22340813279151917,2.76104736328125,16
44,4,133,0.22829970717430115,0.7850792407989502,16
44,4,134,0.13554656505584717,0.46500521898269653,16
44,4,135,0.11314473301172256,0.7865368127822876,16
44,4,136,0.2158290147781372,0.7032054662704468,16
44,4,137,0.15245984494686127,0.6274063587188721,16
44,4,138,0.17745539546012878,0.9701611995697021,16
44,4,139,0.20550782978534698,0.872416079044342,16
44,4,140,0.153142511844635,1.3198966979980469,16
44,4,141,0.2069133222103119,0.5391576886177063,16
44,4,142,0.11228178441524506,0.4778330624103546,16
44,4,143,0.1657644808292389,0.681440532207489,16
44,4,144,0.20056815445423126,1.573420524597168,16
44,4,145,0.13468365371227264,0.7924465537071228,16
44,4,146,0.16737495362758636,0.8326640725135803,16
44,4,147,0.1694829910993576,0.5187186598777771,16
44,4,148,0.18410809338092804,1.3685903549194336,16
44,4,149,0.2343291938304901,2.9442124366760254,16
44,4,150,0.20309501886367798,0.9661476612091064,16
44,4,151,0.10668230056762695,0.7324601411819458,16
44,4,152,0.18767152726650238,0.7923623919487,16
44,4,153,0.1924065351486206,1.3077691793441772,16
44,4,154,0.1945585310459137,1.0636459589004517,16
44,4,155,0.17742174863815308,1.1949191093444824,16
44,4,156,0.1637723743915558,0.5170915722846985,16
44,4,157,0.15228955447673798,1.0762994289398193,16
44,4,158,0.18210718035697937,0.43803519010543823,16
44,4,159,0.22193647921085358,0.9631884694099426,16
44,4,160,0.2131965160369873,0.9157856702804565,16
44,4,161,0.14314475655555725,2.3008627891540527,16
44,4,162,0.17693179845809937,2.05316162109375,16
44,4,163,0.1230083778500557,1.113347053527832,16
44,4,164,0.192196324467659,0.7733820080757141,16
44,4,165,0.19959032535552979,0.8826970458030701,16
44,4,166,0.20856638252735138,1.1125344038009644,16
44,4,167,0.1811574101448059,2.8897547721862793,16
44,4,168,0.2184230387210846,2.6265525817871094,16
44,4,169,0.14002394676208496,0.4970484673976898,16
44,4,170,0.1899702250957489,1.0914437770843506,16
44,4,171,0.16318723559379578,1.6228680610656738,16
44,4,172,0.16351577639579773,1.750563144683838,16
44,4,173,0.19322168827056885,0.43717750906944275,16
44,4,174,0.2646024227142334,0.7135764956474304,16
44,4,175,0.16866472363471985,0.9851937890052795,16
44,4,176,0.2034299671649933,1.3268427848815918,16
44,4,177,0.19081658124923706,1.2552517652511597,16
44,4,178,0.16308917105197906,1.4924389123916626,16
44,4,179,0.2783266305923462,3.523515224456787,16
44,4,180,0.20152509212493896,0.8761229515075684,16
44,4,181,0.22063115239143372,1.479437232017517,16
44,4,182,0.16208294034004211,1.02958345413208,16
44,4,183,0.19758470356464386,1.325949788093567,16
44,4,184,0.1584019958972931,1.1948386430740356,16
44,4,185,0.13164004683494568,0.739252507686615,16
44,4,186,0.17680250108242035,1.9335932731628418,16
44,4,187,0.14014682173728943,1.0953179597854614,16
44,4,188,0.22010421752929688,1.1157335042953491,16
44,4,189,0.13667109608650208,1.2317932844161987,16
44,4,190,0.14120922982692719,0.6738358736038208,16
44,4,191,0.1646956205368042,1.3721742630004883,16
44,4,192,0.19756445288658142,0.8797876834869385,16
44,4,193,0.14800316095352173,0.5831786394119263,16
44,4,194,0.14714303612709045,0.80842125415802,16
44,4,195,0.14500485360622406,0.42161622643470764,16
44,4,196,0.18958720564842224,0.8617087602615356,16
44,4,197,0.1608647108078003,0.713543176651001,16
44,4,198,0.15038806200027466,0.45974376797676086,16
44,4,199,0.18248796463012695,1.4348970651626587,16
44,4,200,0.1874915063381195,1.6661245822906494,16
44,4,201,0.1194690614938736,0.8543808460235596,16
44,4,202,0.15615397691726685,1.3744392395019531,16
44,4,203,0.1978844404220581,0.6822249889373779,16
44,4,204,0.1919609010219574,1.2890914678573608,16
44,4,205,0.17298465967178345,0.5655944347381592,16
44,4,206,0.21568617224693298,1.7752985954284668,16
44,4,207,0.14721542596817017,0.6306126713752747,16
44,4,208,0.17378008365631104,0.5952175259590149,16
44,4,209,0.2225271463394165,0.9243488907814026,16
44,4,210,0.108925461769104,0.6118040084838867,16
44,4,211,0.21641069650650024,1.1358373165130615,16
44,4,212,0.0915987640619278,0.27287882566452026,16
44,4,213,0.16218838095664978,1.220986008644104,16
44,4,214,0.19366061687469482,0.5839798450469971,16
44,4,215,0.24913066625595093,2.9881744384765625,16
44,4,216,0.12663815915584564,1.3366329669952393,16
44,4,217,0.1734112650156021,1.4959716796875,16
44,4,218,0.17070263624191284,0.5152884721755981,16
44,4,219,0.17388993501663208,1.142458200454712,16
44,4,220,0.13602277636528015,0.8862436413764954,16
44,4,221,0.15504461526870728,0.983524739742279,16
44,4,222,0.16854900121688843,1.1050645112991333,16
44,4,223,0.1311137080192566,1.1740201711654663,16
44,4,224,0.16862261295318604,0.7220819592475891,16
44,4,225,0.14623117446899414,1.0346661806106567,16
44,4,226,0.1798933744430542,1.2925517559051514,16
44,4,227,0.22285638749599457,1.224300503730774,16
44,4,228,0.1599152833223343,2.4516918659210205,16
44,4,229,0.22446700930595398,1.9503458738327026,16
44,4,230,0.15866327285766602,0.5567231178283691,16
44,4,231,0.10745301097631454,0.8333315253257751,16
44,4,232,0.20435290038585663,1.5940961837768555,16
44,4,233,0.14831936359405518,0.94659423828125,16
44,4,234,0.11601874977350235,2.0836706161499023,16
44,4,235,0.13623541593551636,0.5249889492988586,16
44,4,236,0.1857697069644928,1.0873286724090576,16
44,4,237,0.19627101719379425,0.6880970597267151,16
44,4,238,0.1907275766134262,0.9866927266120911,16
44,4,239,0.2054506540298462,2.6137402057647705,16
44,4,240,0.2042282521724701,2.000481605529785,16
44,4,241,0.1298603117465973,0.8961255550384521,16
44,4,242,0.1956389844417572,0.6966081261634827,16
44,4,243,0.1275155246257782,0.887104332447052,16
44,4,244,0.18341884016990662,1.5614944696426392,16
44,4,245,0.16302263736724854,0.4743896424770355,16
44,4,246,0.18711471557617188,2.1583359241485596,16
44,4,247,0.1384894996881485,0.4283680021762848,16
44,4,248,0.14551925659179688,0.7094793915748596,16
44,4,249,0.13546468317508698,0.6911893486976624,16
44,4,250,0.18424202501773834,1.0837604999542236,16
44,4,251,0.13327524065971375,0.5930429697036743,16
44,4,252,0.12034159153699875,0.5392085909843445,16
44,4,253,0.19528773427009583,1.2568175792694092,16
44,4,254,0.14804044365882874,1.2464792728424072,16
44,4,255,0.1332850456237793,0.45898517966270447,16
44,4,256,0.1646312028169632,1.1143431663513184,16
44,4,257,0.21106639504432678,0.8947480916976929,16
44,4,258,0.1536681354045868,1.3831678628921509,16
44,4,259,0.1545395702123642,1.29409921169281,16
44,4,260,0.17155618965625763,0.4584130346775055,16
44,4,261,0.17484086751937866,0.5944920778274536,16
44,4,262,0.1784069538116455,1.0119105577468872,16
44,4,263,0.13687637448310852,0.6125997304916382,16
42,5,0,0.15488332509994507,0.9241097569465637,16
42,5,1,0.2053031325340271,0.8551501631736755,16
42,5,2,0.19328761100769043,0.7122792601585388,16
42,5,3,0.15534262359142303,0.7582604289054871,16
42,5,4,0.16680997610092163,0.7661232948303223,16
42,5,5,0.23134544491767883,1.4238314628601074,16
42,5,6,0.21312826871871948,0.6247497797012329,16
42,5,7,0.12915128469467163,2.0207161903381348,16
42,5,8,0.1652948558330536,0.9251943826675415,16
42,5,9,0.16899347305297852,0.5331404805183411,16
42,5,10,0.15644587576389313,0.8199946284294128,16
42,5,11,0.17646940052509308,0.34492695331573486,16
42,5,12,0.18302908539772034,0.9274198412895203,16
42,5,13,0.18821963667869568,1.2638885974884033,16
42,5,14,0.1751549243927002,0.7284618616104126,16
42,5,15,0.13775238394737244,0.6141489148139954,16
42,5,16,0.14136241376399994,1.0214221477508545,16
42,5,17,0.12729491293430328,1.0269378423690796,16
42,5,18,0.1680549532175064,0.7494959831237793,16
42,5,19,0.16702423989772797,0.9589071273803711,16
42,5,20,0.18549460172653198,0.8604226112365723,16
42,5,21,0.16153210401535034,1.914451003074646,16
42,5,22,0.19855405390262604,1.3328526020050049,16
42,5,23,0.12359730154275894,1.3528640270233154,16
42,5,24,0.09182434529066086,0.4550366997718811,16
42,5,25,0.15395092964172363,1.528000831604004,16
42,5,26,0.153507262468338,1.2763314247131348,16
42,5,27,0.17861250042915344,0.4812638759613037,16
42,5,28,0.23805998265743256,0.6496908068656921,16
42,5,29,0.21428608894348145,1.0940372943878174,16
42,5,30,0.18586300313472748,1.3491960763931274,16
42,5,31,0.21766293048858643,0.568166971206665,16
42,5,32,0.14107011258602142,1.1514501571655273,16
42,5,33,0.14792369306087494,0.497264564037323,16
42,5,34,0.12581780552864075,0.8503866195678711,16
42,5,35,0.1516176462173462,0.5557618141174316,16
42,5,36,0.1451348066329956,0.64937824010849,16
42,5,37,0.17580050230026245,1.3911573886871338,16
42,5,38,0.13933315873146057,0.7929681539535522,16
42,5,39,0.18942449986934662,0.6469236016273499,16
42,5,40,0.19622954726219177,1.2941011190414429,16
42,5,41,0.12434395402669907,0.5962628722190857,16
42,5,42,0.10210302472114563,0.29562804102897644,16
42,5,43,0.16635096073150635,1.1789202690124512,16
42,5,44,0.1720704287290573,0.820982813835144,16
42,5,45,0.17748761177062988,0.35566261410713196,16
42,5,46,0.09536538273096085,0.7676166296005249,16
42,5,47,0.17828455567359924,0.6095043420791626,16
42,5,48,0.15621092915534973,1.3179067373275757,16
42,5,49,0.26462072134017944,1.9793848991394043,16
42,5,50,0.22614464163780212,0.8793477416038513,16
42,5,51,0.20921270549297333,0.6583930253982544,16
42,5,52,0.14728786051273346,0.5408626794815063,16
42,5,53,0.14592117071151733,0.845999002456665,16
42,5,54,0.10280244052410126,0.4331492483615875,16
42,5,55,0.2290504276752472,0.9667845368385315,16
42,5,56,0.18970221281051636,1.8437923192977905,16
42,5,57,0.1562083661556244,1.2506376504898071,16
42,5,58,0.150931254029274,0.3695813715457916,16
42,5,59,0.18807880580425262,1.1577824354171753,16
42,5,60,0.09007485210895538,0.41691654920578003,16
42,5,61,0.21182408928871155,1.0426064729690552,16
42,5,62,0.15226967632770538,0.47420987486839294,16
42,5,63,0.11336986720561981,0.6834907531738281,16
42,5,64,0.15965324640274048,0.8629876971244812,16
42,5,65,0.11524683237075806,0.7678186297416687,16
42,5,66,0.1397140622138977,1.1786596775054932,16
42,5,67,0.1788398027420044,0.6026522517204285,16
42,5,68,0.14666828513145447,1.6063023805618286,16
42,5,69,0.14791586995124817,0.43044742941856384,16
42,5,70,0.09769973158836365,0.4139682650566101,16
42,5,71,0.15890350937843323,0.9691487550735474,16
42,5,72,0.2097591757774353,0.7955310344696045,16
42,5,73,0.1173265129327774,0.3979356586933136,16
42,5,74,0.14220686256885529,0.45382577180862427,16
42,5,75,0.16969697177410126,0.9676685333251953,16
42,5,76,0.1863095760345459,0.6799234747886658,16
42,5,77,0.1818149983882904,0.8073530197143555,16
42,5,78,0.10124745219945908,0.3557072877883911,16
42,5,79,0.20758911967277527,1.6163508892059326,16
42,5,80,0.18214094638824463,1.2225788831710815,16
42,5,81,0.10669241845607758,0.5227279663085938,16
42,5,82,0.1307375729084015,0.8730340003967285,16
42,5,83,0.1592153161764145,1.0893464088439941,16
42,5,84,0.1360449492931366,0.7294668555259705,16
42,5,85,0.1577393114566803,0.798071563243866,16
42,5,86,0.17407605051994324,0.7658376097679138,16
42,5,87,0.1732378900051117,2.4223453998565674,16
42,5,88,0.15974456071853638,0.7840173840522766,16
42,5,89,0.14612209796905518,0.5056580305099487,16
42,5,90,0.2145776003599167,0.6437402963638306,16
42,5,91,0.150162011384964,0.9054993391036987,16
42,5,92,0.19333180785179138,1.1607731580734253,16
42,5,93,0.1528467833995819,0.9639008641242981,16
42,5,94,0.14793263375759125,1.4622761011123657,16
42,5,95,0.16604535281658173,0.4637514054775238,16
42,5,96,0.14919836819171906,0.9748517870903015,16
42,5,97,0.14433696866035461,0.6368036270141602,16
42,5,98,0.23176535964012146,2.731058120727539,16
42,5,99,0.1629726141691208,1.0248615741729736,16
42,5,100,0.16081875562667847,1.120065689086914,16
42,5,101,0.16198274493217468,1.1358367204666138,16
42,5,102,0.1945154070854187,1.0801286697387695,16
42,5,103,0.18243253231048584,0.9026805758476257,16
42,5,104,0.23761996626853943,2.1920833587646484,16
42,5,105,0.23194868862628937,0.9596559405326843,16
42,5,106,0.17133858799934387,0.7576454877853394,16
42,5,107,0.1714751422405243,0.6667195558547974,16
42,5,108,0.13470801711082458,1.4089598655700684,16
42,5,109,0.12455020099878311,0.6956163644790649,16
42,5,110,0.15854382514953613,0.6194330453872681,16
42,5,111,0.18271249532699585,0.6643675565719604,16
42,5,112,0.2585742473602295,0.7262622714042664,16
42,5,113,0.13746127486228943,0.550469160079956,16
42,5,114,0.1715974509716034,0.9666916728019714,16
42,5,115,0.12587285041809082,0.476298987865448,16
42,5,116,0.16164343059062958,1.3428875207901,16
42,5,117,0.17728625237941742,1.0423189401626587,16
42,5,118,0.17149649560451508,0.9065024852752686,16
42,5,119,0.176291823387146,1.740574598312378,16
42,5,120,0.16684307157993317,1.6231498718261719,16
42,5,121,0.12264744937419891,0.5500919818878174,16
42,5,122,0.17049972712993622,0.7715010046958923,16
42,5,123,0.1560552418231964,1.631177306175232,16
42,5,124,0.14437924325466156,2.186880588531494,16
42,5,125,0.12469750642776489,0.5570229887962341,16
42,5,126,0.1466202735900879,0.5586408972740173,16
42,5,127,0.17067471146583557,0.756649911403656,16
42,5,128,0.176519975066185,4.082324981689453,16
42,5,129,0.25200095772743225,0.6850227117538452,16
42,5,130,0.1986609697341919,0.9482753872871399,16
42,5,131,0.14364683628082275,1.6735578775405884,16
42,5,132,0.11536175012588501,0.7385583519935608,16
42,5,133,0.11622723191976547,0.32774850726127625,16
42,5,134,0.16809473931789398,0.9525115489959717,16
42,5,135,0.24799330532550812,1.4901578426361084,16
42,5,136,0.19117367267608643,1.6186350584030151,16
42,5,137,0.13746660947799683,0.8616311550140381,16
42,5,138,0.10252448916435242,0.5220590233802795,16
42,5,139,0.21273545920848846,1.0647122859954834,16
42,5,140,0.1555454134941101,0.7708576917648315,16
42,5,141,0.16704556345939636,0.5259391665458679,16
42,5,142,0.21390509605407715,0.5411407351493835,16
42,5,143,0.21373480558395386,0.9518952369689941,16
42,5,144,0.14674466848373413,0.6646147966384888,16
42,5,145,0.22921717166900635,1.2612195014953613,16
42,5,146,0.2030978500843048,1.2905443906784058,16
42,5,147,0.19311664998531342,0.8634130954742432,16
42,5,148,0.14254368841648102,0.605695366859436,16
42,5,149,0.16275885701179504,1.3399765491485596,16
42,5,150,0.1615784466266632,0.6925727128982544,16
42,5,151,0.18229301273822784,0.7569072246551514,16
42,5,152,0.18618503212928772,1.2733253240585327,16
42,5,153,0.2283163070678711,0.6841917634010315,16
42,5,154,0.17667964100837708,0.8925960659980774,16
42,5,155,0.19711321592330933,1.4237619638442993,16
42,5,156,0.0936189591884613,0.6835728883743286,16
42,5,157,0.12713834643363953,0.481427401304245,16
42,5,158,0.2239617556333542,1.0506654977798462,16
42,5,159,0.11534250527620316,1.659306526184082,16
42,5,160,0.20984198153018951,1.027605652809143,16
42,5,161,0.19085676968097687,2.0419256687164307,16
42,5,162,0.15897886455059052,0.5312495231628418,16
42,5,163,0.18619121611118317,2.9956319332122803,16
42,5,164,0.19098921120166779,1.865909457206726,16
42,5,165,0.1336718648672104,0.7673739194869995,16
42,5,166,0.12425393611192703,0.6397730112075806,16
42,5,167,0.20861966907978058,0.8015543222427368,16
42,5,168,0.13889193534851074,0.5247224569320679,16
42,5,169,0.1321181058883667,0.6760396957397461,16
42,5,170,0.20776373147964478,1.67600417137146,16
42,5,171,0.1398315131664276,0.3856138288974762,16
42,5,172,0.19453540444374084,1.1395314931869507,16
42,5,173,0.1517060101032257,1.0162428617477417,16
42,5,174,0.15157131850719452,0.5667533278465271,16
42,5,175,0.1184965968132019,0.6083089113235474,16
42,5,176,0.2646792531013489,2.939744472503662,16
42,5,177,0.2537495493888855,0.8311602473258972,16
42,5,178,0.15546268224716187,0.7612277269363403,16
42,5,179,0.15906311571598053,1.0009750127792358,16
42,5,180,0.12846548855304718,1.151448369026184,16
42,5,181,0.15787671506404877,0.6653996109962463,16
42,5,182,0.23251384496688843,0.9191986918449402,16
42,5,183,0.1283213198184967,0.8467534184455872,16
42,5,184,0.19131940603256226,1.403853416442871,16
42,5,185,0.12553691864013672,0.536968469619751,16
42,5,186,0.16887110471725464,0.6749919056892395,16
42,5,187,0.18766571581363678,1.8139342069625854,16
42,5,188,0.20812979340553284,0.7618168592453003,16
42,5,189,0.1959771066904068,0.7441800832748413,16
42,5,190,0.19438347220420837,0.654808521270752,16
42,5,191,0.12725204229354858,1.511725902557373,16
42,5,192,0.13449884951114655,1.3317577838897705,16
42,5,193,0.16408410668373108,0.5819859504699707,16
42,5,194,0.16603755950927734,0.6788187026977539,16
42,5,195,0.1569419652223587,0.5289431214332581,16
42,5,196,0.15415310859680176,0.7272475957870483,16
42,5,197,0.17792415618896484,0.6103494167327881,16
42,5,198,0.2742059826850891,1.353620171546936,16
42,5,199,0.18916109204292297,0.7079494595527649,16
42,5,200,0.17668426036834717,0.5283073782920837,16
42,5,201,0.160150945186615,1.0418635606765747,16
42,5,202,0.18063756823539734,0.7357613444328308,16
42,5,203,0.17534390091896057,1.514522671699524,16
42,5,204,0.22890251874923706,0.6760059595108032,16
42,5,205,0.1802467405796051,0.9815565347671509,16
42,5,206,0.12613138556480408,2.038923740386963,16
42,5,207,0.22407419979572296,1.2837259769439697,16
42,5,208,0.2075430452823639,1.4027482271194458,16
42,5,209,0.17778778076171875,0.5491817593574524,16
42,5,210,0.17717847228050232,1.048481822013855,16
42,5,211,0.16195538640022278,1.0385063886642456,16
42,5,212,0.157619446516037,1.1045551300048828,16
42,5,213,0.15444780886173248,0.7974334955215454,16
42,5,214,0.23426726460456848,1.4137359857559204,16
42,5,215,0.1983126699924469,0.9959944486618042,16
42,5,216,0.09452341496944427,0.5433664917945862,16
42,5,217,0.20758241415023804,1.4065070152282715,16
42,5,218,0.1318078637123108,0.5547539591789246,16
42,5,219,0.14971497654914856,1.36880624294281,16
42,5,220,0.24092939496040344,0.7597171664237976,16
42,5,221,0.17383383214473724,1.0555200576782227,16
42,5,222,0.14809224009513855,0.5681164264678955,16
42,5,223,0.2803836464881897,1.2075753211975098,16
42,5,224,0.22424229979515076,0.6940202116966248,16
42,5,225,0.1735392063856125,0.520508885383606,16
42,5,226,0.15910443663597107,0.45037004351615906,16
42,5,227,0.14384996891021729,0.7796284556388855,16
42,5,228,0.19884534180164337,0.6661877036094666,16
42,5,229,0.18996544182300568,0.8036331534385681,16
42,5,230,0.1755603849887848,0.6203426122665405,16
42,5,231,0.148718923330307,0.4988192021846771,16
42,5,232,0.1417980194091797,0.7776837944984436,16
42,5,233,0.16355983912944794,1.6673246622085571,16
42,5,234,0.1550799012184143,0.7263435125350952,16
42,5,235,0.14941957592964172,0.6785597801208496,16
42,5,236,0.15946781635284424,0.9692746996879578,16
42,5,237,0.2434036284685135,1.097845196723938,16
42,5,238,0.2143266797065735,0.6447542905807495,16
42,5,239,0.22902067005634308,1.40712308883667,16
42,5,240,0.1365351676940918,1.190496563911438,16
42,5,241,0.2551204562187195,0.7453832626342773,16
42,5,242,0.1274096667766571,0.41189172863960266,16
42,5,243,0.13849341869354248,1.1782032251358032,16
42,5,244,0.18661899864673615,0.6051954627037048,16
42,5,245,0.17826619744300842,1.6039612293243408,16
42,5,246,0.19018352031707764,0.5688225626945496,16
42,5,247,0.18781514465808868,0.7964851260185242,16
42,5,248,0.17356760799884796,0.6502820253372192,16
42,5,249,0.17872655391693115,0.7473490238189697,16
42,5,250,0.15216566622257233,0.7605695128440857,16
42,5,251,0.14183533191680908,0.8651546239852905,16
42,5,252,0.18827681243419647,0.4069859981536865,16
42,5,253,0.12695904076099396,0.6923867464065552,16
42,5,254,0.13590876758098602,0.806374728679657,16
42,5,255,0.1775391697883606,0.815380334854126,16
42,5,256,0.16854989528656006,0.8938133120536804,16
42,5,257,0.19077076017856598,0.5645917057991028,16
42,5,258,0.11858856678009033,0.7964301109313965,16
42,5,259,0.25500184297561646,0.9204782843589783,16
42,5,260,0.13734222948551178,0.6174229979515076,16
42,5,261,0.15183161199092865,0.41850340366363525,16
42,5,262,0.13485780358314514,0.7204767465591431,16
42,5,263,0.17948018014431,1.2477518320083618,16
43,5,0,0.1600569784641266,0.5575355291366577,16
43,5,1,0.1674662083387375,0.5756356120109558,16
43,5,2,0.2521671950817108,2.3152341842651367,16
43,5,3,0.18166249990463257,0.6197509169578552,16
43,5,4,0.25626689195632935,1.1268279552459717,16
43,5,5,0.14890271425247192,0.7478132247924805,16
43,5,6,0.20441745221614838,0.8943725228309631,16
43,5,7,0.1794503778219223,0.5698699951171875,16
43,5,8,0.16201117634773254,0.4997130334377289,16
43,5,9,0.1164357140660286,0.41354116797447205,16
43,5,10,0.1753193885087967,0.7739753723144531,16
43,5,11,0.13277727365493774,0.9192783236503601,16
43,5,12,0.1888679563999176,0.4208778440952301,16
43,5,13,0.2716114819049835,1.3911513090133667,16
43,5,14,0.14026471972465515,0.7223678231239319,16
43,5,15,0.22239667177200317,1.1458922624588013,16
43,5,16,0.14129438996315002,0.3469279408454895,16
43,5,17,0.1728186160326004,0.882529079914093,16
43,5,18,0.2796984910964966,2.0036323070526123,16
43,5,19,0.18965420126914978,0.6257541179656982,16
43,5,20,0.20241104066371918,1.094674825668335,16
43,5,21,0.14572836458683014,0.6630480885505676,16
43,5,22,0.18288445472717285,0.9651882648468018,16
43,5,23,0.11362830549478531,0.5500024557113647,16
43,5,24,0.14684537053108215,1.603089690208435,16
43,5,25,0.16430647671222687,0.45371681451797485,16
43,5,26,0.13135908544063568,0.6173796057701111,16
43,5,27,0.24379679560661316,1.1965465545654297,16
43,5,28,0.192458838224411,0.8080067038536072,16
43,5,29,0.20538687705993652,0.6450011134147644,16
43,5,30,0.30627715587615967,1.5399725437164307,16
43,5,31,0.1574770212173462,0.8215222358703613,16
43,5,32,0.1767328679561615,0.8408147692680359,16
43,5,33,0.13948529958724976,0.7020495533943176,16
43,5,34,0.1444777399301529,1.1172268390655518,16
43,5,35,0.18896493315696716,1.3072000741958618,16
43,5,36,0.25111621618270874,0.9375001788139343,16
43,5,37,0.16188842058181763,0.7935002446174622,16
43,5,38,0.21065104007720947,0.5802093744277954,16
43,5,39,0.23040829598903656,1.047066330909729,16
43,5,40,0.16400516033172607,0.7981820702552795,16
43,5,41,0.15980800986289978,0.9681808352470398,16
43,5,42,0.2445153295993805,1.7686586380004883,16
43,5,43,0.17994658648967743,1.1919395923614502,16
43,5,44,0.23367434740066528,1.8846887350082397,16
43,5,45,0.1650533676147461,0.42215660214424133,16
43,5,46,0.2338547706604004,0.9466702342033386,16
43,5,47,0.13569346070289612,0.9001310467720032,16
43,5,48,0.16437076032161713,0.6576560139656067,16
43,5,49,0.1315304934978485,0.2612190246582031,16
43,5,50,0.16447356343269348,0.7742704153060913,16
43,5,51,0.1638631522655487,0.9919224977493286,16
43,5,52,0.2834164500236511,1.5825517177581787,16
43,5,53,0.22102656960487366,1.5605427026748657,16
43,5,54,0.12703338265419006,0.6924346089363098,16
43,5,55,0.20245692133903503,0.8486525416374207,16
43,5,56,0.19849833846092224,0.45172354578971863,16
43,5,57,0.11017071455717087,0.4513082206249237,16
43,5,58,0.22694110870361328,0.39027535915374756,16
43,5,59,0.12045915424823761,0.31870797276496887,16
43,5,60,0.138223335146904,1.3216350078582764,16
43,5,61,0.14744171500205994,0.8102611303329468,16
43,5,62,0.2071537971496582,0.3752969801425934,16
43,5,63,0.2291892170906067,1.367248773574829,16
43,5,64,0.149336040019989,0.6993070840835571,16
43,5,65,0.1525600552558899,1.1172782182693481,16
43,5,66,0.1424209177494049,0.5802271962165833,16
43,5,67,0.20491071045398712,0.7155554890632629,16
43,5,68,0.12444183230400085,0.4714565575122833,16
43,5,69,0.12694266438484192,0.726040244102478,16
43,5,70,0.1832967847585678,0.46052515506744385,16
43,5,71,0.19822373986244202,1.303964614868164,16
43,5,72,0.1316000372171402,1.4411622285842896,16
43,5,73,0.13561341166496277,0.3475331962108612,16
43,5,74,0.19783957302570343,0.7494187355041504,16
43,5,75,0.14477267861366272,0.6509184837341309,16
43,5,76,0.15031012892723083,0.8179160356521606,16
43,5,77,0.24891243875026703,1.9329028129577637,16
43,5,78,0.2605017125606537,0.7141684293746948,16
43,5,79,0.2504063546657562,0.8156400918960571,16
43,5,80,0.23041780292987823,0.8699324131011963,16
43,5,81,0.21674326062202454,0.8251806497573853,16
43,5,82,0.20111201703548431,1.375465750694275,16
43,5,83,0.15347036719322205,1.5751372575759888,16
43,5,84,0.14178693294525146,0.5446805953979492,16
43,5,85,0.14930979907512665,0.7715069651603699,16
43,5,86,0.2655956745147705,1.0408985614776611,16
43,5,87,0.24620577692985535,0.8140878081321716,16
43,5,88,0.1740092635154724,0.6201115846633911,16
43,5,89,0.21096818149089813,2.6256473064422607,16
43,5,90,0.12345685809850693,0.5039075016975403,16
43,5,91,0.18891213834285736,1.2760956287384033,16
43,5,92,0.24840345978736877,1.0060710906982422,16
43,5,93,0.20506536960601807,0.6476348042488098,16
43,5,94,0.17694419622421265,0.9286625981330872,16
43,5,95,0.14715057611465454,0.5735830664634705,16
43,5,96,0.15882600843906403,0.44818389415740967,16
43,5,97,0.1684451848268509,0.666748046875,16
43,5,98,0.16369354724884033,0.8557431101799011,16
43,5,99,0.1467360556125641,0.8237857222557068,16
43,5,100,0.1358923614025116,0.8220356702804565,16
43,5,101,0.13939528167247772,0.8855925798416138,16
43,5,102,0.1462269127368927,0.5819061398506165,16
43,5,103,0.1832517385482788,0.7492620348930359,16
43,5,104,0.17726346850395203,0.4389687776565552,16
43,5,105,0.14410807192325592,1.854231834411621,16
43,5,106,0.16737212240695953,0.4980027675628662,16
43,5,107,0.1385055035352707,0.5196131467819214,16
43,5,108,0.14427904784679413,0.6805557608604431,16
43,5,109,0.1688431203365326,0.8687506914138794,16
43,5,110,0.14185960590839386,1.083000898361206,16
43,5,111,0.14602580666542053,1.012279987335205,16
43,5,112,0.17325258255004883,0.4915766417980194,16
43,5,113,0.1384858638048172,0.597927451133728,16
43,5,114,0.19255441427230835,0.5444764494895935,16
43,5,115,0.16158366203308105,0.6382187604904175,16
43,5,116,0.14035959541797638,0.8756685256958008,16
43,5,117,0.18310807645320892,1.5656832456588745,16
43,5,118,0.16403964161872864,1.0347667932510376,16
43,5,119,0.13639181852340698,0.6893083453178406,16
43,5,120,0.16010220348834991,0.6373471617698669,16
43,5,121,0.1308753788471222,0.6707287430763245,16
43,5,122,0.19769735634326935,0.976524829864502,16
43,5,123,0.17952711880207062,0.490592360496521,16
43,5,124,0.17787277698516846,0.743688702583313,16
43,5,125,0.1435512900352478,0.49572768807411194,16
43,5,126,0.1723606288433075,0.6389778852462769,16
43,5,127,0.15897312760353088,0.5024182796478271,16
43,5,128,0.20215752720832825,0.7223702073097229,16
43,5,129,0.18253496289253235,0.9425263404846191,16
43,5,130,0.17308446764945984,0.31667110323905945,16
43,5,131,0.1731913983821869,0.8164488673210144,16
43,5,132,0.14173847436904907,0.4685226380825043,16
43,5,133,0.13157489895820618,0.5432325601577759,16
43,5,134,0.1865757405757904,0.5725093483924866,16
43,5,135,0.24056655168533325,1.6849279403686523,16
43,5,136,0.15897688269615173,0.6099008321762085,16
43,5,137,0.13981670141220093,0.9039998650550842,16
43,5,138,0.12516696751117706,0.39574044942855835,16
43,5,139,0.15100444853305817,0.4745035171508789,16
43,5,140,0.13491591811180115,1.0363835096359253,16
43,5,141,0.23863235116004944,0.6712611317634583,16
43,5,142,0.17061108350753784,0.6342247128486633,16
43,5,143,0.18128237128257751,1.2265965938568115,16
43,5,144,0.10352718085050583,1.5204226970672607,16
43,5,145,0.1839829683303833,2.3822548389434814,16
43,5,146,0.1785554438829422,1.860716700553894,16
43,5,147,0.17843171954154968,1.1188668012619019,16
43,5,148,0.17380306124687195,2.869530439376831,16
43,5,149,0.1372142732143402,0.30729031562805176,16
43,5,150,0.21400213241577148,0.6080622673034668,16
43,5,151,0.17455440759658813,1.1064810752868652,16
43,5,152,0.21854275465011597,0.5487551689147949,16
43,5,153,0.20824378728866577,0.4706108570098877,16
43,5,154,0.15429437160491943,0.7042930126190186,16
43,5,155,0.15052390098571777,0.4436069428920746,16
43,5,156,0.12997429072856903,0.6735852360725403,16
43,5,157,0.16223441064357758,1.4088668823242188,16
43,5,158,0.22418680787086487,0.641162633895874,16
43,5,159,0.20418408513069153,0.8380864858627319,16
43,5,160,0.15342800319194794,0.5996345281600952,16
43,5,161,0.11036291718482971,0.37247952818870544,16
43,5,162,0.18760168552398682,0.4990434944629669,16
43,5,163,0.22233471274375916,1.158740758895874,16
43,5,164,0.2379438579082489,2.181912899017334,16
43,5,165,0.146245077252388,0.7818546891212463,16
43,5,166,0.30610013008117676,2.2803893089294434,16
43,5,167,0.087359219789505,0.6242571473121643,16
43,5,168,0.25238555669784546,0.9990158677101135,16
43,5,169,0.14838796854019165,0.7318082451820374,16
43,5,170,0.1181274801492691,0.5313190221786499,16
43,5,171,0.11914580315351486,0.3102016746997833,16
43,5,172,0.16692671179771423,0.9652138948440552,16
43,5,173,0.1476845145225525,0.8578494787216187,16
43,5,174,0.16196733713150024,3.1659624576568604,16
43,5,175,0.17989732325077057,0.472883939743042,16
43,5,176,0.21881446242332458,0.44653281569480896,16
43,5,177,0.15566150844097137,1.1619644165039062,16
43,5,178,0.19642409682273865,0.5146991014480591,16
43,5,179,0.18065902590751648,0.9215890765190125,16
43,5,180,0.1897033452987671,1.7871458530426025,16
43,5,181,0.12236098945140839,0.48414379358291626,16
43,5,182,0.12359531223773956,0.9124309420585632,16
43,5,183,0.11953398585319519,1.0167129039764404,16
43,5,184,0.13097165524959564,0.5187944769859314,16
43,5,185,0.22477532923221588,1.2651268243789673,16
43,5,186,0.1261638104915619,0.7219251990318298,16
43,5,187,0.22193296253681183,0.7043332457542419,16
43,5,188,0.14476534724235535,0.4580921530723572,16
43,5,189,0.1972300410270691,0.8102582693099976,16
43,5,190,0.1372370421886444,0.45949533581733704,16
43,5,191,0.2261396050453186,0.6862390637397766,16
43,5,192,0.18868181109428406,0.7034731507301331,16
43,5,193,0.11820639669895172,0.4090852737426758,16
43,5,194,0.13258838653564453,0.8838776350021362,16
43,5,195,0.23129498958587646,0.5910115242004395,16
43,5,196,0.12314891070127487,0.43703287839889526,16
43,5,197,0.1761329025030136,0.8800677061080933,16
43,5,198,0.161920428276062,1.0358318090438843,16
43,5,199,0.126017764210701,0.7153360843658447,16
43,5,200,0.13129761815071106,0.5922470688819885,16
43,5,201,0.1827201098203659,1.031620740890503,16
43,5,202,0.1791532039642334,0.8401683568954468,16
43,5,203,0.18427759408950806,0.4646765887737274,16
43,5,204,0.1976267695426941,0.6828322410583496,16
43,5,205,0.18468594551086426,0.7296407222747803,16
43,5,206,0.23448994755744934,1.2547069787979126,16
43,5,207,0.20089665055274963,1.2746715545654297,16
43,5,208,0.1273002028465271,0.5365930795669556,16
43,5,209,0.1893453299999237,0.7654597163200378,16
43,5,210,0.19783222675323486,0.7644086480140686,16
43,5,211,0.16548806428909302,1.5396571159362793,16
43,5,212,0.19491766393184662,0.9049604535102844,16
43,5,213,0.2858886420726776,0.8801463842391968,16
43,5,214,0.17291516065597534,1.0575448274612427,16
43,5,215,0.12215448915958405,0.4867272973060608,16
43,5,216,0.19737479090690613,1.9219157695770264,16
43,5,217,0.20348618924617767,1.129692554473877,16
43,5,218,0.13529349863529205,0.6888493895530701,16
43,5,219,0.19415493309497833,1.2739243507385254,16
43,5,220,0.1688745617866516,0.6644049286842346,16
43,5,221,0.1728639006614685,0.5730389952659607,16
43,5,222,0.20696452260017395,1.0989513397216797,16
43,5,223,0.21804030239582062,0.8490476012229919,16
43,5,224,0.15976977348327637,0.9136978387832642,16
43,5,225,0.13649845123291016,0.7937906384468079,16
43,5,226,0.21998658776283264,1.603525161743164,16
43,5,227,0.20225006341934204,0.8119549751281738,16
43,5,228,0.1989075243473053,0.6454226970672607,16
43,5,229,0.11799676716327667,0.5726046562194824,16
43,5,230,0.19148467481136322,0.6562384366989136,16
43,5,231,0.1879325956106186,0.7477722764015198,16
43,5,232,0.12753847241401672,0.6385717988014221,16
43,5,233,0.13468794524669647,0.7451334595680237,16
43,5,234,0.19159287214279175,1.2809034585952759,16
43,5,235,0.18904128670692444,1.273956537246704,16
43,5,236,0.1491706222295761,0.5038095116615295,16
43,5,237,0.16024495661258698,0.5243383646011353,16
43,5,238,0.2407926321029663,0.5384964346885681,16
43,5,239,0.22381868958473206,0.7298390865325928,16
43,5,240,0.20911897718906403,1.1772069931030273,16
43,5,241,0.18340322375297546,0.6833949685096741,16
43,5,242,0.2273174524307251,1.2344893217086792,16
43,5,243,0.12915009260177612,0.5720526576042175,16
43,5,244,0.1141924187541008,0.2873125970363617,16
43,5,245,0.17369231581687927,1.4108662605285645,16
43,5,246,0.14249780774116516,0.28592896461486816,16
43,5,247,0.09733881056308746,1.5401417016983032,16
43,5,248,0.16046638786792755,0.5532591342926025,16
43,5,249,0.17980803549289703,1.7513457536697388,16
43,5,250,0.16669760644435883,0.4358460009098053,16
43,5,251,0.18674726784229279,0.8231426477432251,16
43,5,252,0.11855176091194153,0.8547294735908508,16
43,5,253,0.16368970274925232,0.8036197423934937,16
43,5,254,0.16446952521800995,0.6952075958251953,16
43,5,255,0.1461547166109085,1.4867219924926758,16
43,5,256,0.12345989048480988,2.540234327316284,16
43,5,257,0.13880011439323425,0.5572306513786316,16
43,5,258,0.17805705964565277,0.7056481838226318,16
43,5,259,0.1863747239112854,0.49160104990005493,16
43,5,260,0.23639774322509766,1.0213052034378052,16
43,5,261,0.09655795246362686,0.9155062437057495,16
43,5,262,0.18785512447357178,0.9445198178291321,16
43,5,263,0.2144504338502884,1.0253558158874512,16
44,5,0,0.20773234963417053,0.8854305148124695,16
44,5,1,0.08922232687473297,0.34018340706825256,16
44,5,2,0.15748262405395508,0.5383356809616089,16
44,5,3,0.14860747754573822,0.499999076128006,16
44,5,4,0.19195663928985596,0.9271259903907776,16
44,5,5,0.2186357080936432,1.5455694198608398,16
44,5,6,0.10043932497501373,0.6569933295249939,16
44,5,7,0.1616998016834259,1.6239601373672485,16
44,5,8,0.1337309181690216,0.40905100107192993,16
44,5,9,0.16128137707710266,1.0541003942489624,16
44,5,10,0.1956072449684143,1.1128880977630615,16
44,5,11,0.15177173912525177,0.5613784790039062,16
44,5,12,0.202152281999588,0.6200860738754272,16
44,5,13,0.17032098770141602,0.698681116104126,16
44,5,14,0.13245099782943726,0.9378097057342529,16
44,5,15,0.1584988236427307,0.34431272745132446,16
44,5,16,0.15112021565437317,0.6195291876792908,16
44,5,17,0.16183534264564514,0.9399080872535706,16
44,5,18,0.09526371210813522,0.23056679964065552,16
44,5,19,0.14751997590065002,0.4644833207130432,16
44,5,20,0.2659909725189209,1.207811951637268,16
44,5,21,0.19022010266780853,1.0719796419143677,16
44,5,22,0.15844640135765076,1.3156352043151855,16
44,5,23,0.14090807735919952,0.6954552531242371,16
44,5,24,0.1574912667274475,0.36891764402389526,16
44,5,25,0.1489262878894806,0.5493900179862976,16
44,5,26,0.1440710574388504,0.9180632829666138,16
44,5,27,0.14916196465492249,0.5927671194076538,16
44,5,28,0.1798294484615326,0.6051552295684814,16
44,5,29,0.1686997264623642,0.7128457427024841,16
44,5,30,0.19778001308441162,0.5961085557937622,16
44,5,31,0.14487099647521973,0.47947466373443604,16
44,5,32,0.19365577399730682,0.8287965655326843,16
44,5,33,0.20989437401294708,1.8789176940917969,16
44,5,34,0.10243481397628784,0.5144320130348206,16
44,5,35,0.24641412496566772,2.216353416442871,16
44,5,36,0.253676176071167,1.1825854778289795,16
44,5,37,0.19349022209644318,3.4013350009918213,16
44,5,38,0.16260239481925964,1.4511497020721436,16
44,5,39,0.13364923000335693,1.2485378980636597,16
44,5,40,0.1961616724729538,0.5302082300186157,16
44,5,41,0.1585041880607605,1.237156867980957,16
44,5,42,0.13799425959587097,1.052093744277954,16
44,5,43,0.2239461988210678,1.2092918157577515,16
44,5,44,0.15211604535579681,0.8212461471557617,16
44,5,45,0.129126638174057,2.722808361053467,16
44,5,46,0.1284695267677307,0.8339521288871765,16
44,5,47,0.16035519540309906,0.5702196359634399,16
44,5,48,0.18036527931690216,1.0525586605072021,16
44,5,49,0.07518594712018967,0.4677963852882385,16
44,5,50,0.12235502153635025,0.5753894448280334,16
44,5,51,0.1562434732913971,1.0891294479370117,16
44,5,52,0.18045282363891602,0.8112397789955139,16
44,5,53,0.12702813744544983,0.5865792036056519,16
44,5,54,0.14497357606887817,0.36416757106781006,16
44,5,55,0.1680547595024109,1.6342802047729492,16
44,5,56,0.20489273965358734,0.5978101491928101,16
44,5,57,0.12469501793384552,0.3855748772621155,16
44,5,58,0.2214365005493164,0.7782273888587952,16
44,5,59,0.1371718943119049,0.6844117045402527,16
44,5,60,0.14330126345157623,0.6608231663703918,16
44,5,61,0.1529208868741989,0.7760732173919678,16
44,5,62,0.17914001643657684,0.6636626720428467,16
44,5,63,0.11363393813371658,1.3103411197662354,16
44,5,64,0.24430088698863983,1.8248913288116455,16
44,5,65,0.1458742767572403,0.5566316246986389,16
44,5,66,0.13627535104751587,0.7937895059585571,16
44,5,67,0.2656196653842926,1.2026082277297974,16
44,5,68,0.32191768288612366,0.9929201602935791,16
44,5,69,0.15875330567359924,0.8240565061569214,16
44,5,70,0.19098545610904694,1.0418397188186646,16
44,5,71,0.17606616020202637,1.8702125549316406,16
44,5,72,0.16777020692825317,0.8918583989143372,16
44,5,73,0.13821353018283844,0.3695526123046875,16
44,5,74,0.14242853224277496,0.8078837394714355,16
44,5,75,0.17603614926338196,1.3847321271896362,16
44,5,76,0.26194220781326294,1.8199305534362793,16
44,5,77,0.13429129123687744,0.2980548143386841,16
44,5,78,0.16155549883842468,0.8560341596603394,16
44,5,79,0.14811192452907562,0.7929103970527649,16
44,5,80,0.16859588027000427,0.7967805862426758,16
44,5,81,0.16012901067733765,1.573700189590454,16
44,5,82,0.15676246583461761,3.181309700012207,16
44,5,83,0.15400883555412292,0.9356590509414673,16
44,5,84,0.20535817742347717,3.5145230293273926,16
44,5,85,0.20588168501853943,1.3231388330459595,16
44,5,86,0.13244503736495972,0.9504644274711609,16
44,5,87,0.21050304174423218,0.6280618906021118,16
44,5,88,0.17610257863998413,0.7531152367591858,16
44,5,89,0.14356644451618195,0.5617702603340149,16
44,5,90,0.17465966939926147,1.6212435960769653,16
44,5,91,0.2057688683271408,0.7990731000900269,16
44,5,92,0.15998004376888275,1.1067262887954712,16
44,5,93,0.15977264940738678,1.755947470664978,16
44,5,94,0.1994021236896515,1.138938307762146,16
44,5,95,0.17336028814315796,0.5360926985740662,16
44,5,96,0.16811838746070862,0.9640672206878662,16
44,5,97,0.1710337996482849,1.1586068868637085,16
44,5,98,0.1642940491437912,0.9936643242835999,16
44,5,99,0.17679166793823242,0.8559256792068481,16
44,5,100,0.1228916198015213,1.0149697065353394,16
44,5,101,0.1913447380065918,0.3574322760105133,16
44,5,102,0.21640411019325256,0.8363907933235168,16
44,5,103,0.08746890723705292,0.3440457880496979,16
44,5,104,0.15762534737586975,0.7382254600524902,16
44,5,105,0.17323234677314758,0.9587392807006836,16
44,5,106,0.20089179277420044,0.7385277152061462,16
44,5,107,0.1146944910287857,0.6963577270507812,16
44,5,108,0.15931513905525208,0.7414863705635071,16
44,5,109,0.13305549323558807,0.9969982504844666,16
44,5,110,0.22132454812526703,0.9544394612312317,16
44,5,111,0.17676612734794617,0.28040072321891785,16
44,5,112,0.14367380738258362,0.4546999931335449,16
44,5,113,0.15777119994163513,0.6848883628845215,16
44,5,114,0.19217658042907715,0.9991074800491333,16
44,5,115,0.1481846570968628,0.7313457131385803,16
44,5,116,0.15501415729522705,0.6804337501525879,16
44,5,117,0.15190169215202332,0.7309384346008301,16
44,5,118,0.1291528344154358,0.8256667852401733,16
44,5,119,0.18979781866073608,1.602236032485962,16
44,5,120,0.15880292654037476,1.816489577293396,16
44,5,121,0.20236825942993164,1.0393953323364258,16
44,5,122,0.11941591650247574,0.6243571043014526,16
44,5,123,0.26285332441329956,1.5396534204483032,16
44,5,124,0.09549589455127716,0.8471678495407104,16
44,5,125,0.23082643747329712,1.4052276611328125,16
44,5,126,0.1612238734960556,0.473877876996994,16
44,5,127,0.17163649201393127,0.44267281889915466,16
44,5,128,0.1728973090648651,0.8897271752357483,16
44,5,129,0.2387983798980713,0.7034096121788025,16
44,5,130,0.11976118385791779,0.6172305941581726,16
44,5,131,0.19292482733726501,0.6023750901222229,16
44,5,132,0.14118558168411255,0.6432269215583801,16
44,5,133,0.1695999652147293,0.9605398178100586,16
44,5,134,0.16519242525100708,0.4772679805755615,16
44,5,135,0.13746967911720276,0.5501828193664551,16
44,5,136,0.18606692552566528,2.358405351638794,16
44,5,137,0.15813051164150238,0.5744355916976929,16
44,5,138,0.10781759023666382,1.5291240215301514,16
44,5,139,0.16926640272140503,0.920653223991394,16
44,5,140,0.21608079969882965,1.3954166173934937,16
44,5,141,0.16438907384872437,0.9743648171424866,16
44,5,142,0.16778911650180817,1.302932620048523,16
44,5,143,0.17364896833896637,1.0244089365005493,16
44,5,144,0.18944701552391052,1.2812845706939697,16
44,5,145,0.20910635590553284,0.6141006946563721,16
44,5,146,0.12389889359474182,0.6858723163604736,16
44,5,147,0.1581849604845047,0.6401310563087463,16
44,5,148,0.1365102082490921,0.8360335826873779,16
44,5,149,0.2217443436384201,1.181747317314148,16
44,5,150,0.1567709594964981,0.9252520799636841,16
44,5,151,0.14958012104034424,0.4485187530517578,16
44,5,152,0.29666852951049805,0.9027939438819885,16
44,5,153,0.1624753624200821,1.7461299896240234,16
44,5,154,0.19854781031608582,0.8275862336158752,16
44,5,155,0.16947168111801147,0.7604660391807556,16
44,5,156,0.0937667191028595,0.6023972034454346,16
44,5,157,0.16072174906730652,1.011518120765686,16
44,5,158,0.14723515510559082,0.47071248292922974,16
44,5,159,0.16467329859733582,0.7850345969200134,16
44,5,160,0.11163439601659775,0.6110715866088867,16
44,5,161,0.11334246397018433,0.48778560757637024,16
44,5,162,0.1784089356660843,1.313568115234375,16
44,5,163,0.15088008344173431,0.5907902717590332,16
44,5,164,0.2215178906917572,0.6881865859031677,16
44,5,165,0.13276320695877075,0.7046257853507996,16
44,5,166,0.1809101104736328,1.024794578552246,16
44,5,167,0.1281311810016632,0.7725133299827576,16
44,5,168,0.27653953433036804,0.7447301745414734,16
44,5,169,0.2600001394748688,2.074641466140747,16
44,5,170,0.17784437537193298,1.284697413444519,16
44,5,171,0.11714845150709152,1.784029245376587,16
44,5,172,0.14830425381660461,0.45876798033714294,16
44,5,173,0.21565890312194824,0.8786121010780334,16
44,5,174,0.20594289898872375,1.3344941139221191,16
44,5,175,0.15728093683719635,0.806380569934845,16
44,5,176,0.10216476023197174,0.5959222912788391,16
44,5,177,0.132826566696167,0.30129870772361755,16
44,5,178,0.1939995437860489,0.5177628397941589,16
44,5,179,0.21333515644073486,0.8212727904319763,16
44,5,180,0.20580706000328064,1.1380707025527954,16
44,5,181,0.14925986528396606,0.8668272495269775,16
44,5,182,0.215923011302948,0.7747932076454163,16
44,5,183,0.14806677401065826,0.5509579181671143,16
44,5,184,0.17399290204048157,1.4071098566055298,16
44,5,185,0.17195993661880493,0.6506896615028381,16
44,5,186,0.2074422836303711,1.1615993976593018,16
44,5,187,0.14196598529815674,0.6901172995567322,16
44,5,188,0.14408811926841736,0.675182580947876,16
44,5,189,0.19562788307666779,0.9330310225486755,16
44,5,190,0.18050581216812134,0.7923595309257507,16
44,5,191,0.16510707139968872,0.5197669863700867,16
44,5,192,0.13920074701309204,0.5225348472595215,16
44,5,193,0.14852333068847656,1.0969234704971313,16
44,5,194,0.18619602918624878,0.5032556056976318,16
44,5,195,0.18363282084465027,0.6066642999649048,16
44,5,196,0.10730220377445221,0.5064655542373657,16
44,5,197,0.15979020297527313,0.4915848970413208,16
44,5,198,0.11344393342733383,1.3303779363632202,16
44,5,199,0.28723540902137756,1.0236706733703613,16
44,5,200,0.09679289907217026,0.31750327348709106,16
44,5,201,0.11728401482105255,0.45997652411460876,16
44,5,202,0.14200755953788757,1.042152762413025,16
44,5,203,0.20557615160942078,0.7602719664573669,16
44,5,204,0.11783488094806671,0.40380844473838806,16
44,5,205,0.13635104894638062,1.3998116254806519,16
44,5,206,0.17185628414154053,0.6438115835189819,16
44,5,207,0.15894277393817902,1.3943676948547363,16
44,5,208,0.12163015455007553,0.7377461791038513,16
44,5,209,0.15325120091438293,1.2295736074447632,16
44,5,210,0.17575624585151672,0.48800233006477356,16
44,5,211,0.14814278483390808,0.6872274875640869,16
44,5,212,0.22417794167995453,1.1940592527389526,16
44,5,213,0.20819245278835297,0.8097439408302307,16
44,5,214,0.2321902960538864,1.2870341539382935,16
44,5,215,0.16953682899475098,0.529365599155426,16
44,5,216,0.15368054807186127,1.129789113998413,16
44,5,217,0.17634212970733643,1.0549455881118774,16
44,5,218,0.18163180351257324,0.8253076076507568,16
44,5,219,0.1888076812028885,1.0911881923675537,16
44,5,220,0.17153766751289368,1.0371042490005493,16
44,5,221,0.18067067861557007,1.6307278871536255,16
44,5,222,0.1726178526878357,0.5538183450698853,16
44,5,223,0.1679399162530899,1.34513258934021,16
44,5,224,0.18578943610191345,0.7422617673873901,16
44,5,225,0.22995370626449585,0.9478360414505005,16
44,5,226,0.13319823145866394,0.5218290686607361,16
44,5,227,0.20447653532028198,1.9624061584472656,16
44,5,228,0.16379830241203308,1.39983332157135,16
44,5,229,0.22565628588199615,0.71457439661026,16
44,5,230,0.18875937163829803,0.927098274230957,16
44,5,231,0.14408043026924133,0.913804829120636,16
44,5,232,0.18438413739204407,0.7362306714057922,16
44,5,233,0.1940193772315979,0.5116524696350098,16
44,5,234,0.199506014585495,1.567285418510437,16
44,5,235,0.12178109586238861,0.6483603715896606,16
44,5,236,0.1936267912387848,0.7056925892829895,16
44,5,237,0.1780933439731598,0.7066248655319214,16
44,5,238,0.16544246673583984,0.8687715530395508,16
44,5,239,0.22028978168964386,1.308314561843872,16
44,5,240,0.14444765448570251,0.4849872291088104,16
44,5,241,0.1466977298259735,0.4484751224517822,16
44,5,242,0.19488614797592163,0.8419869542121887,16
44,5,243,0.10186716914176941,0.8805739283561707,16
44,5,244,0.08650489151477814,1.0033214092254639,16
44,5,245,0.17515289783477783,1.1542994976043701,16
44,5,246,0.18584032356739044,0.9258320331573486,16
44,5,247,0.11463286727666855,1.0527992248535156,16
44,5,248,0.12157674133777618,0.5543954968452454,16
44,5,249,0.1288919895887375,1.1051746606826782,16
44,5,250,0.15812154114246368,1.167036771774292,16
44,5,251,0.13872171938419342,0.640184760093689,16
44,5,252,0.10667402297258377,0.5111428499221802,16
44,5,253,0.19112220406532288,0.9641146063804626,16
44,5,254,0.18495389819145203,1.2677081823349,16
44,5,255,0.1652444303035736,1.6272848844528198,16
44,5,256,0.10859435796737671,0.7644139528274536,16
44,5,257,0.13800786435604095,0.5174806118011475,16
44,5,258,0.16903114318847656,1.2229862213134766,16
44,5,259,0.17683851718902588,1.3268872499465942,16
44,5,260,0.15642854571342468,1.2079106569290161,16
44,5,261,0.17056696116924286,3.775148868560791,16
44,5,262,0.1812584102153778,0.8200277090072632,16
44,5,263,0.1264043152332306,0.7593925595283508,16
