seed,epoch,step,loss,gradient_norm_before_clip,presentations
42,1,0,0.23894010484218597,0.057565346360206604,16
42,1,1,0.19331082701683044,0.033681418746709824,16
42,1,2,0.281719446182251,0.05801483616232872,16
42,1,3,0.26550793647766113,0.06243470683693886,16
42,1,4,0.27956604957580566,0.05311807245016098,16
42,1,5,0.2128213495016098,0.04731723293662071,16
42,1,6,0.2767452597618103,0.07654187828302383,16
42,1,7,0.33944469690322876,0.0731741413474083,16
42,1,8,0.233838751912117,0.06583420932292938,16
42,1,9,0.24150729179382324,0.06377406418323517,16
42,1,10,0.24736271798610687,0.05511056259274483,16
42,1,11,0.28685057163238525,0.06961425393819809,16
42,1,12,0.3068274259567261,0.07105185836553574,16
42,1,13,0.2906379997730255,0.07707034796476364,16
42,1,14,0.21970069408416748,0.052748728543519974,16
42,1,15,0.2028997838497162,0.04247039556503296,16
42,1,16,0.2552817761898041,0.06181751564145088,16
42,1,17,0.2873534858226776,0.0650789812207222,16
42,1,18,0.22017589211463928,0.07240597903728485,16
42,1,19,0.26261937618255615,0.09712725132703781,16
42,1,20,0.2488672286272049,0.0669497698545456,16
42,1,21,0.40773212909698486,0.11182345449924469,16
42,1,22,0.2639163136482239,0.08498112112283707,16
42,1,23,0.2246931493282318,0.07071110606193542,16
42,1,24,0.22541444003582,0.059521276503801346,16
42,1,25,0.21293623745441437,0.08263848721981049,16
42,1,26,0.271236777305603,0.10792867094278336,16
42,1,27,0.21085971593856812,0.08384384959936142,16
42,1,28,0.22653844952583313,0.07810793817043304,16
42,1,29,0.2459104061126709,0.11410755664110184,16
42,1,30,0.260667622089386,0.0884154736995697,16
42,1,31,0.27077174186706543,0.07526379823684692,16
42,1,32,0.20812605321407318,0.07465335726737976,16
42,1,33,0.28372782468795776,0.12873394787311554,16
42,1,34,0.29907679557800293,0.09735973924398422,16
42,1,35,0.327669620513916,0.08058197796344757,16
42,1,36,0.24718496203422546,0.08738045394420624,16
42,1,37,0.2549821436405182,0.07328248769044876,16
42,1,38,0.24512642621994019,0.0695054903626442,16
42,1,39,0.2765887975692749,0.14164334535598755,16
42,1,40,0.33736327290534973,0.1512090265750885,16
42,1,41,0.282199501991272,0.09806135296821594,16
42,1,42,0.17702147364616394,0.0710858479142189,16
42,1,43,0.2582409679889679,0.07743854820728302,16
42,1,44,0.26248306035995483,0.12417693436145782,16
42,1,45,0.2535597085952759,0.11675619333982468,16
42,1,46,0.21524345874786377,0.09347599744796753,16
42,1,47,0.26233983039855957,0.13299408555030823,16
42,1,48,0.28563302755355835,0.07552266865968704,16
42,1,49,0.24910515546798706,0.12081064283847809,16
42,1,50,0.24799637496471405,0.11246498674154282,16
42,1,51,0.30393028259277344,0.10036731511354446,16
42,1,52,0.22590357065200806,0.13816648721694946,16
42,1,53,0.27289944887161255,0.10561937838792801,16
42,1,54,0.2014470398426056,0.07267160713672638,16
42,1,55,0.28341567516326904,0.10352673381567001,16
42,1,56,0.22358745336532593,0.13488350808620453,16
42,1,57,0.31713607907295227,0.171575665473938,16
42,1,58,0.19204431772232056,0.08496435731649399,16
42,1,59,0.301169216632843,0.09832091629505157,16
42,1,60,0.2328733503818512,0.1450788378715515,16
42,1,61,0.22563177347183228,0.1367531716823578,16
42,1,62,0.20951607823371887,0.13104307651519775,16
42,1,63,0.33614760637283325,0.21194738149642944,16
42,1,64,0.23896922171115875,0.1290583610534668,16
42,1,65,0.22486233711242676,0.1792154461145401,16
42,1,66,0.2836540937423706,0.1820719689130783,16
42,1,67,0.27951717376708984,0.10730341821908951,16
42,1,68,0.23543819785118103,0.0931486189365387,16
42,1,69,0.24422584474086761,0.20826727151870728,16
42,1,70,0.2657012343406677,0.13647456467151642,16
42,1,71,0.2821447253227234,0.1722845733165741,16
42,1,72,0.1979016363620758,0.16899172961711884,16
42,1,73,0.3163125813007355,0.13620203733444214,16
42,1,74,0.18627691268920898,0.11534710228443146,16
42,1,75,0.281545490026474,0.17824271321296692,16
42,1,76,0.262805700302124,0.20774905383586884,16
42,1,77,0.29079681634902954,0.14746981859207153,16
42,1,78,0.263871431350708,0.1528487205505371,16
42,1,79,0.27928638458251953,0.17374984920024872,16
42,1,80,0.19559603929519653,0.08697840571403503,16
42,1,81,0.30277174711227417,0.13489475846290588,16
42,1,82,0.24091829359531403,0.14263899624347687,16
42,1,83,0.2861801087856293,0.14625951647758484,16
42,1,84,0.31055188179016113,0.1818486899137497,16
42,1,85,0.24126660823822021,0.15960505604743958,16
42,1,86,0.32778701186180115,0.2308974713087082,16
42,1,87,0.2390102595090866,0.2626708447933197,16
42,1,88,0.2379843294620514,0.1619827002286911,16
42,1,89,0.2567088007926941,0.16891872882843018,16
42,1,90,0.2383018136024475,0.12104079872369766,16
42,1,91,0.22644181549549103,0.12410485744476318,16
42,1,92,0.30165770649909973,0.28520140051841736,16
42,1,93,0.2897529900074005,0.1598130464553833,16
42,1,94,0.22695304453372955,0.26577186584472656,16
42,1,95,0.36082392930984497,0.20077085494995117,16
42,1,96,0.2797330617904663,0.2575875222682953,16
42,1,97,0.20646870136260986,0.19964012503623962,16
42,1,98,0.18733930587768555,0.14638188481330872,16
42,1,99,0.2386128455400467,0.24455153942108154,16
42,1,100,0.24351127445697784,0.09917566180229187,16
42,1,101,0.2407684028148651,0.3467923700809479,16
42,1,102,0.21455103158950806,0.14697155356407166,16
42,1,103,0.20448018610477448,0.2653166949748993,16
42,1,104,0.19034013152122498,0.11916745454072952,16
42,1,105,0.2540358901023865,0.19997695088386536,16
42,1,106,0.19165408611297607,0.21264401078224182,16
42,1,107,0.19793325662612915,0.1427304595708847,16
42,1,108,0.30665498971939087,0.2739271819591522,16
42,1,109,0.25965258479118347,0.21264322102069855,16
42,1,110,0.19349762797355652,0.24436180293560028,16
42,1,111,0.2663504481315613,0.29506608843803406,16
42,1,112,0.22629332542419434,0.21426276862621307,16
42,1,113,0.16623719036579132,0.3642037808895111,16
42,1,114,0.2462647259235382,0.2907409071922302,16
42,1,115,0.260739266872406,0.3131848871707916,16
42,1,116,0.22956599295139313,0.26006242632865906,16
42,1,117,0.20084451138973236,0.11808650195598602,16
42,1,118,0.21783384680747986,0.17158421874046326,16
42,1,119,0.27814075350761414,0.41448354721069336,16
42,1,120,0.27596133947372437,0.2801968455314636,16
42,1,121,0.18330395221710205,0.2533724308013916,16
42,1,122,0.17322711646556854,0.21658888459205627,16
42,1,123,0.23339812457561493,0.27687638998031616,16
42,1,124,0.18914327025413513,0.24633024632930756,16
42,1,125,0.206014484167099,0.1598973274230957,16
42,1,126,0.23649117350578308,0.18549153208732605,16
42,1,127,0.24533207714557648,0.16483370959758759,16
42,1,128,0.18485328555107117,0.24791361391544342,16
42,1,129,0.22730353474617004,0.2754691243171692,16
42,1,130,0.1672983318567276,0.2308764010667801,16
42,1,131,0.1811368614435196,0.18902508914470673,16
42,1,132,0.2553589940071106,0.24718794226646423,16
42,1,133,0.16939562559127808,0.3430953025817871,16
42,1,134,0.23604990541934967,0.31512773036956787,16
42,1,135,0.1871013045310974,0.3293900489807129,16
42,1,136,0.2675304114818573,0.3538523316383362,16
42,1,137,0.18968242406845093,0.46443745493888855,16
42,1,138,0.2363617718219757,0.3180590271949768,16
42,1,139,0.266956090927124,0.36785194277763367,16
42,1,140,0.2028358280658722,0.324778288602829,16
42,1,141,0.24113339185714722,0.30315056443214417,16
42,1,142,0.24160343408584595,0.3113422095775604,16
42,1,143,0.18060509860515594,0.26205703616142273,16
42,1,144,0.20474161207675934,0.3358643352985382,16
42,1,145,0.2348255217075348,0.2252245396375656,16
42,1,146,0.18672659993171692,0.6075653433799744,16
42,1,147,0.2291782796382904,0.37665727734565735,16
42,1,148,0.229917511343956,0.16841046512126923,16
42,1,149,0.11401917040348053,0.22779302299022675,16
42,1,150,0.27598729729652405,0.5497890710830688,16
42,1,151,0.16374722123146057,0.3362112045288086,16
42,1,152,0.2645725607872009,0.19393552839756012,16
42,1,153,0.2170400321483612,0.24913519620895386,16
42,1,154,0.21584093570709229,0.2794885039329529,16
42,1,155,0.18783250451087952,0.34450364112854004,16
42,1,156,0.21816220879554749,0.41127637028694153,16
42,1,157,0.30171364545822144,0.35427001118659973,16
42,1,158,0.19472680985927582,0.3521011173725128,16
42,1,159,0.19053982198238373,0.20515044033527374,16
42,1,160,0.18184736371040344,0.30773255228996277,16
42,1,161,0.19696149230003357,0.2697465121746063,16
42,1,162,0.17875666916370392,0.25543853640556335,16
42,1,163,0.21982140839099884,0.5709869265556335,16
42,1,164,0.249473437666893,0.7823962569236755,16
42,1,165,0.18600593507289886,0.35729193687438965,16
42,1,166,0.1891402006149292,0.4221576750278473,16
42,1,167,0.158759206533432,0.3423886001110077,16
42,1,168,0.27389785647392273,0.46984153985977173,16
42,1,169,0.21802490949630737,0.321046382188797,16
42,1,170,0.23191316425800323,0.23242855072021484,16
42,1,171,0.14081327617168427,0.42228278517723083,16
42,1,172,0.20417596399784088,0.26477059721946716,16
42,1,173,0.21484273672103882,0.4340323805809021,16
42,1,174,0.2636393904685974,0.24346831440925598,16
42,1,175,0.12359259277582169,0.2763926088809967,16
42,1,176,0.09887126833200455,0.3489019274711609,16
42,1,177,0.21561330556869507,0.22721879184246063,16
42,1,178,0.14874505996704102,0.5452800393104553,16
42,1,179,0.2365221083164215,0.2715660333633423,16
42,1,180,0.21571475267410278,0.3107109069824219,16
42,1,181,0.2364599108695984,0.387452632188797,16
42,1,182,0.19226518273353577,0.5065600275993347,16
42,1,183,0.1837194561958313,0.43309974670410156,16
42,1,184,0.1670801043510437,0.2998104393482208,16
42,1,185,0.12389031797647476,0.2538421154022217,16
42,1,186,0.1937723159790039,0.5245976448059082,16
42,1,187,0.1974242925643921,0.4111064374446869,16
42,1,188,0.1369246542453766,0.41305288672447205,16
42,1,189,0.2273891419172287,1.0913704633712769,16
42,1,190,0.1807950735092163,0.3351009488105774,16
42,1,191,0.20873001217842102,0.5044153928756714,16
42,1,192,0.2339012771844864,1.1604912281036377,16
42,1,193,0.1960580050945282,1.9405384063720703,16
42,1,194,0.2586138844490051,0.7273290753364563,16
42,1,195,0.20501494407653809,0.3616634011268616,16
42,1,196,0.20627999305725098,1.0594336986541748,16
42,1,197,0.21254225075244904,0.5244693160057068,16
42,1,198,0.1390392780303955,0.43713122606277466,16
42,1,199,0.11807640641927719,0.4024137258529663,16
42,1,200,0.1927272379398346,0.4888193607330322,16
42,1,201,0.1467292457818985,0.39719393849372864,16
42,1,202,0.24498960375785828,0.3250197172164917,16
42,1,203,0.16001933813095093,0.3439801037311554,16
42,1,204,0.16733640432357788,0.3190416991710663,16
42,1,205,0.1967896819114685,0.1866949051618576,16
42,1,206,0.20422126352787018,0.42072224617004395,16
42,1,207,0.22808104753494263,0.3050064742565155,16
42,1,208,0.11326266825199127,0.3225018084049225,16
42,1,209,0.2022894322872162,0.6677592992782593,16
42,1,210,0.23187564313411713,0.7046436071395874,16
42,1,211,0.23243312537670135,0.5194213390350342,16
42,1,212,0.17060714960098267,0.47966885566711426,16
42,1,213,0.14198219776153564,0.5139378309249878,16
42,1,214,0.19180744886398315,0.6499267220497131,16
42,1,215,0.2037850022315979,0.6053586602210999,16
42,1,216,0.18883918225765228,0.5371655225753784,16
42,1,217,0.17345693707466125,0.4325999319553375,16
42,1,218,0.1435760259628296,0.5971425771713257,16
42,1,219,0.19391518831253052,0.6798156499862671,16
42,1,220,0.29344844818115234,0.6724962592124939,16
42,1,221,0.19527897238731384,0.2738279700279236,16
42,1,222,0.16917462646961212,0.6281587481498718,16
42,1,223,0.12132043391466141,0.42068544030189514,16
42,1,224,0.168187215924263,0.5017423629760742,16
42,1,225,0.11942128837108612,0.5722187757492065,16
42,1,226,0.16388246417045593,0.31767895817756653,16
42,1,227,0.19475208222866058,0.2840946912765503,16
42,1,228,0.18459948897361755,0.48905059695243835,16
42,1,229,0.09267748892307281,0.14524398744106293,16
42,1,230,0.1887999176979065,0.6549471616744995,16
42,1,231,0.18295954167842865,0.2556706368923187,16
42,1,232,0.17739328742027283,0.5951941013336182,16
42,1,233,0.14836005866527557,0.34534919261932373,16
42,1,234,0.19884847104549408,0.8612795472145081,16
42,1,235,0.1460813283920288,0.31207069754600525,16
42,1,236,0.15556810796260834,0.40423721075057983,16
42,1,237,0.14055320620536804,0.744664192199707,16
42,1,238,0.174010768532753,0.4004767835140228,16
42,1,239,0.18670186400413513,0.9795901775360107,16
42,1,240,0.19901521503925323,0.357599139213562,16
42,1,241,0.12807348370552063,0.36335399746894836,16
42,1,242,0.2658306956291199,0.6424734592437744,16
42,1,243,0.15136860311031342,0.4758293032646179,16
42,1,244,0.17991578578948975,0.43256044387817383,16
42,1,245,0.21585944294929504,0.93007892370224,16
42,1,246,0.16788087785243988,0.601831316947937,16
42,1,247,0.23298190534114838,0.6589654088020325,16
42,1,248,0.1838269680738449,0.6444987058639526,16
42,1,249,0.12762804329395294,0.27836865186691284,16
42,1,250,0.18351081013679504,0.7728825807571411,16
42,1,251,0.23510414361953735,1.2747516632080078,16
42,1,252,0.157338485121727,0.44227227568626404,16
42,1,253,0.2071574628353119,0.5513147711753845,16
42,1,254,0.20865845680236816,0.40293052792549133,16
42,1,255,0.2681901156902313,0.3877480924129486,16
42,1,256,0.1875656694173813,0.618084192276001,16
42,1,257,0.22222325205802917,0.597623884677887,16
42,1,258,0.22098389267921448,0.31585776805877686,16
42,1,259,0.17889219522476196,0.4762732684612274,16
42,1,260,0.14950981736183167,0.3882966935634613,16
42,1,261,0.17585447430610657,0.37890955805778503,16
42,1,262,0.20539821684360504,0.46549728512763977,16
42,1,263,0.12350312620401382,0.4046671688556671,16
43,1,0,0.22794684767723083,0.03739797696471214,16
43,1,1,0.24741999804973602,0.06032251939177513,16
43,1,2,0.2722029685974121,0.05416570231318474,16
43,1,3,0.18575726449489594,0.05132535099983215,16
43,1,4,0.3124742805957794,0.05898827686905861,16
43,1,5,0.23579353094100952,0.06570962816476822,16
43,1,6,0.2515273690223694,0.04871067404747009,16
43,1,7,0.24434708058834076,0.05890653282403946,16
43,1,8,0.2975383996963501,0.07645009458065033,16
43,1,9,0.23949256539344788,0.05172153562307358,16
43,1,10,0.2700529098510742,0.05990803614258766,16
43,1,11,0.251470685005188,0.06364911794662476,16
43,1,12,0.20471881330013275,0.06546180695295334,16
43,1,13,0.3157714605331421,0.06811075657606125,16
43,1,14,0.26124370098114014,0.05788546800613403,16
43,1,15,0.3006941080093384,0.10774889588356018,16
43,1,16,0.2567695677280426,0.05738385021686554,16
43,1,17,0.24406014382839203,0.09007798880338669,16
43,1,18,0.27429312467575073,0.08090423792600632,16
43,1,19,0.3404235243797302,0.08968605101108551,16
43,1,20,0.22254565358161926,0.06893323361873627,16
43,1,21,0.27587658166885376,0.09696026891469955,16
43,1,22,0.26678717136383057,0.09021970629692078,16
43,1,23,0.30624011158943176,0.08401379734277725,16
43,1,24,0.23924633860588074,0.0901772528886795,16
43,1,25,0.23994414508342743,0.09753147512674332,16
43,1,26,0.2039678990840912,0.06562682241201401,16
43,1,27,0.33430036902427673,0.09062289446592331,16
43,1,28,0.21991561353206635,0.07752369344234467,16
43,1,29,0.22339405119419098,0.08794530481100082,16
43,1,30,0.22075121104717255,0.06486702710390091,16
43,1,31,0.3642726540565491,0.15952661633491516,16
43,1,32,0.3359847664833069,0.09827445447444916,16
43,1,33,0.22769850492477417,0.13657867908477783,16
43,1,34,0.3247961401939392,0.13142898678779602,16
43,1,35,0.277742475271225,0.08689393103122711,16
43,1,36,0.2802097797393799,0.08413060009479523,16
43,1,37,0.24215368926525116,0.11973090469837189,16
43,1,38,0.2331688106060028,0.0661565512418747,16
43,1,39,0.25313133001327515,0.09244156628847122,16
43,1,40,0.2342817634344101,0.07633089274168015,16
43,1,41,0.29239606857299805,0.10069610923528671,16
43,1,42,0.1952497661113739,0.08104915916919708,16
43,1,43,0.22026491165161133,0.06662727147340775,16
43,1,44,0.230449378490448,0.09862411767244339,16
43,1,45,0.2774953842163086,0.1680285483598709,16
43,1,46,0.28079479932785034,0.08874911069869995,16
43,1,47,0.2382608950138092,0.12455412745475769,16
43,1,48,0.3308957815170288,0.12812046706676483,16
43,1,49,0.22795146703720093,0.08512478321790695,16
43,1,50,0.29864704608917236,0.10662528872489929,16
43,1,51,0.15885330736637115,0.058434177190065384,16
43,1,52,0.20756587386131287,0.09849371761083603,16
43,1,53,0.2083660215139389,0.07977093011140823,16
43,1,54,0.2765217125415802,0.16028635203838348,16
43,1,55,0.21723152697086334,0.07889941334724426,16
43,1,56,0.21474748849868774,0.11021573841571808,16
43,1,57,0.3065396547317505,0.1193801611661911,16
43,1,58,0.20571249723434448,0.11626981943845749,16
43,1,59,0.24395869672298431,0.10574708133935928,16
43,1,60,0.29200151562690735,0.12516969442367554,16
43,1,61,0.2583790421485901,0.09757199138402939,16
43,1,62,0.25889939069747925,0.08512604981660843,16
43,1,63,0.1714610904455185,0.07246600091457367,16
43,1,64,0.24547085165977478,0.14742258191108704,16
43,1,65,0.2597372531890869,0.2397756278514862,16
43,1,66,0.2126481980085373,0.10500194132328033,16
43,1,67,0.16897492110729218,0.07928774505853653,16
43,1,68,0.22614671289920807,0.2627717852592468,16
43,1,69,0.2538927495479584,0.09057221561670303,16
43,1,70,0.18025249242782593,0.1175512969493866,16
43,1,71,0.2755258083343506,0.23855625092983246,16
43,1,72,0.2681308388710022,0.11367751657962799,16
43,1,73,0.2500939667224884,0.10383478552103043,16
43,1,74,0.2543894648551941,0.15440666675567627,16
43,1,75,0.21598443388938904,0.12720581889152527,16
43,1,76,0.23469626903533936,0.20073141157627106,16
43,1,77,0.23701593279838562,0.13876254856586456,16
43,1,78,0.2488367110490799,0.09721764922142029,16
43,1,79,0.25556325912475586,0.09161970764398575,16
43,1,80,0.21271760761737823,0.2408393919467926,16
43,1,81,0.24646757543087006,0.24260668456554413,16
43,1,82,0.20734280347824097,0.2533535659313202,16
43,1,83,0.22657595574855804,0.14217063784599304,16
43,1,84,0.25652238726615906,0.16349121928215027,16
43,1,85,0.27732110023498535,0.15715405344963074,16
43,1,86,0.24984420835971832,0.128658264875412,16
43,1,87,0.2859518527984619,0.2685719132423401,16
43,1,88,0.2535616457462311,0.24161045253276825,16
43,1,89,0.21935200691223145,0.10196619480848312,16
43,1,90,0.1821131706237793,0.1417279690504074,16
43,1,91,0.23604679107666016,0.10207093507051468,16
43,1,92,0.2136213481426239,0.15429143607616425,16
43,1,93,0.29989928007125854,0.2293645739555359,16
43,1,94,0.21820957958698273,0.14146332442760468,16
43,1,95,0.2036992609500885,0.19025789201259613,16
43,1,96,0.29353439807891846,0.09358027577400208,16
43,1,97,0.28215038776397705,0.1874663233757019,16
43,1,98,0.30088186264038086,0.17337752878665924,16
43,1,99,0.21237491071224213,0.23872029781341553,16
43,1,100,0.23333017528057098,0.2961490750312805,16
43,1,101,0.20008455216884613,0.2041008025407791,16
43,1,102,0.23183290660381317,0.36439579725265503,16
43,1,103,0.21991199254989624,0.10983511805534363,16
43,1,104,0.21426665782928467,0.10086363554000854,16
43,1,105,0.20952856540679932,0.2550755739212036,16
43,1,106,0.22624871134757996,0.26784324645996094,16
43,1,107,0.354051411151886,0.1370301991701126,16
43,1,108,0.21119357645511627,0.21107128262519836,16
43,1,109,0.21052727103233337,0.4024246633052826,16
43,1,110,0.2780129015445709,0.38318371772766113,16
43,1,111,0.2106364369392395,0.17417247593402863,16
43,1,112,0.23273122310638428,0.19491900503635406,16
43,1,113,0.22672033309936523,0.32286325097084045,16
43,1,114,0.21666020154953003,0.1603849232196808,16
43,1,115,0.17671039700508118,0.16800032556056976,16
43,1,116,0.26088446378707886,0.40158912539482117,16
43,1,117,0.2203947901725769,0.17904256284236908,16
43,1,118,0.19533568620681763,0.15259364247322083,16
43,1,119,0.22762103378772736,0.12098225951194763,16
43,1,120,0.2603461742401123,0.27628040313720703,16
43,1,121,0.20898401737213135,0.3154926896095276,16
43,1,122,0.2044336497783661,0.11191681772470474,16
43,1,123,0.23513954877853394,0.35065096616744995,16
43,1,124,0.21518823504447937,0.2909655272960663,16
43,1,125,0.19826146960258484,0.22417180240154266,16
43,1,126,0.24257363379001617,0.36105799674987793,16
43,1,127,0.22651943564414978,0.3515239357948303,16
43,1,128,0.28611937165260315,0.20137964189052582,16
43,1,129,0.19221070408821106,0.25475558638572693,16
43,1,130,0.21109041571617126,0.1699068695306778,16
43,1,131,0.26020050048828125,0.1517438292503357,16
43,1,132,0.2529154121875763,0.21434718370437622,16
43,1,133,0.2642672061920166,0.3296336233615875,16
43,1,134,0.21999895572662354,0.20774966478347778,16
43,1,135,0.27583935856819153,0.16504016518592834,16
43,1,136,0.23063790798187256,0.3677137494087219,16
43,1,137,0.2563157379627228,0.27953794598579407,16
43,1,138,0.22242474555969238,0.41941744089126587,16
43,1,139,0.21529045701026917,0.2680378556251526,16
43,1,140,0.2022477388381958,0.4780522584915161,16
43,1,141,0.18171630799770355,0.20583100616931915,16
43,1,142,0.30634617805480957,0.18004871904850006,16
43,1,143,0.1509542316198349,0.10397160798311234,16
43,1,144,0.23472294211387634,0.22783738374710083,16
43,1,145,0.2635686695575714,0.22565728425979614,16
43,1,146,0.20362281799316406,0.46256357431411743,16
43,1,147,0.26972144842147827,0.2548597753047943,16
43,1,148,0.23499657213687897,0.26855072379112244,16
43,1,149,0.17265227437019348,0.20653416216373444,16
43,1,150,0.1840750277042389,0.3195449411869049,16
43,1,151,0.17023387551307678,0.21663706004619598,16
43,1,152,0.2069217711687088,0.594252347946167,16
43,1,153,0.20138153433799744,0.300519734621048,16
43,1,154,0.2355453372001648,0.2995545268058777,16
43,1,155,0.1856236457824707,0.24117439985275269,16
43,1,156,0.16597723960876465,0.31679093837738037,16
43,1,157,0.21213702857494354,0.27249598503112793,16
43,1,158,0.12607090175151825,0.2374003529548645,16
43,1,159,0.22073720395565033,0.2482307404279709,16
43,1,160,0.259921133518219,0.23185457289218903,16
43,1,161,0.25239163637161255,0.40555697679519653,16
43,1,162,0.17038032412528992,0.303231418132782,16
43,1,163,0.19407889246940613,0.41519930958747864,16
43,1,164,0.26362887024879456,0.1978306621313095,16
43,1,165,0.22843241691589355,0.2906387150287628,16
43,1,166,0.2807651162147522,0.4486274719238281,16
43,1,167,0.171925887465477,0.2023492008447647,16
43,1,168,0.17583203315734863,0.25749731063842773,16
43,1,169,0.25751060247421265,0.36180517077445984,16
43,1,170,0.27044370770454407,0.3430257737636566,16
43,1,171,0.15841475129127502,0.2793140113353729,16
43,1,172,0.2567359209060669,0.35958132147789,16
43,1,173,0.16947928071022034,0.4087194502353668,16
43,1,174,0.1918400377035141,0.2415626049041748,16
43,1,175,0.14374735951423645,0.26978668570518494,16
43,1,176,0.2459978610277176,0.42910435795783997,16
43,1,177,0.21003907918930054,0.3533579111099243,16
43,1,178,0.21040450036525726,0.5710232853889465,16
43,1,179,0.218387633562088,0.4144063889980316,16
43,1,180,0.19388605654239655,0.36701688170433044,16
43,1,181,0.15147103369235992,0.3672581613063812,16
43,1,182,0.22757206857204437,0.3031865954399109,16
43,1,183,0.26993781328201294,0.5126306414604187,16
43,1,184,0.23035436868667603,0.5852509140968323,16
43,1,185,0.18351514637470245,0.4034745693206787,16
43,1,186,0.17961186170578003,0.49629175662994385,16
43,1,187,0.17601463198661804,0.4191749095916748,16
43,1,188,0.18732568621635437,0.1841508448123932,16
43,1,189,0.1844862699508667,0.5046829581260681,16
43,1,190,0.1722690761089325,0.25233590602874756,16
43,1,191,0.20771637558937073,0.24892839789390564,16
43,1,192,0.18916793167591095,0.2417546808719635,16
43,1,193,0.3290041387081146,0.4123143255710602,16
43,1,194,0.17165741324424744,0.20059096813201904,16
43,1,195,0.17865702509880066,0.3384040594100952,16
43,1,196,0.22396348416805267,0.6386694312095642,16
43,1,197,0.21349821984767914,0.3958803415298462,16
43,1,198,0.22446289658546448,0.8764171600341797,16
43,1,199,0.17159321904182434,0.24537861347198486,16
43,1,200,0.23849481344223022,0.507023274898529,16
43,1,201,0.16799750924110413,0.3627040684223175,16
43,1,202,0.2018609344959259,0.3651399612426758,16
43,1,203,0.19303002953529358,0.40613192319869995,16
43,1,204,0.29589247703552246,0.5647957921028137,16
43,1,205,0.18146224319934845,0.32835420966148376,16
43,1,206,0.2771894633769989,0.7786341309547424,16
43,1,207,0.2299504280090332,0.5234745144844055,16
43,1,208,0.14127300679683685,0.347707599401474,16
43,1,209,0.29737216234207153,0.4347723126411438,16
43,1,210,0.1574714183807373,0.4945574700832367,16
43,1,211,0.16007059812545776,0.24093210697174072,16
43,1,212,0.1380567103624344,0.20544500648975372,16
43,1,213,0.1716730147600174,0.35545530915260315,16
43,1,214,0.15631020069122314,0.35842883586883545,16
43,1,215,0.13787320256233215,0.2220149040222168,16
43,1,216,0.18574456870555878,0.32500284910202026,16
43,1,217,0.15912535786628723,0.3690633177757263,16
43,1,218,0.1842048168182373,0.32780224084854126,16
43,1,219,0.11525590717792511,0.517909586429596,16
43,1,220,0.158688485622406,0.426148921251297,16
43,1,221,0.1793898642063141,0.4938298463821411,16
43,1,222,0.1906440705060959,0.9138181209564209,16
43,1,223,0.19442643225193024,0.3895365595817566,16
43,1,224,0.16528713703155518,0.35092347860336304,16
43,1,225,0.18641343712806702,0.4860140085220337,16
43,1,226,0.16038422286510468,0.735083281993866,16
43,1,227,0.225704625248909,0.3641517460346222,16
43,1,228,0.1876789629459381,0.43050190806388855,16
43,1,229,0.15479540824890137,0.19239848852157593,16
43,1,230,0.1924501657485962,0.4695432484149933,16
43,1,231,0.28407037258148193,0.40811243653297424,16
43,1,232,0.16795669496059418,0.5102576613426208,16
43,1,233,0.19633427262306213,0.34948626160621643,16
43,1,234,0.17435291409492493,0.2838076651096344,16
43,1,235,0.17326781153678894,0.26352259516716003,16
43,1,236,0.20100471377372742,0.4249809980392456,16
43,1,237,0.18652604520320892,0.41882064938545227,16
43,1,238,0.2095172107219696,0.5463375449180603,16
43,1,239,0.20115907490253448,0.5639768838882446,16
43,1,240,0.17722254991531372,0.5043503642082214,16
43,1,241,0.20586715638637543,0.5653733611106873,16
43,1,242,0.23579344153404236,0.7160539031028748,16
43,1,243,0.32604414224624634,0.6314849853515625,16
43,1,244,0.16220663487911224,0.22365643084049225,16
43,1,245,0.27081412076950073,0.5565527677536011,16
43,1,246,0.21764840185642242,0.5761934518814087,16
43,1,247,0.16941817104816437,0.8852278590202332,16
43,1,248,0.18524423241615295,0.49087199568748474,16
43,1,249,0.1775301694869995,0.38150754570961,16
43,1,250,0.1216551810503006,0.48133644461631775,16
43,1,251,0.1795559823513031,0.6873259544372559,16
43,1,252,0.14440953731536865,0.4695001244544983,16
43,1,253,0.21244928240776062,0.5045225620269775,16
43,1,254,0.15745210647583008,0.5716435313224792,16
43,1,255,0.22707465291023254,0.4299702048301697,16
43,1,256,0.1829867660999298,0.5834678411483765,16
43,1,257,0.1095646396279335,0.4141664505004883,16
43,1,258,0.16542717814445496,0.36848077178001404,16
43,1,259,0.1916249543428421,0.4208099842071533,16
43,1,260,0.22366979718208313,0.41339999437332153,16
43,1,261,0.21931293606758118,0.3412121832370758,16
43,1,262,0.15199510753154755,0.3736385107040405,16
43,1,263,0.2317391186952591,0.8415842652320862,16
44,1,0,0.23520347476005554,0.04998401179909706,16
44,1,1,0.210167795419693,0.08469729870557785,16
44,1,2,0.27430880069732666,0.06431107968091965,16
44,1,3,0.3563461899757385,0.06516209244728088,16
44,1,4,0.20434044301509857,0.050462495535612106,16
44,1,5,0.1937839686870575,0.049483589828014374,16
44,1,6,0.26394668221473694,0.05463877320289612,16
44,1,7,0.292928010225296,0.0650651827454567,16
44,1,8,0.2740604281425476,0.0603279247879982,16
44,1,9,0.28575390577316284,0.06529953330755234,16
44,1,10,0.2687600553035736,0.07998407632112503,16
44,1,11,0.24023619294166565,0.05122925713658333,16
44,1,12,0.2189248502254486,0.06938593089580536,16
44,1,13,0.23852498829364777,0.092628613114357,16
44,1,14,0.28182247281074524,0.0761624202132225,16
44,1,15,0.22826629877090454,0.0743786096572876,16
44,1,16,0.3104507029056549,0.06518178433179855,16
44,1,17,0.25165772438049316,0.07176573574542999,16
44,1,18,0.30311882495880127,0.0941854864358902,16
44,1,19,0.20157602429389954,0.05283777788281441,16
44,1,20,0.20478582382202148,0.06915915757417679,16
44,1,21,0.2761426568031311,0.07502036541700363,16
44,1,22,0.20952676236629486,0.05841490998864174,16
44,1,23,0.30171629786491394,0.08251287788152695,16
44,1,24,0.260215699672699,0.07431310415267944,16
44,1,25,0.2772704064846039,0.10995947569608688,16
44,1,26,0.24091827869415283,0.0707138404250145,16
44,1,27,0.17876394093036652,0.06884369999170303,16
44,1,28,0.24784526228904724,0.08181233704090118,16
44,1,29,0.2351672649383545,0.10415685921907425,16
44,1,30,0.2560386061668396,0.07497493177652359,16
44,1,31,0.22372683882713318,0.06695836037397385,16
44,1,32,0.26214587688446045,0.08114062994718552,16
44,1,33,0.21851041913032532,0.10929431021213531,16
44,1,34,0.20945969223976135,0.07814077287912369,16
44,1,35,0.2557225227355957,0.1019190102815628,16
44,1,36,0.26132819056510925,0.09883958846330643,16
44,1,37,0.2836398482322693,0.0970638170838356,16
44,1,38,0.2475263923406601,0.08523232489824295,16
44,1,39,0.2473510056734085,0.12463405728340149,16
44,1,40,0.29516667127609253,0.09200975298881531,16
44,1,41,0.2557789981365204,0.10419057309627533,16
44,1,42,0.2823023796081543,0.0987904965877533,16
44,1,43,0.16752497851848602,0.08514689654111862,16
44,1,44,0.2826942801475525,0.11186599731445312,16
44,1,45,0.3040802776813507,0.09850975126028061,16
44,1,46,0.2780575156211853,0.1180693730711937,16
44,1,47,0.26527467370033264,0.10588762164115906,16
44,1,48,0.25449031591415405,0.125483900308609,16
44,1,49,0.2704926133155823,0.13506504893302917,16
44,1,50,0.20105904340744019,0.0775895044207573,16
44,1,51,0.2505008578300476,0.14090736210346222,16
44,1,52,0.264521986246109,0.12905150651931763,16
44,1,53,0.3156690001487732,0.1163046583533287,16
44,1,54,0.2738489508628845,0.13507357239723206,16
44,1,55,0.19598138332366943,0.08706802874803543,16
44,1,56,0.23039469122886658,0.10846557468175888,16
44,1,57,0.250890851020813,0.12155012786388397,16
44,1,58,0.23431792855262756,0.10257365554571152,16
44,1,59,0.25060468912124634,0.18821841478347778,16
44,1,60,0.20893828570842743,0.11095479130744934,16
44,1,61,0.23093155026435852,0.14239688217639923,16
44,1,62,0.16012632846832275,0.06473647803068161,16
44,1,63,0.23816916346549988,0.06353240460157394,16
44,1,64,0.2100101262331009,0.08146186172962189,16
44,1,65,0.3281376361846924,0.15399201214313507,16
44,1,66,0.30159634351730347,0.16354398429393768,16
44,1,67,0.23097731173038483,0.1234486997127533,16
44,1,68,0.29579633474349976,0.144937664270401,16
44,1,69,0.18630105257034302,0.10880836099386215,16
44,1,70,0.2353263795375824,0.28324243426322937,16
44,1,71,0.17152297496795654,0.12123385071754456,16
44,1,72,0.22971266508102417,0.11029855161905289,16
44,1,73,0.21454216539859772,0.07772458344697952,16
44,1,74,0.24930134415626526,0.07063073664903641,16
44,1,75,0.4386535882949829,0.1362939476966858,16
44,1,76,0.24997521936893463,0.11953583359718323,16
44,1,77,0.24643705785274506,0.22802188992500305,16
44,1,78,0.19515323638916016,0.21326114237308502,16
44,1,79,0.226157084107399,0.22134087979793549,16
44,1,80,0.22470290958881378,0.06426727771759033,16
44,1,81,0.2310526967048645,0.12922106683254242,16
44,1,82,0.2202988862991333,0.102434903383255,16
44,1,83,0.2043876051902771,0.1408863365650177,16
44,1,84,0.27685409784317017,0.08724907785654068,16
44,1,85,0.2860419750213623,0.2602412700653076,16
44,1,86,0.2466571182012558,0.21887485682964325,16
44,1,87,0.2684234380722046,0.14800839126110077,16
44,1,88,0.2857411503791809,0.143071249127388,16
44,1,89,0.21214871108531952,0.2996591329574585,16
44,1,90,0.2394121289253235,0.2829762101173401,16
44,1,91,0.22877798974514008,0.15134739875793457,16
44,1,92,0.27992528676986694,0.22516442835330963,16
44,1,93,0.1890219748020172,0.10630974173545837,16
44,1,94,0.21342578530311584,0.1267741620540619,16
44,1,95,0.27905383706092834,0.2684348225593567,16
44,1,96,0.15911781787872314,0.21163982152938843,16
44,1,97,0.23272505402565002,0.11611982434988022,16
44,1,98,0.31570035219192505,0.14872775971889496,16
44,1,99,0.25742921233177185,0.18710221350193024,16
44,1,100,0.1804516464471817,0.24703694880008698,16
44,1,101,0.2724498510360718,0.2553406059741974,16
44,1,102,0.2516936659812927,0.20838460326194763,16
44,1,103,0.20333316922187805,0.15151911973953247,16
44,1,104,0.19999876618385315,0.16368742287158966,16
44,1,105,0.26312074065208435,0.1361532062292099,16
44,1,106,0.17742352187633514,0.2139710634946823,16
44,1,107,0.24762116372585297,0.10476725548505783,16
44,1,108,0.2187718152999878,0.3066822588443756,16
44,1,109,0.2738896608352661,0.13611769676208496,16
44,1,110,0.1880902647972107,0.15076826512813568,16
44,1,111,0.18197780847549438,0.27419450879096985,16
44,1,112,0.24450835585594177,0.2594582736492157,16
44,1,113,0.2089294046163559,0.3152387738227844,16
44,1,114,0.18950602412223816,0.09805859625339508,16
44,1,115,0.22970449924468994,0.373526006937027,16
44,1,116,0.15407201647758484,0.10947497189044952,16
44,1,117,0.1779317557811737,0.1210142970085144,16
44,1,118,0.2273918092250824,0.29643189907073975,16
44,1,119,0.25046753883361816,0.2080070823431015,16
44,1,120,0.2270665466785431,0.18954606354236603,16
44,1,121,0.1896490752696991,0.30487117171287537,16
44,1,122,0.2695622444152832,0.24257400631904602,16
44,1,123,0.22433194518089294,0.18433018028736115,16
44,1,124,0.2939871549606323,0.2251358926296234,16
44,1,125,0.17676548659801483,0.29636913537979126,16
44,1,126,0.2744239568710327,0.3588899075984955,16
44,1,127,0.25268006324768066,0.17552311718463898,16
44,1,128,0.2132352590560913,0.1849702000617981,16
44,1,129,0.28244560956954956,0.13752152025699615,16
44,1,130,0.23172664642333984,0.2517065405845642,16
44,1,131,0.16438907384872437,0.12491180002689362,16
44,1,132,0.18716642260551453,0.30684369802474976,16
44,1,133,0.24841168522834778,0.18162815272808075,16
44,1,134,0.16519947350025177,0.16964609920978546,16
44,1,135,0.21746142208576202,0.2602764070034027,16
44,1,136,0.1991627961397171,0.22604945302009583,16
44,1,137,0.22726401686668396,0.16867265105247498,16
44,1,138,0.23313674330711365,0.29664346575737,16
44,1,139,0.2728131413459778,0.4632372260093689,16
44,1,140,0.2062760889530182,0.2849979102611542,16
44,1,141,0.20572760701179504,0.22985617816448212,16
44,1,142,0.15813961625099182,0.24548837542533875,16
44,1,143,0.22120653092861176,0.3294464945793152,16
44,1,144,0.2650112211704254,0.4784931242465973,16
44,1,145,0.18433500826358795,0.2557682693004608,16
44,1,146,0.268959641456604,0.2039262056350708,16
44,1,147,0.19296151399612427,0.27938613295555115,16
44,1,148,0.26915907859802246,0.3368946313858032,16
44,1,149,0.2463173121213913,0.25672319531440735,16
44,1,150,0.22943215072155,0.3767717480659485,16
44,1,151,0.2138931006193161,0.3694908320903778,16
44,1,152,0.18879488110542297,0.3149046301841736,16
44,1,153,0.22046919167041779,0.5574485659599304,16
44,1,154,0.16069164872169495,0.37848249077796936,16
44,1,155,0.25564974546432495,0.2963032126426697,16
44,1,156,0.2880536913871765,0.4302595257759094,16
44,1,157,0.22300665080547333,0.2917860448360443,16
44,1,158,0.22563514113426208,0.23138394951820374,16
44,1,159,0.22557981312274933,0.3142107129096985,16
44,1,160,0.15037788450717926,0.4515966773033142,16
44,1,161,0.23093804717063904,0.36009690165519714,16
44,1,162,0.21756663918495178,0.4006395637989044,16
44,1,163,0.17947641015052795,0.26315951347351074,16
44,1,164,0.18758508563041687,0.3123520612716675,16
44,1,165,0.22073589265346527,0.370621919631958,16
44,1,166,0.24936066567897797,0.6602110862731934,16
44,1,167,0.18869581818580627,0.2667553722858429,16
44,1,168,0.20585867762565613,0.3571830987930298,16
44,1,169,0.24377059936523438,0.5949305295944214,16
44,1,170,0.18031653761863708,0.26636168360710144,16
44,1,171,0.1355559080839157,0.2229444831609726,16
44,1,172,0.19005779922008514,0.3806183338165283,16
44,1,173,0.164607435464859,0.387240469455719,16
44,1,174,0.2086125612258911,0.3636704385280609,16
44,1,175,0.23308096826076508,0.29915645718574524,16
44,1,176,0.191510409116745,0.23707996308803558,16
44,1,177,0.16901622712612152,0.30545148253440857,16
44,1,178,0.3404947519302368,0.45407527685165405,16
44,1,179,0.18653225898742676,0.2877395749092102,16
44,1,180,0.21851712465286255,0.5320934653282166,16
44,1,181,0.2506321668624878,0.41628962755203247,16
44,1,182,0.19608300924301147,0.5559096336364746,16
44,1,183,0.24744468927383423,0.5088920593261719,16
44,1,184,0.18837791681289673,0.4403133988380432,16
44,1,185,0.22867462038993835,0.43014806509017944,16
44,1,186,0.21222464740276337,0.4363369047641754,16
44,1,187,0.21539105474948883,0.3073486089706421,16
44,1,188,0.18459057807922363,0.4484058916568756,16
44,1,189,0.2318664938211441,0.4272553324699402,16
44,1,190,0.15872421860694885,0.3478323221206665,16
44,1,191,0.2236562967300415,0.3928430378437042,16
44,1,192,0.21503278613090515,0.3624460995197296,16
44,1,193,0.17614804208278656,0.4089522957801819,16
44,1,194,0.18306413292884827,0.4866783022880554,16
44,1,195,0.1595166176557541,0.4085819125175476,16
44,1,196,0.14513273537158966,0.483161985874176,16
44,1,197,0.20672206580638885,0.5240734219551086,16
44,1,198,0.2121230661869049,0.5908388495445251,16
44,1,199,0.16275367140769958,0.33340248465538025,16
44,1,200,0.17126713693141937,0.5258932113647461,16
44,1,201,0.18418990075588226,0.4423943758010864,16
44,1,202,0.14970560371875763,0.6406542658805847,16
44,1,203,0.19047540426254272,0.573177695274353,16
44,1,204,0.1682339459657669,0.2790713608264923,16
44,1,205,0.19450998306274414,0.44235220551490784,16
44,1,206,0.2092406153678894,0.3543457090854645,16
44,1,207,0.24551630020141602,0.6739766001701355,16
44,1,208,0.18459372222423553,0.6779024004936218,16
44,1,209,0.19538992643356323,0.5468246936798096,16
44,1,210,0.2191299945116043,0.31446680426597595,16
44,1,211,0.1696244478225708,0.33200129866600037,16
44,1,212,0.21371865272521973,0.692808985710144,16
44,1,213,0.15881678462028503,0.5485012531280518,16
44,1,214,0.20433878898620605,0.5487900376319885,16
44,1,215,0.18094493448734283,0.947630763053894,16
44,1,216,0.22069835662841797,0.7940683364868164,16
44,1,217,0.18003112077713013,0.39582857489585876,16
44,1,218,0.1463707685470581,0.5395415425300598,16
44,1,219,0.11452246457338333,0.2569766640663147,16
44,1,220,0.2191191017627716,0.49249395728111267,16
44,1,221,0.15938493609428406,0.3485444486141205,16
44,1,222,0.2659142017364502,0.9579164981842041,16
44,1,223,0.16517694294452667,0.47432127594947815,16
44,1,224,0.1523989737033844,0.4808102250099182,16
44,1,225,0.24066101014614105,0.5693939924240112,16
44,1,226,0.17989061772823334,0.444489449262619,16
44,1,227,0.27448517084121704,0.9083189964294434,16
44,1,228,0.15211255848407745,0.7783070206642151,16
44,1,229,0.24272572994232178,0.5680253505706787,16
44,1,230,0.2202811986207962,0.370368093252182,16
44,1,231,0.17477186024188995,0.4330131709575653,16
44,1,232,0.16906733810901642,0.5432991981506348,16
44,1,233,0.20968666672706604,0.6113459467887878,16
44,1,234,0.20186010003089905,0.49537932872772217,16
44,1,235,0.21212776005268097,0.9154538512229919,16
44,1,236,0.15908384323120117,0.5259492993354797,16
44,1,237,0.20208923518657684,0.39977848529815674,16
44,1,238,0.18748867511749268,0.6013336777687073,16
44,1,239,0.1906326413154602,1.0053552389144897,16
44,1,240,0.11507163941860199,0.7334160804748535,16
44,1,241,0.1888241171836853,0.9277493357658386,16
44,1,242,0.21071168780326843,0.5272154808044434,16
44,1,243,0.1819065511226654,0.50147545337677,16
44,1,244,0.13958241045475006,0.3336583971977234,16
44,1,245,0.187144473195076,0.4603199362754822,16
44,1,246,0.16520088911056519,1.481172800064087,16
44,1,247,0.2565116286277771,0.4559856653213501,16
44,1,248,0.15049928426742554,0.3022846281528473,16
44,1,249,0.20231395959854126,0.573001503944397,16
44,1,250,0.16355200111865997,1.2046904563903809,16
44,1,251,0.16950155794620514,0.6627623438835144,16
44,1,252,0.1896207183599472,0.6429341435432434,16
44,1,253,0.13105039298534393,0.6992465257644653,16
44,1,254,0.1286117434501648,0.34658733010292053,16
44,1,255,0.15611505508422852,0.5178182721138,16
44,1,256,0.1643313616514206,0.44986775517463684,16
44,1,257,0.14964336156845093,0.4220970869064331,16
44,1,258,0.1628551185131073,0.5732627511024475,16
44,1,259,0.19606150686740875,0.7181691527366638,16
44,1,260,0.1290256530046463,0.35354527831077576,16
44,1,261,0.14218759536743164,0.48230189085006714,16
44,1,262,0.13629667460918427,0.6880761384963989,16
44,1,263,0.11649923026561737,0.830554723739624,16
42,2,0,0.1250808835029602,0.41833409667015076,16
42,2,1,0.14924943447113037,0.46165257692337036,16
42,2,2,0.2916031777858734,0.6399089097976685,16
42,2,3,0.19916090369224548,1.2858527898788452,16
42,2,4,0.2000582069158554,0.6811378598213196,16
42,2,5,0.15640214085578918,0.42080408334732056,16
42,2,6,0.2302379310131073,0.36247342824935913,16
42,2,7,0.23132115602493286,0.37444019317626953,16
42,2,8,0.1913631111383438,0.7619096040725708,16
42,2,9,0.1900387406349182,0.2844109535217285,16
42,2,10,0.14863112568855286,0.4172450304031372,16
42,2,11,0.17572441697120667,0.5067152380943298,16
42,2,12,0.14318306744098663,0.31460046768188477,16
42,2,13,0.20241963863372803,0.49588543176651,16
42,2,14,0.2542816996574402,0.3876950144767761,16
42,2,15,0.16941606998443604,0.28938576579093933,16
42,2,16,0.13005292415618896,0.5084890723228455,16
42,2,17,0.19204148650169373,0.32877078652381897,16
42,2,18,0.1147032380104065,0.505778431892395,16
42,2,19,0.15879440307617188,0.3316326141357422,16
42,2,20,0.09918828308582306,0.2373705357313156,16
42,2,21,0.12191283702850342,0.3797680139541626,16
42,2,22,0.1908349096775055,1.3486982583999634,16
42,2,23,0.19934673607349396,0.772388219833374,16
42,2,24,0.09786953777074814,0.6039647459983826,16
42,2,25,0.2236226499080658,0.7761102318763733,16
42,2,26,0.2403036504983902,0.5043128132820129,16
42,2,27,0.1693813055753708,0.5083613395690918,16
42,2,28,0.23215317726135254,0.5624040961265564,16
42,2,29,0.20647242665290833,0.6154969930648804,16
42,2,30,0.1368393748998642,0.46438634395599365,16
42,2,31,0.1353210210800171,0.5424662232398987,16
42,2,32,0.18085338175296783,0.6339306235313416,16
42,2,33,0.17404396831989288,0.7630208730697632,16
42,2,34,0.15801206231117249,0.5428444743156433,16
42,2,35,0.156415194272995,0.6569061875343323,16
42,2,36,0.15573319792747498,0.95139080286026,16
42,2,37,0.16702020168304443,0.2471187561750412,16
42,2,38,0.1790265440940857,0.486952006816864,16
42,2,39,0.17199155688285828,0.6438766121864319,16
42,2,40,0.13093064725399017,0.24162809550762177,16
42,2,41,0.11907581984996796,0.5167432427406311,16
42,2,42,0.13517332077026367,0.9084490537643433,16
42,2,43,0.18556466698646545,0.6656497120857239,16
42,2,44,0.16837915778160095,0.5663532614707947,16
42,2,45,0.14292769134044647,0.6733168959617615,16
42,2,46,0.20743314921855927,1.3230594396591187,16
42,2,47,0.1550610512495041,0.4468516707420349,16
42,2,48,0.17769357562065125,1.007529616355896,16
42,2,49,0.2272787094116211,0.7196101546287537,16
42,2,50,0.15078498423099518,0.5425999760627747,16
42,2,51,0.13537491858005524,0.5998489260673523,16
42,2,52,0.13932955265045166,0.6439365148544312,16
42,2,53,0.19213682413101196,0.4116964340209961,16
42,2,54,0.1566665917634964,0.6826804876327515,16
42,2,55,0.14699813723564148,0.5614123344421387,16
42,2,56,0.1659163236618042,0.6798056960105896,16
42,2,57,0.16099748015403748,0.6380464434623718,16
42,2,58,0.10166577994823456,0.6980342268943787,16
42,2,59,0.19283023476600647,0.958255410194397,16
42,2,60,0.14636579155921936,0.42454054951667786,16
42,2,61,0.1332082748413086,0.9562460780143738,16
42,2,62,0.13022655248641968,0.44512850046157837,16
42,2,63,0.11979631334543228,0.4893155097961426,16
42,2,64,0.17477379739284515,0.761218249797821,16
42,2,65,0.1346200406551361,0.8321277499198914,16
42,2,66,0.18662753701210022,1.1516492366790771,16
42,2,67,0.1016334593296051,0.3332243263721466,16
42,2,68,0.2442430555820465,0.5362584590911865,16
42,2,69,0.24830858409404755,1.0173263549804688,16
42,2,70,0.1475863754749298,0.5561606287956238,16
42,2,71,0.2389594167470932,0.6346498131752014,16
42,2,72,0.19876021146774292,0.4952203333377838,16
42,2,73,0.14254127442836761,0.9431650638580322,16
42,2,74,0.15709106624126434,0.4417206943035126,16
42,2,75,0.22054725885391235,1.1366314888000488,16
42,2,76,0.1358557939529419,0.3842630386352539,16
42,2,77,0.31507283449172974,1.4916682243347168,16
42,2,78,0.22681060433387756,0.8431360125541687,16
42,2,79,0.12968866527080536,0.6981740593910217,16
42,2,80,0.21741537749767303,0.5794569849967957,16
42,2,81,0.14305633306503296,0.3319984972476959,16
42,2,82,0.1484661102294922,0.38819411396980286,16
42,2,83,0.14312192797660828,0.47448664903640747,16
42,2,84,0.17503660917282104,0.40004926919937134,16
42,2,85,0.1523219347000122,1.046695351600647,16
42,2,86,0.15737876296043396,1.147515058517456,16
42,2,87,0.2544117867946625,2.523527145385742,16
42,2,88,0.18606138229370117,0.6105228662490845,16
42,2,89,0.1861887127161026,0.8940024375915527,16
42,2,90,0.15183162689208984,0.6362203359603882,16
42,2,91,0.22219344973564148,0.5412967205047607,16
42,2,92,0.20415005087852478,0.8483796119689941,16
42,2,93,0.18352454900741577,0.9468033313751221,16
42,2,94,0.15150456130504608,1.3695181608200073,16
42,2,95,0.2680264711380005,0.9258233308792114,16
42,2,96,0.20521540939807892,0.976949155330658,16
42,2,97,0.15014588832855225,0.5868082046508789,16
42,2,98,0.1383150964975357,0.4664945602416992,16
42,2,99,0.21115458011627197,0.5910006761550903,16
42,2,100,0.21395117044448853,0.9941993355751038,16
42,2,101,0.20464354753494263,0.4021698534488678,16
42,2,102,0.1439831703901291,1.019006609916687,16
42,2,103,0.2505841851234436,1.749301791191101,16
42,2,104,0.16794496774673462,0.48734310269355774,16
42,2,105,0.17050188779830933,0.4534343183040619,16
42,2,106,0.1371842622756958,0.8517041802406311,16
42,2,107,0.16078907251358032,0.7565445899963379,16
42,2,108,0.12545280158519745,1.1329293251037598,16
42,2,109,0.1413968801498413,0.3438277840614319,16
42,2,110,0.16071195900440216,0.9406688809394836,16
42,2,111,0.15189141035079956,0.8286998867988586,16
42,2,112,0.15217220783233643,0.5468106865882874,16
42,2,113,0.1181592345237732,0.6515124440193176,16
42,2,114,0.16328522562980652,0.6067408919334412,16
42,2,115,0.1370803415775299,0.5953695774078369,16
42,2,116,0.10674816370010376,0.44522497057914734,16
42,2,117,0.17178337275981903,0.35364601016044617,16
42,2,118,0.16971120238304138,1.6189217567443848,16
42,2,119,0.19264300167560577,0.5228604674339294,16
42,2,120,0.18234169483184814,1.1384851932525635,16
42,2,121,0.1544581949710846,0.38332852721214294,16
42,2,122,0.16599369049072266,1.9682509899139404,16
42,2,123,0.13508795201778412,0.3870709538459778,16
42,2,124,0.1289525032043457,0.5029621124267578,16
42,2,125,0.18288294970989227,0.4346431791782379,16
42,2,126,0.17227593064308167,1.1241854429244995,16
42,2,127,0.17145955562591553,0.5552874803543091,16
42,2,128,0.17228586971759796,0.8579505085945129,16
42,2,129,0.17202579975128174,0.871534526348114,16
42,2,130,0.12873084843158722,0.37665265798568726,16
42,2,131,0.1696186661720276,0.45474931597709656,16
42,2,132,0.17345547676086426,0.7215327620506287,16
42,2,133,0.16542895138263702,0.7903962731361389,16
42,2,134,0.14473304152488708,0.4113634526729584,16
42,2,135,0.17155733704566956,0.5003376603126526,16
42,2,136,0.15219366550445557,0.5510349869728088,16
42,2,137,0.17824140191078186,1.948361873626709,16
42,2,138,0.20991146564483643,0.4211331009864807,16
42,2,139,0.17306624352931976,0.6990876793861389,16
42,2,140,0.15763238072395325,0.7823119759559631,16
42,2,141,0.18885309994220734,0.6366543173789978,16
42,2,142,0.15739966928958893,0.682353675365448,16
42,2,143,0.1668684482574463,0.5735593438148499,16
42,2,144,0.20619112253189087,0.9224795699119568,16
42,2,145,0.20661360025405884,1.1202486753463745,16
42,2,146,0.13713768124580383,0.5513017773628235,16
42,2,147,0.20695766806602478,1.3330461978912354,16
42,2,148,0.1865716576576233,0.4457165598869324,16
42,2,149,0.17409685254096985,0.5365843772888184,16
42,2,150,0.18454882502555847,0.7842626571655273,16
42,2,151,0.15602001547813416,0.6788631081581116,16
42,2,152,0.21396763622760773,0.90216463804245,16
42,2,153,0.14905962347984314,0.5959790945053101,16
42,2,154,0.15933093428611755,1.1004564762115479,16
42,2,155,0.21539679169654846,0.8934546113014221,16
42,2,156,0.15455326437950134,0.540855884552002,16
42,2,157,0.15233825147151947,0.6259233355522156,16
42,2,158,0.12365612387657166,0.3234010934829712,16
42,2,159,0.10237614810466766,0.3916882872581482,16
42,2,160,0.2068178653717041,0.5357895493507385,16
42,2,161,0.16979920864105225,0.8350785970687866,16
42,2,162,0.1748400181531906,0.6101177334785461,16
42,2,163,0.17081451416015625,1.4096143245697021,16
42,2,164,0.17594051361083984,0.35598912835121155,16
42,2,165,0.15678492188453674,0.9324899315834045,16
42,2,166,0.14727197587490082,0.477588027715683,16
42,2,167,0.15492013096809387,0.5639158487319946,16
42,2,168,0.2886739671230316,1.244278073310852,16
42,2,169,0.20878030359745026,0.9122645854949951,16
42,2,170,0.19764187932014465,1.2268965244293213,16
42,2,171,0.2139989137649536,0.6369690895080566,16
42,2,172,0.11893697082996368,0.5079482793807983,16
42,2,173,0.1680299937725067,0.4611116945743561,16
42,2,174,0.20922328531742096,0.8569428324699402,16
42,2,175,0.15932783484458923,0.5723258256912231,16
42,2,176,0.19446313381195068,0.713819682598114,16
42,2,177,0.12426415085792542,0.7807839512825012,16
42,2,178,0.2922753095626831,1.0009807348251343,16
42,2,179,0.1550401896238327,0.4422738254070282,16
42,2,180,0.21598193049430847,0.6871249079704285,16
42,2,181,0.1429746448993683,0.4615235924720764,16
42,2,182,0.1435161978006363,0.8077693581581116,16
42,2,183,0.17816826701164246,0.7445769309997559,16
42,2,184,0.17511790990829468,0.8353511691093445,16
42,2,185,0.13129542768001556,0.3307035565376282,16
42,2,186,0.1852881908416748,1.23874831199646,16
42,2,187,0.11030499637126923,0.9107663035392761,16
42,2,188,0.19675803184509277,0.5141828060150146,16
42,2,189,0.16528010368347168,0.37023112177848816,16
42,2,190,0.12132655084133148,0.6881709694862366,16
42,2,191,0.19186601042747498,0.7883476614952087,16
42,2,192,0.1716817319393158,0.35332727432250977,16
42,2,193,0.1241532415151596,0.5810560584068298,16
42,2,194,0.18039123713970184,0.417777419090271,16
42,2,195,0.16022831201553345,0.8135278820991516,16
42,2,196,0.25197678804397583,2.275188446044922,16
42,2,197,0.1228342056274414,0.5169304013252258,16
42,2,198,0.1408674716949463,1.1853454113006592,16
42,2,199,0.15832678973674774,0.43917667865753174,16
42,2,200,0.14719265699386597,0.6623767614364624,16
42,2,201,0.1454375982284546,0.483314573764801,16
42,2,202,0.15273815393447876,0.6237888336181641,16
42,2,203,0.16075485944747925,0.8591638207435608,16
42,2,204,0.13879816234111786,0.5522260665893555,16
42,2,205,0.18204465508460999,1.598186731338501,16
42,2,206,0.164088174700737,0.5227108001708984,16
42,2,207,0.15728779137134552,0.7365580201148987,16
42,2,208,0.1629338562488556,0.7409041523933411,16
42,2,209,0.18829762935638428,0.6224597096443176,16
42,2,210,0.14128701388835907,0.7611014246940613,16
42,2,211,0.1726679801940918,0.6792538166046143,16
42,2,212,0.158144012093544,0.6950539350509644,16
42,2,213,0.18394063413143158,0.8664779663085938,16
42,2,214,0.20215901732444763,1.0191888809204102,16
42,2,215,0.1027161031961441,0.5361965894699097,16
42,2,216,0.1973927915096283,1.3400768041610718,16
42,2,217,0.1227431371808052,0.3125627040863037,16
42,2,218,0.2369486689567566,0.8824647068977356,16
42,2,219,0.20314544439315796,0.7517489194869995,16
42,2,220,0.14392787218093872,0.5143897533416748,16
42,2,221,0.10064280033111572,0.52381831407547,16
42,2,222,0.12270014733076096,1.0867830514907837,16
42,2,223,0.16769567131996155,0.5915198922157288,16
42,2,224,0.12251120805740356,0.4230203330516815,16
42,2,225,0.18170073628425598,0.38818517327308655,16
42,2,226,0.14307089149951935,0.45853087306022644,16
42,2,227,0.20443890988826752,0.7485646605491638,16
42,2,228,0.14396797120571136,1.4682852029800415,16
42,2,229,0.09360954165458679,0.6816335916519165,16
42,2,230,0.14010895788669586,0.574306309223175,16
42,2,231,0.18217599391937256,0.48829877376556396,16
42,2,232,0.11193197965621948,0.5108342170715332,16
42,2,233,0.12000392377376556,1.073409914970398,16
42,2,234,0.1206398457288742,2.492159366607666,16
42,2,235,0.23865430057048798,0.7912948131561279,16
42,2,236,0.10118304193019867,0.5237046480178833,16
42,2,237,0.14629244804382324,0.3238213062286377,16
42,2,238,0.11712723970413208,0.36884450912475586,16
42,2,239,0.15198847651481628,0.9026761054992676,16
42,2,240,0.23420606553554535,0.8068773150444031,16
42,2,241,0.1867091953754425,0.7045091986656189,16
42,2,242,0.1747610867023468,0.8705710172653198,16
42,2,243,0.16114668548107147,1.0421229600906372,16
42,2,244,0.20191437005996704,0.7447072267532349,16
42,2,245,0.1372460126876831,0.4854133427143097,16
42,2,246,0.14138922095298767,0.7075023651123047,16
42,2,247,0.12143022567033768,0.47722864151000977,16
42,2,248,0.1396859884262085,1.1859593391418457,16
42,2,249,0.1454416811466217,0.708154559135437,16
42,2,250,0.1941797435283661,0.8101769685745239,16
42,2,251,0.2065083533525467,0.7330591082572937,16
42,2,252,0.1362437605857849,0.5039603114128113,16
42,2,253,0.19534236192703247,1.5151958465576172,16
42,2,254,0.13156768679618835,0.6404972076416016,16
42,2,255,0.16452670097351074,0.439889520406723,16
42,2,256,0.2398616373538971,2.0268170833587646,16
42,2,257,0.12000277638435364,0.3553832173347473,16
42,2,258,0.1364600658416748,0.81931072473526,16
42,2,259,0.1202004924416542,0.32983148097991943,16
42,2,260,0.12858237326145172,0.7319071292877197,16
42,2,261,0.12555086612701416,0.7508927583694458,16
42,2,262,0.2209060788154602,0.9965251088142395,16
42,2,263,0.14294368028640747,0.570878267288208,16
43,2,0,0.18311846256256104,0.3801107108592987,16
43,2,1,0.13774563372135162,1.104408621788025,16
43,2,2,0.2301775962114334,0.5337569117546082,16
43,2,3,0.13417986035346985,0.6064059734344482,16
43,2,4,0.24622492492198944,0.8951924443244934,16
43,2,5,0.2502672076225281,1.3261557817459106,16
43,2,6,0.20932260155677795,0.7989277839660645,16
43,2,7,0.21274110674858093,0.7723562121391296,16
43,2,8,0.17695581912994385,0.7007057666778564,16
43,2,9,0.19652873277664185,0.5879812836647034,16
43,2,10,0.13896891474723816,0.9010990858078003,16
43,2,11,0.23145262897014618,0.5438172221183777,16
43,2,12,0.17181049287319183,1.7309203147888184,16
43,2,13,0.20597431063652039,0.9347329139709473,16
43,2,14,0.2578743100166321,1.555808424949646,16
43,2,15,0.12945112586021423,0.2579372525215149,16
43,2,16,0.15489894151687622,0.3157516419887543,16
43,2,17,0.13122546672821045,0.2653157413005829,16
43,2,18,0.22253407537937164,0.5769892334938049,16
43,2,19,0.1568371057510376,0.6143113970756531,16
43,2,20,0.19079431891441345,0.617820680141449,16
43,2,21,0.11314566433429718,0.8334177136421204,16
43,2,22,0.1078253984451294,0.473197340965271,16
43,2,23,0.27266281843185425,0.45659366250038147,16
43,2,24,0.151717409491539,0.5470956563949585,16
43,2,25,0.1355547457933426,0.30559462308883667,16
43,2,26,0.1899367868900299,0.5218028426170349,16
43,2,27,0.15320108830928802,0.5729451179504395,16
43,2,28,0.21664133667945862,0.4613073170185089,16
43,2,29,0.12628066539764404,0.4705556035041809,16
43,2,30,0.19484883546829224,2.094205379486084,16
43,2,31,0.19390638172626495,0.501937210559845,16
43,2,32,0.19272463023662567,0.7628635764122009,16
43,2,33,0.19205838441848755,0.39529159665107727,16
43,2,34,0.1972690224647522,0.5842633843421936,16
43,2,35,0.11479955911636353,0.3408993184566498,16
43,2,36,0.15771320462226868,0.818797767162323,16
43,2,37,0.21023650467395782,0.357054740190506,16
43,2,38,0.22927163541316986,0.7565025687217712,16
43,2,39,0.12076892703771591,0.3948482871055603,16
43,2,40,0.1496918946504593,0.6760241389274597,16
43,2,41,0.18353521823883057,0.5058712363243103,16
43,2,42,0.19495579600334167,0.5363491177558899,16
43,2,43,0.20838290452957153,0.711261510848999,16
43,2,44,0.13589493930339813,0.5468634366989136,16
43,2,45,0.20312145352363586,1.1813032627105713,16
43,2,46,0.27338698506355286,0.9339962601661682,16
43,2,47,0.12460646033287048,0.45299032330513,16
43,2,48,0.24568906426429749,1.166747808456421,16
43,2,49,0.19854632019996643,0.6090270280838013,16
43,2,50,0.1469433754682541,0.33858928084373474,16
43,2,51,0.18493571877479553,0.4660876393318176,16
43,2,52,0.10726676881313324,0.3221741318702698,16
43,2,53,0.16446571052074432,0.6919795870780945,16
43,2,54,0.18218868970870972,0.6230320334434509,16
43,2,55,0.2220282256603241,0.6594097018241882,16
43,2,56,0.1303940713405609,0.4267377555370331,16
43,2,57,0.15244552493095398,0.5094881653785706,16
43,2,58,0.17526684701442719,0.8031624555587769,16
43,2,59,0.14601033926010132,0.5282586812973022,16
43,2,60,0.17832466959953308,0.4632926285266876,16
43,2,61,0.20303571224212646,0.5161570906639099,16
43,2,62,0.21805930137634277,0.84947270154953,16
43,2,63,0.19615675508975983,0.6635924577713013,16
43,2,64,0.13069674372673035,0.43838202953338623,16
43,2,65,0.11843497306108475,0.35628563165664673,16
43,2,66,0.2581845819950104,1.0035606622695923,16
43,2,67,0.11976269632577896,0.3512137234210968,16
43,2,68,0.10255135595798492,0.4386090934276581,16
43,2,69,0.16324740648269653,0.45625951886177063,16
43,2,70,0.16096743941307068,0.6520267724990845,16
43,2,71,0.19912150502204895,1.2208380699157715,16
43,2,72,0.12412823736667633,0.32752516865730286,16
43,2,73,0.13809117674827576,0.603252112865448,16
43,2,74,0.1551685929298401,0.479520708322525,16
43,2,75,0.1973617672920227,1.2962180376052856,16
43,2,76,0.16069039702415466,0.39928680658340454,16
43,2,77,0.16776630282402039,0.9390988945960999,16
43,2,78,0.21834979951381683,0.8350268006324768,16
43,2,79,0.3119194805622101,0.9299325346946716,16
43,2,80,0.15359395742416382,0.5297545790672302,16
43,2,81,0.181415393948555,0.5495553016662598,16
43,2,82,0.13890120387077332,0.29992422461509705,16
43,2,83,0.13825783133506775,1.1953750848770142,16
43,2,84,0.16007423400878906,0.7905678153038025,16
43,2,85,0.16313162446022034,0.4757417142391205,16
43,2,86,0.22060292959213257,0.5553903579711914,16
43,2,87,0.20437833666801453,0.5294718742370605,16
43,2,88,0.19566930830478668,1.3926359415054321,16
43,2,89,0.2221899777650833,0.8632108569145203,16
43,2,90,0.1433020681142807,0.31022515892982483,16
43,2,91,0.09158147871494293,0.5889714956283569,16
43,2,92,0.234979510307312,0.6544210314750671,16
43,2,93,0.16367042064666748,0.829666018486023,16
43,2,94,0.15429578721523285,0.6270412802696228,16
43,2,95,0.15584895014762878,0.7434428930282593,16
43,2,96,0.19082966446876526,0.5731803178787231,16
43,2,97,0.11745727062225342,0.5438477396965027,16
43,2,98,0.17429381608963013,0.315542608499527,16
43,2,99,0.20032671093940735,0.8241096138954163,16
43,2,100,0.1989922821521759,0.5208412408828735,16
43,2,101,0.1318524181842804,0.36636489629745483,16
43,2,102,0.1382964551448822,1.0098040103912354,16
43,2,103,0.17201563715934753,0.7440614104270935,16
43,2,104,0.18615937232971191,2.1848561763763428,16
43,2,105,0.21222293376922607,0.6985107064247131,16
43,2,106,0.15271078050136566,0.48998329043388367,16
43,2,107,0.17763850092887878,0.6008500456809998,16
43,2,108,0.1939210742712021,2.154913902282715,16
43,2,109,0.11816546320915222,0.9824747443199158,16
43,2,110,0.1728028804063797,0.5269573926925659,16
43,2,111,0.1254427433013916,0.5307895541191101,16
43,2,112,0.1359703689813614,0.6296358108520508,16
43,2,113,0.11960583180189133,0.4149440824985504,16
43,2,114,0.16655603051185608,1.104385495185852,16
43,2,115,0.1759442389011383,0.6153149604797363,16
43,2,116,0.17476798593997955,0.5889531970024109,16
43,2,117,0.14947547018527985,0.6072894930839539,16
43,2,118,0.20702728629112244,1.1956452131271362,16
43,2,119,0.15429168939590454,0.48737648129463196,16
43,2,120,0.11633145064115524,0.8525746464729309,16
43,2,121,0.1352713704109192,0.6589123606681824,16
43,2,122,0.12918493151664734,0.617807149887085,16
43,2,123,0.1855780929327011,0.4070194363594055,16
43,2,124,0.17483973503112793,0.8937175869941711,16
43,2,125,0.20722812414169312,1.2291148900985718,16
43,2,126,0.14659741520881653,0.8353822231292725,16
43,2,127,0.1748976707458496,0.6907507181167603,16
43,2,128,0.12782469391822815,0.550981342792511,16
43,2,129,0.19685052335262299,1.3298667669296265,16
43,2,130,0.11190929263830185,0.7181695103645325,16
43,2,131,0.21100911498069763,1.4706183671951294,16
43,2,132,0.12210386246442795,1.165395736694336,16
43,2,133,0.15686190128326416,1.3054578304290771,16
43,2,134,0.1516404151916504,1.039688229560852,16
43,2,135,0.1449478566646576,0.6094363331794739,16
43,2,136,0.1946258693933487,1.2080094814300537,16
43,2,137,0.192766934633255,1.0558993816375732,16
43,2,138,0.1447240710258484,0.646977961063385,16
43,2,139,0.13618865609169006,0.6688653230667114,16
43,2,140,0.21590934693813324,0.9279876947402954,16
43,2,141,0.21302315592765808,1.9985730648040771,16
43,2,142,0.18484210968017578,0.9455553889274597,16
43,2,143,0.113539919257164,0.6864322423934937,16
43,2,144,0.14026165008544922,0.3596480190753937,16
43,2,145,0.18102774024009705,0.9480632543563843,16
43,2,146,0.20330078899860382,1.733166217803955,16
43,2,147,0.09621025621891022,0.5178766250610352,16
43,2,148,0.14902254939079285,0.3849563002586365,16
43,2,149,0.13710466027259827,0.5825172662734985,16
43,2,150,0.23278187215328217,0.9113957285881042,16
43,2,151,0.18271508812904358,1.2231712341308594,16
43,2,152,0.1647748053073883,0.36111700534820557,16
43,2,153,0.10372409969568253,0.8790668845176697,16
43,2,154,0.18299436569213867,0.8288651704788208,16
43,2,155,0.11656071245670319,0.7196786999702454,16
43,2,156,0.1552349030971527,0.818848192691803,16
43,2,157,0.1308595836162567,0.5718598961830139,16
43,2,158,0.11621236801147461,0.6945483684539795,16
43,2,159,0.10081727802753448,0.5482043027877808,16
43,2,160,0.20822054147720337,1.7342257499694824,16
43,2,161,0.180845245718956,1.1769896745681763,16
43,2,162,0.19416797161102295,0.8960709571838379,16
43,2,163,0.21293658018112183,1.342103123664856,16
43,2,164,0.23300208151340485,1.5761502981185913,16
43,2,165,0.20388133823871613,0.8840509057044983,16
43,2,166,0.19133946299552917,0.6091340184211731,16
43,2,167,0.21952666342258453,1.071682333946228,16
43,2,168,0.15107686817646027,1.3824677467346191,16
43,2,169,0.19674775004386902,0.5289634466171265,16
43,2,170,0.10418160259723663,0.444743275642395,16
43,2,171,0.15777426958084106,0.2789054214954376,16
43,2,172,0.15713179111480713,0.3692990839481354,16
43,2,173,0.17081144452095032,0.49653545022010803,16
43,2,174,0.1599787473678589,0.6516937613487244,16
43,2,175,0.20426899194717407,0.7658894658088684,16
43,2,176,0.15166211128234863,0.6133018732070923,16
43,2,177,0.1689116209745407,0.4932989776134491,16
43,2,178,0.17434895038604736,0.6366674304008484,16
43,2,179,0.19787563383579254,2.5387277603149414,16
43,2,180,0.2710166871547699,0.8701137900352478,16
43,2,181,0.22175529599189758,0.8683591485023499,16
43,2,182,0.1766653060913086,0.6159562468528748,16
43,2,183,0.13407129049301147,0.4686838686466217,16
43,2,184,0.1729133129119873,0.929462730884552,16
43,2,185,0.19565899670124054,0.6662418842315674,16
43,2,186,0.16170403361320496,0.35117512941360474,16
43,2,187,0.13157060742378235,0.3962968587875366,16
43,2,188,0.14267855882644653,0.6458802223205566,16
43,2,189,0.1876777708530426,0.9663092494010925,16
43,2,190,0.18731527030467987,0.6261721849441528,16
43,2,191,0.28724026679992676,0.8038710355758667,16
43,2,192,0.1254623830318451,0.7469048500061035,16
43,2,193,0.15814034640789032,0.6666733026504517,16
43,2,194,0.18245205283164978,0.8645768761634827,16
43,2,195,0.14856413006782532,0.9178168773651123,16
43,2,196,0.1431010365486145,0.7132726311683655,16
43,2,197,0.11104714870452881,0.3820187747478485,16
43,2,198,0.11055804044008255,0.5580806732177734,16
43,2,199,0.12847083806991577,0.48323962092399597,16
43,2,200,0.18490824103355408,0.7754530906677246,16
43,2,201,0.14783445000648499,1.2208179235458374,16
43,2,202,0.13831745088100433,1.0102941989898682,16
43,2,203,0.16861429810523987,1.280274510383606,16
43,2,204,0.23895055055618286,0.8190943002700806,16
43,2,205,0.18273302912712097,0.4249260127544403,16
43,2,206,0.1471804976463318,0.6048814654350281,16
43,2,207,0.15989552438259125,0.6353532671928406,16
43,2,208,0.08723623305559158,0.3641614317893982,16
43,2,209,0.1297796070575714,0.6703154444694519,16
43,2,210,0.16603556275367737,0.5694150328636169,16
43,2,211,0.17707574367523193,0.6493936777114868,16
43,2,212,0.17298059165477753,0.4194827675819397,16
43,2,213,0.1262541115283966,0.6411526799201965,16
43,2,214,0.17887607216835022,0.5898114442825317,16
43,2,215,0.2550297677516937,0.6264260411262512,16
43,2,216,0.2550112009048462,0.944478452205658,16
43,2,217,0.08829179406166077,0.5657017230987549,16
43,2,218,0.11901646852493286,0.5933994054794312,16
43,2,219,0.14181289076805115,0.5415943264961243,16
43,2,220,0.15009289979934692,0.8973433375358582,16
43,2,221,0.11135078966617584,0.3187671899795532,16
43,2,222,0.16926708817481995,0.5003587603569031,16
43,2,223,0.18213455379009247,0.45642101764678955,16
43,2,224,0.13867345452308655,0.4245259165763855,16
43,2,225,0.1541619896888733,0.9600195288658142,16
43,2,226,0.19583339989185333,0.7078169584274292,16
43,2,227,0.15405148267745972,0.6622726321220398,16
43,2,228,0.21653348207473755,0.8628624677658081,16
43,2,229,0.13490083813667297,1.1274421215057373,16
43,2,230,0.12275730073451996,1.02829909324646,16
43,2,231,0.18968376517295837,0.8339962363243103,16
43,2,232,0.14138191938400269,0.4801947772502899,16
43,2,233,0.1413935124874115,0.2660377025604248,16
43,2,234,0.1414489597082138,0.4616794288158417,16
43,2,235,0.13378587365150452,0.4969552159309387,16
43,2,236,0.17670489847660065,1.7798876762390137,16
43,2,237,0.14131495356559753,0.7024085521697998,16
43,2,238,0.1426614224910736,0.5397728085517883,16
43,2,239,0.14183484017848969,0.56612628698349,16
43,2,240,0.11173596978187561,0.6779949069023132,16
43,2,241,0.284338116645813,3.3614680767059326,16
43,2,242,0.17894014716148376,0.7264348268508911,16
43,2,243,0.135890394449234,0.29307958483695984,16
43,2,244,0.142709881067276,0.9281995296478271,16
43,2,245,0.11820570379495621,0.49199554324150085,16
43,2,246,0.12898118793964386,0.42907848954200745,16
43,2,247,0.1645762026309967,0.2453930526971817,16
43,2,248,0.1350155621767044,0.5841812491416931,16
43,2,249,0.14928597211837769,0.7754327654838562,16
43,2,250,0.12830883264541626,0.5868276357650757,16
43,2,251,0.16164739429950714,0.851469099521637,16
43,2,252,0.11351343244314194,0.5544901490211487,16
43,2,253,0.12739452719688416,0.9127209782600403,16
43,2,254,0.2469155341386795,0.6514462232589722,16
43,2,255,0.1628645658493042,0.8154711127281189,16
43,2,256,0.1585828959941864,0.5867621302604675,16
43,2,257,0.1244838610291481,0.6114525198936462,16
43,2,258,0.08029197156429291,0.8062658905982971,16
43,2,259,0.08890203386545181,0.7682441473007202,16
43,2,260,0.12700074911117554,1.3246197700500488,16
43,2,261,0.12678223848342896,0.7964659929275513,16
43,2,262,0.1352972686290741,0.5426565408706665,16
43,2,263,0.09221810102462769,0.3830074369907379,16
44,2,0,0.09788857400417328,0.3857463598251343,16
44,2,1,0.29878681898117065,0.7544099688529968,16
44,2,2,0.1591755598783493,1.2016016244888306,16
44,2,3,0.13259385526180267,0.828414797782898,16
44,2,4,0.17008700966835022,0.5655909776687622,16
44,2,5,0.2123391479253769,1.6896215677261353,16
44,2,6,0.17985379695892334,0.8298019766807556,16
44,2,7,0.13696818053722382,0.581501305103302,16
44,2,8,0.11011625826358795,0.9806914925575256,16
44,2,9,0.2198982536792755,0.8362352848052979,16
44,2,10,0.16558623313903809,0.6143690347671509,16
44,2,11,0.20711758732795715,1.005893349647522,16
44,2,12,0.1541057527065277,0.4570412337779999,16
44,2,13,0.1528908610343933,0.5074073076248169,16
44,2,14,0.12616609036922455,0.5746322274208069,16
44,2,15,0.24960429966449738,0.9772799611091614,16
44,2,16,0.18023939430713654,0.6628233790397644,16
44,2,17,0.14365817606449127,0.7274144291877747,16
44,2,18,0.25657692551612854,0.6113617420196533,16
44,2,19,0.23639999330043793,0.45310717821121216,16
44,2,20,0.15881352126598358,0.47684603929519653,16
44,2,21,0.1411464810371399,0.4202285408973694,16
44,2,22,0.20240402221679688,0.5896074175834656,16
44,2,23,0.2071412354707718,0.43015438318252563,16
44,2,24,0.182606503367424,0.6955363750457764,16
44,2,25,0.19203120470046997,0.577698826789856,16
44,2,26,0.14121556282043457,0.2789750397205353,16
44,2,27,0.15608800947666168,1.3260881900787354,16
44,2,28,0.19912272691726685,0.7431471943855286,16
44,2,29,0.12305526435375214,0.40057361125946045,16
44,2,30,0.17078430950641632,0.35106274485588074,16
44,2,31,0.12882521748542786,0.4695170819759369,16
44,2,32,0.1964716911315918,0.4406905174255371,16
44,2,33,0.12500011920928955,0.5566785931587219,16
44,2,34,0.16388234496116638,0.39127641916275024,16
44,2,35,0.16348165273666382,0.6082631349563599,16
44,2,36,0.16230490803718567,0.6496036648750305,16
44,2,37,0.14878365397453308,0.42335763573646545,16
44,2,38,0.15943923592567444,0.565693199634552,16
44,2,39,0.19140814244747162,0.560152530670166,16
44,2,40,0.13951385021209717,0.3667720556259155,16
44,2,41,0.11818923056125641,0.9273645281791687,16
44,2,42,0.17422834038734436,0.7101288437843323,16
44,2,43,0.18985313177108765,1.20405912399292,16
44,2,44,0.21695905923843384,0.4624616205692291,16
44,2,45,0.18765151500701904,1.6532150506973267,16
44,2,46,0.24957017600536346,1.0655229091644287,16
44,2,47,0.18934114277362823,0.6070714592933655,16
44,2,48,0.1751667559146881,1.0527030229568481,16
44,2,49,0.2331828773021698,1.0058776140213013,16
44,2,50,0.22136607766151428,1.2471948862075806,16
44,2,51,0.180647075176239,1.0180002450942993,16
44,2,52,0.090049147605896,0.38204580545425415,16
44,2,53,0.24190674722194672,1.0982869863510132,16
44,2,54,0.24567413330078125,0.7116385102272034,16
44,2,55,0.15029121935367584,0.6603760123252869,16
44,2,56,0.20639821887016296,2.3650412559509277,16
44,2,57,0.1641448438167572,0.6833388805389404,16
44,2,58,0.14310865104198456,0.5423860549926758,16
44,2,59,0.15179967880249023,0.8246045112609863,16
44,2,60,0.19112920761108398,1.0165220499038696,16
44,2,61,0.22009603679180145,0.8105053901672363,16
44,2,62,0.14731523394584656,0.4536629617214203,16
44,2,63,0.15315213799476624,0.49866607785224915,16
44,2,64,0.17114637792110443,0.6411758065223694,16
44,2,65,0.2130119502544403,0.788002073764801,16
44,2,66,0.22040556371212006,1.073638677597046,16
44,2,67,0.18957921862602234,0.962735652923584,16
44,2,68,0.20341934263706207,0.5694141387939453,16
44,2,69,0.24209418892860413,0.8570586442947388,16
44,2,70,0.16496939957141876,0.5660778880119324,16
44,2,71,0.1495564728975296,1.0362876653671265,16
44,2,72,0.09231900423765182,0.3219572901725769,16
44,2,73,0.1503198891878128,0.5930960178375244,16
44,2,74,0.14581650495529175,0.7650758028030396,16
44,2,75,0.12766803801059723,0.6369039416313171,16
44,2,76,0.15002423524856567,0.7787036895751953,16
44,2,77,0.2600571811199188,1.2338956594467163,16
44,2,78,0.15501874685287476,0.7774225473403931,16
44,2,79,0.18370749056339264,0.4098590016365051,16
44,2,80,0.14457717537879944,0.49328839778900146,16
44,2,81,0.12946590781211853,0.874992847442627,16
44,2,82,0.17842701077461243,0.8109674453735352,16
44,2,83,0.14162513613700867,0.6445722579956055,16
44,2,84,0.17011758685112,1.4150207042694092,16
44,2,85,0.11901477724313736,0.41247838735580444,16
44,2,86,0.1838981956243515,0.7614193558692932,16
44,2,87,0.18168747425079346,0.6085562109947205,16
44,2,88,0.13222703337669373,0.575081467628479,16
44,2,89,0.13151557743549347,0.9765669107437134,16
44,2,90,0.18789133429527283,0.41346073150634766,16
44,2,91,0.09855896234512329,0.9668651223182678,16
44,2,92,0.17086099088191986,1.4173228740692139,16
44,2,93,0.20704543590545654,0.8816913962364197,16
44,2,94,0.14534609019756317,1.1561321020126343,16
44,2,95,0.10975916683673859,0.4532383680343628,16
44,2,96,0.16513974964618683,1.137314796447754,16
44,2,97,0.14293454587459564,0.8127915263175964,16
44,2,98,0.2419869303703308,1.9188746213912964,16
44,2,99,0.10525446385145187,0.3647042512893677,16
44,2,100,0.12283199280500412,0.9520244598388672,16
44,2,101,0.20847541093826294,0.624567449092865,16
44,2,102,0.1883733868598938,0.5407177209854126,16
44,2,103,0.22414961457252502,0.6940723657608032,16
44,2,104,0.13057643175125122,0.47939595580101013,16
44,2,105,0.13832326233386993,0.4471696615219116,16
44,2,106,0.13363711535930634,0.5469062328338623,16
44,2,107,0.2133697271347046,0.7549005150794983,16
44,2,108,0.14555275440216064,0.83354651927948,16
44,2,109,0.17859961092472076,0.5659711360931396,16
44,2,110,0.17124557495117188,0.6178726553916931,16
44,2,111,0.15344688296318054,0.4504987895488739,16
44,2,112,0.1780356764793396,1.0611238479614258,16
44,2,113,0.26314181089401245,1.3050905466079712,16
44,2,114,0.12030112743377686,0.6256360411643982,16
44,2,115,0.20715492963790894,0.526485800743103,16
44,2,116,0.17405641078948975,0.3489656448364258,16
44,2,117,0.1395963579416275,0.6145711541175842,16
44,2,118,0.2211996167898178,0.8982908725738525,16
44,2,119,0.14060425758361816,0.35108086466789246,16
44,2,120,0.10539774596691132,1.1808907985687256,16
44,2,121,0.19228985905647278,0.9273335337638855,16
44,2,122,0.12221194058656693,0.9123806357383728,16
44,2,123,0.13064618408679962,0.7204499244689941,16
44,2,124,0.16335460543632507,0.5128430724143982,16
44,2,125,0.2116655558347702,1.1527318954467773,16
44,2,126,0.13728828728199005,0.5458386540412903,16
44,2,127,0.16605350375175476,0.9404192566871643,16
44,2,128,0.18850216269493103,0.5209370255470276,16
44,2,129,0.13990512490272522,1.0457960367202759,16
44,2,130,0.12194319069385529,1.1708049774169922,16
44,2,131,0.11438549309968948,0.31305721402168274,16
44,2,132,0.13668668270111084,0.5067571997642517,16
44,2,133,0.15476007759571075,1.3728691339492798,16
44,2,134,0.1568288803100586,0.9752495884895325,16
44,2,135,0.17060117423534393,0.562749981880188,16
44,2,136,0.16312693059444427,0.5322455167770386,16
44,2,137,0.12369323521852493,0.4654051959514618,16
44,2,138,0.18712010979652405,0.47534099221229553,16
44,2,139,0.17856380343437195,0.6012131571769714,16
44,2,140,0.18431633710861206,1.389831304550171,16
44,2,141,0.18946094810962677,0.5735992193222046,16
44,2,142,0.15942299365997314,0.8289303183555603,16
44,2,143,0.1950460821390152,0.47383373975753784,16
44,2,144,0.21692697703838348,0.5973130464553833,16
44,2,145,0.18883280456066132,1.2132000923156738,16
44,2,146,0.178672194480896,1.3244872093200684,16
44,2,147,0.14105717837810516,0.6460170149803162,16
44,2,148,0.13880714774131775,0.45447248220443726,16
44,2,149,0.2411828488111496,1.213180661201477,16
44,2,150,0.18720950186252594,0.7766231894493103,16
44,2,151,0.18426939845085144,2.5097029209136963,16
44,2,152,0.18161652982234955,0.37995824217796326,16
44,2,153,0.162092924118042,0.5049528479576111,16
44,2,154,0.2066628485918045,1.2803136110305786,16
44,2,155,0.13896648585796356,0.4505927860736847,16
44,2,156,0.11628749966621399,1.1859540939331055,16
44,2,157,0.12561173737049103,0.5785614252090454,16
44,2,158,0.26012831926345825,1.3397552967071533,16
44,2,159,0.2515806555747986,2.0499331951141357,16
44,2,160,0.10258907079696655,0.45332545042037964,16
44,2,161,0.16184315085411072,1.5872946977615356,16
44,2,162,0.18675023317337036,0.6005322933197021,16
44,2,163,0.16039271652698517,1.0101712942123413,16
44,2,164,0.1681114137172699,0.3512909412384033,16
44,2,165,0.19863010942935944,1.2172554731369019,16
44,2,166,0.12979760766029358,0.5939422249794006,16
44,2,167,0.19174620509147644,1.0670044422149658,16
44,2,168,0.172235369682312,0.8002884387969971,16
44,2,169,0.1312943398952484,1.0716129541397095,16
44,2,170,0.12073320150375366,0.9480500221252441,16
44,2,171,0.152330219745636,0.6662853956222534,16
44,2,172,0.1658334583044052,0.7905396819114685,16
44,2,173,0.13488204777240753,0.5777564644813538,16
44,2,174,0.18066564202308655,0.5556221604347229,16
44,2,175,0.17140202224254608,0.672822117805481,16
44,2,176,0.15968862175941467,0.5514712929725647,16
44,2,177,0.2657812237739563,0.7474256157875061,16
44,2,178,0.18409959971904755,0.7820457816123962,16
44,2,179,0.16161763668060303,1.0501376390457153,16
44,2,180,0.1715516597032547,0.6075475215911865,16
44,2,181,0.13978607952594757,0.5103781223297119,16
44,2,182,0.15739363431930542,0.9960377812385559,16
44,2,183,0.16335949301719666,0.6780820488929749,16
44,2,184,0.179277241230011,0.7998773455619812,16
44,2,185,0.16169792413711548,0.8846989870071411,16
44,2,186,0.16762122511863708,1.0552977323532104,16
44,2,187,0.21315635740756989,1.0866527557373047,16
44,2,188,0.13540005683898926,0.9056012034416199,16
44,2,189,0.14452366530895233,0.809963583946228,16
44,2,190,0.12776964902877808,0.4542393684387207,16
44,2,191,0.19651904702186584,0.7224133610725403,16
44,2,192,0.12023435533046722,0.8622419834136963,16
44,2,193,0.14908528327941895,1.5023342370986938,16
44,2,194,0.21008983254432678,1.540303111076355,16
44,2,195,0.15231630206108093,1.1603387594223022,16
44,2,196,0.12354244291782379,0.7678125500679016,16
44,2,197,0.19249701499938965,0.8705534934997559,16
44,2,198,0.12404456734657288,1.549324631690979,16
44,2,199,0.19295497238636017,0.9974080920219421,16
44,2,200,0.12314574420452118,0.3417370915412903,16
44,2,201,0.10312719643115997,0.3609962463378906,16
44,2,202,0.1806897670030594,0.8118839263916016,16
44,2,203,0.161921888589859,0.9460241198539734,16
44,2,204,0.10189077258110046,0.5517504811286926,16
44,2,205,0.18582682311534882,1.1974362134933472,16
44,2,206,0.15656590461730957,0.8392320275306702,16
44,2,207,0.13263201713562012,0.629864513874054,16
44,2,208,0.24715036153793335,1.3017916679382324,16
44,2,209,0.1976148784160614,0.9281548261642456,16
44,2,210,0.19173328578472137,0.4992160201072693,16
44,2,211,0.17105935513973236,1.018730640411377,16
44,2,212,0.15221166610717773,0.939887523651123,16
44,2,213,0.22323215007781982,1.8738632202148438,16
44,2,214,0.102688267827034,0.4111073911190033,16
44,2,215,0.19978810846805573,1.5922253131866455,16
44,2,216,0.1572394073009491,0.32872942090034485,16
44,2,217,0.13207732141017914,0.3567613959312439,16
44,2,218,0.161520317196846,0.4550938606262207,16
44,2,219,0.13074828684329987,0.9743380546569824,16
44,2,220,0.219242125749588,0.4894435703754425,16
44,2,221,0.2584947347640991,0.6499361395835876,16
44,2,222,0.18463070690631866,0.7569873929023743,16
44,2,223,0.1117694228887558,0.24135610461235046,16
44,2,224,0.2633507251739502,1.7934736013412476,16
44,2,225,0.14557614922523499,1.6116167306900024,16
44,2,226,0.12308434396982193,0.8146898150444031,16
44,2,227,0.19658802449703217,0.9797120094299316,16
44,2,228,0.1550225466489792,0.8201322555541992,16
44,2,229,0.1718786209821701,0.8436991572380066,16
44,2,230,0.11930935084819794,0.6110445857048035,16
44,2,231,0.13974080979824066,1.3684873580932617,16
44,2,232,0.08886557072401047,0.5774632096290588,16
44,2,233,0.12440364062786102,0.8694936633110046,16
44,2,234,0.18468308448791504,0.616615891456604,16
44,2,235,0.08465337008237839,0.36998987197875977,16
44,2,236,0.16727587580680847,1.4991049766540527,16
44,2,237,0.17120510339736938,0.7163297533988953,16
44,2,238,0.17749691009521484,0.8541231155395508,16
44,2,239,0.12274444103240967,0.349016934633255,16
44,2,240,0.168595552444458,0.8270457983016968,16
44,2,241,0.16725295782089233,1.8652461767196655,16
44,2,242,0.2033400982618332,1.3691627979278564,16
44,2,243,0.14512743055820465,0.4564463198184967,16
44,2,244,0.19350922107696533,2.2063541412353516,16
44,2,245,0.13054969906806946,0.984551727771759,16
44,2,246,0.14330831170082092,0.8548288345336914,16
44,2,247,0.09790568053722382,0.9035081267356873,16
44,2,248,0.15420213341712952,0.6061335206031799,16
44,2,249,0.12445329129695892,0.5404359698295593,16
44,2,250,0.09135688096284866,0.6551660299301147,16
44,2,251,0.14221136271953583,0.7288408279418945,16
44,2,252,0.15391674637794495,0.8252627849578857,16
44,2,253,0.17542079091072083,0.6375889778137207,16
44,2,254,0.1623327136039734,0.5226696133613586,16
44,2,255,0.1611875295639038,0.47300344705581665,16
44,2,256,0.15003857016563416,0.9191443920135498,16
44,2,257,0.23359045386314392,1.0648210048675537,16
44,2,258,0.16885170340538025,1.747148871421814,16
44,2,259,0.11004357784986496,0.5418477058410645,16
44,2,260,0.11456410586833954,0.4403616487979889,16
44,2,261,0.1595039963722229,0.7256770133972168,16
44,2,262,0.15230786800384521,0.39408108592033386,16
44,2,263,0.10154989361763,1.1490646600723267,16
42,3,0,0.12701839208602905,0.4553495943546295,16
42,3,1,0.16388757526874542,1.0098521709442139,16
42,3,2,0.1483534276485443,0.9004941582679749,16
42,3,3,0.17962008714675903,0.8231667280197144,16
42,3,4,0.12684960663318634,0.506066620349884,16
42,3,5,0.1141483336687088,0.6514989137649536,16
42,3,6,0.130824014544487,0.9741014242172241,16
42,3,7,0.13246698677539825,0.4915347695350647,16
42,3,8,0.14050355553627014,0.9899458885192871,16
42,3,9,0.12641209363937378,0.6869639754295349,16
42,3,10,0.23586344718933105,0.6730647087097168,16
42,3,11,0.18772076070308685,0.5691004991531372,16
42,3,12,0.12783131003379822,0.5630052089691162,16
42,3,13,0.13601478934288025,0.4537923038005829,16
42,3,14,0.1875859647989273,0.821858286857605,16
42,3,15,0.1870308220386505,1.7606383562088013,16
42,3,16,0.17191001772880554,0.9350106716156006,16
42,3,17,0.1581895500421524,1.298980951309204,16
42,3,18,0.11656884104013443,1.4104292392730713,16
42,3,19,0.18705427646636963,1.4337788820266724,16
42,3,20,0.11160513013601303,0.5314968228340149,16
42,3,21,0.20975102484226227,0.6248202323913574,16
42,3,22,0.1389823853969574,1.0056569576263428,16
42,3,23,0.1691100001335144,0.6169221997261047,16
42,3,24,0.11829506605863571,0.4790927469730377,16
42,3,25,0.2313310205936432,0.9827890396118164,16
42,3,26,0.12183257192373276,0.5600647330284119,16
42,3,27,0.20627948641777039,1.728909969329834,16
42,3,28,0.13442490994930267,0.49756520986557007,16
42,3,29,0.16171622276306152,0.5761744379997253,16
42,3,30,0.14991609752178192,0.7756816148757935,16
42,3,31,0.10345548391342163,0.542651355266571,16
42,3,32,0.14489516615867615,0.7302799224853516,16
42,3,33,0.09159081429243088,0.575184166431427,16
42,3,34,0.19713085889816284,0.6583336591720581,16
42,3,35,0.1466081738471985,0.3590594232082367,16
42,3,36,0.18637412786483765,0.46487104892730713,16
42,3,37,0.1589246690273285,0.6541037559509277,16
42,3,38,0.17494052648544312,1.1186962127685547,16
42,3,39,0.12368368357419968,0.8983559012413025,16
42,3,40,0.19680669903755188,1.3834776878356934,16
42,3,41,0.140676811337471,0.4434793293476105,16
42,3,42,0.23134630918502808,1.0007939338684082,16
42,3,43,0.12962335348129272,0.4928671419620514,16
42,3,44,0.10574007779359818,0.6250997185707092,16
42,3,45,0.16003137826919556,0.25722625851631165,16
42,3,46,0.11561393737792969,0.5559181571006775,16
42,3,47,0.13670538365840912,0.5522069931030273,16
42,3,48,0.15833641588687897,0.9654635190963745,16
42,3,49,0.1077335774898529,0.8921396136283875,16
42,3,50,0.22682930529117584,1.2555561065673828,16
42,3,51,0.11522753536701202,1.260874629020691,16
42,3,52,0.1803535372018814,0.9723412990570068,16
42,3,53,0.16021010279655457,1.5057659149169922,16
42,3,54,0.145174041390419,1.2744922637939453,16
42,3,55,0.13588562607765198,0.8092772960662842,16
42,3,56,0.20572973787784576,1.8383879661560059,16
42,3,57,0.21540561318397522,0.929118812084198,16
42,3,58,0.1125812828540802,0.2993606925010681,16
42,3,59,0.1552000492811203,0.7160061597824097,16
42,3,60,0.17310699820518494,1.403680682182312,16
42,3,61,0.16600850224494934,0.8031831383705139,16
42,3,62,0.14764200150966644,0.5233354568481445,16
42,3,63,0.17407241463661194,0.7199886441230774,16
42,3,64,0.10190227627754211,1.2146328687667847,16
42,3,65,0.17397518455982208,0.564641535282135,16
42,3,66,0.10038956999778748,0.7814364433288574,16
42,3,67,0.11751480400562286,1.1453109979629517,16
42,3,68,0.09416304528713226,0.41887858510017395,16
42,3,69,0.1554233580827713,0.8323352336883545,16
42,3,70,0.1346941590309143,1.6928393840789795,16
42,3,71,0.18443673849105835,0.8569217324256897,16
42,3,72,0.15152138471603394,0.5135564804077148,16
42,3,73,0.14173874258995056,0.672305166721344,16
42,3,74,0.18718354403972626,1.5000356435775757,16
42,3,75,0.13509498536586761,0.6770782470703125,16
42,3,76,0.14440202713012695,1.5735764503479004,16
42,3,77,0.1732635796070099,0.8180996775627136,16
42,3,78,0.15163928270339966,0.6820915937423706,16
42,3,79,0.11940237879753113,0.6362903714179993,16
42,3,80,0.2144583910703659,1.22384512424469,16
42,3,81,0.0771467536687851,0.8370043039321899,16
42,3,82,0.13449566066265106,0.363811194896698,16
42,3,83,0.18666647374629974,0.898370623588562,16
42,3,84,0.21240419149398804,0.7764040231704712,16
42,3,85,0.1503804326057434,0.8863838315010071,16
42,3,86,0.19177421927452087,2.3901472091674805,16
42,3,87,0.19487285614013672,0.5338937640190125,16
42,3,88,0.2474246621131897,0.7095170021057129,16
42,3,89,0.17075467109680176,1.1006895303726196,16
42,3,90,0.13512055575847626,1.5405656099319458,16
42,3,91,0.12226332724094391,0.7800195217132568,16
42,3,92,0.09283709526062012,0.6817813515663147,16
42,3,93,0.09810662269592285,0.805597722530365,16
42,3,94,0.12972432374954224,0.4748813211917877,16
42,3,95,0.08685074746608734,0.3498254120349884,16
42,3,96,0.26675036549568176,2.0799460411071777,16
42,3,97,0.1802608072757721,0.5098977088928223,16
42,3,98,0.1501484513282776,0.45493271946907043,16
42,3,99,0.23891228437423706,1.8021119832992554,16
42,3,100,0.11476173996925354,0.6811341047286987,16
42,3,101,0.18576481938362122,0.8206563591957092,16
42,3,102,0.16796644032001495,0.6806426048278809,16
42,3,103,0.08709283918142319,0.23643818497657776,16
42,3,104,0.1341618448495865,0.6200749278068542,16
42,3,105,0.12214718759059906,0.7928308248519897,16
42,3,106,0.1419537365436554,0.7195965051651001,16
42,3,107,0.09777304530143738,1.021964430809021,16
42,3,108,0.15720683336257935,0.6077901721000671,16
42,3,109,0.10719312727451324,0.6720510125160217,16
42,3,110,0.12169364094734192,1.0820378065109253,16
42,3,111,0.07978713512420654,0.7569950222969055,16
42,3,112,0.20288582146167755,0.7152749300003052,16
42,3,113,0.13780568540096283,1.1432524919509888,16
42,3,114,0.12319397926330566,0.6427851319313049,16
42,3,115,0.10748475044965744,0.8409807085990906,16
42,3,116,0.1700085699558258,1.4680838584899902,16
42,3,117,0.1438124179840088,1.3542579412460327,16
42,3,118,0.23937299847602844,0.46163544058799744,16
42,3,119,0.11309097707271576,0.9323854446411133,16
42,3,120,0.22347861528396606,1.492522120475769,16
42,3,121,0.17443782091140747,0.32225778698921204,16
42,3,122,0.11787857115268707,0.387624055147171,16
42,3,123,0.12965136766433716,0.41501134634017944,16
42,3,124,0.14686763286590576,0.7748863697052002,16
42,3,125,0.09831824898719788,0.9677461981773376,16
42,3,126,0.20370137691497803,0.9857569932937622,16
42,3,127,0.24882273375988007,2.321650266647339,16
42,3,128,0.17587250471115112,1.6417746543884277,16
42,3,129,0.17117838561534882,1.1505441665649414,16
42,3,130,0.09824945032596588,0.7904940843582153,16
42,3,131,0.16247542202472687,1.3472609519958496,16
42,3,132,0.20044955611228943,0.5332551002502441,16
42,3,133,0.14595375955104828,0.6107663512229919,16
42,3,134,0.19872123003005981,0.8696882128715515,16
42,3,135,0.19847044348716736,0.5645262598991394,16
42,3,136,0.26980602741241455,0.7709234356880188,16
42,3,137,0.13341732323169708,0.4890499711036682,16
42,3,138,0.25061362981796265,1.0154165029525757,16
42,3,139,0.09273827821016312,0.4787266254425049,16
42,3,140,0.13439030945301056,0.41273531317710876,16
42,3,141,0.1685160994529724,0.446219265460968,16
42,3,142,0.1249469518661499,0.5149969458580017,16
42,3,143,0.25150901079177856,1.0255554914474487,16
42,3,144,0.23599950969219208,1.1170895099639893,16
42,3,145,0.17008845508098602,1.0994455814361572,16
42,3,146,0.11940491944551468,0.2876244783401489,16
42,3,147,0.14277836680412292,0.5021483302116394,16
42,3,148,0.15773995220661163,1.3585206270217896,16
42,3,149,0.11609847843647003,0.35107940435409546,16
42,3,150,0.11032412946224213,0.7962296605110168,16
42,3,151,0.14689365029335022,1.0143123865127563,16
42,3,152,0.23382703959941864,1.636752963066101,16
42,3,153,0.12516768276691437,0.3851572275161743,16
42,3,154,0.12753379344940186,1.0294439792633057,16
42,3,155,0.1026664525270462,0.5488751530647278,16
42,3,156,0.18569567799568176,0.7703484296798706,16
42,3,157,0.1582697033882141,0.7640326023101807,16
42,3,158,0.08589489758014679,0.5325925350189209,16
42,3,159,0.14010676741600037,0.9342504739761353,16
42,3,160,0.1410035789012909,0.5503302812576294,16
42,3,161,0.11050241440534592,0.6841562986373901,16
42,3,162,0.1773262768983841,0.8567063212394714,16
42,3,163,0.11814388632774353,0.5857475399971008,16
42,3,164,0.20756244659423828,0.361194908618927,16
42,3,165,0.12869083881378174,0.29969680309295654,16
42,3,166,0.1535947471857071,0.3735522925853729,16
42,3,167,0.16827237606048584,1.1559638977050781,16
42,3,168,0.10625522583723068,0.4782744348049164,16
42,3,169,0.16111339628696442,1.6301259994506836,16
42,3,170,0.12533971667289734,0.31341293454170227,16
42,3,171,0.18681700527668,0.5923286080360413,16
42,3,172,0.1775505691766739,1.050718903541565,16
42,3,173,0.24706688523292542,0.3932204842567444,16
42,3,174,0.16808758676052094,0.7868528366088867,16
42,3,175,0.1163213849067688,0.2989848256111145,16
42,3,176,0.11563757061958313,0.7332283854484558,16
42,3,177,0.1176823303103447,0.9695031046867371,16
42,3,178,0.12912964820861816,0.531567394733429,16
42,3,179,0.17285063862800598,2.076181173324585,16
42,3,180,0.16218486428260803,0.6005151867866516,16
42,3,181,0.20262780785560608,0.5555519461631775,16
42,3,182,0.166273832321167,0.6632768511772156,16
42,3,183,0.16753335297107697,0.5630366206169128,16
42,3,184,0.11417225748300552,0.672062337398529,16
42,3,185,0.1586408019065857,0.6202220916748047,16
42,3,186,0.10658721625804901,0.6106273531913757,16
42,3,187,0.12643301486968994,0.337777316570282,16
42,3,188,0.12529446184635162,0.5865022540092468,16
42,3,189,0.15701153874397278,0.5754427909851074,16
42,3,190,0.13389727473258972,0.33259284496307373,16
42,3,191,0.11375656723976135,0.6281799077987671,16
42,3,192,0.16464368999004364,1.5084209442138672,16
42,3,193,0.13407231867313385,0.3872848153114319,16
42,3,194,0.12803077697753906,0.38309231400489807,16
42,3,195,0.1559254229068756,0.647166907787323,16
42,3,196,0.16373594105243683,0.8806251883506775,16
42,3,197,0.18373283743858337,1.6328340768814087,16
42,3,198,0.09601734578609467,0.5573374629020691,16
42,3,199,0.15934546291828156,0.7025311589241028,16
42,3,200,0.19037914276123047,0.93483966588974,16
42,3,201,0.1272585093975067,0.54676753282547,16
42,3,202,0.19097843766212463,0.6465444564819336,16
42,3,203,0.14792564511299133,0.6025551557540894,16
42,3,204,0.11905547231435776,0.3422938287258148,16
42,3,205,0.15818175673484802,0.4107174277305603,16
42,3,206,0.11683664470911026,0.3633304238319397,16
42,3,207,0.13004079461097717,0.4341186285018921,16
42,3,208,0.15128490328788757,0.6181979179382324,16
42,3,209,0.11814425885677338,0.3253556489944458,16
42,3,210,0.1267019659280777,1.1517242193222046,16
42,3,211,0.09606682509183884,0.45693323016166687,16
42,3,212,0.08601207286119461,0.559552013874054,16
42,3,213,0.21657875180244446,0.6720993518829346,16
42,3,214,0.20552891492843628,1.3100987672805786,16
42,3,215,0.17861826717853546,1.200334906578064,16
42,3,216,0.10260143131017685,0.4006553888320923,16
42,3,217,0.13548898696899414,0.4205992519855499,16
42,3,218,0.09146372973918915,0.5532644987106323,16
42,3,219,0.1284865438938141,0.43630048632621765,16
42,3,220,0.18327876925468445,0.34060776233673096,16
42,3,221,0.1597289741039276,1.67664635181427,16
42,3,222,0.11490103602409363,0.5038002729415894,16
42,3,223,0.1373101770877838,0.8475425243377686,16
42,3,224,0.18703098595142365,0.5593879818916321,16
42,3,225,0.20645606517791748,1.121593952178955,16
42,3,226,0.11979532241821289,0.4903069734573364,16
42,3,227,0.11885535717010498,1.0503997802734375,16
42,3,228,0.10804065316915512,1.2107617855072021,16
42,3,229,0.1568368673324585,0.6616730690002441,16
42,3,230,0.08932778239250183,0.26544129848480225,16
42,3,231,0.2302631437778473,0.7978613376617432,16
42,3,232,0.18056723475456238,0.6144892573356628,16
42,3,233,0.13034957647323608,1.2016398906707764,16
42,3,234,0.18972277641296387,2.162276029586792,16
42,3,235,0.14299248158931732,0.47523534297943115,16
42,3,236,0.19655923545360565,1.1898847818374634,16
42,3,237,0.1520329862833023,0.9108216166496277,16
42,3,238,0.10678793489933014,1.2807666063308716,16
42,3,239,0.16484767198562622,0.4720643162727356,16
42,3,240,0.11951585114002228,0.41419076919555664,16
42,3,241,0.16290581226348877,0.6653567552566528,16
42,3,242,0.11958017200231552,1.0565836429595947,16
42,3,243,0.16071566939353943,1.7855186462402344,16
42,3,244,0.1920747458934784,1.3303017616271973,16
42,3,245,0.16828526556491852,1.1263724565505981,16
42,3,246,0.19179248809814453,0.6115686893463135,16
42,3,247,0.18631339073181152,0.7221296429634094,16
42,3,248,0.1540212482213974,0.7041254639625549,16
42,3,249,0.15746644139289856,0.8143991827964783,16
42,3,250,0.11737470328807831,1.090580940246582,16
42,3,251,0.1534964144229889,1.0948469638824463,16
42,3,252,0.1598304808139801,1.1832633018493652,16
42,3,253,0.15329420566558838,1.0652626752853394,16
42,3,254,0.11484268307685852,0.29818034172058105,16
42,3,255,0.09846758842468262,0.7198029160499573,16
42,3,256,0.12347389757633209,0.6724674701690674,16
42,3,257,0.14238454401493073,0.7503504157066345,16
42,3,258,0.20214354991912842,1.2680261135101318,16
42,3,259,0.15904738008975983,0.7568708062171936,16
42,3,260,0.13839146494865417,1.1055781841278076,16
42,3,261,0.15959666669368744,0.782442033290863,16
42,3,262,0.09982636570930481,3.288161516189575,16
42,3,263,0.20138533413410187,3.7324347496032715,16
43,3,0,0.17790430784225464,1.4522078037261963,16
43,3,1,0.16183686256408691,1.0885703563690186,16
43,3,2,0.13915269076824188,0.6103459000587463,16
43,3,3,0.1970420479774475,1.4110361337661743,16
43,3,4,0.09473846107721329,0.9950059056282043,16
43,3,5,0.14896659553050995,0.5862230062484741,16
43,3,6,0.13197465240955353,1.192948579788208,16
43,3,7,0.1544446051120758,0.7096607685089111,16
43,3,8,0.1395038366317749,1.0451020002365112,16
43,3,9,0.16216519474983215,0.7943931818008423,16
43,3,10,0.16299864649772644,0.8152210712432861,16
43,3,11,0.09424443542957306,0.5744919180870056,16
43,3,12,0.1360524594783783,0.5671270489692688,16
43,3,13,0.1506655067205429,0.6352224349975586,16
43,3,14,0.19118328392505646,0.5706727504730225,16
43,3,15,0.15700989961624146,0.6255773901939392,16
43,3,16,0.1414695680141449,0.4427032172679901,16
43,3,17,0.14670546352863312,1.1293458938598633,16
43,3,18,0.2179858535528183,1.379166603088379,16
43,3,19,0.13364526629447937,1.6297334432601929,16
43,3,20,0.20085127651691437,1.0600906610488892,16
43,3,21,0.13967740535736084,0.47208112478256226,16
43,3,22,0.1400885432958603,0.7500089406967163,16
43,3,23,0.15478141605854034,1.3771018981933594,16
43,3,24,0.18414242565631866,0.4741515517234802,16
43,3,25,0.16866523027420044,1.1182124614715576,16
43,3,26,0.2233360856771469,0.7260184288024902,16
43,3,27,0.14974524080753326,0.5122063755989075,16
43,3,28,0.16220808029174805,0.6825869679450989,16
43,3,29,0.17149218916893005,0.655470609664917,16
43,3,30,0.19440317153930664,1.099735140800476,16
43,3,31,0.15865537524223328,0.5791792273521423,16
43,3,32,0.17539870738983154,0.46925169229507446,16
43,3,33,0.11336633563041687,1.2924580574035645,16
43,3,34,0.2521422803401947,1.3342609405517578,16
43,3,35,0.1552916318178177,0.5973557829856873,16
43,3,36,0.12053108215332031,0.8044766783714294,16
43,3,37,0.10815738141536713,0.5660726428031921,16
43,3,38,0.20702651143074036,1.1846925020217896,16
43,3,39,0.23294641077518463,1.0125728845596313,16
43,3,40,0.18262487649917603,1.1139609813690186,16
43,3,41,0.20081524550914764,0.6113210320472717,16
43,3,42,0.1447555124759674,0.7572260499000549,16
43,3,43,0.1106947809457779,0.47759443521499634,16
43,3,44,0.17161530256271362,0.7122583985328674,16
43,3,45,0.16352945566177368,0.6134321689605713,16
43,3,46,0.1677015721797943,0.6748135685920715,16
43,3,47,0.19167093932628632,1.5009865760803223,16
43,3,48,0.12779247760772705,0.8253648281097412,16
43,3,49,0.17970427870750427,0.8628150820732117,16
43,3,50,0.1683889925479889,1.1324959993362427,16
43,3,51,0.14578606188297272,1.5163867473602295,16
43,3,52,0.11344870924949646,0.9354780912399292,16
43,3,53,0.2178528606891632,1.2119684219360352,16
43,3,54,0.07883873581886292,0.43937599658966064,16
43,3,55,0.15137755870819092,1.2008713483810425,16
43,3,56,0.1186479926109314,0.503709614276886,16
43,3,57,0.15933459997177124,0.7984353303909302,16
43,3,58,0.14729906618595123,0.8558218479156494,16
43,3,59,0.15822723507881165,0.6751143336296082,16
43,3,60,0.1312548667192459,0.5576130151748657,16
43,3,61,0.119423046708107,0.5750475525856018,16
43,3,62,0.18394741415977478,0.4484703242778778,16
43,3,63,0.1844290792942047,0.8153336048126221,16
43,3,64,0.1374262124300003,0.5062539577484131,16
43,3,65,0.16871029138565063,1.1426604986190796,16
43,3,66,0.13941317796707153,1.2026479244232178,16
43,3,67,0.1591150015592575,0.6355980634689331,16
43,3,68,0.12109124660491943,0.5934017300605774,16
43,3,69,0.12842881679534912,0.4085935056209564,16
43,3,70,0.16619569063186646,0.6955599784851074,16
43,3,71,0.14422377943992615,0.4209592938423157,16
43,3,72,0.19194041192531586,0.9563109874725342,16
43,3,73,0.11920046806335449,0.6049429774284363,16
43,3,74,0.16460169851779938,0.5125946402549744,16
43,3,75,0.14813393354415894,0.5944902300834656,16
43,3,76,0.1923760175704956,0.6528971791267395,16
43,3,77,0.1831274777650833,0.5770024657249451,16
43,3,78,0.16055059432983398,1.364593267440796,16
43,3,79,0.21470093727111816,0.6526625156402588,16
43,3,80,0.13107797503471375,0.5838833451271057,16
43,3,81,0.2008482664823532,0.55420982837677,16
43,3,82,0.09936799854040146,0.339224249124527,16
43,3,83,0.12782588601112366,0.49539926648139954,16
43,3,84,0.09724928438663483,0.49296295642852783,16
43,3,85,0.22944526374340057,0.544686496257782,16
43,3,86,0.1419968605041504,0.7932308912277222,16
43,3,87,0.13933023810386658,0.8945949673652649,16
43,3,88,0.1371254324913025,1.0215212106704712,16
43,3,89,0.16543443500995636,1.1861107349395752,16
43,3,90,0.15292824804782867,0.8038948178291321,16
43,3,91,0.15014372766017914,0.6170207858085632,16
43,3,92,0.1329939365386963,0.6093230247497559,16
43,3,93,0.12489146739244461,0.9438218474388123,16
43,3,94,0.1605575978755951,1.9679601192474365,16
43,3,95,0.18747994303703308,1.2110604047775269,16
43,3,96,0.17906849086284637,0.8131599426269531,16
43,3,97,0.1723456084728241,0.9415648579597473,16
43,3,98,0.11742942035198212,0.47304314374923706,16
43,3,99,0.16126510500907898,0.4144315719604492,16
43,3,100,0.19514457881450653,0.4029404819011688,16
43,3,101,0.145187646150589,0.528577446937561,16
43,3,102,0.09924404323101044,0.8975704312324524,16
43,3,103,0.0779275968670845,0.40803003311157227,16
43,3,104,0.13994929194450378,1.1654902696609497,16
43,3,105,0.13802611827850342,1.020688533782959,16
43,3,106,0.15290555357933044,0.6868438720703125,16
43,3,107,0.15391816198825836,0.6798502206802368,16
43,3,108,0.1583126187324524,0.6673731803894043,16
43,3,109,0.13718855381011963,1.0024670362472534,16
43,3,110,0.11336179822683334,0.5233626365661621,16
43,3,111,0.10817329585552216,0.38992342352867126,16
43,3,112,0.1750633716583252,1.4437211751937866,16
43,3,113,0.1339799016714096,0.6884210109710693,16
43,3,114,0.1468725949525833,0.5479426980018616,16
43,3,115,0.13574475049972534,0.6576493382453918,16
43,3,116,0.2334430068731308,1.4731097221374512,16
43,3,117,0.11084083467721939,0.548587441444397,16
43,3,118,0.13990335166454315,0.8838738799095154,16
43,3,119,0.1817532777786255,0.7407581210136414,16
43,3,120,0.10050806403160095,0.5895918011665344,16
43,3,121,0.15908260643482208,1.0686392784118652,16
43,3,122,0.19485273957252502,1.0913197994232178,16
43,3,123,0.10641389340162277,0.34543922543525696,16
43,3,124,0.13234306871891022,0.4499225914478302,16
43,3,125,0.14609260857105255,0.9731724262237549,16
43,3,126,0.16116034984588623,0.6881387233734131,16
43,3,127,0.15255016088485718,1.0986591577529907,16
43,3,128,0.18640045821666718,1.6568540334701538,16
43,3,129,0.09432017803192139,0.23207920789718628,16
43,3,130,0.12923303246498108,0.5574376583099365,16
43,3,131,0.15018299221992493,0.6040468811988831,16
43,3,132,0.15426956117153168,0.6763186454772949,16
43,3,133,0.14200206100940704,1.086493968963623,16
43,3,134,0.15948209166526794,0.9723439812660217,16
43,3,135,0.18517228960990906,1.3043712377548218,16
43,3,136,0.18259012699127197,0.5457329154014587,16
43,3,137,0.14235976338386536,0.7450694441795349,16
43,3,138,0.10616607964038849,0.965400755405426,16
43,3,139,0.23115533590316772,0.6379181146621704,16
43,3,140,0.09493854641914368,0.4347972571849823,16
43,3,141,0.14533081650733948,0.5775020122528076,16
43,3,142,0.128975510597229,0.5061769485473633,16
43,3,143,0.16523396968841553,0.9872777462005615,16
43,3,144,0.23363950848579407,1.9669013023376465,16
43,3,145,0.1027776300907135,0.7598156929016113,16
43,3,146,0.2146163284778595,2.7067394256591797,16
43,3,147,0.151056706905365,0.6208966374397278,16
43,3,148,0.13297657668590546,2.005960464477539,16
43,3,149,0.13120003044605255,1.0235347747802734,16
43,3,150,0.21429508924484253,1.314513921737671,16
43,3,151,0.1389630138874054,1.2028038501739502,16
43,3,152,0.15283891558647156,0.7309135794639587,16
43,3,153,0.1214691549539566,0.462982177734375,16
43,3,154,0.12631858885288239,0.5505099892616272,16
43,3,155,0.13772360980510712,0.3398361802101135,16
43,3,156,0.12431132793426514,1.2554559707641602,16
43,3,157,0.12322413921356201,0.47826820611953735,16
43,3,158,0.13753512501716614,0.6630401015281677,16
43,3,159,0.09495778381824493,1.6702773571014404,16
43,3,160,0.19960172474384308,0.7680363059043884,16
43,3,161,0.17087602615356445,0.6048344373703003,16
43,3,162,0.12930510938167572,0.6016383767127991,16
43,3,163,0.16539821028709412,0.7400943636894226,16
43,3,164,0.15204885601997375,0.824721097946167,16
43,3,165,0.13263770937919617,0.34266799688339233,16
43,3,166,0.1200527548789978,0.7961522936820984,16
43,3,167,0.1006111204624176,1.0197529792785645,16
43,3,168,0.14136669039726257,0.5214191675186157,16
43,3,169,0.13773983716964722,0.6340921521186829,16
43,3,170,0.14054742455482483,0.5755797624588013,16
43,3,171,0.09624867141246796,0.5139425992965698,16
43,3,172,0.1555696427822113,0.823058009147644,16
43,3,173,0.20233401656150818,1.5483113527297974,16
43,3,174,0.20015721023082733,0.8170798420906067,16
43,3,175,0.1455272138118744,0.8871788382530212,16
43,3,176,0.13555660843849182,0.618155300617218,16
43,3,177,0.15681016445159912,0.670609712600708,16
43,3,178,0.13983845710754395,0.398892343044281,16
43,3,179,0.1164565160870552,0.6315720081329346,16
43,3,180,0.13025259971618652,0.44490087032318115,16
43,3,181,0.1235048770904541,0.7277759313583374,16
43,3,182,0.1706177294254303,0.5751646757125854,16
43,3,183,0.12723305821418762,0.4611554443836212,16
43,3,184,0.17381712794303894,0.7164780497550964,16
43,3,185,0.1762118637561798,0.7306660413742065,16
43,3,186,0.15107539296150208,0.6307694911956787,16
43,3,187,0.13549479842185974,1.2727810144424438,16
43,3,188,0.21780914068222046,1.1014535427093506,16
43,3,189,0.18052971363067627,0.932874858379364,16
43,3,190,0.10670417547225952,0.6908559203147888,16
43,3,191,0.1514785885810852,0.6241293549537659,16
43,3,192,0.14985601603984833,0.5700076222419739,16
43,3,193,0.13130174577236176,0.41832396388053894,16
43,3,194,0.15453051030635834,0.422029584646225,16
43,3,195,0.2428385317325592,2.7624051570892334,16
43,3,196,0.22111742198467255,0.7763756513595581,16
43,3,197,0.1073467880487442,1.0129430294036865,16
43,3,198,0.1117892861366272,0.7162063717842102,16
43,3,199,0.12482774257659912,0.5954646468162537,16
43,3,200,0.1818728893995285,0.7192868590354919,16
43,3,201,0.2532453238964081,1.0018922090530396,16
43,3,202,0.1294175386428833,1.1596821546554565,16
43,3,203,0.12801210582256317,1.2171263694763184,16
43,3,204,0.12355577945709229,0.9737433195114136,16
43,3,205,0.13243651390075684,0.6618933081626892,16
43,3,206,0.1264735907316208,1.2407974004745483,16
43,3,207,0.1734541654586792,0.5305037498474121,16
43,3,208,0.135256826877594,0.9779345393180847,16
43,3,209,0.09351900219917297,0.5754581093788147,16
43,3,210,0.20346538722515106,1.0203272104263306,16
43,3,211,0.12325358390808105,0.7303875088691711,16
43,3,212,0.08251292258501053,0.5227733850479126,16
43,3,213,0.19806525111198425,1.7713556289672852,16
43,3,214,0.18577125668525696,0.7682332992553711,16
43,3,215,0.14078444242477417,0.49094358086586,16
43,3,216,0.11361324787139893,1.4505726099014282,16
43,3,217,0.0638936460018158,0.5361521244049072,16
43,3,218,0.3194034993648529,1.4673911333084106,16
43,3,219,0.16152921319007874,0.5970236659049988,16
43,3,220,0.11208558082580566,0.901328444480896,16
43,3,221,0.1286941021680832,0.9346745014190674,16
43,3,222,0.1333758533000946,1.2848340272903442,16
43,3,223,0.20199522376060486,1.0883129835128784,16
43,3,224,0.14382871985435486,0.43930238485336304,16
43,3,225,0.2175537645816803,1.1817066669464111,16
43,3,226,0.1266598403453827,1.436920166015625,16
43,3,227,0.1037643551826477,0.6196313500404358,16
43,3,228,0.16424860060214996,0.6046274900436401,16
43,3,229,0.10315555334091187,0.4180583655834198,16
43,3,230,0.16328191757202148,0.28663986921310425,16
43,3,231,0.11214444041252136,0.8022300004959106,16
43,3,232,0.11498673260211945,1.0292816162109375,16
43,3,233,0.142764151096344,0.6568093299865723,16
43,3,234,0.11789511889219284,0.6500480771064758,16
43,3,235,0.11865691095590591,0.5816432237625122,16
43,3,236,0.18626359105110168,0.8428041338920593,16
43,3,237,0.11591976881027222,0.4313940107822418,16
43,3,238,0.08610677719116211,0.33896785974502563,16
43,3,239,0.12086315453052521,0.7267107367515564,16
43,3,240,0.1199743002653122,0.6103593111038208,16
43,3,241,0.19363993406295776,0.7421197295188904,16
43,3,242,0.08611191809177399,0.8982149958610535,16
43,3,243,0.17818418145179749,0.3629334270954132,16
43,3,244,0.15053164958953857,1.5556113719940186,16
43,3,245,0.1369341015815735,0.3688682019710541,16
43,3,246,0.15381333231925964,0.4686151146888733,16
43,3,247,0.19207604229450226,1.0939017534255981,16
43,3,248,0.1563771516084671,0.4961216151714325,16
43,3,249,0.09309826791286469,0.4741784334182739,16
43,3,250,0.12457288801670074,0.4533454179763794,16
43,3,251,0.13997793197631836,0.8018271923065186,16
43,3,252,0.14756298065185547,0.962719738483429,16
43,3,253,0.1484616994857788,0.2449353188276291,16
43,3,254,0.10584773123264313,1.0177509784698486,16
43,3,255,0.18288633227348328,1.1658324003219604,16
43,3,256,0.13659241795539856,0.8063786625862122,16
43,3,257,0.18030411005020142,0.6243306398391724,16
43,3,258,0.13515157997608185,0.8503894805908203,16
43,3,259,0.10047191381454468,0.6629480123519897,16
43,3,260,0.1540144383907318,0.996572732925415,16
43,3,261,0.1569593995809555,0.625722348690033,16
43,3,262,0.17611846327781677,0.9580115079879761,16
43,3,263,0.15962553024291992,0.9071367383003235,16
44,3,0,0.18605366349220276,1.0868773460388184,16
44,3,1,0.13895969092845917,0.4771122634410858,16
44,3,2,0.12081073224544525,0.6039558053016663,16
44,3,3,0.20955999195575714,1.2478548288345337,16
44,3,4,0.14189781248569489,0.6684072017669678,16
44,3,5,0.16061057150363922,1.2638702392578125,16
44,3,6,0.12744784355163574,1.103554368019104,16
44,3,7,0.14386561512947083,1.1899733543395996,16
44,3,8,0.1490885615348816,1.7349227666854858,16
44,3,9,0.22493834793567657,1.007178783416748,16
44,3,10,0.170013889670372,0.928059458732605,16
44,3,11,0.19245922565460205,0.9566873908042908,16
44,3,12,0.2361164093017578,1.6290746927261353,16
44,3,13,0.1284165233373642,1.8687273263931274,16
44,3,14,0.1435556709766388,1.0938494205474854,16
44,3,15,0.2042526751756668,2.723682165145874,16
44,3,16,0.1812005490064621,1.5178313255310059,16
44,3,17,0.17129051685333252,2.5369279384613037,16
44,3,18,0.12240956723690033,0.8454028964042664,16
44,3,19,0.179408997297287,0.8366395831108093,16
44,3,20,0.1590326428413391,0.7307630181312561,16
44,3,21,0.1419541835784912,0.8630794286727905,16
44,3,22,0.11768756806850433,0.5652814507484436,16
44,3,23,0.25115978717803955,1.8785767555236816,16
44,3,24,0.12658968567848206,0.7970588803291321,16
44,3,25,0.1370117962360382,0.6301775574684143,16
44,3,26,0.17729109525680542,1.0336357355117798,16
44,3,27,0.18018335103988647,0.5362140536308289,16
44,3,28,0.11228848248720169,1.105236291885376,16
44,3,29,0.10733438283205032,0.7366397976875305,16
44,3,30,0.18001584708690643,0.8293471336364746,16
44,3,31,0.14946907758712769,0.5643342137336731,16
44,3,32,0.18681880831718445,1.1560828685760498,16
44,3,33,0.14530830085277557,0.5909450650215149,16
44,3,34,0.10575911402702332,0.29556483030319214,16
44,3,35,0.15864625573158264,1.258713960647583,16
44,3,36,0.17028552293777466,1.1741816997528076,16
44,3,37,0.07932256907224655,0.31791213154792786,16
44,3,38,0.1803334653377533,0.33906930685043335,16
44,3,39,0.19204382598400116,0.9480832815170288,16
44,3,40,0.14850953221321106,0.5038613677024841,16
44,3,41,0.13688966631889343,0.9108535647392273,16
44,3,42,0.1456795036792755,0.5472956299781799,16
44,3,43,0.10635614395141602,0.586383044719696,16
44,3,44,0.1450982391834259,0.6274410486221313,16
44,3,45,0.19875100255012512,0.6477400660514832,16
44,3,46,0.16528429090976715,0.6384544372558594,16
44,3,47,0.16523461043834686,0.6833996772766113,16
44,3,48,0.1985464245080948,1.2633804082870483,16
44,3,49,0.14567959308624268,0.46814170479774475,16
44,3,50,0.17667268216609955,0.785925030708313,16
44,3,51,0.15931245684623718,0.952566385269165,16
44,3,52,0.1776317059993744,0.6274579763412476,16
44,3,53,0.1207844614982605,0.5014132857322693,16
44,3,54,0.1599203497171402,1.7203500270843506,16
44,3,55,0.17061254382133484,0.9874156713485718,16
44,3,56,0.16667981445789337,1.4590321779251099,16
44,3,57,0.15028846263885498,0.7110170722007751,16
44,3,58,0.10469084978103638,0.6948693990707397,16
44,3,59,0.15856507420539856,0.8861741423606873,16
44,3,60,0.19492629170417786,0.5154041051864624,16
44,3,61,0.19106608629226685,0.8152852654457092,16
44,3,62,0.11089026927947998,0.4182094931602478,16
44,3,63,0.14801853895187378,0.6098884344100952,16
44,3,64,0.12583589553833008,0.614193320274353,16
44,3,65,0.21486443281173706,0.7788465023040771,16
44,3,66,0.15104037523269653,0.4045774042606354,16
44,3,67,0.18003696203231812,1.2667485475540161,16
44,3,68,0.09891892969608307,0.46654942631721497,16
44,3,69,0.12222213298082352,0.49897468090057373,16
44,3,70,0.17323057353496552,0.5401490926742554,16
44,3,71,0.14044786989688873,0.9909579157829285,16
44,3,72,0.12381009012460709,0.8839471936225891,16
44,3,73,0.1330222189426422,0.3646937906742096,16
44,3,74,0.15450087189674377,0.8989227414131165,16
44,3,75,0.1351112425327301,0.5107159614562988,16
44,3,76,0.19011473655700684,0.8782582879066467,16
44,3,77,0.1075654923915863,0.4528476297855377,16
44,3,78,0.06056495010852814,0.3543824851512909,16
44,3,79,0.18538574874401093,0.45114409923553467,16
44,3,80,0.1681080460548401,1.7714250087738037,16
44,3,81,0.19348978996276855,1.0630226135253906,16
44,3,82,0.1061456948518753,1.0351169109344482,16
44,3,83,0.16195932030677795,0.8054425716400146,16
44,3,84,0.12309123575687408,0.5497262477874756,16
44,3,85,0.23177802562713623,0.6799794435501099,16
44,3,86,0.11964768171310425,0.7903561592102051,16
44,3,87,0.168905571103096,1.5176793336868286,16
44,3,88,0.15949204564094543,0.5895562171936035,16
44,3,89,0.13016971945762634,0.8103401064872742,16
44,3,90,0.1587001383304596,0.38043880462646484,16
44,3,91,0.1437387764453888,0.3070748746395111,16
44,3,92,0.09826747328042984,0.6353696584701538,16
44,3,93,0.17061780393123627,0.5983577966690063,16
44,3,94,0.1166718602180481,0.8393440842628479,16
44,3,95,0.12561485171318054,0.5476865172386169,16
44,3,96,0.20547723770141602,0.7017154097557068,16
44,3,97,0.1612085998058319,0.5329328179359436,16
44,3,98,0.13250362873077393,0.8905328512191772,16
44,3,99,0.12797456979751587,0.786778450012207,16
44,3,100,0.15092648565769196,0.6959629058837891,16
44,3,101,0.18494932353496552,0.8943443298339844,16
44,3,102,0.1994909644126892,0.8383268713951111,16
44,3,103,0.12369732558727264,0.8353162407875061,16
44,3,104,0.10017009824514389,0.4660412073135376,16
44,3,105,0.20625945925712585,0.7103641629219055,16
44,3,106,0.17658740282058716,0.8075428605079651,16
44,3,107,0.1896834671497345,1.2211933135986328,16
44,3,108,0.1446608304977417,0.8003259897232056,16
44,3,109,0.21499589085578918,1.1140769720077515,16
44,3,110,0.0995432585477829,0.6973222494125366,16
44,3,111,0.1599569320678711,1.0731738805770874,16
44,3,112,0.1879577338695526,0.9935402870178223,16
44,3,113,0.1862100511789322,1.7819116115570068,16
44,3,114,0.12147501856088638,0.7883794903755188,16
44,3,115,0.13638374209403992,0.8498937487602234,16
44,3,116,0.16714614629745483,1.8883925676345825,16
44,3,117,0.08653376996517181,0.47254711389541626,16
44,3,118,0.17508500814437866,0.848328173160553,16
44,3,119,0.18289519846439362,1.0778805017471313,16
44,3,120,0.13747256994247437,2.2018067836761475,16
44,3,121,0.16198661923408508,1.0934557914733887,16
44,3,122,0.14515386521816254,1.0019915103912354,16
44,3,123,0.17140859365463257,1.2417378425598145,16
44,3,124,0.12436356395483017,1.2387953996658325,16
44,3,125,0.13284263014793396,0.7093909382820129,16
44,3,126,0.15563848614692688,0.9181370735168457,16
44,3,127,0.1709447056055069,0.7517686486244202,16
44,3,128,0.13906674087047577,1.5932211875915527,16
44,3,129,0.2366919219493866,1.0284740924835205,16
44,3,130,0.1812383234500885,0.7961092591285706,16
44,3,131,0.16188929975032806,0.6782956719398499,16
44,3,132,0.21222390234470367,0.8447782397270203,16
44,3,133,0.16133946180343628,0.48506373167037964,16
44,3,134,0.18467648327350616,0.8461419343948364,16
44,3,135,0.16811762750148773,0.6261907815933228,16
44,3,136,0.1449325978755951,0.7568546533584595,16
44,3,137,0.11659306287765503,0.8108879327774048,16
44,3,138,0.13497793674468994,0.8689833879470825,16
44,3,139,0.17072206735610962,1.3230507373809814,16
44,3,140,0.20767918229103088,1.0252166986465454,16
44,3,141,0.10860054194927216,1.1102287769317627,16
44,3,142,0.12488558143377304,0.633033812046051,16
44,3,143,0.11352697014808655,1.6497340202331543,16
44,3,144,0.11376754194498062,0.6921137571334839,16
44,3,145,0.1503487378358841,1.186201810836792,16
44,3,146,0.09092884510755539,0.5046300888061523,16
44,3,147,0.14924830198287964,2.380169630050659,16
44,3,148,0.09771127998828888,0.3985602557659149,16
44,3,149,0.18338017165660858,0.8657944798469543,16
44,3,150,0.17683017253875732,0.9489472508430481,16
44,3,151,0.13343694806098938,1.2988299131393433,16
44,3,152,0.14954036474227905,1.2489069700241089,16
44,3,153,0.1345374584197998,1.2889997959136963,16
44,3,154,0.1210409551858902,1.209495186805725,16
44,3,155,0.2995569109916687,1.6069684028625488,16
44,3,156,0.14750435948371887,0.49645909667015076,16
44,3,157,0.1380906105041504,0.6363985538482666,16
44,3,158,0.18769754469394684,0.8174903988838196,16
44,3,159,0.15455691516399384,1.1075574159622192,16
44,3,160,0.13389986753463745,0.3079926371574402,16
44,3,161,0.17325401306152344,0.5900695323944092,16
44,3,162,0.12079942226409912,0.7120516300201416,16
44,3,163,0.1785750836133957,0.6975529789924622,16
44,3,164,0.10990120470523834,0.5029021501541138,16
44,3,165,0.17233391106128693,1.6176459789276123,16
44,3,166,0.13955190777778625,1.1900973320007324,16
44,3,167,0.1345716416835785,0.5303081274032593,16
44,3,168,0.12515048682689667,0.5276560187339783,16
44,3,169,0.1347176432609558,0.5319952368736267,16
44,3,170,0.16536715626716614,0.7171493768692017,16
44,3,171,0.15903183817863464,0.5140759944915771,16
44,3,172,0.18945595622062683,1.002766489982605,16
44,3,173,0.2331630289554596,1.3186250925064087,16
44,3,174,0.15295258164405823,0.7927548885345459,16
44,3,175,0.22536015510559082,1.2080967426300049,16
44,3,176,0.17760923504829407,1.4741299152374268,16
44,3,177,0.10643671452999115,0.43898460268974304,16
44,3,178,0.10739970952272415,0.436076819896698,16
44,3,179,0.09814014285802841,0.9937084913253784,16
44,3,180,0.08255282044410706,0.2995274066925049,16
44,3,181,0.18795844912528992,1.241103172302246,16
44,3,182,0.1374586820602417,0.41402143239974976,16
44,3,183,0.12603633105754852,0.7553746700286865,16
44,3,184,0.17947353422641754,0.7413076162338257,16
44,3,185,0.18203890323638916,0.6108282804489136,16
44,3,186,0.14464569091796875,0.8655627369880676,16
44,3,187,0.11646575480699539,0.6314592957496643,16
44,3,188,0.11602969467639923,0.7452481985092163,16
44,3,189,0.18099603056907654,1.0915368795394897,16
44,3,190,0.14497002959251404,0.7803840637207031,16
44,3,191,0.17776213586330414,0.7261946201324463,16
44,3,192,0.15894019603729248,0.4872499108314514,16
44,3,193,0.15462562441825867,0.5622564554214478,16
44,3,194,0.14466680586338043,1.067893385887146,16
44,3,195,0.2633233070373535,0.9181697964668274,16
44,3,196,0.17353643476963043,1.1479699611663818,16
44,3,197,0.1690293252468109,0.7553862929344177,16
44,3,198,0.19668591022491455,1.6674389839172363,16
44,3,199,0.10897796601057053,0.5343486070632935,16
44,3,200,0.14467084407806396,0.6284399032592773,16
44,3,201,0.16106288135051727,0.6341806054115295,16
44,3,202,0.10076576471328735,0.43034619092941284,16
44,3,203,0.06781505048274994,0.16694258153438568,16
44,3,204,0.11840443313121796,0.5774886608123779,16
44,3,205,0.17125064134597778,0.9774713516235352,16
44,3,206,0.16313958168029785,0.7207216620445251,16
44,3,207,0.18616743385791779,0.5488122701644897,16
44,3,208,0.11527308821678162,0.7070412635803223,16
44,3,209,0.09058046340942383,0.6307530999183655,16
44,3,210,0.0910865068435669,0.3481914699077606,16
44,3,211,0.13623107969760895,0.33078688383102417,16
44,3,212,0.09920738637447357,0.4425392746925354,16
44,3,213,0.12828952074050903,0.9856416583061218,16
44,3,214,0.11676522344350815,0.4380796253681183,16
44,3,215,0.14672140777111053,0.717630922794342,16
44,3,216,0.14257775247097015,1.2195146083831787,16
44,3,217,0.12930479645729065,0.5902165770530701,16
44,3,218,0.15639328956604004,0.42224979400634766,16
44,3,219,0.12315940111875534,0.4577261507511139,16
44,3,220,0.14542758464813232,0.3995192050933838,16
44,3,221,0.11741387099027634,0.8221691846847534,16
44,3,222,0.19298863410949707,1.0314092636108398,16
44,3,223,0.106070876121521,0.7339461445808411,16
44,3,224,0.12551313638687134,0.7150782346725464,16
44,3,225,0.09992610663175583,0.691941499710083,16
44,3,226,0.2078147977590561,1.4996305704116821,16
44,3,227,0.14668849110603333,2.7611801624298096,16
44,3,228,0.15024816989898682,1.2612240314483643,16
44,3,229,0.19640016555786133,2.5923287868499756,16
44,3,230,0.13098618388175964,0.992763102054596,16
44,3,231,0.12451455742120743,0.9260047078132629,16
44,3,232,0.11410713195800781,0.4179506301879883,16
44,3,233,0.1085936650633812,0.6686327457427979,16
44,3,234,0.17144882678985596,1.5335031747817993,16
44,3,235,0.13650499284267426,0.7603435516357422,16
44,3,236,0.09393293410539627,0.8550862073898315,16
44,3,237,0.12024696171283722,0.8344372510910034,16
44,3,238,0.19699634611606598,1.3722165822982788,16
44,3,239,0.20790532231330872,1.6344530582427979,16
44,3,240,0.13489139080047607,1.9456501007080078,16
44,3,241,0.15420036017894745,1.7667038440704346,16
44,3,242,0.14540761709213257,1.985424518585205,16
44,3,243,0.2697952091693878,1.737324833869934,16
44,3,244,0.09864659607410431,1.0180599689483643,16
44,3,245,0.1460922807455063,0.5458258390426636,16
44,3,246,0.08148161321878433,0.38026320934295654,16
44,3,247,0.15871889889240265,0.6974838376045227,16
44,3,248,0.1621042788028717,1.9452624320983887,16
44,3,249,0.1020270586013794,0.27409589290618896,16
44,3,250,0.15963661670684814,1.4570138454437256,16
44,3,251,0.1411735564470291,0.5523287653923035,16
44,3,252,0.21778886020183563,2.633991241455078,16
44,3,253,0.23105621337890625,1.3093377351760864,16
44,3,254,0.09869969636201859,0.735186755657196,16
44,3,255,0.12114541232585907,1.1213068962097168,16
44,3,256,0.16957715153694153,1.1620266437530518,16
44,3,257,0.10914543271064758,1.1027570962905884,16
44,3,258,0.1206112802028656,0.8006849884986877,16
44,3,259,0.2759137451648712,1.4327677488327026,16
44,3,260,0.09346731007099152,0.3433228135108948,16
44,3,261,0.19896018505096436,0.78081214427948,16
44,3,262,0.16100966930389404,0.9185709357261658,16
44,3,263,0.12448316067457199,0.5399883389472961,16
42,4,0,0.21462763845920563,1.8506097793579102,16
42,4,1,0.1594778299331665,0.8121681809425354,16
42,4,2,0.08609244227409363,1.0101193189620972,16
42,4,3,0.12074452638626099,0.7330546975135803,16
42,4,4,0.11703607439994812,0.5305943489074707,16
42,4,5,0.14397358894348145,0.9239203929901123,16
42,4,6,0.13825905323028564,1.4776870012283325,16
42,4,7,0.14264258742332458,0.4867459237575531,16
42,4,8,0.10888059437274933,0.9808011651039124,16
42,4,9,0.15398360788822174,0.5182790160179138,16
42,4,10,0.10157748311758041,1.0457547903060913,16
42,4,11,0.15888407826423645,1.5558568239212036,16
42,4,12,0.14196771383285522,0.4795668423175812,16
42,4,13,0.10074826329946518,0.39567726850509644,16
42,4,14,0.16609151661396027,0.4672614336013794,16
42,4,15,0.1775483340024948,1.034390926361084,16
42,4,16,0.09903958439826965,0.4053723216056824,16
42,4,17,0.16674211621284485,1.4122428894042969,16
42,4,18,0.2148275226354599,0.7210167646408081,16
42,4,19,0.13539302349090576,0.47524791955947876,16
42,4,20,0.11709247529506683,0.4041142761707306,16
42,4,21,0.16419512033462524,1.5571001768112183,16
42,4,22,0.11754076182842255,0.975887656211853,16
42,4,23,0.107704758644104,0.6184264421463013,16
42,4,24,0.10020017623901367,0.6162796020507812,16
42,4,25,0.1696009337902069,1.0488332509994507,16
42,4,26,0.1286838948726654,1.1364530324935913,16
42,4,27,0.16960367560386658,0.7939766049385071,16
42,4,28,0.163537859916687,0.462298184633255,16
42,4,29,0.12709549069404602,0.2584201693534851,16
42,4,30,0.08990001678466797,0.5293871164321899,16
42,4,31,0.11768130958080292,0.27574867010116577,16
42,4,32,0.2245691418647766,1.1505028009414673,16
42,4,33,0.14005181193351746,0.9498538970947266,16
42,4,34,0.22426602244377136,0.6453647613525391,16
42,4,35,0.14006558060646057,1.2692219018936157,16
42,4,36,0.0682179406285286,0.5667600631713867,16
42,4,37,0.10350926220417023,0.3823421895503998,16
42,4,38,0.12025528401136398,1.0221937894821167,16
42,4,39,0.09163397550582886,0.8414806127548218,16
42,4,40,0.20448079705238342,2.0505692958831787,16
42,4,41,0.16113346815109253,0.5514103770256042,16
42,4,42,0.18184204399585724,0.4285520911216736,16
42,4,43,0.21354827284812927,0.8807088732719421,16
42,4,44,0.14288294315338135,0.278514564037323,16
42,4,45,0.08719725161790848,0.5345322489738464,16
42,4,46,0.18853913247585297,0.9876132607460022,16
42,4,47,0.11065810173749924,0.5528886914253235,16
42,4,48,0.10475572943687439,1.33051335811615,16
42,4,49,0.11208353191614151,0.9860662817955017,16
42,4,50,0.13857468962669373,0.4900070130825043,16
42,4,51,0.15046855807304382,0.6321308016777039,16
42,4,52,0.11568385362625122,0.48156270384788513,16
42,4,53,0.2607501745223999,0.9462414383888245,16
42,4,54,0.0832156240940094,0.38839325308799744,16
42,4,55,0.13389617204666138,0.40316325426101685,16
42,4,56,0.21618464589118958,1.2761285305023193,16
42,4,57,0.09716895967721939,0.34667059779167175,16
42,4,58,0.15221163630485535,1.1283283233642578,16
42,4,59,0.2586313486099243,1.3922674655914307,16
42,4,60,0.19190645217895508,1.459590196609497,16
42,4,61,0.11683672666549683,0.6277676820755005,16
42,4,62,0.23503148555755615,1.669197916984558,16
42,4,63,0.13772372901439667,0.31804901361465454,16
42,4,64,0.24264077842235565,0.9187087416648865,16
42,4,65,0.13440591096878052,0.4207369387149811,16
42,4,66,0.16799157857894897,0.7012035250663757,16
42,4,67,0.11993289738893509,0.4586775600910187,16
42,4,68,0.13723094761371613,0.36010974645614624,16
42,4,69,0.18359586596488953,0.859429121017456,16
42,4,70,0.106194406747818,0.2766825556755066,16
42,4,71,0.15000389516353607,0.8770647048950195,16
42,4,72,0.12118987739086151,0.3635745048522949,16
42,4,73,0.14485841989517212,1.0348947048187256,16
42,4,74,0.09600988030433655,0.8238165974617004,16
42,4,75,0.1173420399427414,0.4029441773891449,16
42,4,76,0.15003466606140137,0.5218077898025513,16
42,4,77,0.1029062420129776,0.5068217515945435,16
42,4,78,0.12695027887821198,0.3196033239364624,16
42,4,79,0.14120855927467346,1.0452237129211426,16
42,4,80,0.10832767933607101,0.5373585224151611,16
42,4,81,0.13761234283447266,1.1744108200073242,16
42,4,82,0.15258033573627472,0.9284670352935791,16
42,4,83,0.1258009672164917,0.9192224740982056,16
42,4,84,0.19480718672275543,0.7518673539161682,16
42,4,85,0.11920137703418732,0.5811079144477844,16
42,4,86,0.1761881411075592,0.3801671266555786,16
42,4,87,0.08603883534669876,0.3887176811695099,16
42,4,88,0.13467755913734436,0.32421934604644775,16
42,4,89,0.18615716695785522,0.7565510869026184,16
42,4,90,0.17558082938194275,1.344247817993164,16
42,4,91,0.20194461941719055,2.808210611343384,16
42,4,92,0.1431686133146286,0.7251880168914795,16
42,4,93,0.15166690945625305,1.7846227884292603,16
42,4,94,0.13945502042770386,0.356402724981308,16
42,4,95,0.12106802314519882,0.4204709231853485,16
42,4,96,0.18805788457393646,1.3086724281311035,16
42,4,97,0.1344301551580429,0.40607529878616333,16
42,4,98,0.15617048740386963,1.2980986833572388,16
42,4,99,0.14912119507789612,0.5619301795959473,16
42,4,100,0.14769113063812256,0.6564177870750427,16
42,4,101,0.1680028885602951,1.2175402641296387,16
42,4,102,0.07043968141078949,0.5760979652404785,16
42,4,103,0.14317522943019867,0.33176279067993164,16
42,4,104,0.14583003520965576,0.3772309720516205,16
42,4,105,0.13606321811676025,0.7363988161087036,16
42,4,106,0.1874697357416153,0.5318962335586548,16
42,4,107,0.233161062002182,0.8151156306266785,16
42,4,108,0.08567143976688385,0.5839576125144958,16
42,4,109,0.17349079251289368,1.357525110244751,16
42,4,110,0.16421037912368774,0.29749032855033875,16
42,4,111,0.20735633373260498,1.1728839874267578,16
42,4,112,0.09902072697877884,0.3932918906211853,16
42,4,113,0.12345883250236511,0.9582234025001526,16
42,4,114,0.15713226795196533,0.2941405773162842,16
42,4,115,0.13514290750026703,0.7041735649108887,16
42,4,116,0.23937085270881653,1.072386622428894,16
42,4,117,0.17728248238563538,0.5878487229347229,16
42,4,118,0.08906009793281555,0.7876098155975342,16
42,4,119,0.1046106368303299,0.46131542325019836,16
42,4,120,0.17993275821208954,1.7058368921279907,16
42,4,121,0.17819930613040924,1.408064842224121,16
42,4,122,0.1051420271396637,1.1523447036743164,16
42,4,123,0.15888440608978271,0.735112726688385,16
42,4,124,0.07977379113435745,1.5048977136611938,16
42,4,125,0.16497023403644562,1.313416600227356,16
42,4,126,0.08141893148422241,0.48595502972602844,16
42,4,127,0.15045076608657837,0.6219808459281921,16
42,4,128,0.18270649015903473,1.0191261768341064,16
42,4,129,0.14547733962535858,1.2809343338012695,16
42,4,130,0.14195573329925537,0.5547481775283813,16
42,4,131,0.09784877300262451,0.5688693523406982,16
42,4,132,0.11705184727907181,0.5229790806770325,16
42,4,133,0.09427196532487869,0.7067564725875854,16
42,4,134,0.1299344301223755,0.42157286405563354,16
42,4,135,0.13175898790359497,1.4950402975082397,16
42,4,136,0.10277886688709259,0.6190444231033325,16
42,4,137,0.14648161828517914,0.786456286907196,16
42,4,138,0.12556180357933044,0.4295373857021332,16
42,4,139,0.179317906498909,0.5972846150398254,16
42,4,140,0.1408235728740692,0.4944635331630707,16
42,4,141,0.21216067671775818,0.9669044613838196,16
42,4,142,0.139520063996315,0.4807598888874054,16
42,4,143,0.1366824060678482,0.26860731840133667,16
42,4,144,0.14124003052711487,0.6841294765472412,16
42,4,145,0.17883843183517456,0.9557301998138428,16
42,4,146,0.07712435722351074,0.3039817810058594,16
42,4,147,0.10023042559623718,0.34068235754966736,16
42,4,148,0.17272168397903442,1.1879273653030396,16
42,4,149,0.1938951462507248,1.8273953199386597,16
42,4,150,0.10806743055582047,0.9195902943611145,16
42,4,151,0.08837918937206268,1.9525322914123535,16
42,4,152,0.12036119401454926,0.38069280982017517,16
42,4,153,0.16561679542064667,2.048892021179199,16
42,4,154,0.11755052208900452,0.581530749797821,16
42,4,155,0.11230054497718811,0.4018574655056,16
42,4,156,0.1281088888645172,0.5014062523841858,16
42,4,157,0.11009451746940613,0.5975763201713562,16
42,4,158,0.1192140132188797,0.8960346579551697,16
42,4,159,0.145080104470253,2.0922465324401855,16
42,4,160,0.22436517477035522,0.7550001740455627,16
42,4,161,0.11144712567329407,0.7180944085121155,16
42,4,162,0.068576380610466,0.3405868411064148,16
42,4,163,0.1991446167230606,1.9012889862060547,16
42,4,164,0.1119924932718277,0.9966910481452942,16
42,4,165,0.23470790684223175,1.022148609161377,16
42,4,166,0.1284787505865097,0.6057195663452148,16
42,4,167,0.15194359421730042,0.5937365293502808,16
42,4,168,0.12686267495155334,0.6792201995849609,16
42,4,169,0.1065206229686737,1.3883708715438843,16
42,4,170,0.18194815516471863,1.2435986995697021,16
42,4,171,0.18764951825141907,1.2327945232391357,16
42,4,172,0.16356126964092255,0.9226256608963013,16
42,4,173,0.2169993668794632,0.7026757001876831,16
42,4,174,0.14389467239379883,0.9981908202171326,16
42,4,175,0.08837252110242844,0.37734776735305786,16
42,4,176,0.10368280857801437,0.3333854079246521,16
42,4,177,0.11699415743350983,1.084398627281189,16
42,4,178,0.1178700253367424,0.6727441549301147,16
42,4,179,0.1572791337966919,0.7580806612968445,16
42,4,180,0.1676313877105713,0.6017286777496338,16
42,4,181,0.11137571185827255,0.7076542973518372,16
42,4,182,0.1323147565126419,0.7373905181884766,16
42,4,183,0.1930835247039795,0.5715970993041992,16
42,4,184,0.1634252667427063,1.3212668895721436,16
42,4,185,0.20651516318321228,0.9810331463813782,16
42,4,186,0.1362057626247406,0.7302104234695435,16
42,4,187,0.1572827845811844,0.9100368618965149,16
42,4,188,0.1584809124469757,0.9490786194801331,16
42,4,189,0.15916597843170166,0.7138145565986633,16
42,4,190,0.12762700021266937,0.7817211747169495,16
42,4,191,0.16529397666454315,0.726413905620575,16
42,4,192,0.1424769163131714,0.6259256601333618,16
42,4,193,0.11495514214038849,0.47612905502319336,16
42,4,194,0.1646711379289627,1.2751715183258057,16
42,4,195,0.12524935603141785,0.2870650589466095,16
42,4,196,0.1815222203731537,1.7258760929107666,16
42,4,197,0.08743202686309814,0.9889698028564453,16
42,4,198,0.15279868245124817,1.7385486364364624,16
42,4,199,0.15925949811935425,0.5535134077072144,16
42,4,200,0.12210182845592499,0.5660130977630615,16
42,4,201,0.1302744597196579,1.1084327697753906,16
42,4,202,0.07449585199356079,0.3392717242240906,16
42,4,203,0.09040455520153046,0.44194015860557556,16
42,4,204,0.1143593043088913,0.4141538739204407,16
42,4,205,0.1395951360464096,0.5265626907348633,16
42,4,206,0.10775135457515717,1.8977998495101929,16
42,4,207,0.18332335352897644,0.8327460289001465,16
42,4,208,0.1264192759990692,0.6390362977981567,16
42,4,209,0.14916884899139404,0.5025627017021179,16
42,4,210,0.1702614575624466,2.5875234603881836,16
42,4,211,0.11378051340579987,1.231375813484192,16
42,4,212,0.09996027499437332,0.4909686744213104,16
42,4,213,0.18660548329353333,1.040459156036377,16
42,4,214,0.17022022604942322,1.465718150138855,16
42,4,215,0.09704145789146423,0.6373931169509888,16
42,4,216,0.1813775897026062,0.8318095803260803,16
42,4,217,0.11013757437467575,0.7482717037200928,16
42,4,218,0.12017376720905304,0.5456387400627136,16
42,4,219,0.16252410411834717,0.8640785813331604,16
42,4,220,0.13535483181476593,1.1394712924957275,16
42,4,221,0.0954853892326355,0.5979017615318298,16
42,4,222,0.08213292807340622,2.1063921451568604,16
42,4,223,0.19721439480781555,0.6407685279846191,16
42,4,224,0.12023258954286575,1.28791344165802,16
42,4,225,0.10749847441911697,0.2683883011341095,16
42,4,226,0.11454091966152191,1.1326254606246948,16
42,4,227,0.13341781497001648,0.4748471677303314,16
42,4,228,0.13836975395679474,2.210566759109497,16
42,4,229,0.15942001342773438,1.692219614982605,16
42,4,230,0.16904929280281067,0.43739205598831177,16
42,4,231,0.18448179960250854,0.9028772711753845,16
42,4,232,0.10277363657951355,0.7472906708717346,16
42,4,233,0.14868155121803284,1.0400696992874146,16
42,4,234,0.12877768278121948,0.3943994343280792,16
42,4,235,0.15662336349487305,0.5947620272636414,16
42,4,236,0.14413602650165558,1.469150185585022,16
42,4,237,0.12458451837301254,0.7886171936988831,16
42,4,238,0.17965935170650482,1.221116065979004,16
42,4,239,0.13678404688835144,1.2049520015716553,16
42,4,240,0.14619264006614685,0.5787726044654846,16
42,4,241,0.1325209140777588,0.5445023775100708,16
42,4,242,0.21994057297706604,1.717189908027649,16
42,4,243,0.21275076270103455,0.726631760597229,16
42,4,244,0.0802326425909996,0.41118133068084717,16
42,4,245,0.14063173532485962,0.5196974277496338,16
42,4,246,0.2891151010990143,2.2239177227020264,16
42,4,247,0.08092731237411499,0.47123363614082336,16
42,4,248,0.09465538710355759,0.6309056282043457,16
42,4,249,0.09198445081710815,0.5180073976516724,16
42,4,250,0.15669968724250793,1.4162511825561523,16
42,4,251,0.13438378274440765,0.42643502354621887,16
42,4,252,0.13035084307193756,1.4032925367355347,16
42,4,253,0.11644700914621353,0.3508528769016266,16
42,4,254,0.11120974272489548,0.3424396514892578,16
42,4,255,0.1632975935935974,0.7988190054893494,16
42,4,256,0.10053839534521103,1.0927823781967163,16
42,4,257,0.12887734174728394,0.5397132039070129,16
42,4,258,0.1490228921175003,0.9733991026878357,16
42,4,259,0.10455980896949768,0.7397019267082214,16
42,4,260,0.12068633735179901,1.2338403463363647,16
42,4,261,0.12225258350372314,0.40694254636764526,16
42,4,262,0.11881643533706665,1.0723578929901123,16
42,4,263,0.12769800424575806,0.8908361792564392,16
43,4,0,0.11987078189849854,0.36587896943092346,16
43,4,1,0.17986845970153809,0.8061984181404114,16
43,4,2,0.15604516863822937,1.0437359809875488,16
43,4,3,0.12933573126792908,0.609619140625,16
43,4,4,0.27593693137168884,0.8395746350288391,16
43,4,5,0.12083695083856583,0.6953192353248596,16
43,4,6,0.1085243821144104,0.4912337064743042,16
43,4,7,0.16954153776168823,1.1680697202682495,16
43,4,8,0.20175375044345856,0.9792438745498657,16
43,4,9,0.1670057475566864,0.8286872506141663,16
43,4,10,0.1299000382423401,1.9130014181137085,16
43,4,11,0.22963763773441315,0.4476749002933502,16
43,4,12,0.10252632945775986,0.3530632257461548,16
43,4,13,0.1167311891913414,0.7040553092956543,16
43,4,14,0.19968581199645996,1.4267627000808716,16
43,4,15,0.1421167403459549,0.992662787437439,16
43,4,16,0.13729462027549744,0.5834622979164124,16
43,4,17,0.1635090410709381,0.6096026301383972,16
43,4,18,0.12509804964065552,0.6666688919067383,16
43,4,19,0.10351400822401047,0.30053186416625977,16
43,4,20,0.11112895607948303,0.39493173360824585,16
43,4,21,0.09449512511491776,0.4003041684627533,16
43,4,22,0.1413262039422989,0.685006320476532,16
43,4,23,0.1820770651102066,0.9432885050773621,16
43,4,24,0.1597810536623001,2.7230241298675537,16
43,4,25,0.13207191228866577,0.7141578793525696,16
43,4,26,0.09829150140285492,0.4335920512676239,16
43,4,27,0.23145823180675507,1.1707357168197632,16
43,4,28,0.08700904995203018,0.32284802198410034,16
43,4,29,0.25265878438949585,0.6665228605270386,16
43,4,30,0.12247292697429657,0.7143827676773071,16
43,4,31,0.1314641535282135,0.6894651651382446,16
43,4,32,0.12026561796665192,0.4820365905761719,16
43,4,33,0.15764778852462769,0.3887459635734558,16
43,4,34,0.19628840684890747,0.47752925753593445,16
43,4,35,0.09589827060699463,0.5093639492988586,16
43,4,36,0.24674993753433228,1.0960010290145874,16
43,4,37,0.17412112653255463,1.0191564559936523,16
43,4,38,0.14026735723018646,0.3111736476421356,16
43,4,39,0.12336982041597366,1.3739399909973145,16
43,4,40,0.11655672639608383,0.6921510100364685,16
43,4,41,0.10103603452444077,0.3100869357585907,16
43,4,42,0.11028259992599487,0.4074331521987915,16
43,4,43,0.11659592390060425,0.6470602750778198,16
43,4,44,0.1781228482723236,0.7590466141700745,16
43,4,45,0.1469637155532837,0.8621386289596558,16
43,4,46,0.1814311146736145,0.897191047668457,16
43,4,47,0.12918518483638763,0.6984705924987793,16
43,4,48,0.15717725455760956,0.8373677730560303,16
43,4,49,0.10115593671798706,0.5776087641716003,16
43,4,50,0.16257703304290771,1.2020502090454102,16
43,4,51,0.14384031295776367,0.9275522232055664,16
43,4,52,0.13462384045124054,0.6772333979606628,16
43,4,53,0.11488021910190582,0.2803588807582855,16
43,4,54,0.1290670484304428,0.9194557070732117,16
43,4,55,0.17293158173561096,0.7625483274459839,16
43,4,56,0.11652155220508575,0.7281033396720886,16
43,4,57,0.17350174486637115,0.8971368074417114,16
43,4,58,0.18205338716506958,0.9137576222419739,16
43,4,59,0.18366944789886475,0.8049575090408325,16
43,4,60,0.11420418322086334,0.7288702726364136,16
43,4,61,0.09158046543598175,0.4973551630973816,16
43,4,62,0.1416778862476349,1.0026254653930664,16
43,4,63,0.15375909209251404,0.9776493906974792,16
43,4,64,0.12592792510986328,1.0189634561538696,16
43,4,65,0.0863838866353035,0.7302306294441223,16
43,4,66,0.13899099826812744,0.4127359390258789,16
43,4,67,0.16842961311340332,1.107525110244751,16
43,4,68,0.12143384665250778,1.1941125392913818,16
43,4,69,0.2253025472164154,2.5432302951812744,16
43,4,70,0.17747092247009277,1.8311935663223267,16
43,4,71,0.11628851294517517,0.5699865221977234,16
43,4,72,0.2178809940814972,1.0167440176010132,16
43,4,73,0.1747104525566101,1.199595332145691,16
43,4,74,0.11146605014801025,0.6783729791641235,16
43,4,75,0.17186594009399414,0.7825475931167603,16
43,4,76,0.17762000858783722,0.6551870703697205,16
43,4,77,0.13145695626735687,0.8314690589904785,16
43,4,78,0.19381669163703918,1.8601168394088745,16
43,4,79,0.1538463830947876,0.8740652203559875,16
43,4,80,0.10428731143474579,0.6334403157234192,16
43,4,81,0.18402868509292603,1.2637895345687866,16
43,4,82,0.13798987865447998,0.47235146164894104,16
43,4,83,0.12104827910661697,0.9209150671958923,16
43,4,84,0.14883454144001007,1.0384197235107422,16
43,4,85,0.15962663292884827,0.40399229526519775,16
43,4,86,0.12298901379108429,1.6209698915481567,16
43,4,87,0.1299555003643036,0.9873605370521545,16
43,4,88,0.18008670210838318,1.4804631471633911,16
43,4,89,0.11181990802288055,0.8260282278060913,16
43,4,90,0.1386997401714325,0.7221584916114807,16
43,4,91,0.1372007578611374,0.6008723378181458,16
43,4,92,0.21894966065883636,1.9990323781967163,16
43,4,93,0.16849634051322937,0.8676649332046509,16
43,4,94,0.12045726180076599,0.7084893584251404,16
43,4,95,0.09186793863773346,0.7357319593429565,16
43,4,96,0.2140040397644043,1.4622492790222168,16
43,4,97,0.12800148129463196,0.5047183632850647,16
43,4,98,0.16621758043766022,1.4359731674194336,16
43,4,99,0.15957222878932953,1.2518541812896729,16
43,4,100,0.18355602025985718,1.2466105222702026,16
43,4,101,0.11541710793972015,0.5574090480804443,16
43,4,102,0.10823148488998413,0.6411384344100952,16
43,4,103,0.22652149200439453,1.483033537864685,16
43,4,104,0.16411644220352173,1.4127219915390015,16
43,4,105,0.132928729057312,1.254414439201355,16
43,4,106,0.1464156061410904,0.44355833530426025,16
43,4,107,0.14031463861465454,0.7255881428718567,16
43,4,108,0.09711623191833496,0.9398025870323181,16
43,4,109,0.1406274437904358,0.6871551871299744,16
43,4,110,0.13127894699573517,0.7649165391921997,16
43,4,111,0.1283472776412964,0.392013818025589,16
43,4,112,0.12029450386762619,0.3847716748714447,16
43,4,113,0.11727380752563477,0.41440045833587646,16
43,4,114,0.11237481236457825,0.8548728823661804,16
43,4,115,0.11509141325950623,0.5728598833084106,16
43,4,116,0.09587343037128448,0.5642274618148804,16
43,4,117,0.09630953520536423,1.1581841707229614,16
43,4,118,0.09839464724063873,0.7364220023155212,16
43,4,119,0.18909421563148499,1.3914846181869507,16
43,4,120,0.20738554000854492,1.0866695642471313,16
43,4,121,0.14151552319526672,1.0274766683578491,16
43,4,122,0.1770438849925995,1.3079344034194946,16
43,4,123,0.1473751962184906,1.3642207384109497,16
43,4,124,0.11419246345758438,0.9816421270370483,16
43,4,125,0.14765271544456482,0.5293449759483337,16
43,4,126,0.10100632160902023,1.1224496364593506,16
43,4,127,0.08477254211902618,0.8832575678825378,16
43,4,128,0.1827985644340515,1.054008960723877,16
43,4,129,0.15830950438976288,1.0524179935455322,16
43,4,130,0.16950862109661102,0.971892774105072,16
43,4,131,0.13789336383342743,0.5956106185913086,16
43,4,132,0.2530432939529419,1.2516721487045288,16
43,4,133,0.11472192406654358,0.9992386102676392,16
43,4,134,0.18512806296348572,1.1687358617782593,16
43,4,135,0.12429002672433853,0.5694884061813354,16
43,4,136,0.19865068793296814,0.7157772779464722,16
43,4,137,0.2167009562253952,1.9768104553222656,16
43,4,138,0.1407756805419922,1.7034281492233276,16
43,4,139,0.12484632432460785,1.0775883197784424,16
43,4,140,0.14381450414657593,1.158591389656067,16
43,4,141,0.11441396921873093,0.7403565645217896,16
43,4,142,0.18531791865825653,1.0052480697631836,16
43,4,143,0.1324756145477295,0.6242182850837708,16
43,4,144,0.13959954679012299,2.120558738708496,16
43,4,145,0.13565242290496826,0.5630988478660583,16
43,4,146,0.18179944157600403,0.9659956097602844,16
43,4,147,0.12158927321434021,1.2351995706558228,16
43,4,148,0.1407964825630188,0.8832643628120422,16
43,4,149,0.12836964428424835,0.6585564017295837,16
43,4,150,0.1664549559354782,1.449081540107727,16
43,4,151,0.1803155243396759,0.8240369558334351,16
43,4,152,0.10739962756633759,0.3870055079460144,16
43,4,153,0.14768338203430176,0.8634985089302063,16
43,4,154,0.1594877541065216,1.0366265773773193,16
43,4,155,0.09006037563085556,0.7820024490356445,16
43,4,156,0.18721622228622437,0.5267626643180847,16
43,4,157,0.1283758282661438,0.3624831438064575,16
43,4,158,0.16636860370635986,0.6664033532142639,16
43,4,159,0.11528149992227554,0.9233475923538208,16
43,4,160,0.14656777679920197,0.5505706667900085,16
43,4,161,0.1895095854997635,0.6549643278121948,16
43,4,162,0.12106786668300629,1.1649096012115479,16
43,4,163,0.07321659475564957,0.6304476857185364,16
43,4,164,0.0944540947675705,0.40029776096343994,16
43,4,165,0.11290886253118515,0.40397128462791443,16
43,4,166,0.1096818596124649,0.631348729133606,16
43,4,167,0.14634056389331818,1.189969539642334,16
43,4,168,0.18346211314201355,0.758289098739624,16
43,4,169,0.14284645020961761,0.5679338574409485,16
43,4,170,0.09950117021799088,0.31572261452674866,16
43,4,171,0.1584833264350891,1.212510347366333,16
43,4,172,0.09269310534000397,0.9239932894706726,16
43,4,173,0.09376706928014755,0.509242594242096,16
43,4,174,0.1461552083492279,0.62908935546875,16
43,4,175,0.19406872987747192,2.056931972503662,16
43,4,176,0.14704658091068268,1.2256826162338257,16
43,4,177,0.14465287327766418,0.4277192950248718,16
43,4,178,0.14427879452705383,0.9085158109664917,16
43,4,179,0.25409188866615295,1.103039264678955,16
43,4,180,0.15998488664627075,1.6061497926712036,16
43,4,181,0.14681223034858704,1.771790623664856,16
43,4,182,0.1938765048980713,1.6432610750198364,16
43,4,183,0.15038417279720306,0.45716607570648193,16
43,4,184,0.1269678771495819,1.6335809230804443,16
43,4,185,0.11939180642366409,0.8400368690490723,16
43,4,186,0.12879808247089386,0.43391433358192444,16
43,4,187,0.10121852159500122,0.31528520584106445,16
43,4,188,0.17217406630516052,1.64678955078125,16
43,4,189,0.1515032798051834,0.7272942662239075,16
43,4,190,0.0873836949467659,0.4282042682170868,16
43,4,191,0.22747394442558289,1.863375186920166,16
43,4,192,0.13668373227119446,0.5174092054367065,16
43,4,193,0.13519275188446045,0.4204395115375519,16
43,4,194,0.11962483078241348,0.45163851976394653,16
43,4,195,0.1639564335346222,0.8370359539985657,16
43,4,196,0.288703978061676,2.4605798721313477,16
43,4,197,0.12328604608774185,0.7458858489990234,16
43,4,198,0.15158997476100922,0.5514186024665833,16
43,4,199,0.16452455520629883,0.7557820081710815,16
43,4,200,0.1685454547405243,0.6761280298233032,16
43,4,201,0.1667926013469696,1.1284505128860474,16
43,4,202,0.15416842699050903,0.9069237112998962,16
43,4,203,0.11338159441947937,1.154423475265503,16
43,4,204,0.14501309394836426,0.5837011337280273,16
43,4,205,0.1421194225549698,0.5260592103004456,16
43,4,206,0.2577246427536011,0.9617207050323486,16
43,4,207,0.15556979179382324,1.08124577999115,16
43,4,208,0.11043466627597809,0.5452510118484497,16
43,4,209,0.14303827285766602,0.625350832939148,16
43,4,210,0.0839802473783493,0.3615715205669403,16
43,4,211,0.1511741280555725,0.6093313694000244,16
43,4,212,0.1416277438402176,2.049060106277466,16
43,4,213,0.1187247633934021,0.6839744448661804,16
43,4,214,0.15880504250526428,1.6747883558273315,16
43,4,215,0.08526117354631424,0.3901848793029785,16
43,4,216,0.18418928980827332,0.7911251783370972,16
43,4,217,0.16431647539138794,0.5476139783859253,16
43,4,218,0.16283106803894043,1.6486412286758423,16
43,4,219,0.12030912935733795,0.5299099683761597,16
43,4,220,0.19363513588905334,1.13955819606781,16
43,4,221,0.13791300356388092,0.4275677502155304,16
43,4,222,0.16458380222320557,0.6719887852668762,16
43,4,223,0.1466812789440155,1.0733240842819214,16
43,4,224,0.12258518487215042,0.3302302360534668,16
43,4,225,0.12884140014648438,0.4782443940639496,16
43,4,226,0.10238638520240784,0.6898147463798523,16
43,4,227,0.1286950707435608,1.0416332483291626,16
43,4,228,0.16135168075561523,1.2864279747009277,16
43,4,229,0.17991408705711365,1.0936634540557861,16
43,4,230,0.09781323373317719,1.2710179090499878,16
43,4,231,0.2194722294807434,0.951169490814209,16
43,4,232,0.18206289410591125,0.503946840763092,16
43,4,233,0.14908626675605774,0.8182123899459839,16
43,4,234,0.131694495677948,0.9341198205947876,16
43,4,235,0.11344373226165771,0.6919066905975342,16
43,4,236,0.1325826197862625,0.5560058355331421,16
43,4,237,0.1579275131225586,0.6168578267097473,16
43,4,238,0.1575220227241516,0.7654117345809937,16
43,4,239,0.06729105114936829,0.442766010761261,16
43,4,240,0.22585272789001465,1.7083380222320557,16
43,4,241,0.1561191827058792,0.942686140537262,16
43,4,242,0.18109586834907532,0.722635805606842,16
43,4,243,0.16362686455249786,1.0320197343826294,16
43,4,244,0.13203153014183044,1.0697139501571655,16
43,4,245,0.225016251206398,1.4406661987304688,16
43,4,246,0.1743592619895935,0.5454645752906799,16
43,4,247,0.09339004755020142,0.4637737572193146,16
43,4,248,0.09532613307237625,0.5121481418609619,16
43,4,249,0.11563427746295929,0.45017701387405396,16
43,4,250,0.11059689521789551,0.37287822365760803,16
43,4,251,0.1536138951778412,1.2315537929534912,16
43,4,252,0.15493184328079224,1.4039826393127441,16
43,4,253,0.1424529254436493,0.5672560930252075,16
43,4,254,0.1448463499546051,1.0167243480682373,16
43,4,255,0.18312010169029236,0.48495492339134216,16
43,4,256,0.11147496104240417,1.244423508644104,16
43,4,257,0.18485407531261444,1.1986260414123535,16
43,4,258,0.16672885417938232,0.4931648373603821,16
43,4,259,0.11855809390544891,0.5800872445106506,16
43,4,260,0.13422653079032898,0.33318784832954407,16
43,4,261,0.15376867353916168,1.1486934423446655,16
43,4,262,0.11982868611812592,0.4577728807926178,16
43,4,263,0.16526943445205688,0.5133134126663208,16
44,4,0,0.10387087613344193,0.7418941259384155,16
44,4,1,0.1494160294532776,2.096238136291504,16
44,4,2,0.13450932502746582,1.0399324893951416,16
44,4,3,0.1756402552127838,1.9794256687164307,16
44,4,4,0.12923848628997803,0.7814328074455261,16
44,4,5,0.10489663481712341,0.3882405459880829,16
44,4,6,0.21882489323616028,1.362606406211853,16
44,4,7,0.08569922298192978,0.32248780131340027,16
44,4,8,0.14475511014461517,0.5128423571586609,16
44,4,9,0.14764252305030823,0.6418970227241516,16
44,4,10,0.12183938920497894,0.8686087131500244,16
44,4,11,0.18114757537841797,0.8053345680236816,16
44,4,12,0.10445234179496765,0.6498908996582031,16
44,4,13,0.16027234494686127,1.7265292406082153,16
44,4,14,0.20379167795181274,0.8334437012672424,16
44,4,15,0.1323055624961853,1.0121986865997314,16
44,4,16,0.12643803656101227,0.9415777325630188,16
44,4,17,0.1123904436826706,0.6224072575569153,16
44,4,18,0.08996377885341644,0.3315165340900421,16
44,4,19,0.24544957280158997,0.9612048864364624,16
44,4,20,0.14334805309772491,0.6549869775772095,16
44,4,21,0.24206960201263428,1.6262991428375244,16
44,4,22,0.19650501012802124,0.8785678744316101,16
44,4,23,0.19430074095726013,0.8206003308296204,16
44,4,24,0.1546720266342163,1.998532772064209,16
44,4,25,0.14804716408252716,0.6475862264633179,16
44,4,26,0.18967902660369873,1.0211790800094604,16
44,4,27,0.18307209014892578,0.9773849844932556,16
44,4,28,0.15611910820007324,0.599682092666626,16
44,4,29,0.160997211933136,0.498362272977829,16
44,4,30,0.1381111741065979,0.8200294971466064,16
44,4,31,0.21586653590202332,1.7916239500045776,16
44,4,32,0.08022131025791168,0.35945332050323486,16
44,4,33,0.10698990523815155,0.7575464248657227,16
44,4,34,0.17457455396652222,1.5993481874465942,16
44,4,35,0.1676202416419983,1.2527999877929688,16
44,4,36,0.19572019577026367,2.177978038787842,16
44,4,37,0.10243690013885498,0.3492891788482666,16
44,4,38,0.09403635561466217,0.5356065034866333,16
44,4,39,0.19677633047103882,1.0328785181045532,16
44,4,40,0.15292902290821075,1.0737121105194092,16
44,4,41,0.10249952226877213,0.2867095470428467,16
44,4,42,0.15891502797603607,0.43735066056251526,16
44,4,43,0.15060082077980042,0.914685070514679,16
44,4,44,0.15421493351459503,0.8233649134635925,16
44,4,45,0.24735426902770996,2.3283841609954834,16
44,4,46,0.10645954310894012,1.0687141418457031,16
44,4,47,0.12193692475557327,0.9350882172584534,16
44,4,48,0.16099371016025543,0.4986955523490906,16
44,4,49,0.2204454094171524,0.8979841470718384,16
44,4,50,0.13080522418022156,2.300607919692993,16
44,4,51,0.13955670595169067,0.8756445050239563,16
44,4,52,0.07914711534976959,0.4091429114341736,16
44,4,53,0.12674611806869507,0.7912899255752563,16
44,4,54,0.1917095184326172,2.0157415866851807,16
44,4,55,0.13153284788131714,0.5073692798614502,16
44,4,56,0.11378243565559387,0.7557476758956909,16
44,4,57,0.17551150918006897,0.8873482346534729,16
44,4,58,0.22735713422298431,0.6415271162986755,16
44,4,59,0.1163996234536171,0.8042184710502625,16
44,4,60,0.18873882293701172,1.4779870510101318,16
44,4,61,0.18080107867717743,1.0168037414550781,16
44,4,62,0.1622912883758545,1.364118218421936,16
44,4,63,0.13028576970100403,0.7937185764312744,16
44,4,64,0.1343270242214203,1.4507039785385132,16
44,4,65,0.16087904572486877,0.7414447665214539,16
44,4,66,0.17552396655082703,0.6996014714241028,16
44,4,67,0.16895826160907745,1.4913229942321777,16
44,4,68,0.09221140295267105,1.0083976984024048,16
44,4,69,0.15978015959262848,0.6671496033668518,16
44,4,70,0.13063442707061768,0.6517619490623474,16
44,4,71,0.11954379826784134,0.5917199850082397,16
44,4,72,0.10143803805112839,0.531356692314148,16
44,4,73,0.22700075805187225,1.073685646057129,16
44,4,74,0.10578825324773788,0.7468371391296387,16
44,4,75,0.1076708659529686,2.230600118637085,16
44,4,76,0.11560168862342834,0.2779543995857239,16
44,4,77,0.16577193140983582,1.8937053680419922,16
44,4,78,0.08010116219520569,0.29444077610969543,16
44,4,79,0.14704251289367676,1.826298475265503,16
44,4,80,0.14483223855495453,0.626652181148529,16
44,4,81,0.16780182719230652,0.7325972318649292,16
44,4,82,0.16149049997329712,0.654201865196228,16
44,4,83,0.1598268747329712,0.5396564602851868,16
44,4,84,0.13476170599460602,0.756314218044281,16
44,4,85,0.10357384383678436,0.6583116054534912,16
44,4,86,0.0963432565331459,1.0518540143966675,16
44,4,87,0.17604579031467438,1.1164071559906006,16
44,4,88,0.1402178704738617,1.045020580291748,16
44,4,89,0.2006540447473526,1.1619309186935425,16
44,4,90,0.17493727803230286,1.3634454011917114,16
44,4,91,0.10295030474662781,1.4580270051956177,16
44,4,92,0.09347446262836456,0.6467000246047974,16
44,4,93,0.15726956725120544,2.107145071029663,16
44,4,94,0.22404038906097412,1.2534575462341309,16
44,4,95,0.08959271013736725,0.82839035987854,16
44,4,96,0.13154016435146332,1.7906131744384766,16
44,4,97,0.11863337457180023,0.8729792237281799,16
44,4,98,0.12286806106567383,1.1579197645187378,16
44,4,99,0.06942825019359589,0.7977296113967896,16
44,4,100,0.1644323468208313,0.8080663681030273,16
44,4,101,0.17448832094669342,2.5692245960235596,16
44,4,102,0.1516501009464264,1.4332340955734253,16
44,4,103,0.19055166840553284,2.0091795921325684,16
44,4,104,0.12074805796146393,0.6550776362419128,16
44,4,105,0.15005254745483398,0.4775390326976776,16
44,4,106,0.13128070533275604,1.2364966869354248,16
44,4,107,0.11012154072523117,0.4127403795719147,16
44,4,108,0.08535417914390564,0.6020461320877075,16
44,4,109,0.11928687244653702,1.3462893962860107,16
44,4,110,0.11587941646575928,1.9841123819351196,16
44,4,111,0.28722572326660156,1.5342156887054443,16
44,4,112,0.12076438963413239,2.3539209365844727,16
44,4,113,0.17477834224700928,1.9781075716018677,16
44,4,114,0.1593787670135498,1.696516990661621,16
44,4,115,0.11986043304204941,0.7280197143554688,16
44,4,116,0.11670482903718948,0.5172916650772095,16
44,4,117,0.1513950377702713,0.6864447593688965,16
44,4,118,0.15346184372901917,0.8280242085456848,16
44,4,119,0.3107661008834839,1.9026267528533936,16
44,4,120,0.13396760821342468,1.4236211776733398,16
44,4,121,0.11964219808578491,1.1578081846237183,16
44,4,122,0.11921543627977371,0.9770246148109436,16
44,4,123,0.13070838153362274,0.2979609966278076,16
44,4,124,0.11079924553632736,1.1983389854431152,16
44,4,125,0.22094592452049255,1.3033912181854248,16
44,4,126,0.12740659713745117,0.49889126420021057,16
44,4,127,0.08281025290489197,0.23169663548469543,16
44,4,128,0.16128678619861603,1.1120343208312988,16
44,4,129,0.1303005814552307,0.6230902075767517,16
44,4,130,0.11776048690080643,0.6575490236282349,16
44,4,131,0.1891411542892456,0.45969751477241516,16
44,4,132,0.12252429872751236,0.6399230360984802,16
44,4,133,0.16267870366573334,0.7613919377326965,16
44,4,134,0.13748598098754883,0.8393635749816895,16
44,4,135,0.11022135615348816,0.5143930912017822,16
44,4,136,0.12057362496852875,0.8085077404975891,16
44,4,137,0.09767147153615952,0.47445160150527954,16
44,4,138,0.16445256769657135,2.1975622177124023,16
44,4,139,0.2107105851173401,1.6977699995040894,16
44,4,140,0.13382160663604736,0.9238743782043457,16
44,4,141,0.1838582158088684,3.0174365043640137,16
44,4,142,0.14545996487140656,1.5571324825286865,16
44,4,143,0.16322381794452667,1.1973676681518555,16
44,4,144,0.20024743676185608,1.456916332244873,16
44,4,145,0.0984116867184639,0.9075759649276733,16
44,4,146,0.12365968525409698,0.9605279564857483,16
44,4,147,0.16836223006248474,0.5240359902381897,16
44,4,148,0.16824588179588318,0.8654813766479492,16
44,4,149,0.11663861572742462,0.4976409077644348,16
44,4,150,0.14102964103221893,0.7678060531616211,16
44,4,151,0.07666442543268204,0.4858965575695038,16
44,4,152,0.17153435945510864,2.7099921703338623,16
44,4,153,0.20803986489772797,1.4162721633911133,16
44,4,154,0.16750474274158478,1.795997977256775,16
44,4,155,0.16137760877609253,0.4167725741863251,16
44,4,156,0.09800675511360168,0.8621655702590942,16
44,4,157,0.1633714884519577,0.3890113830566406,16
44,4,158,0.19010555744171143,2.481234312057495,16
44,4,159,0.20156392455101013,4.293916702270508,16
44,4,160,0.22144871950149536,1.541610836982727,16
44,4,161,0.10688900947570801,1.1521954536437988,16
44,4,162,0.1297174096107483,1.742050290107727,16
44,4,163,0.10592526197433472,0.6538664102554321,16
44,4,164,0.15944597125053406,1.3872957229614258,16
44,4,165,0.13627749681472778,2.12259840965271,16
44,4,166,0.1533997356891632,0.7642862200737,16
44,4,167,0.12831345200538635,1.315208077430725,16
44,4,168,0.2059088945388794,0.6829626560211182,16
44,4,169,0.11306673288345337,0.9608128070831299,16
44,4,170,0.18201643228530884,0.5269073247909546,16
44,4,171,0.12144075334072113,0.9140174388885498,16
44,4,172,0.13556049764156342,0.7212378978729248,16
44,4,173,0.13842977583408356,1.4348589181900024,16
44,4,174,0.24056801199913025,0.6439239382743835,16
44,4,175,0.15059709548950195,0.4160480499267578,16
44,4,176,0.12140874564647675,1.1843315362930298,16
44,4,177,0.1721966713666916,0.4833635985851288,16
44,4,178,0.12526153028011322,1.3709492683410645,16
44,4,179,0.1686476767063141,0.995201587677002,16
44,4,180,0.17157191038131714,1.399533987045288,16
44,4,181,0.15118438005447388,0.34571531414985657,16
44,4,182,0.09893593937158585,0.4087975025177002,16
44,4,183,0.13982531428337097,0.9211874008178711,16
44,4,184,0.1451083868741989,0.9267056584358215,16
44,4,185,0.09302183985710144,0.9158503413200378,16
44,4,186,0.1475226879119873,0.6099521517753601,16
44,4,187,0.15416549146175385,1.4432488679885864,16
44,4,188,0.17981669306755066,1.2665462493896484,16
44,4,189,0.1973869949579239,1.1312471628189087,16
44,4,190,0.18264421820640564,3.203321695327759,16
44,4,191,0.12428313493728638,0.9577654004096985,16
44,4,192,0.19470882415771484,4.058138370513916,16
44,4,193,0.12098855525255203,0.45367270708084106,16
44,4,194,0.17509853839874268,1.0505250692367554,16
44,4,195,0.114313505589962,0.5141326785087585,16
44,4,196,0.1286206841468811,1.4082235097885132,16
44,4,197,0.1876865029335022,0.8025097250938416,16
44,4,198,0.1188720315694809,0.5362364053726196,16
44,4,199,0.147241473197937,0.496862530708313,16
44,4,200,0.16510984301567078,0.9771063923835754,16
44,4,201,0.08616842329502106,0.5468977689743042,16
44,4,202,0.10805996507406235,0.7092745900154114,16
44,4,203,0.1391449272632599,1.0776565074920654,16
44,4,204,0.15004539489746094,1.302444577217102,16
44,4,205,0.1300109326839447,0.612514317035675,16
44,4,206,0.11597251147031784,1.6696432828903198,16
44,4,207,0.14931246638298035,1.9126771688461304,16
44,4,208,0.19328603148460388,1.5955877304077148,16
44,4,209,0.1471947431564331,1.4692343473434448,16
44,4,210,0.07453427463769913,1.1694605350494385,16
44,4,211,0.21740767359733582,1.9139635562896729,16
44,4,212,0.0897105261683464,0.8634678721427917,16
44,4,213,0.08694257587194443,0.6127278208732605,16
44,4,214,0.14057864248752594,1.197858452796936,16
44,4,215,0.1950131356716156,1.7597042322158813,16
44,4,216,0.10136762261390686,0.8872814774513245,16
44,4,217,0.18290972709655762,0.5559888482093811,16
44,4,218,0.1500428467988968,0.6019945740699768,16
44,4,219,0.11936371773481369,0.34154877066612244,16
44,4,220,0.09233132004737854,0.7591082453727722,16
44,4,221,0.10894174873828888,0.7688509821891785,16
44,4,222,0.13265615701675415,1.5417463779449463,16
44,4,223,0.10849838703870773,0.6163979172706604,16
44,4,224,0.12135235965251923,0.8499581217765808,16
44,4,225,0.09696205705404282,0.4913458824157715,16
44,4,226,0.11478294432163239,0.3691716194152832,16
44,4,227,0.11734483391046524,0.28736016154289246,16
44,4,228,0.13722801208496094,1.31405770778656,16
44,4,229,0.16425740718841553,0.7747611403465271,16
44,4,230,0.12934869527816772,0.6900583505630493,16
44,4,231,0.0972985029220581,0.4346989095211029,16
44,4,232,0.1232808381319046,0.46097633242607117,16
44,4,233,0.18747222423553467,0.49384889006614685,16
44,4,234,0.08436600863933563,0.551984965801239,16
44,4,235,0.1112799197435379,0.9796624779701233,16
44,4,236,0.12552303075790405,1.116774320602417,16
44,4,237,0.15913048386573792,1.0090374946594238,16
44,4,238,0.09127161651849747,0.9365347623825073,16
44,4,239,0.13037404417991638,1.3168201446533203,16
44,4,240,0.16349083185195923,1.8042303323745728,16
44,4,241,0.08748294413089752,0.4866431653499603,16
44,4,242,0.16335546970367432,0.8112068176269531,16
44,4,243,0.10158306360244751,0.5697428584098816,16
44,4,244,0.11338463425636292,0.7103148698806763,16
44,4,245,0.14822918176651,0.5522335767745972,16
44,4,246,0.0944514200091362,0.9421681761741638,16
44,4,247,0.13374647498130798,0.8401793241500854,16
44,4,248,0.14927227795124054,1.787401556968689,16
44,4,249,0.0986594557762146,0.627482533454895,16
44,4,250,0.15655097365379333,1.1216862201690674,16
44,4,251,0.11893527954816818,1.1200497150421143,16
44,4,252,0.11574120819568634,0.5211327075958252,16
44,4,253,0.12911009788513184,0.5147913694381714,16
44,4,254,0.121837317943573,0.5687095522880554,16
44,4,255,0.11103159934282303,0.37182921171188354,16
44,4,256,0.1498657763004303,1.0652800798416138,16
44,4,257,0.19531971216201782,0.5250508785247803,16
44,4,258,0.1307249218225479,0.9473399519920349,16
44,4,259,0.12425795197486877,0.6046448945999146,16
44,4,260,0.15811866521835327,0.9419235587120056,16
44,4,261,0.13110435009002686,3.0718209743499756,16
44,4,262,0.1763463020324707,1.117163062095642,16
44,4,263,0.08181574940681458,0.7439399361610413,16
42,5,0,0.15924908220767975,1.5807702541351318,16
42,5,1,0.17520096898078918,0.48108574748039246,16
42,5,2,0.14573973417282104,1.2955870628356934,16
42,5,3,0.1735018640756607,0.15142114460468292,16
42,5,4,0.14838024973869324,1.1175881624221802,16
42,5,5,0.1910189539194107,0.6308472752571106,16
42,5,6,0.16972801089286804,0.9527047872543335,16
42,5,7,0.10327064990997314,0.25112131237983704,16
42,5,8,0.13966304063796997,0.8089684844017029,16
42,5,9,0.16388487815856934,1.0411361455917358,16
42,5,10,0.11242344230413437,0.8251656293869019,16
42,5,11,0.1420106589794159,0.886417806148529,16
42,5,12,0.17604190111160278,0.8630133867263794,16
42,5,13,0.14082524180412292,0.886520504951477,16
42,5,14,0.12625107169151306,1.0163551568984985,16
42,5,15,0.132536381483078,2.194261074066162,16
42,5,16,0.09822192788124084,0.8084728121757507,16
42,5,17,0.12765318155288696,0.5255615711212158,16
42,5,18,0.10562334209680557,0.45030033588409424,16
42,5,19,0.12179503589868546,0.5049946904182434,16
42,5,20,0.18034636974334717,1.0524990558624268,16
42,5,21,0.11418658494949341,1.009819746017456,16
42,5,22,0.1443321406841278,1.0063958168029785,16
42,5,23,0.12899528443813324,0.3262217044830322,16
42,5,24,0.08859942853450775,0.7323617935180664,16
42,5,25,0.1137220561504364,1.3108298778533936,16
42,5,26,0.19628381729125977,0.8967641592025757,16
42,5,27,0.1968049705028534,1.5625441074371338,16
42,5,28,0.23506595194339752,1.9569913148880005,16
42,5,29,0.15911516547203064,2.7274527549743652,16
42,5,30,0.12305568158626556,0.6282796263694763,16
42,5,31,0.203050896525383,1.2161598205566406,16
42,5,32,0.08902116119861603,0.41074416041374207,16
42,5,33,0.14908556640148163,0.6414499878883362,16
42,5,34,0.09853482991456985,1.4249804019927979,16
42,5,35,0.17632026970386505,3.3999154567718506,16
42,5,36,0.08204533904790878,0.30513352155685425,16
42,5,37,0.18508975207805634,2.203524589538574,16
42,5,38,0.09321476519107819,0.5677294731140137,16
42,5,39,0.12948492169380188,0.650205135345459,16
42,5,40,0.16592815518379211,1.7126803398132324,16
42,5,41,0.10861903429031372,0.9647786021232605,16
42,5,42,0.12399578094482422,0.5518983602523804,16
42,5,43,0.1274043619632721,0.24858127534389496,16
42,5,44,0.11100301146507263,0.26902881264686584,16
42,5,45,0.1525810956954956,0.8342451453208923,16
42,5,46,0.08546681702136993,0.8570984601974487,16
42,5,47,0.12846431136131287,0.3124094307422638,16
42,5,48,0.1553078591823578,1.258987307548523,16
42,5,49,0.21138867735862732,1.333748698234558,16
42,5,50,0.1464795172214508,0.6904395222663879,16
42,5,51,0.16104638576507568,0.43659016489982605,16
42,5,52,0.1340634524822235,0.42351892590522766,16
42,5,53,0.1136762872338295,0.3797968924045563,16
42,5,54,0.08875805139541626,0.3393928110599518,16
42,5,55,0.1711583286523819,0.48412495851516724,16
42,5,56,0.14369827508926392,0.9601607918739319,16
42,5,57,0.11394737660884857,0.5574766397476196,16
42,5,58,0.13953158259391785,0.57203209400177,16
42,5,59,0.14274759590625763,0.4187595844268799,16
42,5,60,0.06559930741786957,0.7614870667457581,16
42,5,61,0.16502919793128967,0.9055085182189941,16
42,5,62,0.12819644808769226,0.6721307039260864,16
42,5,63,0.128958597779274,0.46877366304397583,16
42,5,64,0.17969867587089539,1.1475495100021362,16
42,5,65,0.13208375871181488,0.6406049132347107,16
42,5,66,0.11481411755084991,0.6351984739303589,16
42,5,67,0.13476276397705078,0.5312371253967285,16
42,5,68,0.12830659747123718,1.015929937362671,16
42,5,69,0.12242243438959122,0.5552712082862854,16
42,5,70,0.09878214448690414,0.6591673493385315,16
42,5,71,0.11624062806367874,0.2551574110984802,16
42,5,72,0.13810957968235016,0.5615679025650024,16
42,5,73,0.1164686530828476,0.34892481565475464,16
42,5,74,0.10635139793157578,0.43140849471092224,16
42,5,75,0.1358816921710968,1.605108618736267,16
42,5,76,0.17527630925178528,0.5713390111923218,16
42,5,77,0.22893677651882172,0.7834516167640686,16
42,5,78,0.11929567158222198,1.4649261236190796,16
42,5,79,0.1779542863368988,1.5278515815734863,16
42,5,80,0.13420210778713226,0.7555182576179504,16
42,5,81,0.0862339660525322,0.5729533433914185,16
42,5,82,0.08341191709041595,0.3218070864677429,16
42,5,83,0.11799675971269608,0.5943398475646973,16
42,5,84,0.11832199990749359,0.8149878978729248,16
42,5,85,0.13531124591827393,0.5322740077972412,16
42,5,86,0.11502541601657867,1.1603387594223022,16
42,5,87,0.17138700187206268,0.6948779225349426,16
42,5,88,0.12084855139255524,1.0821189880371094,16
42,5,89,0.09544478356838226,0.41441571712493896,16
42,5,90,0.21356144547462463,1.4478399753570557,16
42,5,91,0.11377289891242981,0.8714849352836609,16
42,5,92,0.17413699626922607,1.9255253076553345,16
42,5,93,0.10603266954421997,1.8042031526565552,16
42,5,94,0.10570204257965088,0.9913051128387451,16
42,5,95,0.14243243634700775,1.0935770273208618,16
42,5,96,0.11962303519248962,0.7673203349113464,16
42,5,97,0.0810043215751648,0.5951820611953735,16
42,5,98,0.15056905150413513,1.3211467266082764,16
42,5,99,0.1049068421125412,0.3846776783466339,16
42,5,100,0.1770957112312317,0.9728188514709473,16
42,5,101,0.12612023949623108,0.2627885043621063,16
42,5,102,0.13905265927314758,1.0859882831573486,16
42,5,103,0.157419353723526,1.204786777496338,16
42,5,104,0.15711072087287903,0.6547207832336426,16
42,5,105,0.15744200348854065,1.1363810300827026,16
42,5,106,0.08679404854774475,0.8315858244895935,16
42,5,107,0.15576982498168945,0.5162652134895325,16
42,5,108,0.09182955324649811,1.461650013923645,16
42,5,109,0.10889674723148346,2.226020097732544,16
42,5,110,0.09913916885852814,0.42046186327934265,16
42,5,111,0.15327566862106323,0.9444121718406677,16
42,5,112,0.2237217128276825,0.978663980960846,16
42,5,113,0.107394739985466,0.7997910976409912,16
42,5,114,0.16166234016418457,1.7686457633972168,16
42,5,115,0.10662363469600677,0.6072046160697937,16
42,5,116,0.14986981451511383,1.1605652570724487,16
42,5,117,0.11536899209022522,0.8351321816444397,16
42,5,118,0.15487036108970642,1.6281630992889404,16
42,5,119,0.14910036325454712,0.6625064015388489,16
42,5,120,0.11058016121387482,2.8117146492004395,16
42,5,121,0.13138172030448914,0.35976141691207886,16
42,5,122,0.13559752702713013,0.5286082625389099,16
42,5,123,0.08442440629005432,0.677351176738739,16
42,5,124,0.08505375683307648,0.3628731966018677,16
42,5,125,0.11094318330287933,0.6812654137611389,16
42,5,126,0.15685781836509705,0.4564758837223053,16
42,5,127,0.1365455985069275,0.4434056878089905,16
42,5,128,0.1145230233669281,0.6266175508499146,16
42,5,129,0.22996196150779724,0.6364569664001465,16
42,5,130,0.2067176252603531,0.30413195490837097,16
42,5,131,0.16234225034713745,1.638891577720642,16
42,5,132,0.10166612267494202,1.1512726545333862,16
42,5,133,0.11457978188991547,0.47054043412208557,16
42,5,134,0.15679632127285004,0.830295205116272,16
42,5,135,0.19304253160953522,0.4986077547073364,16
42,5,136,0.21246525645256042,1.000461220741272,16
42,5,137,0.13836559653282166,0.9737347960472107,16
42,5,138,0.06871643662452698,0.3214558959007263,16
42,5,139,0.18061953783035278,1.2654623985290527,16
42,5,140,0.08787985146045685,0.6504741907119751,16
42,5,141,0.13691717386245728,0.5283864140510559,16
42,5,142,0.13977399468421936,0.3270478844642639,16
42,5,143,0.13025689125061035,0.6024496555328369,16
42,5,144,0.11502864956855774,0.6642844080924988,16
42,5,145,0.18598996102809906,1.3592413663864136,16
42,5,146,0.18660292029380798,1.7133868932724,16
42,5,147,0.15671946108341217,1.3559750318527222,16
42,5,148,0.08918744325637817,0.5318618416786194,16
42,5,149,0.15042871236801147,1.302135705947876,16
42,5,150,0.13196228444576263,0.4388062655925751,16
42,5,151,0.16777612268924713,0.5845540165901184,16
42,5,152,0.15662404894828796,0.6760244965553284,16
42,5,153,0.19871626794338226,0.9915918707847595,16
42,5,154,0.1064068153500557,0.9730833768844604,16
42,5,155,0.1347307711839676,1.338181495666504,16
42,5,156,0.08002136647701263,0.4552643895149231,16
42,5,157,0.10107211768627167,0.32311978936195374,16
42,5,158,0.22427570819854736,0.5760899186134338,16
42,5,159,0.11923490464687347,0.6452410221099854,16
42,5,160,0.12289844453334808,0.5201854109764099,16
42,5,161,0.1446719914674759,1.3902956247329712,16
42,5,162,0.12712331116199493,0.4831612706184387,16
42,5,163,0.12371765077114105,0.46975696086883545,16
42,5,164,0.12304279208183289,0.20968131721019745,16
42,5,165,0.11326144635677338,0.3985839784145355,16
42,5,166,0.10723168402910233,0.6469120979309082,16
42,5,167,0.17259037494659424,0.9197575449943542,16
42,5,168,0.12913253903388977,0.9300488233566284,16
42,5,169,0.10929802060127258,0.46868500113487244,16
42,5,170,0.18560178577899933,2.765441656112671,16
42,5,171,0.11072849482297897,0.5483688116073608,16
42,5,172,0.11573886126279831,1.2596806287765503,16
42,5,173,0.12016193568706512,0.3497891426086426,16
42,5,174,0.1413152664899826,0.5982494354248047,16
42,5,175,0.09178190678358078,0.649753749370575,16
42,5,176,0.2036031186580658,0.9264550805091858,16
42,5,177,0.21823087334632874,0.9916443228721619,16
42,5,178,0.13343152403831482,0.5929481387138367,16
42,5,179,0.1538560390472412,0.6057583093643188,16
42,5,180,0.08608600497245789,0.5780765414237976,16
42,5,181,0.10231555253267288,0.3081760108470917,16
42,5,182,0.15991626679897308,0.7007469534873962,16
42,5,183,0.10882791876792908,1.393112063407898,16
42,5,184,0.15179821848869324,1.2262011766433716,16
42,5,185,0.09260573983192444,0.5585898160934448,16
42,5,186,0.1586824208498001,0.5189303159713745,16
42,5,187,0.12736588716506958,0.5389072895050049,16
42,5,188,0.1488775610923767,1.181700587272644,16
42,5,189,0.13524693250656128,0.8059412837028503,16
42,5,190,0.14121155440807343,0.8888426423072815,16
42,5,191,0.10301607102155685,0.4521333873271942,16
42,5,192,0.09684551507234573,0.8852649331092834,16
42,5,193,0.13337233662605286,0.745988667011261,16
42,5,194,0.20527958869934082,1.5907036066055298,16
42,5,195,0.11397489160299301,2.472489595413208,16
42,5,196,0.11769723892211914,0.582426905632019,16
42,5,197,0.1173381507396698,0.5217967629432678,16
42,5,198,0.25029027462005615,1.5710915327072144,16
42,5,199,0.15448349714279175,0.7510160803794861,16
42,5,200,0.17083942890167236,0.34298083186149597,16
42,5,201,0.09631287306547165,0.3850204050540924,16
42,5,202,0.23011967539787292,2.601832628250122,16
42,5,203,0.13618221879005432,1.3954716920852661,16
42,5,204,0.1357082724571228,0.5297768712043762,16
42,5,205,0.18319979310035706,1.4882373809814453,16
42,5,206,0.0652649998664856,0.6276530027389526,16
42,5,207,0.191148579120636,1.3192758560180664,16
42,5,208,0.15722614526748657,0.4223625957965851,16
42,5,209,0.18562757968902588,0.6637193560600281,16
42,5,210,0.17594097554683685,0.5910846590995789,16
42,5,211,0.11018223315477371,0.7788230180740356,16
42,5,212,0.1258242279291153,0.7644557952880859,16
42,5,213,0.16416166722774506,0.7617893815040588,16
42,5,214,0.16926494240760803,0.7013766765594482,16
42,5,215,0.21097517013549805,2.505908966064453,16
42,5,216,0.08301404118537903,1.358842372894287,16
42,5,217,0.1668294072151184,0.9026595950126648,16
42,5,218,0.11665059626102448,0.7845140695571899,16
42,5,219,0.12125000357627869,0.7205981016159058,16
42,5,220,0.14190879464149475,0.7961847186088562,16
42,5,221,0.13074460625648499,0.680514931678772,16
42,5,222,0.12214937061071396,0.34564849734306335,16
42,5,223,0.2118167281150818,1.1013894081115723,16
42,5,224,0.21887920796871185,0.7687809467315674,16
42,5,225,0.15879562497138977,1.7212741374969482,16
42,5,226,0.1718842089176178,1.2627284526824951,16
42,5,227,0.10953167825937271,0.6870524883270264,16
42,5,228,0.09915235638618469,0.34484219551086426,16
42,5,229,0.15449845790863037,2.3758485317230225,16
42,5,230,0.13109882175922394,0.7221301794052124,16
42,5,231,0.12407251447439194,1.283894419670105,16
42,5,232,0.09251532703638077,0.8694239854812622,16
42,5,233,0.205221027135849,2.5194931030273438,16
42,5,234,0.13814544677734375,0.8770854473114014,16
42,5,235,0.12623609602451324,0.6039161682128906,16
42,5,236,0.11152811348438263,1.1264888048171997,16
42,5,237,0.20637714862823486,0.9387750625610352,16
42,5,238,0.1910860687494278,0.9881750345230103,16
42,5,239,0.15728211402893066,2.49092173576355,16
42,5,240,0.10365557670593262,0.46570906043052673,16
42,5,241,0.2181709110736847,0.6233678460121155,16
42,5,242,0.09135513007640839,0.34900909662246704,16
42,5,243,0.11690174043178558,1.2109174728393555,16
42,5,244,0.1576976776123047,1.2116669416427612,16
42,5,245,0.1114472895860672,0.6609733700752258,16
42,5,246,0.18569660186767578,0.4831564128398895,16
42,5,247,0.1547309011220932,1.1541374921798706,16
42,5,248,0.14386817812919617,0.4901019036769867,16
42,5,249,0.16332659125328064,0.7578719854354858,16
42,5,250,0.12935860455036163,0.5917443037033081,16
42,5,251,0.11907075345516205,0.4324452877044678,16
42,5,252,0.19908542931079865,0.5203934907913208,16
42,5,253,0.12658187747001648,0.6489415764808655,16
42,5,254,0.12536165118217468,0.9787827134132385,16
42,5,255,0.15870720148086548,0.9007781744003296,16
42,5,256,0.16424477100372314,1.3941863775253296,16
42,5,257,0.13677166402339935,0.6285542249679565,16
42,5,258,0.09820854663848877,1.1122318506240845,16
42,5,259,0.24632281064987183,1.286916971206665,16
42,5,260,0.12649986147880554,0.45709356665611267,16
42,5,261,0.11585725843906403,0.8952993154525757,16
42,5,262,0.10905718803405762,0.35770803689956665,16
42,5,263,0.12295511364936829,1.0447572469711304,16
43,5,0,0.1178068071603775,0.49597299098968506,16
43,5,1,0.1468207836151123,1.1923580169677734,16
43,5,2,0.17152903974056244,1.4272880554199219,16
43,5,3,0.13955576717853546,0.7729248404502869,16
43,5,4,0.1748243123292923,1.2726452350616455,16
43,5,5,0.13583311438560486,2.130563497543335,16
43,5,6,0.16276422142982483,0.8912845253944397,16
43,5,7,0.14156362414360046,0.4101865589618683,16
43,5,8,0.13797082006931305,0.65583336353302,16
43,5,9,0.13499395549297333,0.7949532270431519,16
43,5,10,0.17103272676467896,1.4849538803100586,16
43,5,11,0.10219065845012665,0.5579244494438171,16
43,5,12,0.19743391871452332,2.8089206218719482,16
43,5,13,0.20615141093730927,1.0612454414367676,16
43,5,14,0.09792375564575195,0.6011358499526978,16
43,5,15,0.1408804953098297,0.9664913415908813,16
43,5,16,0.10774239897727966,0.8219853639602661,16
43,5,17,0.12289842218160629,0.4758251905441284,16
43,5,18,0.13179096579551697,1.4438141584396362,16
43,5,19,0.18994462490081787,0.5666831731796265,16
43,5,20,0.14874142408370972,0.987433135509491,16
43,5,21,0.17397034168243408,1.0354799032211304,16
43,5,22,0.15670818090438843,0.6737082600593567,16
43,5,23,0.0658826231956482,0.28848251700401306,16
43,5,24,0.14734075963497162,0.7104318737983704,16
43,5,25,0.0934634655714035,1.3295403718948364,16
43,5,26,0.11548963189125061,0.472008615732193,16
43,5,27,0.19195884466171265,0.6477371454238892,16
43,5,28,0.13115084171295166,0.836939811706543,16
43,5,29,0.1393556296825409,2.134552240371704,16
43,5,30,0.19581735134124756,1.0646384954452515,16
43,5,31,0.11519524455070496,0.5011516809463501,16
43,5,32,0.1799551248550415,1.4273052215576172,16
43,5,33,0.09425918012857437,1.1086750030517578,16
43,5,34,0.11593934893608093,0.6392497420310974,16
43,5,35,0.17795541882514954,1.6053065061569214,16
43,5,36,0.21429941058158875,1.6141712665557861,16
43,5,37,0.14233508706092834,1.5733797550201416,16
43,5,38,0.19834721088409424,1.766606092453003,16
43,5,39,0.27617669105529785,1.8104106187820435,16
43,5,40,0.15161065757274628,0.6097714304924011,16
43,5,41,0.07927000522613525,0.6680595874786377,16
43,5,42,0.18621571362018585,2.325731039047241,16
43,5,43,0.1169833317399025,0.7822763323783875,16
43,5,44,0.18191727995872498,0.5872387886047363,16
43,5,45,0.11484227329492569,0.5986361503601074,16
43,5,46,0.1671537160873413,0.68999844789505,16
43,5,47,0.13861015439033508,1.366468906402588,16
43,5,48,0.08325348794460297,0.5653752088546753,16
43,5,49,0.09056175500154495,0.249424546957016,16
43,5,50,0.10582099109888077,0.7004979252815247,16
43,5,51,0.14729510247707367,0.43240734934806824,16
43,5,52,0.21402966976165771,1.0494840145111084,16
43,5,53,0.13490350544452667,0.38734909892082214,16
43,5,54,0.08669815957546234,0.5437691807746887,16
43,5,55,0.16802164912223816,0.4487057626247406,16
43,5,56,0.1699470728635788,0.8859182000160217,16
43,5,57,0.09979991614818573,0.3544274866580963,16
43,5,58,0.23137763142585754,1.8698071241378784,16
43,5,59,0.11497189104557037,0.40690144896507263,16
43,5,60,0.10083366930484772,0.9092409610748291,16
43,5,61,0.1408068984746933,0.6076400876045227,16
43,5,62,0.15384310483932495,0.9211441874504089,16
43,5,63,0.1919938623905182,1.3158483505249023,16
43,5,64,0.10285640507936478,0.4757935106754303,16
43,5,65,0.13629715144634247,1.4141157865524292,16
43,5,66,0.12152368575334549,0.9549325704574585,16
43,5,67,0.19330397248268127,1.738363265991211,16
43,5,68,0.0935700461268425,0.3360205590724945,16
43,5,69,0.1284695863723755,0.6367540955543518,16
43,5,70,0.1477096974849701,0.49719735980033875,16
43,5,71,0.17365264892578125,0.7794185280799866,16
43,5,72,0.17089688777923584,1.6861814260482788,16
43,5,73,0.15564170479774475,0.9320124387741089,16
43,5,74,0.1593419909477234,1.3448052406311035,16
43,5,75,0.12436896562576294,0.3138791024684906,16
43,5,76,0.08746235072612762,0.4580865800380707,16
43,5,77,0.24586640298366547,1.7868057489395142,16
43,5,78,0.2238263189792633,1.1214251518249512,16
43,5,79,0.22256579995155334,0.5981100797653198,16
43,5,80,0.17911000549793243,0.8706328272819519,16
43,5,81,0.2313927859067917,0.8331196308135986,16
43,5,82,0.17165672779083252,0.6389216780662537,16
43,5,83,0.15474140644073486,1.1434543132781982,16
43,5,84,0.11797742545604706,0.38042590022087097,16
43,5,85,0.1526883989572525,0.9977521300315857,16
43,5,86,0.2358236461877823,1.7338162660598755,16
43,5,87,0.19650179147720337,0.42792895436286926,16
43,5,88,0.1357860565185547,1.2371618747711182,16
43,5,89,0.15471994876861572,2.495659112930298,16
43,5,90,0.12207233905792236,0.9543992280960083,16
43,5,91,0.19169533252716064,0.9957382082939148,16
43,5,92,0.19372418522834778,1.151849627494812,16
43,5,93,0.1525072157382965,0.6035826802253723,16
43,5,94,0.12311078608036041,0.6269809603691101,16
43,5,95,0.11613893508911133,0.9653458595275879,16
43,5,96,0.11333104968070984,0.46291422843933105,16
43,5,97,0.14775718748569489,0.7325559854507446,16
43,5,98,0.12593065202236176,0.30783024430274963,16
43,5,99,0.13295143842697144,1.0245925188064575,16
43,5,100,0.11581093817949295,0.692901611328125,16
43,5,101,0.14273133873939514,0.5487026572227478,16
43,5,102,0.12168936431407928,1.7034473419189453,16
43,5,103,0.14780566096305847,1.0701489448547363,16
43,5,104,0.19519051909446716,0.821878969669342,16
43,5,105,0.10400323569774628,0.41608428955078125,16
43,5,106,0.11405908316373825,0.48321428894996643,16
43,5,107,0.11207107454538345,0.5880838632583618,16
43,5,108,0.10910016298294067,0.9990889430046082,16
43,5,109,0.16009239852428436,0.4511423110961914,16
43,5,110,0.07969729602336884,0.4454839527606964,16
43,5,111,0.13275468349456787,1.6243351697921753,16
43,5,112,0.16703976690769196,1.4233922958374023,16
43,5,113,0.12547504901885986,1.1131646633148193,16
43,5,114,0.09411144256591797,0.3948044776916504,16
43,5,115,0.09664078056812286,0.8226248621940613,16
43,5,116,0.11358143389225006,0.9807453155517578,16
43,5,117,0.13112366199493408,0.42684856057167053,16
43,5,118,0.15546736121177673,0.5277169942855835,16
43,5,119,0.12469509243965149,2.041531801223755,16
43,5,120,0.1408458650112152,0.21759754419326782,16
43,5,121,0.13400012254714966,0.8161114454269409,16
43,5,122,0.15400469303131104,1.3678457736968994,16
43,5,123,0.14293892681598663,0.6453482508659363,16
43,5,124,0.15921171009540558,1.0860347747802734,16
43,5,125,0.08725660294294357,0.6670130491256714,16
43,5,126,0.09937755018472672,0.62278813123703,16
43,5,127,0.13327960669994354,0.5880005359649658,16
43,5,128,0.15900030732154846,0.4584280252456665,16
43,5,129,0.12392492592334747,0.5990409255027771,16
43,5,130,0.21026533842086792,0.7164536118507385,16
43,5,131,0.14646311104297638,1.1356754302978516,16
43,5,132,0.12683916091918945,0.5583224892616272,16
43,5,133,0.10488379001617432,0.8213217258453369,16
43,5,134,0.12690234184265137,0.6548300385475159,16
43,5,135,0.15542234480381012,2.1058220863342285,16
43,5,136,0.10892161726951599,0.5280347466468811,16
43,5,137,0.11320127546787262,0.5241467356681824,16
43,5,138,0.06959293782711029,0.4624406695365906,16
43,5,139,0.11512710899114609,0.6702936887741089,16
43,5,140,0.15731213986873627,0.9348009824752808,16
43,5,141,0.1808728724718094,0.8102182745933533,16
43,5,142,0.12473224103450775,0.312172532081604,16
43,5,143,0.13308192789554596,0.7842423915863037,16
43,5,144,0.09245310723781586,0.6367239356040955,16
43,5,145,0.11866400390863419,0.8068580031394958,16
43,5,146,0.1506381630897522,0.6226406693458557,16
43,5,147,0.18197157979011536,0.6249422430992126,16
43,5,148,0.08878125250339508,0.7676015496253967,16
43,5,149,0.10766011476516724,0.6347119808197021,16
43,5,150,0.1375192105770111,0.5437003970146179,16
43,5,151,0.13436341285705566,0.46619856357574463,16
43,5,152,0.164404034614563,1.0172702074050903,16
43,5,153,0.13782070577144623,0.9054548144340515,16
43,5,154,0.13571834564208984,1.2239551544189453,16
43,5,155,0.12699532508850098,0.7007946968078613,16
43,5,156,0.0966401994228363,0.2995384931564331,16
43,5,157,0.1174229308962822,0.4014337956905365,16
43,5,158,0.1750144362449646,1.198848843574524,16
43,5,159,0.15221312642097473,3.5959222316741943,16
43,5,160,0.13789232075214386,0.9443142414093018,16
43,5,161,0.10808618366718292,0.2807070016860962,16
43,5,162,0.14887872338294983,0.867979884147644,16
43,5,163,0.15594890713691711,1.0905264616012573,16
43,5,164,0.2211126983165741,0.598034679889679,16
43,5,165,0.108663409948349,0.8393684029579163,16
43,5,166,0.3174446225166321,1.7637614011764526,16
43,5,167,0.09161490947008133,0.3934651017189026,16
43,5,168,0.1334860771894455,0.4567151963710785,16
43,5,169,0.1258089691400528,0.9223940372467041,16
43,5,170,0.10165459662675858,0.8105427622795105,16
43,5,171,0.11809435486793518,1.0815666913986206,16
43,5,172,0.09070757776498795,0.528780996799469,16
43,5,173,0.10370349884033203,0.554781973361969,16
43,5,174,0.15514743328094482,0.9071274995803833,16
43,5,175,0.14813779294490814,0.7596663236618042,16
43,5,176,0.20682471990585327,2.085028886795044,16
43,5,177,0.16448935866355896,0.9278510212898254,16
43,5,178,0.15721645951271057,0.2950139343738556,16
43,5,179,0.16811054944992065,0.8307947516441345,16
43,5,180,0.1563168317079544,1.8020541667938232,16
43,5,181,0.12976795434951782,0.4184345006942749,16
43,5,182,0.07477988302707672,1.3791470527648926,16
43,5,183,0.09666042029857635,0.34822940826416016,16
43,5,184,0.12616226077079773,1.2199060916900635,16
43,5,185,0.13393725454807281,0.47875574231147766,16
43,5,186,0.10031892359256744,0.5124537944793701,16
43,5,187,0.16344130039215088,1.0505905151367188,16
43,5,188,0.13192695379257202,0.9347715377807617,16
43,5,189,0.16652247309684753,1.228041648864746,16
43,5,190,0.07704798877239227,0.46408480405807495,16
43,5,191,0.2014693021774292,1.0045140981674194,16
43,5,192,0.11561764776706696,0.3705008029937744,16
43,5,193,0.09055808186531067,0.5875739455223083,16
43,5,194,0.13627809286117554,0.5320513248443604,16
43,5,195,0.16726654767990112,0.7535248398780823,16
43,5,196,0.11897148191928864,0.9330275058746338,16
43,5,197,0.1340979039669037,0.4688859283924103,16
43,5,198,0.12599048018455505,0.39098554849624634,16
43,5,199,0.09988914430141449,0.7312461733818054,16
43,5,200,0.13477548956871033,0.9701476097106934,16
43,5,201,0.1562313288450241,2.0642054080963135,16
43,5,202,0.13947977125644684,0.806154727935791,16
43,5,203,0.13512744009494781,0.6535922884941101,16
43,5,204,0.1294058859348297,0.554770290851593,16
43,5,205,0.13768959045410156,0.6603761315345764,16
43,5,206,0.18360009789466858,1.3367259502410889,16
43,5,207,0.13126251101493835,0.5592840909957886,16
43,5,208,0.080656036734581,0.7464475631713867,16
43,5,209,0.13622580468654633,0.24784964323043823,16
43,5,210,0.19825655221939087,1.2269604206085205,16
43,5,211,0.0932001918554306,0.3064226806163788,16
43,5,212,0.1331716626882553,1.3024725914001465,16
43,5,213,0.2305411398410797,2.4021055698394775,16
43,5,214,0.1456487774848938,0.5091031789779663,16
43,5,215,0.0982578918337822,0.2880184054374695,16
43,5,216,0.19571110606193542,1.4296958446502686,16
43,5,217,0.15427902340888977,0.5866300463676453,16
43,5,218,0.08971623331308365,1.7653234004974365,16
43,5,219,0.17197439074516296,2.2593441009521484,16
43,5,220,0.10839109122753143,0.9209156632423401,16
43,5,221,0.11172206699848175,0.35953906178474426,16
43,5,222,0.14368084073066711,0.4586719274520874,16
43,5,223,0.20351213216781616,1.8503987789154053,16
43,5,224,0.13382019102573395,0.5718035697937012,16
43,5,225,0.09735550731420517,1.542668104171753,16
43,5,226,0.19127269089221954,1.1897289752960205,16
43,5,227,0.1742887794971466,1.1428682804107666,16
43,5,228,0.1608613133430481,1.0426886081695557,16
43,5,229,0.09011025726795197,0.1971338540315628,16
43,5,230,0.13955408334732056,0.3394142687320709,16
43,5,231,0.13154233992099762,0.9824941754341125,16
43,5,232,0.09483206272125244,0.8143647909164429,16
43,5,233,0.15478922426700592,0.9828817248344421,16
43,5,234,0.2539331614971161,1.5782097578048706,16
43,5,235,0.1555403470993042,0.7827884554862976,16
43,5,236,0.14993548393249512,0.945858359336853,16
43,5,237,0.10379024595022202,1.126597285270691,16
43,5,238,0.15879946947097778,1.8491936922073364,16
43,5,239,0.1454830914735794,0.8454635143280029,16
43,5,240,0.16387900710105896,1.1703336238861084,16
43,5,241,0.18254995346069336,0.6163716316223145,16
43,5,242,0.18640540540218353,2.567582607269287,16
43,5,243,0.14422619342803955,1.2360644340515137,16
43,5,244,0.09629051387310028,1.7072293758392334,16
43,5,245,0.11066644638776779,0.5380338430404663,16
43,5,246,0.11829227209091187,1.4516571760177612,16
43,5,247,0.07383118569850922,0.9327715039253235,16
43,5,248,0.12166713178157806,1.5784310102462769,16
43,5,249,0.17698222398757935,1.2098592519760132,16
43,5,250,0.12950816750526428,0.5991080403327942,16
43,5,251,0.18230658769607544,0.9165861010551453,16
43,5,252,0.12813013792037964,0.8594650030136108,16
43,5,253,0.12474903464317322,1.2118504047393799,16
43,5,254,0.1425369381904602,1.0555843114852905,16
43,5,255,0.08218933641910553,1.5577223300933838,16
43,5,256,0.12171672284603119,0.731085479259491,16
43,5,257,0.11371224373579025,1.4596316814422607,16
43,5,258,0.1177825927734375,0.479411244392395,16
43,5,259,0.11913787573575974,0.7838664650917053,16
43,5,260,0.12415724992752075,2.6145405769348145,16
43,5,261,0.08624833822250366,0.7550218105316162,16
43,5,262,0.14847791194915771,1.724514126777649,16
43,5,263,0.1413578987121582,0.6461047530174255,16
44,5,0,0.15652059018611908,0.47039487957954407,16
44,5,1,0.0536186620593071,0.3299626410007477,16
44,5,2,0.16374793648719788,0.6465926766395569,16
44,5,3,0.16371867060661316,0.5797025561332703,16
44,5,4,0.15905103087425232,4.567309379577637,16
44,5,5,0.12438606470823288,0.9972522258758545,16
44,5,6,0.06461174786090851,0.6279500722885132,16
44,5,7,0.11094851046800613,1.8368184566497803,16
44,5,8,0.0894298106431961,0.5791006088256836,16
44,5,9,0.1472606062889099,1.4516364336013794,16
44,5,10,0.17595496773719788,0.9929414987564087,16
44,5,11,0.09779439866542816,0.5448383688926697,16
44,5,12,0.20212948322296143,1.5540443658828735,16
44,5,13,0.16452544927597046,0.8734790086746216,16
44,5,14,0.103469118475914,1.556064486503601,16
44,5,15,0.1234104186296463,0.5663675665855408,16
44,5,16,0.1309831440448761,1.2698683738708496,16
44,5,17,0.12539216876029968,0.7141275405883789,16
44,5,18,0.1252594292163849,0.7863728404045105,16
44,5,19,0.09532029926776886,0.5981099009513855,16
44,5,20,0.20324869453907013,0.9248696565628052,16
44,5,21,0.15974658727645874,2.821733236312866,16
44,5,22,0.1220104917883873,0.4697105288505554,16
44,5,23,0.15835696458816528,1.8765894174575806,16
44,5,24,0.12664207816123962,0.5616061687469482,16
44,5,25,0.14118044078350067,1.0107756853103638,16
44,5,26,0.13851940631866455,0.6080480217933655,16
44,5,27,0.10303416848182678,0.4887043833732605,16
44,5,28,0.20177973806858063,0.7712364792823792,16
44,5,29,0.12386690080165863,1.5460400581359863,16
44,5,30,0.15757927298545837,0.8775272369384766,16
44,5,31,0.11645489931106567,0.9161915183067322,16
44,5,32,0.16023454070091248,0.684429407119751,16
44,5,33,0.1460319310426712,0.5963297486305237,16
44,5,34,0.0708564966917038,0.31531134247779846,16
44,5,35,0.15467770397663116,0.838786780834198,16
44,5,36,0.24146363139152527,2.3177969455718994,16
44,5,37,0.21430057287216187,1.4575600624084473,16
44,5,38,0.07321400940418243,0.6470971703529358,16
44,5,39,0.1253344714641571,1.145207166671753,16
44,5,40,0.15786802768707275,1.0823923349380493,16
44,5,41,0.11011427640914917,2.4603421688079834,16
44,5,42,0.09079357981681824,0.3634352385997772,16
44,5,43,0.1499871462583542,0.695756733417511,16
44,5,44,0.07935822010040283,0.372124582529068,16
44,5,45,0.10611188411712646,0.5568413734436035,16
44,5,46,0.10068704187870026,1.318560004234314,16
44,5,47,0.11108490079641342,1.596579909324646,16
44,5,48,0.16218224167823792,0.7941237688064575,16
44,5,49,0.05107816308736801,0.3747312128543854,16
44,5,50,0.09425966441631317,0.1292736679315567,16
44,5,51,0.16806776821613312,0.7308050394058228,16
44,5,52,0.14763973653316498,1.3218433856964111,16
44,5,53,0.14871521294116974,0.4593673348426819,16
44,5,54,0.08920446783304214,1.0604662895202637,16
44,5,55,0.12166270613670349,0.8072975277900696,16
44,5,56,0.15731452405452728,0.9205644130706787,16
44,5,57,0.11866751313209534,0.4229713976383209,16
44,5,58,0.1861134171485901,2.322411298751831,16
44,5,59,0.14635378122329712,3.2415988445281982,16
44,5,60,0.11574260890483856,1.4441028833389282,16
44,5,61,0.13299188017845154,1.2947512865066528,16
44,5,62,0.13163641095161438,0.9559134840965271,16
44,5,63,0.11991792172193527,0.7056204080581665,16
44,5,64,0.17391139268875122,1.517307162284851,16
44,5,65,0.0982523262500763,0.5856838226318359,16
44,5,66,0.11305542290210724,0.5362182259559631,16
44,5,67,0.1585281491279602,1.230908751487732,16
44,5,68,0.2949005365371704,1.0299365520477295,16
44,5,69,0.15029790997505188,0.9257448315620422,16
44,5,70,0.11911250650882721,0.8304157853126526,16
44,5,71,0.1300128996372223,1.1896584033966064,16
44,5,72,0.14879217743873596,0.5932162404060364,16
44,5,73,0.12421700358390808,0.5815231800079346,16
44,5,74,0.13732433319091797,0.5988957285881042,16
44,5,75,0.16220340132713318,1.4422191381454468,16
44,5,76,0.1874513328075409,1.4612709283828735,16
44,5,77,0.1275249719619751,0.8458998799324036,16
44,5,78,0.15779352188110352,0.86075359582901,16
44,5,79,0.1351630985736847,0.7096697092056274,16
44,5,80,0.14375624060630798,0.5641178488731384,16
44,5,81,0.16497622430324554,0.914064347743988,16
44,5,82,0.09620501101016998,0.28739139437675476,16
44,5,83,0.12786133587360382,1.5790739059448242,16
44,5,84,0.13661107420921326,1.4927116632461548,16
44,5,85,0.12296801805496216,1.3784903287887573,16
44,5,86,0.11365897208452225,0.9317787289619446,16
44,5,87,0.14592422544956207,1.3107030391693115,16
44,5,88,0.1493438482284546,0.7404016256332397,16
44,5,89,0.13537544012069702,0.5340294241905212,16
44,5,90,0.12778037786483765,0.8221025466918945,16
44,5,91,0.19395625591278076,1.3489841222763062,16
44,5,92,0.16585347056388855,1.6469905376434326,16
44,5,93,0.10952971875667572,1.1319973468780518,16
44,5,94,0.127486452460289,0.6729552149772644,16
44,5,95,0.12869831919670105,1.3102407455444336,16
44,5,96,0.12784159183502197,0.521907389163971,16
44,5,97,0.10328070819377899,0.5827639698982239,16
44,5,98,0.13877862691879272,0.7495466470718384,16
44,5,99,0.11986185610294342,0.469727486371994,16
44,5,100,0.09035708010196686,0.8650460243225098,16
44,5,101,0.16112305223941803,0.676578938961029,16
44,5,102,0.17329056560993195,0.5230872631072998,16
44,5,103,0.06163632869720459,0.48861414194107056,16
44,5,104,0.08599337935447693,0.6879870891571045,16
44,5,105,0.14613667130470276,1.9831911325454712,16
44,5,106,0.2018204927444458,0.9085801243782043,16
44,5,107,0.08869609236717224,0.5269160270690918,16
44,5,108,0.17437520623207092,0.794440507888794,16
44,5,109,0.12175426632165909,0.9505698680877686,16
44,5,110,0.19092385470867157,0.7114065885543823,16
44,5,111,0.11458426713943481,0.5925981998443604,16
44,5,112,0.13460811972618103,1.4537861347198486,16
44,5,113,0.1648300290107727,1.2931710481643677,16
44,5,114,0.16052313148975372,0.6624952554702759,16
44,5,115,0.09284871071577072,0.7502698302268982,16
44,5,116,0.11796434223651886,0.44817274808883667,16
44,5,117,0.13729897141456604,1.4389351606369019,16
44,5,118,0.1181565374135971,0.5654932260513306,16
44,5,119,0.1866765022277832,2.0048956871032715,16
44,5,120,0.13915199041366577,0.5274257063865662,16
44,5,121,0.19001227617263794,1.5296993255615234,16
44,5,122,0.10015317797660828,0.74500972032547,16
44,5,123,0.16735947132110596,0.44618546962738037,16
44,5,124,0.09951772540807724,0.606989324092865,16
44,5,125,0.17700453102588654,0.5836997032165527,16
44,5,126,0.13924512267112732,0.47889217734336853,16
44,5,127,0.1265631914138794,0.7322691679000854,16
44,5,128,0.11945584416389465,1.4243186712265015,16
44,5,129,0.18938077986240387,0.6981293559074402,16
44,5,130,0.09037162363529205,0.8595548272132874,16
44,5,131,0.1477452516555786,2.0470898151397705,16
44,5,132,0.11234169453382492,0.6453080773353577,16
44,5,133,0.13905711472034454,0.4946887791156769,16
44,5,134,0.11274858564138412,1.173781156539917,16
44,5,135,0.1417132318019867,2.7341747283935547,16
44,5,136,0.12668858468532562,1.378653883934021,16
44,5,137,0.10443602502346039,0.6957509517669678,16
44,5,138,0.08080961555242538,0.7398656010627747,16
44,5,139,0.126411572098732,1.7525064945220947,16
44,5,140,0.22026172280311584,6.048426151275635,16
44,5,141,0.22167101502418518,0.6052813529968262,16
44,5,142,0.1163240373134613,0.7709476351737976,16
44,5,143,0.1487179845571518,1.1205248832702637,16
44,5,144,0.14436614513397217,1.2290775775909424,16
44,5,145,0.16175591945648193,0.817651093006134,16
44,5,146,0.0656077116727829,0.29320287704467773,16
44,5,147,0.1451757252216339,0.8941705226898193,16
44,5,148,0.06094246357679367,0.47245529294013977,16
44,5,149,0.2152588963508606,1.1176331043243408,16
44,5,150,0.08996118605136871,0.48829707503318787,16
44,5,151,0.12494469434022903,0.39358749985694885,16
44,5,152,0.15155935287475586,1.244183897972107,16
44,5,153,0.1686091125011444,0.6811551451683044,16
44,5,154,0.10833554714918137,0.6998695731163025,16
44,5,155,0.13662585616111755,1.1988179683685303,16
44,5,156,0.10340529680252075,0.9561768770217896,16
44,5,157,0.1469060480594635,1.0169494152069092,16
44,5,158,0.14956748485565186,0.5959818959236145,16
44,5,159,0.13377028703689575,1.0233519077301025,16
44,5,160,0.07720312476158142,0.7767320871353149,16
44,5,161,0.12412024289369583,1.2150192260742188,16
44,5,162,0.12953585386276245,1.3906760215759277,16
44,5,163,0.1587531566619873,2.3867146968841553,16
44,5,164,0.186455637216568,1.0110690593719482,16
44,5,165,0.09591694921255112,1.2444807291030884,16
44,5,166,0.153993621468544,1.0017063617706299,16
44,5,167,0.11626903712749481,0.4739621579647064,16
44,5,168,0.2527441382408142,2.5478146076202393,16
44,5,169,0.17048412561416626,0.6836884021759033,16
44,5,170,0.1584174782037735,1.3925831317901611,16
44,5,171,0.0905885398387909,0.7807261347770691,16
44,5,172,0.12619195878505707,1.604590654373169,16
44,5,173,0.2083710879087448,1.0967061519622803,16
44,5,174,0.17557436227798462,0.8699474334716797,16
44,5,175,0.15135447680950165,0.8795484304428101,16
44,5,176,0.09548769891262054,1.11489737033844,16
44,5,177,0.11032302677631378,0.4874846637248993,16
44,5,178,0.1449042409658432,1.0564697980880737,16
44,5,179,0.20667850971221924,1.319997787475586,16
44,5,180,0.18415802717208862,1.6975945234298706,16
44,5,181,0.14215205609798431,0.7253549098968506,16
44,5,182,0.1545795202255249,1.1380174160003662,16
44,5,183,0.12215672433376312,0.37655603885650635,16
44,5,184,0.1193266212940216,0.39106330275535583,16
44,5,185,0.15939892828464508,0.8780192136764526,16
44,5,186,0.15444743633270264,0.5689895153045654,16
44,5,187,0.11815737932920456,1.1816399097442627,16
44,5,188,0.14864133298397064,2.704772472381592,16
44,5,189,0.15075670182704926,2.439385414123535,16
44,5,190,0.1496671438217163,0.7357157468795776,16
44,5,191,0.18839922547340393,2.146934986114502,16
44,5,192,0.10649611800909042,1.278186559677124,16
44,5,193,0.1383342444896698,0.631511926651001,16
44,5,194,0.10626986622810364,1.0538586378097534,16
44,5,195,0.1518591344356537,0.7959315180778503,16
44,5,196,0.10658225417137146,0.987677812576294,16
44,5,197,0.1847245693206787,0.7597956657409668,16
44,5,198,0.07688749581575394,0.77032071352005,16
44,5,199,0.250622421503067,0.9949228763580322,16
44,5,200,0.08627507090568542,0.6060227155685425,16
44,5,201,0.09976276755332947,0.49725309014320374,16
44,5,202,0.07198318094015121,0.31591904163360596,16
44,5,203,0.14609882235527039,0.5661977529525757,16
44,5,204,0.08350594341754913,0.26010459661483765,16
44,5,205,0.10421153903007507,0.6844092011451721,16
44,5,206,0.09948919713497162,0.30571579933166504,16
44,5,207,0.11439374834299088,0.993804931640625,16
44,5,208,0.09948452562093735,0.9665663838386536,16
44,5,209,0.15599045157432556,0.6554343104362488,16
44,5,210,0.1381906270980835,0.9775481820106506,16
44,5,211,0.12300660461187363,1.1755744218826294,16
44,5,212,0.16193509101867676,0.5696213245391846,16
44,5,213,0.14768201112747192,1.4867080450057983,16
44,5,214,0.2052529901266098,0.8035100698471069,16
44,5,215,0.10283441841602325,0.7749581933021545,16
44,5,216,0.12403008341789246,0.5831646919250488,16
44,5,217,0.14687645435333252,0.7568711638450623,16
44,5,218,0.16460685431957245,0.4424733817577362,16
44,5,219,0.12825629115104675,0.5290138125419617,16
44,5,220,0.11607635766267776,1.0211386680603027,16
44,5,221,0.12920573353767395,0.8775588274002075,16
44,5,222,0.12790074944496155,0.6103800535202026,16
44,5,223,0.16031277179718018,0.8620858788490295,16
44,5,224,0.20828866958618164,1.6738930940628052,16
44,5,225,0.19316762685775757,0.7069960236549377,16
44,5,226,0.07947415113449097,0.9098044633865356,16
44,5,227,0.1310202032327652,0.5896501541137695,16
44,5,228,0.1389232724905014,0.781810998916626,16
44,5,229,0.1779995560646057,1.0858073234558105,16
44,5,230,0.1505882740020752,1.3403762578964233,16
44,5,231,0.06971947848796844,0.9554784297943115,16
44,5,232,0.1287597268819809,0.8328877687454224,16
44,5,233,0.1448219269514084,2.3452203273773193,16
44,5,234,0.13890933990478516,1.526585340499878,16
44,5,235,0.0824042558670044,0.554499089717865,16
44,5,236,0.11380086839199066,1.0641752481460571,16
44,5,237,0.17131659388542175,1.466361403465271,16
44,5,238,0.11004804074764252,1.156395435333252,16
44,5,239,0.16565901041030884,0.604581356048584,16
44,5,240,0.10166489332914352,1.2299484014511108,16
44,5,241,0.12752972543239594,1.314995527267456,16
44,5,242,0.14274485409259796,1.3017818927764893,16
44,5,243,0.07760278135538101,0.33177897334098816,16
44,5,244,0.10663112252950668,0.6002066135406494,16
44,5,245,0.0910809263586998,0.49141842126846313,16
44,5,246,0.1707369089126587,0.7354250550270081,16
44,5,247,0.060830116271972656,0.4032048285007477,16
44,5,248,0.07649372518062592,0.4922578036785126,16
44,5,249,0.10523855686187744,0.7327908277511597,16
44,5,250,0.14578524231910706,0.7858973741531372,16
44,5,251,0.1335531771183014,1.2312005758285522,16
44,5,252,0.07711391896009445,0.20041880011558533,16
44,5,253,0.18710212409496307,2.0528156757354736,16
44,5,254,0.10907910764217377,0.8859179615974426,16
44,5,255,0.10196875780820847,0.552807092666626,16
44,5,256,0.0675588995218277,0.640052318572998,16
44,5,257,0.10858285427093506,0.5494706630706787,16
44,5,258,0.12896212935447693,0.9837828874588013,16
44,5,259,0.17311999201774597,1.2991771697998047,16
44,5,260,0.1299601048231125,0.9181357026100159,16
44,5,261,0.15987025201320648,0.9879960417747498,16
44,5,262,0.15320910513401031,0.7722607254981995,16
44,5,263,0.09803644567728043,0.9924079775810242,16
