dataset,variant,query_id,set_difference,order_difference,relevant_added,relevant_removed,max_score_error
wands,C0,0,False,False,0,0,2.384185791015625e-07
wands,C0,1,False,False,0,0,1.7881393432617188e-07
wands,C0,2,False,False,0,0,1.7881393432617188e-07
wands,C0,3,False,False,0,0,1.7881393432617188e-07
wands,C0,4,False,False,0,0,1.7881393432617188e-07
wands,C0,5,False,False,0,0,2.384185791015625e-07
wands,C0,6,False,False,0,0,1.1920928955078125e-07
wands,C0,7,False,False,0,0,1.7881393432617188e-07
wands,C0,8,False,False,0,0,2.384185791015625e-07
wands,C0,9,False,False,0,0,2.384185791015625e-07
wands,C0,10,False,False,0,0,1.7881393432617188e-07
wands,C0,11,False,False,0,0,2.384185791015625e-07
wands,C0,12,False,False,0,0,2.384185791015625e-07
wands,C0,13,False,False,0,0,1.7881393432617188e-07
wands,C0,14,False,False,0,0,2.384185791015625e-07
wands,C0,15,False,False,0,0,1.7881393432617188e-07
wands,C0,16,False,False,0,0,1.7881393432617188e-07
wands,C0,17,False,False,0,0,1.7881393432617188e-07
wands,C0,18,False,False,0,0,1.7881393432617188e-07
wands,C0,19,False,False,0,0,1.1920928955078125e-07
wands,C0,20,False,False,0,0,1.7881393432617188e-07
wands,C0,21,False,False,0,0,2.384185791015625e-07
wands,C0,22,False,False,0,0,1.7881393432617188e-07
wands,C0,23,False,False,0,0,1.7881393432617188e-07
wands,C0,24,False,False,0,0,1.7881393432617188e-07
wands,C0,25,False,False,0,0,1.7881393432617188e-07
wands,C0,26,False,False,0,0,1.7881393432617188e-07
wands,C0,27,False,False,0,0,1.7881393432617188e-07
wands,C0,28,False,False,0,0,1.7881393432617188e-07
wands,C0,29,False,False,0,0,1.7881393432617188e-07
wands,C0,30,False,False,0,0,2.384185791015625e-07
wands,C0,31,False,False,0,0,1.1920928955078125e-07
wands,C0,32,False,False,0,0,1.1920928955078125e-07
wands,C0,33,False,False,0,0,1.7881393432617188e-07
wands,C0,34,False,False,0,0,2.384185791015625e-07
wands,C0,35,False,False,0,0,2.384185791015625e-07
wands,C0,36,False,False,0,0,2.384185791015625e-07
wands,C0,37,False,False,0,0,1.7881393432617188e-07
wands,C0,38,False,False,0,0,2.384185791015625e-07
wands,C0,39,False,False,0,0,1.7881393432617188e-07
wands,C0,40,False,False,0,0,2.384185791015625e-07
wands,C0,41,False,False,0,0,1.7881393432617188e-07
wands,C0,42,False,False,0,0,1.1920928955078125e-07
wands,C0,43,False,False,0,0,1.7881393432617188e-07
wands,C0,44,False,False,0,0,2.384185791015625e-07
wands,C0,45,False,False,0,0,1.7881393432617188e-07
wands,C0,46,False,False,0,0,1.7881393432617188e-07
wands,C0,47,False,False,0,0,1.1920928955078125e-07
wands,C0,48,False,False,0,0,1.7881393432617188e-07
wands,C0,49,False,False,0,0,2.384185791015625e-07
wands,C0,50,False,False,0,0,1.7881393432617188e-07
wands,C0,51,False,False,0,0,1.7881393432617188e-07
wands,C0,52,False,False,0,0,2.384185791015625e-07
wands,C0,53,False,False,0,0,2.384185791015625e-07
wands,C0,54,False,False,0,0,1.1920928955078125e-07
wands,C0,55,False,False,0,0,2.384185791015625e-07
wands,C0,56,False,False,0,0,1.7881393432617188e-07
wands,C0,57,False,False,0,0,1.7881393432617188e-07
wands,C0,58,False,False,0,0,1.7881393432617188e-07
wands,C0,59,False,False,0,0,1.7881393432617188e-07
wands,C0,60,False,False,0,0,1.7881393432617188e-07
wands,C0,61,False,False,0,0,1.7881393432617188e-07
wands,C0,62,False,False,0,0,1.7881393432617188e-07
wands,C0,63,False,False,0,0,1.7881393432617188e-07
wands,C0,64,False,False,0,0,1.1920928955078125e-07
wands,C0,65,False,False,0,0,1.7881393432617188e-07
wands,C0,66,False,False,0,0,1.1920928955078125e-07
wands,C0,67,False,False,0,0,1.7881393432617188e-07
wands,C0,68,False,False,0,0,1.7881393432617188e-07
wands,C0,69,False,False,0,0,1.1920928955078125e-07
wands,C0,70,False,False,0,0,1.7881393432617188e-07
wands,C0,71,False,False,0,0,1.7881393432617188e-07
wands,C0,72,False,False,0,0,1.7881393432617188e-07
wands,C0,73,False,False,0,0,1.7881393432617188e-07
wands,C0,74,False,False,0,0,1.1920928955078125e-07
wands,C0,75,False,False,0,0,1.7881393432617188e-07
wands,C0,76,False,False,0,0,1.7881393432617188e-07
wands,C0,77,False,False,0,0,1.7881393432617188e-07
wands,C0,78,False,False,0,0,1.7881393432617188e-07
wands,C0,79,False,False,0,0,1.1920928955078125e-07
wands,C0,80,False,False,0,0,1.7881393432617188e-07
wands,C0,81,False,False,0,0,1.7881393432617188e-07
wands,C0,82,False,False,0,0,1.7881393432617188e-07
wands,C0,83,False,False,0,0,1.7881393432617188e-07
wands,C0,84,False,False,0,0,2.384185791015625e-07
wands,C0,85,False,False,0,0,1.7881393432617188e-07
wands,C0,86,False,False,0,0,1.7881393432617188e-07
wands,C0,87,False,False,0,0,1.7881393432617188e-07
wands,C0,88,False,False,0,0,1.7881393432617188e-07
wands,C0,89,False,True,0,0,1.7881393432617188e-07
wands,C0,90,False,False,0,0,1.7881393432617188e-07
wands,C0,91,False,False,0,0,2.384185791015625e-07
wands,C0,92,False,False,0,0,1.7881393432617188e-07
wands,C0,93,False,False,0,0,2.384185791015625e-07
wands,C0,94,False,False,0,0,1.7881393432617188e-07
wands,C0,95,False,False,0,0,1.7881393432617188e-07
wands,C0,96,False,False,0,0,1.1920928955078125e-07
wands,C0,97,False,False,0,0,2.384185791015625e-07
wands,C0,98,False,False,0,0,1.1920928955078125e-07
wands,C0,99,False,False,0,0,1.7881393432617188e-07
wands,C0,100,False,False,0,0,1.7881393432617188e-07
wands,C0,101,False,False,0,0,1.1920928955078125e-07
wands,C0,102,False,False,0,0,1.7881393432617188e-07
wands,C0,103,False,False,0,0,1.7881393432617188e-07
wands,C0,104,False,False,0,0,1.7881393432617188e-07
wands,C0,105,False,False,0,0,1.7881393432617188e-07
wands,C0,106,False,False,0,0,1.7881393432617188e-07
wands,C0,107,False,False,0,0,1.7881393432617188e-07
wands,C0,108,False,False,0,0,1.1920928955078125e-07
wands,C0,109,False,False,0,0,1.7881393432617188e-07
wands,C0,110,False,False,0,0,2.384185791015625e-07
wands,C0,111,False,False,0,0,1.7881393432617188e-07
wands,C0,112,False,False,0,0,1.7881393432617188e-07
wands,C0,113,False,False,0,0,1.7881393432617188e-07
wands,C0,114,False,False,0,0,1.7881393432617188e-07
wands,C0,115,False,False,0,0,2.384185791015625e-07
wands,C0,116,False,False,0,0,2.384185791015625e-07
wands,C0,117,False,False,0,0,2.384185791015625e-07
wands,C0,118,False,False,0,0,1.7881393432617188e-07
wands,C0,119,False,False,0,0,1.7881393432617188e-07
wands,C0,120,False,False,0,0,1.7881393432617188e-07
wands,C0,121,False,False,0,0,1.7881393432617188e-07
wands,C0,122,False,False,0,0,1.7881393432617188e-07
wands,C0,123,False,False,0,0,1.7881393432617188e-07
wands,C0,124,False,False,0,0,2.980232238769531e-07
wands,C0,125,False,False,0,0,1.1920928955078125e-07
wands,C0,126,False,False,0,0,1.7881393432617188e-07
wands,C0,127,False,False,0,0,1.7881393432617188e-07
wands,C0,128,False,False,0,0,1.7881393432617188e-07
wands,C0,129,False,False,0,0,1.1920928955078125e-07
wands,C0,130,False,False,0,0,1.7881393432617188e-07
wands,C0,131,False,False,0,0,1.7881393432617188e-07
wands,C0,132,False,False,0,0,2.384185791015625e-07
wands,C0,133,False,False,0,0,1.7881393432617188e-07
wands,C0,134,False,False,0,0,2.384185791015625e-07
wands,C0,135,False,False,0,0,2.384185791015625e-07
wands,C0,136,False,True,0,0,1.1920928955078125e-07
wands,C0,137,False,False,0,0,1.7881393432617188e-07
wands,C0,138,False,False,0,0,1.7881393432617188e-07
wands,C0,139,False,False,0,0,2.384185791015625e-07
wands,C0,140,False,False,0,0,1.7881393432617188e-07
wands,C0,141,False,False,0,0,1.7881393432617188e-07
wands,C0,142,False,False,0,0,2.384185791015625e-07
wands,C0,143,False,False,0,0,2.384185791015625e-07
wands,C0,144,False,False,0,0,2.384185791015625e-07
wands,C0,145,False,False,0,0,1.7881393432617188e-07
wands,C0,146,False,False,0,0,1.7881393432617188e-07
wands,C0,147,False,False,0,0,1.1920928955078125e-07
wands,C0,148,False,False,0,0,1.7881393432617188e-07
wands,C0,149,False,False,0,0,1.7881393432617188e-07
wands,C0,150,False,False,0,0,1.7881393432617188e-07
wands,C0,151,False,False,0,0,2.384185791015625e-07
wands,C0,152,False,False,0,0,1.7881393432617188e-07
wands,C0,153,False,False,0,0,1.7881393432617188e-07
wands,C0,155,False,False,0,0,1.7881393432617188e-07
wands,C0,156,False,False,0,0,1.7881393432617188e-07
wands,C0,157,False,False,0,0,1.7881393432617188e-07
wands,C0,158,False,False,0,0,1.7881393432617188e-07
wands,C0,159,False,False,0,0,1.7881393432617188e-07
wands,C0,160,False,False,0,0,1.7881393432617188e-07
wands,C0,161,False,False,0,0,1.7881393432617188e-07
wands,C0,162,False,False,0,0,1.7881393432617188e-07
wands,C0,163,False,False,0,0,2.384185791015625e-07
wands,C0,164,False,False,0,0,1.7881393432617188e-07
wands,C0,165,False,False,0,0,1.7881393432617188e-07
wands,C0,166,False,False,0,0,1.7881393432617188e-07
wands,C0,167,False,False,0,0,1.7881393432617188e-07
wands,C0,168,False,False,0,0,1.7881393432617188e-07
wands,C0,169,False,False,0,0,1.7881393432617188e-07
wands,C0,170,False,False,0,0,1.7881393432617188e-07
wands,C0,171,False,False,0,0,1.7881393432617188e-07
wands,C0,172,False,False,0,0,1.7881393432617188e-07
wands,C0,173,False,False,0,0,1.7881393432617188e-07
wands,C0,174,False,False,0,0,2.384185791015625e-07
wands,C0,175,False,False,0,0,2.384185791015625e-07
wands,C0,176,False,False,0,0,1.7881393432617188e-07
wands,C0,177,False,False,0,0,1.7881393432617188e-07
wands,C0,178,False,False,0,0,1.7881393432617188e-07
wands,C0,179,False,False,0,0,1.1920928955078125e-07
wands,C0,180,False,False,0,0,2.384185791015625e-07
wands,C0,181,False,False,0,0,1.7881393432617188e-07
wands,C0,182,False,False,0,0,2.980232238769531e-07
wands,C0,183,False,False,0,0,1.7881393432617188e-07
wands,C0,184,False,False,0,0,1.7881393432617188e-07
wands,C0,185,False,False,0,0,1.7881393432617188e-07
wands,C0,186,False,False,0,0,1.7881393432617188e-07
wands,C0,188,False,False,0,0,1.7881393432617188e-07
wands,C0,189,False,False,0,0,1.7881393432617188e-07
wands,C0,190,False,False,0,0,1.7881393432617188e-07
wands,C0,191,False,False,0,0,1.7881393432617188e-07
wands,C0,193,False,False,0,0,2.980232238769531e-07
wands,C0,194,False,False,0,0,1.1920928955078125e-07
wands,C0,195,False,False,0,0,1.7881393432617188e-07
wands,C0,196,False,False,0,0,1.7881393432617188e-07
wands,C0,197,False,False,0,0,1.7881393432617188e-07
wands,C0,198,False,False,0,0,1.7881393432617188e-07
wands,C0,199,False,False,0,0,1.1920928955078125e-07
wands,C0,200,False,False,0,0,2.384185791015625e-07
wands,C0,201,False,False,0,0,1.7881393432617188e-07
wands,C0,202,False,False,0,0,1.7881393432617188e-07
wands,C0,203,False,False,0,0,1.7881393432617188e-07
wands,C0,204,False,False,0,0,2.384185791015625e-07
wands,C0,205,False,False,0,0,1.7881393432617188e-07
wands,C0,206,False,False,0,0,1.7881393432617188e-07
wands,C0,207,False,False,0,0,2.384185791015625e-07
wands,C0,208,False,False,0,0,1.7881393432617188e-07
wands,C0,209,False,False,0,0,1.7881393432617188e-07
wands,C0,210,False,False,0,0,2.384185791015625e-07
wands,C0,211,False,False,0,0,1.1920928955078125e-07
wands,C0,212,False,False,0,0,2.384185791015625e-07
wands,C0,213,False,False,0,0,1.7881393432617188e-07
wands,C0,214,False,False,0,0,1.7881393432617188e-07
wands,C0,215,False,False,0,0,1.7881393432617188e-07
wands,C0,216,False,False,0,0,1.7881393432617188e-07
wands,C0,218,False,False,0,0,1.7881393432617188e-07
wands,C0,219,False,False,0,0,2.384185791015625e-07
wands,C0,220,False,False,0,0,1.7881393432617188e-07
wands,C0,221,False,False,0,0,2.384185791015625e-07
wands,C0,222,False,False,0,0,1.7881393432617188e-07
wands,C0,223,False,False,0,0,1.1920928955078125e-07
wands,C0,224,False,False,0,0,1.7881393432617188e-07
wands,C0,225,False,False,0,0,2.384185791015625e-07
wands,C0,226,False,False,0,0,2.384185791015625e-07
wands,C0,227,False,False,0,0,1.7881393432617188e-07
wands,C0,228,False,False,0,0,1.7881393432617188e-07
wands,C0,229,False,False,0,0,1.7881393432617188e-07
wands,C0,230,False,False,0,0,1.1920928955078125e-07
wands,C0,231,False,False,0,0,1.7881393432617188e-07
wands,C0,232,False,True,0,0,2.384185791015625e-07
wands,C0,233,False,False,0,0,1.7881393432617188e-07
wands,C0,234,False,False,0,0,2.384185791015625e-07
wands,C0,235,False,False,0,0,1.7881393432617188e-07
wands,C0,236,False,False,0,0,1.7881393432617188e-07
wands,C0,237,False,False,0,0,1.7881393432617188e-07
wands,C0,238,False,False,0,0,2.384185791015625e-07
wands,C0,239,False,False,0,0,1.1920928955078125e-07
wands,C0,240,False,False,0,0,1.7881393432617188e-07
wands,C0,241,False,False,0,0,2.384185791015625e-07
wands,C0,242,False,False,0,0,2.384185791015625e-07
wands,C0,243,False,False,0,0,2.384185791015625e-07
wands,C0,244,False,False,0,0,1.7881393432617188e-07
wands,C0,245,False,False,0,0,1.7881393432617188e-07
wands,C0,246,False,False,0,0,1.7881393432617188e-07
wands,C0,247,False,False,0,0,2.384185791015625e-07
wands,C0,248,False,False,0,0,1.1920928955078125e-07
wands,C0,249,False,False,0,0,1.7881393432617188e-07
wands,C0,250,False,False,0,0,1.7881393432617188e-07
wands,C0,251,False,False,0,0,1.7881393432617188e-07
wands,C0,252,False,False,0,0,1.7881393432617188e-07
wands,C0,253,False,False,0,0,1.7881393432617188e-07
wands,C0,254,False,False,0,0,1.7881393432617188e-07
wands,C0,255,False,False,0,0,1.7881393432617188e-07
wands,C0,256,False,False,0,0,1.7881393432617188e-07
wands,C0,257,False,False,0,0,1.7881393432617188e-07
wands,C0,258,False,False,0,0,1.7881393432617188e-07
wands,C0,259,False,False,0,0,1.7881393432617188e-07
wands,C0,260,False,False,0,0,2.384185791015625e-07
wands,C0,261,False,False,0,0,1.7881393432617188e-07
wands,C0,262,False,False,0,0,2.384185791015625e-07
wands,C0,263,False,False,0,0,2.384185791015625e-07
wands,C0,264,False,False,0,0,2.384185791015625e-07
wands,C0,265,False,False,0,0,1.1920928955078125e-07
wands,C0,266,False,False,0,0,1.7881393432617188e-07
wands,C0,267,False,False,0,0,2.384185791015625e-07
wands,C0,268,False,False,0,0,1.7881393432617188e-07
wands,C0,269,False,False,0,0,2.384185791015625e-07
wands,C0,270,False,False,0,0,1.7881393432617188e-07
wands,C0,271,False,False,0,0,1.7881393432617188e-07
wands,C0,272,False,False,0,0,1.1920928955078125e-07
wands,C0,273,False,False,0,0,1.7881393432617188e-07
wands,C0,274,False,False,0,0,2.980232238769531e-07
wands,C0,275,False,False,0,0,1.7881393432617188e-07
wands,C0,276,False,False,0,0,1.7881393432617188e-07
wands,C0,277,False,False,0,0,2.384185791015625e-07
wands,C0,278,False,False,0,0,1.7881393432617188e-07
wands,C0,279,False,False,0,0,1.7881393432617188e-07
wands,C0,280,False,False,0,0,1.7881393432617188e-07
wands,C0,281,False,False,0,0,1.7881393432617188e-07
wands,C0,282,False,False,0,0,1.7881393432617188e-07
wands,C0,283,False,False,0,0,1.7881393432617188e-07
wands,C0,284,False,False,0,0,1.7881393432617188e-07
wands,C0,285,False,False,0,0,1.7881393432617188e-07
wands,C0,286,False,False,0,0,1.7881393432617188e-07
wands,C0,287,False,False,0,0,2.384185791015625e-07
wands,C0,288,False,False,0,0,1.7881393432617188e-07
wands,C0,289,False,False,0,0,1.7881393432617188e-07
wands,C0,290,False,False,0,0,1.7881393432617188e-07
wands,C0,291,False,False,0,0,1.7881393432617188e-07
wands,C0,292,False,False,0,0,1.7881393432617188e-07
wands,C0,293,False,False,0,0,1.7881393432617188e-07
wands,C0,294,False,False,0,0,2.384185791015625e-07
wands,C0,295,False,False,0,0,1.7881393432617188e-07
wands,C0,296,False,False,0,0,2.384185791015625e-07
wands,C0,297,False,False,0,0,1.7881393432617188e-07
wands,C0,298,False,False,0,0,1.7881393432617188e-07
wands,C0,300,False,False,0,0,1.7881393432617188e-07
wands,C0,301,False,False,0,0,2.384185791015625e-07
wands,C0,302,False,False,0,0,1.7881393432617188e-07
wands,C0,303,False,False,0,0,1.7881393432617188e-07
wands,C0,304,False,False,0,0,1.1920928955078125e-07
wands,C0,305,False,False,0,0,1.7881393432617188e-07
wands,C0,306,False,False,0,0,2.384185791015625e-07
wands,C0,307,False,False,0,0,2.384185791015625e-07
wands,C0,308,False,False,0,0,1.1920928955078125e-07
wands,C0,309,False,False,0,0,1.1920928955078125e-07
wands,C0,310,False,False,0,0,1.7881393432617188e-07
wands,C0,311,False,False,0,0,1.7881393432617188e-07
wands,C0,312,False,False,0,0,2.384185791015625e-07
wands,C0,313,False,False,0,0,1.1920928955078125e-07
wands,C0,314,False,False,0,0,1.7881393432617188e-07
wands,C0,315,False,False,0,0,1.7881393432617188e-07
wands,C0,316,False,False,0,0,2.384185791015625e-07
wands,C0,317,False,False,0,0,2.384185791015625e-07
wands,C0,318,False,True,0,0,1.7881393432617188e-07
wands,C0,319,False,False,0,0,1.7881393432617188e-07
wands,C0,320,False,False,0,0,1.7881393432617188e-07
wands,C0,321,False,False,0,0,1.7881393432617188e-07
wands,C0,322,False,False,0,0,1.7881393432617188e-07
wands,C0,323,False,False,0,0,1.7881393432617188e-07
wands,C0,324,False,False,0,0,1.1920928955078125e-07
wands,C0,325,False,False,0,0,1.7881393432617188e-07
wands,C0,326,False,False,0,0,2.384185791015625e-07
wands,C0,327,False,False,0,0,1.7881393432617188e-07
wands,C0,328,False,False,0,0,2.384185791015625e-07
wands,C0,329,False,False,0,0,1.1920928955078125e-07
wands,C0,330,False,False,0,0,1.7881393432617188e-07
wands,C0,331,False,False,0,0,1.7881393432617188e-07
wands,C0,332,False,False,0,0,1.7881393432617188e-07
wands,C0,333,False,False,0,0,2.384185791015625e-07
wands,C0,334,False,False,0,0,1.7881393432617188e-07
wands,C0,335,False,False,0,0,1.1920928955078125e-07
wands,C0,336,False,False,0,0,1.7881393432617188e-07
wands,C0,337,False,False,0,0,1.1920928955078125e-07
wands,C0,338,False,False,0,0,1.7881393432617188e-07
wands,C0,339,False,False,0,0,1.1920928955078125e-07
wands,C0,340,False,False,0,0,1.7881393432617188e-07
wands,C0,341,False,False,0,0,1.7881393432617188e-07
wands,C0,342,False,False,0,0,1.7881393432617188e-07
wands,C0,343,False,False,0,0,1.7881393432617188e-07
wands,C0,344,False,False,0,0,1.7881393432617188e-07
wands,C0,345,False,False,0,0,2.384185791015625e-07
wands,C0,346,False,False,0,0,1.7881393432617188e-07
wands,C0,347,False,False,0,0,1.7881393432617188e-07
wands,C0,348,False,False,0,0,1.1920928955078125e-07
wands,C0,349,False,False,0,0,1.1920928955078125e-07
wands,C0,351,False,False,0,0,1.1920928955078125e-07
wands,C0,352,False,False,0,0,1.4901161193847656e-07
wands,C0,353,False,False,0,0,1.7881393432617188e-07
wands,C0,354,False,False,0,0,1.7881393432617188e-07
wands,C0,355,False,False,0,0,1.1920928955078125e-07
wands,C0,356,False,False,0,0,2.384185791015625e-07
wands,C0,357,False,False,0,0,1.7881393432617188e-07
wands,C0,358,False,False,0,0,1.7881393432617188e-07
wands,C0,359,False,False,0,0,1.7881393432617188e-07
wands,C0,360,False,False,0,0,1.7881393432617188e-07
wands,C0,361,False,False,0,0,1.1920928955078125e-07
wands,C0,362,False,False,0,0,1.7881393432617188e-07
wands,C0,363,False,False,0,0,1.7881393432617188e-07
wands,C0,364,False,False,0,0,1.4901161193847656e-07
wands,C0,365,False,False,0,0,1.1920928955078125e-07
wands,C0,366,False,True,0,0,1.1920928955078125e-07
wands,C0,367,False,False,0,0,1.7881393432617188e-07
wands,C0,368,False,False,0,0,1.7881393432617188e-07
wands,C0,369,False,False,0,0,1.7881393432617188e-07
wands,C0,370,False,False,0,0,1.7881393432617188e-07
wands,C0,371,False,False,0,0,1.7881393432617188e-07
wands,C0,372,False,False,0,0,1.7881393432617188e-07
wands,C0,373,False,False,0,0,1.7881393432617188e-07
wands,C0,374,False,False,0,0,1.7881393432617188e-07
wands,C0,375,False,False,0,0,2.384185791015625e-07
wands,C0,376,False,False,0,0,2.384185791015625e-07
wands,C0,377,False,False,0,0,1.7881393432617188e-07
wands,C0,378,False,False,0,0,2.384185791015625e-07
wands,C0,379,False,False,0,0,1.7881393432617188e-07
wands,C0,380,False,False,0,0,1.7881393432617188e-07
wands,C0,381,False,False,0,0,1.7881393432617188e-07
wands,C0,382,False,False,0,0,1.1920928955078125e-07
wands,C0,383,False,False,0,0,1.1920928955078125e-07
wands,C0,384,False,False,0,0,2.384185791015625e-07
wands,C0,385,False,False,0,0,1.7881393432617188e-07
wands,C0,386,False,False,0,0,1.7881393432617188e-07
wands,C0,387,False,False,0,0,1.7881393432617188e-07
wands,C0,388,False,False,0,0,2.384185791015625e-07
wands,C0,389,False,False,0,0,1.7881393432617188e-07
wands,C0,390,False,False,0,0,2.384185791015625e-07
wands,C0,391,False,False,0,0,2.384185791015625e-07
wands,C0,392,False,False,0,0,1.1920928955078125e-07
wands,C0,393,False,False,0,0,1.7881393432617188e-07
wands,C0,394,False,False,0,0,1.7881393432617188e-07
wands,C0,395,False,False,0,0,1.7881393432617188e-07
wands,C0,396,False,False,0,0,2.384185791015625e-07
wands,C0,397,False,False,0,0,1.7881393432617188e-07
wands,C0,398,False,False,0,0,1.1920928955078125e-07
wands,C0,399,False,False,0,0,1.1920928955078125e-07
wands,C0,400,False,False,0,0,1.7881393432617188e-07
wands,C0,401,False,False,0,0,1.1920928955078125e-07
wands,C0,402,False,False,0,0,1.7881393432617188e-07
wands,C0,403,False,False,0,0,1.7881393432617188e-07
wands,C0,404,False,False,0,0,2.384185791015625e-07
wands,C0,405,False,False,0,0,1.7881393432617188e-07
wands,C0,406,False,False,0,0,1.7881393432617188e-07
wands,C0,407,False,False,0,0,1.7881393432617188e-07
wands,C0,408,False,False,0,0,1.7881393432617188e-07
wands,C0,409,False,False,0,0,1.7881393432617188e-07
wands,C0,410,False,False,0,0,1.7881393432617188e-07
wands,C0,411,False,False,0,0,1.7881393432617188e-07
wands,C0,412,False,False,0,0,2.384185791015625e-07
wands,C0,413,False,False,0,0,2.980232238769531e-07
wands,C0,414,False,False,0,0,1.7881393432617188e-07
wands,C0,415,False,False,0,0,1.7881393432617188e-07
wands,C0,416,False,False,0,0,2.384185791015625e-07
wands,C0,417,False,False,0,0,1.7881393432617188e-07
wands,C0,418,False,False,0,0,2.384185791015625e-07
wands,C0,419,False,False,0,0,2.384185791015625e-07
wands,C0,420,False,False,0,0,1.1920928955078125e-07
wands,C0,421,False,False,0,0,1.7881393432617188e-07
wands,C0,422,False,False,0,0,2.384185791015625e-07
wands,C0,423,False,False,0,0,2.384185791015625e-07
wands,C0,424,False,False,0,0,1.7881393432617188e-07
wands,C0,425,False,False,0,0,1.7881393432617188e-07
wands,C0,426,False,False,0,0,1.7881393432617188e-07
wands,C0,427,False,False,0,0,1.7881393432617188e-07
wands,C0,428,False,False,0,0,1.7881393432617188e-07
wands,C0,429,False,False,0,0,1.7881393432617188e-07
wands,C0,430,False,False,0,0,1.7881393432617188e-07
wands,C0,431,False,False,0,0,2.384185791015625e-07
wands,C0,432,False,False,0,0,1.7881393432617188e-07
wands,C0,433,False,False,0,0,2.384185791015625e-07
wands,C0,434,False,False,0,0,1.7881393432617188e-07
wands,C0,435,False,False,0,0,1.7881393432617188e-07
wands,C0,436,False,True,0,0,1.7881393432617188e-07
wands,C0,437,False,False,0,0,2.384185791015625e-07
wands,C0,438,False,False,0,0,1.7881393432617188e-07
wands,C0,439,False,False,0,0,1.7881393432617188e-07
wands,C0,440,False,False,0,0,1.7881393432617188e-07
wands,C0,441,False,False,0,0,1.7881393432617188e-07
wands,C0,442,False,False,0,0,1.7881393432617188e-07
wands,C0,443,False,False,0,0,1.7881393432617188e-07
wands,C0,444,False,False,0,0,2.384185791015625e-07
wands,C0,445,False,False,0,0,2.384185791015625e-07
wands,C0,446,False,False,0,0,2.384185791015625e-07
wands,C0,447,False,False,0,0,1.7881393432617188e-07
wands,C0,448,False,False,0,0,1.7881393432617188e-07
wands,C0,449,False,False,0,0,2.384185791015625e-07
wands,C0,451,False,False,0,0,1.7881393432617188e-07
wands,C0,452,False,False,0,0,1.7881393432617188e-07
wands,C0,453,False,False,0,0,2.384185791015625e-07
wands,C0,454,False,False,0,0,1.7881393432617188e-07
wands,C0,455,False,False,0,0,1.7881393432617188e-07
wands,C0,456,False,False,0,0,1.7881393432617188e-07
wands,C0,457,False,False,0,0,1.7881393432617188e-07
wands,C0,458,False,False,0,0,1.7881393432617188e-07
wands,C0,459,False,False,0,0,1.1920928955078125e-07
wands,C0,460,False,False,0,0,1.1920928955078125e-07
wands,C0,461,False,False,0,0,1.7881393432617188e-07
wands,C0,462,False,False,0,0,2.384185791015625e-07
wands,C0,463,False,False,0,0,2.384185791015625e-07
wands,C0,464,False,False,0,0,1.7881393432617188e-07
wands,C0,465,False,False,0,0,1.7881393432617188e-07
wands,C0,466,False,False,0,0,1.7881393432617188e-07
wands,C0,467,False,False,0,0,1.7881393432617188e-07
wands,C0,468,False,False,0,0,1.7881393432617188e-07
wands,C0,469,False,False,0,0,1.7881393432617188e-07
wands,C0,470,False,False,0,0,1.7881393432617188e-07
wands,C0,471,False,False,0,0,1.7881393432617188e-07
wands,C0,472,False,False,0,0,2.384185791015625e-07
wands,C0,473,False,False,0,0,1.7881393432617188e-07
wands,C0,474,False,False,0,0,2.384185791015625e-07
wands,C0,475,False,False,0,0,2.384185791015625e-07
wands,C0,476,False,False,0,0,1.7881393432617188e-07
wands,C0,478,False,False,0,0,2.384185791015625e-07
wands,C0,479,False,False,0,0,1.7881393432617188e-07
wands,C0,480,False,False,0,0,1.7881393432617188e-07
wands,C0,481,False,False,0,0,2.384185791015625e-07
wands,C0,482,False,False,0,0,1.7881393432617188e-07
wands,C0,483,False,False,0,0,1.7881393432617188e-07
wands,C0,484,False,False,0,0,1.7881393432617188e-07
wands,C0,485,False,False,0,0,1.7881393432617188e-07
wands,C0,486,False,False,0,0,1.7881393432617188e-07
wands,C0,487,False,False,0,0,1.7881393432617188e-07
wands,C1,0,False,False,0,0,2.384185791015625e-07
wands,C1,1,False,False,0,0,1.7881393432617188e-07
wands,C1,2,False,False,0,0,1.7881393432617188e-07
wands,C1,3,False,False,0,0,1.7881393432617188e-07
wands,C1,4,False,False,0,0,2.384185791015625e-07
wands,C1,5,False,False,0,0,1.7881393432617188e-07
wands,C1,6,False,False,0,0,1.7881393432617188e-07
wands,C1,7,False,False,0,0,2.384185791015625e-07
wands,C1,8,False,False,0,0,1.7881393432617188e-07
wands,C1,9,False,False,0,0,1.7881393432617188e-07
wands,C1,10,False,False,0,0,1.7881393432617188e-07
wands,C1,11,False,False,0,0,2.384185791015625e-07
wands,C1,12,False,False,0,0,1.7881393432617188e-07
wands,C1,13,False,False,0,0,2.384185791015625e-07
wands,C1,14,False,False,0,0,2.384185791015625e-07
wands,C1,15,False,False,0,0,1.7881393432617188e-07
wands,C1,16,False,False,0,0,1.7881393432617188e-07
wands,C1,17,False,False,0,0,2.384185791015625e-07
wands,C1,18,False,False,0,0,1.7881393432617188e-07
wands,C1,19,False,False,0,0,1.1920928955078125e-07
wands,C1,20,False,False,0,0,1.7881393432617188e-07
wands,C1,21,False,False,0,0,1.7881393432617188e-07
wands,C1,22,False,False,0,0,2.384185791015625e-07
wands,C1,23,False,False,0,0,1.7881393432617188e-07
wands,C1,24,False,False,0,0,2.384185791015625e-07
wands,C1,25,False,False,0,0,1.7881393432617188e-07
wands,C1,26,False,False,0,0,2.980232238769531e-07
wands,C1,27,False,False,0,0,1.7881393432617188e-07
wands,C1,28,False,False,0,0,1.7881393432617188e-07
wands,C1,29,False,False,0,0,1.7881393432617188e-07
wands,C1,30,False,False,0,0,2.384185791015625e-07
wands,C1,31,False,False,0,0,2.384185791015625e-07
wands,C1,32,False,False,0,0,1.7881393432617188e-07
wands,C1,33,False,False,0,0,1.7881393432617188e-07
wands,C1,34,False,False,0,0,2.980232238769531e-07
wands,C1,35,False,False,0,0,1.7881393432617188e-07
wands,C1,36,False,False,0,0,1.7881393432617188e-07
wands,C1,37,False,False,0,0,2.384185791015625e-07
wands,C1,38,False,False,0,0,2.384185791015625e-07
wands,C1,39,False,False,0,0,1.7881393432617188e-07
wands,C1,40,False,False,0,0,2.980232238769531e-07
wands,C1,41,False,False,0,0,1.7881393432617188e-07
wands,C1,42,False,False,0,0,1.7881393432617188e-07
wands,C1,43,False,False,0,0,1.7881393432617188e-07
wands,C1,44,False,False,0,0,1.7881393432617188e-07
wands,C1,45,False,False,0,0,1.7881393432617188e-07
wands,C1,46,False,False,0,0,1.7881393432617188e-07
wands,C1,47,False,False,0,0,1.7881393432617188e-07
wands,C1,48,False,False,0,0,2.384185791015625e-07
wands,C1,49,False,False,0,0,1.7881393432617188e-07
wands,C1,50,False,False,0,0,1.7881393432617188e-07
wands,C1,51,False,False,0,0,1.7881393432617188e-07
wands,C1,52,False,False,0,0,2.384185791015625e-07
wands,C1,53,False,False,0,0,1.7881393432617188e-07
wands,C1,54,False,False,0,0,1.7881393432617188e-07
wands,C1,55,False,False,0,0,1.7881393432617188e-07
wands,C1,56,False,False,0,0,2.384185791015625e-07
wands,C1,57,False,False,0,0,1.7881393432617188e-07
wands,C1,58,False,False,0,0,1.7881393432617188e-07
wands,C1,59,False,False,0,0,1.7881393432617188e-07
wands,C1,60,False,False,0,0,1.1920928955078125e-07
wands,C1,61,False,False,0,0,1.7881393432617188e-07
wands,C1,62,False,False,0,0,1.7881393432617188e-07
wands,C1,63,False,False,0,0,1.7881393432617188e-07
wands,C1,64,False,False,0,0,1.1920928955078125e-07
wands,C1,65,False,False,0,0,2.384185791015625e-07
wands,C1,66,False,False,0,0,1.1920928955078125e-07
wands,C1,67,False,False,0,0,1.1920928955078125e-07
wands,C1,68,False,False,0,0,1.7881393432617188e-07
wands,C1,69,False,False,0,0,1.7881393432617188e-07
wands,C1,70,False,False,0,0,1.7881393432617188e-07
wands,C1,71,False,False,0,0,2.384185791015625e-07
wands,C1,72,False,False,0,0,2.384185791015625e-07
wands,C1,73,False,False,0,0,1.7881393432617188e-07
wands,C1,74,False,False,0,0,8.940696716308594e-08
wands,C1,75,False,False,0,0,1.7881393432617188e-07
wands,C1,76,False,False,0,0,1.7881393432617188e-07
wands,C1,77,False,False,0,0,1.1920928955078125e-07
wands,C1,78,False,False,0,0,2.384185791015625e-07
wands,C1,79,False,False,0,0,1.7881393432617188e-07
wands,C1,80,False,False,0,0,1.7881393432617188e-07
wands,C1,81,False,False,0,0,1.7881393432617188e-07
wands,C1,82,False,False,0,0,1.7881393432617188e-07
wands,C1,83,False,True,0,0,1.7881393432617188e-07
wands,C1,84,False,True,0,0,1.7881393432617188e-07
wands,C1,85,False,False,0,0,1.1920928955078125e-07
wands,C1,86,False,False,0,0,1.7881393432617188e-07
wands,C1,87,False,False,0,0,1.7881393432617188e-07
wands,C1,88,False,False,0,0,1.7881393432617188e-07
wands,C1,89,False,False,0,0,1.1920928955078125e-07
wands,C1,90,False,False,0,0,1.7881393432617188e-07
wands,C1,91,False,False,0,0,1.7881393432617188e-07
wands,C1,92,False,False,0,0,1.7881393432617188e-07
wands,C1,93,False,False,0,0,1.7881393432617188e-07
wands,C1,94,False,False,0,0,2.980232238769531e-07
wands,C1,95,False,False,0,0,2.384185791015625e-07
wands,C1,96,False,False,0,0,2.384185791015625e-07
wands,C1,97,False,False,0,0,1.7881393432617188e-07
wands,C1,98,False,False,0,0,1.7881393432617188e-07
wands,C1,99,False,False,0,0,1.7881393432617188e-07
wands,C1,100,False,False,0,0,1.7881393432617188e-07
wands,C1,101,False,False,0,0,1.7881393432617188e-07
wands,C1,102,False,False,0,0,1.7881393432617188e-07
wands,C1,103,False,False,0,0,2.384185791015625e-07
wands,C1,104,False,False,0,0,1.7881393432617188e-07
wands,C1,105,False,False,0,0,2.384185791015625e-07
wands,C1,106,False,False,0,0,1.7881393432617188e-07
wands,C1,107,False,False,0,0,1.7881393432617188e-07
wands,C1,108,False,False,0,0,1.7881393432617188e-07
wands,C1,109,False,False,0,0,1.7881393432617188e-07
wands,C1,110,False,False,0,0,2.384185791015625e-07
wands,C1,111,False,False,0,0,1.7881393432617188e-07
wands,C1,112,False,False,0,0,1.7881393432617188e-07
wands,C1,113,False,False,0,0,1.7881393432617188e-07
wands,C1,114,False,False,0,0,1.7881393432617188e-07
wands,C1,115,False,False,0,0,1.7881393432617188e-07
wands,C1,116,False,False,0,0,1.7881393432617188e-07
wands,C1,117,False,False,0,0,1.7881393432617188e-07
wands,C1,118,False,False,0,0,1.7881393432617188e-07
wands,C1,119,False,False,0,0,1.7881393432617188e-07
wands,C1,120,False,False,0,0,1.7881393432617188e-07
wands,C1,121,False,False,0,0,1.7881393432617188e-07
wands,C1,122,False,False,0,0,1.7881393432617188e-07
wands,C1,123,False,False,0,0,1.7881393432617188e-07
wands,C1,124,False,False,0,0,2.384185791015625e-07
wands,C1,125,False,False,0,0,1.7881393432617188e-07
wands,C1,126,False,False,0,0,2.384185791015625e-07
wands,C1,127,False,False,0,0,1.7881393432617188e-07
wands,C1,128,False,False,0,0,1.7881393432617188e-07
wands,C1,129,False,False,0,0,1.7881393432617188e-07
wands,C1,130,False,False,0,0,1.7881393432617188e-07
wands,C1,131,False,False,0,0,2.384185791015625e-07
wands,C1,132,False,False,0,0,1.7881393432617188e-07
wands,C1,133,False,False,0,0,1.7881393432617188e-07
wands,C1,134,False,False,0,0,1.7881393432617188e-07
wands,C1,135,False,False,0,0,1.7881393432617188e-07
wands,C1,136,False,False,0,0,1.7881393432617188e-07
wands,C1,137,False,False,0,0,2.384185791015625e-07
wands,C1,138,False,False,0,0,1.7881393432617188e-07
wands,C1,139,False,False,0,0,1.7881393432617188e-07
wands,C1,140,False,False,0,0,1.7881393432617188e-07
wands,C1,141,False,False,0,0,2.384185791015625e-07
wands,C1,142,False,False,0,0,1.7881393432617188e-07
wands,C1,143,False,False,0,0,2.384185791015625e-07
wands,C1,144,False,False,0,0,2.384185791015625e-07
wands,C1,145,False,False,0,0,1.1920928955078125e-07
wands,C1,146,False,False,0,0,1.7881393432617188e-07
wands,C1,147,False,False,0,0,1.7881393432617188e-07
wands,C1,148,False,False,0,0,1.7881393432617188e-07
wands,C1,149,False,False,0,0,1.1920928955078125e-07
wands,C1,150,False,False,0,0,2.980232238769531e-07
wands,C1,151,False,False,0,0,1.7881393432617188e-07
wands,C1,152,False,False,0,0,2.384185791015625e-07
wands,C1,153,False,False,0,0,1.7881393432617188e-07
wands,C1,155,False,False,0,0,1.7881393432617188e-07
wands,C1,156,False,False,0,0,1.7881393432617188e-07
wands,C1,157,False,False,0,0,1.7881393432617188e-07
wands,C1,158,False,False,0,0,1.7881393432617188e-07
wands,C1,159,False,False,0,0,1.7881393432617188e-07
wands,C1,160,False,False,0,0,1.7881393432617188e-07
wands,C1,161,False,False,0,0,2.384185791015625e-07
wands,C1,162,False,False,0,0,1.7881393432617188e-07
wands,C1,163,False,False,0,0,1.1920928955078125e-07
wands,C1,164,False,False,0,0,1.7881393432617188e-07
wands,C1,165,False,False,0,0,1.7881393432617188e-07
wands,C1,166,False,False,0,0,1.7881393432617188e-07
wands,C1,167,False,False,0,0,1.1920928955078125e-07
wands,C1,168,False,False,0,0,2.384185791015625e-07
wands,C1,169,False,False,0,0,1.7881393432617188e-07
wands,C1,170,False,True,0,0,1.7881393432617188e-07
wands,C1,171,False,False,0,0,1.7881393432617188e-07
wands,C1,172,False,False,0,0,1.7881393432617188e-07
wands,C1,173,False,False,0,0,1.1920928955078125e-07
wands,C1,174,False,False,0,0,1.7881393432617188e-07
wands,C1,175,False,False,0,0,1.7881393432617188e-07
wands,C1,176,False,False,0,0,1.1920928955078125e-07
wands,C1,177,False,False,0,0,1.7881393432617188e-07
wands,C1,178,False,False,0,0,1.7881393432617188e-07
wands,C1,179,False,False,0,0,1.4901161193847656e-07
wands,C1,180,False,False,0,0,2.384185791015625e-07
wands,C1,181,False,False,0,0,1.7881393432617188e-07
wands,C1,182,False,False,0,0,1.7881393432617188e-07
wands,C1,183,False,False,0,0,2.384185791015625e-07
wands,C1,184,False,False,0,0,2.384185791015625e-07
wands,C1,185,False,False,0,0,1.7881393432617188e-07
wands,C1,186,False,False,0,0,1.7881393432617188e-07
wands,C1,188,False,False,0,0,1.7881393432617188e-07
wands,C1,189,False,False,0,0,1.7881393432617188e-07
wands,C1,190,False,False,0,0,1.7881393432617188e-07
wands,C1,191,False,False,0,0,2.384185791015625e-07
wands,C1,193,False,False,0,0,1.7881393432617188e-07
wands,C1,194,False,False,0,0,1.7881393432617188e-07
wands,C1,195,False,False,0,0,1.7881393432617188e-07
wands,C1,196,False,False,0,0,1.7881393432617188e-07
wands,C1,197,False,False,0,0,1.7881393432617188e-07
wands,C1,198,False,False,0,0,1.7881393432617188e-07
wands,C1,199,False,False,0,0,2.384185791015625e-07
wands,C1,200,False,False,0,0,2.384185791015625e-07
wands,C1,201,False,False,0,0,1.7881393432617188e-07
wands,C1,202,False,False,0,0,1.7881393432617188e-07
wands,C1,203,False,False,0,0,1.1920928955078125e-07
wands,C1,204,False,False,0,0,2.384185791015625e-07
wands,C1,205,False,False,0,0,1.1920928955078125e-07
wands,C1,206,False,False,0,0,2.384185791015625e-07
wands,C1,207,False,False,0,0,1.7881393432617188e-07
wands,C1,208,False,False,0,0,1.7881393432617188e-07
wands,C1,209,False,False,0,0,1.7881393432617188e-07
wands,C1,210,False,False,0,0,1.7881393432617188e-07
wands,C1,211,False,False,0,0,1.7881393432617188e-07
wands,C1,212,False,False,0,0,2.384185791015625e-07
wands,C1,213,False,False,0,0,2.384185791015625e-07
wands,C1,214,False,False,0,0,1.7881393432617188e-07
wands,C1,215,False,False,0,0,1.7881393432617188e-07
wands,C1,216,False,False,0,0,1.7881393432617188e-07
wands,C1,218,False,False,0,0,1.7881393432617188e-07
wands,C1,219,False,False,0,0,1.7881393432617188e-07
wands,C1,220,False,False,0,0,1.7881393432617188e-07
wands,C1,221,False,False,0,0,1.7881393432617188e-07
wands,C1,222,False,False,0,0,1.7881393432617188e-07
wands,C1,223,False,False,0,0,1.7881393432617188e-07
wands,C1,224,False,False,0,0,1.7881393432617188e-07
wands,C1,225,False,False,0,0,1.1920928955078125e-07
wands,C1,226,False,False,0,0,2.384185791015625e-07
wands,C1,227,False,False,0,0,1.7881393432617188e-07
wands,C1,228,False,False,0,0,1.7881393432617188e-07
wands,C1,229,False,False,0,0,2.384185791015625e-07
wands,C1,230,False,False,0,0,1.7881393432617188e-07
wands,C1,231,False,False,0,0,2.384185791015625e-07
wands,C1,232,False,False,0,0,1.7881393432617188e-07
wands,C1,233,False,False,0,0,1.7881393432617188e-07
wands,C1,234,False,False,0,0,1.7881393432617188e-07
wands,C1,235,False,False,0,0,2.384185791015625e-07
wands,C1,236,False,False,0,0,1.7881393432617188e-07
wands,C1,237,False,False,0,0,1.7881393432617188e-07
wands,C1,238,False,False,0,0,2.384185791015625e-07
wands,C1,239,False,False,0,0,1.7881393432617188e-07
wands,C1,240,False,False,0,0,1.7881393432617188e-07
wands,C1,241,False,False,0,0,1.7881393432617188e-07
wands,C1,242,False,False,0,0,1.7881393432617188e-07
wands,C1,243,False,False,0,0,2.384185791015625e-07
wands,C1,244,False,False,0,0,1.7881393432617188e-07
wands,C1,245,False,False,0,0,1.7881393432617188e-07
wands,C1,246,False,False,0,0,1.7881393432617188e-07
wands,C1,247,False,False,0,0,1.7881393432617188e-07
wands,C1,248,False,False,0,0,1.7881393432617188e-07
wands,C1,249,False,False,0,0,1.7881393432617188e-07
wands,C1,250,False,False,0,0,1.7881393432617188e-07
wands,C1,251,False,False,0,0,1.7881393432617188e-07
wands,C1,252,False,False,0,0,1.7881393432617188e-07
wands,C1,253,False,False,0,0,2.384185791015625e-07
wands,C1,254,False,False,0,0,1.7881393432617188e-07
wands,C1,255,False,False,0,0,2.384185791015625e-07
wands,C1,256,False,False,0,0,1.7881393432617188e-07
wands,C1,257,False,False,0,0,1.7881393432617188e-07
wands,C1,258,False,False,0,0,1.7881393432617188e-07
wands,C1,259,False,False,0,0,1.7881393432617188e-07
wands,C1,260,False,False,0,0,2.384185791015625e-07
wands,C1,261,False,False,0,0,1.7881393432617188e-07
wands,C1,262,False,False,0,0,1.7881393432617188e-07
wands,C1,263,False,False,0,0,1.7881393432617188e-07
wands,C1,264,False,False,0,0,1.7881393432617188e-07
wands,C1,265,False,False,0,0,1.7881393432617188e-07
wands,C1,266,False,False,0,0,1.7881393432617188e-07
wands,C1,267,False,False,0,0,1.7881393432617188e-07
wands,C1,268,False,False,0,0,1.7881393432617188e-07
wands,C1,269,False,False,0,0,1.7881393432617188e-07
wands,C1,270,False,False,0,0,1.7881393432617188e-07
wands,C1,271,False,False,0,0,1.7881393432617188e-07
wands,C1,272,False,False,0,0,1.1920928955078125e-07
wands,C1,273,False,False,0,0,1.7881393432617188e-07
wands,C1,274,False,False,0,0,1.7881393432617188e-07
wands,C1,275,False,False,0,0,1.7881393432617188e-07
wands,C1,276,False,False,0,0,2.384185791015625e-07
wands,C1,277,False,False,0,0,1.7881393432617188e-07
wands,C1,278,False,False,0,0,1.7881393432617188e-07
wands,C1,279,False,False,0,0,1.7881393432617188e-07
wands,C1,280,False,False,0,0,1.7881393432617188e-07
wands,C1,281,False,False,0,0,1.7881393432617188e-07
wands,C1,282,False,False,0,0,1.7881393432617188e-07
wands,C1,283,False,False,0,0,1.7881393432617188e-07
wands,C1,284,False,False,0,0,1.7881393432617188e-07
wands,C1,285,False,False,0,0,1.7881393432617188e-07
wands,C1,286,False,False,0,0,1.7881393432617188e-07
wands,C1,287,False,False,0,0,2.384185791015625e-07
wands,C1,288,False,False,0,0,2.384185791015625e-07
wands,C1,289,False,False,0,0,1.7881393432617188e-07
wands,C1,290,False,False,0,0,1.7881393432617188e-07
wands,C1,291,False,False,0,0,1.7881393432617188e-07
wands,C1,292,False,False,0,0,2.384185791015625e-07
wands,C1,293,False,False,0,0,1.7881393432617188e-07
wands,C1,294,False,False,0,0,1.1920928955078125e-07
wands,C1,295,False,False,0,0,1.7881393432617188e-07
wands,C1,296,False,False,0,0,1.7881393432617188e-07
wands,C1,297,False,False,0,0,1.7881393432617188e-07
wands,C1,298,False,False,0,0,1.1920928955078125e-07
wands,C1,300,False,False,0,0,1.7881393432617188e-07
wands,C1,301,False,False,0,0,2.384185791015625e-07
wands,C1,302,False,False,0,0,1.7881393432617188e-07
wands,C1,303,False,False,0,0,1.7881393432617188e-07
wands,C1,304,False,False,0,0,1.1920928955078125e-07
wands,C1,305,False,False,0,0,2.384185791015625e-07
wands,C1,306,False,False,0,0,2.384185791015625e-07
wands,C1,307,False,False,0,0,1.7881393432617188e-07
wands,C1,308,False,False,0,0,1.7881393432617188e-07
wands,C1,309,False,False,0,0,1.7881393432617188e-07
wands,C1,310,False,True,0,0,1.7881393432617188e-07
wands,C1,311,False,False,0,0,1.7881393432617188e-07
wands,C1,312,False,False,0,0,2.384185791015625e-07
wands,C1,313,False,False,0,0,1.1920928955078125e-07
wands,C1,314,False,False,0,0,1.7881393432617188e-07
wands,C1,315,False,False,0,0,1.1920928955078125e-07
wands,C1,316,False,False,0,0,2.384185791015625e-07
wands,C1,317,False,False,0,0,1.7881393432617188e-07
wands,C1,318,False,False,0,0,1.7881393432617188e-07
wands,C1,319,False,False,0,0,2.384185791015625e-07
wands,C1,320,False,False,0,0,1.7881393432617188e-07
wands,C1,321,False,False,0,0,1.7881393432617188e-07
wands,C1,322,False,False,0,0,1.7881393432617188e-07
wands,C1,323,False,False,0,0,1.7881393432617188e-07
wands,C1,324,False,False,0,0,1.7881393432617188e-07
wands,C1,325,False,False,0,0,1.7881393432617188e-07
wands,C1,326,False,False,0,0,1.7881393432617188e-07
wands,C1,327,False,False,0,0,2.384185791015625e-07
wands,C1,328,False,False,0,0,1.7881393432617188e-07
wands,C1,329,False,False,0,0,1.1920928955078125e-07
wands,C1,330,False,False,0,0,1.1920928955078125e-07
wands,C1,331,False,False,0,0,1.7881393432617188e-07
wands,C1,332,False,False,0,0,1.7881393432617188e-07
wands,C1,333,False,False,0,0,1.7881393432617188e-07
wands,C1,334,False,True,0,0,1.1920928955078125e-07
wands,C1,335,False,False,0,0,1.7881393432617188e-07
wands,C1,336,False,False,0,0,1.7881393432617188e-07
wands,C1,337,False,False,0,0,1.1920928955078125e-07
wands,C1,338,False,False,0,0,1.7881393432617188e-07
wands,C1,339,False,False,0,0,1.7881393432617188e-07
wands,C1,340,False,False,0,0,1.7881393432617188e-07
wands,C1,341,False,False,0,0,2.384185791015625e-07
wands,C1,342,False,False,0,0,1.7881393432617188e-07
wands,C1,343,False,False,0,0,1.7881393432617188e-07
wands,C1,344,False,False,0,0,1.7881393432617188e-07
wands,C1,345,False,False,0,0,1.7881393432617188e-07
wands,C1,346,False,False,0,0,1.7881393432617188e-07
wands,C1,347,False,False,0,0,1.7881393432617188e-07
wands,C1,348,False,False,0,0,1.1920928955078125e-07
wands,C1,349,False,False,0,0,1.7881393432617188e-07
wands,C1,351,False,False,0,0,1.7881393432617188e-07
wands,C1,352,False,False,0,0,1.1920928955078125e-07
wands,C1,353,False,False,0,0,1.1920928955078125e-07
wands,C1,354,False,False,0,0,1.1920928955078125e-07
wands,C1,355,False,False,0,0,1.1920928955078125e-07
wands,C1,356,False,False,0,0,2.384185791015625e-07
wands,C1,357,False,False,0,0,1.7881393432617188e-07
wands,C1,358,False,False,0,0,1.1920928955078125e-07
wands,C1,359,False,False,0,0,1.7881393432617188e-07
wands,C1,360,False,False,0,0,1.7881393432617188e-07
wands,C1,361,False,False,0,0,1.1920928955078125e-07
wands,C1,362,False,False,0,0,1.7881393432617188e-07
wands,C1,363,False,False,0,0,1.7881393432617188e-07
wands,C1,364,False,False,0,0,1.1920928955078125e-07
wands,C1,365,False,False,0,0,2.384185791015625e-07
wands,C1,366,False,False,0,0,1.4901161193847656e-07
wands,C1,367,False,False,0,0,1.7881393432617188e-07
wands,C1,368,False,False,0,0,2.384185791015625e-07
wands,C1,369,False,False,0,0,1.7881393432617188e-07
wands,C1,370,False,False,0,0,1.7881393432617188e-07
wands,C1,371,False,True,0,0,1.7881393432617188e-07
wands,C1,372,False,False,0,0,1.7881393432617188e-07
wands,C1,373,False,False,0,0,1.7881393432617188e-07
wands,C1,374,False,False,0,0,1.7881393432617188e-07
wands,C1,375,False,False,0,0,1.7881393432617188e-07
wands,C1,376,False,False,0,0,1.7881393432617188e-07
wands,C1,377,False,False,0,0,1.7881393432617188e-07
wands,C1,378,False,False,0,0,1.7881393432617188e-07
wands,C1,379,False,False,0,0,1.7881393432617188e-07
wands,C1,380,False,False,0,0,1.1920928955078125e-07
wands,C1,381,False,False,0,0,1.7881393432617188e-07
wands,C1,382,False,False,0,0,1.7881393432617188e-07
wands,C1,383,False,False,0,0,1.1920928955078125e-07
wands,C1,384,False,False,0,0,1.7881393432617188e-07
wands,C1,385,False,False,0,0,1.1920928955078125e-07
wands,C1,386,False,False,0,0,1.1920928955078125e-07
wands,C1,387,False,False,0,0,1.7881393432617188e-07
wands,C1,388,False,False,0,0,2.384185791015625e-07
wands,C1,389,False,False,0,0,1.7881393432617188e-07
wands,C1,390,False,False,0,0,1.7881393432617188e-07
wands,C1,391,False,False,0,0,1.7881393432617188e-07
wands,C1,392,False,False,0,0,2.384185791015625e-07
wands,C1,393,False,False,0,0,1.7881393432617188e-07
wands,C1,394,False,False,0,0,2.384185791015625e-07
wands,C1,395,False,False,0,0,1.7881393432617188e-07
wands,C1,396,False,False,0,0,1.7881393432617188e-07
wands,C1,397,False,False,0,0,1.1920928955078125e-07
wands,C1,398,False,False,0,0,1.1920928955078125e-07
wands,C1,399,False,False,0,0,1.7881393432617188e-07
wands,C1,400,False,False,0,0,2.384185791015625e-07
wands,C1,401,False,False,0,0,1.7881393432617188e-07
wands,C1,402,False,False,0,0,1.7881393432617188e-07
wands,C1,403,False,False,0,0,1.1920928955078125e-07
wands,C1,404,False,False,0,0,1.7881393432617188e-07
wands,C1,405,False,False,0,0,2.384185791015625e-07
wands,C1,406,False,False,0,0,1.7881393432617188e-07
wands,C1,407,False,False,0,0,1.7881393432617188e-07
wands,C1,408,False,False,0,0,1.7881393432617188e-07
wands,C1,409,False,False,0,0,1.7881393432617188e-07
wands,C1,410,False,False,0,0,1.7881393432617188e-07
wands,C1,411,False,False,0,0,2.384185791015625e-07
wands,C1,412,False,False,0,0,2.384185791015625e-07
wands,C1,413,False,False,0,0,2.384185791015625e-07
wands,C1,414,False,False,0,0,1.7881393432617188e-07
wands,C1,415,False,False,0,0,1.7881393432617188e-07
wands,C1,416,False,False,0,0,1.7881393432617188e-07
wands,C1,417,False,False,0,0,2.384185791015625e-07
wands,C1,418,False,False,0,0,2.384185791015625e-07
wands,C1,419,False,False,0,0,1.7881393432617188e-07
wands,C1,420,False,False,0,0,1.7881393432617188e-07
wands,C1,421,False,False,0,0,1.7881393432617188e-07
wands,C1,422,False,False,0,0,2.384185791015625e-07
wands,C1,423,False,False,0,0,1.7881393432617188e-07
wands,C1,424,False,True,0,0,1.7881393432617188e-07
wands,C1,425,False,False,0,0,1.7881393432617188e-07
wands,C1,426,False,False,0,0,1.7881393432617188e-07
wands,C1,427,False,False,0,0,1.1920928955078125e-07
wands,C1,428,False,False,0,0,1.7881393432617188e-07
wands,C1,429,False,False,0,0,1.7881393432617188e-07
wands,C1,430,False,False,0,0,2.980232238769531e-07
wands,C1,431,True,True,0,0,1.7881393432617188e-07
wands,C1,432,False,False,0,0,1.1920928955078125e-07
wands,C1,433,False,False,0,0,1.7881393432617188e-07
wands,C1,434,False,False,0,0,1.1920928955078125e-07
wands,C1,435,False,False,0,0,1.7881393432617188e-07
wands,C1,436,False,False,0,0,1.7881393432617188e-07
wands,C1,437,False,False,0,0,1.7881393432617188e-07
wands,C1,438,False,False,0,0,1.7881393432617188e-07
wands,C1,439,False,False,0,0,1.7881393432617188e-07
wands,C1,440,False,False,0,0,1.7881393432617188e-07
wands,C1,441,False,False,0,0,2.384185791015625e-07
wands,C1,442,False,False,0,0,1.7881393432617188e-07
wands,C1,443,False,False,0,0,1.7881393432617188e-07
wands,C1,444,False,False,0,0,2.384185791015625e-07
wands,C1,445,False,False,0,0,2.384185791015625e-07
wands,C1,446,False,False,0,0,1.7881393432617188e-07
wands,C1,447,False,False,0,0,2.384185791015625e-07
wands,C1,448,False,False,0,0,1.7881393432617188e-07
wands,C1,449,False,False,0,0,1.7881393432617188e-07
wands,C1,451,False,False,0,0,1.7881393432617188e-07
wands,C1,452,False,False,0,0,1.1920928955078125e-07
wands,C1,453,False,False,0,0,1.7881393432617188e-07
wands,C1,454,False,False,0,0,2.384185791015625e-07
wands,C1,455,False,False,0,0,1.7881393432617188e-07
wands,C1,456,False,False,0,0,1.7881393432617188e-07
wands,C1,457,False,False,0,0,1.7881393432617188e-07
wands,C1,458,False,False,0,0,1.7881393432617188e-07
wands,C1,459,False,False,0,0,1.7881393432617188e-07
wands,C1,460,False,False,0,0,1.1920928955078125e-07
wands,C1,461,False,False,0,0,1.7881393432617188e-07
wands,C1,462,False,False,0,0,1.7881393432617188e-07
wands,C1,463,False,False,0,0,2.384185791015625e-07
wands,C1,464,False,False,0,0,1.7881393432617188e-07
wands,C1,465,False,False,0,0,1.7881393432617188e-07
wands,C1,466,False,False,0,0,1.7881393432617188e-07
wands,C1,467,False,False,0,0,1.7881393432617188e-07
wands,C1,468,False,False,0,0,1.7881393432617188e-07
wands,C1,469,False,False,0,0,2.384185791015625e-07
wands,C1,470,False,False,0,0,1.1920928955078125e-07
wands,C1,471,False,False,0,0,2.384185791015625e-07
wands,C1,472,False,False,0,0,1.7881393432617188e-07
wands,C1,473,False,False,0,0,2.384185791015625e-07
wands,C1,474,False,False,0,0,2.384185791015625e-07
wands,C1,475,False,False,0,0,1.7881393432617188e-07
wands,C1,476,False,False,0,0,1.7881393432617188e-07
wands,C1,478,False,False,0,0,1.7881393432617188e-07
wands,C1,479,False,False,0,0,2.384185791015625e-07
wands,C1,480,False,False,0,0,1.7881393432617188e-07
wands,C1,481,False,False,0,0,1.7881393432617188e-07
wands,C1,482,False,False,0,0,1.7881393432617188e-07
wands,C1,483,False,False,0,0,2.384185791015625e-07
wands,C1,484,False,False,0,0,1.1920928955078125e-07
wands,C1,485,False,False,0,0,1.7881393432617188e-07
wands,C1,486,False,True,0,0,2.384185791015625e-07
wands,C1,487,False,False,0,0,2.980232238769531e-07
wands,C2s1,0,False,False,0,0,1.7881393432617188e-07
wands,C2s1,1,False,False,0,0,1.7881393432617188e-07
wands,C2s1,2,False,False,0,0,1.7881393432617188e-07
wands,C2s1,3,False,False,0,0,1.7881393432617188e-07
wands,C2s1,4,False,False,0,0,2.384185791015625e-07
wands,C2s1,5,False,False,0,0,1.7881393432617188e-07
wands,C2s1,6,False,False,0,0,2.980232238769531e-07
wands,C2s1,7,False,False,0,0,1.1920928955078125e-07
wands,C2s1,8,False,False,0,0,1.7881393432617188e-07
wands,C2s1,9,False,False,0,0,1.7881393432617188e-07
wands,C2s1,10,False,False,0,0,2.384185791015625e-07
wands,C2s1,11,False,False,0,0,1.7881393432617188e-07
wands,C2s1,12,False,False,0,0,1.7881393432617188e-07
wands,C2s1,13,False,False,0,0,2.384185791015625e-07
wands,C2s1,14,False,False,0,0,2.384185791015625e-07
wands,C2s1,15,False,False,0,0,2.384185791015625e-07
wands,C2s1,16,False,False,0,0,2.384185791015625e-07
wands,C2s1,17,False,False,0,0,1.7881393432617188e-07
wands,C2s1,18,False,False,0,0,1.7881393432617188e-07
wands,C2s1,19,False,False,0,0,1.1920928955078125e-07
wands,C2s1,20,False,False,0,0,1.7881393432617188e-07
wands,C2s1,21,False,False,0,0,1.7881393432617188e-07
wands,C2s1,22,False,False,0,0,1.7881393432617188e-07
wands,C2s1,23,False,False,0,0,1.7881393432617188e-07
wands,C2s1,24,False,False,0,0,2.384185791015625e-07
wands,C2s1,25,False,False,0,0,1.7881393432617188e-07
wands,C2s1,26,False,False,0,0,1.7881393432617188e-07
wands,C2s1,27,False,False,0,0,2.384185791015625e-07
wands,C2s1,28,False,False,0,0,1.7881393432617188e-07
wands,C2s1,29,False,False,0,0,1.7881393432617188e-07
wands,C2s1,30,False,False,0,0,1.7881393432617188e-07
wands,C2s1,31,False,False,0,0,1.7881393432617188e-07
wands,C2s1,32,False,False,0,0,1.7881393432617188e-07
wands,C2s1,33,False,False,0,0,2.384185791015625e-07
wands,C2s1,34,False,False,0,0,1.7881393432617188e-07
wands,C2s1,35,False,False,0,0,1.7881393432617188e-07
wands,C2s1,36,False,False,0,0,1.7881393432617188e-07
wands,C2s1,37,False,False,0,0,1.7881393432617188e-07
wands,C2s1,38,False,False,0,0,1.7881393432617188e-07
wands,C2s1,39,False,False,0,0,1.7881393432617188e-07
wands,C2s1,40,False,False,0,0,2.384185791015625e-07
wands,C2s1,41,False,False,0,0,1.7881393432617188e-07
wands,C2s1,42,False,False,0,0,1.7881393432617188e-07
wands,C2s1,43,False,False,0,0,1.7881393432617188e-07
wands,C2s1,44,False,False,0,0,1.7881393432617188e-07
wands,C2s1,45,False,False,0,0,1.7881393432617188e-07
wands,C2s1,46,False,False,0,0,1.7881393432617188e-07
wands,C2s1,47,False,False,0,0,1.7881393432617188e-07
wands,C2s1,48,False,False,0,0,2.384185791015625e-07
wands,C2s1,49,False,False,0,0,2.384185791015625e-07
wands,C2s1,50,False,False,0,0,1.7881393432617188e-07
wands,C2s1,51,False,False,0,0,1.7881393432617188e-07
wands,C2s1,52,False,False,0,0,1.7881393432617188e-07
wands,C2s1,53,False,False,0,0,2.384185791015625e-07
wands,C2s1,54,False,False,0,0,1.7881393432617188e-07
wands,C2s1,55,False,False,0,0,2.384185791015625e-07
wands,C2s1,56,False,False,0,0,1.7881393432617188e-07
wands,C2s1,57,False,False,0,0,1.7881393432617188e-07
wands,C2s1,58,False,False,0,0,2.384185791015625e-07
wands,C2s1,59,False,False,0,0,1.7881393432617188e-07
wands,C2s1,60,False,False,0,0,1.7881393432617188e-07
wands,C2s1,61,False,False,0,0,1.7881393432617188e-07
wands,C2s1,62,False,False,0,0,1.7881393432617188e-07
wands,C2s1,63,False,False,0,0,1.7881393432617188e-07
wands,C2s1,64,False,False,0,0,1.1920928955078125e-07
wands,C2s1,65,False,False,0,0,1.7881393432617188e-07
wands,C2s1,66,False,False,0,0,1.1920928955078125e-07
wands,C2s1,67,False,False,0,0,2.384185791015625e-07
wands,C2s1,68,False,False,0,0,1.7881393432617188e-07
wands,C2s1,69,False,False,0,0,2.384185791015625e-07
wands,C2s1,70,False,False,0,0,2.384185791015625e-07
wands,C2s1,71,False,False,0,0,1.7881393432617188e-07
wands,C2s1,72,False,False,0,0,2.384185791015625e-07
wands,C2s1,73,False,False,0,0,1.7881393432617188e-07
wands,C2s1,74,False,False,0,0,1.1920928955078125e-07
wands,C2s1,75,False,False,0,0,1.7881393432617188e-07
wands,C2s1,76,False,False,0,0,1.7881393432617188e-07
wands,C2s1,77,False,False,0,0,1.7881393432617188e-07
wands,C2s1,78,False,False,0,0,2.384185791015625e-07
wands,C2s1,79,False,False,0,0,1.1920928955078125e-07
wands,C2s1,80,False,False,0,0,1.7881393432617188e-07
wands,C2s1,81,False,False,0,0,1.7881393432617188e-07
wands,C2s1,82,False,False,0,0,1.7881393432617188e-07
wands,C2s1,83,False,False,0,0,1.7881393432617188e-07
wands,C2s1,84,False,False,0,0,1.7881393432617188e-07
wands,C2s1,85,False,False,0,0,1.7881393432617188e-07
wands,C2s1,86,False,False,0,0,2.384185791015625e-07
wands,C2s1,87,False,False,0,0,2.384185791015625e-07
wands,C2s1,88,False,False,0,0,2.384185791015625e-07
wands,C2s1,89,False,False,0,0,2.384185791015625e-07
wands,C2s1,90,False,False,0,0,2.384185791015625e-07
wands,C2s1,91,False,False,0,0,1.7881393432617188e-07
wands,C2s1,92,False,False,0,0,1.7881393432617188e-07
wands,C2s1,93,False,False,0,0,2.384185791015625e-07
wands,C2s1,94,False,False,0,0,2.384185791015625e-07
wands,C2s1,95,False,False,0,0,1.7881393432617188e-07
wands,C2s1,96,False,False,0,0,2.384185791015625e-07
wands,C2s1,97,False,False,0,0,1.7881393432617188e-07
wands,C2s1,98,False,False,0,0,1.7881393432617188e-07
wands,C2s1,99,False,False,0,0,1.7881393432617188e-07
wands,C2s1,100,False,False,0,0,1.7881393432617188e-07
wands,C2s1,101,False,False,0,0,2.384185791015625e-07
wands,C2s1,102,False,False,0,0,1.7881393432617188e-07
wands,C2s1,103,False,False,0,0,2.384185791015625e-07
wands,C2s1,104,False,False,0,0,2.384185791015625e-07
wands,C2s1,105,False,False,0,0,1.7881393432617188e-07
wands,C2s1,106,False,False,0,0,1.7881393432617188e-07
wands,C2s1,107,False,False,0,0,2.980232238769531e-07
wands,C2s1,108,False,False,0,0,2.384185791015625e-07
wands,C2s1,109,False,False,0,0,2.384185791015625e-07
wands,C2s1,110,False,False,0,0,1.7881393432617188e-07
wands,C2s1,111,False,False,0,0,1.7881393432617188e-07
wands,C2s1,112,False,False,0,0,1.7881393432617188e-07
wands,C2s1,113,False,False,0,0,1.1920928955078125e-07
wands,C2s1,114,False,False,0,0,1.7881393432617188e-07
wands,C2s1,115,False,False,0,0,1.1920928955078125e-07
wands,C2s1,116,False,False,0,0,1.7881393432617188e-07
wands,C2s1,117,False,False,0,0,1.7881393432617188e-07
wands,C2s1,118,False,False,0,0,1.7881393432617188e-07
wands,C2s1,119,False,False,0,0,2.384185791015625e-07
wands,C2s1,120,False,False,0,0,1.7881393432617188e-07
wands,C2s1,121,False,False,0,0,1.7881393432617188e-07
wands,C2s1,122,False,False,0,0,1.7881393432617188e-07
wands,C2s1,123,False,False,0,0,1.7881393432617188e-07
wands,C2s1,124,False,False,0,0,1.7881393432617188e-07
wands,C2s1,125,False,False,0,0,1.7881393432617188e-07
wands,C2s1,126,False,False,0,0,1.7881393432617188e-07
wands,C2s1,127,False,False,0,0,1.7881393432617188e-07
wands,C2s1,128,False,False,0,0,1.7881393432617188e-07
wands,C2s1,129,False,False,0,0,1.7881393432617188e-07
wands,C2s1,130,False,False,0,0,1.7881393432617188e-07
wands,C2s1,131,False,False,0,0,1.7881393432617188e-07
wands,C2s1,132,False,False,0,0,1.1920928955078125e-07
wands,C2s1,133,False,False,0,0,1.7881393432617188e-07
wands,C2s1,134,False,False,0,0,2.384185791015625e-07
wands,C2s1,135,False,False,0,0,1.7881393432617188e-07
wands,C2s1,136,False,False,0,0,1.7881393432617188e-07
wands,C2s1,137,False,False,0,0,2.384185791015625e-07
wands,C2s1,138,False,False,0,0,1.7881393432617188e-07
wands,C2s1,139,False,False,0,0,1.7881393432617188e-07
wands,C2s1,140,False,False,0,0,1.7881393432617188e-07
wands,C2s1,141,False,False,0,0,1.7881393432617188e-07
wands,C2s1,142,False,False,0,0,1.7881393432617188e-07
wands,C2s1,143,False,False,0,0,1.7881393432617188e-07
wands,C2s1,144,False,False,0,0,1.7881393432617188e-07
wands,C2s1,145,False,False,0,0,1.7881393432617188e-07
wands,C2s1,146,False,False,0,0,1.7881393432617188e-07
wands,C2s1,147,False,False,0,0,1.7881393432617188e-07
wands,C2s1,148,False,False,0,0,1.7881393432617188e-07
wands,C2s1,149,False,False,0,0,1.7881393432617188e-07
wands,C2s1,150,False,False,0,0,1.7881393432617188e-07
wands,C2s1,151,False,False,0,0,2.384185791015625e-07
wands,C2s1,152,False,False,0,0,2.384185791015625e-07
wands,C2s1,153,False,False,0,0,1.1920928955078125e-07
wands,C2s1,155,False,False,0,0,1.1920928955078125e-07
wands,C2s1,156,False,False,0,0,1.7881393432617188e-07
wands,C2s1,157,False,False,0,0,1.7881393432617188e-07
wands,C2s1,158,False,False,0,0,1.7881393432617188e-07
wands,C2s1,159,False,False,0,0,1.7881393432617188e-07
wands,C2s1,160,False,False,0,0,1.7881393432617188e-07
wands,C2s1,161,False,False,0,0,2.384185791015625e-07
wands,C2s1,162,False,False,0,0,1.7881393432617188e-07
wands,C2s1,163,False,False,0,0,2.384185791015625e-07
wands,C2s1,164,False,False,0,0,2.384185791015625e-07
wands,C2s1,165,False,False,0,0,1.7881393432617188e-07
wands,C2s1,166,False,False,0,0,1.7881393432617188e-07
wands,C2s1,167,False,False,0,0,1.1920928955078125e-07
wands,C2s1,168,False,False,0,0,1.7881393432617188e-07
wands,C2s1,169,False,False,0,0,1.7881393432617188e-07
wands,C2s1,170,False,False,0,0,1.7881393432617188e-07
wands,C2s1,171,False,False,0,0,1.7881393432617188e-07
wands,C2s1,172,False,False,0,0,1.1920928955078125e-07
wands,C2s1,173,False,False,0,0,1.7881393432617188e-07
wands,C2s1,174,False,False,0,0,1.7881393432617188e-07
wands,C2s1,175,False,False,0,0,1.7881393432617188e-07
wands,C2s1,176,False,False,0,0,1.7881393432617188e-07
wands,C2s1,177,False,False,0,0,2.384185791015625e-07
wands,C2s1,178,False,False,0,0,2.384185791015625e-07
wands,C2s1,179,False,False,0,0,1.1920928955078125e-07
wands,C2s1,180,False,False,0,0,1.7881393432617188e-07
wands,C2s1,181,False,False,0,0,1.7881393432617188e-07
wands,C2s1,182,False,False,0,0,1.7881393432617188e-07
wands,C2s1,183,False,False,0,0,1.7881393432617188e-07
wands,C2s1,184,False,False,0,0,1.7881393432617188e-07
wands,C2s1,185,False,False,0,0,1.7881393432617188e-07
wands,C2s1,186,False,False,0,0,1.7881393432617188e-07
wands,C2s1,188,False,False,0,0,2.384185791015625e-07
wands,C2s1,189,False,False,0,0,1.7881393432617188e-07
wands,C2s1,190,False,False,0,0,1.7881393432617188e-07
wands,C2s1,191,False,False,0,0,1.7881393432617188e-07
wands,C2s1,193,False,False,0,0,1.7881393432617188e-07
wands,C2s1,194,False,False,0,0,1.7881393432617188e-07
wands,C2s1,195,False,False,0,0,1.7881393432617188e-07
wands,C2s1,196,False,False,0,0,1.7881393432617188e-07
wands,C2s1,197,False,False,0,0,1.7881393432617188e-07
wands,C2s1,198,False,False,0,0,1.7881393432617188e-07
wands,C2s1,199,False,False,0,0,2.384185791015625e-07
wands,C2s1,200,False,False,0,0,1.7881393432617188e-07
wands,C2s1,201,False,False,0,0,2.384185791015625e-07
wands,C2s1,202,False,False,0,0,1.7881393432617188e-07
wands,C2s1,203,False,False,0,0,1.7881393432617188e-07
wands,C2s1,204,False,False,0,0,1.7881393432617188e-07
wands,C2s1,205,False,False,0,0,1.7881393432617188e-07
wands,C2s1,206,False,False,0,0,1.7881393432617188e-07
wands,C2s1,207,False,False,0,0,1.7881393432617188e-07
wands,C2s1,208,False,False,0,0,1.7881393432617188e-07
wands,C2s1,209,False,False,0,0,1.7881393432617188e-07
wands,C2s1,210,False,False,0,0,1.7881393432617188e-07
wands,C2s1,211,False,False,0,0,1.7881393432617188e-07
wands,C2s1,212,False,False,0,0,1.7881393432617188e-07
wands,C2s1,213,False,False,0,0,1.7881393432617188e-07
wands,C2s1,214,False,False,0,0,1.7881393432617188e-07
wands,C2s1,215,False,False,0,0,1.7881393432617188e-07
wands,C2s1,216,False,False,0,0,1.7881393432617188e-07
wands,C2s1,218,False,False,0,0,1.7881393432617188e-07
wands,C2s1,219,False,False,0,0,1.7881393432617188e-07
wands,C2s1,220,False,False,0,0,1.7881393432617188e-07
wands,C2s1,221,False,False,0,0,1.7881393432617188e-07
wands,C2s1,222,False,False,0,0,1.7881393432617188e-07
wands,C2s1,223,False,False,0,0,1.1920928955078125e-07
wands,C2s1,224,False,False,0,0,1.1920928955078125e-07
wands,C2s1,225,False,False,0,0,1.7881393432617188e-07
wands,C2s1,226,False,False,0,0,2.384185791015625e-07
wands,C2s1,227,False,False,0,0,1.1920928955078125e-07
wands,C2s1,228,False,False,0,0,2.384185791015625e-07
wands,C2s1,229,False,False,0,0,1.7881393432617188e-07
wands,C2s1,230,False,False,0,0,1.1920928955078125e-07
wands,C2s1,231,False,False,0,0,2.384185791015625e-07
wands,C2s1,232,False,False,0,0,1.7881393432617188e-07
wands,C2s1,233,False,False,0,0,1.7881393432617188e-07
wands,C2s1,234,False,False,0,0,2.384185791015625e-07
wands,C2s1,235,False,False,0,0,1.7881393432617188e-07
wands,C2s1,236,False,False,0,0,1.7881393432617188e-07
wands,C2s1,237,False,False,0,0,2.384185791015625e-07
wands,C2s1,238,False,False,0,0,2.384185791015625e-07
wands,C2s1,239,False,False,0,0,1.7881393432617188e-07
wands,C2s1,240,False,False,0,0,1.7881393432617188e-07
wands,C2s1,241,False,False,0,0,2.384185791015625e-07
wands,C2s1,242,False,False,0,0,1.7881393432617188e-07
wands,C2s1,243,False,False,0,0,1.7881393432617188e-07
wands,C2s1,244,False,False,0,0,2.384185791015625e-07
wands,C2s1,245,False,False,0,0,1.7881393432617188e-07
wands,C2s1,246,False,False,0,0,1.1920928955078125e-07
wands,C2s1,247,False,False,0,0,1.7881393432617188e-07
wands,C2s1,248,False,False,0,0,1.7881393432617188e-07
wands,C2s1,249,False,False,0,0,1.7881393432617188e-07
wands,C2s1,250,False,False,0,0,1.7881393432617188e-07
wands,C2s1,251,False,False,0,0,1.7881393432617188e-07
wands,C2s1,252,False,False,0,0,1.7881393432617188e-07
wands,C2s1,253,False,False,0,0,1.7881393432617188e-07
wands,C2s1,254,False,False,0,0,1.7881393432617188e-07
wands,C2s1,255,False,False,0,0,1.7881393432617188e-07
wands,C2s1,256,False,False,0,0,1.7881393432617188e-07
wands,C2s1,257,False,False,0,0,1.7881393432617188e-07
wands,C2s1,258,False,False,0,0,1.7881393432617188e-07
wands,C2s1,259,False,False,0,0,1.7881393432617188e-07
wands,C2s1,260,False,False,0,0,1.7881393432617188e-07
wands,C2s1,261,False,False,0,0,2.384185791015625e-07
wands,C2s1,262,False,False,0,0,1.7881393432617188e-07
wands,C2s1,263,False,False,0,0,1.7881393432617188e-07
wands,C2s1,264,False,False,0,0,1.7881393432617188e-07
wands,C2s1,265,False,False,0,0,1.7881393432617188e-07
wands,C2s1,266,False,False,0,0,2.384185791015625e-07
wands,C2s1,267,False,False,0,0,1.7881393432617188e-07
wands,C2s1,268,False,False,0,0,1.7881393432617188e-07
wands,C2s1,269,False,False,0,0,2.384185791015625e-07
wands,C2s1,270,False,False,0,0,1.7881393432617188e-07
wands,C2s1,271,False,False,0,0,1.7881393432617188e-07
wands,C2s1,272,False,False,0,0,1.1920928955078125e-07
wands,C2s1,273,False,False,0,0,1.7881393432617188e-07
wands,C2s1,274,False,False,0,0,1.7881393432617188e-07
wands,C2s1,275,False,False,0,0,1.7881393432617188e-07
wands,C2s1,276,False,False,0,0,2.384185791015625e-07
wands,C2s1,277,False,False,0,0,1.7881393432617188e-07
wands,C2s1,278,False,False,0,0,1.7881393432617188e-07
wands,C2s1,279,False,False,0,0,1.7881393432617188e-07
wands,C2s1,280,False,False,0,0,1.7881393432617188e-07
wands,C2s1,281,False,False,0,0,1.7881393432617188e-07
wands,C2s1,282,False,False,0,0,1.7881393432617188e-07
wands,C2s1,283,False,False,0,0,1.7881393432617188e-07
wands,C2s1,284,False,False,0,0,1.7881393432617188e-07
wands,C2s1,285,False,False,0,0,1.7881393432617188e-07
wands,C2s1,286,False,False,0,0,1.7881393432617188e-07
wands,C2s1,287,False,False,0,0,2.384185791015625e-07
wands,C2s1,288,False,False,0,0,1.7881393432617188e-07
wands,C2s1,289,False,False,0,0,2.384185791015625e-07
wands,C2s1,290,False,False,0,0,1.7881393432617188e-07
wands,C2s1,291,False,False,0,0,1.1920928955078125e-07
wands,C2s1,292,False,False,0,0,1.7881393432617188e-07
wands,C2s1,293,False,False,0,0,1.7881393432617188e-07
wands,C2s1,294,False,False,0,0,1.7881393432617188e-07
wands,C2s1,295,False,False,0,0,1.7881393432617188e-07
wands,C2s1,296,False,False,0,0,1.1920928955078125e-07
wands,C2s1,297,False,False,0,0,1.7881393432617188e-07
wands,C2s1,298,False,False,0,0,1.7881393432617188e-07
wands,C2s1,300,False,False,0,0,2.980232238769531e-07
wands,C2s1,301,False,False,0,0,2.384185791015625e-07
wands,C2s1,302,False,False,0,0,1.7881393432617188e-07
wands,C2s1,303,False,False,0,0,1.7881393432617188e-07
wands,C2s1,304,False,False,0,0,1.1920928955078125e-07
wands,C2s1,305,False,False,0,0,1.7881393432617188e-07
wands,C2s1,306,False,False,0,0,1.7881393432617188e-07
wands,C2s1,307,False,False,0,0,3.5762786865234375e-07
wands,C2s1,308,False,False,0,0,1.7881393432617188e-07
wands,C2s1,309,False,False,0,0,1.7881393432617188e-07
wands,C2s1,310,False,False,0,0,1.7881393432617188e-07
wands,C2s1,311,False,False,0,0,1.7881393432617188e-07
wands,C2s1,312,False,False,0,0,2.384185791015625e-07
wands,C2s1,313,False,False,0,0,1.7881393432617188e-07
wands,C2s1,314,False,False,0,0,1.7881393432617188e-07
wands,C2s1,315,False,False,0,0,1.7881393432617188e-07
wands,C2s1,316,False,False,0,0,1.7881393432617188e-07
wands,C2s1,317,False,False,0,0,1.7881393432617188e-07
wands,C2s1,318,False,False,0,0,1.7881393432617188e-07
wands,C2s1,319,False,False,0,0,2.384185791015625e-07
wands,C2s1,320,False,False,0,0,2.384185791015625e-07
wands,C2s1,321,False,False,0,0,1.7881393432617188e-07
wands,C2s1,322,False,False,0,0,1.7881393432617188e-07
wands,C2s1,323,False,False,0,0,1.7881393432617188e-07
wands,C2s1,324,False,False,0,0,1.7881393432617188e-07
wands,C2s1,325,False,False,0,0,1.7881393432617188e-07
wands,C2s1,326,False,False,0,0,1.7881393432617188e-07
wands,C2s1,327,False,False,0,0,1.7881393432617188e-07
wands,C2s1,328,False,False,0,0,1.7881393432617188e-07
wands,C2s1,329,False,False,0,0,1.7881393432617188e-07
wands,C2s1,330,False,False,0,0,1.7881393432617188e-07
wands,C2s1,331,False,True,0,0,1.7881393432617188e-07
wands,C2s1,332,False,False,0,0,1.7881393432617188e-07
wands,C2s1,333,False,False,0,0,1.7881393432617188e-07
wands,C2s1,334,False,False,0,0,1.1920928955078125e-07
wands,C2s1,335,False,False,0,0,1.7881393432617188e-07
wands,C2s1,336,False,False,0,0,1.7881393432617188e-07
wands,C2s1,337,False,False,0,0,2.384185791015625e-07
wands,C2s1,338,False,False,0,0,2.980232238769531e-07
wands,C2s1,339,False,False,0,0,1.7881393432617188e-07
wands,C2s1,340,False,False,0,0,1.7881393432617188e-07
wands,C2s1,341,False,False,0,0,1.1920928955078125e-07
wands,C2s1,342,False,False,0,0,1.7881393432617188e-07
wands,C2s1,343,False,False,0,0,1.1920928955078125e-07
wands,C2s1,344,False,False,0,0,2.384185791015625e-07
wands,C2s1,345,False,False,0,0,1.7881393432617188e-07
wands,C2s1,346,False,False,0,0,1.7881393432617188e-07
wands,C2s1,347,False,False,0,0,2.980232238769531e-07
wands,C2s1,348,False,False,0,0,1.7881393432617188e-07
wands,C2s1,349,False,False,0,0,1.7881393432617188e-07
wands,C2s1,351,False,False,0,0,2.384185791015625e-07
wands,C2s1,352,False,False,0,0,1.1920928955078125e-07
wands,C2s1,353,False,False,0,0,1.1920928955078125e-07
wands,C2s1,354,False,False,0,0,2.384185791015625e-07
wands,C2s1,355,False,False,0,0,1.1920928955078125e-07
wands,C2s1,356,False,False,0,0,1.7881393432617188e-07
wands,C2s1,357,False,False,0,0,2.384185791015625e-07
wands,C2s1,358,False,False,0,0,1.7881393432617188e-07
wands,C2s1,359,False,False,0,0,1.7881393432617188e-07
wands,C2s1,360,False,False,0,0,1.7881393432617188e-07
wands,C2s1,361,False,False,0,0,1.7881393432617188e-07
wands,C2s1,362,False,False,0,0,2.384185791015625e-07
wands,C2s1,363,False,False,0,0,2.980232238769531e-07
wands,C2s1,364,False,False,0,0,1.1920928955078125e-07
wands,C2s1,365,False,False,0,0,1.7881393432617188e-07
wands,C2s1,366,False,False,0,0,1.1920928955078125e-07
wands,C2s1,367,False,False,0,0,2.384185791015625e-07
wands,C2s1,368,False,False,0,0,1.7881393432617188e-07
wands,C2s1,369,False,False,0,0,1.7881393432617188e-07
wands,C2s1,370,False,False,0,0,2.384185791015625e-07
wands,C2s1,371,False,False,0,0,1.7881393432617188e-07
wands,C2s1,372,False,False,0,0,1.1920928955078125e-07
wands,C2s1,373,False,False,0,0,1.7881393432617188e-07
wands,C2s1,374,False,False,0,0,1.7881393432617188e-07
wands,C2s1,375,False,False,0,0,2.384185791015625e-07
wands,C2s1,376,False,False,0,0,2.384185791015625e-07
wands,C2s1,377,False,False,0,0,2.384185791015625e-07
wands,C2s1,378,False,False,0,0,1.7881393432617188e-07
wands,C2s1,379,False,False,0,0,1.7881393432617188e-07
wands,C2s1,380,False,False,0,0,1.7881393432617188e-07
wands,C2s1,381,False,False,0,0,1.7881393432617188e-07
wands,C2s1,382,False,False,0,0,1.7881393432617188e-07
wands,C2s1,383,False,False,0,0,1.1920928955078125e-07
wands,C2s1,384,False,False,0,0,1.7881393432617188e-07
wands,C2s1,385,False,False,0,0,1.1920928955078125e-07
wands,C2s1,386,False,False,0,0,1.7881393432617188e-07
wands,C2s1,387,False,False,0,0,1.7881393432617188e-07
wands,C2s1,388,False,False,0,0,2.384185791015625e-07
wands,C2s1,389,False,False,0,0,1.7881393432617188e-07
wands,C2s1,390,False,False,0,0,1.7881393432617188e-07
wands,C2s1,391,False,False,0,0,1.7881393432617188e-07
wands,C2s1,392,False,False,0,0,1.7881393432617188e-07
wands,C2s1,393,False,False,0,0,1.7881393432617188e-07
wands,C2s1,394,False,False,0,0,1.7881393432617188e-07
wands,C2s1,395,False,False,0,0,1.7881393432617188e-07
wands,C2s1,396,False,False,0,0,2.384185791015625e-07
wands,C2s1,397,False,False,0,0,1.7881393432617188e-07
wands,C2s1,398,False,False,0,0,1.7881393432617188e-07
wands,C2s1,399,False,False,0,0,1.7881393432617188e-07
wands,C2s1,400,False,False,0,0,2.384185791015625e-07
wands,C2s1,401,False,False,0,0,1.7881393432617188e-07
wands,C2s1,402,False,False,0,0,2.384185791015625e-07
wands,C2s1,403,False,False,0,0,1.7881393432617188e-07
wands,C2s1,404,False,False,0,0,1.7881393432617188e-07
wands,C2s1,405,False,False,0,0,1.7881393432617188e-07
wands,C2s1,406,False,False,0,0,1.7881393432617188e-07
wands,C2s1,407,False,False,0,0,2.384185791015625e-07
wands,C2s1,408,False,False,0,0,1.7881393432617188e-07
wands,C2s1,409,False,False,0,0,1.7881393432617188e-07
wands,C2s1,410,False,False,0,0,1.7881393432617188e-07
wands,C2s1,411,False,False,0,0,1.7881393432617188e-07
wands,C2s1,412,False,False,0,0,2.384185791015625e-07
wands,C2s1,413,False,False,0,0,2.384185791015625e-07
wands,C2s1,414,False,False,0,0,2.384185791015625e-07
wands,C2s1,415,False,False,0,0,1.7881393432617188e-07
wands,C2s1,416,False,False,0,0,1.7881393432617188e-07
wands,C2s1,417,False,False,0,0,1.7881393432617188e-07
wands,C2s1,418,False,False,0,0,1.7881393432617188e-07
wands,C2s1,419,False,False,0,0,1.7881393432617188e-07
wands,C2s1,420,False,False,0,0,1.1920928955078125e-07
wands,C2s1,421,False,False,0,0,2.980232238769531e-07
wands,C2s1,422,False,False,0,0,2.384185791015625e-07
wands,C2s1,423,False,True,0,0,1.7881393432617188e-07
wands,C2s1,424,False,False,0,0,1.7881393432617188e-07
wands,C2s1,425,False,False,0,0,1.7881393432617188e-07
wands,C2s1,426,False,False,0,0,1.7881393432617188e-07
wands,C2s1,427,False,False,0,0,1.7881393432617188e-07
wands,C2s1,428,False,False,0,0,2.384185791015625e-07
wands,C2s1,429,False,False,0,0,1.7881393432617188e-07
wands,C2s1,430,False,False,0,0,1.7881393432617188e-07
wands,C2s1,431,False,False,0,0,1.7881393432617188e-07
wands,C2s1,432,False,False,0,0,1.1920928955078125e-07
wands,C2s1,433,False,False,0,0,2.384185791015625e-07
wands,C2s1,434,False,False,0,0,2.980232238769531e-07
wands,C2s1,435,False,False,0,0,2.384185791015625e-07
wands,C2s1,436,False,False,0,0,2.384185791015625e-07
wands,C2s1,437,False,False,0,0,2.384185791015625e-07
wands,C2s1,438,False,False,0,0,1.7881393432617188e-07
wands,C2s1,439,False,False,0,0,1.7881393432617188e-07
wands,C2s1,440,False,False,0,0,2.384185791015625e-07
wands,C2s1,441,False,False,0,0,1.7881393432617188e-07
wands,C2s1,442,False,False,0,0,1.7881393432617188e-07
wands,C2s1,443,False,False,0,0,2.384185791015625e-07
wands,C2s1,444,False,True,0,0,1.7881393432617188e-07
wands,C2s1,445,False,False,0,0,2.384185791015625e-07
wands,C2s1,446,False,False,0,0,1.7881393432617188e-07
wands,C2s1,447,False,False,0,0,2.384185791015625e-07
wands,C2s1,448,False,False,0,0,2.384185791015625e-07
wands,C2s1,449,False,False,0,0,1.7881393432617188e-07
wands,C2s1,451,False,False,0,0,1.7881393432617188e-07
wands,C2s1,452,False,False,0,0,1.7881393432617188e-07
wands,C2s1,453,False,False,0,0,2.384185791015625e-07
wands,C2s1,454,False,False,0,0,1.7881393432617188e-07
wands,C2s1,455,False,False,0,0,1.1920928955078125e-07
wands,C2s1,456,False,False,0,0,2.384185791015625e-07
wands,C2s1,457,False,False,0,0,1.7881393432617188e-07
wands,C2s1,458,False,False,0,0,1.7881393432617188e-07
wands,C2s1,459,False,False,0,0,1.7881393432617188e-07
wands,C2s1,460,False,False,0,0,1.7881393432617188e-07
wands,C2s1,461,False,False,0,0,1.7881393432617188e-07
wands,C2s1,462,False,False,0,0,1.7881393432617188e-07
wands,C2s1,463,False,False,0,0,2.980232238769531e-07
wands,C2s1,464,False,False,0,0,1.7881393432617188e-07
wands,C2s1,465,False,False,0,0,1.7881393432617188e-07
wands,C2s1,466,False,False,0,0,1.7881393432617188e-07
wands,C2s1,467,False,False,0,0,1.7881393432617188e-07
wands,C2s1,468,False,False,0,0,1.7881393432617188e-07
wands,C2s1,469,False,False,0,0,2.980232238769531e-07
wands,C2s1,470,False,False,0,0,1.7881393432617188e-07
wands,C2s1,471,False,False,0,0,1.7881393432617188e-07
wands,C2s1,472,False,False,0,0,1.7881393432617188e-07
wands,C2s1,473,False,False,0,0,2.384185791015625e-07
wands,C2s1,474,False,False,0,0,1.7881393432617188e-07
wands,C2s1,475,False,False,0,0,1.1920928955078125e-07
wands,C2s1,476,False,False,0,0,1.7881393432617188e-07
wands,C2s1,478,False,False,0,0,1.7881393432617188e-07
wands,C2s1,479,False,False,0,0,1.7881393432617188e-07
wands,C2s1,480,False,False,0,0,1.7881393432617188e-07
wands,C2s1,481,False,False,0,0,1.7881393432617188e-07
wands,C2s1,482,False,False,0,0,1.7881393432617188e-07
wands,C2s1,483,False,False,0,0,2.384185791015625e-07
wands,C2s1,484,False,False,0,0,1.7881393432617188e-07
wands,C2s1,485,False,False,0,0,1.7881393432617188e-07
wands,C2s1,486,False,False,0,0,1.7881393432617188e-07
wands,C2s1,487,False,False,0,0,1.7881393432617188e-07
wands,C2s2,0,False,False,0,0,1.7881393432617188e-07
wands,C2s2,1,False,False,0,0,1.7881393432617188e-07
wands,C2s2,2,False,False,0,0,1.7881393432617188e-07
wands,C2s2,3,False,False,0,0,1.7881393432617188e-07
wands,C2s2,4,False,False,0,0,1.7881393432617188e-07
wands,C2s2,5,False,False,0,0,1.7881393432617188e-07
wands,C2s2,6,False,False,0,0,1.7881393432617188e-07
wands,C2s2,7,False,False,0,0,1.7881393432617188e-07
wands,C2s2,8,False,False,0,0,1.7881393432617188e-07
wands,C2s2,9,False,False,0,0,1.7881393432617188e-07
wands,C2s2,10,False,False,0,0,2.384185791015625e-07
wands,C2s2,11,False,False,0,0,1.7881393432617188e-07
wands,C2s2,12,False,False,0,0,1.1920928955078125e-07
wands,C2s2,13,False,False,0,0,2.384185791015625e-07
wands,C2s2,14,False,False,0,0,1.7881393432617188e-07
wands,C2s2,15,False,False,0,0,1.7881393432617188e-07
wands,C2s2,16,False,False,0,0,1.7881393432617188e-07
wands,C2s2,17,False,False,0,0,1.7881393432617188e-07
wands,C2s2,18,False,False,0,0,2.384185791015625e-07
wands,C2s2,19,False,False,0,0,1.1920928955078125e-07
wands,C2s2,20,False,False,0,0,1.7881393432617188e-07
wands,C2s2,21,False,False,0,0,2.384185791015625e-07
wands,C2s2,22,False,False,0,0,2.384185791015625e-07
wands,C2s2,23,False,False,0,0,2.384185791015625e-07
wands,C2s2,24,False,False,0,0,1.7881393432617188e-07
wands,C2s2,25,False,False,0,0,1.7881393432617188e-07
wands,C2s2,26,False,False,0,0,1.7881393432617188e-07
wands,C2s2,27,False,False,0,0,1.7881393432617188e-07
wands,C2s2,28,False,False,0,0,2.384185791015625e-07
wands,C2s2,29,False,False,0,0,1.7881393432617188e-07
wands,C2s2,30,False,False,0,0,2.384185791015625e-07
wands,C2s2,31,False,False,0,0,2.384185791015625e-07
wands,C2s2,32,False,False,0,0,1.7881393432617188e-07
wands,C2s2,33,False,False,0,0,1.7881393432617188e-07
wands,C2s2,34,False,False,0,0,1.7881393432617188e-07
wands,C2s2,35,False,False,0,0,2.384185791015625e-07
wands,C2s2,36,False,False,0,0,2.384185791015625e-07
wands,C2s2,37,False,False,0,0,1.7881393432617188e-07
wands,C2s2,38,False,False,0,0,2.384185791015625e-07
wands,C2s2,39,False,False,0,0,1.7881393432617188e-07
wands,C2s2,40,False,False,0,0,1.7881393432617188e-07
wands,C2s2,41,False,False,0,0,1.7881393432617188e-07
wands,C2s2,42,False,False,0,0,1.7881393432617188e-07
wands,C2s2,43,False,False,0,0,1.7881393432617188e-07
wands,C2s2,44,False,False,0,0,2.384185791015625e-07
wands,C2s2,45,False,False,0,0,1.7881393432617188e-07
wands,C2s2,46,False,False,0,0,1.7881393432617188e-07
wands,C2s2,47,False,False,0,0,1.7881393432617188e-07
wands,C2s2,48,False,False,0,0,1.7881393432617188e-07
wands,C2s2,49,False,False,0,0,1.7881393432617188e-07
wands,C2s2,50,False,False,0,0,1.7881393432617188e-07
wands,C2s2,51,False,False,0,0,1.7881393432617188e-07
wands,C2s2,52,False,False,0,0,1.7881393432617188e-07
wands,C2s2,53,False,False,0,0,2.384185791015625e-07
wands,C2s2,54,False,False,0,0,1.7881393432617188e-07
wands,C2s2,55,False,False,0,0,2.384185791015625e-07
wands,C2s2,56,False,False,0,0,1.7881393432617188e-07
wands,C2s2,57,False,False,0,0,1.7881393432617188e-07
wands,C2s2,58,False,True,0,0,1.7881393432617188e-07
wands,C2s2,59,False,False,0,0,1.7881393432617188e-07
wands,C2s2,60,False,False,0,0,1.7881393432617188e-07
wands,C2s2,61,False,False,0,0,1.7881393432617188e-07
wands,C2s2,62,False,False,0,0,1.7881393432617188e-07
wands,C2s2,63,False,False,0,0,1.1920928955078125e-07
wands,C2s2,64,False,False,0,0,1.7881393432617188e-07
wands,C2s2,65,False,False,0,0,1.7881393432617188e-07
wands,C2s2,66,False,False,0,0,1.1920928955078125e-07
wands,C2s2,67,False,False,0,0,1.7881393432617188e-07
wands,C2s2,68,False,False,0,0,2.384185791015625e-07
wands,C2s2,69,False,False,0,0,1.7881393432617188e-07
wands,C2s2,70,False,False,0,0,1.7881393432617188e-07
wands,C2s2,71,False,False,0,0,2.384185791015625e-07
wands,C2s2,72,False,False,0,0,1.7881393432617188e-07
wands,C2s2,73,False,False,0,0,1.7881393432617188e-07
wands,C2s2,74,False,False,0,0,1.4901161193847656e-07
wands,C2s2,75,False,False,0,0,1.7881393432617188e-07
wands,C2s2,76,False,False,0,0,2.384185791015625e-07
wands,C2s2,77,False,False,0,0,1.7881393432617188e-07
wands,C2s2,78,False,False,0,0,1.7881393432617188e-07
wands,C2s2,79,False,False,0,0,1.1920928955078125e-07
wands,C2s2,80,False,False,0,0,2.384185791015625e-07
wands,C2s2,81,False,False,0,0,2.384185791015625e-07
wands,C2s2,82,False,False,0,0,1.7881393432617188e-07
wands,C2s2,83,False,False,0,0,1.7881393432617188e-07
wands,C2s2,84,False,False,0,0,1.7881393432617188e-07
wands,C2s2,85,False,False,0,0,2.384185791015625e-07
wands,C2s2,86,False,False,0,0,2.384185791015625e-07
wands,C2s2,87,False,False,0,0,1.7881393432617188e-07
wands,C2s2,88,False,False,0,0,1.7881393432617188e-07
wands,C2s2,89,False,False,0,0,1.7881393432617188e-07
wands,C2s2,90,False,False,0,0,2.384185791015625e-07
wands,C2s2,91,False,False,0,0,1.7881393432617188e-07
wands,C2s2,92,False,False,0,0,1.7881393432617188e-07
wands,C2s2,93,False,False,0,0,2.384185791015625e-07
wands,C2s2,94,False,False,0,0,1.7881393432617188e-07
wands,C2s2,95,False,False,0,0,1.7881393432617188e-07
wands,C2s2,96,False,False,0,0,2.980232238769531e-07
wands,C2s2,97,False,False,0,0,2.384185791015625e-07
wands,C2s2,98,False,False,0,0,1.7881393432617188e-07
wands,C2s2,99,False,False,0,0,1.1920928955078125e-07
wands,C2s2,100,False,False,0,0,1.7881393432617188e-07
wands,C2s2,101,False,False,0,0,1.7881393432617188e-07
wands,C2s2,102,False,False,0,0,1.7881393432617188e-07
wands,C2s2,103,False,False,0,0,2.384185791015625e-07
wands,C2s2,104,False,False,0,0,1.1920928955078125e-07
wands,C2s2,105,False,False,0,0,1.7881393432617188e-07
wands,C2s2,106,False,False,0,0,1.7881393432617188e-07
wands,C2s2,107,False,False,0,0,1.7881393432617188e-07
wands,C2s2,108,False,False,0,0,1.1920928955078125e-07
wands,C2s2,109,False,False,0,0,2.384185791015625e-07
wands,C2s2,110,False,False,0,0,2.384185791015625e-07
wands,C2s2,111,False,False,0,0,1.7881393432617188e-07
wands,C2s2,112,False,False,0,0,1.7881393432617188e-07
wands,C2s2,113,False,False,0,0,1.7881393432617188e-07
wands,C2s2,114,False,False,0,0,1.7881393432617188e-07
wands,C2s2,115,False,False,0,0,1.7881393432617188e-07
wands,C2s2,116,False,False,0,0,2.980232238769531e-07
wands,C2s2,117,False,False,0,0,1.7881393432617188e-07
wands,C2s2,118,False,False,0,0,1.7881393432617188e-07
wands,C2s2,119,False,False,0,0,2.384185791015625e-07
wands,C2s2,120,False,False,0,0,1.7881393432617188e-07
wands,C2s2,121,False,False,0,0,1.7881393432617188e-07
wands,C2s2,122,False,False,0,0,1.7881393432617188e-07
wands,C2s2,123,False,True,0,0,1.7881393432617188e-07
wands,C2s2,124,False,False,0,0,1.7881393432617188e-07
wands,C2s2,125,False,False,0,0,1.7881393432617188e-07
wands,C2s2,126,False,False,0,0,2.384185791015625e-07
wands,C2s2,127,False,False,0,0,1.7881393432617188e-07
wands,C2s2,128,False,False,0,0,1.7881393432617188e-07
wands,C2s2,129,False,False,0,0,1.1920928955078125e-07
wands,C2s2,130,False,False,0,0,1.1920928955078125e-07
wands,C2s2,131,False,False,0,0,1.7881393432617188e-07
wands,C2s2,132,False,False,0,0,1.7881393432617188e-07
wands,C2s2,133,False,False,0,0,1.7881393432617188e-07
wands,C2s2,134,False,False,0,0,2.384185791015625e-07
wands,C2s2,135,False,False,0,0,1.7881393432617188e-07
wands,C2s2,136,False,False,0,0,1.7881393432617188e-07
wands,C2s2,137,False,False,0,0,1.7881393432617188e-07
wands,C2s2,138,False,False,0,0,2.384185791015625e-07
wands,C2s2,139,False,False,0,0,2.384185791015625e-07
wands,C2s2,140,False,False,0,0,1.7881393432617188e-07
wands,C2s2,141,False,False,0,0,1.7881393432617188e-07
wands,C2s2,142,False,False,0,0,2.384185791015625e-07
wands,C2s2,143,False,False,0,0,1.7881393432617188e-07
wands,C2s2,144,False,False,0,0,1.7881393432617188e-07
wands,C2s2,145,False,False,0,0,1.1920928955078125e-07
wands,C2s2,146,False,False,0,0,1.7881393432617188e-07
wands,C2s2,147,False,False,0,0,1.7881393432617188e-07
wands,C2s2,148,False,False,0,0,1.7881393432617188e-07
wands,C2s2,149,False,False,0,0,1.7881393432617188e-07
wands,C2s2,150,False,False,0,0,1.7881393432617188e-07
wands,C2s2,151,False,False,0,0,2.384185791015625e-07
wands,C2s2,152,False,False,0,0,1.7881393432617188e-07
wands,C2s2,153,False,False,0,0,1.1920928955078125e-07
wands,C2s2,155,False,False,0,0,2.384185791015625e-07
wands,C2s2,156,False,False,0,0,2.384185791015625e-07
wands,C2s2,157,False,False,0,0,1.7881393432617188e-07
wands,C2s2,158,False,False,0,0,1.7881393432617188e-07
wands,C2s2,159,False,False,0,0,1.7881393432617188e-07
wands,C2s2,160,False,False,0,0,1.7881393432617188e-07
wands,C2s2,161,False,False,0,0,1.7881393432617188e-07
wands,C2s2,162,False,False,0,0,1.7881393432617188e-07
wands,C2s2,163,False,False,0,0,1.7881393432617188e-07
wands,C2s2,164,False,False,0,0,2.384185791015625e-07
wands,C2s2,165,False,False,0,0,1.7881393432617188e-07
wands,C2s2,166,False,False,0,0,2.384185791015625e-07
wands,C2s2,167,False,False,0,0,1.1920928955078125e-07
wands,C2s2,168,False,False,0,0,1.7881393432617188e-07
wands,C2s2,169,False,False,0,0,1.7881393432617188e-07
wands,C2s2,170,False,False,0,0,1.1920928955078125e-07
wands,C2s2,171,False,False,0,0,1.7881393432617188e-07
wands,C2s2,172,False,False,0,0,1.1920928955078125e-07
wands,C2s2,173,False,False,0,0,1.7881393432617188e-07
wands,C2s2,174,False,False,0,0,1.7881393432617188e-07
wands,C2s2,175,False,False,0,0,1.7881393432617188e-07
wands,C2s2,176,False,False,0,0,1.1920928955078125e-07
wands,C2s2,177,False,False,0,0,1.7881393432617188e-07
wands,C2s2,178,False,False,0,0,1.7881393432617188e-07
wands,C2s2,179,False,False,0,0,1.1920928955078125e-07
wands,C2s2,180,False,False,0,0,2.384185791015625e-07
wands,C2s2,181,False,False,0,0,1.1920928955078125e-07
wands,C2s2,182,False,False,0,0,2.384185791015625e-07
wands,C2s2,183,False,False,0,0,1.7881393432617188e-07
wands,C2s2,184,False,False,0,0,1.7881393432617188e-07
wands,C2s2,185,False,False,0,0,1.7881393432617188e-07
wands,C2s2,186,False,False,0,0,1.1920928955078125e-07
wands,C2s2,188,False,False,0,0,1.7881393432617188e-07
wands,C2s2,189,False,False,0,0,1.7881393432617188e-07
wands,C2s2,190,False,False,0,0,1.7881393432617188e-07
wands,C2s2,191,False,False,0,0,1.7881393432617188e-07
wands,C2s2,193,False,False,0,0,2.384185791015625e-07
wands,C2s2,194,False,False,0,0,1.7881393432617188e-07
wands,C2s2,195,False,False,0,0,2.384185791015625e-07
wands,C2s2,196,False,False,0,0,1.7881393432617188e-07
wands,C2s2,197,False,False,0,0,1.7881393432617188e-07
wands,C2s2,198,False,False,0,0,2.384185791015625e-07
wands,C2s2,199,False,False,0,0,1.7881393432617188e-07
wands,C2s2,200,False,False,0,0,2.384185791015625e-07
wands,C2s2,201,False,False,0,0,2.384185791015625e-07
wands,C2s2,202,False,False,0,0,1.7881393432617188e-07
wands,C2s2,203,False,False,0,0,1.7881393432617188e-07
wands,C2s2,204,False,False,0,0,1.7881393432617188e-07
wands,C2s2,205,False,False,0,0,1.7881393432617188e-07
wands,C2s2,206,False,False,0,0,1.7881393432617188e-07
wands,C2s2,207,False,False,0,0,1.7881393432617188e-07
wands,C2s2,208,False,False,0,0,1.7881393432617188e-07
wands,C2s2,209,False,False,0,0,1.7881393432617188e-07
wands,C2s2,210,False,False,0,0,1.7881393432617188e-07
wands,C2s2,211,False,False,0,0,1.7881393432617188e-07
wands,C2s2,212,False,False,0,0,1.7881393432617188e-07
wands,C2s2,213,False,False,0,0,1.1920928955078125e-07
wands,C2s2,214,False,False,0,0,2.384185791015625e-07
wands,C2s2,215,False,False,0,0,1.7881393432617188e-07
wands,C2s2,216,False,False,0,0,1.7881393432617188e-07
wands,C2s2,218,False,False,0,0,1.7881393432617188e-07
wands,C2s2,219,False,False,0,0,1.7881393432617188e-07
wands,C2s2,220,False,False,0,0,2.384185791015625e-07
wands,C2s2,221,False,False,0,0,2.384185791015625e-07
wands,C2s2,222,False,False,0,0,2.384185791015625e-07
wands,C2s2,223,False,False,0,0,1.1920928955078125e-07
wands,C2s2,224,False,False,0,0,1.7881393432617188e-07
wands,C2s2,225,False,False,0,0,1.7881393432617188e-07
wands,C2s2,226,False,False,0,0,1.7881393432617188e-07
wands,C2s2,227,False,False,0,0,1.7881393432617188e-07
wands,C2s2,228,False,False,0,0,1.1920928955078125e-07
wands,C2s2,229,False,False,0,0,2.384185791015625e-07
wands,C2s2,230,False,False,0,0,1.1920928955078125e-07
wands,C2s2,231,False,False,0,0,1.7881393432617188e-07
wands,C2s2,232,False,False,0,0,1.7881393432617188e-07
wands,C2s2,233,False,False,0,0,1.7881393432617188e-07
wands,C2s2,234,False,False,0,0,1.7881393432617188e-07
wands,C2s2,235,False,False,0,0,1.7881393432617188e-07
wands,C2s2,236,False,False,0,0,1.7881393432617188e-07
wands,C2s2,237,False,False,0,0,1.7881393432617188e-07
wands,C2s2,238,False,False,0,0,2.384185791015625e-07
wands,C2s2,239,False,False,0,0,2.384185791015625e-07
wands,C2s2,240,False,False,0,0,1.7881393432617188e-07
wands,C2s2,241,False,False,0,0,2.384185791015625e-07
wands,C2s2,242,False,False,0,0,1.7881393432617188e-07
wands,C2s2,243,False,False,0,0,2.384185791015625e-07
wands,C2s2,244,False,False,0,0,2.384185791015625e-07
wands,C2s2,245,False,False,0,0,2.384185791015625e-07
wands,C2s2,246,False,False,0,0,1.7881393432617188e-07
wands,C2s2,247,False,False,0,0,1.7881393432617188e-07
wands,C2s2,248,False,False,0,0,1.7881393432617188e-07
wands,C2s2,249,False,False,0,0,2.384185791015625e-07
wands,C2s2,250,False,False,0,0,1.7881393432617188e-07
wands,C2s2,251,False,False,0,0,1.7881393432617188e-07
wands,C2s2,252,False,False,0,0,2.384185791015625e-07
wands,C2s2,253,False,False,0,0,2.384185791015625e-07
wands,C2s2,254,False,False,0,0,1.7881393432617188e-07
wands,C2s2,255,False,False,0,0,1.7881393432617188e-07
wands,C2s2,256,False,False,0,0,1.7881393432617188e-07
wands,C2s2,257,False,False,0,0,2.384185791015625e-07
wands,C2s2,258,False,False,0,0,1.7881393432617188e-07
wands,C2s2,259,False,False,0,0,1.7881393432617188e-07
wands,C2s2,260,False,False,0,0,1.7881393432617188e-07
wands,C2s2,261,False,False,0,0,2.384185791015625e-07
wands,C2s2,262,False,False,0,0,2.384185791015625e-07
wands,C2s2,263,False,False,0,0,2.384185791015625e-07
wands,C2s2,264,False,False,0,0,1.7881393432617188e-07
wands,C2s2,265,False,False,0,0,1.7881393432617188e-07
wands,C2s2,266,False,False,0,0,1.7881393432617188e-07
wands,C2s2,267,False,False,0,0,2.384185791015625e-07
wands,C2s2,268,False,False,0,0,1.7881393432617188e-07
wands,C2s2,269,False,False,0,0,1.7881393432617188e-07
wands,C2s2,270,False,False,0,0,2.384185791015625e-07
wands,C2s2,271,False,False,0,0,2.384185791015625e-07
wands,C2s2,272,False,False,0,0,1.7881393432617188e-07
wands,C2s2,273,False,False,0,0,1.7881393432617188e-07
wands,C2s2,274,False,False,0,0,1.7881393432617188e-07
wands,C2s2,275,False,False,0,0,1.7881393432617188e-07
wands,C2s2,276,False,False,0,0,2.384185791015625e-07
wands,C2s2,277,False,False,0,0,2.384185791015625e-07
wands,C2s2,278,False,False,0,0,1.7881393432617188e-07
wands,C2s2,279,False,False,0,0,1.7881393432617188e-07
wands,C2s2,280,False,False,0,0,2.384185791015625e-07
wands,C2s2,281,False,False,0,0,1.7881393432617188e-07
wands,C2s2,282,False,False,0,0,2.384185791015625e-07
wands,C2s2,283,False,False,0,0,1.7881393432617188e-07
wands,C2s2,284,False,False,0,0,1.7881393432617188e-07
wands,C2s2,285,False,False,0,0,1.7881393432617188e-07
wands,C2s2,286,False,False,0,0,2.384185791015625e-07
wands,C2s2,287,False,False,0,0,1.7881393432617188e-07
wands,C2s2,288,False,False,0,0,2.384185791015625e-07
wands,C2s2,289,False,False,0,0,1.7881393432617188e-07
wands,C2s2,290,False,False,0,0,1.7881393432617188e-07
wands,C2s2,291,False,False,0,0,2.384185791015625e-07
wands,C2s2,292,False,False,0,0,1.7881393432617188e-07
wands,C2s2,293,False,False,0,0,1.7881393432617188e-07
wands,C2s2,294,False,False,0,0,1.7881393432617188e-07
wands,C2s2,295,False,False,0,0,1.7881393432617188e-07
wands,C2s2,296,False,False,0,0,1.7881393432617188e-07
wands,C2s2,297,False,False,0,0,1.7881393432617188e-07
wands,C2s2,298,False,False,0,0,1.7881393432617188e-07
wands,C2s2,300,False,False,0,0,2.384185791015625e-07
wands,C2s2,301,False,False,0,0,1.7881393432617188e-07
wands,C2s2,302,False,False,0,0,1.7881393432617188e-07
wands,C2s2,303,False,False,0,0,1.7881393432617188e-07
wands,C2s2,304,False,False,0,0,1.7881393432617188e-07
wands,C2s2,305,False,False,0,0,1.7881393432617188e-07
wands,C2s2,306,False,False,0,0,1.7881393432617188e-07
wands,C2s2,307,False,False,0,0,1.7881393432617188e-07
wands,C2s2,308,False,False,0,0,1.7881393432617188e-07
wands,C2s2,309,False,False,0,0,1.7881393432617188e-07
wands,C2s2,310,False,False,0,0,1.7881393432617188e-07
wands,C2s2,311,False,False,0,0,2.384185791015625e-07
wands,C2s2,312,False,False,0,0,1.7881393432617188e-07
wands,C2s2,313,False,False,0,0,1.1920928955078125e-07
wands,C2s2,314,False,False,0,0,2.384185791015625e-07
wands,C2s2,315,False,False,0,0,1.7881393432617188e-07
wands,C2s2,316,False,False,0,0,2.384185791015625e-07
wands,C2s2,317,False,False,0,0,2.384185791015625e-07
wands,C2s2,318,False,False,0,0,1.7881393432617188e-07
wands,C2s2,319,False,False,0,0,2.384185791015625e-07
wands,C2s2,320,False,False,0,0,1.7881393432617188e-07
wands,C2s2,321,False,False,0,0,1.7881393432617188e-07
wands,C2s2,322,False,False,0,0,1.7881393432617188e-07
wands,C2s2,323,False,False,0,0,1.7881393432617188e-07
wands,C2s2,324,False,False,0,0,1.7881393432617188e-07
wands,C2s2,325,False,False,0,0,1.7881393432617188e-07
wands,C2s2,326,False,False,0,0,1.7881393432617188e-07
wands,C2s2,327,False,False,0,0,1.7881393432617188e-07
wands,C2s2,328,False,False,0,0,1.7881393432617188e-07
wands,C2s2,329,False,False,0,0,1.1920928955078125e-07
wands,C2s2,330,False,False,0,0,1.7881393432617188e-07
wands,C2s2,331,False,False,0,0,1.7881393432617188e-07
wands,C2s2,332,False,False,0,0,1.7881393432617188e-07
wands,C2s2,333,False,False,0,0,2.384185791015625e-07
wands,C2s2,334,False,False,0,0,1.7881393432617188e-07
wands,C2s2,335,False,False,0,0,1.7881393432617188e-07
wands,C2s2,336,False,False,0,0,1.7881393432617188e-07
wands,C2s2,337,False,False,0,0,1.1920928955078125e-07
wands,C2s2,338,False,False,0,0,2.384185791015625e-07
wands,C2s2,339,False,False,0,0,1.7881393432617188e-07
wands,C2s2,340,False,False,0,0,1.7881393432617188e-07
wands,C2s2,341,False,False,0,0,1.1920928955078125e-07
wands,C2s2,342,False,False,0,0,2.384185791015625e-07
wands,C2s2,343,False,False,0,0,2.980232238769531e-07
wands,C2s2,344,False,False,0,0,1.7881393432617188e-07
wands,C2s2,345,False,False,0,0,1.7881393432617188e-07
wands,C2s2,346,False,False,0,0,2.384185791015625e-07
wands,C2s2,347,False,False,0,0,1.7881393432617188e-07
wands,C2s2,348,False,False,0,0,1.1920928955078125e-07
wands,C2s2,349,False,False,0,0,1.1920928955078125e-07
wands,C2s2,351,False,False,0,0,1.7881393432617188e-07
wands,C2s2,352,False,False,0,0,1.1920928955078125e-07
wands,C2s2,353,False,False,0,0,1.1920928955078125e-07
wands,C2s2,354,False,True,0,0,1.1920928955078125e-07
wands,C2s2,355,False,False,0,0,1.1920928955078125e-07
wands,C2s2,356,False,False,0,0,1.7881393432617188e-07
wands,C2s2,357,False,False,0,0,2.384185791015625e-07
wands,C2s2,358,False,False,0,0,1.7881393432617188e-07
wands,C2s2,359,False,False,0,0,1.1920928955078125e-07
wands,C2s2,360,False,False,0,0,2.384185791015625e-07
wands,C2s2,361,False,False,0,0,1.1920928955078125e-07
wands,C2s2,362,False,False,0,0,1.7881393432617188e-07
wands,C2s2,363,False,False,0,0,1.7881393432617188e-07
wands,C2s2,364,False,False,0,0,2.086162567138672e-07
wands,C2s2,365,False,False,0,0,1.1920928955078125e-07
wands,C2s2,366,False,False,0,0,1.7881393432617188e-07
wands,C2s2,367,False,False,0,0,1.1920928955078125e-07
wands,C2s2,368,False,False,0,0,1.7881393432617188e-07
wands,C2s2,369,False,False,0,0,1.7881393432617188e-07
wands,C2s2,370,False,False,0,0,1.7881393432617188e-07
wands,C2s2,371,False,False,0,0,2.384185791015625e-07
wands,C2s2,372,False,False,0,0,1.7881393432617188e-07
wands,C2s2,373,False,False,0,0,1.7881393432617188e-07
wands,C2s2,374,False,False,0,0,1.7881393432617188e-07
wands,C2s2,375,False,False,0,0,1.7881393432617188e-07
wands,C2s2,376,False,False,0,0,1.7881393432617188e-07
wands,C2s2,377,False,False,0,0,1.7881393432617188e-07
wands,C2s2,378,False,False,0,0,2.384185791015625e-07
wands,C2s2,379,False,False,0,0,1.7881393432617188e-07
wands,C2s2,380,False,False,0,0,2.384185791015625e-07
wands,C2s2,381,False,False,0,0,2.384185791015625e-07
wands,C2s2,382,False,False,0,0,1.7881393432617188e-07
wands,C2s2,383,False,False,0,0,1.1920928955078125e-07
wands,C2s2,384,False,False,0,0,1.7881393432617188e-07
wands,C2s2,385,False,False,0,0,1.7881393432617188e-07
wands,C2s2,386,False,False,0,0,1.7881393432617188e-07
wands,C2s2,387,False,False,0,0,2.384185791015625e-07
wands,C2s2,388,False,False,0,0,2.384185791015625e-07
wands,C2s2,389,False,False,0,0,1.7881393432617188e-07
wands,C2s2,390,False,False,0,0,1.7881393432617188e-07
wands,C2s2,391,False,False,0,0,1.7881393432617188e-07
wands,C2s2,392,False,False,0,0,1.7881393432617188e-07
wands,C2s2,393,False,False,0,0,1.7881393432617188e-07
wands,C2s2,394,False,False,0,0,1.7881393432617188e-07
wands,C2s2,395,False,False,0,0,1.1920928955078125e-07
wands,C2s2,396,False,False,0,0,1.7881393432617188e-07
wands,C2s2,397,False,False,0,0,1.7881393432617188e-07
wands,C2s2,398,False,False,0,0,1.7881393432617188e-07
wands,C2s2,399,False,False,0,0,1.1920928955078125e-07
wands,C2s2,400,False,False,0,0,1.7881393432617188e-07
wands,C2s2,401,False,False,0,0,1.7881393432617188e-07
wands,C2s2,402,False,False,0,0,1.7881393432617188e-07
wands,C2s2,403,False,False,0,0,1.7881393432617188e-07
wands,C2s2,404,False,False,0,0,2.384185791015625e-07
wands,C2s2,405,False,False,0,0,2.384185791015625e-07
wands,C2s2,406,False,False,0,0,1.7881393432617188e-07
wands,C2s2,407,False,False,0,0,1.7881393432617188e-07
wands,C2s2,408,False,False,0,0,1.7881393432617188e-07
wands,C2s2,409,False,False,0,0,1.7881393432617188e-07
wands,C2s2,410,False,False,0,0,1.7881393432617188e-07
wands,C2s2,411,False,False,0,0,2.384185791015625e-07
wands,C2s2,412,False,False,0,0,1.7881393432617188e-07
wands,C2s2,413,False,False,0,0,2.384185791015625e-07
wands,C2s2,414,False,False,0,0,2.384185791015625e-07
wands,C2s2,415,False,False,0,0,1.7881393432617188e-07
wands,C2s2,416,False,False,0,0,2.384185791015625e-07
wands,C2s2,417,False,False,0,0,1.1920928955078125e-07
wands,C2s2,418,False,False,0,0,2.384185791015625e-07
wands,C2s2,419,False,False,0,0,1.7881393432617188e-07
wands,C2s2,420,False,False,0,0,1.7881393432617188e-07
wands,C2s2,421,False,False,0,0,2.384185791015625e-07
wands,C2s2,422,False,False,0,0,1.7881393432617188e-07
wands,C2s2,423,False,False,0,0,1.7881393432617188e-07
wands,C2s2,424,False,False,0,0,1.7881393432617188e-07
wands,C2s2,425,False,False,0,0,1.7881393432617188e-07
wands,C2s2,426,False,False,0,0,2.980232238769531e-07
wands,C2s2,427,False,False,0,0,1.7881393432617188e-07
wands,C2s2,428,False,False,0,0,1.7881393432617188e-07
wands,C2s2,429,False,False,0,0,1.7881393432617188e-07
wands,C2s2,430,False,False,0,0,1.7881393432617188e-07
wands,C2s2,431,False,False,0,0,1.7881393432617188e-07
wands,C2s2,432,False,False,0,0,1.1920928955078125e-07
wands,C2s2,433,False,False,0,0,2.384185791015625e-07
wands,C2s2,434,False,False,0,0,2.980232238769531e-07
wands,C2s2,435,False,False,0,0,1.7881393432617188e-07
wands,C2s2,436,False,False,0,0,1.7881393432617188e-07
wands,C2s2,437,False,False,0,0,2.384185791015625e-07
wands,C2s2,438,False,False,0,0,2.384185791015625e-07
wands,C2s2,439,False,False,0,0,2.384185791015625e-07
wands,C2s2,440,False,False,0,0,1.7881393432617188e-07
wands,C2s2,441,False,False,0,0,2.384185791015625e-07
wands,C2s2,442,False,False,0,0,1.7881393432617188e-07
wands,C2s2,443,False,False,0,0,2.384185791015625e-07
wands,C2s2,444,False,False,0,0,2.384185791015625e-07
wands,C2s2,445,False,False,0,0,2.384185791015625e-07
wands,C2s2,446,False,False,0,0,2.384185791015625e-07
wands,C2s2,447,False,False,0,0,2.384185791015625e-07
wands,C2s2,448,False,False,0,0,1.7881393432617188e-07
wands,C2s2,449,False,False,0,0,1.7881393432617188e-07
wands,C2s2,451,False,False,0,0,1.1920928955078125e-07
wands,C2s2,452,False,False,0,0,2.384185791015625e-07
wands,C2s2,453,False,False,0,0,1.7881393432617188e-07
wands,C2s2,454,False,False,0,0,1.7881393432617188e-07
wands,C2s2,455,False,False,0,0,1.7881393432617188e-07
wands,C2s2,456,False,False,0,0,2.384185791015625e-07
wands,C2s2,457,False,False,0,0,1.7881393432617188e-07
wands,C2s2,458,False,False,0,0,1.7881393432617188e-07
wands,C2s2,459,False,False,0,0,1.7881393432617188e-07
wands,C2s2,460,False,False,0,0,1.1920928955078125e-07
wands,C2s2,461,False,False,0,0,1.7881393432617188e-07
wands,C2s2,462,False,False,0,0,1.7881393432617188e-07
wands,C2s2,463,False,False,0,0,2.384185791015625e-07
wands,C2s2,464,False,False,0,0,2.384185791015625e-07
wands,C2s2,465,False,False,0,0,2.980232238769531e-07
wands,C2s2,466,False,False,0,0,1.7881393432617188e-07
wands,C2s2,467,False,False,0,0,2.384185791015625e-07
wands,C2s2,468,False,False,0,0,2.980232238769531e-07
wands,C2s2,469,False,False,0,0,1.7881393432617188e-07
wands,C2s2,470,False,False,0,0,1.1920928955078125e-07
wands,C2s2,471,False,False,0,0,2.384185791015625e-07
wands,C2s2,472,False,False,0,0,2.384185791015625e-07
wands,C2s2,473,False,False,0,0,2.384185791015625e-07
wands,C2s2,474,False,False,0,0,1.7881393432617188e-07
wands,C2s2,475,False,False,0,0,1.1920928955078125e-07
wands,C2s2,476,False,False,0,0,1.7881393432617188e-07
wands,C2s2,478,False,False,0,0,2.384185791015625e-07
wands,C2s2,479,False,False,0,0,1.1920928955078125e-07
wands,C2s2,480,False,False,0,0,1.7881393432617188e-07
wands,C2s2,481,False,False,0,0,1.7881393432617188e-07
wands,C2s2,482,False,False,0,0,1.7881393432617188e-07
wands,C2s2,483,False,False,0,0,2.384185791015625e-07
wands,C2s2,484,False,False,0,0,1.7881393432617188e-07
wands,C2s2,485,False,False,0,0,1.7881393432617188e-07
wands,C2s2,486,False,False,0,0,1.7881393432617188e-07
wands,C2s2,487,False,False,0,0,1.7881393432617188e-07
wands,C2s3,0,False,False,0,0,1.7881393432617188e-07
wands,C2s3,1,False,False,0,0,1.7881393432617188e-07
wands,C2s3,2,False,False,0,0,1.7881393432617188e-07
wands,C2s3,3,False,False,0,0,1.1920928955078125e-07
wands,C2s3,4,False,False,0,0,2.384185791015625e-07
wands,C2s3,5,False,False,0,0,2.384185791015625e-07
wands,C2s3,6,False,False,0,0,1.7881393432617188e-07
wands,C2s3,7,False,False,0,0,2.384185791015625e-07
wands,C2s3,8,False,True,0,0,1.7881393432617188e-07
wands,C2s3,9,False,False,0,0,1.7881393432617188e-07
wands,C2s3,10,False,False,0,0,1.7881393432617188e-07
wands,C2s3,11,False,False,0,0,1.7881393432617188e-07
wands,C2s3,12,False,False,0,0,1.7881393432617188e-07
wands,C2s3,13,False,False,0,0,1.7881393432617188e-07
wands,C2s3,14,False,False,0,0,1.7881393432617188e-07
wands,C2s3,15,False,False,0,0,2.384185791015625e-07
wands,C2s3,16,False,False,0,0,1.7881393432617188e-07
wands,C2s3,17,False,False,0,0,1.1920928955078125e-07
wands,C2s3,18,False,False,0,0,1.7881393432617188e-07
wands,C2s3,19,False,False,0,0,1.1920928955078125e-07
wands,C2s3,20,False,False,0,0,1.7881393432617188e-07
wands,C2s3,21,False,False,0,0,2.384185791015625e-07
wands,C2s3,22,False,False,0,0,1.7881393432617188e-07
wands,C2s3,23,False,False,0,0,1.7881393432617188e-07
wands,C2s3,24,False,False,0,0,2.384185791015625e-07
wands,C2s3,25,False,False,0,0,1.7881393432617188e-07
wands,C2s3,26,False,False,0,0,2.384185791015625e-07
wands,C2s3,27,False,False,0,0,1.7881393432617188e-07
wands,C2s3,28,False,False,0,0,1.7881393432617188e-07
wands,C2s3,29,False,False,0,0,2.384185791015625e-07
wands,C2s3,30,False,False,0,0,1.7881393432617188e-07
wands,C2s3,31,False,False,0,0,1.1920928955078125e-07
wands,C2s3,32,False,False,0,0,1.7881393432617188e-07
wands,C2s3,33,False,False,0,0,1.1920928955078125e-07
wands,C2s3,34,False,False,0,0,2.384185791015625e-07
wands,C2s3,35,False,False,0,0,2.384185791015625e-07
wands,C2s3,36,False,False,0,0,2.384185791015625e-07
wands,C2s3,37,False,False,0,0,1.7881393432617188e-07
wands,C2s3,38,False,False,0,0,2.384185791015625e-07
wands,C2s3,39,False,False,0,0,1.7881393432617188e-07
wands,C2s3,40,False,False,0,0,1.7881393432617188e-07
wands,C2s3,41,False,False,0,0,1.7881393432617188e-07
wands,C2s3,42,False,False,0,0,1.7881393432617188e-07
wands,C2s3,43,False,False,0,0,1.7881393432617188e-07
wands,C2s3,44,False,False,0,0,1.7881393432617188e-07
wands,C2s3,45,False,False,0,0,1.7881393432617188e-07
wands,C2s3,46,False,False,0,0,1.7881393432617188e-07
wands,C2s3,47,False,False,0,0,2.384185791015625e-07
wands,C2s3,48,False,False,0,0,1.7881393432617188e-07
wands,C2s3,49,False,False,0,0,1.7881393432617188e-07
wands,C2s3,50,False,False,0,0,2.384185791015625e-07
wands,C2s3,51,False,False,0,0,2.384185791015625e-07
wands,C2s3,52,False,False,0,0,1.1920928955078125e-07
wands,C2s3,53,False,False,0,0,1.7881393432617188e-07
wands,C2s3,54,False,False,0,0,1.7881393432617188e-07
wands,C2s3,55,False,False,0,0,2.384185791015625e-07
wands,C2s3,56,False,False,0,0,1.7881393432617188e-07
wands,C2s3,57,False,False,0,0,1.7881393432617188e-07
wands,C2s3,58,False,False,0,0,1.7881393432617188e-07
wands,C2s3,59,False,False,0,0,1.7881393432617188e-07
wands,C2s3,60,False,False,0,0,1.7881393432617188e-07
wands,C2s3,61,False,False,0,0,1.7881393432617188e-07
wands,C2s3,62,False,False,0,0,2.980232238769531e-07
wands,C2s3,63,False,False,0,0,1.7881393432617188e-07
wands,C2s3,64,False,False,0,0,1.1920928955078125e-07
wands,C2s3,65,False,False,0,0,1.7881393432617188e-07
wands,C2s3,66,False,False,0,0,1.7881393432617188e-07
wands,C2s3,67,False,False,0,0,2.384185791015625e-07
wands,C2s3,68,False,False,0,0,1.7881393432617188e-07
wands,C2s3,69,False,False,0,0,1.7881393432617188e-07
wands,C2s3,70,False,False,0,0,1.1920928955078125e-07
wands,C2s3,71,False,False,0,0,2.384185791015625e-07
wands,C2s3,72,False,False,0,0,1.7881393432617188e-07
wands,C2s3,73,False,False,0,0,1.7881393432617188e-07
wands,C2s3,74,False,False,0,0,1.1920928955078125e-07
wands,C2s3,75,False,False,0,0,1.7881393432617188e-07
wands,C2s3,76,False,False,0,0,1.7881393432617188e-07
wands,C2s3,77,False,False,0,0,1.7881393432617188e-07
wands,C2s3,78,False,False,0,0,1.7881393432617188e-07
wands,C2s3,79,False,False,0,0,1.1920928955078125e-07
wands,C2s3,80,False,False,0,0,1.7881393432617188e-07
wands,C2s3,81,False,False,0,0,1.7881393432617188e-07
wands,C2s3,82,False,False,0,0,1.7881393432617188e-07
wands,C2s3,83,False,False,0,0,1.7881393432617188e-07
wands,C2s3,84,False,False,0,0,1.7881393432617188e-07
wands,C2s3,85,False,False,0,0,1.7881393432617188e-07
wands,C2s3,86,False,False,0,0,1.7881393432617188e-07
wands,C2s3,87,False,False,0,0,2.384185791015625e-07
wands,C2s3,88,False,False,0,0,1.7881393432617188e-07
wands,C2s3,89,False,False,0,0,1.7881393432617188e-07
wands,C2s3,90,False,False,0,0,1.7881393432617188e-07
wands,C2s3,91,False,False,0,0,2.384185791015625e-07
wands,C2s3,92,False,False,0,0,2.384185791015625e-07
wands,C2s3,93,False,False,0,0,2.384185791015625e-07
wands,C2s3,94,False,False,0,0,1.7881393432617188e-07
wands,C2s3,95,False,False,0,0,1.7881393432617188e-07
wands,C2s3,96,False,False,0,0,1.7881393432617188e-07
wands,C2s3,97,False,False,0,0,1.7881393432617188e-07
wands,C2s3,98,False,False,0,0,1.7881393432617188e-07
wands,C2s3,99,False,False,0,0,1.7881393432617188e-07
wands,C2s3,100,False,False,0,0,1.7881393432617188e-07
wands,C2s3,101,False,False,0,0,1.7881393432617188e-07
wands,C2s3,102,False,False,0,0,1.7881393432617188e-07
wands,C2s3,103,False,False,0,0,1.7881393432617188e-07
wands,C2s3,104,False,False,0,0,1.1920928955078125e-07
wands,C2s3,105,False,False,0,0,1.7881393432617188e-07
wands,C2s3,106,False,False,0,0,1.7881393432617188e-07
wands,C2s3,107,False,False,0,0,1.7881393432617188e-07
wands,C2s3,108,False,False,0,0,1.7881393432617188e-07
wands,C2s3,109,False,False,0,0,1.7881393432617188e-07
wands,C2s3,110,False,False,0,0,1.7881393432617188e-07
wands,C2s3,111,False,False,0,0,1.7881393432617188e-07
wands,C2s3,112,False,False,0,0,1.7881393432617188e-07
wands,C2s3,113,False,False,0,0,1.7881393432617188e-07
wands,C2s3,114,False,False,0,0,2.384185791015625e-07
wands,C2s3,115,False,False,0,0,1.7881393432617188e-07
wands,C2s3,116,False,False,0,0,1.7881393432617188e-07
wands,C2s3,117,False,False,0,0,1.7881393432617188e-07
wands,C2s3,118,False,False,0,0,1.7881393432617188e-07
wands,C2s3,119,False,False,0,0,2.384185791015625e-07
wands,C2s3,120,False,False,0,0,2.384185791015625e-07
wands,C2s3,121,False,False,0,0,1.7881393432617188e-07
wands,C2s3,122,False,False,0,0,1.7881393432617188e-07
wands,C2s3,123,False,False,0,0,2.384185791015625e-07
wands,C2s3,124,False,False,0,0,2.384185791015625e-07
wands,C2s3,125,False,False,0,0,1.7881393432617188e-07
wands,C2s3,126,False,False,0,0,1.7881393432617188e-07
wands,C2s3,127,False,False,0,0,1.7881393432617188e-07
wands,C2s3,128,False,False,0,0,1.7881393432617188e-07
wands,C2s3,129,False,False,0,0,1.7881393432617188e-07
wands,C2s3,130,False,False,0,0,1.7881393432617188e-07
wands,C2s3,131,False,False,0,0,2.384185791015625e-07
wands,C2s3,132,False,False,0,0,1.7881393432617188e-07
wands,C2s3,133,False,False,0,0,1.7881393432617188e-07
wands,C2s3,134,False,False,0,0,2.384185791015625e-07
wands,C2s3,135,False,False,0,0,2.384185791015625e-07
wands,C2s3,136,False,False,0,0,1.7881393432617188e-07
wands,C2s3,137,False,False,0,0,1.7881393432617188e-07
wands,C2s3,138,False,False,0,0,1.7881393432617188e-07
wands,C2s3,139,False,False,0,0,1.7881393432617188e-07
wands,C2s3,140,False,False,0,0,1.7881393432617188e-07
wands,C2s3,141,False,False,0,0,1.7881393432617188e-07
wands,C2s3,142,False,False,0,0,2.384185791015625e-07
wands,C2s3,143,False,False,0,0,1.7881393432617188e-07
wands,C2s3,144,False,False,0,0,2.384185791015625e-07
wands,C2s3,145,False,False,0,0,1.1920928955078125e-07
wands,C2s3,146,False,False,0,0,1.7881393432617188e-07
wands,C2s3,147,False,False,0,0,1.7881393432617188e-07
wands,C2s3,148,False,False,0,0,1.7881393432617188e-07
wands,C2s3,149,False,False,0,0,1.7881393432617188e-07
wands,C2s3,150,False,False,0,0,1.7881393432617188e-07
wands,C2s3,151,False,False,0,0,1.7881393432617188e-07
wands,C2s3,152,False,False,0,0,1.7881393432617188e-07
wands,C2s3,153,False,False,0,0,1.1920928955078125e-07
wands,C2s3,155,False,False,0,0,1.7881393432617188e-07
wands,C2s3,156,False,False,0,0,1.7881393432617188e-07
wands,C2s3,157,False,False,0,0,2.384185791015625e-07
wands,C2s3,158,False,False,0,0,1.7881393432617188e-07
wands,C2s3,159,False,False,0,0,1.1920928955078125e-07
wands,C2s3,160,False,False,0,0,1.7881393432617188e-07
wands,C2s3,161,False,False,0,0,1.7881393432617188e-07
wands,C2s3,162,False,False,0,0,1.7881393432617188e-07
wands,C2s3,163,False,False,0,0,1.7881393432617188e-07
wands,C2s3,164,False,False,0,0,2.384185791015625e-07
wands,C2s3,165,False,False,0,0,1.7881393432617188e-07
wands,C2s3,166,False,False,0,0,1.7881393432617188e-07
wands,C2s3,167,False,False,0,0,1.7881393432617188e-07
wands,C2s3,168,False,False,0,0,1.7881393432617188e-07
wands,C2s3,169,False,False,0,0,1.7881393432617188e-07
wands,C2s3,170,False,False,0,0,1.7881393432617188e-07
wands,C2s3,171,False,False,0,0,1.7881393432617188e-07
wands,C2s3,172,False,False,0,0,1.7881393432617188e-07
wands,C2s3,173,False,False,0,0,1.7881393432617188e-07
wands,C2s3,174,False,False,0,0,1.7881393432617188e-07
wands,C2s3,175,False,False,0,0,2.384185791015625e-07
wands,C2s3,176,False,False,0,0,1.7881393432617188e-07
wands,C2s3,177,False,False,0,0,1.7881393432617188e-07
wands,C2s3,178,False,False,0,0,1.7881393432617188e-07
wands,C2s3,179,False,False,0,0,1.1920928955078125e-07
wands,C2s3,180,False,False,0,0,2.384185791015625e-07
wands,C2s3,181,False,False,0,0,1.7881393432617188e-07
wands,C2s3,182,False,False,0,0,1.7881393432617188e-07
wands,C2s3,183,False,False,0,0,2.384185791015625e-07
wands,C2s3,184,False,False,0,0,1.7881393432617188e-07
wands,C2s3,185,False,False,0,0,1.7881393432617188e-07
wands,C2s3,186,False,False,0,0,2.384185791015625e-07
wands,C2s3,188,False,False,0,0,1.7881393432617188e-07
wands,C2s3,189,False,False,0,0,1.7881393432617188e-07
wands,C2s3,190,False,False,0,0,1.7881393432617188e-07
wands,C2s3,191,False,False,0,0,1.7881393432617188e-07
wands,C2s3,193,False,False,0,0,1.7881393432617188e-07
wands,C2s3,194,False,False,0,0,2.384185791015625e-07
wands,C2s3,195,False,False,0,0,1.7881393432617188e-07
wands,C2s3,196,False,False,0,0,1.7881393432617188e-07
wands,C2s3,197,False,False,0,0,1.7881393432617188e-07
wands,C2s3,198,False,False,0,0,1.7881393432617188e-07
wands,C2s3,199,False,False,0,0,2.384185791015625e-07
wands,C2s3,200,False,False,0,0,1.7881393432617188e-07
wands,C2s3,201,False,False,0,0,1.7881393432617188e-07
wands,C2s3,202,False,False,0,0,1.7881393432617188e-07
wands,C2s3,203,False,False,0,0,1.7881393432617188e-07
wands,C2s3,204,False,False,0,0,1.7881393432617188e-07
wands,C2s3,205,False,False,0,0,1.7881393432617188e-07
wands,C2s3,206,False,False,0,0,1.7881393432617188e-07
wands,C2s3,207,False,False,0,0,1.7881393432617188e-07
wands,C2s3,208,False,False,0,0,1.7881393432617188e-07
wands,C2s3,209,False,False,0,0,2.384185791015625e-07
wands,C2s3,210,False,False,0,0,1.7881393432617188e-07
wands,C2s3,211,False,False,0,0,1.7881393432617188e-07
wands,C2s3,212,False,False,0,0,2.384185791015625e-07
wands,C2s3,213,False,False,0,0,1.7881393432617188e-07
wands,C2s3,214,False,False,0,0,1.7881393432617188e-07
wands,C2s3,215,False,False,0,0,1.7881393432617188e-07
wands,C2s3,216,False,False,0,0,2.980232238769531e-07
wands,C2s3,218,False,False,0,0,1.1920928955078125e-07
wands,C2s3,219,False,False,0,0,1.7881393432617188e-07
wands,C2s3,220,False,False,0,0,1.7881393432617188e-07
wands,C2s3,221,False,False,0,0,2.384185791015625e-07
wands,C2s3,222,False,False,0,0,1.7881393432617188e-07
wands,C2s3,223,False,False,0,0,1.1920928955078125e-07
wands,C2s3,224,False,False,0,0,1.7881393432617188e-07
wands,C2s3,225,False,False,0,0,1.7881393432617188e-07
wands,C2s3,226,False,False,0,0,1.7881393432617188e-07
wands,C2s3,227,False,False,0,0,1.7881393432617188e-07
wands,C2s3,228,False,False,0,0,1.7881393432617188e-07
wands,C2s3,229,False,False,0,0,1.7881393432617188e-07
wands,C2s3,230,False,False,0,0,1.1920928955078125e-07
wands,C2s3,231,False,False,0,0,1.7881393432617188e-07
wands,C2s3,232,False,False,0,0,1.7881393432617188e-07
wands,C2s3,233,False,False,0,0,2.384185791015625e-07
wands,C2s3,234,False,False,0,0,1.7881393432617188e-07
wands,C2s3,235,False,False,0,0,1.7881393432617188e-07
wands,C2s3,236,False,False,0,0,1.7881393432617188e-07
wands,C2s3,237,False,False,0,0,2.384185791015625e-07
wands,C2s3,238,False,False,0,0,1.7881393432617188e-07
wands,C2s3,239,False,False,0,0,2.384185791015625e-07
wands,C2s3,240,False,False,0,0,1.7881393432617188e-07
wands,C2s3,241,False,False,0,0,2.384185791015625e-07
wands,C2s3,242,False,False,0,0,2.384185791015625e-07
wands,C2s3,243,False,False,0,0,1.7881393432617188e-07
wands,C2s3,244,False,False,0,0,1.7881393432617188e-07
wands,C2s3,245,False,False,0,0,1.7881393432617188e-07
wands,C2s3,246,False,False,0,0,1.7881393432617188e-07
wands,C2s3,247,False,False,0,0,2.384185791015625e-07
wands,C2s3,248,False,False,0,0,1.7881393432617188e-07
wands,C2s3,249,False,False,0,0,1.7881393432617188e-07
wands,C2s3,250,False,False,0,0,1.1920928955078125e-07
wands,C2s3,251,False,False,0,0,1.7881393432617188e-07
wands,C2s3,252,False,False,0,0,1.7881393432617188e-07
wands,C2s3,253,False,False,0,0,1.1920928955078125e-07
wands,C2s3,254,False,False,0,0,1.7881393432617188e-07
wands,C2s3,255,False,False,0,0,1.7881393432617188e-07
wands,C2s3,256,False,False,0,0,2.384185791015625e-07
wands,C2s3,257,False,False,0,0,2.384185791015625e-07
wands,C2s3,258,False,False,0,0,2.384185791015625e-07
wands,C2s3,259,False,False,0,0,2.384185791015625e-07
wands,C2s3,260,False,False,0,0,2.980232238769531e-07
wands,C2s3,261,False,False,0,0,1.7881393432617188e-07
wands,C2s3,262,False,False,0,0,1.7881393432617188e-07
wands,C2s3,263,False,False,0,0,1.7881393432617188e-07
wands,C2s3,264,False,False,0,0,1.7881393432617188e-07
wands,C2s3,265,False,False,0,0,1.7881393432617188e-07
wands,C2s3,266,False,False,0,0,1.7881393432617188e-07
wands,C2s3,267,False,False,0,0,1.7881393432617188e-07
wands,C2s3,268,False,False,0,0,1.7881393432617188e-07
wands,C2s3,269,False,False,0,0,1.7881393432617188e-07
wands,C2s3,270,False,False,0,0,1.7881393432617188e-07
wands,C2s3,271,False,False,0,0,1.7881393432617188e-07
wands,C2s3,272,False,False,0,0,1.7881393432617188e-07
wands,C2s3,273,False,False,0,0,1.7881393432617188e-07
wands,C2s3,274,False,False,0,0,1.7881393432617188e-07
wands,C2s3,275,False,False,0,0,1.7881393432617188e-07
wands,C2s3,276,False,False,0,0,2.384185791015625e-07
wands,C2s3,277,False,False,0,0,2.384185791015625e-07
wands,C2s3,278,False,False,0,0,1.1920928955078125e-07
wands,C2s3,279,False,False,0,0,1.1920928955078125e-07
wands,C2s3,280,False,False,0,0,1.7881393432617188e-07
wands,C2s3,281,False,False,0,0,1.7881393432617188e-07
wands,C2s3,282,False,False,0,0,1.7881393432617188e-07
wands,C2s3,283,False,False,0,0,1.7881393432617188e-07
wands,C2s3,284,False,False,0,0,2.384185791015625e-07
wands,C2s3,285,False,False,0,0,1.7881393432617188e-07
wands,C2s3,286,False,False,0,0,1.7881393432617188e-07
wands,C2s3,287,False,False,0,0,1.7881393432617188e-07
wands,C2s3,288,False,False,0,0,2.384185791015625e-07
wands,C2s3,289,False,False,0,0,1.7881393432617188e-07
wands,C2s3,290,False,False,0,0,1.7881393432617188e-07
wands,C2s3,291,False,False,0,0,1.7881393432617188e-07
wands,C2s3,292,False,False,0,0,1.7881393432617188e-07
wands,C2s3,293,False,False,0,0,1.7881393432617188e-07
wands,C2s3,294,False,False,0,0,1.7881393432617188e-07
wands,C2s3,295,False,False,0,0,1.7881393432617188e-07
wands,C2s3,296,False,False,0,0,1.1920928955078125e-07
wands,C2s3,297,False,False,0,0,1.7881393432617188e-07
wands,C2s3,298,False,False,0,0,1.7881393432617188e-07
wands,C2s3,300,False,False,0,0,1.7881393432617188e-07
wands,C2s3,301,False,False,0,0,1.7881393432617188e-07
wands,C2s3,302,False,False,0,0,1.7881393432617188e-07
wands,C2s3,303,False,False,0,0,1.1920928955078125e-07
wands,C2s3,304,False,False,0,0,1.1920928955078125e-07
wands,C2s3,305,False,False,0,0,1.7881393432617188e-07
wands,C2s3,306,False,False,0,0,1.7881393432617188e-07
wands,C2s3,307,False,False,0,0,1.7881393432617188e-07
wands,C2s3,308,False,False,0,0,1.7881393432617188e-07
wands,C2s3,309,False,False,0,0,1.7881393432617188e-07
wands,C2s3,310,False,False,0,0,1.7881393432617188e-07
wands,C2s3,311,False,False,0,0,1.7881393432617188e-07
wands,C2s3,312,False,False,0,0,1.7881393432617188e-07
wands,C2s3,313,False,False,0,0,1.7881393432617188e-07
wands,C2s3,314,False,False,0,0,2.384185791015625e-07
wands,C2s3,315,False,False,0,0,1.7881393432617188e-07
wands,C2s3,316,False,False,0,0,2.384185791015625e-07
wands,C2s3,317,False,False,0,0,2.384185791015625e-07
wands,C2s3,318,False,False,0,0,1.7881393432617188e-07
wands,C2s3,319,False,False,0,0,1.7881393432617188e-07
wands,C2s3,320,False,False,0,0,1.7881393432617188e-07
wands,C2s3,321,False,False,0,0,1.7881393432617188e-07
wands,C2s3,322,False,False,0,0,1.7881393432617188e-07
wands,C2s3,323,False,False,0,0,1.7881393432617188e-07
wands,C2s3,324,False,False,0,0,2.384185791015625e-07
wands,C2s3,325,False,False,0,0,1.7881393432617188e-07
wands,C2s3,326,False,False,0,0,1.7881393432617188e-07
wands,C2s3,327,False,False,0,0,1.7881393432617188e-07
wands,C2s3,328,False,False,0,0,1.7881393432617188e-07
wands,C2s3,329,False,False,0,0,1.7881393432617188e-07
wands,C2s3,330,False,False,0,0,1.7881393432617188e-07
wands,C2s3,331,False,False,0,0,1.1920928955078125e-07
wands,C2s3,332,False,False,0,0,1.7881393432617188e-07
wands,C2s3,333,False,False,0,0,1.7881393432617188e-07
wands,C2s3,334,False,False,0,0,1.1920928955078125e-07
wands,C2s3,335,False,False,0,0,1.7881393432617188e-07
wands,C2s3,336,False,False,0,0,1.7881393432617188e-07
wands,C2s3,337,False,False,0,0,1.7881393432617188e-07
wands,C2s3,338,False,False,0,0,2.384185791015625e-07
wands,C2s3,339,False,False,0,0,2.384185791015625e-07
wands,C2s3,340,False,False,0,0,1.7881393432617188e-07
wands,C2s3,341,False,False,0,0,1.7881393432617188e-07
wands,C2s3,342,False,False,0,0,2.384185791015625e-07
wands,C2s3,343,False,False,0,0,1.7881393432617188e-07
wands,C2s3,344,False,False,0,0,1.7881393432617188e-07
wands,C2s3,345,False,False,0,0,1.7881393432617188e-07
wands,C2s3,346,False,False,0,0,1.7881393432617188e-07
wands,C2s3,347,False,False,0,0,1.7881393432617188e-07
wands,C2s3,348,False,False,0,0,1.7881393432617188e-07
wands,C2s3,349,False,False,0,0,1.7881393432617188e-07
wands,C2s3,351,False,False,0,0,2.384185791015625e-07
wands,C2s3,352,False,False,0,0,1.1920928955078125e-07
wands,C2s3,353,False,False,0,0,1.1920928955078125e-07
wands,C2s3,354,False,False,0,0,1.7881393432617188e-07
wands,C2s3,355,False,False,0,0,1.7881393432617188e-07
wands,C2s3,356,False,False,0,0,1.7881393432617188e-07
wands,C2s3,357,False,False,0,0,2.384185791015625e-07
wands,C2s3,358,False,False,0,0,1.7881393432617188e-07
wands,C2s3,359,False,False,0,0,1.7881393432617188e-07
wands,C2s3,360,False,False,0,0,1.7881393432617188e-07
wands,C2s3,361,False,False,0,0,1.4901161193847656e-07
wands,C2s3,362,False,False,0,0,2.384185791015625e-07
wands,C2s3,363,False,False,0,0,2.384185791015625e-07
wands,C2s3,364,False,False,0,0,1.1920928955078125e-07
wands,C2s3,365,False,False,0,0,1.7881393432617188e-07
wands,C2s3,366,False,False,0,0,1.1920928955078125e-07
wands,C2s3,367,False,False,0,0,1.7881393432617188e-07
wands,C2s3,368,False,False,0,0,1.7881393432617188e-07
wands,C2s3,369,False,False,0,0,2.384185791015625e-07
wands,C2s3,370,False,False,0,0,1.7881393432617188e-07
wands,C2s3,371,False,False,0,0,1.7881393432617188e-07
wands,C2s3,372,False,False,0,0,1.1920928955078125e-07
wands,C2s3,373,False,False,0,0,1.7881393432617188e-07
wands,C2s3,374,False,False,0,0,1.7881393432617188e-07
wands,C2s3,375,False,False,0,0,2.384185791015625e-07
wands,C2s3,376,False,False,0,0,1.7881393432617188e-07
wands,C2s3,377,False,False,0,0,2.384185791015625e-07
wands,C2s3,378,False,False,0,0,1.7881393432617188e-07
wands,C2s3,379,False,False,0,0,2.384185791015625e-07
wands,C2s3,380,False,False,0,0,1.7881393432617188e-07
wands,C2s3,381,False,False,0,0,1.7881393432617188e-07
wands,C2s3,382,False,False,0,0,1.7881393432617188e-07
wands,C2s3,383,False,False,0,0,1.1920928955078125e-07
wands,C2s3,384,False,False,0,0,2.384185791015625e-07
wands,C2s3,385,False,False,0,0,1.7881393432617188e-07
wands,C2s3,386,False,False,0,0,1.7881393432617188e-07
wands,C2s3,387,False,False,0,0,1.7881393432617188e-07
wands,C2s3,388,False,False,0,0,2.384185791015625e-07
wands,C2s3,389,False,False,0,0,1.7881393432617188e-07
wands,C2s3,390,False,False,0,0,1.7881393432617188e-07
wands,C2s3,391,False,False,0,0,1.7881393432617188e-07
wands,C2s3,392,False,False,0,0,2.384185791015625e-07
wands,C2s3,393,False,False,0,0,1.1920928955078125e-07
wands,C2s3,394,False,False,0,0,1.7881393432617188e-07
wands,C2s3,395,False,False,0,0,1.7881393432617188e-07
wands,C2s3,396,False,False,0,0,1.7881393432617188e-07
wands,C2s3,397,False,False,0,0,1.7881393432617188e-07
wands,C2s3,398,False,False,0,0,1.1920928955078125e-07
wands,C2s3,399,False,False,0,0,1.7881393432617188e-07
wands,C2s3,400,False,False,0,0,1.7881393432617188e-07
wands,C2s3,401,False,True,0,0,1.7881393432617188e-07
wands,C2s3,402,False,False,0,0,1.1920928955078125e-07
wands,C2s3,403,False,False,0,0,1.7881393432617188e-07
wands,C2s3,404,False,False,0,0,1.7881393432617188e-07
wands,C2s3,405,False,False,0,0,2.384185791015625e-07
wands,C2s3,406,False,False,0,0,2.384185791015625e-07
wands,C2s3,407,False,False,0,0,1.7881393432617188e-07
wands,C2s3,408,False,False,0,0,1.7881393432617188e-07
wands,C2s3,409,False,False,0,0,1.7881393432617188e-07
wands,C2s3,410,False,False,0,0,2.384185791015625e-07
wands,C2s3,411,False,False,0,0,2.384185791015625e-07
wands,C2s3,412,False,False,0,0,1.7881393432617188e-07
wands,C2s3,413,False,False,0,0,2.980232238769531e-07
wands,C2s3,414,False,False,0,0,1.7881393432617188e-07
wands,C2s3,415,False,False,0,0,2.384185791015625e-07
wands,C2s3,416,False,False,0,0,1.7881393432617188e-07
wands,C2s3,417,False,False,0,0,1.7881393432617188e-07
wands,C2s3,418,False,False,0,0,2.384185791015625e-07
wands,C2s3,419,False,False,0,0,1.1920928955078125e-07
wands,C2s3,420,False,False,0,0,1.7881393432617188e-07
wands,C2s3,421,False,False,0,0,2.384185791015625e-07
wands,C2s3,422,False,False,0,0,2.384185791015625e-07
wands,C2s3,423,False,False,0,0,1.1920928955078125e-07
wands,C2s3,424,False,False,0,0,1.7881393432617188e-07
wands,C2s3,425,False,False,0,0,1.7881393432617188e-07
wands,C2s3,426,False,False,0,0,1.7881393432617188e-07
wands,C2s3,427,False,False,0,0,1.7881393432617188e-07
wands,C2s3,428,False,False,0,0,1.7881393432617188e-07
wands,C2s3,429,False,True,0,0,2.384185791015625e-07
wands,C2s3,430,False,False,0,0,1.7881393432617188e-07
wands,C2s3,431,False,False,0,0,1.7881393432617188e-07
wands,C2s3,432,False,False,0,0,1.7881393432617188e-07
wands,C2s3,433,False,False,0,0,1.7881393432617188e-07
wands,C2s3,434,False,False,0,0,2.384185791015625e-07
wands,C2s3,435,False,False,0,0,1.7881393432617188e-07
wands,C2s3,436,False,False,0,0,2.384185791015625e-07
wands,C2s3,437,False,False,0,0,2.384185791015625e-07
wands,C2s3,438,False,False,0,0,2.384185791015625e-07
wands,C2s3,439,False,False,0,0,1.7881393432617188e-07
wands,C2s3,440,False,False,0,0,1.7881393432617188e-07
wands,C2s3,441,False,False,0,0,1.7881393432617188e-07
wands,C2s3,442,False,False,0,0,1.1920928955078125e-07
wands,C2s3,443,False,False,0,0,1.7881393432617188e-07
wands,C2s3,444,False,False,0,0,2.980232238769531e-07
wands,C2s3,445,False,False,0,0,1.7881393432617188e-07
wands,C2s3,446,False,True,0,0,1.7881393432617188e-07
wands,C2s3,447,False,False,0,0,1.7881393432617188e-07
wands,C2s3,448,False,False,0,0,1.7881393432617188e-07
wands,C2s3,449,False,False,0,0,1.7881393432617188e-07
wands,C2s3,451,False,False,0,0,1.7881393432617188e-07
wands,C2s3,452,False,False,0,0,2.384185791015625e-07
wands,C2s3,453,False,False,0,0,1.1920928955078125e-07
wands,C2s3,454,False,False,0,0,2.384185791015625e-07
wands,C2s3,455,False,False,0,0,1.7881393432617188e-07
wands,C2s3,456,False,False,0,0,1.7881393432617188e-07
wands,C2s3,457,False,False,0,0,1.1920928955078125e-07
wands,C2s3,458,False,False,0,0,1.7881393432617188e-07
wands,C2s3,459,False,False,0,0,2.384185791015625e-07
wands,C2s3,460,False,False,0,0,1.1920928955078125e-07
wands,C2s3,461,False,False,0,0,1.7881393432617188e-07
wands,C2s3,462,False,False,0,0,2.384185791015625e-07
wands,C2s3,463,False,False,0,0,2.384185791015625e-07
wands,C2s3,464,False,False,0,0,1.7881393432617188e-07
wands,C2s3,465,False,True,0,0,1.7881393432617188e-07
wands,C2s3,466,False,False,0,0,1.7881393432617188e-07
wands,C2s3,467,False,False,0,0,1.7881393432617188e-07
wands,C2s3,468,False,False,0,0,1.7881393432617188e-07
wands,C2s3,469,False,False,0,0,1.7881393432617188e-07
wands,C2s3,470,False,False,0,0,1.7881393432617188e-07
wands,C2s3,471,False,False,0,0,1.7881393432617188e-07
wands,C2s3,472,False,False,0,0,2.384185791015625e-07
wands,C2s3,473,False,False,0,0,1.7881393432617188e-07
wands,C2s3,474,False,False,0,0,1.7881393432617188e-07
wands,C2s3,475,False,False,0,0,1.7881393432617188e-07
wands,C2s3,476,False,False,0,0,1.7881393432617188e-07
wands,C2s3,478,False,False,0,0,1.7881393432617188e-07
wands,C2s3,479,False,False,0,0,1.7881393432617188e-07
wands,C2s3,480,False,False,0,0,1.7881393432617188e-07
wands,C2s3,481,False,False,0,0,1.7881393432617188e-07
wands,C2s3,482,False,False,0,0,1.7881393432617188e-07
wands,C2s3,483,False,False,0,0,1.7881393432617188e-07
wands,C2s3,484,False,False,0,0,1.1920928955078125e-07
wands,C2s3,485,False,False,0,0,1.7881393432617188e-07
wands,C2s3,486,False,False,0,0,1.7881393432617188e-07
wands,C2s3,487,False,False,0,0,2.384185791015625e-07
wands,C2s4,0,False,False,0,0,1.7881393432617188e-07
wands,C2s4,1,False,False,0,0,1.7881393432617188e-07
wands,C2s4,2,False,False,0,0,1.7881393432617188e-07
wands,C2s4,3,False,False,0,0,1.7881393432617188e-07
wands,C2s4,4,False,False,0,0,1.7881393432617188e-07
wands,C2s4,5,False,False,0,0,1.7881393432617188e-07
wands,C2s4,6,False,False,0,0,2.384185791015625e-07
wands,C2s4,7,False,False,0,0,1.7881393432617188e-07
wands,C2s4,8,False,False,0,0,1.7881393432617188e-07
wands,C2s4,9,False,False,0,0,2.384185791015625e-07
wands,C2s4,10,False,False,0,0,1.7881393432617188e-07
wands,C2s4,11,False,False,0,0,2.384185791015625e-07
wands,C2s4,12,False,False,0,0,1.7881393432617188e-07
wands,C2s4,13,False,False,0,0,2.384185791015625e-07
wands,C2s4,14,False,False,0,0,1.7881393432617188e-07
wands,C2s4,15,False,False,0,0,1.7881393432617188e-07
wands,C2s4,16,False,False,0,0,1.1920928955078125e-07
wands,C2s4,17,False,False,0,0,1.7881393432617188e-07
wands,C2s4,18,False,False,0,0,1.7881393432617188e-07
wands,C2s4,19,False,False,0,0,1.1920928955078125e-07
wands,C2s4,20,False,False,0,0,1.7881393432617188e-07
wands,C2s4,21,False,False,0,0,1.7881393432617188e-07
wands,C2s4,22,False,False,0,0,1.7881393432617188e-07
wands,C2s4,23,False,False,0,0,1.7881393432617188e-07
wands,C2s4,24,False,False,0,0,2.384185791015625e-07
wands,C2s4,25,False,False,0,0,1.1920928955078125e-07
wands,C2s4,26,False,False,0,0,2.384185791015625e-07
wands,C2s4,27,False,False,0,0,2.384185791015625e-07
wands,C2s4,28,False,False,0,0,2.384185791015625e-07
wands,C2s4,29,False,False,0,0,1.7881393432617188e-07
wands,C2s4,30,False,False,0,0,2.384185791015625e-07
wands,C2s4,31,False,False,0,0,1.7881393432617188e-07
wands,C2s4,32,False,False,0,0,2.384185791015625e-07
wands,C2s4,33,False,False,0,0,1.7881393432617188e-07
wands,C2s4,34,False,False,0,0,1.7881393432617188e-07
wands,C2s4,35,False,False,0,0,1.7881393432617188e-07
wands,C2s4,36,False,False,0,0,2.384185791015625e-07
wands,C2s4,37,False,False,0,0,2.384185791015625e-07
wands,C2s4,38,False,False,0,0,1.7881393432617188e-07
wands,C2s4,39,False,False,0,0,2.384185791015625e-07
wands,C2s4,40,False,False,0,0,2.384185791015625e-07
wands,C2s4,41,False,False,0,0,1.7881393432617188e-07
wands,C2s4,42,False,False,0,0,1.7881393432617188e-07
wands,C2s4,43,False,False,0,0,1.7881393432617188e-07
wands,C2s4,44,False,False,0,0,1.7881393432617188e-07
wands,C2s4,45,False,False,0,0,1.1920928955078125e-07
wands,C2s4,46,False,False,0,0,1.7881393432617188e-07
wands,C2s4,47,False,False,0,0,1.1920928955078125e-07
wands,C2s4,48,False,False,0,0,2.384185791015625e-07
wands,C2s4,49,False,False,0,0,1.7881393432617188e-07
wands,C2s4,50,False,False,0,0,1.7881393432617188e-07
wands,C2s4,51,False,False,0,0,1.7881393432617188e-07
wands,C2s4,52,False,False,0,0,2.384185791015625e-07
wands,C2s4,53,False,False,0,0,1.7881393432617188e-07
wands,C2s4,54,False,False,0,0,1.7881393432617188e-07
wands,C2s4,55,False,False,0,0,1.7881393432617188e-07
wands,C2s4,56,False,False,0,0,1.7881393432617188e-07
wands,C2s4,57,False,False,0,0,1.7881393432617188e-07
wands,C2s4,58,False,False,0,0,2.384185791015625e-07
wands,C2s4,59,False,False,0,0,1.7881393432617188e-07
wands,C2s4,60,False,False,0,0,1.1920928955078125e-07
wands,C2s4,61,False,False,0,0,1.7881393432617188e-07
wands,C2s4,62,False,False,0,0,2.384185791015625e-07
wands,C2s4,63,False,False,0,0,1.7881393432617188e-07
wands,C2s4,64,False,False,0,0,1.1920928955078125e-07
wands,C2s4,65,False,False,0,0,1.7881393432617188e-07
wands,C2s4,66,False,False,0,0,1.7881393432617188e-07
wands,C2s4,67,False,False,0,0,1.1920928955078125e-07
wands,C2s4,68,False,False,0,0,1.7881393432617188e-07
wands,C2s4,69,False,False,0,0,1.7881393432617188e-07
wands,C2s4,70,False,False,0,0,1.7881393432617188e-07
wands,C2s4,71,False,False,0,0,1.7881393432617188e-07
wands,C2s4,72,False,False,0,0,1.7881393432617188e-07
wands,C2s4,73,False,False,0,0,1.7881393432617188e-07
wands,C2s4,74,False,False,0,0,1.1920928955078125e-07
wands,C2s4,75,False,False,0,0,1.7881393432617188e-07
wands,C2s4,76,False,False,0,0,2.384185791015625e-07
wands,C2s4,77,False,False,0,0,1.7881393432617188e-07
wands,C2s4,78,False,False,0,0,1.1920928955078125e-07
wands,C2s4,79,False,False,0,0,2.384185791015625e-07
wands,C2s4,80,False,False,0,0,1.7881393432617188e-07
wands,C2s4,81,False,False,0,0,1.7881393432617188e-07
wands,C2s4,82,False,False,0,0,2.384185791015625e-07
wands,C2s4,83,False,False,0,0,1.1920928955078125e-07
wands,C2s4,84,False,False,0,0,1.7881393432617188e-07
wands,C2s4,85,False,False,0,0,1.7881393432617188e-07
wands,C2s4,86,False,False,0,0,2.384185791015625e-07
wands,C2s4,87,False,False,0,0,1.7881393432617188e-07
wands,C2s4,88,False,False,0,0,1.7881393432617188e-07
wands,C2s4,89,False,False,0,0,1.7881393432617188e-07
wands,C2s4,90,False,False,0,0,1.7881393432617188e-07
wands,C2s4,91,False,False,0,0,2.384185791015625e-07
wands,C2s4,92,False,False,0,0,2.384185791015625e-07
wands,C2s4,93,False,False,0,0,1.7881393432617188e-07
wands,C2s4,94,False,False,0,0,2.384185791015625e-07
wands,C2s4,95,False,False,0,0,2.384185791015625e-07
wands,C2s4,96,False,False,0,0,1.7881393432617188e-07
wands,C2s4,97,False,False,0,0,1.7881393432617188e-07
wands,C2s4,98,False,False,0,0,1.7881393432617188e-07
wands,C2s4,99,False,False,0,0,1.7881393432617188e-07
wands,C2s4,100,False,False,0,0,1.7881393432617188e-07
wands,C2s4,101,False,False,0,0,1.7881393432617188e-07
wands,C2s4,102,False,False,0,0,1.1920928955078125e-07
wands,C2s4,103,False,False,0,0,2.980232238769531e-07
wands,C2s4,104,False,False,0,0,2.384185791015625e-07
wands,C2s4,105,False,False,0,0,1.7881393432617188e-07
wands,C2s4,106,False,False,0,0,2.980232238769531e-07
wands,C2s4,107,False,False,0,0,1.7881393432617188e-07
wands,C2s4,108,False,False,0,0,1.7881393432617188e-07
wands,C2s4,109,False,False,0,0,1.1920928955078125e-07
wands,C2s4,110,False,False,0,0,1.7881393432617188e-07
wands,C2s4,111,False,False,0,0,1.7881393432617188e-07
wands,C2s4,112,False,False,0,0,1.7881393432617188e-07
wands,C2s4,113,False,False,0,0,1.7881393432617188e-07
wands,C2s4,114,False,False,0,0,1.7881393432617188e-07
wands,C2s4,115,False,False,0,0,1.7881393432617188e-07
wands,C2s4,116,False,False,0,0,1.7881393432617188e-07
wands,C2s4,117,False,False,0,0,2.384185791015625e-07
wands,C2s4,118,False,False,0,0,1.7881393432617188e-07
wands,C2s4,119,False,False,0,0,1.7881393432617188e-07
wands,C2s4,120,False,False,0,0,1.7881393432617188e-07
wands,C2s4,121,False,False,0,0,1.7881393432617188e-07
wands,C2s4,122,False,False,0,0,1.7881393432617188e-07
wands,C2s4,123,False,False,0,0,1.7881393432617188e-07
wands,C2s4,124,False,False,0,0,2.980232238769531e-07
wands,C2s4,125,False,False,0,0,1.7881393432617188e-07
wands,C2s4,126,False,False,0,0,2.384185791015625e-07
wands,C2s4,127,False,False,0,0,1.7881393432617188e-07
wands,C2s4,128,False,False,0,0,2.384185791015625e-07
wands,C2s4,129,False,False,0,0,1.7881393432617188e-07
wands,C2s4,130,False,False,0,0,2.384185791015625e-07
wands,C2s4,131,False,False,0,0,1.7881393432617188e-07
wands,C2s4,132,False,False,0,0,1.7881393432617188e-07
wands,C2s4,133,False,False,0,0,1.7881393432617188e-07
wands,C2s4,134,False,False,0,0,2.980232238769531e-07
wands,C2s4,135,False,False,0,0,1.7881393432617188e-07
wands,C2s4,136,False,False,0,0,1.7881393432617188e-07
wands,C2s4,137,False,False,0,0,1.7881393432617188e-07
wands,C2s4,138,False,False,0,0,1.7881393432617188e-07
wands,C2s4,139,False,False,0,0,1.7881393432617188e-07
wands,C2s4,140,False,False,0,0,1.7881393432617188e-07
wands,C2s4,141,False,False,0,0,1.7881393432617188e-07
wands,C2s4,142,False,False,0,0,2.384185791015625e-07
wands,C2s4,143,False,False,0,0,2.384185791015625e-07
wands,C2s4,144,False,False,0,0,1.7881393432617188e-07
wands,C2s4,145,False,False,0,0,1.1920928955078125e-07
wands,C2s4,146,False,False,0,0,1.7881393432617188e-07
wands,C2s4,147,False,False,0,0,1.7881393432617188e-07
wands,C2s4,148,False,False,0,0,1.7881393432617188e-07
wands,C2s4,149,False,False,0,0,1.7881393432617188e-07
wands,C2s4,150,False,False,0,0,1.7881393432617188e-07
wands,C2s4,151,False,False,0,0,1.7881393432617188e-07
wands,C2s4,152,False,False,0,0,2.384185791015625e-07
wands,C2s4,153,False,False,0,0,1.7881393432617188e-07
wands,C2s4,155,False,False,0,0,1.7881393432617188e-07
wands,C2s4,156,False,False,0,0,1.7881393432617188e-07
wands,C2s4,157,False,False,0,0,2.980232238769531e-07
wands,C2s4,158,False,False,0,0,1.7881393432617188e-07
wands,C2s4,159,False,False,0,0,1.1920928955078125e-07
wands,C2s4,160,False,False,0,0,1.7881393432617188e-07
wands,C2s4,161,False,False,0,0,2.384185791015625e-07
wands,C2s4,162,False,False,0,0,1.7881393432617188e-07
wands,C2s4,163,False,False,0,0,1.7881393432617188e-07
wands,C2s4,164,False,False,0,0,2.384185791015625e-07
wands,C2s4,165,False,False,0,0,1.7881393432617188e-07
wands,C2s4,166,False,False,0,0,1.1920928955078125e-07
wands,C2s4,167,False,False,0,0,1.1920928955078125e-07
wands,C2s4,168,False,False,0,0,2.384185791015625e-07
wands,C2s4,169,False,False,0,0,1.7881393432617188e-07
wands,C2s4,170,False,False,0,0,1.7881393432617188e-07
wands,C2s4,171,False,False,0,0,1.1920928955078125e-07
wands,C2s4,172,False,False,0,0,1.7881393432617188e-07
wands,C2s4,173,False,False,0,0,1.7881393432617188e-07
wands,C2s4,174,False,False,0,0,1.7881393432617188e-07
wands,C2s4,175,False,False,0,0,1.7881393432617188e-07
wands,C2s4,176,False,False,0,0,1.1920928955078125e-07
wands,C2s4,177,False,False,0,0,2.384185791015625e-07
wands,C2s4,178,False,False,0,0,1.7881393432617188e-07
wands,C2s4,179,False,False,0,0,1.7881393432617188e-07
wands,C2s4,180,False,False,0,0,2.384185791015625e-07
wands,C2s4,181,False,False,0,0,1.7881393432617188e-07
wands,C2s4,182,False,False,0,0,1.7881393432617188e-07
wands,C2s4,183,False,False,0,0,1.7881393432617188e-07
wands,C2s4,184,False,False,0,0,1.7881393432617188e-07
wands,C2s4,185,False,False,0,0,2.384185791015625e-07
wands,C2s4,186,False,False,0,0,2.384185791015625e-07
wands,C2s4,188,False,False,0,0,1.1920928955078125e-07
wands,C2s4,189,False,False,0,0,1.1920928955078125e-07
wands,C2s4,190,False,False,0,0,1.7881393432617188e-07
wands,C2s4,191,False,False,0,0,1.7881393432617188e-07
wands,C2s4,193,False,False,0,0,1.7881393432617188e-07
wands,C2s4,194,False,False,0,0,1.7881393432617188e-07
wands,C2s4,195,False,False,0,0,1.7881393432617188e-07
wands,C2s4,196,False,False,0,0,1.7881393432617188e-07
wands,C2s4,197,False,False,0,0,1.7881393432617188e-07
wands,C2s4,198,False,False,0,0,1.7881393432617188e-07
wands,C2s4,199,False,False,0,0,2.384185791015625e-07
wands,C2s4,200,False,False,0,0,1.7881393432617188e-07
wands,C2s4,201,False,False,0,0,2.384185791015625e-07
wands,C2s4,202,False,False,0,0,1.1920928955078125e-07
wands,C2s4,203,False,False,0,0,1.7881393432617188e-07
wands,C2s4,204,False,False,0,0,2.384185791015625e-07
wands,C2s4,205,False,False,0,0,1.1920928955078125e-07
wands,C2s4,206,False,False,0,0,1.7881393432617188e-07
wands,C2s4,207,False,False,0,0,1.1920928955078125e-07
wands,C2s4,208,False,False,0,0,2.384185791015625e-07
wands,C2s4,209,False,False,0,0,2.384185791015625e-07
wands,C2s4,210,False,False,0,0,2.384185791015625e-07
wands,C2s4,211,False,False,0,0,1.7881393432617188e-07
wands,C2s4,212,False,False,0,0,2.384185791015625e-07
wands,C2s4,213,False,False,0,0,1.7881393432617188e-07
wands,C2s4,214,False,False,0,0,2.980232238769531e-07
wands,C2s4,215,False,False,0,0,2.384185791015625e-07
wands,C2s4,216,False,False,0,0,1.1920928955078125e-07
wands,C2s4,218,False,False,0,0,2.384185791015625e-07
wands,C2s4,219,False,False,0,0,1.7881393432617188e-07
wands,C2s4,220,False,False,0,0,1.7881393432617188e-07
wands,C2s4,221,False,False,0,0,1.7881393432617188e-07
wands,C2s4,222,False,True,0,0,1.7881393432617188e-07
wands,C2s4,223,False,False,0,0,1.1920928955078125e-07
wands,C2s4,224,False,False,0,0,1.7881393432617188e-07
wands,C2s4,225,False,False,0,0,1.7881393432617188e-07
wands,C2s4,226,False,False,0,0,1.7881393432617188e-07
wands,C2s4,227,False,False,0,0,1.7881393432617188e-07
wands,C2s4,228,False,False,0,0,1.7881393432617188e-07
wands,C2s4,229,False,False,0,0,1.7881393432617188e-07
wands,C2s4,230,False,False,0,0,1.7881393432617188e-07
wands,C2s4,231,False,False,0,0,1.7881393432617188e-07
wands,C2s4,232,False,False,0,0,1.7881393432617188e-07
wands,C2s4,233,False,False,0,0,1.7881393432617188e-07
wands,C2s4,234,False,False,0,0,2.384185791015625e-07
wands,C2s4,235,False,False,0,0,2.384185791015625e-07
wands,C2s4,236,False,False,0,0,1.7881393432617188e-07
wands,C2s4,237,False,False,0,0,2.384185791015625e-07
wands,C2s4,238,False,False,0,0,2.384185791015625e-07
wands,C2s4,239,False,False,0,0,2.384185791015625e-07
wands,C2s4,240,False,False,0,0,1.7881393432617188e-07
wands,C2s4,241,False,False,0,0,2.384185791015625e-07
wands,C2s4,242,False,False,0,0,1.7881393432617188e-07
wands,C2s4,243,False,False,0,0,1.7881393432617188e-07
wands,C2s4,244,False,False,0,0,1.7881393432617188e-07
wands,C2s4,245,False,False,0,0,1.7881393432617188e-07
wands,C2s4,246,False,False,0,0,1.7881393432617188e-07
wands,C2s4,247,False,False,0,0,1.7881393432617188e-07
wands,C2s4,248,False,False,0,0,1.7881393432617188e-07
wands,C2s4,249,False,False,0,0,2.384185791015625e-07
wands,C2s4,250,False,False,0,0,1.1920928955078125e-07
wands,C2s4,251,False,False,0,0,1.7881393432617188e-07
wands,C2s4,252,False,False,0,0,1.7881393432617188e-07
wands,C2s4,253,False,False,0,0,1.1920928955078125e-07
wands,C2s4,254,False,False,0,0,1.7881393432617188e-07
wands,C2s4,255,False,False,0,0,2.384185791015625e-07
wands,C2s4,256,False,False,0,0,1.7881393432617188e-07
wands,C2s4,257,False,False,0,0,1.7881393432617188e-07
wands,C2s4,258,False,False,0,0,1.7881393432617188e-07
wands,C2s4,259,False,False,0,0,1.1920928955078125e-07
wands,C2s4,260,False,False,0,0,2.384185791015625e-07
wands,C2s4,261,False,False,0,0,1.7881393432617188e-07
wands,C2s4,262,False,False,0,0,1.7881393432617188e-07
wands,C2s4,263,False,False,0,0,2.384185791015625e-07
wands,C2s4,264,False,False,0,0,2.384185791015625e-07
wands,C2s4,265,False,False,0,0,1.7881393432617188e-07
wands,C2s4,266,False,False,0,0,1.7881393432617188e-07
wands,C2s4,267,False,False,0,0,2.384185791015625e-07
wands,C2s4,268,False,False,0,0,1.7881393432617188e-07
wands,C2s4,269,False,False,0,0,1.7881393432617188e-07
wands,C2s4,270,False,False,0,0,1.7881393432617188e-07
wands,C2s4,271,False,False,0,0,2.384185791015625e-07
wands,C2s4,272,False,False,0,0,1.1920928955078125e-07
wands,C2s4,273,False,False,0,0,1.7881393432617188e-07
wands,C2s4,274,False,False,0,0,1.7881393432617188e-07
wands,C2s4,275,False,False,0,0,1.7881393432617188e-07
wands,C2s4,276,False,False,0,0,1.7881393432617188e-07
wands,C2s4,277,False,False,0,0,1.7881393432617188e-07
wands,C2s4,278,False,False,0,0,1.1920928955078125e-07
wands,C2s4,279,False,False,0,0,1.7881393432617188e-07
wands,C2s4,280,False,False,0,0,2.384185791015625e-07
wands,C2s4,281,False,False,0,0,1.7881393432617188e-07
wands,C2s4,282,False,False,0,0,2.384185791015625e-07
wands,C2s4,283,False,False,0,0,1.7881393432617188e-07
wands,C2s4,284,False,False,0,0,1.7881393432617188e-07
wands,C2s4,285,False,True,0,0,1.7881393432617188e-07
wands,C2s4,286,False,False,0,0,1.7881393432617188e-07
wands,C2s4,287,False,False,0,0,1.7881393432617188e-07
wands,C2s4,288,False,False,0,0,1.7881393432617188e-07
wands,C2s4,289,False,False,0,0,1.7881393432617188e-07
wands,C2s4,290,False,False,0,0,1.1920928955078125e-07
wands,C2s4,291,False,False,0,0,1.7881393432617188e-07
wands,C2s4,292,False,False,0,0,2.384185791015625e-07
wands,C2s4,293,False,False,0,0,1.7881393432617188e-07
wands,C2s4,294,False,False,0,0,1.7881393432617188e-07
wands,C2s4,295,False,False,0,0,1.7881393432617188e-07
wands,C2s4,296,False,False,0,0,1.1920928955078125e-07
wands,C2s4,297,False,False,0,0,2.384185791015625e-07
wands,C2s4,298,False,False,0,0,1.7881393432617188e-07
wands,C2s4,300,False,False,0,0,2.384185791015625e-07
wands,C2s4,301,False,False,0,0,1.7881393432617188e-07
wands,C2s4,302,False,False,0,0,2.384185791015625e-07
wands,C2s4,303,False,False,0,0,1.7881393432617188e-07
wands,C2s4,304,False,False,0,0,1.7881393432617188e-07
wands,C2s4,305,False,False,0,0,2.384185791015625e-07
wands,C2s4,306,False,False,0,0,2.384185791015625e-07
wands,C2s4,307,False,False,0,0,2.384185791015625e-07
wands,C2s4,308,False,False,0,0,2.384185791015625e-07
wands,C2s4,309,False,False,0,0,1.7881393432617188e-07
wands,C2s4,310,False,False,0,0,1.7881393432617188e-07
wands,C2s4,311,False,False,0,0,1.7881393432617188e-07
wands,C2s4,312,False,False,0,0,2.384185791015625e-07
wands,C2s4,313,False,False,0,0,1.1920928955078125e-07
wands,C2s4,314,False,False,0,0,1.7881393432617188e-07
wands,C2s4,315,False,False,0,0,1.7881393432617188e-07
wands,C2s4,316,False,False,0,0,1.7881393432617188e-07
wands,C2s4,317,False,False,0,0,2.384185791015625e-07
wands,C2s4,318,False,False,0,0,1.7881393432617188e-07
wands,C2s4,319,False,False,0,0,1.7881393432617188e-07
wands,C2s4,320,False,False,0,0,1.7881393432617188e-07
wands,C2s4,321,False,False,0,0,1.7881393432617188e-07
wands,C2s4,322,False,False,0,0,1.7881393432617188e-07
wands,C2s4,323,False,False,0,0,1.7881393432617188e-07
wands,C2s4,324,False,False,0,0,1.7881393432617188e-07
wands,C2s4,325,False,False,0,0,1.7881393432617188e-07
wands,C2s4,326,False,False,0,0,2.384185791015625e-07
wands,C2s4,327,False,False,0,0,1.7881393432617188e-07
wands,C2s4,328,False,False,0,0,1.7881393432617188e-07
wands,C2s4,329,False,False,0,0,1.7881393432617188e-07
wands,C2s4,330,False,False,0,0,1.7881393432617188e-07
wands,C2s4,331,False,False,0,0,1.1920928955078125e-07
wands,C2s4,332,False,False,0,0,1.7881393432617188e-07
wands,C2s4,333,False,False,0,0,2.384185791015625e-07
wands,C2s4,334,False,False,0,0,1.1920928955078125e-07
wands,C2s4,335,False,False,0,0,1.1920928955078125e-07
wands,C2s4,336,False,False,0,0,1.7881393432617188e-07
wands,C2s4,337,False,False,0,0,1.7881393432617188e-07
wands,C2s4,338,False,False,0,0,2.384185791015625e-07
wands,C2s4,339,False,False,0,0,1.7881393432617188e-07
wands,C2s4,340,False,False,0,0,1.7881393432617188e-07
wands,C2s4,341,False,False,0,0,1.7881393432617188e-07
wands,C2s4,342,False,False,0,0,1.7881393432617188e-07
wands,C2s4,343,False,False,0,0,1.7881393432617188e-07
wands,C2s4,344,False,False,0,0,1.7881393432617188e-07
wands,C2s4,345,False,False,0,0,2.384185791015625e-07
wands,C2s4,346,False,False,0,0,1.7881393432617188e-07
wands,C2s4,347,False,False,0,0,1.7881393432617188e-07
wands,C2s4,348,False,False,0,0,1.1920928955078125e-07
wands,C2s4,349,False,False,0,0,2.384185791015625e-07
wands,C2s4,351,False,False,0,0,1.7881393432617188e-07
wands,C2s4,352,False,False,0,0,1.1920928955078125e-07
wands,C2s4,353,False,False,0,0,1.1920928955078125e-07
wands,C2s4,354,False,False,0,0,1.7881393432617188e-07
wands,C2s4,355,False,False,0,0,1.1920928955078125e-07
wands,C2s4,356,False,False,0,0,1.7881393432617188e-07
wands,C2s4,357,False,False,0,0,1.7881393432617188e-07
wands,C2s4,358,False,False,0,0,1.7881393432617188e-07
wands,C2s4,359,False,False,0,0,2.384185791015625e-07
wands,C2s4,360,False,False,0,0,1.7881393432617188e-07
wands,C2s4,361,False,False,0,0,1.1920928955078125e-07
wands,C2s4,362,False,False,0,0,2.384185791015625e-07
wands,C2s4,363,False,False,0,0,1.7881393432617188e-07
wands,C2s4,364,False,False,0,0,1.1920928955078125e-07
wands,C2s4,365,False,False,0,0,1.7881393432617188e-07
wands,C2s4,366,False,False,0,0,1.4901161193847656e-07
wands,C2s4,367,False,False,0,0,2.384185791015625e-07
wands,C2s4,368,False,False,0,0,1.7881393432617188e-07
wands,C2s4,369,False,False,0,0,2.384185791015625e-07
wands,C2s4,370,False,False,0,0,1.7881393432617188e-07
wands,C2s4,371,False,False,0,0,1.7881393432617188e-07
wands,C2s4,372,False,False,0,0,1.7881393432617188e-07
wands,C2s4,373,False,False,0,0,1.7881393432617188e-07
wands,C2s4,374,False,False,0,0,1.7881393432617188e-07
wands,C2s4,375,False,False,0,0,1.7881393432617188e-07
wands,C2s4,376,False,False,0,0,2.384185791015625e-07
wands,C2s4,377,False,False,0,0,1.7881393432617188e-07
wands,C2s4,378,False,False,0,0,2.384185791015625e-07
wands,C2s4,379,False,False,0,0,1.7881393432617188e-07
wands,C2s4,380,False,False,0,0,1.7881393432617188e-07
wands,C2s4,381,False,False,0,0,1.7881393432617188e-07
wands,C2s4,382,False,False,0,0,1.7881393432617188e-07
wands,C2s4,383,False,False,0,0,1.1920928955078125e-07
wands,C2s4,384,False,False,0,0,1.7881393432617188e-07
wands,C2s4,385,False,False,0,0,1.7881393432617188e-07
wands,C2s4,386,False,False,0,0,1.7881393432617188e-07
wands,C2s4,387,False,False,0,0,1.7881393432617188e-07
wands,C2s4,388,False,False,0,0,1.7881393432617188e-07
wands,C2s4,389,False,False,0,0,1.7881393432617188e-07
wands,C2s4,390,False,False,0,0,1.7881393432617188e-07
wands,C2s4,391,False,False,0,0,1.7881393432617188e-07
wands,C2s4,392,False,False,0,0,1.7881393432617188e-07
wands,C2s4,393,False,False,0,0,1.7881393432617188e-07
wands,C2s4,394,False,False,0,0,1.7881393432617188e-07
wands,C2s4,395,False,False,0,0,1.1920928955078125e-07
wands,C2s4,396,False,False,0,0,1.7881393432617188e-07
wands,C2s4,397,False,False,0,0,1.7881393432617188e-07
wands,C2s4,398,False,False,0,0,1.7881393432617188e-07
wands,C2s4,399,False,False,0,0,1.1920928955078125e-07
wands,C2s4,400,False,False,0,0,1.1920928955078125e-07
wands,C2s4,401,False,False,0,0,1.7881393432617188e-07
wands,C2s4,402,False,False,0,0,1.7881393432617188e-07
wands,C2s4,403,False,False,0,0,2.384185791015625e-07
wands,C2s4,404,False,False,0,0,1.7881393432617188e-07
wands,C2s4,405,False,False,0,0,1.7881393432617188e-07
wands,C2s4,406,False,False,0,0,2.384185791015625e-07
wands,C2s4,407,False,False,0,0,2.384185791015625e-07
wands,C2s4,408,False,False,0,0,1.7881393432617188e-07
wands,C2s4,409,False,False,0,0,1.7881393432617188e-07
wands,C2s4,410,False,False,0,0,2.384185791015625e-07
wands,C2s4,411,False,False,0,0,1.7881393432617188e-07
wands,C2s4,412,False,False,0,0,2.384185791015625e-07
wands,C2s4,413,False,False,0,0,2.384185791015625e-07
wands,C2s4,414,False,False,0,0,2.384185791015625e-07
wands,C2s4,415,False,False,0,0,2.384185791015625e-07
wands,C2s4,416,False,False,0,0,2.384185791015625e-07
wands,C2s4,417,False,False,0,0,1.1920928955078125e-07
wands,C2s4,418,False,False,0,0,2.384185791015625e-07
wands,C2s4,419,False,False,0,0,1.7881393432617188e-07
wands,C2s4,420,False,False,0,0,1.7881393432617188e-07
wands,C2s4,421,False,False,0,0,2.384185791015625e-07
wands,C2s4,422,False,False,0,0,1.7881393432617188e-07
wands,C2s4,423,False,False,0,0,1.7881393432617188e-07
wands,C2s4,424,False,False,0,0,1.7881393432617188e-07
wands,C2s4,425,False,False,0,0,1.7881393432617188e-07
wands,C2s4,426,False,False,0,0,1.7881393432617188e-07
wands,C2s4,427,False,False,0,0,1.1920928955078125e-07
wands,C2s4,428,False,False,0,0,1.7881393432617188e-07
wands,C2s4,429,False,False,0,0,1.7881393432617188e-07
wands,C2s4,430,False,False,0,0,2.384185791015625e-07
wands,C2s4,431,False,False,0,0,1.7881393432617188e-07
wands,C2s4,432,False,False,0,0,2.384185791015625e-07
wands,C2s4,433,False,False,0,0,1.7881393432617188e-07
wands,C2s4,434,False,False,0,0,2.384185791015625e-07
wands,C2s4,435,False,False,0,0,1.7881393432617188e-07
wands,C2s4,436,False,False,0,0,1.7881393432617188e-07
wands,C2s4,437,False,False,0,0,1.7881393432617188e-07
wands,C2s4,438,False,False,0,0,1.7881393432617188e-07
wands,C2s4,439,False,False,0,0,2.384185791015625e-07
wands,C2s4,440,False,False,0,0,1.7881393432617188e-07
wands,C2s4,441,False,False,0,0,2.384185791015625e-07
wands,C2s4,442,False,False,0,0,2.980232238769531e-07
wands,C2s4,443,False,False,0,0,1.7881393432617188e-07
wands,C2s4,444,False,False,0,0,1.7881393432617188e-07
wands,C2s4,445,False,False,0,0,2.384185791015625e-07
wands,C2s4,446,False,False,0,0,1.7881393432617188e-07
wands,C2s4,447,False,False,0,0,2.384185791015625e-07
wands,C2s4,448,False,False,0,0,1.7881393432617188e-07
wands,C2s4,449,False,False,0,0,1.7881393432617188e-07
wands,C2s4,451,False,False,0,0,1.7881393432617188e-07
wands,C2s4,452,False,False,0,0,2.384185791015625e-07
wands,C2s4,453,False,False,0,0,1.7881393432617188e-07
wands,C2s4,454,False,False,0,0,1.7881393432617188e-07
wands,C2s4,455,False,False,0,0,1.7881393432617188e-07
wands,C2s4,456,False,False,0,0,1.7881393432617188e-07
wands,C2s4,457,False,False,0,0,1.7881393432617188e-07
wands,C2s4,458,False,False,0,0,1.7881393432617188e-07
wands,C2s4,459,False,False,0,0,1.7881393432617188e-07
wands,C2s4,460,False,False,0,0,1.7881393432617188e-07
wands,C2s4,461,False,False,0,0,1.7881393432617188e-07
wands,C2s4,462,False,False,0,0,1.7881393432617188e-07
wands,C2s4,463,False,False,0,0,2.384185791015625e-07
wands,C2s4,464,False,False,0,0,2.384185791015625e-07
wands,C2s4,465,False,False,0,0,1.7881393432617188e-07
wands,C2s4,466,False,False,0,0,1.7881393432617188e-07
wands,C2s4,467,False,False,0,0,2.384185791015625e-07
wands,C2s4,468,False,False,0,0,2.384185791015625e-07
wands,C2s4,469,False,False,0,0,1.7881393432617188e-07
wands,C2s4,470,False,False,0,0,1.7881393432617188e-07
wands,C2s4,471,False,False,0,0,2.384185791015625e-07
wands,C2s4,472,False,False,0,0,1.7881393432617188e-07
wands,C2s4,473,False,False,0,0,1.7881393432617188e-07
wands,C2s4,474,False,False,0,0,1.7881393432617188e-07
wands,C2s4,475,False,False,0,0,1.7881393432617188e-07
wands,C2s4,476,False,False,0,0,1.1920928955078125e-07
wands,C2s4,478,False,False,0,0,2.384185791015625e-07
wands,C2s4,479,False,False,0,0,1.7881393432617188e-07
wands,C2s4,480,False,False,0,0,1.7881393432617188e-07
wands,C2s4,481,False,False,0,0,1.7881393432617188e-07
wands,C2s4,482,False,False,0,0,1.7881393432617188e-07
wands,C2s4,483,False,False,0,0,2.384185791015625e-07
wands,C2s4,484,False,False,0,0,1.7881393432617188e-07
wands,C2s4,485,False,False,0,0,1.7881393432617188e-07
wands,C2s4,486,False,False,0,0,1.7881393432617188e-07
wands,C2s4,487,False,False,0,0,2.384185791015625e-07
wands,C2s5,0,False,False,0,0,2.980232238769531e-07
wands,C2s5,1,False,False,0,0,1.7881393432617188e-07
wands,C2s5,2,False,False,0,0,1.7881393432617188e-07
wands,C2s5,3,False,False,0,0,1.7881393432617188e-07
wands,C2s5,4,False,False,0,0,1.7881393432617188e-07
wands,C2s5,5,False,True,0,0,1.7881393432617188e-07
wands,C2s5,6,False,False,0,0,2.384185791015625e-07
wands,C2s5,7,False,False,0,0,1.7881393432617188e-07
wands,C2s5,8,False,False,0,0,1.7881393432617188e-07
wands,C2s5,9,False,False,0,0,1.7881393432617188e-07
wands,C2s5,10,False,False,0,0,1.7881393432617188e-07
wands,C2s5,11,False,False,0,0,1.7881393432617188e-07
wands,C2s5,12,False,False,0,0,1.7881393432617188e-07
wands,C2s5,13,False,False,0,0,1.7881393432617188e-07
wands,C2s5,14,False,False,0,0,2.384185791015625e-07
wands,C2s5,15,False,False,0,0,1.7881393432617188e-07
wands,C2s5,16,False,False,0,0,1.7881393432617188e-07
wands,C2s5,17,False,False,0,0,1.7881393432617188e-07
wands,C2s5,18,False,False,0,0,1.7881393432617188e-07
wands,C2s5,19,False,False,0,0,1.4901161193847656e-07
wands,C2s5,20,False,False,0,0,1.7881393432617188e-07
wands,C2s5,21,False,False,0,0,1.7881393432617188e-07
wands,C2s5,22,False,False,0,0,1.7881393432617188e-07
wands,C2s5,23,False,False,0,0,1.7881393432617188e-07
wands,C2s5,24,False,False,0,0,2.384185791015625e-07
wands,C2s5,25,False,False,0,0,1.7881393432617188e-07
wands,C2s5,26,False,False,0,0,2.384185791015625e-07
wands,C2s5,27,False,False,0,0,2.384185791015625e-07
wands,C2s5,28,False,False,0,0,2.384185791015625e-07
wands,C2s5,29,False,False,0,0,1.7881393432617188e-07
wands,C2s5,30,False,False,0,0,2.384185791015625e-07
wands,C2s5,31,False,False,0,0,1.7881393432617188e-07
wands,C2s5,32,False,False,0,0,1.7881393432617188e-07
wands,C2s5,33,False,False,0,0,1.7881393432617188e-07
wands,C2s5,34,False,False,0,0,1.7881393432617188e-07
wands,C2s5,35,False,False,0,0,1.7881393432617188e-07
wands,C2s5,36,False,False,0,0,2.384185791015625e-07
wands,C2s5,37,False,False,0,0,2.384185791015625e-07
wands,C2s5,38,False,False,0,0,2.384185791015625e-07
wands,C2s5,39,False,False,0,0,1.7881393432617188e-07
wands,C2s5,40,False,False,0,0,1.7881393432617188e-07
wands,C2s5,41,False,False,0,0,1.7881393432617188e-07
wands,C2s5,42,False,False,0,0,1.7881393432617188e-07
wands,C2s5,43,False,False,0,0,1.7881393432617188e-07
wands,C2s5,44,False,False,0,0,1.7881393432617188e-07
wands,C2s5,45,False,False,0,0,1.7881393432617188e-07
wands,C2s5,46,False,False,0,0,2.384185791015625e-07
wands,C2s5,47,False,False,0,0,1.7881393432617188e-07
wands,C2s5,48,False,False,0,0,2.384185791015625e-07
wands,C2s5,49,False,False,0,0,1.7881393432617188e-07
wands,C2s5,50,False,False,0,0,2.384185791015625e-07
wands,C2s5,51,False,False,0,0,1.7881393432617188e-07
wands,C2s5,52,False,False,0,0,1.7881393432617188e-07
wands,C2s5,53,False,False,0,0,2.384185791015625e-07
wands,C2s5,54,False,False,0,0,1.7881393432617188e-07
wands,C2s5,55,False,False,0,0,1.7881393432617188e-07
wands,C2s5,56,False,False,0,0,2.384185791015625e-07
wands,C2s5,57,False,False,0,0,1.7881393432617188e-07
wands,C2s5,58,False,False,0,0,2.384185791015625e-07
wands,C2s5,59,False,False,0,0,1.7881393432617188e-07
wands,C2s5,60,False,False,0,0,1.7881393432617188e-07
wands,C2s5,61,False,False,0,0,1.7881393432617188e-07
wands,C2s5,62,False,False,0,0,1.7881393432617188e-07
wands,C2s5,63,False,False,0,0,1.1920928955078125e-07
wands,C2s5,64,False,False,0,0,1.1920928955078125e-07
wands,C2s5,65,False,False,0,0,1.7881393432617188e-07
wands,C2s5,66,False,False,0,0,1.7881393432617188e-07
wands,C2s5,67,False,False,0,0,1.7881393432617188e-07
wands,C2s5,68,False,False,0,0,1.1920928955078125e-07
wands,C2s5,69,False,False,0,0,1.7881393432617188e-07
wands,C2s5,70,False,False,0,0,1.7881393432617188e-07
wands,C2s5,71,False,False,0,0,1.7881393432617188e-07
wands,C2s5,72,False,False,0,0,1.7881393432617188e-07
wands,C2s5,73,False,False,0,0,1.7881393432617188e-07
wands,C2s5,74,False,False,0,0,1.1920928955078125e-07
wands,C2s5,75,False,False,0,0,1.7881393432617188e-07
wands,C2s5,76,False,False,0,0,1.7881393432617188e-07
wands,C2s5,77,False,False,0,0,1.7881393432617188e-07
wands,C2s5,78,False,False,0,0,1.7881393432617188e-07
wands,C2s5,79,False,False,0,0,1.7881393432617188e-07
wands,C2s5,80,False,False,0,0,1.1920928955078125e-07
wands,C2s5,81,False,False,0,0,1.7881393432617188e-07
wands,C2s5,82,False,False,0,0,1.7881393432617188e-07
wands,C2s5,83,False,False,0,0,1.7881393432617188e-07
wands,C2s5,84,False,False,0,0,1.7881393432617188e-07
wands,C2s5,85,False,False,0,0,1.7881393432617188e-07
wands,C2s5,86,False,False,0,0,1.7881393432617188e-07
wands,C2s5,87,False,False,0,0,1.1920928955078125e-07
wands,C2s5,88,False,False,0,0,1.7881393432617188e-07
wands,C2s5,89,False,False,0,0,1.7881393432617188e-07
wands,C2s5,90,False,False,0,0,2.384185791015625e-07
wands,C2s5,91,False,False,0,0,1.7881393432617188e-07
wands,C2s5,92,False,False,0,0,1.7881393432617188e-07
wands,C2s5,93,False,False,0,0,1.7881393432617188e-07
wands,C2s5,94,False,False,0,0,2.384185791015625e-07
wands,C2s5,95,False,False,0,0,1.7881393432617188e-07
wands,C2s5,96,False,False,0,0,1.7881393432617188e-07
wands,C2s5,97,False,False,0,0,1.1920928955078125e-07
wands,C2s5,98,False,False,0,0,1.1920928955078125e-07
wands,C2s5,99,False,False,0,0,1.7881393432617188e-07
wands,C2s5,100,False,False,0,0,1.7881393432617188e-07
wands,C2s5,101,False,False,0,0,1.7881393432617188e-07
wands,C2s5,102,False,False,0,0,1.7881393432617188e-07
wands,C2s5,103,False,False,0,0,1.7881393432617188e-07
wands,C2s5,104,False,False,0,0,2.384185791015625e-07
wands,C2s5,105,False,False,0,0,2.384185791015625e-07
wands,C2s5,106,False,False,0,0,1.7881393432617188e-07
wands,C2s5,107,False,False,0,0,1.7881393432617188e-07
wands,C2s5,108,False,False,0,0,1.7881393432617188e-07
wands,C2s5,109,False,False,0,0,2.384185791015625e-07
wands,C2s5,110,False,False,0,0,2.384185791015625e-07
wands,C2s5,111,False,False,0,0,1.7881393432617188e-07
wands,C2s5,112,False,False,0,0,1.7881393432617188e-07
wands,C2s5,113,False,False,0,0,2.384185791015625e-07
wands,C2s5,114,False,False,0,0,1.7881393432617188e-07
wands,C2s5,115,False,False,0,0,1.7881393432617188e-07
wands,C2s5,116,False,False,0,0,2.980232238769531e-07
wands,C2s5,117,False,False,0,0,2.384185791015625e-07
wands,C2s5,118,False,False,0,0,2.384185791015625e-07
wands,C2s5,119,False,False,0,0,1.7881393432617188e-07
wands,C2s5,120,False,False,0,0,2.384185791015625e-07
wands,C2s5,121,False,False,0,0,1.7881393432617188e-07
wands,C2s5,122,False,False,0,0,1.7881393432617188e-07
wands,C2s5,123,False,False,0,0,2.384185791015625e-07
wands,C2s5,124,False,False,0,0,2.384185791015625e-07
wands,C2s5,125,False,False,0,0,1.7881393432617188e-07
wands,C2s5,126,False,False,0,0,2.384185791015625e-07
wands,C2s5,127,False,False,0,0,1.1920928955078125e-07
wands,C2s5,128,False,False,0,0,1.7881393432617188e-07
wands,C2s5,129,False,False,0,0,1.1920928955078125e-07
wands,C2s5,130,False,False,0,0,2.384185791015625e-07
wands,C2s5,131,False,False,0,0,1.7881393432617188e-07
wands,C2s5,132,False,False,0,0,1.7881393432617188e-07
wands,C2s5,133,False,False,0,0,1.7881393432617188e-07
wands,C2s5,134,False,False,0,0,1.7881393432617188e-07
wands,C2s5,135,False,False,0,0,1.7881393432617188e-07
wands,C2s5,136,False,False,0,0,1.7881393432617188e-07
wands,C2s5,137,False,False,0,0,2.384185791015625e-07
wands,C2s5,138,False,False,0,0,1.7881393432617188e-07
wands,C2s5,139,False,False,0,0,1.7881393432617188e-07
wands,C2s5,140,False,False,0,0,1.7881393432617188e-07
wands,C2s5,141,False,False,0,0,1.7881393432617188e-07
wands,C2s5,142,False,False,0,0,1.1920928955078125e-07
wands,C2s5,143,False,False,0,0,1.7881393432617188e-07
wands,C2s5,144,False,False,0,0,2.384185791015625e-07
wands,C2s5,145,False,False,0,0,1.7881393432617188e-07
wands,C2s5,146,False,False,0,0,1.7881393432617188e-07
wands,C2s5,147,False,False,0,0,1.7881393432617188e-07
wands,C2s5,148,False,False,0,0,1.7881393432617188e-07
wands,C2s5,149,False,False,0,0,1.7881393432617188e-07
wands,C2s5,150,False,False,0,0,1.7881393432617188e-07
wands,C2s5,151,False,False,0,0,1.7881393432617188e-07
wands,C2s5,152,False,False,0,0,1.7881393432617188e-07
wands,C2s5,153,False,False,0,0,1.7881393432617188e-07
wands,C2s5,155,False,False,0,0,1.7881393432617188e-07
wands,C2s5,156,False,False,0,0,1.7881393432617188e-07
wands,C2s5,157,False,False,0,0,1.7881393432617188e-07
wands,C2s5,158,False,False,0,0,1.7881393432617188e-07
wands,C2s5,159,False,False,0,0,2.384185791015625e-07
wands,C2s5,160,False,False,0,0,1.7881393432617188e-07
wands,C2s5,161,False,False,0,0,2.384185791015625e-07
wands,C2s5,162,False,False,0,0,1.7881393432617188e-07
wands,C2s5,163,False,False,0,0,2.384185791015625e-07
wands,C2s5,164,False,False,0,0,1.7881393432617188e-07
wands,C2s5,165,False,False,0,0,1.7881393432617188e-07
wands,C2s5,166,False,False,0,0,1.7881393432617188e-07
wands,C2s5,167,False,False,0,0,1.1920928955078125e-07
wands,C2s5,168,False,False,0,0,1.7881393432617188e-07
wands,C2s5,169,False,False,0,0,1.1920928955078125e-07
wands,C2s5,170,False,False,0,0,1.7881393432617188e-07
wands,C2s5,171,False,False,0,0,1.7881393432617188e-07
wands,C2s5,172,False,False,0,0,1.7881393432617188e-07
wands,C2s5,173,False,False,0,0,1.7881393432617188e-07
wands,C2s5,174,False,False,0,0,2.384185791015625e-07
wands,C2s5,175,False,False,0,0,1.7881393432617188e-07
wands,C2s5,176,False,False,0,0,1.7881393432617188e-07
wands,C2s5,177,False,False,0,0,1.7881393432617188e-07
wands,C2s5,178,False,False,0,0,1.7881393432617188e-07
wands,C2s5,179,False,False,0,0,1.1920928955078125e-07
wands,C2s5,180,False,False,0,0,2.384185791015625e-07
wands,C2s5,181,False,False,0,0,1.1920928955078125e-07
wands,C2s5,182,False,False,0,0,1.7881393432617188e-07
wands,C2s5,183,False,False,0,0,1.7881393432617188e-07
wands,C2s5,184,False,False,0,0,1.7881393432617188e-07
wands,C2s5,185,False,False,0,0,1.7881393432617188e-07
wands,C2s5,186,False,False,0,0,2.384185791015625e-07
wands,C2s5,188,False,False,0,0,1.7881393432617188e-07
wands,C2s5,189,False,False,0,0,1.7881393432617188e-07
wands,C2s5,190,False,False,0,0,1.7881393432617188e-07
wands,C2s5,191,False,False,0,0,1.7881393432617188e-07
wands,C2s5,193,False,False,0,0,1.7881393432617188e-07
wands,C2s5,194,False,False,0,0,1.7881393432617188e-07
wands,C2s5,195,False,False,0,0,1.7881393432617188e-07
wands,C2s5,196,False,False,0,0,2.384185791015625e-07
wands,C2s5,197,False,False,0,0,1.7881393432617188e-07
wands,C2s5,198,False,False,0,0,1.7881393432617188e-07
wands,C2s5,199,False,False,0,0,2.980232238769531e-07
wands,C2s5,200,False,False,0,0,1.7881393432617188e-07
wands,C2s5,201,False,False,0,0,2.384185791015625e-07
wands,C2s5,202,False,False,0,0,1.7881393432617188e-07
wands,C2s5,203,False,False,0,0,2.384185791015625e-07
wands,C2s5,204,False,False,0,0,1.1920928955078125e-07
wands,C2s5,205,False,False,0,0,1.7881393432617188e-07
wands,C2s5,206,False,False,0,0,1.7881393432617188e-07
wands,C2s5,207,False,False,0,0,1.7881393432617188e-07
wands,C2s5,208,False,False,0,0,1.7881393432617188e-07
wands,C2s5,209,False,False,0,0,1.7881393432617188e-07
wands,C2s5,210,False,False,0,0,1.7881393432617188e-07
wands,C2s5,211,False,False,0,0,1.7881393432617188e-07
wands,C2s5,212,False,False,0,0,2.384185791015625e-07
wands,C2s5,213,False,False,0,0,1.7881393432617188e-07
wands,C2s5,214,False,False,0,0,1.7881393432617188e-07
wands,C2s5,215,False,False,0,0,1.7881393432617188e-07
wands,C2s5,216,False,False,0,0,1.7881393432617188e-07
wands,C2s5,218,False,False,0,0,2.384185791015625e-07
wands,C2s5,219,False,False,0,0,2.980232238769531e-07
wands,C2s5,220,False,False,0,0,2.384185791015625e-07
wands,C2s5,221,False,False,0,0,1.7881393432617188e-07
wands,C2s5,222,False,False,0,0,1.7881393432617188e-07
wands,C2s5,223,False,False,0,0,1.1920928955078125e-07
wands,C2s5,224,False,False,0,0,1.7881393432617188e-07
wands,C2s5,225,False,True,0,0,1.7881393432617188e-07
wands,C2s5,226,False,False,0,0,2.384185791015625e-07
wands,C2s5,227,False,False,0,0,1.7881393432617188e-07
wands,C2s5,228,False,False,0,0,1.7881393432617188e-07
wands,C2s5,229,False,False,0,0,1.7881393432617188e-07
wands,C2s5,230,False,False,0,0,1.1920928955078125e-07
wands,C2s5,231,False,False,0,0,1.7881393432617188e-07
wands,C2s5,232,False,False,0,0,1.7881393432617188e-07
wands,C2s5,233,False,False,0,0,1.7881393432617188e-07
wands,C2s5,234,False,False,0,0,2.384185791015625e-07
wands,C2s5,235,False,False,0,0,1.7881393432617188e-07
wands,C2s5,236,False,False,0,0,2.384185791015625e-07
wands,C2s5,237,False,False,0,0,2.384185791015625e-07
wands,C2s5,238,False,False,0,0,2.384185791015625e-07
wands,C2s5,239,False,False,0,0,2.384185791015625e-07
wands,C2s5,240,False,False,0,0,1.7881393432617188e-07
wands,C2s5,241,False,False,0,0,2.384185791015625e-07
wands,C2s5,242,False,False,0,0,2.980232238769531e-07
wands,C2s5,243,False,False,0,0,1.7881393432617188e-07
wands,C2s5,244,False,False,0,0,2.384185791015625e-07
wands,C2s5,245,False,False,0,0,2.384185791015625e-07
wands,C2s5,246,False,False,0,0,1.7881393432617188e-07
wands,C2s5,247,False,False,0,0,2.384185791015625e-07
wands,C2s5,248,False,False,0,0,1.7881393432617188e-07
wands,C2s5,249,False,False,0,0,1.7881393432617188e-07
wands,C2s5,250,False,False,0,0,1.7881393432617188e-07
wands,C2s5,251,False,False,0,0,1.7881393432617188e-07
wands,C2s5,252,False,False,0,0,2.384185791015625e-07
wands,C2s5,253,False,False,0,0,1.7881393432617188e-07
wands,C2s5,254,False,False,0,0,2.384185791015625e-07
wands,C2s5,255,False,False,0,0,2.980232238769531e-07
wands,C2s5,256,False,False,0,0,1.7881393432617188e-07
wands,C2s5,257,False,False,0,0,2.384185791015625e-07
wands,C2s5,258,False,False,0,0,1.1920928955078125e-07
wands,C2s5,259,False,False,0,0,1.7881393432617188e-07
wands,C2s5,260,False,False,0,0,2.384185791015625e-07
wands,C2s5,261,False,False,0,0,1.7881393432617188e-07
wands,C2s5,262,False,False,0,0,1.7881393432617188e-07
wands,C2s5,263,False,False,0,0,1.7881393432617188e-07
wands,C2s5,264,False,False,0,0,2.384185791015625e-07
wands,C2s5,265,False,False,0,0,1.7881393432617188e-07
wands,C2s5,266,False,False,0,0,1.7881393432617188e-07
wands,C2s5,267,False,False,0,0,1.7881393432617188e-07
wands,C2s5,268,False,False,0,0,1.7881393432617188e-07
wands,C2s5,269,False,False,0,0,1.7881393432617188e-07
wands,C2s5,270,False,False,0,0,1.7881393432617188e-07
wands,C2s5,271,False,False,0,0,1.7881393432617188e-07
wands,C2s5,272,False,False,0,0,1.7881393432617188e-07
wands,C2s5,273,False,False,0,0,1.7881393432617188e-07
wands,C2s5,274,False,False,0,0,1.7881393432617188e-07
wands,C2s5,275,False,False,0,0,1.7881393432617188e-07
wands,C2s5,276,False,False,0,0,1.7881393432617188e-07
wands,C2s5,277,False,False,0,0,2.384185791015625e-07
wands,C2s5,278,False,False,0,0,1.7881393432617188e-07
wands,C2s5,279,False,False,0,0,1.7881393432617188e-07
wands,C2s5,280,False,False,0,0,1.7881393432617188e-07
wands,C2s5,281,False,False,0,0,1.7881393432617188e-07
wands,C2s5,282,False,False,0,0,1.7881393432617188e-07
wands,C2s5,283,False,False,0,0,1.7881393432617188e-07
wands,C2s5,284,False,False,0,0,1.1920928955078125e-07
wands,C2s5,285,False,False,0,0,1.7881393432617188e-07
wands,C2s5,286,False,False,0,0,1.7881393432617188e-07
wands,C2s5,287,False,False,0,0,2.384185791015625e-07
wands,C2s5,288,False,False,0,0,1.7881393432617188e-07
wands,C2s5,289,False,False,0,0,1.7881393432617188e-07
wands,C2s5,290,False,False,0,0,1.7881393432617188e-07
wands,C2s5,291,False,False,0,0,2.384185791015625e-07
wands,C2s5,292,False,False,0,0,2.384185791015625e-07
wands,C2s5,293,False,False,0,0,1.7881393432617188e-07
wands,C2s5,294,False,False,0,0,1.7881393432617188e-07
wands,C2s5,295,False,False,0,0,1.7881393432617188e-07
wands,C2s5,296,False,False,0,0,1.7881393432617188e-07
wands,C2s5,297,False,False,0,0,1.7881393432617188e-07
wands,C2s5,298,False,False,0,0,1.7881393432617188e-07
wands,C2s5,300,False,False,0,0,2.980232238769531e-07
wands,C2s5,301,False,False,0,0,1.7881393432617188e-07
wands,C2s5,302,False,False,0,0,1.7881393432617188e-07
wands,C2s5,303,False,False,0,0,1.7881393432617188e-07
wands,C2s5,304,False,False,0,0,1.7881393432617188e-07
wands,C2s5,305,False,False,0,0,1.7881393432617188e-07
wands,C2s5,306,False,False,0,0,1.7881393432617188e-07
wands,C2s5,307,False,False,0,0,1.7881393432617188e-07
wands,C2s5,308,False,False,0,0,1.1920928955078125e-07
wands,C2s5,309,False,False,0,0,1.7881393432617188e-07
wands,C2s5,310,False,False,0,0,1.7881393432617188e-07
wands,C2s5,311,False,False,0,0,1.7881393432617188e-07
wands,C2s5,312,False,False,0,0,2.384185791015625e-07
wands,C2s5,313,False,False,0,0,1.1920928955078125e-07
wands,C2s5,314,False,False,0,0,1.7881393432617188e-07
wands,C2s5,315,False,False,0,0,1.1920928955078125e-07
wands,C2s5,316,False,False,0,0,2.384185791015625e-07
wands,C2s5,317,False,False,0,0,2.384185791015625e-07
wands,C2s5,318,False,False,0,0,1.7881393432617188e-07
wands,C2s5,319,False,False,0,0,1.7881393432617188e-07
wands,C2s5,320,False,False,0,0,2.384185791015625e-07
wands,C2s5,321,False,False,0,0,1.7881393432617188e-07
wands,C2s5,322,False,False,0,0,1.7881393432617188e-07
wands,C2s5,323,False,False,0,0,1.1920928955078125e-07
wands,C2s5,324,False,False,0,0,1.7881393432617188e-07
wands,C2s5,325,False,False,0,0,1.7881393432617188e-07
wands,C2s5,326,False,False,0,0,1.7881393432617188e-07
wands,C2s5,327,False,False,0,0,1.7881393432617188e-07
wands,C2s5,328,False,False,0,0,1.7881393432617188e-07
wands,C2s5,329,False,False,0,0,2.384185791015625e-07
wands,C2s5,330,False,False,0,0,1.7881393432617188e-07
wands,C2s5,331,False,False,0,0,1.7881393432617188e-07
wands,C2s5,332,False,False,0,0,1.1920928955078125e-07
wands,C2s5,333,False,False,0,0,2.384185791015625e-07
wands,C2s5,334,False,False,0,0,1.1920928955078125e-07
wands,C2s5,335,False,False,0,0,1.7881393432617188e-07
wands,C2s5,336,False,False,0,0,1.7881393432617188e-07
wands,C2s5,337,False,False,0,0,1.1920928955078125e-07
wands,C2s5,338,False,False,0,0,1.7881393432617188e-07
wands,C2s5,339,False,False,0,0,1.7881393432617188e-07
wands,C2s5,340,False,False,0,0,1.7881393432617188e-07
wands,C2s5,341,False,False,0,0,1.7881393432617188e-07
wands,C2s5,342,False,False,0,0,1.7881393432617188e-07
wands,C2s5,343,False,False,0,0,1.7881393432617188e-07
wands,C2s5,344,False,False,0,0,1.7881393432617188e-07
wands,C2s5,345,False,False,0,0,1.7881393432617188e-07
wands,C2s5,346,False,False,0,0,1.7881393432617188e-07
wands,C2s5,347,False,False,0,0,2.384185791015625e-07
wands,C2s5,348,False,False,0,0,1.7881393432617188e-07
wands,C2s5,349,False,False,0,0,1.7881393432617188e-07
wands,C2s5,351,False,False,0,0,1.7881393432617188e-07
wands,C2s5,352,False,False,0,0,8.940696716308594e-08
wands,C2s5,353,False,False,0,0,1.1920928955078125e-07
wands,C2s5,354,False,False,0,0,1.7881393432617188e-07
wands,C2s5,355,False,False,0,0,1.1920928955078125e-07
wands,C2s5,356,False,True,0,0,1.7881393432617188e-07
wands,C2s5,357,False,False,0,0,1.7881393432617188e-07
wands,C2s5,358,False,False,0,0,1.7881393432617188e-07
wands,C2s5,359,False,False,0,0,1.1920928955078125e-07
wands,C2s5,360,False,False,0,0,1.7881393432617188e-07
wands,C2s5,361,False,False,0,0,1.4901161193847656e-07
wands,C2s5,362,False,False,0,0,1.7881393432617188e-07
wands,C2s5,363,False,False,0,0,2.980232238769531e-07
wands,C2s5,364,False,False,0,0,1.1920928955078125e-07
wands,C2s5,365,False,False,0,0,1.1920928955078125e-07
wands,C2s5,366,False,False,0,0,1.1920928955078125e-07
wands,C2s5,367,False,False,0,0,1.7881393432617188e-07
wands,C2s5,368,False,False,0,0,1.7881393432617188e-07
wands,C2s5,369,False,False,0,0,1.7881393432617188e-07
wands,C2s5,370,False,False,0,0,1.7881393432617188e-07
wands,C2s5,371,False,False,0,0,1.1920928955078125e-07
wands,C2s5,372,False,False,0,0,1.1920928955078125e-07
wands,C2s5,373,False,False,0,0,1.7881393432617188e-07
wands,C2s5,374,False,False,0,0,1.7881393432617188e-07
wands,C2s5,375,False,False,0,0,2.384185791015625e-07
wands,C2s5,376,False,False,0,0,1.7881393432617188e-07
wands,C2s5,377,False,False,0,0,1.7881393432617188e-07
wands,C2s5,378,False,False,0,0,2.384185791015625e-07
wands,C2s5,379,False,False,0,0,1.7881393432617188e-07
wands,C2s5,380,False,False,0,0,1.7881393432617188e-07
wands,C2s5,381,False,False,0,0,2.384185791015625e-07
wands,C2s5,382,False,False,0,0,1.7881393432617188e-07
wands,C2s5,383,False,False,0,0,1.1920928955078125e-07
wands,C2s5,384,False,False,0,0,1.7881393432617188e-07
wands,C2s5,385,False,False,0,0,1.7881393432617188e-07
wands,C2s5,386,False,False,0,0,2.384185791015625e-07
wands,C2s5,387,False,False,0,0,2.980232238769531e-07
wands,C2s5,388,False,False,0,0,1.7881393432617188e-07
wands,C2s5,389,False,False,0,0,2.384185791015625e-07
wands,C2s5,390,False,False,0,0,1.7881393432617188e-07
wands,C2s5,391,False,False,0,0,2.384185791015625e-07
wands,C2s5,392,False,False,0,0,1.7881393432617188e-07
wands,C2s5,393,False,False,0,0,1.1920928955078125e-07
wands,C2s5,394,False,False,0,0,1.7881393432617188e-07
wands,C2s5,395,False,False,0,0,1.1920928955078125e-07
wands,C2s5,396,False,False,0,0,1.7881393432617188e-07
wands,C2s5,397,False,False,0,0,1.7881393432617188e-07
wands,C2s5,398,False,False,0,0,1.1920928955078125e-07
wands,C2s5,399,False,False,0,0,1.7881393432617188e-07
wands,C2s5,400,False,False,0,0,1.7881393432617188e-07
wands,C2s5,401,False,False,0,0,1.7881393432617188e-07
wands,C2s5,402,False,False,0,0,2.384185791015625e-07
wands,C2s5,403,False,False,0,0,1.7881393432617188e-07
wands,C2s5,404,False,False,0,0,1.7881393432617188e-07
wands,C2s5,405,False,False,0,0,1.7881393432617188e-07
wands,C2s5,406,False,False,0,0,1.1920928955078125e-07
wands,C2s5,407,False,False,0,0,1.7881393432617188e-07
wands,C2s5,408,False,False,0,0,2.384185791015625e-07
wands,C2s5,409,False,False,0,0,2.384185791015625e-07
wands,C2s5,410,False,False,0,0,1.7881393432617188e-07
wands,C2s5,411,False,False,0,0,1.7881393432617188e-07
wands,C2s5,412,False,False,0,0,2.384185791015625e-07
wands,C2s5,413,False,False,0,0,1.7881393432617188e-07
wands,C2s5,414,False,False,0,0,1.7881393432617188e-07
wands,C2s5,415,False,False,0,0,1.7881393432617188e-07
wands,C2s5,416,False,False,0,0,2.384185791015625e-07
wands,C2s5,417,False,False,0,0,2.384185791015625e-07
wands,C2s5,418,False,False,0,0,2.384185791015625e-07
wands,C2s5,419,False,False,0,0,1.7881393432617188e-07
wands,C2s5,420,False,False,0,0,1.7881393432617188e-07
wands,C2s5,421,False,False,0,0,1.7881393432617188e-07
wands,C2s5,422,False,False,0,0,1.7881393432617188e-07
wands,C2s5,423,False,False,0,0,2.384185791015625e-07
wands,C2s5,424,False,False,0,0,1.7881393432617188e-07
wands,C2s5,425,False,False,0,0,2.384185791015625e-07
wands,C2s5,426,False,False,0,0,2.384185791015625e-07
wands,C2s5,427,False,False,0,0,1.7881393432617188e-07
wands,C2s5,428,False,False,0,0,1.7881393432617188e-07
wands,C2s5,429,False,False,0,0,1.7881393432617188e-07
wands,C2s5,430,False,False,0,0,2.384185791015625e-07
wands,C2s5,431,False,False,0,0,2.384185791015625e-07
wands,C2s5,432,False,False,0,0,1.7881393432617188e-07
wands,C2s5,433,False,False,0,0,2.384185791015625e-07
wands,C2s5,434,False,False,0,0,1.7881393432617188e-07
wands,C2s5,435,False,False,0,0,1.7881393432617188e-07
wands,C2s5,436,False,False,0,0,1.7881393432617188e-07
wands,C2s5,437,False,False,0,0,2.384185791015625e-07
wands,C2s5,438,False,False,0,0,1.1920928955078125e-07
wands,C2s5,439,False,False,0,0,2.384185791015625e-07
wands,C2s5,440,False,False,0,0,2.980232238769531e-07
wands,C2s5,441,False,False,0,0,2.384185791015625e-07
wands,C2s5,442,False,False,0,0,1.7881393432617188e-07
wands,C2s5,443,False,False,0,0,1.7881393432617188e-07
wands,C2s5,444,False,False,0,0,1.7881393432617188e-07
wands,C2s5,445,False,False,0,0,2.384185791015625e-07
wands,C2s5,446,False,False,0,0,1.1920928955078125e-07
wands,C2s5,447,False,False,0,0,1.7881393432617188e-07
wands,C2s5,448,False,False,0,0,1.7881393432617188e-07
wands,C2s5,449,False,False,0,0,1.7881393432617188e-07
wands,C2s5,451,False,False,0,0,1.1920928955078125e-07
wands,C2s5,452,False,False,0,0,1.1920928955078125e-07
wands,C2s5,453,False,False,0,0,1.7881393432617188e-07
wands,C2s5,454,False,False,0,0,2.384185791015625e-07
wands,C2s5,455,False,False,0,0,1.7881393432617188e-07
wands,C2s5,456,False,False,0,0,2.384185791015625e-07
wands,C2s5,457,False,False,0,0,1.1920928955078125e-07
wands,C2s5,458,False,False,0,0,1.7881393432617188e-07
wands,C2s5,459,False,False,0,0,1.7881393432617188e-07
wands,C2s5,460,False,False,0,0,1.1920928955078125e-07
wands,C2s5,461,False,False,0,0,1.7881393432617188e-07
wands,C2s5,462,False,False,0,0,1.7881393432617188e-07
wands,C2s5,463,False,False,0,0,2.384185791015625e-07
wands,C2s5,464,False,False,0,0,2.384185791015625e-07
wands,C2s5,465,False,False,0,0,1.7881393432617188e-07
wands,C2s5,466,False,False,0,0,1.7881393432617188e-07
wands,C2s5,467,False,False,0,0,1.7881393432617188e-07
wands,C2s5,468,False,False,0,0,1.7881393432617188e-07
wands,C2s5,469,False,False,0,0,1.7881393432617188e-07
wands,C2s5,470,False,False,0,0,1.7881393432617188e-07
wands,C2s5,471,False,False,0,0,1.7881393432617188e-07
wands,C2s5,472,False,False,0,0,2.384185791015625e-07
wands,C2s5,473,False,False,0,0,1.7881393432617188e-07
wands,C2s5,474,False,False,0,0,2.384185791015625e-07
wands,C2s5,475,False,False,0,0,1.7881393432617188e-07
wands,C2s5,476,False,False,0,0,1.7881393432617188e-07
wands,C2s5,478,False,False,0,0,2.384185791015625e-07
wands,C2s5,479,False,False,0,0,1.7881393432617188e-07
wands,C2s5,480,False,False,0,0,1.7881393432617188e-07
wands,C2s5,481,False,False,0,0,1.1920928955078125e-07
wands,C2s5,482,False,False,0,0,2.384185791015625e-07
wands,C2s5,483,False,False,0,0,2.384185791015625e-07
wands,C2s5,484,False,False,0,0,2.384185791015625e-07
wands,C2s5,485,False,False,0,0,1.7881393432617188e-07
wands,C2s5,486,False,False,0,0,2.384185791015625e-07
wands,C2s5,487,False,False,0,0,1.7881393432617188e-07
esci,C0,165,False,True,0,0,1.7881393432617188e-07
esci,C0,433,False,False,0,0,1.7881393432617188e-07
esci,C0,500,False,False,0,0,1.7881393432617188e-07
esci,C0,541,False,True,0,0,0.00013190507888793945
esci,C0,598,False,False,0,0,1.7881393432617188e-07
esci,C0,600,False,False,0,0,1.7881393432617188e-07
esci,C0,602,False,False,0,0,1.7881393432617188e-07
esci,C0,622,True,True,0,0,0.00015372037887573242
esci,C0,637,True,True,0,0,0.00015085935592651367
esci,C0,861,False,False,0,0,0.00011646747589111328
esci,C0,933,False,False,0,0,1.7881393432617188e-07
esci,C0,978,False,False,0,0,1.7881393432617188e-07
esci,C0,1210,False,False,0,0,1.7881393432617188e-07
esci,C0,1293,False,True,0,0,0.00011903047561645508
esci,C0,1310,False,True,0,0,0.0001245737075805664
esci,C0,1458,False,True,0,0,0.00012230873107910156
esci,C0,1476,False,False,0,0,1.7881393432617188e-07
esci,C0,1530,True,True,0,0,0.00010663270950317383
esci,C0,1659,False,True,0,0,0.0001214742660522461
esci,C0,1816,False,True,0,0,8.958578109741211e-05
esci,C0,2286,False,False,0,0,9.47117805480957e-05
esci,C0,2390,False,False,0,0,1.1920928955078125e-07
esci,C0,2692,False,False,0,0,1.1920928955078125e-07
esci,C0,2855,False,True,0,0,0.0001157522201538086
esci,C0,3012,False,False,0,0,1.7881393432617188e-07
esci,C0,3492,False,True,0,0,0.00017589330673217773
esci,C0,3494,True,True,0,0,0.00012671947479248047
esci,C0,3986,False,True,0,0,0.00016945600509643555
esci,C0,4299,False,True,0,0,0.00013327598571777344
esci,C0,4321,False,True,0,0,0.00020450353622436523
esci,C0,4860,False,True,0,0,0.00016170740127563477
esci,C0,4956,False,True,0,0,0.00017768144607543945
esci,C0,5079,False,False,0,0,2.384185791015625e-07
esci,C0,5094,False,False,0,0,1.1920928955078125e-07
esci,C0,5419,False,False,0,0,2.980232238769531e-07
esci,C0,5787,False,True,0,0,1.7881393432617188e-07
esci,C0,5921,False,True,0,0,0.00015228986740112305
esci,C0,6138,False,False,0,0,1.1920928955078125e-07
esci,C0,6685,False,True,0,0,6.628036499023438e-05
esci,C0,7034,False,False,0,0,1.7881393432617188e-07
esci,C0,7126,False,True,0,0,0.00015628337860107422
esci,C0,7303,False,False,0,0,1.7881393432617188e-07
esci,C0,7340,False,False,0,0,1.7881393432617188e-07
esci,C0,7545,False,True,0,0,0.00018584728240966797
esci,C0,7581,False,False,0,0,1.7881393432617188e-07
esci,C0,8063,False,True,0,0,7.432699203491211e-05
esci,C0,8519,False,False,0,0,1.1920928955078125e-07
esci,C0,8605,False,True,0,0,8.165836334228516e-05
esci,C0,8740,False,True,0,0,8.690357208251953e-05
esci,C0,9096,False,True,0,0,0.00010901689529418945
esci,C0,9695,False,True,0,0,9.006261825561523e-05
esci,C0,9776,False,True,0,0,0.00010907649993896484
esci,C0,9967,False,True,0,0,0.00015920400619506836
esci,C0,10312,False,True,0,0,0.00017082691192626953
esci,C0,10370,False,True,0,0,0.00015044212341308594
esci,C0,11509,False,False,0,0,1.1920928955078125e-07
esci,C0,11621,False,True,0,0,0.00011289119720458984
esci,C0,11875,False,True,0,0,0.00012880563735961914
esci,C0,11925,False,True,0,0,8.034706115722656e-05
esci,C0,12176,False,True,0,0,0.0001557469367980957
esci,C0,12432,False,True,0,0,0.0001310110092163086
esci,C0,12557,True,True,0,0,0.00010716915130615234
esci,C0,12664,False,True,0,0,0.00011843442916870117
esci,C0,12809,False,True,0,0,0.00012695789337158203
esci,C0,13089,False,True,0,0,0.00015288591384887695
esci,C0,13169,False,True,0,0,0.00014007091522216797
esci,C0,13471,False,False,0,0,8.302927017211914e-05
esci,C0,13639,False,True,0,0,0.00014960765838623047
esci,C0,13785,False,True,0,0,8.606910705566406e-05
esci,C0,13954,False,True,0,0,0.00011414289474487305
esci,C0,14346,False,True,0,0,0.00013512372970581055
esci,C0,14880,False,True,0,0,0.00013566017150878906
esci,C0,14882,False,False,0,0,1.1920928955078125e-07
esci,C0,15154,False,True,0,0,0.0001431107521057129
esci,C0,15164,False,True,0,0,0.00011461973190307617
esci,C0,15311,False,True,0,0,0.00015801191329956055
esci,C0,15647,False,False,0,0,2.384185791015625e-07
esci,C0,15716,False,True,0,0,0.00014317035675048828
esci,C0,15777,False,True,0,0,7.200241088867188e-05
esci,C0,15807,False,True,0,0,0.00010132789611816406
esci,C0,16613,False,True,0,0,0.00021398067474365234
esci,C0,16684,False,True,0,0,0.0001323223114013672
esci,C0,17384,False,True,0,0,7.176399230957031e-05
esci,C0,17607,False,True,0,0,1.1920928955078125e-07
esci,C0,17689,False,True,0,0,0.00014495849609375
esci,C0,17742,False,True,0,0,0.0002065896987915039
esci,C0,18356,False,True,0,0,6.401538848876953e-05
esci,C0,18553,False,True,0,0,0.00016325712203979492
esci,C0,18679,False,True,0,0,8.916854858398438e-05
esci,C0,18682,False,True,0,0,0.0001399517059326172
esci,C0,18932,False,False,0,0,1.7881393432617188e-07
esci,C0,19053,False,True,0,0,0.0001620650291442871
esci,C0,19134,False,True,0,0,0.00011014938354492188
esci,C0,19268,False,True,0,0,0.00016701221466064453
esci,C0,19369,False,True,0,0,0.00012606382369995117
esci,C0,19372,True,True,0,0,9.906291961669922e-05
esci,C0,19380,False,True,0,0,0.00013643503189086914
esci,C0,19619,False,True,0,0,0.00010824203491210938
esci,C0,19694,False,False,0,0,1.7881393432617188e-07
esci,C0,19953,True,True,0,0,0.00017189979553222656
esci,C0,20037,False,True,0,0,0.00018274784088134766
esci,C0,20185,False,True,0,0,0.00012010335922241211
esci,C0,20307,False,True,0,0,0.00010722875595092773
esci,C0,20315,True,True,0,0,0.00015538930892944336
esci,C0,20385,False,True,0,0,0.00011461973190307617
esci,C0,20500,False,True,0,0,0.00013262033462524414
esci,C0,20523,False,True,0,0,9.226799011230469e-05
esci,C0,20788,False,True,0,0,7.718801498413086e-05
esci,C0,21481,False,False,0,0,1.7881393432617188e-07
esci,C0,21645,False,True,0,0,0.00010186433792114258
esci,C0,22173,True,True,0,0,0.00010436773300170898
esci,C0,22211,False,True,0,0,0.00018739700317382812
esci,C0,22441,False,True,0,0,0.0001609325408935547
esci,C0,22639,False,True,0,0,0.0001004338264465332
esci,C0,23148,False,True,0,0,0.00011396408081054688
esci,C0,23260,True,True,0,0,0.00016224384307861328
esci,C0,23744,True,True,0,0,0.0001334547996520996
esci,C0,24082,False,True,0,0,0.00018322467803955078
esci,C0,24402,False,True,0,0,0.0001747608184814453
esci,C0,24504,False,True,0,0,0.0001175999641418457
esci,C0,24668,False,True,0,0,0.00012969970703125
esci,C0,24697,False,False,0,0,7.617473602294922e-05
esci,C0,24831,False,True,0,0,9.28044319152832e-05
esci,C0,25132,False,True,0,0,9.912252426147461e-05
esci,C0,25426,False,True,0,0,0.0001728534698486328
esci,C0,25497,False,True,0,0,7.355213165283203e-05
esci,C0,25516,False,True,0,0,0.00012034177780151367
esci,C0,25591,False,True,0,0,0.00020176172256469727
esci,C0,26321,False,True,0,0,0.00011652708053588867
esci,C0,26642,False,True,0,0,0.00013512372970581055
esci,C0,26872,False,True,0,0,0.00010526180267333984
esci,C0,27927,False,True,0,0,0.00012993812561035156
esci,C0,28198,False,True,0,0,0.00012820959091186523
esci,C0,28637,False,True,0,0,9.85264778137207e-05
esci,C0,29049,False,True,0,0,0.00016516447067260742
esci,C0,29123,True,True,0,0,0.00013113021850585938
esci,C0,29488,False,True,0,0,0.0001564621925354004
esci,C0,29596,False,True,0,0,0.00013071298599243164
esci,C0,29729,False,True,0,0,0.000110626220703125
esci,C0,29868,False,False,0,0,0.00013834238052368164
esci,C0,29928,False,True,0,0,0.00011593103408813477
esci,C0,29941,False,False,0,0,1.7881393432617188e-07
esci,C0,29945,False,True,0,0,0.0001385807991027832
esci,C0,29952,False,True,0,0,9.304285049438477e-05
esci,C0,30020,False,True,0,0,7.909536361694336e-05
esci,C0,30318,False,True,0,0,0.00015908479690551758
esci,C0,31573,False,True,0,0,0.0001112222671508789
esci,C0,31659,False,True,0,0,0.00010162591934204102
esci,C0,31724,False,False,0,0,1.7881393432617188e-07
esci,C0,31889,True,True,0,0,0.00016158819198608398
esci,C0,32142,False,True,0,0,8.821487426757812e-05
esci,C0,32164,False,True,0,0,0.00015109777450561523
esci,C0,32311,False,True,0,0,0.00018462538719177246
esci,C0,32350,False,True,0,0,0.00012928247451782227
esci,C0,32351,False,True,0,0,8.761882781982422e-05
esci,C0,32430,False,True,0,0,7.432699203491211e-05
esci,C0,32612,False,True,0,0,0.00014102458953857422
esci,C0,32812,False,True,0,0,0.00010836124420166016
esci,C0,32917,False,True,0,0,8.726119995117188e-05
esci,C0,33004,False,True,0,0,0.00016349554061889648
esci,C0,33735,False,True,0,0,9.810924530029297e-05
esci,C0,34128,False,True,0,0,0.0001093149185180664
esci,C0,34229,False,True,0,0,0.0001285076141357422
esci,C0,34443,False,True,0,0,0.00012916326522827148
esci,C0,34775,False,True,0,0,0.0001443624496459961
esci,C0,34817,False,True,0,0,0.00011843442916870117
esci,C0,35117,False,True,0,0,0.00010389089584350586
esci,C0,35242,False,True,0,0,0.0001195669174194336
esci,C0,35755,False,True,0,0,0.00017458200454711914
esci,C0,36669,False,True,0,0,0.00011894106864929199
esci,C0,36678,False,True,0,0,0.00012791156768798828
esci,C0,36753,False,True,0,0,0.00011110305786132812
esci,C0,36912,False,True,0,0,0.00013637542724609375
esci,C0,36960,False,False,0,0,0.00012737512588500977
esci,C0,37451,False,False,0,0,9.697675704956055e-05
esci,C0,37466,False,True,0,0,0.00010031461715698242
esci,C0,37498,False,True,0,0,0.00012183189392089844
esci,C0,37670,False,False,0,0,1.7881393432617188e-07
esci,C0,37789,False,True,0,0,9.328126907348633e-05
esci,C0,38679,False,True,0,0,0.0001335740089416504
esci,C0,39022,False,True,0,0,0.00010317564010620117
esci,C0,39107,False,True,0,0,9.649991989135742e-05
esci,C0,39157,False,True,0,0,0.0001195073127746582
esci,C0,39263,False,True,0,0,0.0001735687255859375
esci,C0,40165,True,True,0,0,0.00014358758926391602
esci,C0,40292,False,True,0,0,0.00012362003326416016
esci,C0,40356,False,True,0,0,0.00013148784637451172
esci,C0,40483,False,True,0,0,0.00012028217315673828
esci,C0,40528,False,True,0,0,0.00010716915130615234
esci,C0,40573,False,True,0,0,0.00017118453979492188
esci,C0,40615,False,True,0,0,0.0001399517059326172
esci,C0,40834,False,False,0,0,0.00010073184967041016
esci,C0,41423,False,True,0,0,0.00016307830810546875
esci,C0,41492,False,True,0,0,0.00012880563735961914
esci,C0,41502,False,True,0,0,8.666515350341797e-05
esci,C0,41795,False,True,0,0,8.71419906616211e-05
esci,C0,42118,False,True,0,0,0.0001240372657775879
esci,C0,42332,False,True,0,0,0.0001412034034729004
esci,C0,42405,False,True,0,0,0.0001615285873413086
esci,C0,42445,False,True,0,0,0.00012135505676269531
esci,C0,42964,False,True,0,0,0.00014787912368774414
esci,C0,42968,False,True,0,0,0.00013619661331176758
esci,C0,43579,False,True,0,0,0.00012362003326416016
esci,C0,43948,False,True,0,0,0.0001633763313293457
esci,C0,43961,False,True,0,0,0.0001881122589111328
esci,C0,43983,False,False,0,0,0.00013196468353271484
esci,C0,44424,False,True,0,0,8.130073547363281e-05
esci,C0,44706,False,True,0,0,0.00013679265975952148
esci,C0,44816,False,True,0,0,0.0001469254493713379
esci,C0,44845,False,True,0,0,0.00016766786575317383
esci,C0,44960,False,True,0,0,9.72747802734375e-05
esci,C0,45294,False,True,0,0,8.243322372436523e-05
esci,C0,45464,False,True,0,0,0.00012362003326416016
esci,C0,45588,False,True,0,0,0.00024193525314331055
esci,C0,45713,False,True,0,0,0.00011020898818969727
esci,C0,45745,False,True,0,0,0.0001049041748046875
esci,C0,45843,False,True,0,0,9.042024612426758e-05
esci,C0,45928,True,True,0,0,0.00016242265701293945
esci,C0,45990,False,True,0,0,0.00011831521987915039
esci,C0,46008,False,True,0,0,0.00010013580322265625
esci,C0,46089,False,True,0,0,8.797645568847656e-05
esci,C0,46097,False,True,0,0,0.0001367330551147461
esci,C0,46149,False,True,0,0,0.00013267993927001953
esci,C0,46177,False,True,0,0,0.0001894831657409668
esci,C0,46471,False,True,0,0,0.0001423358917236328
esci,C0,46910,False,True,0,0,0.00011801719665527344
esci,C0,47106,False,True,0,0,0.00013142824172973633
esci,C0,47213,True,True,0,0,0.00018543004989624023
esci,C0,47217,False,True,0,0,0.00016099214553833008
esci,C0,47526,False,True,0,0,9.912252426147461e-05
esci,C0,47631,True,True,0,0,0.00011104345321655273
esci,C0,47857,False,True,0,0,0.00010269880294799805
esci,C0,47892,False,True,0,0,0.00016069412231445312
esci,C0,48397,False,True,0,0,0.00014603137969970703
esci,C0,48914,False,True,0,0,0.0001245737075805664
esci,C0,48929,False,True,0,0,0.0001042485237121582
esci,C0,49077,False,True,0,0,8.893013000488281e-05
esci,C0,49201,False,True,0,0,9.21487808227539e-05
esci,C0,49481,False,True,0,0,0.00014454126358032227
esci,C0,49972,False,True,0,0,0.00010520219802856445
esci,C0,50118,False,True,0,0,0.00021696090698242188
esci,C0,50311,False,True,0,0,0.00010216236114501953
esci,C0,50356,False,False,0,0,7.796287536621094e-05
esci,C0,50494,False,True,0,0,8.720159530639648e-05
esci,C0,51056,False,True,0,0,0.00010102987289428711
esci,C0,51227,False,True,0,0,8.71419906616211e-05
esci,C0,51454,True,True,0,0,0.0001398324966430664
esci,C0,52230,False,True,0,0,0.00011688470840454102
esci,C0,52255,False,False,0,0,0.00011712312698364258
esci,C0,52348,False,True,0,0,0.00012439489364624023
esci,C0,52482,False,False,0,0,1.4901161193847656e-07
esci,C0,52830,False,True,0,0,0.00016611814498901367
esci,C0,53042,False,False,0,0,1.7881393432617188e-07
esci,C0,53114,False,True,0,0,0.00013715028762817383
esci,C0,53284,False,True,0,0,0.00015556812286376953
esci,C0,53328,False,True,0,0,0.00016832351684570312
esci,C0,53451,False,False,0,0,1.1920928955078125e-07
esci,C0,54039,False,False,0,0,1.7881393432617188e-07
esci,C0,54044,False,True,0,0,0.00014764070510864258
esci,C0,54558,False,True,0,0,0.0001391768455505371
esci,C0,54634,False,False,0,0,1.1920928955078125e-07
esci,C0,54889,False,True,0,0,0.00018990039825439453
esci,C0,55280,False,False,0,0,1.7881393432617188e-07
esci,C0,55365,False,True,0,0,0.00010579824447631836
esci,C0,55531,False,False,0,0,0.00012618303298950195
esci,C0,55677,False,True,0,0,0.00012379884719848633
esci,C0,56281,False,True,0,0,0.00012767314910888672
esci,C0,56758,False,True,0,0,0.00019782781600952148
esci,C0,57100,False,True,0,0,0.00010830163955688477
esci,C0,57276,False,True,0,0,0.00012099742889404297
esci,C0,57921,False,True,0,0,0.00012308359146118164
esci,C0,58044,False,True,0,0,9.02414321899414e-05
esci,C0,58233,False,False,0,0,1.7881393432617188e-07
esci,C0,58514,False,True,0,0,0.00012105703353881836
esci,C0,58597,False,True,0,0,0.0001270771026611328
esci,C0,59963,False,True,0,0,0.00014483928680419922
esci,C0,60628,False,False,0,0,1.1920928955078125e-07
esci,C0,61329,False,True,0,0,0.0001462697982788086
esci,C0,61522,False,True,0,0,0.00016576051712036133
esci,C0,61574,False,False,0,0,1.7881393432617188e-07
esci,C0,61598,False,True,0,0,1.7881393432617188e-07
esci,C0,61723,False,True,0,0,8.726119995117188e-05
esci,C0,61798,False,True,0,0,0.00015300512313842773
esci,C0,61830,False,False,0,0,1.1920928955078125e-07
esci,C0,61961,True,True,0,0,0.0001251697540283203
esci,C0,62478,False,True,0,0,0.00012373924255371094
esci,C0,62513,False,True,0,0,2.384185791015625e-07
esci,C0,62558,False,True,0,0,7.718801498413086e-05
esci,C0,62858,False,True,0,0,0.00013679265975952148
esci,C0,62937,False,True,0,0,0.00011640787124633789
esci,C0,62954,False,False,0,0,0.00012260675430297852
esci,C0,63291,False,False,0,0,1.1920928955078125e-07
esci,C0,63701,False,False,0,0,1.7881393432617188e-07
esci,C0,63917,False,True,0,0,0.0001201629638671875
esci,C0,63927,False,True,0,0,0.00010025501251220703
esci,C0,64191,False,True,0,0,0.00017559528350830078
esci,C0,64212,False,True,0,0,0.00011491775512695312
esci,C0,64296,False,True,0,0,8.958578109741211e-05
esci,C0,64880,False,False,0,0,1.7881393432617188e-07
esci,C0,65197,False,True,0,0,9.918212890625e-05
esci,C0,65347,False,True,0,0,0.00018408894538879395
esci,C0,65397,False,True,0,0,0.00012981891632080078
esci,C0,65683,True,True,0,0,0.0001081228256225586
esci,C0,65798,True,True,0,0,0.0001004934310913086
esci,C0,66004,False,True,0,0,0.00012069940567016602
esci,C0,66062,False,True,0,0,0.00020962953567504883
esci,C0,66396,False,True,0,0,9.316205978393555e-05
esci,C0,66421,False,True,0,0,0.00014585256576538086
esci,C0,66476,False,True,0,0,0.00011777877807617188
esci,C0,66494,False,True,0,0,0.00011795759201049805
esci,C0,67075,False,True,0,0,8.666515350341797e-05
esci,C0,67189,False,True,0,0,0.00015032291412353516
esci,C0,67570,False,False,0,0,0.0
esci,C0,67637,False,False,0,0,1.7881393432617188e-07
esci,C0,67712,False,False,0,0,1.1920928955078125e-07
esci,C0,67844,False,True,0,0,8.744001388549805e-05
esci,C0,67894,False,True,0,0,8.445978164672852e-05
esci,C0,68340,False,False,0,0,0.00011330842971801758
esci,C0,68572,False,True,0,0,0.00011938810348510742
esci,C0,69025,True,True,0,0,0.00019299983978271484
esci,C0,69269,False,False,0,0,1.1920928955078125e-07
esci,C0,69657,True,True,0,0,7.939338684082031e-05
esci,C0,69695,False,True,0,0,0.00012946128845214844
esci,C0,69739,False,True,0,0,0.00012040138244628906
esci,C0,70263,True,True,0,0,0.0002129077911376953
esci,C0,70625,False,True,0,0,8.96453857421875e-05
esci,C0,70787,False,True,0,0,0.00013822317123413086
esci,C0,71186,False,True,0,0,0.00013446807861328125
esci,C0,71356,False,True,0,0,0.00013428926467895508
esci,C0,71655,False,True,0,0,0.0001481175422668457
esci,C0,71902,False,True,0,0,0.00015842914581298828
esci,C0,72088,False,False,0,0,0.00011992454528808594
esci,C0,72127,False,True,0,0,0.00015807151794433594
esci,C0,72915,False,False,0,0,1.7881393432617188e-07
esci,C0,73215,False,True,0,0,0.00014346837997436523
esci,C0,73282,False,True,0,0,0.00011348724365234375
esci,C0,73400,False,False,0,0,0.00014263391494750977
esci,C0,73401,False,True,0,0,0.00014537572860717773
esci,C0,73522,False,True,0,0,0.0001081228256225586
esci,C0,73746,False,False,0,0,0.00010269880294799805
esci,C0,73944,True,True,0,0,0.00012290477752685547
esci,C0,74270,False,True,0,0,0.0001291036605834961
esci,C0,74336,False,True,0,0,9.036064147949219e-05
esci,C0,74620,False,True,0,0,0.00011616945266723633
esci,C0,74628,False,True,0,0,0.00011324882507324219
esci,C0,74654,False,True,0,0,0.00010198354721069336
esci,C0,74782,False,True,0,0,6.35385513305664e-05
esci,C0,75417,False,True,0,0,0.00010859966278076172
esci,C0,75512,False,False,0,0,9.614229202270508e-05
esci,C0,75831,True,True,0,0,0.00018674135208129883
esci,C0,75925,False,True,0,0,0.00011539459228515625
esci,C0,76144,False,False,0,0,7.027387619018555e-05
esci,C0,76820,True,True,0,0,0.0001646280288696289
esci,C0,76904,False,True,0,0,0.00010251998901367188
esci,C0,76950,False,False,0,0,1.7881393432617188e-07
esci,C0,76969,False,True,0,0,0.00012475252151489258
esci,C0,77343,False,True,0,0,8.380413055419922e-05
esci,C0,78347,False,True,0,0,8.237361907958984e-05
esci,C0,79143,True,True,0,0,0.00010126829147338867
esci,C0,79505,False,True,0,0,8.511543273925781e-05
esci,C0,80305,False,True,0,0,9.882450103759766e-05
esci,C0,80453,False,True,0,0,0.00012695789337158203
esci,C0,80880,False,True,0,0,0.00012350082397460938
esci,C0,81029,False,True,0,0,7.033348083496094e-05
esci,C0,81301,False,True,0,0,0.00015342235565185547
esci,C0,81478,False,True,0,0,0.00011295080184936523
esci,C0,81547,False,True,0,0,9.745359420776367e-05
esci,C0,82738,False,True,0,0,0.00019544363021850586
esci,C0,82799,False,True,0,0,6.371736526489258e-05
esci,C0,82836,False,True,0,0,0.00011169910430908203
esci,C0,82977,False,True,0,0,0.00011116266250610352
esci,C0,83182,True,True,0,0,8.636713027954102e-05
esci,C0,83573,False,True,0,0,0.00012856721878051758
esci,C0,83860,False,True,0,0,0.0001398921012878418
esci,C0,84011,False,True,0,0,0.00012004375457763672
esci,C0,84333,False,True,0,0,0.00011867284774780273
esci,C0,84543,False,True,0,0,9.167194366455078e-05
esci,C0,84692,False,True,0,0,0.00012958049774169922
esci,C0,84752,False,True,0,0,0.00014102458953857422
esci,C0,84990,False,True,0,0,0.00011736154556274414
esci,C0,85202,False,True,0,0,0.00015026330947875977
esci,C0,85743,False,True,0,0,0.00012171268463134766
esci,C0,85956,False,True,0,0,0.00013393163681030273
esci,C0,87048,False,False,0,0,0.0001919269561767578
esci,C0,87098,False,True,0,0,0.00010180473327636719
esci,C0,87123,False,True,0,0,0.00012421607971191406
esci,C0,87931,False,True,0,0,0.0001990199089050293
esci,C0,88180,False,False,0,0,1.1920928955078125e-07
esci,C0,88972,False,True,0,0,0.0001494288444519043
esci,C0,89016,False,True,0,0,0.00013631582260131836
esci,C0,89094,False,True,0,0,0.0001361370086669922
esci,C0,89443,False,True,0,0,0.00015547871589660645
esci,C0,90070,False,False,0,0,1.7881393432617188e-07
esci,C0,90523,False,True,0,0,0.00014162063598632812
esci,C0,90653,False,True,0,0,0.00011783838272094727
esci,C0,90835,False,True,0,0,9.769201278686523e-05
esci,C0,90983,False,True,0,0,9.042024612426758e-05
esci,C0,91113,False,True,0,0,0.00010967254638671875
esci,C0,91245,False,True,0,0,0.00015461444854736328
esci,C0,91267,False,True,0,0,0.00012415647506713867
esci,C0,91452,False,True,0,0,0.00012826919555664062
esci,C0,91498,False,True,0,0,0.0001239776611328125
esci,C0,91539,False,True,0,0,0.00017023086547851562
esci,C0,91847,False,True,0,0,0.00011283159255981445
esci,C0,92217,False,True,0,0,0.00010073184967041016
esci,C0,92320,False,True,0,0,0.00013372302055358887
esci,C0,92627,False,False,0,0,0.00011628866195678711
esci,C0,92663,False,True,0,0,0.00012451410293579102
esci,C0,92720,False,True,0,0,0.00011432170867919922
esci,C0,92810,False,False,0,0,1.7881393432617188e-07
esci,C0,92928,False,True,0,0,8.916854858398438e-05
esci,C0,93169,False,False,0,0,2.384185791015625e-07
esci,C0,93559,False,True,0,0,9.5367431640625e-05
esci,C0,93654,False,False,0,0,0.00015312433242797852
esci,C0,93758,False,True,0,0,0.00015819072723388672
esci,C0,94456,False,False,0,0,0.00011742115020751953
esci,C0,94846,False,True,0,0,8.738040924072266e-05
esci,C0,94878,False,True,0,0,7.426738739013672e-05
esci,C0,94932,False,True,0,0,0.00012183189392089844
esci,C0,95116,False,True,0,0,0.00011789798736572266
esci,C0,95136,False,False,0,0,1.7881393432617188e-07
esci,C0,95453,False,True,0,0,0.00017058849334716797
esci,C0,95494,False,True,0,0,0.00010830163955688477
esci,C0,95886,False,True,0,0,0.00020545721054077148
esci,C0,95917,False,True,0,0,0.00012820959091186523
esci,C0,96045,False,True,0,0,0.00012934207916259766
esci,C0,96401,False,True,0,0,0.00010371208190917969
esci,C0,96535,False,False,0,0,1.7881393432617188e-07
esci,C0,96819,False,True,0,0,7.802248001098633e-05
esci,C0,98201,False,True,0,0,0.00026863813400268555
esci,C0,98425,False,True,0,0,0.00011819601058959961
esci,C0,98526,False,True,0,0,0.00011140108108520508
esci,C0,99391,False,True,0,0,0.00010216236114501953
esci,C0,99846,False,True,0,0,8.58306884765625e-05
esci,C0,100084,False,True,0,0,0.0001462697982788086
esci,C0,100330,False,False,0,0,0.00010699033737182617
esci,C0,100469,False,False,0,0,1.7881393432617188e-07
esci,C0,100474,False,True,0,0,0.00010466575622558594
esci,C0,100637,False,True,0,0,0.00011205673217773438
esci,C0,100807,False,True,0,0,0.00016379356384277344
esci,C0,101683,False,True,0,0,5.698204040527344e-05
esci,C0,101841,False,True,0,0,0.000118255615234375
esci,C0,102215,False,True,0,0,0.00012865662574768066
esci,C0,102308,False,True,0,0,0.00012826919555664062
esci,C0,102732,False,True,0,0,8.20159912109375e-05
esci,C0,102895,False,True,0,0,0.00015228986740112305
esci,C0,102991,False,True,0,0,0.00012034177780151367
esci,C0,103099,False,True,0,0,0.00016742944717407227
esci,C0,103248,False,True,0,0,0.00010395050048828125
esci,C0,103500,False,True,0,0,0.00014197826385498047
esci,C0,103612,False,True,0,0,0.0001475214958190918
esci,C0,103705,False,True,0,0,0.00012743473052978516
esci,C0,104116,False,True,0,0,8.797645568847656e-05
esci,C0,104212,False,True,0,0,0.00011807680130004883
esci,C0,104375,False,True,0,0,0.00013810396194458008
esci,C0,104485,False,True,0,0,0.0002791881561279297
esci,C0,104556,False,True,0,0,9.059906005859375e-05
esci,C0,104929,False,True,0,0,0.00015276670455932617
esci,C0,105336,False,True,0,0,0.0001341104507446289
esci,C0,105354,False,True,0,0,0.00016391277313232422
esci,C0,106080,False,True,0,0,0.00012814998626708984
esci,C0,106387,False,True,0,0,8.291006088256836e-05
esci,C0,106839,False,True,0,0,0.00013679265975952148
esci,C0,107789,False,True,0,0,0.0001335740089416504
esci,C0,107880,False,True,0,0,9.417533874511719e-05
esci,C0,107900,False,True,0,0,0.0002116560935974121
esci,C0,108093,False,True,0,0,0.00011777877807617188
esci,C0,108571,False,True,0,0,0.00015681982040405273
esci,C0,108769,False,True,0,0,6.794929504394531e-05
esci,C0,108964,False,True,0,0,0.00016260147094726562
esci,C0,109159,False,True,0,0,0.00010609626770019531
esci,C0,109658,False,True,0,0,0.0001919865608215332
esci,C0,110355,False,True,0,0,0.00014281272888183594
esci,C0,110443,False,True,0,0,0.00014913082122802734
esci,C0,110695,False,True,0,0,0.00016021728515625
esci,C0,110785,False,True,0,0,0.00017005205154418945
esci,C0,110848,False,True,0,0,0.00011554360389709473
esci,C0,110909,False,False,0,0,1.7881393432617188e-07
esci,C0,111397,False,False,0,0,1.1920928955078125e-07
esci,C0,111447,False,True,0,0,0.0001322627067565918
esci,C0,111629,True,True,0,0,0.00018519163131713867
esci,C0,111828,False,True,0,0,0.00010275840759277344
esci,C0,111876,True,True,0,0,8.845329284667969e-05
esci,C0,111913,False,False,0,0,1.1920928955078125e-07
esci,C0,111950,False,False,0,0,1.1920928955078125e-07
esci,C0,112070,False,False,0,0,1.7881393432617188e-07
esci,C0,112116,True,True,0,0,8.252263069152832e-05
esci,C0,112141,False,False,0,0,1.7881393432617188e-07
esci,C0,112578,False,True,0,0,0.00011116266250610352
esci,C0,112716,False,False,0,0,1.7881393432617188e-07
esci,C0,113321,False,False,0,0,1.1920928955078125e-07
esci,C0,113679,False,True,0,0,8.767843246459961e-05
esci,C0,114588,False,True,0,0,0.00013381242752075195
esci,C0,114599,False,True,0,0,0.00012350082397460938
esci,C0,114650,False,True,0,0,0.00011658668518066406
esci,C0,114793,False,True,0,0,0.0001404881477355957
esci,C0,114905,False,True,0,0,0.00010478496551513672
esci,C0,114954,False,True,0,0,0.00012546777725219727
esci,C0,115094,False,True,0,0,0.00026100873947143555
esci,C0,115539,False,False,0,0,1.7881393432617188e-07
esci,C1,165,False,True,0,0,1.7881393432617188e-07
esci,C1,433,False,False,0,0,1.1920928955078125e-07
esci,C1,500,False,False,0,0,1.7881393432617188e-07
esci,C1,541,False,True,0,0,0.00012958049774169922
esci,C1,598,False,False,0,0,2.980232238769531e-07
esci,C1,600,False,False,0,0,1.7881393432617188e-07
esci,C1,602,False,False,0,0,1.7881393432617188e-07
esci,C1,622,False,True,0,0,0.0001563429832458496
esci,C1,637,True,True,0,0,0.00016570091247558594
esci,C1,861,False,False,0,0,0.00011354684829711914
esci,C1,933,False,False,0,0,1.7881393432617188e-07
esci,C1,978,False,False,0,0,1.7881393432617188e-07
esci,C1,1210,False,False,0,0,1.7881393432617188e-07
esci,C1,1293,False,True,0,0,0.00012683868408203125
esci,C1,1310,False,True,0,0,0.00013077259063720703
esci,C1,1458,False,True,0,0,0.00011897087097167969
esci,C1,1476,False,False,0,0,1.7881393432617188e-07
esci,C1,1530,False,False,0,0,0.00011241436004638672
esci,C1,1659,False,True,0,0,0.0001430511474609375
esci,C1,1816,False,True,0,0,0.0001049041748046875
esci,C1,2286,False,True,0,0,7.826089859008789e-05
esci,C1,2390,False,False,0,0,1.1920928955078125e-07
esci,C1,2692,False,False,0,0,1.7881393432617188e-07
esci,C1,2855,False,True,0,0,0.0001157522201538086
esci,C1,3012,False,False,0,0,2.384185791015625e-07
esci,C1,3492,False,True,0,0,0.0001748204231262207
esci,C1,3494,False,True,0,0,0.00013327598571777344
esci,C1,3986,False,True,0,0,0.00016945600509643555
esci,C1,4299,False,True,0,0,0.00012969970703125
esci,C1,4321,False,True,0,0,0.0002079010009765625
esci,C1,4860,True,True,0,0,0.0001576542854309082
esci,C1,4956,False,True,0,0,0.00017917156219482422
esci,C1,5079,False,False,0,0,1.7881393432617188e-07
esci,C1,5094,False,False,0,0,1.7881393432617188e-07
esci,C1,5419,False,False,0,0,1.7881393432617188e-07
esci,C1,5787,False,True,0,0,1.7881393432617188e-07
esci,C1,5921,False,True,0,0,0.00015228986740112305
esci,C1,6138,False,False,0,0,1.7881393432617188e-07
esci,C1,6685,False,True,0,0,6.35385513305664e-05
esci,C1,7034,False,False,0,0,1.7881393432617188e-07
esci,C1,7126,False,True,0,0,0.00015985965728759766
esci,C1,7303,False,False,0,0,2.384185791015625e-07
esci,C1,7340,False,False,0,0,2.384185791015625e-07
esci,C1,7545,False,True,0,0,0.0001876354217529297
esci,C1,7581,False,False,0,0,1.7881393432617188e-07
esci,C1,8063,False,True,0,0,7.075071334838867e-05
esci,C1,8519,False,False,0,0,2.384185791015625e-07
esci,C1,8605,True,True,0,0,8.118152618408203e-05
esci,C1,8740,False,False,0,0,8.600950241088867e-05
esci,C1,9096,False,True,0,0,0.00010901689529418945
esci,C1,9695,False,True,0,0,9.429454803466797e-05
esci,C1,9776,False,True,0,0,0.00011098384857177734
esci,C1,9967,False,True,0,0,0.00015783309936523438
esci,C1,10312,False,True,0,0,0.00016707181930541992
esci,C1,10370,False,True,0,0,0.00014078617095947266
esci,C1,11509,False,False,0,0,1.1920928955078125e-07
esci,C1,11621,False,True,0,0,0.00011175870895385742
esci,C1,11875,False,True,0,0,0.00012761354446411133
esci,C1,11925,False,True,0,0,8.13603401184082e-05
esci,C1,12176,False,True,0,0,0.0001557469367980957
esci,C1,12432,True,True,0,0,0.00013953447341918945
esci,C1,12557,False,True,0,0,0.00010716915130615234
esci,C1,12664,False,True,0,0,0.00012475252151489258
esci,C1,12809,False,True,0,0,0.00012695789337158203
esci,C1,13089,False,True,0,0,0.0001391768455505371
esci,C1,13169,False,True,0,0,0.00013816356658935547
esci,C1,13471,False,True,0,0,8.416175842285156e-05
esci,C1,13639,False,True,0,0,0.0001519322395324707
esci,C1,13785,False,True,0,0,8.33272933959961e-05
esci,C1,13954,False,True,0,0,0.00011080503463745117
esci,C1,14346,True,True,0,0,0.00012993812561035156
esci,C1,14880,True,True,0,0,0.00015056133270263672
esci,C1,14882,False,False,0,0,2.384185791015625e-07
esci,C1,15154,True,True,0,0,0.0001431107521057129
esci,C1,15164,False,True,0,0,0.00011342763900756836
esci,C1,15311,False,True,0,0,0.0001575946807861328
esci,C1,15647,False,False,0,0,1.7881393432617188e-07
esci,C1,15716,False,True,0,0,0.0001462101936340332
esci,C1,15777,False,True,0,0,6.842613220214844e-05
esci,C1,15807,False,True,0,0,0.00010216236114501953
esci,C1,16613,False,True,0,0,0.00020802021026611328
esci,C1,16684,False,True,0,0,0.0001323223114013672
esci,C1,17384,False,True,0,0,7.593631744384766e-05
esci,C1,17607,False,True,0,0,1.1920928955078125e-07
esci,C1,17689,False,False,0,0,0.00014495849609375
esci,C1,17742,False,True,0,0,0.00020384788513183594
esci,C1,18356,False,True,0,0,6.401538848876953e-05
esci,C1,18553,False,True,0,0,0.00016325712203979492
esci,C1,18679,False,True,0,0,9.059906005859375e-05
esci,C1,18682,False,True,0,0,0.0001404881477355957
esci,C1,18932,False,False,0,0,1.7881393432617188e-07
esci,C1,19053,False,True,0,0,0.00016582012176513672
esci,C1,19134,False,True,0,0,0.00011116266250610352
esci,C1,19268,False,True,0,0,0.00016182661056518555
esci,C1,19369,False,True,0,0,0.00011986494064331055
esci,C1,19372,False,False,0,0,0.00010180473327636719
esci,C1,19380,True,True,0,0,0.00013643503189086914
esci,C1,19619,False,True,0,0,0.00010824203491210938
esci,C1,19694,False,False,0,0,1.7881393432617188e-07
esci,C1,19953,False,True,0,0,0.00016444921493530273
esci,C1,20037,False,True,0,0,0.00018090009689331055
esci,C1,20185,False,True,0,0,0.00012028217315673828
esci,C1,20307,False,True,0,0,0.00011050701141357422
esci,C1,20315,False,True,0,0,0.00015866756439208984
esci,C1,20385,False,True,0,0,0.00011461973190307617
esci,C1,20500,False,True,0,0,0.0001315474510192871
esci,C1,20523,False,True,0,0,8.791685104370117e-05
esci,C1,20788,False,True,0,0,7.718801498413086e-05
esci,C1,21481,False,False,0,0,2.384185791015625e-07
esci,C1,21645,False,True,0,0,0.00010508298873901367
esci,C1,22173,False,True,0,0,0.00010436773300170898
esci,C1,22211,False,True,0,0,0.00019043684005737305
esci,C1,22441,False,True,0,0,0.0001557469367980957
esci,C1,22639,False,True,0,0,0.00010722875595092773
esci,C1,23148,False,True,0,0,0.00011396408081054688
esci,C1,23260,True,True,0,0,0.00016224384307861328
esci,C1,23744,False,True,0,0,0.00014668703079223633
esci,C1,24082,False,True,0,0,0.00018411874771118164
esci,C1,24402,False,True,0,0,0.0001779794692993164
esci,C1,24504,False,True,0,0,0.00011742115020751953
esci,C1,24668,False,True,0,0,0.00012969970703125
esci,C1,24697,False,True,0,0,7.56382942199707e-05
esci,C1,24831,False,True,0,0,9.298324584960938e-05
esci,C1,25132,False,True,0,0,0.00010132789611816406
esci,C1,25426,False,True,0,0,0.0001728534698486328
esci,C1,25497,False,True,0,0,7.075071334838867e-05
esci,C1,25516,False,True,0,0,0.00012034177780151367
esci,C1,25591,False,True,0,0,0.00020176172256469727
esci,C1,26321,True,True,0,0,0.00011289119720458984
esci,C1,26642,False,True,0,0,0.0001323223114013672
esci,C1,26872,False,True,0,0,0.00010526180267333984
esci,C1,27927,False,True,0,0,0.00012922286987304688
esci,C1,28198,False,True,0,0,0.00012820959091186523
esci,C1,28637,False,True,0,0,9.232759475708008e-05
esci,C1,29049,False,True,0,0,0.00016170740127563477
esci,C1,29123,False,True,0,0,0.00013756752014160156
esci,C1,29488,False,True,0,0,0.00015622377395629883
esci,C1,29596,False,True,0,0,0.00013250112533569336
esci,C1,29729,False,True,0,0,0.000102996826171875
esci,C1,29868,False,True,0,0,0.00013118982315063477
esci,C1,29928,False,True,0,0,0.0001221299171447754
esci,C1,29941,False,False,0,0,1.7881393432617188e-07
esci,C1,29945,False,True,0,0,0.0001462697982788086
esci,C1,29952,False,True,0,0,9.679794311523438e-05
esci,C1,30020,False,True,0,0,8.946657180786133e-05
esci,C1,30318,False,True,0,0,0.00016349554061889648
esci,C1,31573,False,True,0,0,0.00011438131332397461
esci,C1,31659,False,True,0,0,9.971857070922852e-05
esci,C1,31724,False,False,0,0,1.1920928955078125e-07
esci,C1,31889,False,True,0,0,0.00016736984252929688
esci,C1,32142,False,True,0,0,8.910894393920898e-05
esci,C1,32164,False,True,0,0,0.00014334917068481445
esci,C1,32311,True,True,0,0,0.00018462538719177246
esci,C1,32350,False,True,0,0,0.0001494884490966797
esci,C1,32351,False,True,0,0,8.761882781982422e-05
esci,C1,32430,False,True,0,0,7.420778274536133e-05
esci,C1,32612,False,True,0,0,0.00014096498489379883
esci,C1,32812,False,False,0,0,0.00010836124420166016
esci,C1,32917,False,True,0,0,9.012222290039062e-05
esci,C1,33004,False,True,0,0,0.00016176700592041016
esci,C1,33735,False,True,0,0,9.453296661376953e-05
esci,C1,34128,False,True,0,0,0.00010704994201660156
esci,C1,34229,False,False,0,0,0.00012928247451782227
esci,C1,34443,False,True,0,0,0.00012916326522827148
esci,C1,34775,False,True,0,0,0.00013554096221923828
esci,C1,34817,False,True,0,0,0.0001271367073059082
esci,C1,35117,False,False,0,0,0.00010317564010620117
esci,C1,35242,False,True,0,0,0.0001195669174194336
esci,C1,35755,False,True,0,0,0.00016391277313232422
esci,C1,36669,False,True,0,0,0.00011894106864929199
esci,C1,36678,True,True,0,0,0.00012421607971191406
esci,C1,36753,False,True,0,0,0.00011444091796875
esci,C1,36912,False,True,0,0,0.00013637542724609375
esci,C1,36960,False,True,0,0,0.0001208186149597168
esci,C1,37451,False,False,0,0,9.959936141967773e-05
esci,C1,37466,False,True,0,0,0.00012201070785522461
esci,C1,37498,False,True,0,0,0.0001233220100402832
esci,C1,37670,False,False,0,0,1.7881393432617188e-07
esci,C1,37789,False,True,0,0,9.053945541381836e-05
esci,C1,38679,False,True,0,0,0.00014448165893554688
esci,C1,39022,False,True,0,0,0.00010317564010620117
esci,C1,39107,False,True,0,0,9.483098983764648e-05
esci,C1,39157,False,True,0,0,0.00011688470840454102
esci,C1,39263,False,True,0,0,0.00017338991165161133
esci,C1,40165,False,True,0,0,0.00013625621795654297
esci,C1,40292,False,True,0,0,0.00012093782424926758
esci,C1,40356,False,True,0,0,0.00013148784637451172
esci,C1,40483,False,True,0,0,0.00012540817260742188
esci,C1,40528,False,True,0,0,0.00010991096496582031
esci,C1,40573,False,True,0,0,0.00017243623733520508
esci,C1,40615,False,True,0,0,0.00014603137969970703
esci,C1,40834,True,True,0,0,0.00010073184967041016
esci,C1,41423,False,True,0,0,0.00020390748977661133
esci,C1,41492,False,False,0,0,0.0001291036605834961
esci,C1,41502,False,False,0,0,9.083747863769531e-05
esci,C1,41795,False,True,0,0,6.622076034545898e-05
esci,C1,42118,False,True,0,0,0.00012862682342529297
esci,C1,42332,False,True,0,0,0.00013816356658935547
esci,C1,42405,False,True,0,0,0.00017344951629638672
esci,C1,42445,False,True,0,0,0.0001201629638671875
esci,C1,42964,False,True,0,0,0.00014907121658325195
esci,C1,42968,False,True,0,0,0.00013619661331176758
esci,C1,43579,False,True,0,0,0.0001227259635925293
esci,C1,43948,False,False,0,0,0.00016039609909057617
esci,C1,43961,False,True,0,0,0.00018423795700073242
esci,C1,43983,False,True,0,0,0.00013196468353271484
esci,C1,44424,False,True,0,0,8.094310760498047e-05
esci,C1,44706,False,True,0,0,0.00013679265975952148
esci,C1,44816,True,True,0,0,0.0001469254493713379
esci,C1,44845,False,True,0,0,0.00016766786575317383
esci,C1,44960,False,True,0,0,9.888410568237305e-05
esci,C1,45294,False,True,0,0,8.475780487060547e-05
esci,C1,45464,False,True,0,0,0.00012761354446411133
esci,C1,45588,False,False,0,0,0.00023317337036132812
esci,C1,45713,False,True,0,0,0.00011450052261352539
esci,C1,45745,False,False,0,0,0.00011032819747924805
esci,C1,45843,False,True,0,0,8.398294448852539e-05
esci,C1,45928,False,False,0,0,0.00016039609909057617
esci,C1,45990,False,True,0,0,0.00012069940567016602
esci,C1,46008,True,True,0,0,0.00010102987289428711
esci,C1,46089,False,True,0,0,9.423494338989258e-05
esci,C1,46097,False,True,0,0,0.00013208389282226562
esci,C1,46149,True,True,0,0,0.00013267993927001953
esci,C1,46177,True,True,0,0,0.0001881122589111328
esci,C1,46471,False,True,0,0,0.00013083219528198242
esci,C1,46910,False,True,0,0,0.00011336803436279297
esci,C1,47106,False,True,0,0,0.00013142824172973633
esci,C1,47213,True,True,0,0,0.00018459558486938477
esci,C1,47217,False,True,0,0,0.00015878677368164062
esci,C1,47526,False,True,0,0,0.00010329484939575195
esci,C1,47631,False,True,0,0,0.00010800361633300781
esci,C1,47857,False,True,0,0,0.00010156631469726562
esci,C1,47892,False,True,0,0,0.00016069412231445312
esci,C1,48397,False,True,0,0,0.00014603137969970703
esci,C1,48914,False,True,0,0,0.0001245737075805664
esci,C1,48929,False,True,0,0,0.0001061558723449707
esci,C1,49077,False,True,0,0,8.851289749145508e-05
esci,C1,49201,False,True,0,0,9.006261825561523e-05
esci,C1,49481,False,True,0,0,0.00014454126358032227
esci,C1,49972,False,True,0,0,0.0001068115234375
esci,C1,50118,False,True,0,0,0.0002263188362121582
esci,C1,50311,False,True,0,0,0.0001035928726196289
esci,C1,50356,False,True,0,0,7.528066635131836e-05
esci,C1,50494,False,True,0,0,8.654594421386719e-05
esci,C1,51056,False,True,0,0,0.00010102987289428711
esci,C1,51227,False,True,0,0,9.143352508544922e-05
esci,C1,51454,False,True,0,0,0.000133514404296875
esci,C1,52230,False,True,0,0,0.00011134147644042969
esci,C1,52255,True,True,0,0,0.00011271238327026367
esci,C1,52348,False,True,0,0,0.00012761354446411133
esci,C1,52482,False,False,0,0,1.7881393432617188e-07
esci,C1,52830,False,True,0,0,0.00016361474990844727
esci,C1,53042,False,False,0,0,1.7881393432617188e-07
esci,C1,53114,False,True,0,0,0.00013715028762817383
esci,C1,53284,False,True,0,0,0.00015556812286376953
esci,C1,53328,False,True,0,0,0.00016832351684570312
esci,C1,53451,False,False,0,0,1.7881393432617188e-07
esci,C1,54039,False,False,0,0,1.7881393432617188e-07
esci,C1,54044,False,False,0,0,0.00014984607696533203
esci,C1,54558,True,True,0,0,0.00011932849884033203
esci,C1,54634,False,False,0,0,1.7881393432617188e-07
esci,C1,54889,False,True,0,0,0.00018459558486938477
esci,C1,55280,False,False,0,0,1.1920928955078125e-07
esci,C1,55365,False,True,0,0,0.00010734796524047852
esci,C1,55531,False,True,0,0,0.00012511014938354492
esci,C1,55677,False,True,0,0,0.0001246929168701172
esci,C1,56281,True,True,0,0,0.00012934207916259766
esci,C1,56758,False,True,0,0,0.00020176172256469727
esci,C1,57100,False,True,0,0,0.00010830163955688477
esci,C1,57276,False,True,0,0,0.00011855363845825195
esci,C1,57921,False,True,0,0,0.00012308359146118164
esci,C1,58044,False,True,0,0,8.14199447631836e-05
esci,C1,58233,False,False,0,0,1.7881393432617188e-07
esci,C1,58514,False,True,0,0,0.00010877847671508789
esci,C1,58597,False,True,0,0,0.00013053417205810547
esci,C1,59963,False,True,0,0,0.00015729665756225586
esci,C1,60628,False,False,0,0,2.384185791015625e-07
esci,C1,61329,False,True,0,0,0.00014865398406982422
esci,C1,61522,False,True,0,0,0.00016200542449951172
esci,C1,61574,False,False,0,0,1.1920928955078125e-07
esci,C1,61598,False,False,0,0,1.7881393432617188e-07
esci,C1,61723,True,True,0,0,9.322166442871094e-05
esci,C1,61798,False,True,0,0,0.00015246868133544922
esci,C1,61830,False,False,0,0,1.7881393432617188e-07
esci,C1,61961,False,True,0,0,0.00012385845184326172
esci,C1,62478,False,True,0,0,0.00012540817260742188
esci,C1,62513,False,False,0,0,1.7881393432617188e-07
esci,C1,62558,False,True,0,0,7.390975952148438e-05
esci,C1,62858,False,True,0,0,0.0001341700553894043
esci,C1,62937,False,True,0,0,0.00011640787124633789
esci,C1,62954,False,True,0,0,0.00012040138244628906
esci,C1,63291,False,False,0,0,1.7881393432617188e-07
esci,C1,63701,False,False,0,0,1.7881393432617188e-07
esci,C1,63917,False,True,0,0,0.00012052059173583984
esci,C1,63927,False,True,0,0,9.161233901977539e-05
esci,C1,64191,False,True,0,0,0.00017547607421875
esci,C1,64212,False,True,0,0,0.00011408329010009766
esci,C1,64296,False,True,0,0,8.749961853027344e-05
esci,C1,64880,False,False,0,0,1.7881393432617188e-07
esci,C1,65197,False,True,0,0,9.715557098388672e-05
esci,C1,65347,False,True,0,0,0.00018408894538879395
esci,C1,65397,False,True,0,0,0.0001285076141357422
esci,C1,65683,False,True,0,0,0.00010973215103149414
esci,C1,65798,False,True,0,0,9.822845458984375e-05
esci,C1,66004,False,True,0,0,0.00012439489364624023
esci,C1,66062,False,True,0,0,0.00020962953567504883
esci,C1,66396,False,True,0,0,8.690357208251953e-05
esci,C1,66421,False,True,0,0,0.00014740228652954102
esci,C1,66476,False,True,0,0,0.00012201070785522461
esci,C1,66494,False,False,0,0,0.00012499094009399414
esci,C1,67075,True,True,0,0,8.666515350341797e-05
esci,C1,67189,False,True,0,0,0.00014829635620117188
esci,C1,67570,False,False,0,0,0.0
esci,C1,67637,False,False,0,0,1.7881393432617188e-07
esci,C1,67712,False,False,0,0,1.7881393432617188e-07
esci,C1,67844,False,True,0,0,9.28640365600586e-05
esci,C1,67894,False,True,0,0,8.195638656616211e-05
esci,C1,68340,False,True,0,0,0.00011157989501953125
esci,C1,68572,False,True,0,0,0.00012242794036865234
esci,C1,69025,False,True,0,0,0.00019299983978271484
esci,C1,69269,False,False,0,0,1.7881393432617188e-07
esci,C1,69657,False,False,0,0,7.957220077514648e-05
esci,C1,69695,False,True,0,0,0.00012874603271484375
esci,C1,69739,False,True,0,0,0.00012040138244628906
esci,C1,70263,False,True,0,0,0.00021219253540039062
esci,C1,70625,False,False,0,0,8.96453857421875e-05
esci,C1,70787,False,True,0,0,0.00013822317123413086
esci,C1,71186,False,True,0,0,0.00013208389282226562
esci,C1,71356,False,True,0,0,0.00013428926467895508
esci,C1,71655,False,True,0,0,0.0001481175422668457
esci,C1,71902,False,True,0,0,0.0001589655876159668
esci,C1,72088,False,True,0,0,0.00011992454528808594
esci,C1,72127,False,True,0,0,0.00015801191329956055
esci,C1,72915,False,False,0,0,1.7881393432617188e-07
esci,C1,73215,False,True,0,0,0.0001347661018371582
esci,C1,73282,False,True,0,0,0.00011348724365234375
esci,C1,73400,False,True,0,0,0.00014382600784301758
esci,C1,73401,False,True,0,0,0.00014537572860717773
esci,C1,73522,False,True,0,0,0.00010544061660766602
esci,C1,73746,True,True,0,0,0.00010532140731811523
esci,C1,73944,True,True,0,0,0.0001246333122253418
esci,C1,74270,False,True,0,0,0.00012981891632080078
esci,C1,74336,False,True,0,0,8.910894393920898e-05
esci,C1,74620,False,True,0,0,0.00011223554611206055
esci,C1,74628,False,False,0,0,0.0001081228256225586
esci,C1,74654,False,True,0,0,0.00010591745376586914
esci,C1,74782,False,True,0,0,6.377696990966797e-05
esci,C1,75417,False,True,0,0,0.00010859966278076172
esci,C1,75512,False,True,0,0,9.21487808227539e-05
esci,C1,75831,False,True,0,0,0.0001685619354248047
esci,C1,75925,False,True,0,0,0.0001189112663269043
esci,C1,76144,False,True,0,0,7.212162017822266e-05
esci,C1,76820,False,True,0,0,0.00016921758651733398
esci,C1,76904,False,True,0,0,0.00010228157043457031
esci,C1,76950,False,False,0,0,1.7881393432617188e-07
esci,C1,76969,False,False,0,0,0.0001214146614074707
esci,C1,77343,False,True,0,0,8.356571197509766e-05
esci,C1,78347,False,False,0,0,8.237361907958984e-05
esci,C1,79143,True,True,0,0,0.00010150671005249023
esci,C1,79505,False,True,0,0,8.052587509155273e-05
esci,C1,80305,False,True,0,0,0.00010222196578979492
esci,C1,80453,False,True,0,0,0.0001304149627685547
esci,C1,80880,False,True,0,0,0.00012511014938354492
esci,C1,81029,False,True,0,0,7.045269012451172e-05
esci,C1,81301,False,True,0,0,0.00015342235565185547
esci,C1,81478,False,True,0,0,0.00011903047561645508
esci,C1,81547,False,True,0,0,9.065866470336914e-05
esci,C1,82738,False,True,0,0,0.00019627809524536133
esci,C1,82799,False,False,0,0,6.175041198730469e-05
esci,C1,82836,False,True,0,0,0.00011301040649414062
esci,C1,82977,False,True,0,0,0.00011241436004638672
esci,C1,83182,False,True,0,0,8.660554885864258e-05
esci,C1,83573,False,True,0,0,0.00012958049774169922
esci,C1,83860,False,True,0,0,0.00013947486877441406
esci,C1,84011,False,True,0,0,0.00012004375457763672
esci,C1,84333,False,True,0,0,0.0001188516616821289
esci,C1,84543,False,True,0,0,9.256601333618164e-05
esci,C1,84692,False,True,0,0,0.00012090802192687988
esci,C1,84752,False,True,0,0,0.00013768672943115234
esci,C1,84990,False,True,0,0,0.00013560056686401367
esci,C1,85202,False,True,0,0,0.00014480948448181152
esci,C1,85743,False,True,0,0,0.00012171268463134766
esci,C1,85956,False,True,0,0,0.00013393163681030273
esci,C1,87048,False,True,0,0,0.00019246339797973633
esci,C1,87098,False,True,0,0,0.0001016855239868164
esci,C1,87123,False,True,0,0,0.00012236833572387695
esci,C1,87931,False,True,0,0,0.0001990199089050293
esci,C1,88180,False,False,0,0,1.1920928955078125e-07
esci,C1,88972,False,True,0,0,0.00014919042587280273
esci,C1,89016,False,True,0,0,0.00013488531112670898
esci,C1,89094,False,True,0,0,0.0001361370086669922
esci,C1,89443,False,True,0,0,0.00015547871589660645
esci,C1,90070,False,False,0,0,1.7881393432617188e-07
esci,C1,90523,True,True,0,0,0.0001360774040222168
esci,C1,90653,True,True,0,0,0.00011533498764038086
esci,C1,90835,False,True,0,0,9.799003601074219e-05
esci,C1,90983,False,False,0,0,9.721517562866211e-05
esci,C1,91113,False,True,0,0,0.00010663270950317383
esci,C1,91245,False,True,0,0,0.00015407800674438477
esci,C1,91267,False,True,0,0,0.0001290440559387207
esci,C1,91452,False,True,0,0,0.00012826919555664062
esci,C1,91498,False,True,0,0,0.00012058019638061523
esci,C1,91539,False,True,0,0,0.00016605854034423828
esci,C1,91847,False,True,0,0,0.00011283159255981445
esci,C1,92217,False,False,0,0,0.00010073184967041016
esci,C1,92320,False,True,0,0,0.00013372302055358887
esci,C1,92627,False,True,0,0,7.581710815429688e-05
esci,C1,92663,False,True,0,0,0.00013530254364013672
esci,C1,92720,False,True,0,0,0.0001157522201538086
esci,C1,92810,False,False,0,0,1.7881393432617188e-07
esci,C1,92928,False,True,0,0,8.416175842285156e-05
esci,C1,93169,False,False,0,0,1.1920928955078125e-07
esci,C1,93559,False,True,0,0,8.672475814819336e-05
esci,C1,93654,False,True,0,0,0.000156402587890625
esci,C1,93758,False,True,0,0,0.00016248226165771484
esci,C1,94456,False,False,0,0,0.00011742115020751953
esci,C1,94846,False,True,0,0,8.791685104370117e-05
esci,C1,94878,False,True,0,0,7.50422477722168e-05
esci,C1,94932,False,True,0,0,0.00011229515075683594
esci,C1,95116,True,True,0,0,0.00011432170867919922
esci,C1,95136,False,False,0,0,1.7881393432617188e-07
esci,C1,95453,False,True,0,0,0.00017058849334716797
esci,C1,95494,False,True,0,0,0.00011533498764038086
esci,C1,95886,False,True,0,0,0.00020545721054077148
esci,C1,95917,False,True,0,0,0.00012439489364624023
esci,C1,96045,False,True,0,0,0.00012934207916259766
esci,C1,96401,False,True,0,0,0.00010794401168823242
esci,C1,96535,False,False,0,0,1.7881393432617188e-07
esci,C1,96819,False,False,0,0,7.808208465576172e-05
esci,C1,98201,False,True,0,0,0.00026363134384155273
esci,C1,98425,False,True,0,0,0.00012004375457763672
esci,C1,98526,False,True,0,0,0.00011146068572998047
esci,C1,99391,False,True,0,0,0.00010216236114501953
esci,C1,99846,False,True,0,0,7.712841033935547e-05
esci,C1,100084,False,True,0,0,0.0001601576805114746
esci,C1,100330,False,True,0,0,0.00010699033737182617
esci,C1,100469,False,False,0,0,1.7881393432617188e-07
esci,C1,100474,False,True,0,0,0.00010466575622558594
esci,C1,100637,False,True,0,0,9.924173355102539e-05
esci,C1,100807,False,True,0,0,0.00016075372695922852
esci,C1,101683,False,False,0,0,6.175041198730469e-05
esci,C1,101841,False,True,0,0,0.000118255615234375
esci,C1,102215,False,True,0,0,0.00012865662574768066
esci,C1,102308,False,True,0,0,0.00013059377670288086
esci,C1,102732,False,True,0,0,7.599592208862305e-05
esci,C1,102895,False,True,0,0,0.00015228986740112305
esci,C1,102991,False,True,0,0,0.00012034177780151367
esci,C1,103099,False,True,0,0,0.00016742944717407227
esci,C1,103248,False,True,0,0,0.00010472536087036133
esci,C1,103500,False,True,0,0,0.00014275312423706055
esci,C1,103612,False,True,0,0,0.0001354217529296875
esci,C1,103705,False,True,0,0,0.0001289844512939453
esci,C1,104116,False,True,0,0,9.018182754516602e-05
esci,C1,104212,False,True,0,0,0.00012201070785522461
esci,C1,104375,False,True,0,0,0.00013971328735351562
esci,C1,104485,False,True,0,0,0.0002797245979309082
esci,C1,104556,False,True,0,0,8.428096771240234e-05
esci,C1,104929,False,True,0,0,0.0001494288444519043
esci,C1,105336,False,True,0,0,0.0001341104507446289
esci,C1,105354,False,True,0,0,0.00016456842422485352
esci,C1,106080,False,True,0,0,0.00012814998626708984
esci,C1,106387,False,True,0,0,8.291006088256836e-05
esci,C1,106839,False,True,0,0,0.00013679265975952148
esci,C1,107789,False,True,0,0,0.00013452768325805664
esci,C1,107880,False,False,0,0,9.912252426147461e-05
esci,C1,107900,False,True,0,0,0.00021028518676757812
esci,C1,108093,False,True,0,0,0.00012248754501342773
esci,C1,108571,False,True,0,0,0.00016105175018310547
esci,C1,108769,False,True,0,0,6.765127182006836e-05
esci,C1,108964,False,True,0,0,0.00016301870346069336
esci,C1,109159,False,True,0,0,0.00010722875595092773
esci,C1,109658,False,True,0,0,0.0002086162567138672
esci,C1,110355,False,True,0,0,0.0001455545425415039
esci,C1,110443,True,True,0,0,0.0001537799835205078
esci,C1,110695,False,True,0,0,0.00016021728515625
esci,C1,110785,False,True,0,0,0.00017005205154418945
esci,C1,110848,False,True,0,0,0.00011554360389709473
esci,C1,110909,False,False,0,0,1.1920928955078125e-07
esci,C1,111397,False,False,0,0,2.384185791015625e-07
esci,C1,111447,False,True,0,0,0.0001322627067565918
esci,C1,111629,False,True,0,0,0.0001754164695739746
esci,C1,111828,False,True,0,0,0.00010275840759277344
esci,C1,111876,False,True,0,0,9.053945541381836e-05
esci,C1,111913,False,False,0,0,1.1920928955078125e-07
esci,C1,111950,False,False,0,0,1.7881393432617188e-07
esci,C1,112070,False,False,0,0,1.1920928955078125e-07
esci,C1,112116,True,True,0,0,8.529424667358398e-05
esci,C1,112141,False,False,0,0,1.7881393432617188e-07
esci,C1,112578,False,True,0,0,0.00010764598846435547
esci,C1,112716,False,False,0,0,1.7881393432617188e-07
esci,C1,113321,False,False,0,0,1.7881393432617188e-07
esci,C1,113679,False,True,0,0,9.149312973022461e-05
esci,C1,114588,False,True,0,0,0.00012499094009399414
esci,C1,114599,False,True,0,0,0.0001284480094909668
esci,C1,114650,False,True,0,0,0.00011080503463745117
esci,C1,114793,False,True,0,0,0.00013744831085205078
esci,C1,114905,False,True,0,0,0.00010478496551513672
esci,C1,114954,False,False,0,0,0.00012177228927612305
esci,C1,115094,False,True,0,0,0.00026100873947143555
esci,C1,115539,False,False,0,0,1.1920928955078125e-07
esci,C2s1,165,False,True,0,0,1.7881393432617188e-07
esci,C2s1,433,False,False,0,0,1.1920928955078125e-07
esci,C2s1,500,False,False,0,0,1.7881393432617188e-07
esci,C2s1,541,False,True,0,0,0.00013190507888793945
esci,C2s1,598,False,False,0,0,1.7881393432617188e-07
esci,C2s1,600,False,False,0,0,1.7881393432617188e-07
esci,C2s1,602,False,False,0,0,1.7881393432617188e-07
esci,C2s1,622,False,True,0,0,0.00015372037887573242
esci,C2s1,637,False,True,0,0,0.00016570091247558594
esci,C2s1,861,False,True,0,0,0.00011354684829711914
esci,C2s1,933,False,False,0,0,2.384185791015625e-07
esci,C2s1,978,False,False,0,0,1.7881393432617188e-07
esci,C2s1,1210,False,False,0,0,1.7881393432617188e-07
esci,C2s1,1293,False,True,0,0,0.0001189112663269043
esci,C2s1,1310,False,True,0,0,0.00012695789337158203
esci,C2s1,1458,False,True,0,0,0.00011897087097167969
esci,C2s1,1476,False,False,0,0,1.7881393432617188e-07
esci,C2s1,1530,False,True,0,0,0.00010663270950317383
esci,C2s1,1659,False,False,0,0,0.00012129545211791992
esci,C2s1,1816,False,False,0,0,0.0001049041748046875
esci,C2s1,2286,False,True,0,0,9.47117805480957e-05
esci,C2s1,2390,False,False,0,0,1.1920928955078125e-07
esci,C2s1,2692,False,False,0,0,1.1920928955078125e-07
esci,C2s1,2855,False,True,0,0,0.0001157522201538086
esci,C2s1,3012,False,False,0,0,1.7881393432617188e-07
esci,C2s1,3492,False,True,0,0,0.0001767873764038086
esci,C2s1,3494,False,True,0,0,0.0001308917999267578
esci,C2s1,3986,False,True,0,0,0.00016945600509643555
esci,C2s1,4299,True,True,0,0,0.00012969970703125
esci,C2s1,4321,False,True,0,0,0.0002079010009765625
esci,C2s1,4860,False,True,0,0,0.0001583695411682129
esci,C2s1,4956,False,True,0,0,0.00017917156219482422
esci,C2s1,5079,False,False,0,0,1.7881393432617188e-07
esci,C2s1,5094,False,False,0,0,1.7881393432617188e-07
esci,C2s1,5419,False,False,0,0,1.7881393432617188e-07
esci,C2s1,5787,False,False,0,0,1.7881393432617188e-07
esci,C2s1,5921,False,True,0,0,0.00015228986740112305
esci,C2s1,6138,False,False,0,0,1.1920928955078125e-07
esci,C2s1,6685,True,True,0,0,6.026029586791992e-05
esci,C2s1,7034,False,False,0,0,1.7881393432617188e-07
esci,C2s1,7126,False,True,0,0,0.00015628337860107422
esci,C2s1,7303,False,False,0,0,1.7881393432617188e-07
esci,C2s1,7340,False,False,0,0,2.384185791015625e-07
esci,C2s1,7545,False,True,0,0,0.0001876354217529297
esci,C2s1,7581,False,False,0,0,1.7881393432617188e-07
esci,C2s1,8063,False,True,0,0,7.456541061401367e-05
esci,C2s1,8519,False,False,0,0,1.7881393432617188e-07
esci,C2s1,8605,False,True,0,0,7.921457290649414e-05
esci,C2s1,8740,False,True,0,0,8.463859558105469e-05
esci,C2s1,9096,False,True,0,0,0.00010901689529418945
esci,C2s1,9695,False,True,0,0,9.429454803466797e-05
esci,C2s1,9776,False,True,0,0,0.00011098384857177734
esci,C2s1,9967,False,True,0,0,0.0001577138900756836
esci,C2s1,10312,False,True,0,0,0.00017082691192626953
esci,C2s1,10370,False,True,0,0,0.00015044212341308594
esci,C2s1,11509,False,False,0,0,1.1920928955078125e-07
esci,C2s1,11621,False,True,0,0,0.00011175870895385742
esci,C2s1,11875,False,True,0,0,0.00012761354446411133
esci,C2s1,11925,False,True,0,0,8.034706115722656e-05
esci,C2s1,12176,False,True,0,0,0.0001557469367980957
esci,C2s1,12432,False,True,0,0,0.0001360774040222168
esci,C2s1,12557,False,True,0,0,0.00010716915130615234
esci,C2s1,12664,True,True,0,0,0.00012302398681640625
esci,C2s1,12809,False,True,0,0,0.00012695789337158203
esci,C2s1,13089,False,True,0,0,0.00015723705291748047
esci,C2s1,13169,False,True,0,0,0.00014251470565795898
esci,C2s1,13471,False,False,0,0,8.302927017211914e-05
esci,C2s1,13639,False,True,0,0,0.00015401840209960938
esci,C2s1,13785,False,True,0,0,8.362531661987305e-05
esci,C2s1,13954,False,True,0,0,0.00011235475540161133
esci,C2s1,14346,False,True,0,0,0.00012946128845214844
esci,C2s1,14880,False,True,0,0,0.00015056133270263672
esci,C2s1,14882,False,False,0,0,1.7881393432617188e-07
esci,C2s1,15154,False,True,0,0,0.0001431107521057129
esci,C2s1,15164,False,True,0,0,0.00011461973190307617
esci,C2s1,15311,False,True,0,0,0.0001575946807861328
esci,C2s1,15647,False,False,0,0,1.7881393432617188e-07
esci,C2s1,15716,False,True,0,0,0.00014317035675048828
esci,C2s1,15777,False,True,0,0,6.985664367675781e-05
esci,C2s1,15807,False,True,0,0,0.00010216236114501953
esci,C2s1,16613,True,True,0,0,0.00021398067474365234
esci,C2s1,16684,False,True,0,0,0.0001323223114013672
esci,C2s1,17384,False,True,0,0,7.593631744384766e-05
esci,C2s1,17607,False,False,0,0,1.1920928955078125e-07
esci,C2s1,17689,False,True,0,0,0.00014495849609375
esci,C2s1,17742,False,True,0,0,0.00020438432693481445
esci,C2s1,18356,False,True,0,0,6.401538848876953e-05
esci,C2s1,18553,False,True,0,0,0.00016325712203979492
esci,C2s1,18679,True,True,0,0,9.065866470336914e-05
esci,C2s1,18682,False,True,0,0,0.0001246333122253418
esci,C2s1,18932,False,False,0,0,1.7881393432617188e-07
esci,C2s1,19053,False,True,0,0,0.00016361474990844727
esci,C2s1,19134,False,True,0,0,0.00011014938354492188
esci,C2s1,19268,False,False,0,0,0.00016117095947265625
esci,C2s1,19369,False,True,0,0,0.00012701749801635742
esci,C2s1,19372,False,True,0,0,9.906291961669922e-05
esci,C2s1,19380,False,True,0,0,0.00013643503189086914
esci,C2s1,19619,False,True,0,0,0.00010824203491210938
esci,C2s1,19694,False,False,0,0,1.7881393432617188e-07
esci,C2s1,19953,False,True,0,0,0.00017088651657104492
esci,C2s1,20037,False,True,0,0,0.0001773238182067871
esci,C2s1,20185,False,True,0,0,0.00012010335922241211
esci,C2s1,20307,False,True,0,0,0.00011050701141357422
esci,C2s1,20315,False,True,0,0,0.0001608431339263916
esci,C2s1,20385,False,True,0,0,0.00011461973190307617
esci,C2s1,20500,False,True,0,0,0.0001366734504699707
esci,C2s1,20523,False,True,0,0,9.03010368347168e-05
esci,C2s1,20788,False,True,0,0,7.718801498413086e-05
esci,C2s1,21481,False,False,0,0,1.7881393432617188e-07
esci,C2s1,21645,False,True,0,0,0.00010883808135986328
esci,C2s1,22173,False,True,0,0,0.00010436773300170898
esci,C2s1,22211,False,True,0,0,0.00019043684005737305
esci,C2s1,22441,False,True,0,0,0.00016075372695922852
esci,C2s1,22639,False,True,0,0,0.00010150671005249023
esci,C2s1,23148,False,True,0,0,0.00011396408081054688
esci,C2s1,23260,False,True,0,0,0.00016224384307861328
esci,C2s1,23744,False,True,0,0,0.00014317035675048828
esci,C2s1,24082,False,True,0,0,0.0001837611198425293
esci,C2s1,24402,False,True,0,0,0.0001747608184814453
esci,C2s1,24504,True,True,0,0,0.0001175999641418457
esci,C2s1,24668,False,True,0,0,0.00012969970703125
esci,C2s1,24697,False,False,0,0,7.62939453125e-05
esci,C2s1,24831,False,True,0,0,9.298324584960938e-05
esci,C2s1,25132,False,True,0,0,9.649991989135742e-05
esci,C2s1,25426,False,True,0,0,0.0001728534698486328
esci,C2s1,25497,False,True,0,0,7.265806198120117e-05
esci,C2s1,25516,False,True,0,0,0.00012034177780151367
esci,C2s1,25591,False,True,0,0,0.00020176172256469727
esci,C2s1,26321,False,True,0,0,0.00011157989501953125
esci,C2s1,26642,False,True,0,0,0.00013208389282226562
esci,C2s1,26872,False,True,0,0,0.00010526180267333984
esci,C2s1,27927,False,True,0,0,0.00012993812561035156
esci,C2s1,28198,False,True,0,0,0.00012820959091186523
esci,C2s1,28637,False,True,0,0,9.167194366455078e-05
esci,C2s1,29049,False,True,0,0,0.00016194581985473633
esci,C2s1,29123,False,True,0,0,0.00013756752014160156
esci,C2s1,29488,False,True,0,0,0.0001558065414428711
esci,C2s1,29596,False,True,0,0,0.00013071298599243164
esci,C2s1,29729,False,True,0,0,0.00010341405868530273
esci,C2s1,29868,False,True,0,0,0.00013118982315063477
esci,C2s1,29928,False,True,0,0,0.00011593103408813477
esci,C2s1,29941,False,False,0,0,1.1920928955078125e-07
esci,C2s1,29945,False,True,0,0,0.0001462697982788086
esci,C2s1,29952,False,True,0,0,9.328126907348633e-05
esci,C2s1,30020,False,True,0,0,8.577108383178711e-05
esci,C2s1,30318,False,True,0,0,0.00015944242477416992
esci,C2s1,31573,False,False,0,0,0.00011408329010009766
esci,C2s1,31659,False,True,0,0,0.00010186433792114258
esci,C2s1,31724,False,False,0,0,1.7881393432617188e-07
esci,C2s1,31889,False,True,0,0,0.00015932321548461914
esci,C2s1,32142,False,True,0,0,8.910894393920898e-05
esci,C2s1,32164,False,True,0,0,0.00015109777450561523
esci,C2s1,32311,False,True,0,0,0.00018462538719177246
esci,C2s1,32350,False,True,0,0,0.0001266002655029297
esci,C2s1,32351,True,True,0,0,8.761882781982422e-05
esci,C2s1,32430,False,True,0,0,7.69495964050293e-05
esci,C2s1,32612,False,True,0,0,0.0001418590545654297
esci,C2s1,32812,False,True,0,0,0.00010836124420166016
esci,C2s1,32917,False,True,0,0,9.012222290039062e-05
esci,C2s1,33004,False,True,0,0,0.00016349554061889648
esci,C2s1,33735,False,True,0,0,9.810924530029297e-05
esci,C2s1,34128,False,True,0,0,0.0001093149185180664
esci,C2s1,34229,False,True,0,0,0.00013190507888793945
esci,C2s1,34443,False,True,0,0,0.00012916326522827148
esci,C2s1,34775,False,True,0,0,0.00013768672943115234
esci,C2s1,34817,False,True,0,0,0.0001252293586730957
esci,C2s1,35117,False,True,0,0,0.00010317564010620117
esci,C2s1,35242,False,True,0,0,0.0001195669174194336
esci,C2s1,35755,False,True,0,0,0.00015991926193237305
esci,C2s1,36669,False,True,0,0,0.00011894106864929199
esci,C2s1,36678,False,True,0,0,0.00012832880020141602
esci,C2s1,36753,False,True,0,0,0.00011110305786132812
esci,C2s1,36912,False,True,0,0,0.00013637542724609375
esci,C2s1,36960,False,False,0,0,0.0001208186149597168
esci,C2s1,37451,False,True,0,0,9.959936141967773e-05
esci,C2s1,37466,False,True,0,0,0.00011223554611206055
esci,C2s1,37498,False,True,0,0,0.0001233220100402832
esci,C2s1,37670,False,False,0,0,1.1920928955078125e-07
esci,C2s1,37789,False,True,0,0,9.226799011230469e-05
esci,C2s1,38679,False,True,0,0,0.0001335740089416504
esci,C2s1,39022,False,True,0,0,0.00010317564010620117
esci,C2s1,39107,False,True,0,0,9.483098983764648e-05
esci,C2s1,39157,False,True,0,0,0.00011688470840454102
esci,C2s1,39263,False,True,0,0,0.0001735687255859375
esci,C2s1,40165,False,True,0,0,0.00013744831085205078
esci,C2s1,40292,False,True,0,0,0.00012129545211791992
esci,C2s1,40356,False,True,0,0,0.00013148784637451172
esci,C2s1,40483,False,True,0,0,0.00012028217315673828
esci,C2s1,40528,False,True,0,0,0.00010716915130615234
esci,C2s1,40573,False,True,0,0,0.00017380714416503906
esci,C2s1,40615,True,True,0,0,0.0001417994499206543
esci,C2s1,40834,False,False,0,0,0.00010073184967041016
esci,C2s1,41423,False,True,0,0,0.00020390748977661133
esci,C2s1,41492,False,True,0,0,0.00012880563735961914
esci,C2s1,41502,False,True,0,0,9.083747863769531e-05
esci,C2s1,41795,False,True,0,0,6.973743438720703e-05
esci,C2s1,42118,False,True,0,0,0.0001240372657775879
esci,C2s1,42332,False,True,0,0,0.00013822317123413086
esci,C2s1,42405,False,True,0,0,0.0001690983772277832
esci,C2s1,42445,False,True,0,0,0.00012010335922241211
esci,C2s1,42964,False,True,0,0,0.00014907121658325195
esci,C2s1,42968,False,True,0,0,0.00013619661331176758
esci,C2s1,43579,False,True,0,0,0.00012248754501342773
esci,C2s1,43948,False,False,0,0,0.00016039609909057617
esci,C2s1,43961,False,True,0,0,0.0001895427703857422
esci,C2s1,43983,False,True,0,0,0.00013196468353271484
esci,C2s1,44424,False,True,0,0,8.094310760498047e-05
esci,C2s1,44706,False,True,0,0,0.00013679265975952148
esci,C2s1,44816,False,True,0,0,0.0001469254493713379
esci,C2s1,44845,False,True,0,0,0.00016766786575317383
esci,C2s1,44960,False,True,0,0,9.72747802734375e-05
esci,C2s1,45294,False,True,0,0,8.547306060791016e-05
esci,C2s1,45464,False,True,0,0,0.00012540817260742188
esci,C2s1,45588,False,True,0,0,0.0002359151840209961
esci,C2s1,45713,False,True,0,0,0.00014132261276245117
esci,C2s1,45745,False,True,0,0,0.00011032819747924805
esci,C2s1,45843,False,True,0,0,9.042024612426758e-05
esci,C2s1,45928,False,True,0,0,0.00015342235565185547
esci,C2s1,45990,False,True,0,0,0.00012069940567016602
esci,C2s1,46008,False,True,0,0,0.00010013580322265625
esci,C2s1,46089,False,True,0,0,8.26120376586914e-05
esci,C2s1,46097,False,True,0,0,0.0001354813575744629
esci,C2s1,46149,False,True,0,0,0.00013267993927001953
esci,C2s1,46177,False,True,0,0,0.00019037723541259766
esci,C2s1,46471,True,True,0,0,0.00013971328735351562
esci,C2s1,46910,False,True,0,0,0.00011336803436279297
esci,C2s1,47106,False,True,0,0,0.00013142824172973633
esci,C2s1,47213,True,True,0,0,0.00017374753952026367
esci,C2s1,47217,False,True,0,0,0.00015878677368164062
esci,C2s1,47526,False,True,0,0,0.00010329484939575195
esci,C2s1,47631,False,True,0,0,0.00010520219802856445
esci,C2s1,47857,False,True,0,0,0.00010156631469726562
esci,C2s1,47892,False,True,0,0,0.00016069412231445312
esci,C2s1,48397,False,True,0,0,0.00014603137969970703
esci,C2s1,48914,False,True,0,0,0.0001245737075805664
esci,C2s1,48929,False,True,0,0,0.0001061558723449707
esci,C2s1,49077,False,True,0,0,8.851289749145508e-05
esci,C2s1,49201,False,True,0,0,9.006261825561523e-05
esci,C2s1,49481,False,True,0,0,0.00014454126358032227
esci,C2s1,49972,False,True,0,0,0.00010520219802856445
esci,C2s1,50118,False,True,0,0,0.00021696090698242188
esci,C2s1,50311,True,True,0,0,0.00010216236114501953
esci,C2s1,50356,False,True,0,0,7.796287536621094e-05
esci,C2s1,50494,False,True,0,0,8.720159530639648e-05
esci,C2s1,51056,False,True,0,0,0.00010102987289428711
esci,C2s1,51227,False,True,0,0,8.71419906616211e-05
esci,C2s1,51454,True,True,0,0,0.0001398324966430664
esci,C2s1,52230,False,False,0,0,0.00011110305786132812
esci,C2s1,52255,False,True,0,0,0.00011271238327026367
esci,C2s1,52348,False,True,0,0,0.00012761354446411133
esci,C2s1,52482,True,True,0,0,1.4901161193847656e-07
esci,C2s1,52830,False,True,0,0,0.00016611814498901367
esci,C2s1,53042,False,False,0,0,1.7881393432617188e-07
esci,C2s1,53114,False,True,0,0,0.00013715028762817383
esci,C2s1,53284,False,True,0,0,0.00015556812286376953
esci,C2s1,53328,False,True,0,0,0.00016832351684570312
esci,C2s1,53451,False,True,0,0,1.7881393432617188e-07
esci,C2s1,54039,False,False,0,0,1.7881393432617188e-07
esci,C2s1,54044,False,True,0,0,0.00014775991439819336
esci,C2s1,54558,False,True,0,0,0.00013267993927001953
esci,C2s1,54634,False,False,0,0,1.7881393432617188e-07
esci,C2s1,54889,False,True,0,0,0.00018990039825439453
esci,C2s1,55280,False,False,0,0,1.7881393432617188e-07
esci,C2s1,55365,False,True,0,0,0.00010734796524047852
esci,C2s1,55531,False,True,0,0,0.00012546777725219727
esci,C2s1,55677,False,True,0,0,0.0001226663589477539
esci,C2s1,56281,False,True,0,0,0.00012689828872680664
esci,C2s1,56758,False,True,0,0,0.00019782781600952148
esci,C2s1,57100,False,True,0,0,0.00010830163955688477
esci,C2s1,57276,False,True,0,0,0.00012153387069702148
esci,C2s1,57921,False,False,0,0,0.00012308359146118164
esci,C2s1,58044,False,True,0,0,9.02414321899414e-05
esci,C2s1,58233,False,False,0,0,1.7881393432617188e-07
esci,C2s1,58514,False,True,0,0,0.00010818243026733398
esci,C2s1,58597,False,True,0,0,0.00012743473052978516
esci,C2s1,59963,False,True,0,0,0.0001538395881652832
esci,C2s1,60628,False,False,0,0,1.7881393432617188e-07
esci,C2s1,61329,False,True,0,0,0.00014525651931762695
esci,C2s1,61522,False,True,0,0,0.00016582012176513672
esci,C2s1,61574,False,False,0,0,1.7881393432617188e-07
esci,C2s1,61598,False,False,0,0,1.7881393432617188e-07
esci,C2s1,61723,False,True,0,0,9.322166442871094e-05
esci,C2s1,61798,False,True,0,0,0.00014853477478027344
esci,C2s1,61830,False,False,0,0,1.7881393432617188e-07
esci,C2s1,61961,False,True,0,0,0.00012451410293579102
esci,C2s1,62478,True,True,0,0,0.00012540817260742188
esci,C2s1,62513,False,False,0,0,2.384185791015625e-07
esci,C2s1,62558,True,True,0,0,7.390975952148438e-05
esci,C2s1,62858,False,True,0,0,0.00013583898544311523
esci,C2s1,62937,False,True,0,0,0.00011640787124633789
esci,C2s1,62954,False,True,0,0,0.00012087821960449219
esci,C2s1,63291,False,False,0,0,1.7881393432617188e-07
esci,C2s1,63701,False,False,0,0,1.7881393432617188e-07
esci,C2s1,63917,False,True,0,0,0.0001201629638671875
esci,C2s1,63927,False,True,0,0,9.161233901977539e-05
esci,C2s1,64191,False,True,0,0,0.00017559528350830078
esci,C2s1,64212,False,True,0,0,0.00011491775512695312
esci,C2s1,64296,False,True,0,0,8.797645568847656e-05
esci,C2s1,64880,False,False,0,0,1.7881393432617188e-07
esci,C2s1,65197,False,True,0,0,0.00010097026824951172
esci,C2s1,65347,False,True,0,0,0.00018408894538879395
esci,C2s1,65397,False,True,0,0,0.0001283884048461914
esci,C2s1,65683,False,True,0,0,0.00011140108108520508
esci,C2s1,65798,True,True,0,0,0.0001004934310913086
esci,C2s1,66004,False,True,0,0,0.0001233816146850586
esci,C2s1,66062,False,True,0,0,0.00020962953567504883
esci,C2s1,66396,False,True,0,0,8.428096771240234e-05
esci,C2s1,66421,False,True,0,0,0.00014740228652954102
esci,C2s1,66476,False,True,0,0,0.00012195110321044922
esci,C2s1,66494,False,True,0,0,0.00012499094009399414
esci,C2s1,67075,False,True,0,0,8.666515350341797e-05
esci,C2s1,67189,False,True,0,0,0.00015032291412353516
esci,C2s1,67570,False,False,0,0,0.0
esci,C2s1,67637,False,False,0,0,1.7881393432617188e-07
esci,C2s1,67712,False,False,0,0,1.7881393432617188e-07
esci,C2s1,67844,False,True,0,0,8.928775787353516e-05
esci,C2s1,67894,False,True,0,0,8.195638656616211e-05
esci,C2s1,68340,False,True,0,0,0.0001131296157836914
esci,C2s1,68572,False,True,0,0,0.00012034177780151367
esci,C2s1,69025,False,True,0,0,0.00019299983978271484
esci,C2s1,69269,False,True,0,0,1.7881393432617188e-07
esci,C2s1,69657,False,True,0,0,7.867813110351562e-05
esci,C2s1,69695,False,True,0,0,0.00012946128845214844
esci,C2s1,69739,False,True,0,0,0.00012040138244628906
esci,C2s1,70263,False,True,0,0,0.0002161860466003418
esci,C2s1,70625,False,True,0,0,8.96453857421875e-05
esci,C2s1,70787,False,True,0,0,0.00013822317123413086
esci,C2s1,71186,False,True,0,0,0.0001323223114013672
esci,C2s1,71356,False,True,0,0,0.00013428926467895508
esci,C2s1,71655,False,True,0,0,0.0001481175422668457
esci,C2s1,71902,False,True,0,0,0.00015842914581298828
esci,C2s1,72088,False,True,0,0,0.00011992454528808594
esci,C2s1,72127,False,True,0,0,0.00015801191329956055
esci,C2s1,72915,False,False,0,0,1.7881393432617188e-07
esci,C2s1,73215,False,True,0,0,0.00013518333435058594
esci,C2s1,73282,False,True,0,0,0.00011283159255981445
esci,C2s1,73400,False,False,0,0,0.00014287233352661133
esci,C2s1,73401,True,True,0,0,0.00014537572860717773
esci,C2s1,73522,False,True,0,0,0.0001049041748046875
esci,C2s1,73746,False,False,0,0,0.00010269880294799805
esci,C2s1,73944,False,True,0,0,0.0001246333122253418
esci,C2s1,74270,False,True,0,0,0.00012981891632080078
esci,C2s1,74336,False,True,0,0,8.910894393920898e-05
esci,C2s1,74620,False,True,0,0,0.00011354684829711914
esci,C2s1,74628,True,True,0,0,0.00011152029037475586
esci,C2s1,74654,False,True,0,0,0.00010198354721069336
esci,C2s1,74782,False,True,0,0,6.35385513305664e-05
esci,C2s1,75417,False,True,0,0,0.00010859966278076172
esci,C2s1,75512,False,True,0,0,9.614229202270508e-05
esci,C2s1,75831,False,True,0,0,0.0001685619354248047
esci,C2s1,75925,False,True,0,0,0.0001189112663269043
esci,C2s1,76144,False,True,0,0,7.426738739013672e-05
esci,C2s1,76820,False,True,0,0,0.0001646280288696289
esci,C2s1,76904,False,True,0,0,0.0001004338264465332
esci,C2s1,76950,False,False,0,0,2.384185791015625e-07
esci,C2s1,76969,False,True,0,0,0.00012475252151489258
esci,C2s1,77343,False,False,0,0,8.356571197509766e-05
esci,C2s1,78347,False,False,0,0,8.237361907958984e-05
esci,C2s1,79143,False,True,0,0,0.00010150671005249023
esci,C2s1,79505,False,True,0,0,8.052587509155273e-05
esci,C2s1,80305,False,True,0,0,9.322166442871094e-05
esci,C2s1,80453,False,True,0,0,0.00012689828872680664
esci,C2s1,80880,True,True,0,0,0.00012248754501342773
esci,C2s1,81029,False,True,0,0,7.045269012451172e-05
esci,C2s1,81301,False,True,0,0,0.00015342235565185547
esci,C2s1,81478,False,True,0,0,0.00011903047561645508
esci,C2s1,81547,False,True,0,0,8.732080459594727e-05
esci,C2s1,82738,False,True,0,0,0.00019544363021850586
esci,C2s1,82799,True,True,0,0,6.0677528381347656e-05
esci,C2s1,82836,False,True,0,0,0.00011169910430908203
esci,C2s1,82977,False,True,0,0,0.0001112818717956543
esci,C2s1,83182,False,True,0,0,8.58306884765625e-05
esci,C2s1,83573,False,True,0,0,0.00012856721878051758
esci,C2s1,83860,False,True,0,0,0.0001398921012878418
esci,C2s1,84011,False,True,0,0,0.00012004375457763672
esci,C2s1,84333,True,True,0,0,0.00011867284774780273
esci,C2s1,84543,False,True,0,0,9.274482727050781e-05
esci,C2s1,84692,False,True,0,0,0.00013509392738342285
esci,C2s1,84752,True,True,0,0,0.00015091896057128906
esci,C2s1,84990,False,True,0,0,0.00012612342834472656
esci,C2s1,85202,False,True,0,0,0.00015026330947875977
esci,C2s1,85743,False,True,0,0,0.00012171268463134766
esci,C2s1,85956,False,True,0,0,0.00013393163681030273
esci,C2s1,87048,False,True,0,0,0.0001919269561767578
esci,C2s1,87098,False,True,0,0,0.00010210275650024414
esci,C2s1,87123,False,True,0,0,0.00012236833572387695
esci,C2s1,87931,False,True,0,0,0.0001990199089050293
esci,C2s1,88180,False,False,0,0,1.1920928955078125e-07
esci,C2s1,88972,False,True,0,0,0.0001494288444519043
esci,C2s1,89016,False,True,0,0,0.00013947486877441406
esci,C2s1,89094,False,True,0,0,0.0001361370086669922
esci,C2s1,89443,False,True,0,0,0.00015547871589660645
esci,C2s1,90070,False,False,0,0,1.7881393432617188e-07
esci,C2s1,90523,False,True,0,0,0.00013303756713867188
esci,C2s1,90653,False,True,0,0,0.00011551380157470703
esci,C2s1,90835,False,True,0,0,9.769201278686523e-05
esci,C2s1,90983,False,True,0,0,9.196996688842773e-05
esci,C2s1,91113,False,True,0,0,0.00010663270950317383
esci,C2s1,91245,False,True,0,0,0.00015538930892944336
esci,C2s1,91267,False,True,0,0,0.0001290440559387207
esci,C2s1,91452,False,True,0,0,0.00012826919555664062
esci,C2s1,91498,False,True,0,0,0.00012153387069702148
esci,C2s1,91539,False,True,0,0,0.00016605854034423828
esci,C2s1,91847,False,True,0,0,0.00011283159255981445
esci,C2s1,92217,False,True,0,0,0.00010073184967041016
esci,C2s1,92320,False,True,0,0,0.00013372302055358887
esci,C2s1,92627,False,False,0,0,7.581710815429688e-05
esci,C2s1,92663,False,True,0,0,0.00012415647506713867
esci,C2s1,92720,False,True,0,0,0.00011420249938964844
esci,C2s1,92810,False,True,0,0,1.7881393432617188e-07
esci,C2s1,92928,False,True,0,0,8.618831634521484e-05
esci,C2s1,93169,False,False,0,0,2.384185791015625e-07
esci,C2s1,93559,False,True,0,0,8.922815322875977e-05
esci,C2s1,93654,False,False,0,0,0.00015300512313842773
esci,C2s1,93758,False,True,0,0,0.00015550851821899414
esci,C2s1,94456,False,False,0,0,0.00011742115020751953
esci,C2s1,94846,False,True,0,0,8.803606033325195e-05
esci,C2s1,94878,False,True,0,0,7.450580596923828e-05
esci,C2s1,94932,False,True,0,0,0.00011330842971801758
esci,C2s1,95116,False,True,0,0,0.00011211633682250977
esci,C2s1,95136,False,False,0,0,1.1920928955078125e-07
esci,C2s1,95453,False,True,0,0,0.00017058849334716797
esci,C2s1,95494,False,True,0,0,0.00011533498764038086
esci,C2s1,95886,False,True,0,0,0.00020545721054077148
esci,C2s1,95917,False,True,0,0,0.00012415647506713867
esci,C2s1,96045,False,True,0,0,0.00012934207916259766
esci,C2s1,96401,False,True,0,0,0.00010794401168823242
esci,C2s1,96535,False,False,0,0,1.7881393432617188e-07
esci,C2s1,96819,False,True,0,0,7.653236389160156e-05
esci,C2s1,98201,False,True,0,0,0.00026363134384155273
esci,C2s1,98425,False,True,0,0,0.00011914968490600586
esci,C2s1,98526,False,True,0,0,0.00011146068572998047
esci,C2s1,99391,False,True,0,0,0.00010216236114501953
esci,C2s1,99846,False,True,0,0,8.296966552734375e-05
esci,C2s1,100084,False,True,0,0,0.0001601576805114746
esci,C2s1,100330,False,True,0,0,0.00010699033737182617
esci,C2s1,100469,False,False,0,0,1.7881393432617188e-07
esci,C2s1,100474,False,True,0,0,0.00010466575622558594
esci,C2s1,100637,False,True,0,0,0.0001131296157836914
esci,C2s1,100807,False,True,0,0,0.00015717744827270508
esci,C2s1,101683,False,True,0,0,6.03795051574707e-05
esci,C2s1,101841,False,True,0,0,0.000118255615234375
esci,C2s1,102215,False,True,0,0,0.00012865662574768066
esci,C2s1,102308,False,True,0,0,0.0001240372657775879
esci,C2s1,102732,False,False,0,0,8.159875869750977e-05
esci,C2s1,102895,False,True,0,0,0.00015228986740112305
esci,C2s1,102991,False,True,0,0,0.00012034177780151367
esci,C2s1,103099,False,True,0,0,0.00016742944717407227
esci,C2s1,103248,False,True,0,0,0.00010395050048828125
esci,C2s1,103500,False,True,0,0,0.00014275312423706055
esci,C2s1,103612,False,True,0,0,0.00013118982315063477
esci,C2s1,103705,False,True,0,0,0.000125885009765625
esci,C2s1,104116,True,True,0,0,9.018182754516602e-05
esci,C2s1,104212,False,True,0,0,0.00012201070785522461
esci,C2s1,104375,False,True,0,0,0.00013959407806396484
esci,C2s1,104485,False,True,0,0,0.0002797245979309082
esci,C2s1,104556,False,True,0,0,8.589029312133789e-05
esci,C2s1,104929,False,True,0,0,0.0001494288444519043
esci,C2s1,105336,False,True,0,0,0.0001341104507446289
esci,C2s1,105354,False,True,0,0,0.00016456842422485352
esci,C2s1,106080,False,True,0,0,0.00012814998626708984
esci,C2s1,106387,False,True,0,0,8.291006088256836e-05
esci,C2s1,106839,False,True,0,0,0.00013679265975952148
esci,C2s1,107789,False,True,0,0,0.00013309717178344727
esci,C2s1,107880,False,True,0,0,9.816884994506836e-05
esci,C2s1,107900,False,True,0,0,0.00021326541900634766
esci,C2s1,108093,False,True,0,0,0.00012248754501342773
esci,C2s1,108571,False,True,0,0,0.00017267465591430664
esci,C2s1,108769,False,True,0,0,6.765127182006836e-05
esci,C2s1,108964,False,True,0,0,0.00016301870346069336
esci,C2s1,109159,False,True,0,0,0.00010818243026733398
esci,C2s1,109658,False,True,0,0,0.00018861889839172363
esci,C2s1,110355,False,True,0,0,0.00014281272888183594
esci,C2s1,110443,False,True,0,0,0.00015586614608764648
esci,C2s1,110695,False,True,0,0,0.00016021728515625
esci,C2s1,110785,False,True,0,0,0.00017005205154418945
esci,C2s1,110848,False,True,0,0,0.00011554360389709473
esci,C2s1,110909,False,False,0,0,1.1920928955078125e-07
esci,C2s1,111397,False,False,0,0,1.7881393432617188e-07
esci,C2s1,111447,False,True,0,0,0.0001322627067565918
esci,C2s1,111629,False,True,0,0,0.0001754164695739746
esci,C2s1,111828,False,True,0,0,0.00010275840759277344
esci,C2s1,111876,False,True,0,0,9.053945541381836e-05
esci,C2s1,111913,False,False,0,0,1.7881393432617188e-07
esci,C2s1,111950,False,False,0,0,1.7881393432617188e-07
esci,C2s1,112070,False,False,0,0,1.1920928955078125e-07
esci,C2s1,112116,False,True,0,0,8.213520050048828e-05
esci,C2s1,112141,False,False,0,0,1.7881393432617188e-07
esci,C2s1,112578,False,True,0,0,0.00010895729064941406
esci,C2s1,112716,False,False,0,0,1.1920928955078125e-07
esci,C2s1,113321,False,False,0,0,1.7881393432617188e-07
esci,C2s1,113679,False,True,0,0,9.173154830932617e-05
esci,C2s1,114588,False,True,0,0,0.00013381242752075195
esci,C2s1,114599,False,True,0,0,0.0001278519630432129
esci,C2s1,114650,False,True,0,0,0.00010776519775390625
esci,C2s1,114793,False,True,0,0,0.0001404881477355957
esci,C2s1,114905,False,True,0,0,0.00010478496551513672
esci,C2s1,114954,False,False,0,0,0.0001259446144104004
esci,C2s1,115094,False,True,0,0,0.00026100873947143555
esci,C2s1,115539,False,False,0,0,1.7881393432617188e-07
esci,C2s2,165,False,True,0,0,1.7881393432617188e-07
esci,C2s2,433,False,False,0,0,1.7881393432617188e-07
esci,C2s2,500,False,False,0,0,1.7881393432617188e-07
esci,C2s2,541,False,True,0,0,0.00012958049774169922
esci,C2s2,598,False,False,0,0,2.384185791015625e-07
esci,C2s2,600,False,False,0,0,1.7881393432617188e-07
esci,C2s2,602,False,False,0,0,1.7881393432617188e-07
esci,C2s2,622,False,True,0,0,0.0001563429832458496
esci,C2s2,637,True,True,0,0,0.0001455545425415039
esci,C2s2,861,False,True,0,0,0.00011646747589111328
esci,C2s2,933,False,False,0,0,2.384185791015625e-07
esci,C2s2,978,False,False,0,0,1.7881393432617188e-07
esci,C2s2,1210,False,False,0,0,1.7881393432617188e-07
esci,C2s2,1293,False,True,0,0,0.0001239776611328125
esci,C2s2,1310,False,True,0,0,0.00012695789337158203
esci,C2s2,1458,False,True,0,0,0.00012230873107910156
esci,C2s2,1476,False,False,0,0,1.7881393432617188e-07
esci,C2s2,1530,False,True,0,0,0.00010663270950317383
esci,C2s2,1659,False,True,0,0,0.00012129545211791992
esci,C2s2,1816,False,True,0,0,0.0001049041748046875
esci,C2s2,2286,False,True,0,0,9.47117805480957e-05
esci,C2s2,2390,False,False,0,0,1.1920928955078125e-07
esci,C2s2,2692,False,False,0,0,1.1920928955078125e-07
esci,C2s2,2855,False,True,0,0,0.0001157522201538086
esci,C2s2,3012,False,False,0,0,1.1920928955078125e-07
esci,C2s2,3492,True,True,0,0,0.0001767873764038086
esci,C2s2,3494,False,True,0,0,0.00013083219528198242
esci,C2s2,3986,False,True,0,0,0.00016945600509643555
esci,C2s2,4299,False,True,0,0,0.00013327598571777344
esci,C2s2,4321,False,True,0,0,0.0002079010009765625
esci,C2s2,4860,False,True,0,0,0.00015538930892944336
esci,C2s2,4956,False,True,0,0,0.00017917156219482422
esci,C2s2,5079,False,False,0,0,2.384185791015625e-07
esci,C2s2,5094,False,False,0,0,1.7881393432617188e-07
esci,C2s2,5419,False,False,0,0,1.7881393432617188e-07
esci,C2s2,5787,False,True,0,0,1.7881393432617188e-07
esci,C2s2,5921,False,True,0,0,0.00015228986740112305
esci,C2s2,6138,False,False,0,0,1.7881393432617188e-07
esci,C2s2,6685,False,True,0,0,7.194280624389648e-05
esci,C2s2,7034,False,False,0,0,1.7881393432617188e-07
esci,C2s2,7126,False,True,0,0,0.00015628337860107422
esci,C2s2,7303,False,False,0,0,1.1920928955078125e-07
esci,C2s2,7340,False,False,0,0,2.384185791015625e-07
esci,C2s2,7545,False,True,0,0,0.0001876354217529297
esci,C2s2,7581,False,False,0,0,1.7881393432617188e-07
esci,C2s2,8063,False,True,0,0,7.170438766479492e-05
esci,C2s2,8519,False,False,0,0,1.7881393432617188e-07
esci,C2s2,8605,False,True,0,0,8.416175842285156e-05
esci,C2s2,8740,False,True,0,0,8.600950241088867e-05
esci,C2s2,9096,False,True,0,0,0.00010901689529418945
esci,C2s2,9695,False,True,0,0,9.465217590332031e-05
esci,C2s2,9776,False,True,0,0,0.00011098384857177734
esci,C2s2,9967,False,True,0,0,0.00015783309936523438
esci,C2s2,10312,False,True,0,0,0.00016707181930541992
esci,C2s2,10370,False,True,0,0,0.00015044212341308594
esci,C2s2,11509,False,False,0,0,1.1920928955078125e-07
esci,C2s2,11621,False,True,0,0,0.00011175870895385742
esci,C2s2,11875,False,True,0,0,0.00013184547424316406
esci,C2s2,11925,False,True,0,0,8.106231689453125e-05
esci,C2s2,12176,False,True,0,0,0.0001557469367980957
esci,C2s2,12432,False,True,0,0,0.0001360774040222168
esci,C2s2,12557,True,True,0,0,0.00010716915130615234
esci,C2s2,12664,False,True,0,0,0.00011104345321655273
esci,C2s2,12809,False,True,0,0,0.00012695789337158203
esci,C2s2,13089,False,True,0,0,0.00013971328735351562
esci,C2s2,13169,False,True,0,0,0.0001354813575744629
esci,C2s2,13471,False,True,0,0,8.302927017211914e-05
esci,C2s2,13639,False,True,0,0,0.00014960765838623047
esci,C2s2,13785,False,True,0,0,8.64267349243164e-05
esci,C2s2,13954,False,True,0,0,0.00011247396469116211
esci,C2s2,14346,False,True,0,0,0.00012993812561035156
esci,C2s2,14880,False,True,0,0,0.00015056133270263672
esci,C2s2,14882,False,False,0,0,1.7881393432617188e-07
esci,C2s2,15154,False,True,0,0,0.0001431107521057129
esci,C2s2,15164,False,True,0,0,0.00011342763900756836
esci,C2s2,15311,False,True,0,0,0.0001575946807861328
esci,C2s2,15647,False,False,0,0,1.7881393432617188e-07
esci,C2s2,15716,False,True,0,0,0.0001462101936340332
esci,C2s2,15777,False,True,0,0,6.908178329467773e-05
esci,C2s2,15807,False,True,0,0,0.00010216236114501953
esci,C2s2,16613,False,True,0,0,0.0002117753028869629
esci,C2s2,16684,False,True,0,0,0.0001323223114013672
esci,C2s2,17384,False,True,0,0,7.098913192749023e-05
esci,C2s2,17607,False,True,0,0,1.1920928955078125e-07
esci,C2s2,17689,False,True,0,0,0.00014495849609375
esci,C2s2,17742,False,True,0,0,0.00020438432693481445
esci,C2s2,18356,False,True,0,0,6.401538848876953e-05
esci,C2s2,18553,False,True,0,0,0.00016325712203979492
esci,C2s2,18679,False,True,0,0,8.869171142578125e-05
esci,C2s2,18682,False,True,0,0,0.0001404881477355957
esci,C2s2,18932,False,False,0,0,1.7881393432617188e-07
esci,C2s2,19053,False,True,0,0,0.0001690983772277832
esci,C2s2,19134,False,True,0,0,0.0001080632209777832
esci,C2s2,19268,False,True,0,0,0.00016820430755615234
esci,C2s2,19369,False,True,0,0,0.00012701749801635742
esci,C2s2,19372,False,False,0,0,0.00010180473327636719
esci,C2s2,19380,False,True,0,0,0.00013643503189086914
esci,C2s2,19619,False,True,0,0,0.00010824203491210938
esci,C2s2,19694,False,False,0,0,1.7881393432617188e-07
esci,C2s2,19953,True,True,0,0,0.0001685023307800293
esci,C2s2,20037,False,True,0,0,0.0001774430274963379
esci,C2s2,20185,False,True,0,0,0.00012028217315673828
esci,C2s2,20307,False,True,0,0,0.00011211633682250977
esci,C2s2,20315,False,True,0,0,0.00015938282012939453
esci,C2s2,20385,False,True,0,0,0.00011461973190307617
esci,C2s2,20500,False,True,0,0,0.00013262033462524414
esci,C2s2,20523,False,True,0,0,9.226799011230469e-05
esci,C2s2,20788,False,True,0,0,7.718801498413086e-05
esci,C2s2,21481,False,False,0,0,1.7881393432617188e-07
esci,C2s2,21645,False,True,0,0,0.00010818243026733398
esci,C2s2,22173,False,False,0,0,0.00010436773300170898
esci,C2s2,22211,False,True,0,0,0.00019043684005737305
esci,C2s2,22441,False,True,0,0,0.0001577138900756836
esci,C2s2,22639,False,True,0,0,0.00010073184967041016
esci,C2s2,23148,False,True,0,0,0.00011396408081054688
esci,C2s2,23260,True,True,0,0,0.00016224384307861328
esci,C2s2,23744,False,True,0,0,0.00014317035675048828
esci,C2s2,24082,False,True,0,0,0.0001837611198425293
esci,C2s2,24402,False,True,0,0,0.0001779794692993164
esci,C2s2,24504,False,True,0,0,0.0001175999641418457
esci,C2s2,24668,False,True,0,0,0.00012969970703125
esci,C2s2,24697,False,True,0,0,7.617473602294922e-05
esci,C2s2,24831,False,False,0,0,9.298324584960938e-05
esci,C2s2,25132,False,True,0,0,9.912252426147461e-05
esci,C2s2,25426,False,True,0,0,0.0001728534698486328
esci,C2s2,25497,False,True,0,0,7.265806198120117e-05
esci,C2s2,25516,False,True,0,0,0.00012034177780151367
esci,C2s2,25591,False,True,0,0,0.00020176172256469727
esci,C2s2,26321,False,True,0,0,0.00011050701141357422
esci,C2s2,26642,False,True,0,0,0.00013512372970581055
esci,C2s2,26872,False,True,0,0,0.00010526180267333984
esci,C2s2,27927,True,True,0,0,0.00012993812561035156
esci,C2s2,28198,False,True,0,0,0.00012820959091186523
esci,C2s2,28637,False,True,0,0,9.85264778137207e-05
esci,C2s2,29049,True,True,0,0,0.00014972686767578125
esci,C2s2,29123,False,True,0,0,0.00013113021850585938
esci,C2s2,29488,False,True,0,0,0.00015622377395629883
esci,C2s2,29596,False,True,0,0,0.0001310110092163086
esci,C2s2,29729,False,True,0,0,0.000110626220703125
esci,C2s2,29868,False,False,0,0,0.00013118982315063477
esci,C2s2,29928,True,True,0,0,0.00011777877807617188
esci,C2s2,29941,False,False,0,0,1.7881393432617188e-07
esci,C2s2,29945,False,True,0,0,0.00013214349746704102
esci,C2s2,29952,False,True,0,0,9.304285049438477e-05
esci,C2s2,30020,False,True,0,0,0.00011938810348510742
esci,C2s2,30318,False,True,0,0,0.00016349554061889648
esci,C2s2,31573,True,True,0,0,0.0001112222671508789
esci,C2s2,31659,False,True,0,0,0.00010162591934204102
esci,C2s2,31724,False,True,0,0,1.7881393432617188e-07
esci,C2s2,31889,False,True,0,0,0.00017195940017700195
esci,C2s2,32142,False,True,0,0,8.821487426757812e-05
esci,C2s2,32164,False,True,0,0,0.00014674663543701172
esci,C2s2,32311,False,True,0,0,0.00018462538719177246
esci,C2s2,32350,False,True,0,0,0.00014358758926391602
esci,C2s2,32351,False,True,0,0,8.761882781982422e-05
esci,C2s2,32430,False,True,0,0,7.69495964050293e-05
esci,C2s2,32612,False,True,0,0,0.00014281272888183594
esci,C2s2,32812,False,True,0,0,0.00010836124420166016
esci,C2s2,32917,False,True,0,0,9.012222290039062e-05
esci,C2s2,33004,False,True,0,0,0.00016349554061889648
esci,C2s2,33735,False,True,0,0,9.810924530029297e-05
esci,C2s2,34128,False,True,0,0,0.0001035928726196289
esci,C2s2,34229,False,True,0,0,0.00013190507888793945
esci,C2s2,34443,False,True,0,0,0.00012916326522827148
esci,C2s2,34775,False,True,0,0,0.00014770030975341797
esci,C2s2,34817,False,True,0,0,0.0001271367073059082
esci,C2s2,35117,False,True,0,0,0.00010317564010620117
esci,C2s2,35242,False,True,0,0,0.0001195669174194336
esci,C2s2,35755,False,True,0,0,0.00015991926193237305
esci,C2s2,36669,False,True,0,0,0.00011894106864929199
esci,C2s2,36678,False,True,0,0,0.00012820959091186523
esci,C2s2,36753,False,True,0,0,0.00011444091796875
esci,C2s2,36912,False,True,0,0,0.00013637542724609375
esci,C2s2,36960,False,True,0,0,0.00012737512588500977
esci,C2s2,37451,False,True,0,0,9.697675704956055e-05
esci,C2s2,37466,False,True,0,0,0.00010031461715698242
esci,C2s2,37498,False,True,0,0,0.0001233220100402832
esci,C2s2,37670,False,False,0,0,1.1920928955078125e-07
esci,C2s2,37789,False,True,0,0,9.167194366455078e-05
esci,C2s2,38679,False,True,0,0,0.00014019012451171875
esci,C2s2,39022,False,True,0,0,0.00010317564010620117
esci,C2s2,39107,False,False,0,0,9.483098983764648e-05
esci,C2s2,39157,False,True,0,0,0.00011688470840454102
esci,C2s2,39263,False,True,0,0,0.00017338991165161133
esci,C2s2,40165,False,True,0,0,0.00013625621795654297
esci,C2s2,40292,False,True,0,0,0.0001227855682373047
esci,C2s2,40356,True,True,0,0,0.00013148784637451172
esci,C2s2,40483,False,True,0,0,0.0001227259635925293
esci,C2s2,40528,False,True,0,0,0.00010716915130615234
esci,C2s2,40573,False,True,0,0,0.00017571449279785156
esci,C2s2,40615,False,True,0,0,0.00013977289199829102
esci,C2s2,40834,False,True,0,0,0.00010073184967041016
esci,C2s2,41423,False,True,0,0,0.00016504526138305664
esci,C2s2,41492,True,True,0,0,0.0001308917999267578
esci,C2s2,41502,False,True,0,0,9.083747863769531e-05
esci,C2s2,41795,False,True,0,0,6.92605972290039e-05
esci,C2s2,42118,False,True,0,0,0.0001233816146850586
esci,C2s2,42332,False,True,0,0,0.00013715028762817383
esci,C2s2,42405,False,True,0,0,0.0001615285873413086
esci,C2s2,42445,False,True,0,0,0.0001207590103149414
esci,C2s2,42964,False,True,0,0,0.00014787912368774414
esci,C2s2,42968,False,True,0,0,0.00013619661331176758
esci,C2s2,43579,False,True,0,0,0.0001232624053955078
esci,C2s2,43948,False,False,0,0,0.00016355514526367188
esci,C2s2,43961,False,True,0,0,0.0001843571662902832
esci,C2s2,43983,False,False,0,0,0.00013196468353271484
esci,C2s2,44424,False,True,0,0,7.897615432739258e-05
esci,C2s2,44706,False,True,0,0,0.00013679265975952148
esci,C2s2,44816,False,True,0,0,0.0001469254493713379
esci,C2s2,44845,False,True,0,0,0.00016766786575317383
esci,C2s2,44960,True,True,0,0,9.888410568237305e-05
esci,C2s2,45294,False,True,0,0,8.547306060791016e-05
esci,C2s2,45464,False,True,0,0,0.0001252889633178711
esci,C2s2,45588,False,True,0,0,0.00023949146270751953
esci,C2s2,45713,False,True,0,0,0.0001150369644165039
esci,C2s2,45745,False,True,0,0,0.00011032819747924805
esci,C2s2,45843,False,True,0,0,9.042024612426758e-05
esci,C2s2,45928,False,True,0,0,0.00015234947204589844
esci,C2s2,45990,False,True,0,0,0.00011831521987915039
esci,C2s2,46008,False,True,0,0,0.0001024007797241211
esci,C2s2,46089,False,True,0,0,9.423494338989258e-05
esci,C2s2,46097,True,True,0,0,0.00013023614883422852
esci,C2s2,46149,False,True,0,0,0.00013267993927001953
esci,C2s2,46177,False,True,0,0,0.000186920166015625
esci,C2s2,46471,False,True,0,0,0.00013083219528198242
esci,C2s2,46910,False,True,0,0,0.00011801719665527344
esci,C2s2,47106,False,False,0,0,0.00013142824172973633
esci,C2s2,47213,False,True,0,0,0.0001779794692993164
esci,C2s2,47217,False,True,0,0,0.00016099214553833008
esci,C2s2,47526,False,True,0,0,9.912252426147461e-05
esci,C2s2,47631,False,True,0,0,0.00010836124420166016
esci,C2s2,47857,False,True,0,0,0.00010156631469726562
esci,C2s2,47892,False,True,0,0,0.00016069412231445312
esci,C2s2,48397,False,True,0,0,0.00014603137969970703
esci,C2s2,48914,False,True,0,0,0.0001245737075805664
esci,C2s2,48929,False,True,0,0,0.00010651350021362305
esci,C2s2,49077,False,True,0,0,8.893013000488281e-05
esci,C2s2,49201,False,True,0,0,9.006261825561523e-05
esci,C2s2,49481,False,True,0,0,0.00014454126358032227
esci,C2s2,49972,True,True,0,0,0.0001068115234375
esci,C2s2,50118,False,True,0,0,0.00021696090698242188
esci,C2s2,50311,True,True,0,0,0.00010216236114501953
esci,C2s2,50356,False,True,0,0,7.796287536621094e-05
esci,C2s2,50494,False,True,0,0,8.767843246459961e-05
esci,C2s2,51056,True,True,0,0,0.00010102987289428711
esci,C2s2,51227,False,True,0,0,8.994340896606445e-05
esci,C2s2,51454,False,True,0,0,0.000133514404296875
esci,C2s2,52230,False,True,0,0,0.00011134147644042969
esci,C2s2,52255,False,True,0,0,0.00011712312698364258
esci,C2s2,52348,False,True,0,0,0.00012439489364624023
esci,C2s2,52482,False,False,0,0,1.4901161193847656e-07
esci,C2s2,52830,False,True,0,0,0.00016361474990844727
esci,C2s2,53042,False,False,0,0,1.7881393432617188e-07
esci,C2s2,53114,False,True,0,0,0.00013715028762817383
esci,C2s2,53284,False,True,0,0,0.00015556812286376953
esci,C2s2,53328,False,True,0,0,0.00016832351684570312
esci,C2s2,53451,False,True,0,0,2.384185791015625e-07
esci,C2s2,54039,False,False,0,0,1.1920928955078125e-07
esci,C2s2,54044,False,True,0,0,0.00014764070510864258
esci,C2s2,54558,False,False,0,0,0.00011974573135375977
esci,C2s2,54634,False,False,0,0,1.7881393432617188e-07
esci,C2s2,54889,False,True,0,0,0.00018346309661865234
esci,C2s2,55280,False,False,0,0,2.384185791015625e-07
esci,C2s2,55365,False,True,0,0,0.00010830163955688477
esci,C2s2,55531,False,True,0,0,0.00012558698654174805
esci,C2s2,55677,False,True,0,0,0.0001246929168701172
esci,C2s2,56281,False,True,0,0,0.00012767314910888672
esci,C2s2,56758,False,True,0,0,0.0001996755599975586
esci,C2s2,57100,False,True,0,0,0.00010830163955688477
esci,C2s2,57276,False,True,0,0,0.00012499094009399414
esci,C2s2,57921,False,True,0,0,0.00012308359146118164
esci,C2s2,58044,False,True,0,0,8.14199447631836e-05
esci,C2s2,58233,False,False,0,0,1.7881393432617188e-07
esci,C2s2,58514,False,True,0,0,0.00010818243026733398
esci,C2s2,58597,False,True,0,0,0.0001297593116760254
esci,C2s2,59963,False,True,0,0,0.00015693902969360352
esci,C2s2,60628,False,False,0,0,1.7881393432617188e-07
esci,C2s2,61329,False,True,0,0,0.0001468062400817871
esci,C2s2,61522,False,True,0,0,0.00016838312149047852
esci,C2s2,61574,False,False,0,0,1.1920928955078125e-07
esci,C2s2,61598,False,True,0,0,1.7881393432617188e-07
esci,C2s2,61723,False,True,0,0,9.757280349731445e-05
esci,C2s2,61798,True,True,0,0,0.00015246868133544922
esci,C2s2,61830,False,False,0,0,1.1920928955078125e-07
esci,C2s2,61961,False,False,0,0,0.00012385845184326172
esci,C2s2,62478,False,True,0,0,0.00012540817260742188
esci,C2s2,62513,False,False,0,0,1.7881393432617188e-07
esci,C2s2,62558,False,True,0,0,7.718801498413086e-05
esci,C2s2,62858,False,True,0,0,0.00013643503189086914
esci,C2s2,62937,False,True,0,0,0.00011640787124633789
esci,C2s2,62954,False,False,0,0,0.0001239776611328125
esci,C2s2,63291,False,False,0,0,1.7881393432617188e-07
esci,C2s2,63701,False,False,0,0,1.7881393432617188e-07
esci,C2s2,63917,False,True,0,0,0.0001201629638671875
esci,C2s2,63927,False,True,0,0,9.161233901977539e-05
esci,C2s2,64191,False,True,0,0,0.00017559528350830078
esci,C2s2,64212,False,True,0,0,0.00011491775512695312
esci,C2s2,64296,False,True,0,0,8.749961853027344e-05
esci,C2s2,64880,False,False,0,0,1.7881393432617188e-07
esci,C2s2,65197,False,True,0,0,0.00010251998901367188
esci,C2s2,65347,True,True,0,0,0.00018408894538879395
esci,C2s2,65397,False,True,0,0,0.0001283884048461914
esci,C2s2,65683,False,True,0,0,0.0001081228256225586
esci,C2s2,65798,False,True,0,0,0.0001004934310913086
esci,C2s2,66004,False,True,0,0,0.0001233816146850586
esci,C2s2,66062,False,True,0,0,0.00020962953567504883
esci,C2s2,66396,True,True,0,0,9.256601333618164e-05
esci,C2s2,66421,False,True,0,0,0.00014585256576538086
esci,C2s2,66476,False,True,0,0,0.00012117624282836914
esci,C2s2,66494,False,True,0,0,0.0001208186149597168
esci,C2s2,67075,False,True,0,0,8.666515350341797e-05
esci,C2s2,67189,False,True,0,0,0.00014841556549072266
esci,C2s2,67570,False,False,0,0,0.0
esci,C2s2,67637,False,False,0,0,1.7881393432617188e-07
esci,C2s2,67712,False,False,0,0,1.7881393432617188e-07
esci,C2s2,67844,True,True,0,0,8.702278137207031e-05
esci,C2s2,67894,False,False,0,0,8.195638656616211e-05
esci,C2s2,68340,False,True,0,0,0.00011408329010009766
esci,C2s2,68572,False,True,0,0,0.00012224912643432617
esci,C2s2,69025,False,True,0,0,0.00019299983978271484
esci,C2s2,69269,False,True,0,0,1.7881393432617188e-07
esci,C2s2,69657,False,True,0,0,7.933378219604492e-05
esci,C2s2,69695,False,True,0,0,0.00012874603271484375
esci,C2s2,69739,False,True,0,0,0.00012040138244628906
esci,C2s2,70263,False,True,0,0,0.0002129077911376953
esci,C2s2,70625,False,True,0,0,8.96453857421875e-05
esci,C2s2,70787,True,True,0,0,0.00013822317123413086
esci,C2s2,71186,True,True,0,0,0.00013208389282226562
esci,C2s2,71356,False,True,0,0,0.00013428926467895508
esci,C2s2,71655,False,False,0,0,0.0001481175422668457
esci,C2s2,71902,True,True,0,0,0.0001589655876159668
esci,C2s2,72088,False,False,0,0,0.00011992454528808594
esci,C2s2,72127,False,True,0,0,0.00015801191329956055
esci,C2s2,72915,False,False,0,0,1.7881393432617188e-07
esci,C2s2,73215,False,True,0,0,0.0001347661018371582
esci,C2s2,73282,False,True,0,0,0.00011348724365234375
esci,C2s2,73400,False,False,0,0,0.00014328956604003906
esci,C2s2,73401,False,True,0,0,0.00014537572860717773
esci,C2s2,73522,True,True,0,0,0.0001081228256225586
esci,C2s2,73746,False,True,0,0,0.00010532140731811523
esci,C2s2,73944,True,True,0,0,0.0001246333122253418
esci,C2s2,74270,False,True,0,0,0.0001291036605834961
esci,C2s2,74336,False,True,0,0,8.910894393920898e-05
esci,C2s2,74620,False,True,0,0,0.00011277198791503906
esci,C2s2,74628,False,True,0,0,0.00011402368545532227
esci,C2s2,74654,False,True,0,0,0.00010198354721069336
esci,C2s2,74782,False,True,0,0,6.35385513305664e-05
esci,C2s2,75417,True,True,0,0,0.00010859966278076172
esci,C2s2,75512,False,True,0,0,9.21487808227539e-05
esci,C2s2,75831,False,True,0,0,0.00017058849334716797
esci,C2s2,75925,False,True,0,0,0.00011754035949707031
esci,C2s2,76144,False,True,0,0,7.027387619018555e-05
esci,C2s2,76820,False,True,0,0,0.0001709461212158203
esci,C2s2,76904,False,True,0,0,0.00010079145431518555
esci,C2s2,76950,False,False,0,0,2.384185791015625e-07
esci,C2s2,76969,False,True,0,0,0.0001214146614074707
esci,C2s2,77343,False,True,0,0,8.398294448852539e-05
esci,C2s2,78347,False,True,0,0,8.237361907958984e-05
esci,C2s2,79143,False,True,0,0,0.00010150671005249023
esci,C2s2,79505,False,True,0,0,8.511543273925781e-05
esci,C2s2,80305,False,False,0,0,9.322166442871094e-05
esci,C2s2,80453,False,True,0,0,0.0001304149627685547
esci,C2s2,80880,False,True,0,0,0.00012552738189697266
esci,C2s2,81029,False,True,0,0,6.884336471557617e-05
esci,C2s2,81301,False,True,0,0,0.00015342235565185547
esci,C2s2,81478,False,True,0,0,0.00011235475540161133
esci,C2s2,81547,False,True,0,0,9.620189666748047e-05
esci,C2s2,82738,False,True,0,0,0.00019627809524536133
esci,C2s2,82799,False,True,0,0,6.282329559326172e-05
esci,C2s2,82836,False,True,0,0,0.00011301040649414062
esci,C2s2,82977,False,True,0,0,0.0001112818717956543
esci,C2s2,83182,False,True,0,0,8.660554885864258e-05
esci,C2s2,83573,False,True,0,0,0.00012856721878051758
esci,C2s2,83860,False,True,0,0,0.00013947486877441406
esci,C2s2,84011,False,True,0,0,0.00012004375457763672
esci,C2s2,84333,False,True,0,0,0.0001188516616821289
esci,C2s2,84543,False,True,0,0,9.167194366455078e-05
esci,C2s2,84692,False,True,0,0,9.590387344360352e-05
esci,C2s2,84752,False,True,0,0,0.0001456141471862793
esci,C2s2,84990,False,True,0,0,0.00012493133544921875
esci,C2s2,85202,False,True,0,0,0.00015026330947875977
esci,C2s2,85743,False,True,0,0,0.00012171268463134766
esci,C2s2,85956,False,True,0,0,0.00013393163681030273
esci,C2s2,87048,False,True,0,0,0.00019246339797973633
esci,C2s2,87098,False,True,0,0,0.00010180473327636719
esci,C2s2,87123,False,True,0,0,0.00012236833572387695
esci,C2s2,87931,False,True,0,0,0.0001990199089050293
esci,C2s2,88180,False,False,0,0,1.1920928955078125e-07
esci,C2s2,88972,False,True,0,0,0.0001494288444519043
esci,C2s2,89016,False,True,0,0,0.00013631582260131836
esci,C2s2,89094,False,True,0,0,0.0001361370086669922
esci,C2s2,89443,False,True,0,0,0.00015547871589660645
esci,C2s2,90070,False,False,0,0,1.1920928955078125e-07
esci,C2s2,90523,False,True,0,0,0.0001380443572998047
esci,C2s2,90653,True,True,0,0,0.00011533498764038086
esci,C2s2,90835,False,True,0,0,9.78708267211914e-05
esci,C2s2,90983,False,True,0,0,9.721517562866211e-05
esci,C2s2,91113,False,True,0,0,0.00010663270950317383
esci,C2s2,91245,False,True,0,0,0.00015407800674438477
esci,C2s2,91267,True,True,0,0,0.00012814998626708984
esci,C2s2,91452,False,True,0,0,0.00012826919555664062
esci,C2s2,91498,False,False,0,0,0.0001227855682373047
esci,C2s2,91539,False,True,0,0,0.00016605854034423828
esci,C2s2,91847,False,True,0,0,0.00011283159255981445
esci,C2s2,92217,False,True,0,0,0.00010073184967041016
esci,C2s2,92320,False,True,0,0,0.00013372302055358887
esci,C2s2,92627,False,True,0,0,7.528066635131836e-05
esci,C2s2,92663,False,True,0,0,0.00012415647506713867
esci,C2s2,92720,False,True,0,0,0.00011461973190307617
esci,C2s2,92810,False,False,0,0,1.7881393432617188e-07
esci,C2s2,92928,False,True,0,0,8.338689804077148e-05
esci,C2s2,93169,False,False,0,0,1.7881393432617188e-07
esci,C2s2,93559,False,True,0,0,9.02414321899414e-05
esci,C2s2,93654,False,True,0,0,0.00015228986740112305
esci,C2s2,93758,False,True,0,0,0.00016248226165771484
esci,C2s2,94456,False,True,0,0,0.00011742115020751953
esci,C2s2,94846,False,True,0,0,8.803606033325195e-05
esci,C2s2,94878,False,True,0,0,7.50422477722168e-05
esci,C2s2,94932,False,True,0,0,0.00011992454528808594
esci,C2s2,95116,False,True,0,0,0.00011789798736572266
esci,C2s2,95136,False,False,0,0,1.7881393432617188e-07
esci,C2s2,95453,False,True,0,0,0.00017058849334716797
esci,C2s2,95494,False,True,0,0,0.00010830163955688477
esci,C2s2,95886,False,True,0,0,0.00020545721054077148
esci,C2s2,95917,False,True,0,0,0.00010567903518676758
esci,C2s2,96045,False,True,0,0,0.00012934207916259766
esci,C2s2,96401,False,True,0,0,0.00010794401168823242
esci,C2s2,96535,False,False,0,0,2.384185791015625e-07
esci,C2s2,96819,False,True,0,0,7.724761962890625e-05
esci,C2s2,98201,False,True,0,0,0.00027114152908325195
esci,C2s2,98425,False,True,0,0,0.00012385845184326172
esci,C2s2,98526,False,True,0,0,0.00011146068572998047
esci,C2s2,99391,False,True,0,0,0.00010216236114501953
esci,C2s2,99846,False,True,0,0,7.975101470947266e-05
esci,C2s2,100084,False,True,0,0,0.00016224384307861328
esci,C2s2,100330,True,True,0,0,0.00010699033737182617
esci,C2s2,100469,False,False,0,0,1.7881393432617188e-07
esci,C2s2,100474,False,True,0,0,0.00010466575622558594
esci,C2s2,100637,False,True,0,0,0.00011467933654785156
esci,C2s2,100807,False,True,0,0,0.00016075372695922852
esci,C2s2,101683,False,True,0,0,6.026029586791992e-05
esci,C2s2,101841,False,True,0,0,0.000118255615234375
esci,C2s2,102215,False,True,0,0,0.00012865662574768066
esci,C2s2,102308,False,True,0,0,0.00013130903244018555
esci,C2s2,102732,False,True,0,0,7.599592208862305e-05
esci,C2s2,102895,False,True,0,0,0.00015228986740112305
esci,C2s2,102991,False,True,0,0,0.00012034177780151367
esci,C2s2,103099,False,True,0,0,0.00016742944717407227
esci,C2s2,103248,False,True,0,0,0.00010472536087036133
esci,C2s2,103500,False,True,0,0,0.00014275312423706055
esci,C2s2,103612,False,True,0,0,0.0001342296600341797
esci,C2s2,103705,False,True,0,0,0.00012743473052978516
esci,C2s2,104116,False,True,0,0,9.018182754516602e-05
esci,C2s2,104212,False,True,0,0,0.00011807680130004883
esci,C2s2,104375,False,True,0,0,0.00013971328735351562
esci,C2s2,104485,False,True,0,0,0.0002797245979309082
esci,C2s2,104556,False,True,0,0,9.02414321899414e-05
esci,C2s2,104929,False,True,0,0,0.0001494288444519043
esci,C2s2,105336,False,True,0,0,0.0001341104507446289
esci,C2s2,105354,False,True,0,0,0.00016456842422485352
esci,C2s2,106080,False,True,0,0,0.00012814998626708984
esci,C2s2,106387,False,True,0,0,8.291006088256836e-05
esci,C2s2,106839,False,True,0,0,0.00013679265975952148
esci,C2s2,107789,False,True,0,0,0.00013387203216552734
esci,C2s2,107880,False,True,0,0,9.66787338256836e-05
esci,C2s2,107900,False,True,0,0,0.0002116560935974121
esci,C2s2,108093,False,True,0,0,0.00011777877807617188
esci,C2s2,108571,False,True,0,0,0.00015681982040405273
esci,C2s2,108769,False,True,0,0,6.765127182006836e-05
esci,C2s2,108964,False,True,0,0,0.0001666545867919922
esci,C2s2,109159,False,True,0,0,0.00010722875595092773
esci,C2s2,109658,True,True,0,0,0.0002086162567138672
esci,C2s2,110355,False,True,0,0,0.0001455545425415039
esci,C2s2,110443,False,True,0,0,0.0001525282859802246
esci,C2s2,110695,False,True,0,0,0.00016021728515625
esci,C2s2,110785,False,True,0,0,0.00017005205154418945
esci,C2s2,110848,False,True,0,0,0.00011554360389709473
esci,C2s2,110909,False,False,0,0,1.7881393432617188e-07
esci,C2s2,111397,False,False,0,0,1.7881393432617188e-07
esci,C2s2,111447,False,True,0,0,0.0001322627067565918
esci,C2s2,111629,False,True,0,0,0.00018012523651123047
esci,C2s2,111828,False,True,0,0,0.00010275840759277344
esci,C2s2,111876,False,True,0,0,8.845329284667969e-05
esci,C2s2,111913,False,False,0,0,1.1920928955078125e-07
esci,C2s2,111950,False,False,0,0,1.7881393432617188e-07
esci,C2s2,112070,False,False,0,0,1.7881393432617188e-07
esci,C2s2,112116,False,True,0,0,8.553266525268555e-05
esci,C2s2,112141,False,False,0,0,1.7881393432617188e-07
esci,C2s2,112578,False,True,0,0,0.0001119375228881836
esci,C2s2,112716,False,False,0,0,1.7881393432617188e-07
esci,C2s2,113321,False,False,0,0,1.7881393432617188e-07
esci,C2s2,113679,False,True,0,0,9.173154830932617e-05
esci,C2s2,114588,False,True,0,0,0.0001283884048461914
esci,C2s2,114599,False,True,0,0,0.0001271367073059082
esci,C2s2,114650,True,True,0,0,0.00012153387069702148
esci,C2s2,114793,False,True,0,0,0.0001404881477355957
esci,C2s2,114905,False,True,0,0,0.00010478496551513672
esci,C2s2,114954,False,True,0,0,0.00012546777725219727
esci,C2s2,115094,False,True,0,0,0.00026100873947143555
esci,C2s2,115539,False,False,0,0,1.7881393432617188e-07
esci,C2s3,165,False,True,0,0,1.7881393432617188e-07
esci,C2s3,433,False,False,0,0,1.7881393432617188e-07
esci,C2s3,500,False,False,0,0,1.7881393432617188e-07
esci,C2s3,541,False,True,0,0,0.00013190507888793945
esci,C2s3,598,False,False,0,0,1.7881393432617188e-07
esci,C2s3,600,False,False,0,0,1.7881393432617188e-07
esci,C2s3,602,False,False,0,0,1.7881393432617188e-07
esci,C2s3,622,False,False,0,0,0.0001563429832458496
esci,C2s3,637,False,True,0,0,0.00014954805374145508
esci,C2s3,861,False,False,0,0,0.00011646747589111328
esci,C2s3,933,False,False,0,0,1.7881393432617188e-07
esci,C2s3,978,False,False,0,0,1.7881393432617188e-07
esci,C2s3,1210,False,False,0,0,1.7881393432617188e-07
esci,C2s3,1293,False,False,0,0,0.00012409687042236328
esci,C2s3,1310,False,True,0,0,0.00012695789337158203
esci,C2s3,1458,False,False,0,0,0.00011897087097167969
esci,C2s3,1476,False,False,0,0,1.7881393432617188e-07
esci,C2s3,1530,False,True,0,0,0.00011241436004638672
esci,C2s3,1659,False,False,0,0,0.0001430511474609375
esci,C2s3,1816,False,True,0,0,0.0001049041748046875
esci,C2s3,2286,False,False,0,0,9.47117805480957e-05
esci,C2s3,2390,False,False,0,0,1.1920928955078125e-07
esci,C2s3,2692,False,False,0,0,1.1920928955078125e-07
esci,C2s3,2855,False,True,0,0,0.00011724233627319336
esci,C2s3,3012,False,False,0,0,1.7881393432617188e-07
esci,C2s3,3492,False,True,0,0,0.00017642974853515625
esci,C2s3,3494,False,True,0,0,0.00012671947479248047
esci,C2s3,3986,False,True,0,0,0.00016945600509643555
esci,C2s3,4299,False,True,0,0,0.00012999773025512695
esci,C2s3,4321,True,True,0,0,0.0002079010009765625
esci,C2s3,4860,False,True,0,0,0.0001583695411682129
esci,C2s3,4956,False,True,0,0,0.00017768144607543945
esci,C2s3,5079,False,False,0,0,2.384185791015625e-07
esci,C2s3,5094,False,False,0,0,1.7881393432617188e-07
esci,C2s3,5419,False,False,0,0,2.980232238769531e-07
esci,C2s3,5787,False,True,0,0,1.7881393432617188e-07
esci,C2s3,5921,False,True,0,0,0.00015228986740112305
esci,C2s3,6138,False,False,0,0,1.7881393432617188e-07
esci,C2s3,6685,False,True,0,0,6.026029586791992e-05
esci,C2s3,7034,False,False,0,0,1.7881393432617188e-07
esci,C2s3,7126,False,True,0,0,0.00015807151794433594
esci,C2s3,7303,False,False,0,0,1.7881393432617188e-07
esci,C2s3,7340,False,False,0,0,2.384185791015625e-07
esci,C2s3,7545,False,True,0,0,0.00018584728240966797
esci,C2s3,7581,False,False,0,0,1.7881393432617188e-07
esci,C2s3,8063,True,True,0,0,7.069110870361328e-05
esci,C2s3,8519,False,False,0,0,1.1920928955078125e-07
esci,C2s3,8605,False,True,0,0,8.213520050048828e-05
esci,C2s3,8740,False,True,0,0,8.463859558105469e-05
esci,C2s3,9096,True,True,0,0,0.00010901689529418945
esci,C2s3,9695,False,True,0,0,9.447336196899414e-05
esci,C2s3,9776,False,True,0,0,0.00011098384857177734
esci,C2s3,9967,False,True,0,0,0.0001589059829711914
esci,C2s3,10312,False,True,0,0,0.0001685619354248047
esci,C2s3,10370,False,True,0,0,0.00015044212341308594
esci,C2s3,11509,False,False,0,0,1.1920928955078125e-07
esci,C2s3,11621,False,True,0,0,0.00011175870895385742
esci,C2s3,11875,False,True,0,0,0.00012600421905517578
esci,C2s3,11925,False,True,0,0,8.368492126464844e-05
esci,C2s3,12176,False,True,0,0,0.0001557469367980957
esci,C2s3,12432,False,True,0,0,0.00013309717178344727
esci,C2s3,12557,False,True,0,0,0.00010716915130615234
esci,C2s3,12664,False,True,0,0,0.00012886524200439453
esci,C2s3,12809,False,True,0,0,0.00012695789337158203
esci,C2s3,13089,False,True,0,0,0.00015288591384887695
esci,C2s3,13169,False,True,0,0,0.00014281272888183594
esci,C2s3,13471,False,True,0,0,8.416175842285156e-05
esci,C2s3,13639,False,True,0,0,0.00015401840209960938
esci,C2s3,13785,False,True,0,0,8.630752563476562e-05
esci,C2s3,13954,False,True,0,0,0.00011157989501953125
esci,C2s3,14346,False,True,0,0,0.00012993812561035156
esci,C2s3,14880,False,True,0,0,0.00013566017150878906
esci,C2s3,14882,False,False,0,0,1.7881393432617188e-07
esci,C2s3,15154,True,True,0,0,0.0001431107521057129
esci,C2s3,15164,False,True,0,0,0.00011342763900756836
esci,C2s3,15311,False,True,0,0,0.0001575946807861328
esci,C2s3,15647,False,False,0,0,1.7881393432617188e-07
esci,C2s3,15716,False,True,0,0,0.0001462101936340332
esci,C2s3,15777,False,False,0,0,7.200241088867188e-05
esci,C2s3,15807,False,True,0,0,0.00010102987289428711
esci,C2s3,16613,False,True,0,0,0.0002117753028869629
esci,C2s3,16684,False,True,0,0,0.0001323223114013672
esci,C2s3,17384,False,False,0,0,7.76052474975586e-05
esci,C2s3,17607,False,False,0,0,1.1920928955078125e-07
esci,C2s3,17689,False,True,0,0,0.00014495849609375
esci,C2s3,17742,False,True,0,0,0.0002065896987915039
esci,C2s3,18356,False,True,0,0,6.401538848876953e-05
esci,C2s3,18553,False,True,0,0,0.00016325712203979492
esci,C2s3,18679,False,True,0,0,9.065866470336914e-05
esci,C2s3,18682,False,True,0,0,0.00013935565948486328
esci,C2s3,18932,False,False,0,0,1.7881393432617188e-07
esci,C2s3,19053,False,True,0,0,0.00016236305236816406
esci,C2s3,19134,False,True,0,0,0.00011014938354492188
esci,C2s3,19268,False,True,0,0,0.0001627206802368164
esci,C2s3,19369,False,True,0,0,0.00012606382369995117
esci,C2s3,19372,False,False,0,0,0.00010180473327636719
esci,C2s3,19380,False,True,0,0,0.00013643503189086914
esci,C2s3,19619,False,True,0,0,0.00010824203491210938
esci,C2s3,19694,False,False,0,0,1.7881393432617188e-07
esci,C2s3,19953,False,True,0,0,0.00016516447067260742
esci,C2s3,20037,False,True,0,0,0.00017547607421875
esci,C2s3,20185,False,True,0,0,0.00012010335922241211
esci,C2s3,20307,False,True,0,0,0.00010663270950317383
esci,C2s3,20315,True,True,0,0,0.0001564621925354004
esci,C2s3,20385,False,True,0,0,0.00011461973190307617
esci,C2s3,20500,False,True,0,0,0.0001315474510192871
esci,C2s3,20523,False,True,0,0,9.226799011230469e-05
esci,C2s3,20788,False,True,0,0,7.718801498413086e-05
esci,C2s3,21481,False,False,0,0,1.7881393432617188e-07
esci,C2s3,21645,False,True,0,0,0.00010818243026733398
esci,C2s3,22173,False,True,0,0,0.00010436773300170898
esci,C2s3,22211,False,True,0,0,0.00018739700317382812
esci,C2s3,22441,False,True,0,0,0.00015914440155029297
esci,C2s3,22639,False,True,0,0,0.00010138750076293945
esci,C2s3,23148,False,True,0,0,0.00011396408081054688
esci,C2s3,23260,False,True,0,0,0.00016224384307861328
esci,C2s3,23744,False,True,0,0,0.0001334547996520996
esci,C2s3,24082,False,True,0,0,0.0001837611198425293
esci,C2s3,24402,False,True,0,0,0.0001779794692993164
esci,C2s3,24504,False,True,0,0,0.00011742115020751953
esci,C2s3,24668,False,True,0,0,0.00012969970703125
esci,C2s3,24697,False,True,0,0,7.617473602294922e-05
esci,C2s3,24831,False,True,0,0,9.298324584960938e-05
esci,C2s3,25132,False,True,0,0,9.912252426147461e-05
esci,C2s3,25426,False,True,0,0,0.0001728534698486328
esci,C2s3,25497,False,True,0,0,7.295608520507812e-05
esci,C2s3,25516,False,True,0,0,0.00012034177780151367
esci,C2s3,25591,False,False,0,0,0.00020176172256469727
esci,C2s3,26321,False,True,0,0,0.00011688470840454102
esci,C2s3,26642,False,True,0,0,0.00013512372970581055
esci,C2s3,26872,False,True,0,0,0.00010526180267333984
esci,C2s3,27927,False,True,0,0,0.00012993812561035156
esci,C2s3,28198,True,True,0,0,0.00012820959091186523
esci,C2s3,28637,False,True,0,0,9.167194366455078e-05
esci,C2s3,29049,False,True,0,0,0.00016516447067260742
esci,C2s3,29123,False,True,0,0,0.00013709068298339844
esci,C2s3,29488,False,True,0,0,0.00015670061111450195
esci,C2s3,29596,False,True,0,0,0.0001341700553894043
esci,C2s3,29729,False,True,0,0,0.00010317564010620117
esci,C2s3,29868,False,False,0,0,0.00013834238052368164
esci,C2s3,29928,False,False,0,0,0.00011777877807617188
esci,C2s3,29941,False,False,0,0,1.1920928955078125e-07
esci,C2s3,29945,False,True,0,0,0.0001462697982788086
esci,C2s3,29952,False,True,0,0,8.90493392944336e-05
esci,C2s3,30020,False,True,0,0,8.07642936706543e-05
esci,C2s3,30318,True,True,0,0,0.00015908479690551758
esci,C2s3,31573,False,False,0,0,0.00010895729064941406
esci,C2s3,31659,False,True,0,0,9.971857070922852e-05
esci,C2s3,31724,False,False,0,0,1.7881393432617188e-07
esci,C2s3,31889,False,True,0,0,0.00016123056411743164
esci,C2s3,32142,False,True,0,0,8.821487426757812e-05
esci,C2s3,32164,True,True,0,0,0.00014674663543701172
esci,C2s3,32311,False,True,0,0,0.00018462538719177246
esci,C2s3,32350,False,True,0,0,0.00014358758926391602
esci,C2s3,32351,False,True,0,0,8.761882781982422e-05
esci,C2s3,32430,False,True,0,0,7.420778274536133e-05
esci,C2s3,32612,False,True,0,0,0.0001418590545654297
esci,C2s3,32812,False,True,0,0,0.00010836124420166016
esci,C2s3,32917,True,True,0,0,8.726119995117188e-05
esci,C2s3,33004,False,True,0,0,0.00016349554061889648
esci,C2s3,33735,False,True,0,0,9.810924530029297e-05
esci,C2s3,34128,False,True,0,0,0.0001093149185180664
esci,C2s3,34229,False,True,0,0,0.00012922286987304688
esci,C2s3,34443,False,True,0,0,0.00012916326522827148
esci,C2s3,34775,False,True,0,0,0.0001443624496459961
esci,C2s3,34817,False,True,0,0,0.00013077259063720703
esci,C2s3,35117,False,True,0,0,0.00010317564010620117
esci,C2s3,35242,False,True,0,0,0.0001195669174194336
esci,C2s3,35755,False,True,0,0,0.00017458200454711914
esci,C2s3,36669,False,True,0,0,0.00011894106864929199
esci,C2s3,36678,False,True,0,0,0.00012791156768798828
esci,C2s3,36753,False,True,0,0,0.00011444091796875
esci,C2s3,36912,False,True,0,0,0.00013637542724609375
esci,C2s3,36960,False,True,0,0,0.00012481212615966797
esci,C2s3,37451,False,False,0,0,9.959936141967773e-05
esci,C2s3,37466,False,True,0,0,0.00011754035949707031
esci,C2s3,37498,False,True,0,0,0.0001233220100402832
esci,C2s3,37670,False,False,0,0,1.1920928955078125e-07
esci,C2s3,37789,False,True,0,0,9.28044319152832e-05
esci,C2s3,38679,False,True,0,0,0.00014096498489379883
esci,C2s3,39022,True,True,0,0,0.00010317564010620117
esci,C2s3,39107,False,True,0,0,9.483098983764648e-05
esci,C2s3,39157,False,True,0,0,0.00011688470840454102
esci,C2s3,39263,False,True,0,0,0.0001735687255859375
esci,C2s3,40165,False,True,0,0,0.00013744831085205078
esci,C2s3,40292,False,True,0,0,0.00011903047561645508
esci,C2s3,40356,False,True,0,0,0.00013148784637451172
esci,C2s3,40483,False,True,0,0,0.00012028217315673828
esci,C2s3,40528,False,True,0,0,0.00010991096496582031
esci,C2s3,40573,False,True,0,0,0.00017499923706054688
esci,C2s3,40615,False,True,0,0,0.0001417994499206543
esci,C2s3,40834,False,False,0,0,0.00010073184967041016
esci,C2s3,41423,False,True,0,0,0.0001965165138244629
esci,C2s3,41492,False,True,0,0,0.0001297593116760254
esci,C2s3,41502,False,True,0,0,9.083747863769531e-05
esci,C2s3,41795,False,True,0,0,6.985664367675781e-05
esci,C2s3,42118,False,True,0,0,0.00012624263763427734
esci,C2s3,42332,False,True,0,0,0.00013715028762817383
esci,C2s3,42405,False,True,0,0,0.00016516447067260742
esci,C2s3,42445,False,True,0,0,0.00012010335922241211
esci,C2s3,42964,False,True,0,0,0.00014990568161010742
esci,C2s3,42968,False,True,0,0,0.00013619661331176758
esci,C2s3,43579,False,False,0,0,0.00012362003326416016
esci,C2s3,43948,False,True,0,0,0.00016039609909057617
esci,C2s3,43961,False,True,0,0,0.00018423795700073242
esci,C2s3,43983,False,False,0,0,0.00013196468353271484
esci,C2s3,44424,False,True,0,0,8.219480514526367e-05
esci,C2s3,44706,False,True,0,0,0.00013679265975952148
esci,C2s3,44816,False,True,0,0,0.0001469254493713379
esci,C2s3,44845,False,True,0,0,0.00016766786575317383
esci,C2s3,44960,False,True,0,0,9.769201278686523e-05
esci,C2s3,45294,False,True,0,0,8.243322372436523e-05
esci,C2s3,45464,False,True,0,0,0.00012761354446411133
esci,C2s3,45588,False,True,0,0,0.00024193525314331055
esci,C2s3,45713,False,True,0,0,0.00014078617095947266
esci,C2s3,45745,False,True,0,0,0.00011032819747924805
esci,C2s3,45843,False,True,0,0,9.03010368347168e-05
esci,C2s3,45928,False,True,0,0,0.00016063451766967773
esci,C2s3,45990,False,True,0,0,0.00012028217315673828
esci,C2s3,46008,False,True,0,0,0.00010102987289428711
esci,C2s3,46089,False,True,0,0,9.423494338989258e-05
esci,C2s3,46097,False,True,0,0,0.00013208389282226562
esci,C2s3,46149,True,True,0,0,0.00013267993927001953
esci,C2s3,46177,False,True,0,0,0.0001868605613708496
esci,C2s3,46471,False,True,0,0,0.0001423358917236328
esci,C2s3,46910,False,True,0,0,0.00011348724365234375
esci,C2s3,47106,False,True,0,0,0.00013142824172973633
esci,C2s3,47213,False,True,0,0,0.00018268823623657227
esci,C2s3,47217,False,True,0,0,0.00016003847122192383
esci,C2s3,47526,False,True,0,0,0.00010228157043457031
esci,C2s3,47631,False,True,0,0,0.00011104345321655273
esci,C2s3,47857,False,True,0,0,0.00010269880294799805
esci,C2s3,47892,False,True,0,0,0.00016069412231445312
esci,C2s3,48397,False,True,0,0,0.00014603137969970703
esci,C2s3,48914,False,True,0,0,0.0001245737075805664
esci,C2s3,48929,False,True,0,0,0.00010603666305541992
esci,C2s3,49077,False,True,0,0,8.893013000488281e-05
esci,C2s3,49201,False,True,0,0,9.21487808227539e-05
esci,C2s3,49481,False,True,0,0,0.00014454126358032227
esci,C2s3,49972,False,True,0,0,0.00010520219802856445
esci,C2s3,50118,False,True,0,0,0.00021696090698242188
esci,C2s3,50311,False,True,0,0,0.0001035928726196289
esci,C2s3,50356,True,True,0,0,7.528066635131836e-05
esci,C2s3,50494,False,True,0,0,8.767843246459961e-05
esci,C2s3,51056,False,True,0,0,0.00010102987289428711
esci,C2s3,51227,False,True,0,0,9.143352508544922e-05
esci,C2s3,51454,False,True,0,0,0.0001398324966430664
esci,C2s3,52230,False,True,0,0,0.00011134147644042969
esci,C2s3,52255,False,False,0,0,0.00011271238327026367
esci,C2s3,52348,False,True,0,0,0.00012761354446411133
esci,C2s3,52482,True,True,0,0,1.7881393432617188e-07
esci,C2s3,52830,True,True,0,0,0.00016611814498901367
esci,C2s3,53042,False,False,0,0,1.7881393432617188e-07
esci,C2s3,53114,False,True,0,0,0.00013715028762817383
esci,C2s3,53284,False,True,0,0,0.00015556812286376953
esci,C2s3,53328,False,True,0,0,0.00016832351684570312
esci,C2s3,53451,False,True,0,0,1.7881393432617188e-07
esci,C2s3,54039,False,False,0,0,1.7881393432617188e-07
esci,C2s3,54044,False,False,0,0,0.00014764070510864258
esci,C2s3,54558,False,True,0,0,0.00011616945266723633
esci,C2s3,54634,False,False,0,0,1.1920928955078125e-07
esci,C2s3,54889,False,True,0,0,0.0001863241195678711
esci,C2s3,55280,False,False,0,0,1.7881393432617188e-07
esci,C2s3,55365,False,True,0,0,0.00010734796524047852
esci,C2s3,55531,False,False,0,0,0.00012546777725219727
esci,C2s3,55677,False,True,0,0,0.0001246929168701172
esci,C2s3,56281,False,True,0,0,0.00012934207916259766
esci,C2s3,56758,False,True,0,0,0.0001952648162841797
esci,C2s3,57100,False,True,0,0,0.00010830163955688477
esci,C2s3,57276,False,True,0,0,0.00012761354446411133
esci,C2s3,57921,False,False,0,0,0.00012308359146118164
esci,C2s3,58044,False,True,0,0,8.14199447631836e-05
esci,C2s3,58233,False,False,0,0,1.1920928955078125e-07
esci,C2s3,58514,False,True,0,0,0.00010818243026733398
esci,C2s3,58597,False,True,0,0,0.00012743473052978516
esci,C2s3,59963,True,True,0,0,0.00014483928680419922
esci,C2s3,60628,False,False,0,0,2.384185791015625e-07
esci,C2s3,61329,False,True,0,0,0.0001468062400817871
esci,C2s3,61522,False,True,0,0,0.0001671314239501953
esci,C2s3,61574,False,False,0,0,1.1920928955078125e-07
esci,C2s3,61598,False,False,0,0,1.1920928955078125e-07
esci,C2s3,61723,False,True,0,0,9.334087371826172e-05
esci,C2s3,61798,False,True,0,0,0.00015091896057128906
esci,C2s3,61830,False,False,0,0,1.1920928955078125e-07
esci,C2s3,61961,False,True,0,0,0.00012385845184326172
esci,C2s3,62478,False,True,0,0,0.00012373924255371094
esci,C2s3,62513,False,False,0,0,2.384185791015625e-07
esci,C2s3,62558,False,True,0,0,7.486343383789062e-05
esci,C2s3,62858,False,True,0,0,0.00013500452041625977
esci,C2s3,62937,True,True,0,0,0.00011640787124633789
esci,C2s3,62954,False,True,0,0,0.0001239776611328125
esci,C2s3,63291,False,False,0,0,1.7881393432617188e-07
esci,C2s3,63701,False,False,0,0,1.7881393432617188e-07
esci,C2s3,63917,False,True,0,0,0.00012052059173583984
esci,C2s3,63927,False,True,0,0,9.119510650634766e-05
esci,C2s3,64191,True,True,0,0,0.00017547607421875
esci,C2s3,64212,False,True,0,0,0.00010961294174194336
esci,C2s3,64296,False,True,0,0,8.797645568847656e-05
esci,C2s3,64880,False,False,0,0,2.384185791015625e-07
esci,C2s3,65197,False,True,0,0,9.715557098388672e-05
esci,C2s3,65347,False,True,0,0,0.00018408894538879395
esci,C2s3,65397,False,True,0,0,0.00012981891632080078
esci,C2s3,65683,False,True,0,0,0.00010788440704345703
esci,C2s3,65798,False,True,0,0,9.822845458984375e-05
esci,C2s3,66004,False,True,0,0,0.00012415647506713867
esci,C2s3,66062,False,True,0,0,0.00020962953567504883
esci,C2s3,66396,False,True,0,0,8.690357208251953e-05
esci,C2s3,66421,False,True,0,0,0.0001481771469116211
esci,C2s3,66476,False,True,0,0,0.00012236833572387695
esci,C2s3,66494,False,True,0,0,0.00012373924255371094
esci,C2s3,67075,False,True,0,0,8.666515350341797e-05
esci,C2s3,67189,False,True,0,0,0.00015032291412353516
esci,C2s3,67570,False,False,0,0,0.0
esci,C2s3,67637,False,False,0,0,1.7881393432617188e-07
esci,C2s3,67712,False,False,0,0,1.7881393432617188e-07
esci,C2s3,67844,False,True,0,0,8.702278137207031e-05
esci,C2s3,67894,False,True,0,0,8.445978164672852e-05
esci,C2s3,68340,False,True,0,0,0.00010961294174194336
esci,C2s3,68572,False,True,0,0,0.00012129545211791992
esci,C2s3,69025,False,True,0,0,0.00019299983978271484
esci,C2s3,69269,False,False,0,0,1.7881393432617188e-07
esci,C2s3,69657,False,True,0,0,7.957220077514648e-05
esci,C2s3,69695,False,True,0,0,0.00012946128845214844
esci,C2s3,69739,False,True,0,0,0.00012040138244628906
esci,C2s3,70263,True,True,0,0,0.00021219253540039062
esci,C2s3,70625,False,True,0,0,8.96453857421875e-05
esci,C2s3,70787,False,True,0,0,0.00013822317123413086
esci,C2s3,71186,False,True,0,0,0.00013208389282226562
esci,C2s3,71356,False,True,0,0,0.00013428926467895508
esci,C2s3,71655,False,True,0,0,0.0001481175422668457
esci,C2s3,71902,False,True,0,0,0.00016021728515625
esci,C2s3,72088,False,True,0,0,0.00011992454528808594
esci,C2s3,72127,False,True,0,0,0.00015789270401000977
esci,C2s3,72915,False,False,0,0,1.7881393432617188e-07
esci,C2s3,73215,False,True,0,0,0.00013518333435058594
esci,C2s3,73282,False,True,0,0,0.00011408329010009766
esci,C2s3,73400,False,True,0,0,0.00014263391494750977
esci,C2s3,73401,False,True,0,0,0.00014537572860717773
esci,C2s3,73522,False,True,0,0,0.00010788440704345703
esci,C2s3,73746,False,True,0,0,0.00010532140731811523
esci,C2s3,73944,True,True,0,0,0.0001246333122253418
esci,C2s3,74270,False,True,0,0,0.0001291036605834961
esci,C2s3,74336,False,True,0,0,9.834766387939453e-05
esci,C2s3,74620,False,True,0,0,0.00011616945266723633
esci,C2s3,74628,False,False,0,0,0.00011402368545532227
esci,C2s3,74654,False,True,0,0,0.00010591745376586914
esci,C2s3,74782,False,True,0,0,6.35385513305664e-05
esci,C2s3,75417,False,True,0,0,0.00010859966278076172
esci,C2s3,75512,False,False,0,0,9.435415267944336e-05
esci,C2s3,75831,False,True,0,0,0.00018596649169921875
esci,C2s3,75925,False,True,0,0,0.00011754035949707031
esci,C2s3,76144,False,True,0,0,7.003545761108398e-05
esci,C2s3,76820,False,True,0,0,0.00016921758651733398
esci,C2s3,76904,False,True,0,0,0.00010210275650024414
esci,C2s3,76950,False,False,0,0,1.7881393432617188e-07
esci,C2s3,76969,False,True,0,0,0.00012230873107910156
esci,C2s3,77343,False,False,0,0,8.356571197509766e-05
esci,C2s3,78347,False,True,0,0,8.237361907958984e-05
esci,C2s3,79143,True,True,0,0,0.00010150671005249023
esci,C2s3,79505,True,True,0,0,8.32676887512207e-05
esci,C2s3,80305,False,True,0,0,8.0108642578125e-05
esci,C2s3,80453,True,True,0,0,0.0001304149627685547
esci,C2s3,80880,False,True,0,0,0.00012552738189697266
esci,C2s3,81029,False,True,0,0,7.104873657226562e-05
esci,C2s3,81301,False,True,0,0,0.00015342235565185547
esci,C2s3,81478,False,True,0,0,0.00011235475540161133
esci,C2s3,81547,False,True,0,0,9.191036224365234e-05
esci,C2s3,82738,False,True,0,0,0.00019627809524536133
esci,C2s3,82799,False,False,0,0,6.175041198730469e-05
esci,C2s3,82836,False,True,0,0,0.00011068582534790039
esci,C2s3,82977,False,True,0,0,0.00011241436004638672
esci,C2s3,83182,False,True,0,0,8.58306884765625e-05
esci,C2s3,83573,False,True,0,0,0.00012856721878051758
esci,C2s3,83860,False,True,0,0,0.0001398921012878418
esci,C2s3,84011,False,True,0,0,0.00012004375457763672
esci,C2s3,84333,False,True,0,0,0.0001188516616821289
esci,C2s3,84543,False,True,0,0,9.274482727050781e-05
esci,C2s3,84692,False,True,0,0,0.00012958049774169922
esci,C2s3,84752,True,True,0,0,0.00015091896057128906
esci,C2s3,84990,True,True,0,0,0.00012344121932983398
esci,C2s3,85202,False,True,0,0,0.00014480948448181152
esci,C2s3,85743,False,True,0,0,0.00012171268463134766
esci,C2s3,85956,False,True,0,0,0.00013393163681030273
esci,C2s3,87048,False,True,0,0,0.0001919269561767578
esci,C2s3,87098,False,True,0,0,0.0001016855239868164
esci,C2s3,87123,False,True,0,0,0.00012421607971191406
esci,C2s3,87931,False,True,0,0,0.0001990199089050293
esci,C2s3,88180,False,False,0,0,1.1920928955078125e-07
esci,C2s3,88972,False,True,0,0,0.00014966726303100586
esci,C2s3,89016,False,True,0,0,0.0001329183578491211
esci,C2s3,89094,False,True,0,0,0.0001361370086669922
esci,C2s3,89443,True,True,0,0,0.00015547871589660645
esci,C2s3,90070,False,False,0,0,1.1920928955078125e-07
esci,C2s3,90523,False,True,0,0,0.00013446807861328125
esci,C2s3,90653,False,True,0,0,0.00011533498764038086
esci,C2s3,90835,False,True,0,0,9.804964065551758e-05
esci,C2s3,90983,False,True,0,0,9.196996688842773e-05
esci,C2s3,91113,False,True,0,0,0.00010967254638671875
esci,C2s3,91245,False,True,0,0,0.00015407800674438477
esci,C2s3,91267,False,True,0,0,0.0001271367073059082
esci,C2s3,91452,False,True,0,0,0.00012826919555664062
esci,C2s3,91498,False,True,0,0,0.00012153387069702148
esci,C2s3,91539,False,True,0,0,0.00017023086547851562
esci,C2s3,91847,False,True,0,0,0.00011283159255981445
esci,C2s3,92217,False,True,0,0,0.00010073184967041016
esci,C2s3,92320,False,True,0,0,0.00013372302055358887
esci,C2s3,92627,False,True,0,0,7.62939453125e-05
esci,C2s3,92663,False,True,0,0,0.00012451410293579102
esci,C2s3,92720,False,True,0,0,0.00011461973190307617
esci,C2s3,92810,False,False,0,0,1.7881393432617188e-07
esci,C2s3,92928,False,True,0,0,8.33272933959961e-05
esci,C2s3,93169,False,False,0,0,1.1920928955078125e-07
esci,C2s3,93559,False,True,0,0,9.02414321899414e-05
esci,C2s3,93654,False,True,0,0,0.0001609325408935547
esci,C2s3,93758,False,True,0,0,0.00016248226165771484
esci,C2s3,94456,False,True,0,0,0.00011742115020751953
esci,C2s3,94846,False,True,0,0,8.738040924072266e-05
esci,C2s3,94878,False,True,0,0,7.390975952148438e-05
esci,C2s3,94932,False,True,0,0,0.00011652708053588867
esci,C2s3,95116,False,True,0,0,0.00011551380157470703
esci,C2s3,95136,False,False,0,0,1.7881393432617188e-07
esci,C2s3,95453,False,True,0,0,0.00017058849334716797
esci,C2s3,95494,False,True,0,0,0.00010830163955688477
esci,C2s3,95886,False,True,0,0,0.00020545721054077148
esci,C2s3,95917,False,True,0,0,0.00010269880294799805
esci,C2s3,96045,False,True,0,0,0.00012934207916259766
esci,C2s3,96401,True,True,0,0,0.00010794401168823242
esci,C2s3,96535,False,False,0,0,2.384185791015625e-07
esci,C2s3,96819,False,True,0,0,7.808208465576172e-05
esci,C2s3,98201,False,True,0,0,0.00027114152908325195
esci,C2s3,98425,False,True,0,0,0.00012177228927612305
esci,C2s3,98526,False,True,0,0,0.00011140108108520508
esci,C2s3,99391,False,True,0,0,0.00010216236114501953
esci,C2s3,99846,False,True,0,0,8.273124694824219e-05
esci,C2s3,100084,False,True,0,0,0.0001601576805114746
esci,C2s3,100330,False,True,0,0,0.00010699033737182617
esci,C2s3,100469,False,False,0,0,1.7881393432617188e-07
esci,C2s3,100474,False,True,0,0,0.00010466575622558594
esci,C2s3,100637,False,True,0,0,0.00010102987289428711
esci,C2s3,100807,False,True,0,0,0.00016075372695922852
esci,C2s3,101683,False,True,0,0,6.175041198730469e-05
esci,C2s3,101841,False,True,0,0,0.000118255615234375
esci,C2s3,102215,False,True,0,0,0.00012865662574768066
esci,C2s3,102308,False,True,0,0,0.00013059377670288086
esci,C2s3,102732,False,True,0,0,7.414817810058594e-05
esci,C2s3,102895,False,True,0,0,0.00015920400619506836
esci,C2s3,102991,False,True,0,0,0.00012034177780151367
esci,C2s3,103099,True,True,0,0,0.00016742944717407227
esci,C2s3,103248,False,True,0,0,0.00010532140731811523
esci,C2s3,103500,False,True,0,0,0.00014197826385498047
esci,C2s3,103612,False,True,0,0,0.0001342296600341797
esci,C2s3,103705,False,True,0,0,0.0001289844512939453
esci,C2s3,104116,False,True,0,0,9.018182754516602e-05
esci,C2s3,104212,False,True,0,0,0.00012201070785522461
esci,C2s3,104375,False,True,0,0,0.00013828277587890625
esci,C2s3,104485,True,True,0,0,0.0002797245979309082
esci,C2s3,104556,False,False,0,0,9.02414321899414e-05
esci,C2s3,104929,False,True,0,0,0.00015276670455932617
esci,C2s3,105336,False,True,0,0,0.0001341104507446289
esci,C2s3,105354,False,True,0,0,0.00016444921493530273
esci,C2s3,106080,False,True,0,0,0.00012814998626708984
esci,C2s3,106387,False,True,0,0,8.291006088256836e-05
esci,C2s3,106839,False,True,0,0,0.00013679265975952148
esci,C2s3,107789,False,True,0,0,0.0001335740089416504
esci,C2s3,107880,False,True,0,0,9.912252426147461e-05
esci,C2s3,107900,False,True,0,0,0.0002116560935974121
esci,C2s3,108093,False,True,0,0,0.00011777877807617188
esci,C2s3,108571,False,True,0,0,0.0001666545867919922
esci,C2s3,108769,False,True,0,0,6.765127182006836e-05
esci,C2s3,108964,False,True,0,0,0.0001666545867919922
esci,C2s3,109159,False,True,0,0,0.00010818243026733398
esci,C2s3,109658,False,True,0,0,0.0002086162567138672
esci,C2s3,110355,True,True,0,0,0.0001455545425415039
esci,C2s3,110443,True,True,0,0,0.0001526474952697754
esci,C2s3,110695,False,True,0,0,0.00016021728515625
esci,C2s3,110785,False,False,0,0,0.00017005205154418945
esci,C2s3,110848,False,True,0,0,0.00011554360389709473
esci,C2s3,110909,False,False,0,0,1.1920928955078125e-07
esci,C2s3,111397,False,False,0,0,1.1920928955078125e-07
esci,C2s3,111447,False,True,0,0,0.0001322627067565918
esci,C2s3,111629,False,True,0,0,0.00017970800399780273
esci,C2s3,111828,False,True,0,0,0.00010275840759277344
esci,C2s3,111876,False,True,0,0,9.053945541381836e-05
esci,C2s3,111913,False,False,0,0,1.7881393432617188e-07
esci,C2s3,111950,False,False,0,0,1.7881393432617188e-07
esci,C2s3,112070,False,False,0,0,1.7881393432617188e-07
esci,C2s3,112116,True,True,0,0,7.37309455871582e-05
esci,C2s3,112141,False,False,0,0,1.7881393432617188e-07
esci,C2s3,112578,False,True,0,0,0.00011116266250610352
esci,C2s3,112716,False,False,0,0,1.7881393432617188e-07
esci,C2s3,113321,False,False,0,0,1.7881393432617188e-07
esci,C2s3,113679,False,True,0,0,8.767843246459961e-05
esci,C2s3,114588,False,True,0,0,0.00012350082397460938
esci,C2s3,114599,True,True,0,0,0.00012540817260742188
esci,C2s3,114650,False,True,0,0,0.0001208186149597168
esci,C2s3,114793,False,True,0,0,0.0001404881477355957
esci,C2s3,114905,True,True,0,0,0.00010478496551513672
esci,C2s3,114954,False,True,0,0,0.00012177228927612305
esci,C2s3,115094,True,True,0,0,0.00026100873947143555
esci,C2s3,115539,False,False,0,0,1.7881393432617188e-07
esci,C2s4,165,False,True,0,0,1.7881393432617188e-07
esci,C2s4,433,False,False,0,0,1.7881393432617188e-07
esci,C2s4,500,False,False,0,0,1.7881393432617188e-07
esci,C2s4,541,False,True,0,0,0.00013190507888793945
esci,C2s4,598,False,False,0,0,2.384185791015625e-07
esci,C2s4,600,False,False,0,0,1.7881393432617188e-07
esci,C2s4,602,False,False,0,0,1.7881393432617188e-07
esci,C2s4,622,False,True,0,0,0.0001563429832458496
esci,C2s4,637,True,True,0,0,0.00016570091247558594
esci,C2s4,861,False,True,0,0,0.00011646747589111328
esci,C2s4,933,False,False,0,0,1.7881393432617188e-07
esci,C2s4,978,False,False,0,0,1.7881393432617188e-07
esci,C2s4,1210,False,False,0,0,1.7881393432617188e-07
esci,C2s4,1293,False,True,0,0,0.0001189112663269043
esci,C2s4,1310,False,True,0,0,0.0001245737075805664
esci,C2s4,1458,False,True,0,0,0.00011897087097167969
esci,C2s4,1476,False,False,0,0,1.7881393432617188e-07
esci,C2s4,1530,False,True,0,0,0.00011241436004638672
esci,C2s4,1659,False,True,0,0,0.00012689828872680664
esci,C2s4,1816,False,True,0,0,0.0001049041748046875
esci,C2s4,2286,True,True,0,0,9.47117805480957e-05
esci,C2s4,2390,False,False,0,0,1.1920928955078125e-07
esci,C2s4,2692,False,False,0,0,1.7881393432617188e-07
esci,C2s4,2855,False,True,0,0,0.0001157522201538086
esci,C2s4,3012,False,False,0,0,1.7881393432617188e-07
esci,C2s4,3492,False,True,0,0,0.0001767873764038086
esci,C2s4,3494,False,False,0,0,0.00012576580047607422
esci,C2s4,3986,True,True,0,0,0.00016945600509643555
esci,C2s4,4299,False,True,0,0,0.00012969970703125
esci,C2s4,4321,False,True,0,0,0.0002079010009765625
esci,C2s4,4860,False,True,0,0,0.0001621842384338379
esci,C2s4,4956,True,True,0,0,0.00017917156219482422
esci,C2s4,5079,False,False,0,0,1.7881393432617188e-07
esci,C2s4,5094,False,False,0,0,1.1920928955078125e-07
esci,C2s4,5419,False,False,0,0,2.980232238769531e-07
esci,C2s4,5787,False,True,0,0,1.7881393432617188e-07
esci,C2s4,5921,False,True,0,0,0.00015228986740112305
esci,C2s4,6138,False,False,0,0,1.1920928955078125e-07
esci,C2s4,6685,False,True,0,0,6.949901580810547e-05
esci,C2s4,7034,False,False,0,0,1.7881393432617188e-07
esci,C2s4,7126,False,True,0,0,0.00015807151794433594
esci,C2s4,7303,False,False,0,0,1.7881393432617188e-07
esci,C2s4,7340,False,False,0,0,1.7881393432617188e-07
esci,C2s4,7545,False,True,0,0,0.0001876354217529297
esci,C2s4,7581,False,False,0,0,1.7881393432617188e-07
esci,C2s4,8063,False,True,0,0,7.295608520507812e-05
esci,C2s4,8519,False,False,0,0,1.7881393432617188e-07
esci,C2s4,8605,False,True,0,0,8.118152618408203e-05
esci,C2s4,8740,False,False,0,0,8.690357208251953e-05
esci,C2s4,9096,False,True,0,0,0.00010901689529418945
esci,C2s4,9695,False,True,0,0,9.268522262573242e-05
esci,C2s4,9776,False,True,0,0,0.00010907649993896484
esci,C2s4,9967,True,True,0,0,0.0001577138900756836
esci,C2s4,10312,False,True,0,0,0.00017213821411132812
esci,C2s4,10370,False,True,0,0,0.00015044212341308594
esci,C2s4,11509,False,False,0,0,1.1920928955078125e-07
esci,C2s4,11621,False,True,0,0,0.00011175870895385742
esci,C2s4,11875,False,True,0,0,0.00012761354446411133
esci,C2s4,11925,False,True,0,0,8.034706115722656e-05
esci,C2s4,12176,False,True,0,0,0.0001557469367980957
esci,C2s4,12432,False,True,0,0,0.00013560056686401367
esci,C2s4,12557,False,True,0,0,0.00010716915130615234
esci,C2s4,12664,False,True,0,0,0.0001119375228881836
esci,C2s4,12809,False,True,0,0,0.00012695789337158203
esci,C2s4,13089,False,True,0,0,0.00015914440155029297
esci,C2s4,13169,False,True,0,0,0.00014251470565795898
esci,C2s4,13471,False,True,0,0,8.302927017211914e-05
esci,C2s4,13639,False,True,0,0,0.00015401840209960938
esci,C2s4,13785,False,True,0,0,8.64267349243164e-05
esci,C2s4,13954,False,True,0,0,0.00011140108108520508
esci,C2s4,14346,False,True,0,0,0.00013512372970581055
esci,C2s4,14880,True,True,0,0,0.00013566017150878906
esci,C2s4,14882,False,False,0,0,1.7881393432617188e-07
esci,C2s4,15154,False,True,0,0,0.0001431107521057129
esci,C2s4,15164,False,True,0,0,0.00011342763900756836
esci,C2s4,15311,False,True,0,0,0.0001575946807861328
esci,C2s4,15647,False,False,0,0,1.7881393432617188e-07
esci,C2s4,15716,False,True,0,0,0.0001462101936340332
esci,C2s4,15777,False,True,0,0,6.908178329467773e-05
esci,C2s4,15807,True,True,0,0,0.00010216236114501953
esci,C2s4,16613,False,True,0,0,0.00021398067474365234
esci,C2s4,16684,False,True,0,0,0.0001323223114013672
esci,C2s4,17384,False,True,0,0,7.593631744384766e-05
esci,C2s4,17607,False,False,0,0,1.1920928955078125e-07
esci,C2s4,17689,False,True,0,0,0.00014495849609375
esci,C2s4,17742,False,True,0,0,0.00020456314086914062
esci,C2s4,18356,False,True,0,0,6.401538848876953e-05
esci,C2s4,18553,False,True,0,0,0.00016325712203979492
esci,C2s4,18679,False,True,0,0,8.916854858398438e-05
esci,C2s4,18682,False,True,0,0,0.0001399517059326172
esci,C2s4,18932,False,False,0,0,1.7881393432617188e-07
esci,C2s4,19053,False,True,0,0,0.0001690983772277832
esci,C2s4,19134,False,True,0,0,0.00011014938354492188
esci,C2s4,19268,False,True,0,0,0.0001627206802368164
esci,C2s4,19369,False,True,0,0,0.00012701749801635742
esci,C2s4,19372,False,True,0,0,9.97781753540039e-05
esci,C2s4,19380,True,True,0,0,0.00013643503189086914
esci,C2s4,19619,False,True,0,0,0.00010824203491210938
esci,C2s4,19694,False,False,0,0,1.7881393432617188e-07
esci,C2s4,19953,False,True,0,0,0.00016945600509643555
esci,C2s4,20037,False,True,0,0,0.00018227100372314453
esci,C2s4,20185,False,True,0,0,0.00012010335922241211
esci,C2s4,20307,False,True,0,0,0.00010722875595092773
esci,C2s4,20315,False,True,0,0,0.00015473365783691406
esci,C2s4,20385,True,True,0,0,0.00011461973190307617
esci,C2s4,20500,True,True,0,0,0.0001315474510192871
esci,C2s4,20523,False,True,0,0,9.03010368347168e-05
esci,C2s4,20788,False,True,0,0,7.718801498413086e-05
esci,C2s4,21481,False,False,0,0,2.384185791015625e-07
esci,C2s4,21645,False,False,0,0,0.00010186433792114258
esci,C2s4,22173,False,True,0,0,0.00010436773300170898
esci,C2s4,22211,False,True,0,0,0.00018739700317382812
esci,C2s4,22441,False,True,0,0,0.00016075372695922852
esci,C2s4,22639,False,True,0,0,0.00010138750076293945
esci,C2s4,23148,False,True,0,0,0.00011396408081054688
esci,C2s4,23260,False,True,0,0,0.00016224384307861328
esci,C2s4,23744,False,True,0,0,0.0001385211944580078
esci,C2s4,24082,False,True,0,0,0.00018393993377685547
esci,C2s4,24402,False,True,0,0,0.0001747608184814453
esci,C2s4,24504,False,True,0,0,0.00011962652206420898
esci,C2s4,24668,False,True,0,0,0.00012969970703125
esci,C2s4,24697,False,True,0,0,7.587671279907227e-05
esci,C2s4,24831,False,True,0,0,9.340047836303711e-05
esci,C2s4,25132,False,True,0,0,0.00010156631469726562
esci,C2s4,25426,True,True,0,0,0.0001728534698486328
esci,C2s4,25497,False,True,0,0,7.110834121704102e-05
esci,C2s4,25516,False,True,0,0,0.00012034177780151367
esci,C2s4,25591,False,False,0,0,0.00020176172256469727
esci,C2s4,26321,True,True,0,0,0.00011640787124633789
esci,C2s4,26642,True,True,0,0,0.00013208389282226562
esci,C2s4,26872,False,True,0,0,0.00010526180267333984
esci,C2s4,27927,False,True,0,0,0.00012922286987304688
esci,C2s4,28198,False,True,0,0,0.00012820959091186523
esci,C2s4,28637,False,True,0,0,9.85264778137207e-05
esci,C2s4,29049,False,True,0,0,0.00016254186630249023
esci,C2s4,29123,True,True,0,0,0.00013756752014160156
esci,C2s4,29488,False,True,0,0,0.0001558065414428711
esci,C2s4,29596,False,True,0,0,0.00013071298599243164
esci,C2s4,29729,False,True,0,0,0.00011050701141357422
esci,C2s4,29868,False,True,0,0,0.00013834238052368164
esci,C2s4,29928,False,True,0,0,0.0001233220100402832
esci,C2s4,29941,False,False,0,0,1.1920928955078125e-07
esci,C2s4,29945,False,True,0,0,0.0001462697982788086
esci,C2s4,29952,False,True,0,0,9.328126907348633e-05
esci,C2s4,30020,False,True,0,0,8.07642936706543e-05
esci,C2s4,30318,False,True,0,0,0.00015944242477416992
esci,C2s4,31573,False,True,0,0,0.0001170039176940918
esci,C2s4,31659,False,True,0,0,0.00010162591934204102
esci,C2s4,31724,False,False,0,0,1.7881393432617188e-07
esci,C2s4,31889,True,True,0,0,0.00016057491302490234
esci,C2s4,32142,False,True,0,0,8.821487426757812e-05
esci,C2s4,32164,False,True,0,0,0.00013786554336547852
esci,C2s4,32311,False,True,0,0,0.00018462538719177246
esci,C2s4,32350,False,True,0,0,0.0001443624496459961
esci,C2s4,32351,False,True,0,0,8.761882781982422e-05
esci,C2s4,32430,False,True,0,0,7.432699203491211e-05
esci,C2s4,32612,False,True,0,0,0.0001417398452758789
esci,C2s4,32812,False,True,0,0,0.00010836124420166016
esci,C2s4,32917,False,False,0,0,9.012222290039062e-05
esci,C2s4,33004,False,True,0,0,0.00016349554061889648
esci,C2s4,33735,True,True,0,0,9.810924530029297e-05
esci,C2s4,34128,False,True,0,0,0.0001093149185180664
esci,C2s4,34229,False,True,0,0,0.00012928247451782227
esci,C2s4,34443,False,True,0,0,0.00012916326522827148
esci,C2s4,34775,False,True,0,0,0.0001443624496459961
esci,C2s4,34817,False,True,0,0,0.00011718273162841797
esci,C2s4,35117,False,True,0,0,0.00010317564010620117
esci,C2s4,35242,False,True,0,0,0.0001195669174194336
esci,C2s4,35755,False,True,0,0,0.00017458200454711914
esci,C2s4,36669,False,True,0,0,0.00011894106864929199
esci,C2s4,36678,False,True,0,0,0.00012820959091186523
esci,C2s4,36753,True,True,0,0,0.00011110305786132812
esci,C2s4,36912,False,True,0,0,0.00013637542724609375
esci,C2s4,36960,False,False,0,0,0.0001208186149597168
esci,C2s4,37451,False,True,0,0,9.697675704956055e-05
esci,C2s4,37466,False,True,0,0,0.00011754035949707031
esci,C2s4,37498,False,True,0,0,0.0001233220100402832
esci,C2s4,37670,False,False,0,0,1.1920928955078125e-07
esci,C2s4,37789,False,True,0,0,9.167194366455078e-05
esci,C2s4,38679,False,True,0,0,0.0001335740089416504
esci,C2s4,39022,False,True,0,0,0.00010317564010620117
esci,C2s4,39107,False,True,0,0,9.483098983764648e-05
esci,C2s4,39157,False,True,0,0,0.0001195073127746582
esci,C2s4,39263,False,True,0,0,0.00020325183868408203
esci,C2s4,40165,False,True,0,0,0.0001468658447265625
esci,C2s4,40292,False,True,0,0,0.00012129545211791992
esci,C2s4,40356,False,True,0,0,0.00013148784637451172
esci,C2s4,40483,False,True,0,0,0.00013190507888793945
esci,C2s4,40528,False,True,0,0,0.00010991096496582031
esci,C2s4,40573,False,True,0,0,0.00017571449279785156
esci,C2s4,40615,False,True,0,0,0.0001399517059326172
esci,C2s4,40834,False,True,0,0,0.00010073184967041016
esci,C2s4,41423,False,True,0,0,0.00020372867584228516
esci,C2s4,41492,True,True,0,0,0.0001308917999267578
esci,C2s4,41502,False,True,0,0,9.047985076904297e-05
esci,C2s4,41795,False,True,0,0,6.92605972290039e-05
esci,C2s4,42118,True,True,0,0,0.0001240372657775879
esci,C2s4,42332,False,True,0,0,0.00013715028762817383
esci,C2s4,42405,False,True,0,0,0.00016224384307861328
esci,C2s4,42445,False,True,0,0,0.0001207590103149414
esci,C2s4,42964,False,True,0,0,0.00014787912368774414
esci,C2s4,42968,False,True,0,0,0.00013619661331176758
esci,C2s4,43579,False,True,0,0,0.00012362003326416016
esci,C2s4,43948,False,True,0,0,0.00016039609909057617
esci,C2s4,43961,False,True,0,0,0.00018423795700073242
esci,C2s4,43983,False,True,0,0,0.00013196468353271484
esci,C2s4,44424,False,True,0,0,7.897615432739258e-05
esci,C2s4,44706,False,True,0,0,0.00013679265975952148
esci,C2s4,44816,True,True,0,0,0.0001469254493713379
esci,C2s4,44845,False,True,0,0,0.00016766786575317383
esci,C2s4,44960,False,True,0,0,9.72747802734375e-05
esci,C2s4,45294,False,True,0,0,8.243322372436523e-05
esci,C2s4,45464,False,True,0,0,0.00012552738189697266
esci,C2s4,45588,False,True,0,0,0.00024193525314331055
esci,C2s4,45713,False,True,0,0,0.00011020898818969727
esci,C2s4,45745,False,True,0,0,0.0001049041748046875
esci,C2s4,45843,False,True,0,0,9.047985076904297e-05
esci,C2s4,45928,False,True,0,0,0.00015234947204589844
esci,C2s4,45990,False,True,0,0,0.00012069940567016602
esci,C2s4,46008,False,True,0,0,0.00010102987289428711
esci,C2s4,46089,False,True,0,0,8.147954940795898e-05
esci,C2s4,46097,False,True,0,0,0.0001367330551147461
esci,C2s4,46149,False,True,0,0,0.00013267993927001953
esci,C2s4,46177,False,True,0,0,0.0001894831657409668
esci,C2s4,46471,False,True,0,0,0.0001354813575744629
esci,C2s4,46910,False,True,0,0,0.00011807680130004883
esci,C2s4,47106,False,True,0,0,0.00013142824172973633
esci,C2s4,47213,False,True,0,0,0.00018215179443359375
esci,C2s4,47217,False,True,0,0,0.00015878677368164062
esci,C2s4,47526,False,True,0,0,0.00010162591934204102
esci,C2s4,47631,False,True,0,0,0.00011044740676879883
esci,C2s4,47857,False,True,0,0,0.00010156631469726562
esci,C2s4,47892,False,True,0,0,0.00016069412231445312
esci,C2s4,48397,False,True,0,0,0.00014603137969970703
esci,C2s4,48914,False,True,0,0,0.0001245737075805664
esci,C2s4,48929,False,True,0,0,0.0001042485237121582
esci,C2s4,49077,False,True,0,0,8.869171142578125e-05
esci,C2s4,49201,False,True,0,0,9.21487808227539e-05
esci,C2s4,49481,False,True,0,0,0.00014454126358032227
esci,C2s4,49972,False,True,0,0,0.0001068115234375
esci,C2s4,50118,False,True,0,0,0.0002263188362121582
esci,C2s4,50311,False,True,0,0,0.00010216236114501953
esci,C2s4,50356,False,True,0,0,7.796287536621094e-05
esci,C2s4,50494,False,True,0,0,8.809566497802734e-05
esci,C2s4,51056,False,True,0,0,0.00010102987289428711
esci,C2s4,51227,True,True,0,0,7.623434066772461e-05
esci,C2s4,51454,False,True,0,0,0.0001398324966430664
esci,C2s4,52230,False,False,0,0,0.0001081228256225586
esci,C2s4,52255,False,True,0,0,0.0001125335693359375
esci,C2s4,52348,False,True,0,0,0.00012761354446411133
esci,C2s4,52482,False,False,0,0,1.4901161193847656e-07
esci,C2s4,52830,False,True,0,0,0.00016611814498901367
esci,C2s4,53042,False,False,0,0,1.7881393432617188e-07
esci,C2s4,53114,False,True,0,0,0.00013715028762817383
esci,C2s4,53284,False,True,0,0,0.00015556812286376953
esci,C2s4,53328,True,True,0,0,0.00016832351684570312
esci,C2s4,53451,False,True,0,0,1.7881393432617188e-07
esci,C2s4,54039,False,False,0,0,1.7881393432617188e-07
esci,C2s4,54044,False,True,0,0,0.0001499652862548828
esci,C2s4,54558,False,True,0,0,0.00012063980102539062
esci,C2s4,54634,False,False,0,0,1.7881393432617188e-07
esci,C2s4,54889,True,True,0,0,0.0001831650733947754
esci,C2s4,55280,False,False,0,0,1.7881393432617188e-07
esci,C2s4,55365,False,False,0,0,0.00010734796524047852
esci,C2s4,55531,False,True,0,0,0.00012558698654174805
esci,C2s4,55677,True,True,0,0,0.0001226663589477539
esci,C2s4,56281,False,True,0,0,0.00012767314910888672
esci,C2s4,56758,False,True,0,0,0.0001952648162841797
esci,C2s4,57100,True,True,0,0,0.00010830163955688477
esci,C2s4,57276,False,False,0,0,0.00012499094009399414
esci,C2s4,57921,False,True,0,0,0.00012308359146118164
esci,C2s4,58044,False,True,0,0,9.02414321899414e-05
esci,C2s4,58233,False,False,0,0,1.7881393432617188e-07
esci,C2s4,58514,False,True,0,0,0.0001010894775390625
esci,C2s4,58597,False,True,0,0,0.00012743473052978516
esci,C2s4,59963,False,True,0,0,0.00014740228652954102
esci,C2s4,60628,False,False,0,0,2.384185791015625e-07
esci,C2s4,61329,False,True,0,0,0.00014579296112060547
esci,C2s4,61522,False,True,0,0,0.0001634359359741211
esci,C2s4,61574,False,False,0,0,1.1920928955078125e-07
esci,C2s4,61598,False,False,0,0,1.1920928955078125e-07
esci,C2s4,61723,False,True,0,0,8.726119995117188e-05
esci,C2s4,61798,False,True,0,0,0.00015300512313842773
esci,C2s4,61830,False,False,0,0,1.1920928955078125e-07
esci,C2s4,61961,False,True,0,0,0.00012385845184326172
esci,C2s4,62478,False,True,0,0,0.00012373924255371094
esci,C2s4,62513,False,False,0,0,2.384185791015625e-07
esci,C2s4,62558,False,True,0,0,7.718801498413086e-05
esci,C2s4,62858,False,True,0,0,0.00013500452041625977
esci,C2s4,62937,False,True,0,0,0.00011640787124633789
esci,C2s4,62954,False,True,0,0,0.0001239776611328125
esci,C2s4,63291,False,False,0,0,1.7881393432617188e-07
esci,C2s4,63701,False,False,0,0,1.7881393432617188e-07
esci,C2s4,63917,False,True,0,0,0.00012052059173583984
esci,C2s4,63927,False,True,0,0,9.119510650634766e-05
esci,C2s4,64191,False,True,0,0,0.00017547607421875
esci,C2s4,64212,False,True,0,0,0.00011491775512695312
esci,C2s4,64296,False,True,0,0,8.749961853027344e-05
esci,C2s4,64880,False,False,0,0,1.7881393432617188e-07
esci,C2s4,65197,False,True,0,0,0.00010097026824951172
esci,C2s4,65347,False,True,0,0,0.00018408894538879395
esci,C2s4,65397,False,True,0,0,0.00012981891632080078
esci,C2s4,65683,False,True,0,0,0.00010907649993896484
esci,C2s4,65798,False,True,0,0,0.0001004934310913086
esci,C2s4,66004,False,True,0,0,0.00012069940567016602
esci,C2s4,66062,False,True,0,0,0.00020962953567504883
esci,C2s4,66396,True,True,0,0,8.690357208251953e-05
esci,C2s4,66421,False,True,0,0,0.0001481771469116211
esci,C2s4,66476,False,True,0,0,0.00012236833572387695
esci,C2s4,66494,False,True,0,0,0.00012499094009399414
esci,C2s4,67075,False,False,0,0,8.666515350341797e-05
esci,C2s4,67189,False,True,0,0,0.0001506209373474121
esci,C2s4,67570,False,False,0,0,0.0
esci,C2s4,67637,False,False,0,0,1.7881393432617188e-07
esci,C2s4,67712,False,False,0,0,1.7881393432617188e-07
esci,C2s4,67844,False,True,0,0,9.28640365600586e-05
esci,C2s4,67894,False,False,0,0,8.195638656616211e-05
esci,C2s4,68340,False,True,0,0,0.00011545419692993164
esci,C2s4,68572,False,True,0,0,0.00012242794036865234
esci,C2s4,69025,False,True,0,0,0.00019299983978271484
esci,C2s4,69269,False,False,0,0,1.1920928955078125e-07
esci,C2s4,69657,False,True,0,0,7.450580596923828e-05
esci,C2s4,69695,False,True,0,0,0.00012946128845214844
esci,C2s4,69739,False,True,0,0,0.00012040138244628906
esci,C2s4,70263,False,True,0,0,0.0002161860466003418
esci,C2s4,70625,True,True,0,0,8.96453857421875e-05
esci,C2s4,70787,True,True,0,0,0.00013822317123413086
esci,C2s4,71186,False,True,0,0,0.0001310110092163086
esci,C2s4,71356,False,True,0,0,0.00013428926467895508
esci,C2s4,71655,False,True,0,0,0.0001481175422668457
esci,C2s4,71902,False,True,0,0,0.00015842914581298828
esci,C2s4,72088,False,True,0,0,0.00011992454528808594
esci,C2s4,72127,False,True,0,0,0.00015807151794433594
esci,C2s4,72915,False,False,0,0,1.7881393432617188e-07
esci,C2s4,73215,False,True,0,0,0.0001392364501953125
esci,C2s4,73282,False,True,0,0,0.00011390447616577148
esci,C2s4,73400,False,True,0,0,0.00014328956604003906
esci,C2s4,73401,False,True,0,0,0.00014537572860717773
esci,C2s4,73522,True,True,0,0,0.00010788440704345703
esci,C2s4,73746,False,True,0,0,0.00010532140731811523
esci,C2s4,73944,False,True,0,0,0.0001246333122253418
esci,C2s4,74270,False,True,0,0,0.00012981891632080078
esci,C2s4,74336,False,True,0,0,8.910894393920898e-05
esci,C2s4,74620,False,True,0,0,0.0001156926155090332
esci,C2s4,74628,True,True,0,0,0.00011402368545532227
esci,C2s4,74654,False,True,0,0,0.00010198354721069336
esci,C2s4,74782,False,True,0,0,6.377696990966797e-05
esci,C2s4,75417,False,True,0,0,0.00010859966278076172
esci,C2s4,75512,False,True,0,0,9.614229202270508e-05
esci,C2s4,75831,False,True,0,0,0.00018596649169921875
esci,C2s4,75925,False,True,0,0,0.00011670589447021484
esci,C2s4,76144,False,True,0,0,7.212162017822266e-05
esci,C2s4,76820,False,True,0,0,0.0001709461212158203
esci,C2s4,76904,False,True,0,0,0.00010210275650024414
esci,C2s4,76950,False,False,0,0,2.384185791015625e-07
esci,C2s4,76969,False,True,0,0,0.00012475252151489258
esci,C2s4,77343,False,True,0,0,8.356571197509766e-05
esci,C2s4,78347,False,True,0,0,8.237361907958984e-05
esci,C2s4,79143,False,True,0,0,0.00010097026824951172
esci,C2s4,79505,False,True,0,0,8.51750373840332e-05
esci,C2s4,80305,False,True,0,0,7.551908493041992e-05
esci,C2s4,80453,False,True,0,0,0.00012689828872680664
esci,C2s4,80880,False,True,0,0,0.00012511014938354492
esci,C2s4,81029,False,True,0,0,7.104873657226562e-05
esci,C2s4,81301,False,True,0,0,0.00015342235565185547
esci,C2s4,81478,False,True,0,0,0.00011420249938964844
esci,C2s4,81547,False,True,0,0,9.065866470336914e-05
esci,C2s4,82738,True,True,0,0,0.00019627809524536133
esci,C2s4,82799,False,True,0,0,6.371736526489258e-05
esci,C2s4,82836,True,True,0,0,0.00011301040649414062
esci,C2s4,82977,False,False,0,0,0.00011116266250610352
esci,C2s4,83182,False,True,0,0,8.910894393920898e-05
esci,C2s4,83573,False,True,0,0,0.00012958049774169922
esci,C2s4,83860,False,True,0,0,0.0001398921012878418
esci,C2s4,84011,False,True,0,0,0.00012004375457763672
esci,C2s4,84333,False,True,0,0,0.00011867284774780273
esci,C2s4,84543,False,True,0,0,9.256601333618164e-05
esci,C2s4,84692,True,True,0,0,0.00012958049774169922
esci,C2s4,84752,False,True,0,0,0.0001456141471862793
esci,C2s4,84990,False,True,0,0,0.00012439489364624023
esci,C2s4,85202,False,True,0,0,0.00014480948448181152
esci,C2s4,85743,False,True,0,0,0.00012171268463134766
esci,C2s4,85956,False,True,0,0,0.00013393163681030273
esci,C2s4,87048,False,True,0,0,0.00019246339797973633
esci,C2s4,87098,False,True,0,0,0.00010180473327636719
esci,C2s4,87123,False,True,0,0,0.00012421607971191406
esci,C2s4,87931,False,True,0,0,0.0001990199089050293
esci,C2s4,88180,False,False,0,0,1.1920928955078125e-07
esci,C2s4,88972,False,True,0,0,0.0001475811004638672
esci,C2s4,89016,False,True,0,0,0.00013488531112670898
esci,C2s4,89094,False,True,0,0,0.0001361370086669922
esci,C2s4,89443,False,True,0,0,0.00015547871589660645
esci,C2s4,90070,False,False,0,0,1.7881393432617188e-07
esci,C2s4,90523,False,True,0,0,0.00014162063598632812
esci,C2s4,90653,True,True,0,0,0.00011551380157470703
esci,C2s4,90835,False,True,0,0,9.804964065551758e-05
esci,C2s4,90983,False,True,0,0,9.196996688842773e-05
esci,C2s4,91113,False,True,0,0,0.00010967254638671875
esci,C2s4,91245,False,True,0,0,0.00015050172805786133
esci,C2s4,91267,False,True,0,0,0.00012242794036865234
esci,C2s4,91452,False,True,0,0,0.00012826919555664062
esci,C2s4,91498,False,True,0,0,0.00012058019638061523
esci,C2s4,91539,False,True,0,0,0.00017023086547851562
esci,C2s4,91847,False,True,0,0,0.00011283159255981445
esci,C2s4,92217,False,True,0,0,0.00010073184967041016
esci,C2s4,92320,False,True,0,0,0.00013372302055358887
esci,C2s4,92627,False,True,0,0,7.528066635131836e-05
esci,C2s4,92663,False,True,0,0,0.00013530254364013672
esci,C2s4,92720,False,True,0,0,0.00011432170867919922
esci,C2s4,92810,False,False,0,0,1.7881393432617188e-07
esci,C2s4,92928,True,True,0,0,8.416175842285156e-05
esci,C2s4,93169,False,False,0,0,2.384185791015625e-07
esci,C2s4,93559,False,True,0,0,9.626150131225586e-05
esci,C2s4,93654,False,True,0,0,0.0001557469367980957
esci,C2s4,93758,False,True,0,0,0.00016003847122192383
esci,C2s4,94456,False,True,0,0,0.00011742115020751953
esci,C2s4,94846,False,True,0,0,8.791685104370117e-05
esci,C2s4,94878,False,True,0,0,7.50422477722168e-05
esci,C2s4,94932,False,True,0,0,0.00012183189392089844
esci,C2s4,95116,False,True,0,0,0.00011330842971801758
esci,C2s4,95136,False,False,0,0,1.7881393432617188e-07
esci,C2s4,95453,False,True,0,0,0.00017058849334716797
esci,C2s4,95494,False,True,0,0,0.00011533498764038086
esci,C2s4,95886,False,True,0,0,0.00020545721054077148
esci,C2s4,95917,False,True,0,0,0.0001175999641418457
esci,C2s4,96045,False,True,0,0,0.00012934207916259766
esci,C2s4,96401,False,True,0,0,0.00010371208190917969
esci,C2s4,96535,False,False,0,0,2.384185791015625e-07
esci,C2s4,96819,False,True,0,0,7.653236389160156e-05
esci,C2s4,98201,False,True,0,0,0.0002669095993041992
esci,C2s4,98425,False,True,0,0,0.00012385845184326172
esci,C2s4,98526,False,True,0,0,0.0001118779182434082
esci,C2s4,99391,False,True,0,0,0.00010216236114501953
esci,C2s4,99846,False,True,0,0,7.975101470947266e-05
esci,C2s4,100084,False,True,0,0,0.00014954805374145508
esci,C2s4,100330,False,True,0,0,0.00010699033737182617
esci,C2s4,100469,False,False,0,0,1.7881393432617188e-07
esci,C2s4,100474,False,True,0,0,0.00010466575622558594
esci,C2s4,100637,False,True,0,0,0.00011432170867919922
esci,C2s4,100807,False,True,0,0,0.00016611814498901367
esci,C2s4,101683,False,True,0,0,5.7578086853027344e-05
esci,C2s4,101841,False,True,0,0,0.000118255615234375
esci,C2s4,102215,False,True,0,0,0.00012865662574768066
esci,C2s4,102308,False,True,0,0,0.0001309514045715332
esci,C2s4,102732,False,True,0,0,8.159875869750977e-05
esci,C2s4,102895,False,True,0,0,0.00015532970428466797
esci,C2s4,102991,False,True,0,0,0.00012034177780151367
esci,C2s4,103099,False,True,0,0,0.00016742944717407227
esci,C2s4,103248,False,True,0,0,0.00010395050048828125
esci,C2s4,103500,False,True,0,0,0.00014275312423706055
esci,C2s4,103612,False,True,0,0,0.0001342296600341797
esci,C2s4,103705,False,True,0,0,0.0001289844512939453
esci,C2s4,104116,False,True,0,0,8.797645568847656e-05
esci,C2s4,104212,False,True,0,0,0.00012201070785522461
esci,C2s4,104375,False,True,0,0,0.00013959407806396484
esci,C2s4,104485,False,True,0,0,0.0002797245979309082
esci,C2s4,104556,False,True,0,0,9.02414321899414e-05
esci,C2s4,104929,False,True,0,0,0.00015276670455932617
esci,C2s4,105336,False,True,0,0,0.0001341104507446289
esci,C2s4,105354,True,True,0,0,0.00016391277313232422
esci,C2s4,106080,False,True,0,0,0.00012814998626708984
esci,C2s4,106387,False,True,0,0,8.291006088256836e-05
esci,C2s4,106839,False,True,0,0,0.00013679265975952148
esci,C2s4,107789,False,True,0,0,0.0001335740089416504
esci,C2s4,107880,False,False,0,0,9.417533874511719e-05
esci,C2s4,107900,False,True,0,0,0.00021350383758544922
esci,C2s4,108093,False,True,0,0,0.00011777877807617188
esci,C2s4,108571,False,True,0,0,0.00016105175018310547
esci,C2s4,108769,False,True,0,0,6.765127182006836e-05
esci,C2s4,108964,False,True,0,0,0.00016421079635620117
esci,C2s4,109159,False,True,0,0,0.00010722875595092773
esci,C2s4,109658,False,True,0,0,0.0001901090145111084
esci,C2s4,110355,False,True,0,0,0.0001455545425415039
esci,C2s4,110443,False,True,0,0,0.0001526474952697754
esci,C2s4,110695,False,True,0,0,0.00016021728515625
esci,C2s4,110785,False,True,0,0,0.00017005205154418945
esci,C2s4,110848,False,True,0,0,0.00011554360389709473
esci,C2s4,110909,False,False,0,0,1.7881393432617188e-07
esci,C2s4,111397,False,False,0,0,1.1920928955078125e-07
esci,C2s4,111447,False,True,0,0,0.0001322627067565918
esci,C2s4,111629,False,True,0,0,0.00017970800399780273
esci,C2s4,111828,False,True,0,0,0.00010275840759277344
esci,C2s4,111876,False,True,0,0,8.845329284667969e-05
esci,C2s4,111913,False,False,0,0,1.1920928955078125e-07
esci,C2s4,111950,False,False,0,0,1.7881393432617188e-07
esci,C2s4,112070,False,False,0,0,1.1920928955078125e-07
esci,C2s4,112116,False,False,0,0,7.939338684082031e-05
esci,C2s4,112141,False,False,0,0,1.7881393432617188e-07
esci,C2s4,112578,False,True,0,0,0.00010764598846435547
esci,C2s4,112716,False,False,0,0,1.7881393432617188e-07
esci,C2s4,113321,False,False,0,0,1.7881393432617188e-07
esci,C2s4,113679,False,True,0,0,9.262561798095703e-05
esci,C2s4,114588,False,True,0,0,0.00013381242752075195
esci,C2s4,114599,False,True,0,0,0.00012540817260742188
esci,C2s4,114650,True,True,0,0,0.00010776519775390625
esci,C2s4,114793,False,True,0,0,0.00013625621795654297
esci,C2s4,114905,False,True,0,0,0.00010478496551513672
esci,C2s4,114954,False,True,0,0,0.00012546777725219727
esci,C2s4,115094,False,True,0,0,0.00026100873947143555
esci,C2s4,115539,False,False,0,0,1.7881393432617188e-07
esci,C2s5,165,False,True,0,0,1.7881393432617188e-07
esci,C2s5,433,False,False,0,0,1.7881393432617188e-07
esci,C2s5,500,False,False,0,0,1.7881393432617188e-07
esci,C2s5,541,False,True,0,0,0.00013190507888793945
esci,C2s5,598,False,False,0,0,2.980232238769531e-07
esci,C2s5,600,False,False,0,0,1.7881393432617188e-07
esci,C2s5,602,False,False,0,0,1.7881393432617188e-07
esci,C2s5,622,False,False,0,0,0.00015491247177124023
esci,C2s5,637,True,True,0,0,0.00016570091247558594
esci,C2s5,861,False,True,0,0,0.00011354684829711914
esci,C2s5,933,False,False,0,0,2.384185791015625e-07
esci,C2s5,978,False,False,0,0,1.7881393432617188e-07
esci,C2s5,1210,False,False,0,0,1.7881393432617188e-07
esci,C2s5,1293,False,False,0,0,0.00011903047561645508
esci,C2s5,1310,False,True,0,0,0.00012677907943725586
esci,C2s5,1458,False,True,0,0,0.00012230873107910156
esci,C2s5,1476,False,False,0,0,1.7881393432617188e-07
esci,C2s5,1530,False,True,0,0,0.00010955333709716797
esci,C2s5,1659,False,False,0,0,0.0001226663589477539
esci,C2s5,1816,False,True,0,0,0.0001049041748046875
esci,C2s5,2286,False,True,0,0,9.47117805480957e-05
esci,C2s5,2390,False,False,0,0,1.1920928955078125e-07
esci,C2s5,2692,False,False,0,0,1.1920928955078125e-07
esci,C2s5,2855,False,True,0,0,0.0001157522201538086
esci,C2s5,3012,False,False,0,0,1.7881393432617188e-07
esci,C2s5,3492,False,True,0,0,0.0001767873764038086
esci,C2s5,3494,False,True,0,0,0.00012576580047607422
esci,C2s5,3986,False,True,0,0,0.00016945600509643555
esci,C2s5,4299,False,True,0,0,0.00013327598571777344
esci,C2s5,4321,True,True,0,0,0.00020450353622436523
esci,C2s5,4860,False,True,0,0,0.0001583695411682129
esci,C2s5,4956,False,True,0,0,0.00017917156219482422
esci,C2s5,5079,False,False,0,0,2.384185791015625e-07
esci,C2s5,5094,False,False,0,0,1.7881393432617188e-07
esci,C2s5,5419,False,False,0,0,1.7881393432617188e-07
esci,C2s5,5787,False,True,0,0,1.7881393432617188e-07
esci,C2s5,5921,False,True,0,0,0.00015228986740112305
esci,C2s5,6138,False,False,0,0,1.7881393432617188e-07
esci,C2s5,6685,False,True,0,0,6.794929504394531e-05
esci,C2s5,7034,False,False,0,0,1.7881393432617188e-07
esci,C2s5,7126,False,True,0,0,0.00015866756439208984
esci,C2s5,7303,False,False,0,0,1.7881393432617188e-07
esci,C2s5,7340,False,False,0,0,1.7881393432617188e-07
esci,C2s5,7545,False,True,0,0,0.0001876354217529297
esci,C2s5,7581,False,False,0,0,1.7881393432617188e-07
esci,C2s5,8063,False,True,0,0,7.432699203491211e-05
esci,C2s5,8519,False,False,0,0,1.7881393432617188e-07
esci,C2s5,8605,False,True,0,0,8.416175842285156e-05
esci,C2s5,8740,False,True,0,0,8.535385131835938e-05
esci,C2s5,9096,False,True,0,0,0.00010901689529418945
esci,C2s5,9695,False,False,0,0,9.465217590332031e-05
esci,C2s5,9776,False,True,0,0,0.00010907649993896484
esci,C2s5,9967,False,True,0,0,0.00015813112258911133
esci,C2s5,10312,False,True,0,0,0.00017082691192626953
esci,C2s5,10370,False,True,0,0,0.0001437664031982422
esci,C2s5,11509,False,False,0,0,1.1920928955078125e-07
esci,C2s5,11621,True,True,0,0,0.00011426210403442383
esci,C2s5,11875,True,True,0,0,0.00012743473052978516
esci,C2s5,11925,False,True,0,0,8.368492126464844e-05
esci,C2s5,12176,False,True,0,0,0.0001557469367980957
esci,C2s5,12432,False,True,0,0,0.0001360774040222168
esci,C2s5,12557,False,True,0,0,0.00010716915130615234
esci,C2s5,12664,False,True,0,0,0.00012302398681640625
esci,C2s5,12809,False,True,0,0,0.00012695789337158203
esci,C2s5,13089,False,True,0,0,0.00015288591384887695
esci,C2s5,13169,False,True,0,0,0.00014007091522216797
esci,C2s5,13471,False,True,0,0,8.416175842285156e-05
esci,C2s5,13639,False,True,0,0,0.00015401840209960938
esci,C2s5,13785,False,True,0,0,8.33272933959961e-05
esci,C2s5,13954,False,True,0,0,0.00011140108108520508
esci,C2s5,14346,False,True,0,0,0.00013512372970581055
esci,C2s5,14880,True,True,0,0,0.00013566017150878906
esci,C2s5,14882,False,False,0,0,1.7881393432617188e-07
esci,C2s5,15154,False,True,0,0,0.0001431107521057129
esci,C2s5,15164,False,True,0,0,0.00011342763900756836
esci,C2s5,15311,False,True,0,0,0.0001575946807861328
esci,C2s5,15647,False,False,0,0,1.7881393432617188e-07
esci,C2s5,15716,False,True,0,0,0.0001462101936340332
esci,C2s5,15777,False,True,0,0,6.842613220214844e-05
esci,C2s5,15807,False,True,0,0,0.0001004934310913086
esci,C2s5,16613,False,True,0,0,0.00021398067474365234
esci,C2s5,16684,False,True,0,0,0.0001323223114013672
esci,C2s5,17384,False,True,0,0,6.961822509765625e-05
esci,C2s5,17607,False,False,0,0,1.1920928955078125e-07
esci,C2s5,17689,False,True,0,0,0.00014495849609375
esci,C2s5,17742,False,True,0,0,0.00020438432693481445
esci,C2s5,18356,False,True,0,0,6.401538848876953e-05
esci,C2s5,18553,False,True,0,0,0.00016325712203979492
esci,C2s5,18679,False,False,0,0,8.672475814819336e-05
esci,C2s5,18682,False,True,0,0,0.0001360774040222168
esci,C2s5,18932,False,False,0,0,1.7881393432617188e-07
esci,C2s5,19053,False,False,0,0,0.0001646876335144043
esci,C2s5,19134,False,True,0,0,0.00010734796524047852
esci,C2s5,19268,False,True,0,0,0.00016117095947265625
esci,C2s5,19369,False,True,0,0,0.0001259446144104004
esci,C2s5,19372,False,False,0,0,0.00010180473327636719
esci,C2s5,19380,True,True,0,0,0.00013643503189086914
esci,C2s5,19619,False,True,0,0,0.00010824203491210938
esci,C2s5,19694,False,False,0,0,1.7881393432617188e-07
esci,C2s5,19953,False,True,0,0,0.00017315149307250977
esci,C2s5,20037,False,True,0,0,0.00018274784088134766
esci,C2s5,20185,False,True,0,0,0.00012028217315673828
esci,C2s5,20307,False,True,0,0,0.00011050701141357422
esci,C2s5,20315,False,True,0,0,0.0001608431339263916
esci,C2s5,20385,False,True,0,0,0.00011461973190307617
esci,C2s5,20500,False,True,0,0,0.00013124942779541016
esci,C2s5,20523,False,True,0,0,9.131431579589844e-05
esci,C2s5,20788,False,True,0,0,7.718801498413086e-05
esci,C2s5,21481,False,False,0,0,2.384185791015625e-07
esci,C2s5,21645,False,True,0,0,0.00010508298873901367
esci,C2s5,22173,False,True,0,0,0.00010436773300170898
esci,C2s5,22211,False,True,0,0,0.00019043684005737305
esci,C2s5,22441,False,True,0,0,0.00015610456466674805
esci,C2s5,22639,False,True,0,0,0.00010722875595092773
esci,C2s5,23148,False,True,0,0,0.00011396408081054688
esci,C2s5,23260,False,True,0,0,0.00016224384307861328
esci,C2s5,23744,False,True,0,0,0.00013875961303710938
esci,C2s5,24082,False,True,0,0,0.00018608570098876953
esci,C2s5,24402,True,True,0,0,0.0001747608184814453
esci,C2s5,24504,False,True,0,0,0.00011962652206420898
esci,C2s5,24668,False,True,0,0,0.00012969970703125
esci,C2s5,24697,False,True,0,0,7.444620132446289e-05
esci,C2s5,24831,False,True,0,0,9.340047836303711e-05
esci,C2s5,25132,False,True,0,0,9.846687316894531e-05
esci,C2s5,25426,False,True,0,0,0.0001728534698486328
esci,C2s5,25497,False,True,0,0,7.31348991394043e-05
esci,C2s5,25516,False,False,0,0,0.00012034177780151367
esci,C2s5,25591,False,True,0,0,0.00020176172256469727
esci,C2s5,26321,False,True,0,0,0.00011104345321655273
esci,C2s5,26642,False,True,0,0,0.00013512372970581055
esci,C2s5,26872,False,True,0,0,0.00010526180267333984
esci,C2s5,27927,False,True,0,0,0.00012993812561035156
esci,C2s5,28198,False,True,0,0,0.00012820959091186523
esci,C2s5,28637,False,True,0,0,9.042024612426758e-05
esci,C2s5,29049,False,True,0,0,0.00016170740127563477
esci,C2s5,29123,False,True,0,0,0.0001308917999267578
esci,C2s5,29488,False,True,0,0,0.0001564621925354004
esci,C2s5,29596,False,True,0,0,0.0001304149627685547
esci,C2s5,29729,False,True,0,0,0.00010341405868530273
esci,C2s5,29868,False,True,0,0,0.00013834238052368164
esci,C2s5,29928,False,True,0,0,0.00011903047561645508
esci,C2s5,29941,False,False,0,0,1.7881393432617188e-07
esci,C2s5,29945,False,True,0,0,0.0001462697982788086
esci,C2s5,29952,False,True,0,0,9.328126907348633e-05
esci,C2s5,30020,False,True,0,0,0.00011938810348510742
esci,C2s5,30318,False,False,0,0,0.00015908479690551758
esci,C2s5,31573,False,True,0,0,0.0001112222671508789
esci,C2s5,31659,False,True,0,0,0.00010162591934204102
esci,C2s5,31724,False,False,0,0,1.1920928955078125e-07
esci,C2s5,31889,False,True,0,0,0.00016158819198608398
esci,C2s5,32142,False,True,0,0,8.749961853027344e-05
esci,C2s5,32164,False,True,0,0,0.00014472007751464844
esci,C2s5,32311,True,True,0,0,0.00018462538719177246
esci,C2s5,32350,False,True,0,0,0.00014358758926391602
esci,C2s5,32351,True,True,0,0,8.761882781982422e-05
esci,C2s5,32430,False,True,0,0,7.420778274536133e-05
esci,C2s5,32612,False,True,0,0,0.00014126300811767578
esci,C2s5,32812,False,True,0,0,0.00010836124420166016
esci,C2s5,32917,False,True,0,0,8.726119995117188e-05
esci,C2s5,33004,False,True,0,0,0.00016349554061889648
esci,C2s5,33735,False,True,0,0,9.810924530029297e-05
esci,C2s5,34128,True,True,0,0,0.0001093149185180664
esci,C2s5,34229,False,True,0,0,0.0001285076141357422
esci,C2s5,34443,False,True,0,0,0.00012916326522827148
esci,C2s5,34775,False,True,0,0,0.0001443624496459961
esci,C2s5,34817,False,True,0,0,0.0001252293586730957
esci,C2s5,35117,False,False,0,0,0.00010317564010620117
esci,C2s5,35242,False,True,0,0,0.0001195669174194336
esci,C2s5,35755,False,True,0,0,0.00015991926193237305
esci,C2s5,36669,False,True,0,0,0.00011894106864929199
esci,C2s5,36678,False,True,0,0,0.00012421607971191406
esci,C2s5,36753,False,True,0,0,0.00011110305786132812
esci,C2s5,36912,False,True,0,0,0.00013637542724609375
esci,C2s5,36960,False,True,0,0,0.00012481212615966797
esci,C2s5,37451,False,True,0,0,9.72747802734375e-05
esci,C2s5,37466,True,True,0,0,0.00012022256851196289
esci,C2s5,37498,False,True,0,0,0.00012183189392089844
esci,C2s5,37670,False,False,0,0,1.1920928955078125e-07
esci,C2s5,37789,False,True,0,0,9.28044319152832e-05
esci,C2s5,38679,False,True,0,0,0.00014096498489379883
esci,C2s5,39022,False,True,0,0,0.00010317564010620117
esci,C2s5,39107,False,True,0,0,9.649991989135742e-05
esci,C2s5,39157,False,True,0,0,0.0001195073127746582
esci,C2s5,39263,False,True,0,0,0.0001735687255859375
esci,C2s5,40165,False,True,0,0,0.00014203786849975586
esci,C2s5,40292,False,True,0,0,0.00012362003326416016
esci,C2s5,40356,False,True,0,0,0.00013148784637451172
esci,C2s5,40483,False,True,0,0,0.0001227259635925293
esci,C2s5,40528,False,True,0,0,0.00010716915130615234
esci,C2s5,40573,False,True,0,0,0.00017118453979492188
esci,C2s5,40615,False,True,0,0,0.00014150142669677734
esci,C2s5,40834,False,False,0,0,0.00010073184967041016
esci,C2s5,41423,False,True,0,0,0.00020164251327514648
esci,C2s5,41492,False,True,0,0,0.00013124942779541016
esci,C2s5,41502,False,True,0,0,9.047985076904297e-05
esci,C2s5,41795,False,True,0,0,6.973743438720703e-05
esci,C2s5,42118,False,True,0,0,0.0001240372657775879
esci,C2s5,42332,False,True,0,0,8.100271224975586e-05
esci,C2s5,42405,False,True,0,0,0.00016224384307861328
esci,C2s5,42445,False,True,0,0,0.00011736154556274414
esci,C2s5,42964,False,True,0,0,0.00014573335647583008
esci,C2s5,42968,False,True,0,0,0.00013619661331176758
esci,C2s5,43579,False,True,0,0,0.00012356042861938477
esci,C2s5,43948,False,False,0,0,0.00016039609909057617
esci,C2s5,43961,False,True,0,0,0.0001895427703857422
esci,C2s5,43983,False,True,0,0,0.00013196468353271484
esci,C2s5,44424,False,True,0,0,8.094310760498047e-05
esci,C2s5,44706,False,True,0,0,0.00013679265975952148
esci,C2s5,44816,False,True,0,0,0.0001469254493713379
esci,C2s5,44845,False,True,0,0,0.00016766786575317383
esci,C2s5,44960,False,True,0,0,9.72747802734375e-05
esci,C2s5,45294,False,True,0,0,8.404254913330078e-05
esci,C2s5,45464,False,True,0,0,0.0001252889633178711
esci,C2s5,45588,False,True,0,0,0.00024193525314331055
esci,C2s5,45713,False,True,0,0,0.00011020898818969727
esci,C2s5,45745,False,True,0,0,0.0001049041748046875
esci,C2s5,45843,False,True,0,0,8.392333984375e-05
esci,C2s5,45928,False,True,0,0,0.00015234947204589844
esci,C2s5,45990,True,True,0,0,0.00011831521987915039
esci,C2s5,46008,False,True,0,0,0.00010156631469726562
esci,C2s5,46089,False,True,0,0,8.147954940795898e-05
esci,C2s5,46097,False,True,0,0,0.0001367330551147461
esci,C2s5,46149,False,False,0,0,0.00013267993927001953
esci,C2s5,46177,False,True,0,0,0.00018739700317382812
esci,C2s5,46471,True,True,0,0,0.0001354813575744629
esci,C2s5,46910,False,True,0,0,0.00011801719665527344
esci,C2s5,47106,False,True,0,0,0.00013142824172973633
esci,C2s5,47213,False,True,0,0,0.00018215179443359375
esci,C2s5,47217,False,True,0,0,0.00016099214553833008
esci,C2s5,47526,False,True,0,0,0.0001016855239868164
esci,C2s5,47631,False,True,0,0,0.00010788440704345703
esci,C2s5,47857,False,False,0,0,0.00010156631469726562
esci,C2s5,47892,False,True,0,0,0.00016069412231445312
esci,C2s5,48397,False,True,0,0,0.00014603137969970703
esci,C2s5,48914,False,True,0,0,0.0001245737075805664
esci,C2s5,48929,False,True,0,0,0.00010144710540771484
esci,C2s5,49077,False,True,0,0,8.851289749145508e-05
esci,C2s5,49201,False,True,0,0,9.21487808227539e-05
esci,C2s5,49481,False,True,0,0,0.00014454126358032227
esci,C2s5,49972,False,True,0,0,0.00010520219802856445
esci,C2s5,50118,False,True,0,0,0.0002263188362121582
esci,C2s5,50311,False,True,0,0,0.0001035928726196289
esci,C2s5,50356,False,True,0,0,7.593631744384766e-05
esci,C2s5,50494,False,True,0,0,8.535385131835938e-05
esci,C2s5,51056,False,True,0,0,0.00010102987289428711
esci,C2s5,51227,False,False,0,0,9.065866470336914e-05
esci,C2s5,51454,False,True,0,0,0.000133514404296875
esci,C2s5,52230,False,True,0,0,0.00010788440704345703
esci,C2s5,52255,False,False,0,0,0.00011110305786132812
esci,C2s5,52348,False,True,0,0,0.00012761354446411133
esci,C2s5,52482,False,True,0,0,1.4901161193847656e-07
esci,C2s5,52830,False,True,0,0,0.00016611814498901367
esci,C2s5,53042,False,False,0,0,1.7881393432617188e-07
esci,C2s5,53114,False,True,0,0,0.00013715028762817383
esci,C2s5,53284,False,True,0,0,0.00015556812286376953
esci,C2s5,53328,False,True,0,0,0.00016832351684570312
esci,C2s5,53451,False,False,0,0,1.7881393432617188e-07
esci,C2s5,54039,False,False,0,0,1.7881393432617188e-07
esci,C2s5,54044,False,True,0,0,0.00014984607696533203
esci,C2s5,54558,True,True,0,0,0.00011807680130004883
esci,C2s5,54634,False,False,0,0,1.7881393432617188e-07
esci,C2s5,54889,False,True,0,0,0.00018990039825439453
esci,C2s5,55280,False,False,0,0,1.7881393432617188e-07
esci,C2s5,55365,False,True,0,0,0.00010830163955688477
esci,C2s5,55531,False,True,0,0,0.00012731552124023438
esci,C2s5,55677,False,True,0,0,0.00012195110321044922
esci,C2s5,56281,False,True,0,0,0.00013202428817749023
esci,C2s5,56758,False,True,0,0,0.00019782781600952148
esci,C2s5,57100,False,True,0,0,0.00010830163955688477
esci,C2s5,57276,False,True,0,0,0.00011855363845825195
esci,C2s5,57921,False,True,0,0,0.00012308359146118164
esci,C2s5,58044,False,True,0,0,8.14199447631836e-05
esci,C2s5,58233,False,False,0,0,1.7881393432617188e-07
esci,C2s5,58514,False,True,0,0,0.00010907649993896484
esci,C2s5,58597,True,True,0,0,0.0001297593116760254
esci,C2s5,59963,False,True,0,0,0.0001538395881652832
esci,C2s5,60628,False,False,0,0,2.384185791015625e-07
esci,C2s5,61329,False,True,0,0,0.00014525651931762695
esci,C2s5,61522,False,True,0,0,0.00016200542449951172
esci,C2s5,61574,False,False,0,0,1.1920928955078125e-07
esci,C2s5,61598,False,True,0,0,1.1920928955078125e-07
esci,C2s5,61723,False,True,0,0,9.322166442871094e-05
esci,C2s5,61798,False,True,0,0,0.00015151500701904297
esci,C2s5,61830,False,False,0,0,1.7881393432617188e-07
esci,C2s5,61961,False,True,0,0,0.00013208389282226562
esci,C2s5,62478,False,True,0,0,0.00012373924255371094
esci,C2s5,62513,False,False,0,0,1.7881393432617188e-07
esci,C2s5,62558,False,False,0,0,7.718801498413086e-05
esci,C2s5,62858,False,True,0,0,0.0001341700553894043
esci,C2s5,62937,False,True,0,0,0.00011640787124633789
esci,C2s5,62954,False,True,0,0,0.0001271367073059082
esci,C2s5,63291,False,False,0,0,1.7881393432617188e-07
esci,C2s5,63701,False,False,0,0,1.7881393432617188e-07
esci,C2s5,63917,False,True,0,0,0.0001201629638671875
esci,C2s5,63927,False,True,0,0,9.119510650634766e-05
esci,C2s5,64191,False,True,0,0,0.00017559528350830078
esci,C2s5,64212,False,True,0,0,0.00011491775512695312
esci,C2s5,64296,False,True,0,0,8.958578109741211e-05
esci,C2s5,64880,False,False,0,0,1.7881393432617188e-07
esci,C2s5,65197,False,True,0,0,9.715557098388672e-05
esci,C2s5,65347,False,True,0,0,0.00018408894538879395
esci,C2s5,65397,False,True,0,0,0.00012981891632080078
esci,C2s5,65683,False,True,0,0,0.00010788440704345703
esci,C2s5,65798,False,True,0,0,9.822845458984375e-05
esci,C2s5,66004,False,True,0,0,0.00012069940567016602
esci,C2s5,66062,True,True,0,0,0.00020962953567504883
esci,C2s5,66396,False,True,0,0,8.893013000488281e-05
esci,C2s5,66421,False,True,0,0,0.00014263391494750977
esci,C2s5,66476,False,True,0,0,0.00012195110321044922
esci,C2s5,66494,False,True,0,0,0.00012499094009399414
esci,C2s5,67075,False,True,0,0,8.666515350341797e-05
esci,C2s5,67189,False,True,0,0,0.00014841556549072266
esci,C2s5,67570,False,False,0,0,0.0
esci,C2s5,67637,False,False,0,0,1.7881393432617188e-07
esci,C2s5,67712,False,False,0,0,2.384185791015625e-07
esci,C2s5,67844,False,True,0,0,8.702278137207031e-05
esci,C2s5,67894,False,True,0,0,8.195638656616211e-05
esci,C2s5,68340,False,True,0,0,0.0001131296157836914
esci,C2s5,68572,False,True,0,0,0.00012242794036865234
esci,C2s5,69025,False,True,0,0,0.00019299983978271484
esci,C2s5,69269,False,False,0,0,1.1920928955078125e-07
esci,C2s5,69657,False,True,0,0,7.867813110351562e-05
esci,C2s5,69695,True,True,0,0,0.00012946128845214844
esci,C2s5,69739,False,True,0,0,0.00012040138244628906
esci,C2s5,70263,False,True,0,0,0.00021219253540039062
esci,C2s5,70625,False,True,0,0,8.96453857421875e-05
esci,C2s5,70787,True,True,0,0,0.00013822317123413086
esci,C2s5,71186,False,True,0,0,0.0001290440559387207
esci,C2s5,71356,False,True,0,0,0.00013428926467895508
esci,C2s5,71655,False,True,0,0,0.0001481175422668457
esci,C2s5,71902,False,True,0,0,0.00016021728515625
esci,C2s5,72088,False,False,0,0,0.00011992454528808594
esci,C2s5,72127,False,True,0,0,0.00015807151794433594
esci,C2s5,72915,False,False,0,0,1.7881393432617188e-07
esci,C2s5,73215,False,True,0,0,0.00014346837997436523
esci,C2s5,73282,False,True,0,0,0.00011408329010009766
esci,C2s5,73400,False,True,0,0,0.00014346837997436523
esci,C2s5,73401,False,True,0,0,0.00014537572860717773
esci,C2s5,73522,False,True,0,0,0.00010031461715698242
esci,C2s5,73746,False,True,0,0,0.00010532140731811523
esci,C2s5,73944,True,True,0,0,0.00012290477752685547
esci,C2s5,74270,False,True,0,0,0.00012981891632080078
esci,C2s5,74336,False,True,0,0,9.709596633911133e-05
esci,C2s5,74620,False,True,0,0,0.00011616945266723633
esci,C2s5,74628,False,True,0,0,0.0001081228256225586
esci,C2s5,74654,False,True,0,0,0.00010198354721069336
esci,C2s5,74782,False,True,0,0,6.35385513305664e-05
esci,C2s5,75417,False,True,0,0,0.00010859966278076172
esci,C2s5,75512,False,True,0,0,9.387731552124023e-05
esci,C2s5,75831,False,True,0,0,0.00018674135208129883
esci,C2s5,75925,False,True,0,0,0.00011593103408813477
esci,C2s5,76144,False,True,0,0,7.003545761108398e-05
esci,C2s5,76820,False,True,0,0,0.00016289949417114258
esci,C2s5,76904,True,True,0,0,0.00010097026824951172
esci,C2s5,76950,False,False,0,0,1.7881393432617188e-07
esci,C2s5,76969,False,True,0,0,0.00012475252151489258
esci,C2s5,77343,False,True,0,0,8.380413055419922e-05
esci,C2s5,78347,False,True,0,0,8.237361907958984e-05
esci,C2s5,79143,False,True,0,0,0.00010097026824951172
esci,C2s5,79505,False,True,0,0,8.51750373840332e-05
esci,C2s5,80305,False,True,0,0,0.00010353326797485352
esci,C2s5,80453,True,True,0,0,0.00012689828872680664
esci,C2s5,80880,True,True,0,0,0.00012350082397460938
esci,C2s5,81029,False,True,0,0,7.104873657226562e-05
esci,C2s5,81301,True,True,0,0,0.00015342235565185547
esci,C2s5,81478,False,True,0,0,0.00011295080184936523
esci,C2s5,81547,False,True,0,0,9.745359420776367e-05
esci,C2s5,82738,False,True,0,0,0.00019627809524536133
esci,C2s5,82799,False,False,0,0,6.282329559326172e-05
esci,C2s5,82836,False,True,0,0,0.00011301040649414062
esci,C2s5,82977,False,True,0,0,0.0001112818717956543
esci,C2s5,83182,False,True,0,0,8.660554885864258e-05
esci,C2s5,83573,False,True,0,0,0.00012958049774169922
esci,C2s5,83860,False,True,0,0,0.00013947486877441406
esci,C2s5,84011,True,True,0,0,0.00012004375457763672
esci,C2s5,84333,False,True,0,0,0.00011867284774780273
esci,C2s5,84543,True,True,0,0,9.328126907348633e-05
esci,C2s5,84692,False,True,0,0,0.00012958049774169922
esci,C2s5,84752,False,True,0,0,0.0001386404037475586
esci,C2s5,84990,False,False,0,0,0.00012493133544921875
esci,C2s5,85202,False,True,0,0,0.00014480948448181152
esci,C2s5,85743,False,True,0,0,0.00012171268463134766
esci,C2s5,85956,False,True,0,0,0.00013393163681030273
esci,C2s5,87048,False,True,0,0,0.0001919269561767578
esci,C2s5,87098,False,True,0,0,0.00010347366333007812
esci,C2s5,87123,False,True,0,0,0.00012421607971191406
esci,C2s5,87931,False,True,0,0,0.0001990199089050293
esci,C2s5,88180,False,False,0,0,1.1920928955078125e-07
esci,C2s5,88972,False,True,0,0,0.0001507401466369629
esci,C2s5,89016,False,True,0,0,0.0001329183578491211
esci,C2s5,89094,False,True,0,0,0.0001361370086669922
esci,C2s5,89443,False,True,0,0,0.00015547871589660645
esci,C2s5,90070,False,False,0,0,1.1920928955078125e-07
esci,C2s5,90523,False,True,0,0,0.0001379847526550293
esci,C2s5,90653,False,True,0,0,0.00011610984802246094
esci,C2s5,90835,False,True,0,0,9.733438491821289e-05
esci,C2s5,90983,False,True,0,0,9.196996688842773e-05
esci,C2s5,91113,False,True,0,0,0.00010663270950317383
esci,C2s5,91245,False,True,0,0,0.00015407800674438477
esci,C2s5,91267,False,True,0,0,0.00012415647506713867
esci,C2s5,91452,False,True,0,0,0.00012826919555664062
esci,C2s5,91498,False,True,0,0,0.00012058019638061523
esci,C2s5,91539,False,True,0,0,0.00017023086547851562
esci,C2s5,91847,False,True,0,0,0.00011283159255981445
esci,C2s5,92217,False,False,0,0,0.00010073184967041016
esci,C2s5,92320,False,True,0,0,0.00013372302055358887
esci,C2s5,92627,False,True,0,0,7.62939453125e-05
esci,C2s5,92663,False,True,0,0,0.00012415647506713867
esci,C2s5,92720,False,True,0,0,0.0001157522201538086
esci,C2s5,92810,False,False,0,0,1.7881393432617188e-07
esci,C2s5,92928,False,True,0,0,8.600950241088867e-05
esci,C2s5,93169,False,False,0,0,2.384185791015625e-07
esci,C2s5,93559,True,True,0,0,9.5367431640625e-05
esci,C2s5,93654,False,True,0,0,0.00015228986740112305
esci,C2s5,93758,False,True,0,0,0.00015550851821899414
esci,C2s5,94456,False,False,0,0,0.00011742115020751953
esci,C2s5,94846,False,True,0,0,8.791685104370117e-05
esci,C2s5,94878,False,True,0,0,7.37905502319336e-05
esci,C2s5,94932,False,True,0,0,0.0001150369644165039
esci,C2s5,95116,False,True,0,0,0.00011551380157470703
esci,C2s5,95136,False,False,0,0,1.7881393432617188e-07
esci,C2s5,95453,False,True,0,0,0.00017058849334716797
esci,C2s5,95494,False,True,0,0,0.00011533498764038086
esci,C2s5,95886,False,True,0,0,0.00020545721054077148
esci,C2s5,95917,False,True,0,0,0.00010567903518676758
esci,C2s5,96045,False,True,0,0,0.00012934207916259766
esci,C2s5,96401,False,True,0,0,0.00010371208190917969
esci,C2s5,96535,False,False,0,0,1.7881393432617188e-07
esci,C2s5,96819,False,False,0,0,7.802248001098633e-05
esci,C2s5,98201,False,True,0,0,0.00026363134384155273
esci,C2s5,98425,False,True,0,0,0.00012385845184326172
esci,C2s5,98526,False,True,0,0,0.00011146068572998047
esci,C2s5,99391,False,True,0,0,0.00010216236114501953
esci,C2s5,99846,True,True,0,0,8.58306884765625e-05
esci,C2s5,100084,False,True,0,0,0.00014954805374145508
esci,C2s5,100330,False,True,0,0,0.00010699033737182617
esci,C2s5,100469,False,False,0,0,1.7881393432617188e-07
esci,C2s5,100474,False,True,0,0,0.00010466575622558594
esci,C2s5,100637,False,True,0,0,0.00011205673217773438
esci,C2s5,100807,False,True,0,0,0.00016075372695922852
esci,C2s5,101683,False,True,0,0,6.03795051574707e-05
esci,C2s5,101841,False,True,0,0,0.000118255615234375
esci,C2s5,102215,False,True,0,0,0.00012865662574768066
esci,C2s5,102308,False,True,0,0,0.00013059377670288086
esci,C2s5,102732,False,True,0,0,8.20159912109375e-05
esci,C2s5,102895,False,True,0,0,0.00015532970428466797
esci,C2s5,102991,False,True,0,0,0.00012034177780151367
esci,C2s5,103099,False,True,0,0,0.00016742944717407227
esci,C2s5,103248,False,True,0,0,0.00010472536087036133
esci,C2s5,103500,False,True,0,0,0.00014275312423706055
esci,C2s5,103612,False,True,0,0,0.0001342296600341797
esci,C2s5,103705,True,True,0,0,0.00012814998626708984
esci,C2s5,104116,False,True,0,0,9.018182754516602e-05
esci,C2s5,104212,True,True,0,0,0.00012201070785522461
esci,C2s5,104375,False,True,0,0,0.00013971328735351562
esci,C2s5,104485,False,True,0,0,0.0002791881561279297
esci,C2s5,104556,False,True,0,0,9.059906005859375e-05
esci,C2s5,104929,False,True,0,0,0.0001494288444519043
esci,C2s5,105336,False,True,0,0,0.0001341104507446289
esci,C2s5,105354,False,True,0,0,0.00016456842422485352
esci,C2s5,106080,False,True,0,0,0.00012814998626708984
esci,C2s5,106387,False,True,0,0,8.291006088256836e-05
esci,C2s5,106839,False,True,0,0,0.00013679265975952148
esci,C2s5,107789,False,True,0,0,0.00013309717178344727
esci,C2s5,107880,False,True,0,0,9.417533874511719e-05
esci,C2s5,107900,False,True,0,0,0.00021028518676757812
esci,C2s5,108093,False,True,0,0,0.00011777877807617188
esci,C2s5,108571,False,True,0,0,0.00017267465591430664
esci,C2s5,108769,False,False,0,0,6.765127182006836e-05
esci,C2s5,108964,False,True,0,0,0.00016075372695922852
esci,C2s5,109159,False,True,0,0,0.00010818243026733398
esci,C2s5,109658,False,True,0,0,0.0002086162567138672
esci,C2s5,110355,False,True,0,0,0.0001455545425415039
esci,C2s5,110443,False,True,0,0,0.00016033649444580078
esci,C2s5,110695,False,True,0,0,0.00016021728515625
esci,C2s5,110785,False,True,0,0,0.00017005205154418945
esci,C2s5,110848,False,True,0,0,0.00011554360389709473
esci,C2s5,110909,False,False,0,0,1.7881393432617188e-07
esci,C2s5,111397,False,False,0,0,1.1920928955078125e-07
esci,C2s5,111447,False,True,0,0,0.0001322627067565918
esci,C2s5,111629,False,True,0,0,0.0001857280731201172
esci,C2s5,111828,False,True,0,0,0.00010275840759277344
esci,C2s5,111876,False,True,0,0,9.053945541381836e-05
esci,C2s5,111913,False,False,0,0,1.1920928955078125e-07
esci,C2s5,111950,False,False,0,0,1.7881393432617188e-07
esci,C2s5,112070,False,False,0,0,1.7881393432617188e-07
esci,C2s5,112116,False,True,0,0,8.147954940795898e-05
esci,C2s5,112141,False,False,0,0,1.7881393432617188e-07
esci,C2s5,112578,True,True,0,0,0.00010913610458374023
esci,C2s5,112716,False,False,0,0,1.7881393432617188e-07
esci,C2s5,113321,False,False,0,0,1.7881393432617188e-07
esci,C2s5,113679,False,True,0,0,9.262561798095703e-05
esci,C2s5,114588,False,True,0,0,0.0001283884048461914
esci,C2s5,114599,False,True,0,0,0.0001271367073059082
esci,C2s5,114650,False,True,0,0,0.00012153387069702148
esci,C2s5,114793,False,True,0,0,0.0001404881477355957
esci,C2s5,114905,False,True,0,0,0.00010478496551513672
esci,C2s5,114954,False,True,0,0,0.00012546777725219727
esci,C2s5,115094,False,True,0,0,0.00026100873947143555
esci,C2s5,115539,False,False,0,0,1.7881393432617188e-07
