query_id,Recall@20,VI@20,Robust@20,Never@20,C0_Recall@20,C1_Recall@20,C2s1_Recall@20,C2s2_Recall@20,C2s3_Recall@20,C2s4_Recall@20,C2s5_Recall@20,Recall@100,VI@100,Robust@100,Never@100,C0_Recall@100,C1_Recall@100,C2s1_Recall@100,C2s2_Recall@100,C2s3_Recall@100,C2s4_Recall@100,C2s5_Recall@100,rank_range,worst_schedule@20,schedule_spread@20,worst_schedule@100,schedule_spread@100
0,0.4212454212454212,0.10256410256410256,0.358974358974359,0.5384615384615384,0.4358974358974359,0.4358974358974359,0.41025641025641024,0.41025641025641024,0.41025641025641024,0.41025641025641024,0.4358974358974359,0.7728937728937729,0.15384615384615385,0.6923076923076923,0.15384615384615385,0.7948717948717948,0.7435897435897436,0.7692307692307693,0.7692307692307693,0.7948717948717948,0.7435897435897436,0.7948717948717948,106.02564102564102,0.41025641025641024,0.02564102564102566,0.7435897435897436,0.05128205128205121
1,0.125,0.0,0.125,0.875,0.125,0.125,0.125,0.125,0.125,0.125,0.125,0.21428571428571427,0.25,0.125,0.625,0.25,0.125,0.125,0.125,0.375,0.25,0.25,214.625,0.125,0.0,0.125,0.25
2,0.12677388836329234,0.10596026490066225,0.0728476821192053,0.8211920529801324,0.12582781456953643,0.12582781456953643,0.12582781456953643,0.12582781456953643,0.12582781456953643,0.13245033112582782,0.12582781456953643,0.6480605487228004,0.06622516556291391,0.6291390728476821,0.304635761589404,0.6490066225165563,0.6490066225165563,0.6490066225165563,0.6490066225165563,0.6490066225165563,0.6490066225165563,0.6423841059602649,115.90066225165563,0.12582781456953643,0.006622516556291397,0.6423841059602649,0.0066225165562914245
3,0.14545454545454545,0.0,0.14545454545454545,0.8545454545454545,0.14545454545454545,0.14545454545454545,0.14545454545454545,0.14545454545454545,0.14545454545454545,0.14545454545454545,0.14545454545454545,0.26233766233766237,0.14545454545454545,0.18181818181818182,0.6727272727272727,0.2545454545454545,0.2727272727272727,0.2545454545454545,0.2727272727272727,0.2727272727272727,0.2545454545454545,0.2545454545454545,80.69090909090909,0.14545454545454545,0.0,0.2545454545454545,0.018181818181818188
4,0.043478260869565216,0.17391304347826086,0.0,0.8260869565217391,0.043478260869565216,0.043478260869565216,0.043478260869565216,0.0,0.043478260869565216,0.043478260869565216,0.08695652173913043,0.18633540372670807,0.17391304347826086,0.08695652173913043,0.7391304347826086,0.17391304347826086,0.2608695652173913,0.17391304347826086,0.17391304347826086,0.13043478260869565,0.17391304347826086,0.21739130434782608,400.0,0.0,0.08695652173913043,0.13043478260869565,0.13043478260869565
5,0.08379888268156424,0.12290502793296089,0.03910614525139665,0.8379888268156425,0.08379888268156424,0.09497206703910614,0.0782122905027933,0.08379888268156424,0.08379888268156424,0.0782122905027933,0.08379888268156424,0.3016759776536313,0.27932960893854747,0.17318435754189945,0.547486033519553,0.2849162011173184,0.31843575418994413,0.3016759776536313,0.3128491620111732,0.2905027932960894,0.3016759776536313,0.3016759776536313,212.41899441340783,0.0782122905027933,0.016759776536312845,0.2849162011173184,0.03351955307262572
6,0.046511627906976744,0.0,0.046511627906976744,0.9534883720930233,0.046511627906976744,0.046511627906976744,0.046511627906976744,0.046511627906976744,0.046511627906976744,0.046511627906976744,0.046511627906976744,0.05980066445182724,0.023255813953488372,0.046511627906976744,0.9302325581395349,0.06976744186046512,0.046511627906976744,0.046511627906976744,0.046511627906976744,0.06976744186046512,0.06976744186046512,0.06976744186046512,633.3023255813954,0.046511627906976744,0.0,0.046511627906976744,0.023255813953488372
7,0.5217391304347826,0.21739130434782608,0.43478260869565216,0.34782608695652173,0.5652173913043478,0.5652173913043478,0.5217391304347826,0.4782608695652174,0.5217391304347826,0.5217391304347826,0.4782608695652174,0.7515527950310559,0.13043478260869565,0.6956521739130435,0.17391304347826086,0.782608695652174,0.7391304347826086,0.7391304347826086,0.7391304347826086,0.7391304347826086,0.782608695652174,0.7391304347826086,40.78260869565217,0.4782608695652174,0.08695652173913038,0.7391304347826086,0.0434782608695653
8,0.5942857142857143,0.04,0.56,0.4,0.6,0.6,0.6,0.56,0.6,0.6,0.6,1.0,0.0,1.0,0.0,1.0,1.0,1.0,1.0,1.0,1.0,1.0,5.24,0.56,0.039999999999999925,1.0,0.0
9,0.25675675675675674,0.21621621621621623,0.14864864864864866,0.6351351351351351,0.25675675675675674,0.25675675675675674,0.25675675675675674,0.25675675675675674,0.25675675675675674,0.25675675675675674,0.25675675675675674,0.9613899613899614,0.12162162162162163,0.8648648648648649,0.013513513513513514,0.9594594594594594,0.9054054054054054,0.9594594594594594,0.972972972972973,0.9864864864864865,0.972972972972973,0.972972972972973,30.41891891891892,0.25675675675675674,0.0,0.9054054054054054,0.08108108108108114
10,0.5510204081632653,0.3333333333333333,0.38095238095238093,0.2857142857142857,0.5714285714285714,0.47619047619047616,0.6190476190476191,0.6190476190476191,0.5238095238095238,0.5238095238095238,0.5238095238095238,0.9591836734693877,0.09523809523809523,0.9047619047619048,0.0,0.9047619047619048,1.0,0.9523809523809523,0.9523809523809523,1.0,0.9047619047619048,1.0,22.285714285714285,0.47619047619047616,0.1428571428571429,0.9047619047619048,0.09523809523809523
11,0.2923076923076923,0.2,0.2,0.6,0.2923076923076923,0.2923076923076923,0.3076923076923077,0.2923076923076923,0.27692307692307694,0.2923076923076923,0.2923076923076923,0.9538461538461539,0.0,0.9538461538461539,0.046153846153846156,0.9538461538461539,0.9538461538461539,0.9538461538461539,0.9538461538461539,0.9538461538461539,0.9538461538461539,0.9538461538461539,30.630769230769232,0.27692307692307694,0.03076923076923077,0.9538461538461539,0.0
12,0.41798941798941797,0.14814814814814814,0.37037037037037035,0.48148148148148145,0.4074074074074074,0.4074074074074074,0.4074074074074074,0.4074074074074074,0.4444444444444444,0.4444444444444444,0.4074074074074074,0.8518518518518519,0.0,0.8518518518518519,0.14814814814814814,0.8518518518518519,0.8518518518518519,0.8518518518518519,0.8518518518518519,0.8518518518518519,0.8518518518518519,0.8518518518518519,20.074074074074073,0.4074074074074074,0.037037037037037035,0.8518518518518519,0.0
13,0.3571428571428571,0.10869565217391304,0.30434782608695654,0.5869565217391305,0.34782608695652173,0.34782608695652173,0.3695652173913043,0.34782608695652173,0.3695652173913043,0.34782608695652173,0.3695652173913043,0.8447204968944099,0.06521739130434782,0.8043478260869565,0.13043478260869565,0.8695652173913043,0.8043478260869565,0.8478260869565217,0.8478260869565217,0.8478260869565217,0.8478260869565217,0.8478260869565217,15.978260869565217,0.34782608695652173,0.021739130434782594,0.8043478260869565,0.06521739130434778
14,0.42857142857142855,0.2,0.35,0.45,0.45,0.45,0.4,0.45,0.35,0.45,0.45,0.6214285714285714,0.15,0.55,0.3,0.65,0.55,0.7,0.6,0.6,0.65,0.6,149.0,0.35,0.10000000000000003,0.55,0.1499999999999999
15,0.8571428571428572,0.5,0.5,0.0,1.0,0.5,1.0,0.5,1.0,1.0,1.0,1.0,0.0,1.0,0.0,1.0,1.0,1.0,1.0,1.0,1.0,1.0,13.5,0.5,0.5,1.0,0.0
16,0.10714285714285714,0.25,0.0,0.75,0.0,0.25,0.0,0.25,0.0,0.0,0.25,0.2857142857142857,0.25,0.25,0.5,0.25,0.25,0.25,0.5,0.25,0.25,0.25,103.75,0.0,0.25,0.25,0.25
17,0.18367346938775508,0.23809523809523808,0.09523809523809523,0.6666666666666666,0.19047619047619047,0.19047619047619047,0.19047619047619047,0.14285714285714285,0.19047619047619047,0.14285714285714285,0.23809523809523808,0.8163265306122449,0.23809523809523808,0.6666666666666666,0.09523809523809523,0.8095238095238095,0.7619047619047619,0.8095238095238095,0.9047619047619048,0.9047619047619048,0.8095238095238095,0.7142857142857143,26.61904761904762,0.14285714285714285,0.09523809523809523,0.7142857142857143,0.19047619047619047
18,0.4915966386554622,0.17647058823529413,0.4117647058823529,0.4117647058823529,0.47058823529411764,0.5294117647058824,0.5,0.5,0.47058823529411764,0.5,0.47058823529411764,0.8823529411764706,0.058823529411764705,0.8529411764705882,0.08823529411764706,0.8823529411764706,0.8823529411764706,0.8823529411764706,0.8529411764705882,0.8823529411764706,0.8823529411764706,0.9117647058823529,89.05882352941177,0.47058823529411764,0.05882352941176472,0.8529411764705882,0.05882352941176472
20,0.0,0.0,0.0,1.0,0.0,0.0,0.0,0.0,0.0,0.0,0.0,0.0,0.0,0.0,1.0,0.0,0.0,0.0,0.0,0.0,0.0,0.0,3972.3333333333335,0.0,0.0,0.0,0.0
21,0.0,0.0,0.0,1.0,0.0,0.0,0.0,0.0,0.0,0.0,0.0,0.0,0.0,0.0,1.0,0.0,0.0,0.0,0.0,0.0,0.0,0.0,104.0,0.0,0.0,0.0,0.0
22,0.0974025974025974,0.045454545454545456,0.09090909090909091,0.8636363636363636,0.09090909090909091,0.09090909090909091,0.09090909090909091,0.09090909090909091,0.09090909090909091,0.09090909090909091,0.13636363636363635,0.23376623376623373,0.13636363636363635,0.13636363636363635,0.7272727272727273,0.18181818181818182,0.2727272727272727,0.22727272727272727,0.22727272727272727,0.22727272727272727,0.22727272727272727,0.2727272727272727,76.9090909090909,0.09090909090909091,0.04545454545454544,0.18181818181818182,0.09090909090909088
24,0.11054421768707484,0.17857142857142858,0.011904761904761904,0.8095238095238095,0.14285714285714285,0.10714285714285714,0.11904761904761904,0.09523809523809523,0.13095238095238096,0.08333333333333333,0.09523809523809523,0.32142857142857145,0.15476190476190477,0.2261904761904762,0.6190476190476191,0.2857142857142857,0.30952380952380953,0.34523809523809523,0.32142857142857145,0.3333333333333333,0.34523809523809523,0.30952380952380953,157.42857142857142,0.08333333333333333,0.05952380952380952,0.2857142857142857,0.059523809523809534
25,0.0881057268722467,0.1013215859030837,0.03524229074889868,0.8634361233480177,0.0881057268722467,0.0881057268722467,0.0881057268722467,0.0881057268722467,0.0881057268722467,0.0881057268722467,0.0881057268722467,0.43612334801762115,0.12334801762114538,0.3876651982378855,0.4889867841409692,0.43612334801762115,0.43171806167400884,0.44052863436123346,0.43612334801762115,0.44052863436123346,0.43612334801762115,0.43171806167400884,57.30396475770925,0.0881057268722467,0.0,0.43171806167400884,0.008810572687224627
26,0.017938682322243965,0.028538812785388126,0.00684931506849315,0.9646118721461188,0.017123287671232876,0.017123287671232876,0.0182648401826484,0.017123287671232876,0.0182648401826484,0.0182648401826484,0.019406392694063926,0.08953033268101762,0.0684931506849315,0.05593607305936073,0.8755707762557078,0.09018264840182648,0.0867579908675799,0.09018264840182648,0.09018264840182648,0.08904109589041095,0.091324200913242,0.08904109589041095,443.777397260274,0.017123287671232876,0.00228310502283105,0.0867579908675799,0.0045662100456621
27,0.16,0.09,0.12,0.79,0.16,0.15,0.16,0.15,0.16,0.17,0.17,0.5,0.13,0.43,0.44,0.51,0.48,0.52,0.47,0.5,0.5,0.52,108.53,0.15,0.020000000000000018,0.47,0.050000000000000044
28,0.11020408163265305,0.08571428571428572,0.06857142857142857,0.8457142857142858,0.10857142857142857,0.11428571428571428,0.10857142857142857,0.11428571428571428,0.10857142857142857,0.10857142857142857,0.10857142857142857,0.5657142857142857,0.16,0.4857142857142857,0.35428571428571426,0.5657142857142857,0.5657142857142857,0.5657142857142857,0.5657142857142857,0.5657142857142857,0.5657142857142857,0.5657142857142857,42.565714285714286,0.10857142857142857,0.005714285714285713,0.5657142857142857,0.0
29,0.13768115942028986,0.15942028985507245,0.06521739130434782,0.7753623188405797,0.13768115942028986,0.13043478260869565,0.13768115942028986,0.13768115942028986,0.14492753623188406,0.13768115942028986,0.13768115942028986,0.6904761904761905,0.10869565217391304,0.6231884057971014,0.26811594202898553,0.6956521739130435,0.6956521739130435,0.6884057971014492,0.6739130434782609,0.6956521739130435,0.6956521739130435,0.6884057971014492,20.028985507246375,0.13043478260869565,0.014492753623188415,0.6739130434782609,0.021739130434782594
30,0.10714285714285715,0.125,0.045454545454545456,0.8295454545454546,0.10227272727272728,0.09090909090909091,0.11363636363636363,0.125,0.11363636363636363,0.09090909090909091,0.11363636363636363,0.4577922077922078,0.20454545454545456,0.32954545454545453,0.4659090909090909,0.4772727272727273,0.4659090909090909,0.45454545454545453,0.4431818181818182,0.4431818181818182,0.4659090909090909,0.45454545454545453,48.88636363636363,0.09090909090909091,0.03409090909090909,0.4431818181818182,0.034090909090909116
31,0.0,0.0,0.0,1.0,0.0,0.0,0.0,0.0,0.0,0.0,0.0,0.0,0.0,0.0,1.0,0.0,0.0,0.0,0.0,0.0,0.0,0.0,414.0,0.0,0.0,0.0,0.0
32,0.2380952380952381,0.3333333333333333,0.0,0.6666666666666666,0.0,0.3333333333333333,0.3333333333333333,0.3333333333333333,0.3333333333333333,0.0,0.3333333333333333,0.7142857142857143,0.3333333333333333,0.6666666666666666,0.0,0.6666666666666666,0.6666666666666666,0.6666666666666666,0.6666666666666666,0.6666666666666666,0.6666666666666666,1.0,68.66666666666667,0.0,0.3333333333333333,0.6666666666666666,0.33333333333333337
33,0.03428571428571429,0.064,0.016,0.92,0.032,0.024,0.04,0.04,0.032,0.032,0.04,0.1257142857142857,0.192,0.048,0.76,0.144,0.112,0.096,0.152,0.128,0.136,0.112,168.048,0.024,0.016,0.096,0.055999999999999994
34,0.037051184110007636,0.06417112299465241,0.01871657754010695,0.9171122994652406,0.0374331550802139,0.040106951871657755,0.040106951871657755,0.03208556149732621,0.034759358288770054,0.0374331550802139,0.0374331550802139,0.14935064935064934,0.19786096256684493,0.06684491978609626,0.7352941176470589,0.14705882352941177,0.1443850267379679,0.16310160427807488,0.1443850267379679,0.16310160427807488,0.14171122994652408,0.14171122994652408,178.77005347593584,0.03208556149732621,0.008021390374331548,0.14171122994652408,0.021390374331550804
35,0.022408963585434174,0.0196078431372549,0.0196078431372549,0.9607843137254902,0.0196078431372549,0.0196078431372549,0.0196078431372549,0.0196078431372549,0.0392156862745098,0.0196078431372549,0.0196078431372549,0.2549019607843137,0.0392156862745098,0.23529411764705882,0.7254901960784313,0.2549019607843137,0.2549019607843137,0.2549019607843137,0.2549019607843137,0.2549019607843137,0.2549019607843137,0.2549019607843137,21.176470588235293,0.0196078431372549,0.0196078431372549,0.2549019607843137,0.0
36,0.277992277992278,0.05405405405405406,0.2702702702702703,0.6756756756756757,0.2702702702702703,0.2972972972972973,0.2702702702702703,0.2972972972972973,0.2702702702702703,0.2702702702702703,0.2702702702702703,0.7335907335907336,0.02702702702702703,0.7297297297297297,0.24324324324324326,0.7297297297297297,0.7567567567567568,0.7297297297297297,0.7297297297297297,0.7297297297297297,0.7297297297297297,0.7297297297297297,17.216216216216218,0.2702702702702703,0.02702702702702703,0.7297297297297297,0.027027027027027084
37,0.09350649350649351,0.03636363636363636,0.07272727272727272,0.8909090909090909,0.10909090909090909,0.1,0.09090909090909091,0.08181818181818182,0.08181818181818182,0.1,0.09090909090909091,0.1974025974025974,0.045454545454545456,0.18181818181818182,0.7727272727272727,0.19090909090909092,0.2,0.19090909090909092,0.19090909090909092,0.20909090909090908,0.2,0.2,109.7,0.08181818181818182,0.027272727272727268,0.19090909090909092,0.01818181818181816
38,1.0,0.0,1.0,0.0,1.0,1.0,1.0,1.0,1.0,1.0,1.0,1.0,0.0,1.0,0.0,1.0,1.0,1.0,1.0,1.0,1.0,1.0,0.0,1.0,0.0,1.0,0.0
39,0.03225806451612903,0.0,0.03225806451612903,0.967741935483871,0.03225806451612903,0.03225806451612903,0.03225806451612903,0.03225806451612903,0.03225806451612903,0.03225806451612903,0.03225806451612903,0.40552995391705066,0.16129032258064516,0.3225806451612903,0.5161290322580645,0.3870967741935484,0.3870967741935484,0.41935483870967744,0.41935483870967744,0.41935483870967744,0.41935483870967744,0.3870967741935484,26.35483870967742,0.03225806451612903,0.0,0.3870967741935484,0.03225806451612906
40,0.26071428571428573,0.15,0.2,0.65,0.275,0.275,0.275,0.225,0.275,0.25,0.25,0.7607142857142857,0.25,0.625,0.125,0.825,0.725,0.775,0.725,0.725,0.8,0.75,60.275,0.225,0.05000000000000002,0.725,0.09999999999999998
41,0.556390977443609,0.05263157894736842,0.5263157894736842,0.42105263157894735,0.5263157894736842,0.5789473684210527,0.5789473684210527,0.5789473684210527,0.5263157894736842,0.5263157894736842,0.5789473684210527,0.8947368421052632,0.0,0.8947368421052632,0.10526315789473684,0.8947368421052632,0.8947368421052632,0.8947368421052632,0.8947368421052632,0.8947368421052632,0.8947368421052632,0.8947368421052632,17.526315789473685,0.5263157894736842,0.052631578947368474,0.8947368421052632,0.0
42,0.047619047619047616,0.3333333333333333,0.0,0.6666666666666666,0.0,0.0,0.0,0.0,0.0,0.3333333333333333,0.0,0.9523809523809524,0.3333333333333333,0.6666666666666666,0.0,1.0,1.0,1.0,1.0,0.6666666666666666,1.0,1.0,22.333333333333332,0.0,0.3333333333333333,0.6666666666666666,0.33333333333333337
43,0.7272727272727273,0.18181818181818182,0.5909090909090909,0.22727272727272727,0.7272727272727273,0.6363636363636364,0.7727272727272727,0.7727272727272727,0.7272727272727273,0.7272727272727273,0.7272727272727273,0.8701298701298701,0.045454545454545456,0.8636363636363636,0.09090909090909091,0.8636363636363636,0.8636363636363636,0.8636363636363636,0.9090909090909091,0.8636363636363636,0.8636363636363636,0.8636363636363636,32.18181818181818,0.6363636363636364,0.13636363636363635,0.8636363636363636,0.045454545454545414
44,0.06926406926406926,0.030303030303030304,0.06060606060606061,0.9090909090909091,0.06060606060606061,0.09090909090909091,0.06060606060606061,0.09090909090909091,0.06060606060606061,0.06060606060606061,0.06060606060606061,0.2813852813852814,0.2727272727272727,0.18181818181818182,0.5454545454545454,0.30303030303030304,0.24242424242424243,0.30303030303030304,0.30303030303030304,0.21212121212121213,0.3333333333333333,0.2727272727272727,73.0909090909091,0.06060606060606061,0.030303030303030304,0.21212121212121213,0.12121212121212119
45,0.08571428571428572,0.1,0.05,0.85,0.05,0.05,0.15,0.05,0.1,0.1,0.1,0.2,0.15,0.15,0.7,0.2,0.15,0.2,0.25,0.25,0.2,0.15,721.55,0.05,0.09999999999999999,0.15,0.1
46,0.7714285714285715,0.2,0.6,0.2,0.8,0.8,0.8,0.6,0.8,0.8,0.8,0.8,0.0,0.8,0.2,0.8,0.8,0.8,0.8,0.8,0.8,0.8,18.6,0.6,0.20000000000000007,0.8,0.0
48,1.0,0.0,1.0,0.0,1.0,1.0,1.0,1.0,1.0,1.0,1.0,1.0,0.0,1.0,0.0,1.0,1.0,1.0,1.0,1.0,1.0,1.0,6.0,1.0,0.0,1.0,0.0
50,0.09183673469387754,0.10714285714285714,0.07142857142857142,0.8214285714285714,0.07142857142857142,0.10714285714285714,0.10714285714285714,0.07142857142857142,0.10714285714285714,0.07142857142857142,0.10714285714285714,0.28061224489795916,0.35714285714285715,0.10714285714285714,0.5357142857142857,0.17857142857142858,0.35714285714285715,0.25,0.32142857142857145,0.2857142857142857,0.2857142857142857,0.2857142857142857,203.0,0.07142857142857142,0.03571428571428571,0.17857142857142858,0.17857142857142858
51,1.0,0.0,1.0,0.0,1.0,1.0,1.0,1.0,1.0,1.0,1.0,1.0,0.0,1.0,0.0,1.0,1.0,1.0,1.0,1.0,1.0,1.0,2.0,1.0,0.0,1.0,0.0
54,0.6,0.0,0.6,0.4,0.6,0.6,0.6,0.6,0.6,0.6,0.6,0.6,0.0,0.6,0.4,0.6,0.6,0.6,0.6,0.6,0.6,0.6,20.0,0.6,0.0,0.6,0.0
55,1.0,0.0,1.0,0.0,1.0,1.0,1.0,1.0,1.0,1.0,1.0,1.0,0.0,1.0,0.0,1.0,1.0,1.0,1.0,1.0,1.0,1.0,0.0,1.0,0.0,1.0,0.0
57,1.0,0.0,1.0,0.0,1.0,1.0,1.0,1.0,1.0,1.0,1.0,1.0,0.0,1.0,0.0,1.0,1.0,1.0,1.0,1.0,1.0,1.0,10.0,1.0,0.0,1.0,0.0
58,0.04081632653061224,0.06349206349206349,0.031746031746031744,0.9047619047619048,0.06349206349206349,0.031746031746031744,0.047619047619047616,0.031746031746031744,0.031746031746031744,0.031746031746031744,0.047619047619047616,0.29024943310657597,0.36507936507936506,0.1111111111111111,0.5238095238095238,0.36507936507936506,0.30158730158730157,0.2857142857142857,0.25396825396825395,0.30158730158730157,0.23809523809523808,0.2857142857142857,113.19047619047619,0.031746031746031744,0.031746031746031744,0.23809523809523808,0.12698412698412698
59,0.46511627906976744,0.23255813953488372,0.3953488372093023,0.37209302325581395,0.46511627906976744,0.46511627906976744,0.46511627906976744,0.46511627906976744,0.46511627906976744,0.46511627906976744,0.46511627906976744,0.9833887043189369,0.023255813953488372,0.9767441860465116,0.0,1.0,0.9767441860465116,1.0,0.9767441860465116,0.9767441860465116,0.9767441860465116,0.9767441860465116,8.674418604651162,0.46511627906976744,0.0,0.9767441860465116,0.023255813953488413
60,1.0,0.0,1.0,0.0,1.0,1.0,1.0,1.0,1.0,1.0,1.0,1.0,0.0,1.0,0.0,1.0,1.0,1.0,1.0,1.0,1.0,1.0,2.3333333333333335,1.0,0.0,1.0,0.0
61,0.0,0.0,0.0,1.0,0.0,0.0,0.0,0.0,0.0,0.0,0.0,1.0,0.0,1.0,0.0,1.0,1.0,1.0,1.0,1.0,1.0,1.0,49.0,0.0,0.0,1.0,0.0
62,0.761904761904762,0.1111111111111111,0.6666666666666666,0.2222222222222222,0.7777777777777778,0.7777777777777778,0.6666666666666666,0.7777777777777778,0.7777777777777778,0.7777777777777778,0.7777777777777778,0.8888888888888888,0.0,0.8888888888888888,0.1111111111111111,0.8888888888888888,0.8888888888888888,0.8888888888888888,0.8888888888888888,0.8888888888888888,0.8888888888888888,0.8888888888888888,4.111111111111111,0.6666666666666666,0.11111111111111116,0.8888888888888888,0.0
63,0.23809523809523808,0.1111111111111111,0.20833333333333334,0.6805555555555556,0.2222222222222222,0.2361111111111111,0.2361111111111111,0.2361111111111111,0.25,0.2361111111111111,0.25,0.8630952380952381,0.09722222222222222,0.8194444444444444,0.08333333333333333,0.875,0.8888888888888888,0.8611111111111112,0.875,0.8611111111111112,0.8472222222222222,0.8333333333333334,35.236111111111114,0.2222222222222222,0.02777777777777779,0.8333333333333334,0.05555555555555547
64,1.0,0.0,1.0,0.0,1.0,1.0,1.0,1.0,1.0,1.0,1.0,1.0,0.0,1.0,0.0,1.0,1.0,1.0,1.0,1.0,1.0,1.0,7.0,1.0,0.0,1.0,0.0
65,0.13909774436090225,0.05263157894736842,0.13157894736842105,0.8157894736842105,0.13157894736842105,0.15789473684210525,0.15789473684210525,0.13157894736842105,0.13157894736842105,0.13157894736842105,0.13157894736842105,0.6917293233082706,0.07894736842105263,0.6578947368421053,0.2631578947368421,0.6842105263157895,0.6842105263157895,0.7105263157894737,0.6842105263157895,0.6842105263157895,0.7105263157894737,0.6842105263157895,10.631578947368421,0.13157894736842105,0.02631578947368421,0.6842105263157895,0.02631578947368418
66,1.0,0.0,1.0,0.0,1.0,1.0,1.0,1.0,1.0,1.0,1.0,1.0,0.0,1.0,0.0,1.0,1.0,1.0,1.0,1.0,1.0,1.0,0.0,1.0,0.0,1.0,0.0
68,0.17014446227929372,0.1348314606741573,0.11235955056179775,0.7528089887640449,0.16853932584269662,0.16853932584269662,0.16853932584269662,0.16853932584269662,0.1797752808988764,0.1797752808988764,0.15730337078651685,0.7431781701444622,0.0898876404494382,0.6966292134831461,0.21348314606741572,0.7528089887640449,0.7415730337078652,0.7415730337078652,0.7415730337078652,0.7303370786516854,0.7528089887640449,0.7415730337078652,23.269662921348313,0.15730337078651685,0.02247191011235955,0.7303370786516854,0.022471910112359494
69,0.03296703296703297,0.15384615384615385,0.0,0.8461538461538461,0.07692307692307693,0.07692307692307693,0.07692307692307693,0.0,0.0,0.0,0.0,0.6923076923076923,0.0,0.6923076923076923,0.3076923076923077,0.6923076923076923,0.6923076923076923,0.6923076923076923,0.6923076923076923,0.6923076923076923,0.6923076923076923,0.6923076923076923,223.07692307692307,0.0,0.07692307692307693,0.6923076923076923,0.0
70,1.0,0.0,1.0,0.0,1.0,1.0,1.0,1.0,1.0,1.0,1.0,1.0,0.0,1.0,0.0,1.0,1.0,1.0,1.0,1.0,1.0,1.0,0.0,1.0,0.0,1.0,0.0
71,0.22492401215805471,0.2765957446808511,0.06382978723404255,0.6595744680851063,0.2127659574468085,0.2553191489361702,0.19148936170212766,0.2127659574468085,0.2553191489361702,0.19148936170212766,0.2553191489361702,0.8054711246200608,0.06382978723404255,0.7659574468085106,0.1702127659574468,0.8085106382978723,0.8085106382978723,0.7872340425531915,0.8085106382978723,0.8085106382978723,0.7872340425531915,0.8297872340425532,18.78723404255319,0.19148936170212766,0.06382978723404253,0.7872340425531915,0.04255319148936165
72,0.22184873949579834,0.3176470588235294,0.07058823529411765,0.611764705882353,0.2235294117647059,0.21176470588235294,0.2235294117647059,0.2235294117647059,0.2235294117647059,0.2235294117647059,0.2235294117647059,0.8857142857142858,0.07058823529411765,0.8470588235294118,0.08235294117647059,0.8823529411764706,0.8823529411764706,0.8941176470588236,0.8823529411764706,0.8823529411764706,0.8823529411764706,0.8941176470588236,65.23529411764706,0.21176470588235294,0.011764705882352955,0.8823529411764706,0.01176470588235301
74,1.0,0.0,1.0,0.0,1.0,1.0,1.0,1.0,1.0,1.0,1.0,1.0,0.0,1.0,0.0,1.0,1.0,1.0,1.0,1.0,1.0,1.0,0.6666666666666666,1.0,0.0,1.0,0.0
75,0.0,0.0,0.0,1.0,0.0,0.0,0.0,0.0,0.0,0.0,0.0,0.07142857142857142,0.25,0.0,0.75,0.0,0.0,0.0,0.25,0.0,0.25,0.0,1319.5,0.0,0.0,0.0,0.25
76,0.0,0.0,0.0,1.0,0.0,0.0,0.0,0.0,0.0,0.0,0.0,0.0,0.0,0.0,1.0,0.0,0.0,0.0,0.0,0.0,0.0,0.0,63.5,0.0,0.0,0.0,0.0
77,0.0,0.0,0.0,1.0,0.0,0.0,0.0,0.0,0.0,0.0,0.0,1.0,0.0,1.0,0.0,1.0,1.0,1.0,1.0,1.0,1.0,1.0,41.0,0.0,0.0,1.0,0.0
78,0.0,0.0,0.0,1.0,0.0,0.0,0.0,0.0,0.0,0.0,0.0,0.14285714285714285,0.3333333333333333,0.0,0.6666666666666666,0.0,0.3333333333333333,0.3333333333333333,0.0,0.0,0.0,0.3333333333333333,179.66666666666666,0.0,0.0,0.0,0.3333333333333333
80,0.16117216117216118,0.1794871794871795,0.10256410256410256,0.717948717948718,0.20512820512820512,0.15384615384615385,0.20512820512820512,0.10256410256410256,0.1282051282051282,0.1794871794871795,0.15384615384615385,0.6190476190476191,0.1282051282051282,0.5384615384615384,0.3333333333333333,0.6410256410256411,0.6153846153846154,0.6410256410256411,0.5641025641025641,0.6410256410256411,0.5897435897435898,0.6410256410256411,51.56410256410256,0.10256410256410256,0.10256410256410256,0.5641025641025641,0.07692307692307698
81,0.10095238095238095,0.25333333333333335,0.013333333333333334,0.7333333333333333,0.12,0.08,0.09333333333333334,0.09333333333333334,0.09333333333333334,0.08,0.14666666666666667,0.3828571428571429,0.24,0.24,0.52,0.37333333333333335,0.3333333333333333,0.4266666666666667,0.36,0.41333333333333333,0.38666666666666666,0.38666666666666666,112.10666666666667,0.08,0.06666666666666667,0.3333333333333333,0.09333333333333338
82,0.03504043126684636,0.09433962264150944,0.0,0.9056603773584906,0.018867924528301886,0.03773584905660377,0.03773584905660377,0.018867924528301886,0.03773584905660377,0.03773584905660377,0.05660377358490566,0.14285714285714285,0.16981132075471697,0.07547169811320754,0.7547169811320755,0.1509433962264151,0.1509433962264151,0.09433962264150944,0.1509433962264151,0.1320754716981132,0.1509433962264151,0.16981132075471697,205.9433962264151,0.018867924528301886,0.03773584905660378,0.09433962264150944,0.07547169811320753
84,0.0,0.0,0.0,1.0,0.0,0.0,0.0,0.0,0.0,0.0,0.0,0.0,0.0,0.0,1.0,0.0,0.0,0.0,0.0,0.0,0.0,0.0,435.0,0.0,0.0,0.0,0.0
86,0.4857142857142857,0.2,0.4,0.4,0.4666666666666667,0.5333333333333333,0.4666666666666667,0.5333333333333333,0.4,0.5333333333333333,0.4666666666666667,1.0,0.0,1.0,0.0,1.0,1.0,1.0,1.0,1.0,1.0,1.0,9.533333333333333,0.4,0.1333333333333333,1.0,0.0
88,0.0,0.0,0.0,1.0,0.0,0.0,0.0,0.0,0.0,0.0,0.0,0.14285714285714285,1.0,0.0,0.0,0.0,1.0,0.0,0.0,0.0,0.0,0.0,177.0,0.0,0.0,0.0,1.0
89,0.10084033613445378,0.04411764705882353,0.08823529411764706,0.8676470588235294,0.08823529411764706,0.10294117647058823,0.11764705882352941,0.08823529411764706,0.08823529411764706,0.10294117647058823,0.11764705882352941,0.47689075630252103,0.11764705882352941,0.4264705882352941,0.45588235294117646,0.47058823529411764,0.5,0.45588235294117646,0.47058823529411764,0.47058823529411764,0.4852941176470588,0.4852941176470588,115.75,0.08823529411764706,0.029411764705882346,0.45588235294117646,0.04411764705882354
91,0.375,0.0,0.375,0.625,0.375,0.375,0.375,0.375,0.375,0.375,0.375,0.625,0.0,0.625,0.375,0.625,0.625,0.625,0.625,0.625,0.625,0.625,70.125,0.375,0.0,0.625,0.0
93,0.024630541871921183,0.05172413793103448,0.017241379310344827,0.9310344827586207,0.017241379310344827,0.034482758620689655,0.017241379310344827,0.05172413793103448,0.017241379310344827,0.017241379310344827,0.017241379310344827,0.1625615763546798,0.1206896551724138,0.08620689655172414,0.7931034482758621,0.1724137931034483,0.15517241379310345,0.1724137931034483,0.1896551724137931,0.15517241379310345,0.13793103448275862,0.15517241379310345,200.31034482758622,0.017241379310344827,0.034482758620689655,0.13793103448275862,0.051724137931034475
94,0.25,0.0,0.25,0.75,0.25,0.25,0.25,0.25,0.25,0.25,0.25,1.0,0.0,1.0,0.0,1.0,1.0,1.0,1.0,1.0,1.0,1.0,11.0,0.25,0.0,1.0,0.0
95,0.0,0.0,0.0,1.0,0.0,0.0,0.0,0.0,0.0,0.0,0.0,0.0,0.0,0.0,1.0,0.0,0.0,0.0,0.0,0.0,0.0,0.0,715.0816326530612,0.0,0.0,0.0,0.0
96,0.22666666666666666,0.12,0.14666666666666667,0.7333333333333333,0.22666666666666666,0.22666666666666666,0.22666666666666666,0.22666666666666666,0.22666666666666666,0.22666666666666666,0.22666666666666666,0.8361904761904762,0.09333333333333334,0.7866666666666666,0.12,0.8266666666666667,0.8266666666666667,0.8533333333333334,0.8666666666666667,0.84,0.8133333333333334,0.8266666666666667,21.56,0.22666666666666666,0.0,0.8133333333333334,0.053333333333333344
97,0.0,0.0,0.0,1.0,0.0,0.0,0.0,0.0,0.0,0.0,0.0,0.8571428571428571,1.0,0.0,0.0,1.0,0.0,1.0,1.0,1.0,1.0,1.0,85.0,0.0,0.0,0.0,1.0
100,0.052809749492213946,0.05687203791469194,0.02843601895734597,0.9146919431279621,0.052132701421800945,0.061611374407582936,0.052132701421800945,0.05687203791469194,0.05687203791469194,0.04265402843601896,0.04739336492890995,0.2186865267433988,0.17061611374407584,0.12796208530805686,0.7014218009478673,0.22748815165876776,0.1895734597156398,0.21800947867298578,0.22274881516587677,0.22274881516587677,0.22274881516587677,0.22748815165876776,121.11848341232228,0.04265402843601896,0.018957345971563976,0.1895734597156398,0.037914691943127965
101,0.10714285714285714,0.25,0.0,0.75,0.0,0.25,0.0,0.25,0.25,0.0,0.0,0.2857142857142857,0.25,0.25,0.5,0.25,0.25,0.5,0.25,0.25,0.25,0.25,702.75,0.0,0.25,0.25,0.25
102,0.343358395989975,0.3508771929824561,0.22807017543859648,0.42105263157894735,0.3333333333333333,0.3333333333333333,0.3508771929824561,0.3333333333333333,0.3508771929824561,0.3508771929824561,0.3508771929824561,1.0,0.0,1.0,0.0,1.0,1.0,1.0,1.0,1.0,1.0,1.0,16.473684210526315,0.3333333333333333,0.017543859649122806,1.0,0.0
103,0.07080745341614907,0.09130434782608696,0.021739130434782608,0.8869565217391304,0.06956521739130435,0.07391304347826087,0.06521739130434782,0.07391304347826087,0.07391304347826087,0.06956521739130435,0.06956521739130435,0.3080745341614907,0.2,0.21739130434782608,0.5826086956521739,0.30869565217391304,0.30869565217391304,0.30869565217391304,0.3130434782608696,0.30869565217391304,0.30434782608695654,0.30434782608695654,47.391304347826086,0.06521739130434782,0.008695652173913049,0.30434782608695654,0.008695652173913049
104,0.4166666666666667,0.0,0.4166666666666667,0.5833333333333334,0.4166666666666667,0.4166666666666667,0.4166666666666667,0.4166666666666667,0.4166666666666667,0.4166666666666667,0.4166666666666667,0.5119047619047619,0.08333333333333333,0.5,0.4166666666666667,0.5,0.5,0.5,0.5,0.5,0.5,0.5833333333333334,160.83333333333334,0.4166666666666667,0.0,0.5,0.08333333333333337
105,0.3064516129032258,0.08064516129032258,0.27419354838709675,0.6451612903225806,0.3064516129032258,0.3064516129032258,0.3064516129032258,0.3064516129032258,0.3064516129032258,0.3064516129032258,0.3064516129032258,0.8387096774193549,0.08064516129032258,0.7903225806451613,0.12903225806451613,0.8548387096774194,0.8548387096774194,0.8225806451612904,0.8225806451612904,0.8387096774193549,0.8225806451612904,0.8548387096774194,13.403225806451612,0.3064516129032258,0.0,0.8225806451612904,0.032258064516129004
106,0.5396825396825397,0.19444444444444445,0.4166666666666667,0.3888888888888889,0.5277777777777778,0.5555555555555556,0.5277777777777778,0.5555555555555556,0.5277777777777778,0.5277777777777778,0.5555555555555556,0.9126984126984126,0.027777777777777776,0.8888888888888888,0.08333333333333333,0.9166666666666666,0.9166666666666666,0.9166666666666666,0.9166666666666666,0.8888888888888888,0.9166666666666666,0.9166666666666666,78.72222222222223,0.5277777777777778,0.02777777777777779,0.8888888888888888,0.02777777777777779
107,0.05647840531561463,0.023255813953488372,0.046511627906976744,0.9302325581395349,0.06976744186046512,0.046511627906976744,0.06976744186046512,0.06976744186046512,0.046511627906976744,0.046511627906976744,0.046511627906976744,0.2026578073089701,0.3023255813953488,0.09302325581395349,0.6046511627906976,0.11627906976744186,0.18604651162790697,0.18604651162790697,0.2558139534883721,0.18604651162790697,0.23255813953488372,0.2558139534883721,318.95348837209303,0.046511627906976744,0.023255813953488372,0.11627906976744186,0.13953488372093026
108,0.24691358024691357,0.07407407407407407,0.19753086419753085,0.7283950617283951,0.24691358024691357,0.24691358024691357,0.24691358024691357,0.24691358024691357,0.24691358024691357,0.24691358024691357,0.24691358024691357,0.9365079365079365,0.024691358024691357,0.9259259259259259,0.04938271604938271,0.9382716049382716,0.9259259259259259,0.9382716049382716,0.9259259259259259,0.9382716049382716,0.9382716049382716,0.9506172839506173,10.222222222222221,0.24691358024691357,0.0,0.9259259259259259,0.024691358024691357
109,0.5128205128205128,0.41025641025641024,0.3076923076923077,0.28205128205128205,0.5128205128205128,0.5128205128205128,0.5128205128205128,0.5128205128205128,0.5128205128205128,0.5128205128205128,0.5128205128205128,1.0,0.0,1.0,0.0,1.0,1.0,1.0,1.0,1.0,1.0,1.0,10.256410256410257,0.5128205128205128,0.0,1.0,0.0
111,0.2898550724637681,0.11594202898550725,0.2318840579710145,0.6521739130434783,0.2898550724637681,0.2898550724637681,0.2898550724637681,0.2898550724637681,0.2898550724637681,0.2898550724637681,0.2898550724637681,0.9233954451345756,0.028985507246376812,0.8985507246376812,0.07246376811594203,0.927536231884058,0.927536231884058,0.927536231884058,0.9130434782608695,0.927536231884058,0.927536231884058,0.9130434782608695,55.26086956521739,0.2898550724637681,0.0,0.9130434782608695,0.01449275362318847
112,0.07518796992481203,0.07142857142857142,0.05639097744360902,0.8721804511278195,0.07518796992481203,0.07518796992481203,0.07518796992481203,0.07518796992481203,0.07518796992481203,0.07518796992481203,0.07518796992481203,0.3684210526315789,0.14285714285714285,0.3007518796992481,0.556390977443609,0.3684210526315789,0.3684210526315789,0.3684210526315789,0.3684210526315789,0.3684210526315789,0.3684210526315789,0.3684210526315789,89.81203007518798,0.07518796992481203,0.0,0.3684210526315789,0.0
113,0.26666666666666666,0.13333333333333333,0.18666666666666668,0.68,0.26666666666666666,0.26666666666666666,0.26666666666666666,0.26666666666666666,0.26666666666666666,0.26666666666666666,0.26666666666666666,0.9771428571428572,0.02666666666666667,0.96,0.013333333333333334,0.9733333333333334,0.9866666666666667,0.9866666666666667,0.9733333333333334,0.96,0.9866666666666667,0.9733333333333334,46.64,0.26666666666666666,0.0,0.96,0.026666666666666727
114,0.3333333333333333,0.0,0.3333333333333333,0.6666666666666666,0.3333333333333333,0.3333333333333333,0.3333333333333333,0.3333333333333333,0.3333333333333333,0.3333333333333333,0.3333333333333333,0.3333333333333333,0.0,0.3333333333333333,0.6666666666666666,0.3333333333333333,0.3333333333333333,0.3333333333333333,0.3333333333333333,0.3333333333333333,0.3333333333333333,0.3333333333333333,216.66666666666666,0.3333333333333333,0.0,0.3333333333333333,0.0
115,0.09900990099009901,0.0891089108910891,0.054455445544554455,0.8564356435643564,0.09900990099009901,0.09900990099009901,0.09900990099009901,0.09900990099009901,0.09900990099009901,0.09900990099009901,0.09900990099009901,0.4801980198019802,0.12376237623762376,0.4158415841584158,0.4603960396039604,0.4801980198019802,0.4801980198019802,0.4801980198019802,0.4801980198019802,0.4801980198019802,0.4801980198019802,0.4801980198019802,40.75247524752475,0.09900990099009901,0.0,0.4801980198019802,0.0
117,0.047991071428571425,0.0859375,0.0234375,0.890625,0.0390625,0.0390625,0.046875,0.0546875,0.0546875,0.0546875,0.046875,0.33705357142857145,0.2109375,0.25,0.5390625,0.3359375,0.3359375,0.3359375,0.328125,0.34375,0.3359375,0.34375,133.40625,0.0390625,0.015625,0.328125,0.015625
118,0.12158054711246201,0.07446808510638298,0.0851063829787234,0.8404255319148937,0.1276595744680851,0.11702127659574468,0.11702127659574468,0.1276595744680851,0.11702127659574468,0.10638297872340426,0.13829787234042554,0.6945288753799392,0.13829787234042554,0.6276595744680851,0.23404255319148937,0.6914893617021277,0.7021276595744681,0.6914893617021277,0.7021276595744681,0.7021276595744681,0.6808510638297872,0.6914893617021277,36.06382978723404,0.10638297872340426,0.03191489361702128,0.6808510638297872,0.021276595744680882
119,0.11844484629294756,0.05063291139240506,0.0949367088607595,0.8544303797468354,0.12025316455696203,0.11392405063291139,0.12025316455696203,0.12025316455696203,0.11392405063291139,0.12025316455696203,0.12025316455696203,0.34538878842676307,0.0379746835443038,0.3291139240506329,0.6329113924050633,0.34810126582278483,0.33544303797468356,0.34810126582278483,0.34810126582278483,0.34810126582278483,0.34177215189873417,0.34810126582278483,279.87974683544303,0.11392405063291139,0.006329113924050639,0.33544303797468356,0.012658227848101278
120,0.5541125541125541,0.36363636363636365,0.36363636363636365,0.2727272727272727,0.5454545454545454,0.5454545454545454,0.5454545454545454,0.5757575757575758,0.5757575757575758,0.5454545454545454,0.5454545454545454,1.0,0.0,1.0,0.0,1.0,1.0,1.0,1.0,1.0,1.0,1.0,9.030303030303031,0.5454545454545454,0.030303030303030387,1.0,0.0
121,0.026957890594254227,0.045454545454545456,0.009641873278236915,0.9449035812672176,0.026170798898071626,0.027548209366391185,0.027548209366391185,0.027548209366391185,0.024793388429752067,0.027548209366391185,0.027548209366391185,0.12199921290830382,0.15151515151515152,0.05922865013774105,0.7892561983471075,0.11983471074380166,0.11983471074380166,0.12121212121212122,0.12396694214876033,0.12534435261707988,0.12121212121212122,0.12258953168044077,236.27685950413223,0.024793388429752067,0.0027548209366391185,0.11983471074380166,0.005509641873278223
122,0.04838095238095238,0.037333333333333336,0.032,0.9306666666666666,0.050666666666666665,0.048,0.048,0.050666666666666665,0.04533333333333334,0.050666666666666665,0.04533333333333334,0.16647619047619047,0.10666666666666667,0.10933333333333334,0.784,0.15733333333333333,0.168,0.17333333333333334,0.16,0.168,0.17066666666666666,0.168,385.53066666666666,0.04533333333333334,0.005333333333333329,0.15733333333333333,0.016000000000000014
123,0.06646294881588999,0.053475935828877004,0.0374331550802139,0.9090909090909091,0.06417112299465241,0.0748663101604278,0.053475935828877004,0.06951871657754011,0.0748663101604278,0.06951871657754011,0.058823529411764705,0.11993888464476699,0.06417112299465241,0.09090909090909091,0.8449197860962567,0.12834224598930483,0.12834224598930483,0.11229946524064172,0.11229946524064172,0.12299465240641712,0.11764705882352941,0.11764705882352941,631.8877005347593,0.053475935828877004,0.021390374331550797,0.11229946524064172,0.01604278074866311
124,0.015873015873015872,0.043209876543209874,0.0,0.9567901234567902,0.012345679012345678,0.021604938271604937,0.018518518518518517,0.018518518518518517,0.012345679012345678,0.015432098765432098,0.012345679012345678,0.09215167548500881,0.1388888888888889,0.033950617283950615,0.8271604938271605,0.08333333333333333,0.08333333333333333,0.11419753086419752,0.08950617283950617,0.08333333333333333,0.09876543209876543,0.09259259259259259,254.42283950617283,0.012345679012345678,0.009259259259259259,0.08333333333333333,0.030864197530864196
125,0.14285714285714285,1.0,0.0,0.0,0.0,0.0,0.0,1.0,0.0,0.0,0.0,1.0,0.0,1.0,0.0,1.0,1.0,1.0,1.0,1.0,1.0,1.0,30.0,0.0,1.0,1.0,0.0
126,0.08298755186721991,0.07883817427385892,0.04564315352697095,0.8755186721991701,0.08298755186721991,0.08298755186721991,0.08298755186721991,0.08298755186721991,0.08298755186721991,0.08298755186721991,0.08298755186721991,0.3781861292234736,0.13692946058091288,0.31950207468879666,0.5435684647302904,0.3941908713692946,0.36929460580912865,0.36929460580912865,0.3817427385892116,0.3775933609958506,0.3775933609958506,0.3775933609958506,103.10373443983403,0.08298755186721991,0.0,0.36929460580912865,0.024896265560165942
127,0.11769991015274035,0.05660377358490566,0.0880503144654088,0.8553459119496856,0.11949685534591195,0.11949685534591195,0.11320754716981132,0.11949685534591195,0.11949685534591195,0.11320754716981132,0.11949685534591195,0.5660377358490566,0.20125786163522014,0.46540880503144655,0.3333333333333333,0.5660377358490566,0.5660377358490566,0.5660377358490566,0.559748427672956,0.5660377358490566,0.5660377358490566,0.5723270440251572,30.232704402515722,0.11320754716981132,0.0062893081761006275,0.559748427672956,0.012578616352201255
128,0.17699115044247787,0.22123893805309736,0.07964601769911504,0.6991150442477876,0.17699115044247787,0.17699115044247787,0.17699115044247787,0.17699115044247787,0.17699115044247787,0.17699115044247787,0.17699115044247787,0.4804045512010114,0.17699115044247787,0.3893805309734513,0.4336283185840708,0.49557522123893805,0.49557522123893805,0.49557522123893805,0.4424778761061947,0.48672566371681414,0.5132743362831859,0.4336283185840708,189.38938053097345,0.17699115044247787,0.0,0.4336283185840708,0.07964601769911506
129,0.5408163265306122,0.4642857142857143,0.25,0.2857142857142857,0.5,0.5357142857142857,0.5,0.5714285714285714,0.5714285714285714,0.5714285714285714,0.5357142857142857,0.8571428571428571,0.0,0.8571428571428571,0.14285714285714285,0.8571428571428571,0.8571428571428571,0.8571428571428571,0.8571428571428571,0.8571428571428571,0.8571428571428571,0.8571428571428571,84.53571428571429,0.5,0.0714285714285714,0.8571428571428571,0.0
130,0.0038197097020626434,0.0053475935828877,0.0,0.9946524064171123,0.0053475935828877,0.0053475935828877,0.0053475935828877,0.0,0.0053475935828877,0.0053475935828877,0.0,0.007639419404125287,0.0106951871657754,0.0053475935828877,0.983957219251337,0.0053475935828877,0.0106951871657754,0.0106951871657754,0.0053475935828877,0.0053475935828877,0.0106951871657754,0.0053475935828877,570.1978609625669,0.0,0.0053475935828877,0.0053475935828877,0.0053475935828877
131,0.09165978530140378,0.1329479768786127,0.03468208092485549,0.8323699421965318,0.08670520231213873,0.08670520231213873,0.09826589595375723,0.09248554913294797,0.08670520231213873,0.09826589595375723,0.09248554913294797,0.4830718414533443,0.12138728323699421,0.4161849710982659,0.4624277456647399,0.4797687861271676,0.47398843930635837,0.49710982658959535,0.4797687861271676,0.4797687861271676,0.48554913294797686,0.48554913294797686,52.40462427745665,0.08670520231213873,0.011560693641618505,0.47398843930635837,0.023121387283236983
132,0.272108843537415,0.23809523809523808,0.16666666666666666,0.5952380952380952,0.2619047619047619,0.2619047619047619,0.30952380952380953,0.21428571428571427,0.2857142857142857,0.30952380952380953,0.2619047619047619,0.6360544217687075,0.047619047619047616,0.5952380952380952,0.35714285714285715,0.6428571428571429,0.6428571428571429,0.6428571428571429,0.6190476190476191,0.6428571428571429,0.6190476190476191,0.6428571428571429,430.73809523809524,0.21428571428571427,0.09523809523809526,0.6190476190476191,0.023809523809523836
133,0.11680672268907563,0.15294117647058825,0.052941176470588235,0.7941176470588235,0.11176470588235295,0.11764705882352941,0.11764705882352941,0.11764705882352941,0.11764705882352941,0.11764705882352941,0.11764705882352941,0.5386554621848739,0.19411764705882353,0.43529411764705883,0.37058823529411766,0.5529411764705883,0.5352941176470588,0.5235294117647059,0.5411764705882353,0.5470588235294118,0.5352941176470588,0.5352941176470588,48.36470588235294,0.11176470588235295,0.005882352941176464,0.5235294117647059,0.02941176470588236
134,0.19047619047619047,0.3333333333333333,0.0,0.6666666666666666,0.0,0.3333333333333333,0.3333333333333333,0.0,0.3333333333333333,0.0,0.3333333333333333,0.6190476190476191,0.3333333333333333,0.3333333333333333,0.3333333333333333,0.6666666666666666,0.6666666666666666,0.3333333333333333,0.6666666666666666,0.6666666666666666,0.6666666666666666,0.6666666666666666,68.33333333333333,0.0,0.3333333333333333,0.3333333333333333,0.3333333333333333
135,0.34285714285714286,0.4,0.1,0.5,0.5,0.3,0.4,0.3,0.4,0.2,0.3,0.7142857142857142,0.2,0.6,0.2,0.8,0.7,0.8,0.7,0.6,0.7,0.7,134.2,0.2,0.3,0.6,0.20000000000000007
137,0.125,0.275,0.025,0.7,0.125,0.1,0.125,0.1375,0.1125,0.15,0.125,0.38392857142857145,0.2375,0.2625,0.5,0.425,0.3625,0.4125,0.3625,0.375,0.3375,0.4125,118.7875,0.1,0.04999999999999999,0.3375,0.08749999999999997
138,0.13883299798792756,0.1267605633802817,0.07746478873239436,0.795774647887324,0.13380281690140844,0.14084507042253522,0.14084507042253522,0.14084507042253522,0.14084507042253522,0.14084507042253522,0.13380281690140844,0.6810865191146881,0.15492957746478872,0.5845070422535211,0.2605633802816901,0.676056338028169,0.676056338028169,0.676056338028169,0.6901408450704225,0.6830985915492958,0.6830985915492958,0.6830985915492958,21.366197183098592,0.13380281690140844,0.007042253521126779,0.676056338028169,0.014084507042253502
140,0.3333333333333333,0.0,0.3333333333333333,0.6666666666666666,0.3333333333333333,0.3333333333333333,0.3333333333333333,0.3333333333333333,0.3333333333333333,0.3333333333333333,0.3333333333333333,0.6666666666666666,0.0,0.6666666666666666,0.3333333333333333,0.6666666666666666,0.6666666666666666,0.6666666666666666,0.6666666666666666,0.6666666666666666,0.6666666666666666,0.6666666666666666,12.0,0.3333333333333333,0.0,0.6666666666666666,0.0
141,0.3333333333333333,0.0,0.3333333333333333,0.6666666666666666,0.3333333333333333,0.3333333333333333,0.3333333333333333,0.3333333333333333,0.3333333333333333,0.3333333333333333,0.3333333333333333,0.6666666666666666,0.0,0.6666666666666666,0.3333333333333333,0.6666666666666666,0.6666666666666666,0.6666666666666666,0.6666666666666666,0.6666666666666666,0.6666666666666666,0.6666666666666666,220.33333333333334,0.3333333333333333,0.0,0.6666666666666666,0.0
142,0.2,0.0,0.2,0.8,0.2,0.2,0.2,0.2,0.2,0.2,0.2,0.2,0.0,0.2,0.8,0.2,0.2,0.2,0.2,0.2,0.2,0.2,136.2,0.2,0.0,0.2,0.0
143,0.0,0.0,0.0,1.0,0.0,0.0,0.0,0.0,0.0,0.0,0.0,0.23809523809523805,0.6666666666666666,0.0,0.3333333333333333,0.0,0.3333333333333333,0.3333333333333333,0.0,0.3333333333333333,0.3333333333333333,0.3333333333333333,55.333333333333336,0.0,0.0,0.0,0.3333333333333333
144,0.16379310344827586,0.2672413793103448,0.0603448275862069,0.6724137931034483,0.16379310344827586,0.16379310344827586,0.16379310344827586,0.16379310344827586,0.16379310344827586,0.16379310344827586,0.16379310344827586,0.852216748768473,0.10344827586206896,0.8017241379310345,0.09482758620689655,0.853448275862069,0.853448275862069,0.8448275862068966,0.853448275862069,0.853448275862069,0.853448275862069,0.853448275862069,28.655172413793103,0.16379310344827586,0.0,0.8448275862068966,0.008620689655172376
145,0.25,0.15625,0.125,0.71875,0.21875,0.25,0.28125,0.21875,0.28125,0.25,0.25,0.46875,0.0,0.46875,0.53125,0.46875,0.46875,0.46875,0.46875,0.46875,0.46875,0.46875,449.03125,0.21875,0.0625,0.46875,0.0
146,0.0,0.0,0.0,1.0,0.0,0.0,0.0,0.0,0.0,0.0,0.0,0.0,0.0,0.0,1.0,0.0,0.0,0.0,0.0,0.0,0.0,0.0,452.25,0.0,0.0,0.0,0.0
147,0.9047619047619048,0.08333333333333333,0.8333333333333334,0.08333333333333333,0.8333333333333334,0.9166666666666666,0.9166666666666666,0.9166666666666666,0.9166666666666666,0.9166666666666666,0.9166666666666666,0.9166666666666666,0.0,0.9166666666666666,0.08333333333333333,0.9166666666666666,0.9166666666666666,0.9166666666666666,0.9166666666666666,0.9166666666666666,0.9166666666666666,0.9166666666666666,28.5,0.8333333333333334,0.08333333333333326,0.9166666666666666,0.0
148,0.08247422680412371,0.030927835051546393,0.07216494845360824,0.8969072164948454,0.08247422680412371,0.08247422680412371,0.08247422680412371,0.07731958762886598,0.08762886597938144,0.08247422680412371,0.08247422680412371,0.211340206185567,0.12886597938144329,0.15979381443298968,0.711340206185567,0.21649484536082475,0.21649484536082475,0.20618556701030927,0.211340206185567,0.20618556701030927,0.21649484536082475,0.20618556701030927,2431.9742268041236,0.07731958762886598,0.010309278350515455,0.20618556701030927,0.010309278350515483
149,0.09308755760368664,0.05806451612903226,0.07096774193548387,0.8709677419354839,0.0967741935483871,0.08387096774193549,0.0967741935483871,0.09032258064516129,0.09032258064516129,0.0967741935483871,0.0967741935483871,0.3474654377880184,0.16774193548387098,0.2838709677419355,0.5483870967741935,0.36129032258064514,0.3419354838709677,0.3419354838709677,0.34838709677419355,0.33548387096774196,0.3419354838709677,0.36129032258064514,1289.8193548387096,0.08387096774193549,0.012903225806451604,0.33548387096774196,0.02580645161290318
150,0.8979591836734694,0.047619047619047616,0.8571428571428571,0.09523809523809523,0.8571428571428571,0.9047619047619048,0.9047619047619048,0.9047619047619048,0.9047619047619048,0.9047619047619048,0.9047619047619048,0.9523809523809523,0.0,0.9523809523809523,0.047619047619047616,0.9523809523809523,0.9523809523809523,0.9523809523809523,0.9523809523809523,0.9523809523809523,0.9523809523809523,0.9523809523809523,276.2857142857143,0.8571428571428571,0.04761904761904767,0.9523809523809523,0.0
151,0.017913832199546485,0.022222222222222223,0.006349206349206349,0.9714285714285714,0.015873015873015872,0.01904761904761905,0.020634920634920634,0.015873015873015872,0.01904761904761905,0.01904761904761905,0.015873015873015872,0.09773242630385487,0.05873015873015873,0.06666666666666667,0.8746031746031746,0.09523809523809523,0.10158730158730159,0.09523809523809523,0.1,0.09841269841269841,0.09682539682539683,0.09682539682539683,349.94761904761907,0.015873015873015872,0.004761904761904762,0.09523809523809523,0.006349206349206354
152,0.009316770186335404,0.021739130434782608,0.0,0.9782608695652174,0.021739130434782608,0.0,0.0,0.0,0.0,0.021739130434782608,0.021739130434782608,0.02795031055900621,0.021739130434782608,0.021739130434782608,0.9565217391304348,0.021739130434782608,0.043478260869565216,0.043478260869565216,0.021739130434782608,0.021739130434782608,0.021739130434782608,0.021739130434782608,586.3913043478261,0.0,0.021739130434782608,0.021739130434782608,0.021739130434782608
153,0.10738916256157635,0.07586206896551724,0.06896551724137931,0.8551724137931035,0.1103448275862069,0.1103448275862069,0.10344827586206896,0.1103448275862069,0.1103448275862069,0.10344827586206896,0.10344827586206896,0.35566502463054184,0.08275862068965517,0.32413793103448274,0.593103448275862,0.3586206896551724,0.3586206896551724,0.3586206896551724,0.3586206896551724,0.35172413793103446,0.3448275862068966,0.3586206896551724,1650.8689655172413,0.10344827586206896,0.006896551724137931,0.3448275862068966,0.013793103448275834
155,0.5,0.0,0.5,0.5,0.5,0.5,0.5,0.5,0.5,0.5,0.5,0.5,0.0,0.5,0.5,0.5,0.5,0.5,0.5,0.5,0.5,0.5,157.125,0.5,0.0,0.5,0.0
156,0.3007518796992481,0.42105263157894735,0.10526315789473684,0.47368421052631576,0.21052631578947367,0.3157894736842105,0.3157894736842105,0.42105263157894735,0.2631578947368421,0.2631578947368421,0.3157894736842105,1.0,0.0,1.0,0.0,1.0,1.0,1.0,1.0,1.0,1.0,1.0,18.842105263157894,0.21052631578947367,0.21052631578947367,1.0,0.0
157,0.2184873949579832,0.19607843137254902,0.11764705882352941,0.6862745098039216,0.19607843137254902,0.23529411764705882,0.23529411764705882,0.21568627450980393,0.19607843137254902,0.23529411764705882,0.21568627450980393,0.6722689075630252,0.17647058823529413,0.5686274509803921,0.2549019607843137,0.7058823529411765,0.6470588235294118,0.6666666666666666,0.6666666666666666,0.6862745098039216,0.6666666666666666,0.6666666666666666,79.19607843137256,0.19607843137254902,0.0392156862745098,0.6470588235294118,0.05882352941176472
158,0.3051948051948052,0.3409090909090909,0.1590909090909091,0.5,0.3181818181818182,0.2727272727272727,0.3181818181818182,0.29545454545454547,0.3181818181818182,0.29545454545454547,0.3181818181818182,0.8116883116883117,0.20454545454545456,0.7045454545454546,0.09090909090909091,0.7954545454545454,0.7954545454545454,0.8181818181818182,0.8409090909090909,0.7954545454545454,0.8181818181818182,0.8181818181818182,36.40909090909091,0.2727272727272727,0.04545454545454547,0.7954545454545454,0.045454545454545525
159,0.2012288786482335,0.07526881720430108,0.16129032258064516,0.7634408602150538,0.20430107526881722,0.20430107526881722,0.20430107526881722,0.1935483870967742,0.20430107526881722,0.1935483870967742,0.20430107526881722,0.8064516129032258,0.06451612903225806,0.7741935483870968,0.16129032258064516,0.8172043010752689,0.8172043010752689,0.8064516129032258,0.8064516129032258,0.8064516129032258,0.7956989247311828,0.7956989247311828,162.40860215053763,0.1935483870967742,0.010752688172043029,0.7956989247311828,0.021505376344086113
160,0.084070796460177,0.0752212389380531,0.05309734513274336,0.8716814159292036,0.084070796460177,0.084070796460177,0.084070796460177,0.084070796460177,0.084070796460177,0.084070796460177,0.084070796460177,0.3786346396965866,0.1902654867256637,0.29646017699115046,0.5132743362831859,0.38495575221238937,0.3805309734513274,0.3805309734513274,0.37610619469026546,0.3805309734513274,0.3805309734513274,0.3672566371681416,576.8451327433628,0.084070796460177,0.0,0.3672566371681416,0.01769911504424776
161,0.03007518796992481,0.02631578947368421,0.02631578947368421,0.9473684210526315,0.02631578947368421,0.02631578947368421,0.02631578947368421,0.05263157894736842,0.02631578947368421,0.02631578947368421,0.02631578947368421,0.09774436090225565,0.10526315789473684,0.05263157894736842,0.8421052631578947,0.10526315789473684,0.05263157894736842,0.10526315789473684,0.10526315789473684,0.13157894736842105,0.10526315789473684,0.07894736842105263,277.63157894736844,0.02631578947368421,0.02631578947368421,0.05263157894736842,0.07894736842105263
162,0.049689440993788817,0.08695652173913043,0.0,0.9130434782608695,0.0,0.0,0.043478260869565216,0.08695652173913043,0.08695652173913043,0.08695652173913043,0.043478260869565216,0.09937888198757763,0.08695652173913043,0.043478260869565216,0.8695652173913043,0.13043478260869565,0.043478260869565216,0.08695652173913043,0.08695652173913043,0.13043478260869565,0.08695652173913043,0.13043478260869565,571.1304347826087,0.0,0.08695652173913043,0.043478260869565216,0.08695652173913043
163,0.3130699088145896,0.10638297872340426,0.2553191489361702,0.6382978723404256,0.2978723404255319,0.3404255319148936,0.3191489361702128,0.3404255319148936,0.3191489361702128,0.2978723404255319,0.2765957446808511,0.9361702127659575,0.0,0.9361702127659575,0.06382978723404255,0.9361702127659575,0.9361702127659575,0.9361702127659575,0.9361702127659575,0.9361702127659575,0.9361702127659575,0.9361702127659575,15.851063829787234,0.2765957446808511,0.06382978723404253,0.9361702127659575,0.0
164,0.05022321428571429,0.046875,0.0234375,0.9296875,0.0625,0.046875,0.046875,0.0546875,0.046875,0.0546875,0.0390625,0.15066964285714285,0.1015625,0.109375,0.7890625,0.1640625,0.125,0.1640625,0.1328125,0.1328125,0.1640625,0.171875,417.046875,0.0390625,0.0234375,0.125,0.046875
165,0.20703933747412007,0.11594202898550725,0.13043478260869565,0.7536231884057971,0.21739130434782608,0.21739130434782608,0.21739130434782608,0.18840579710144928,0.18840579710144928,0.21739130434782608,0.2028985507246377,0.525879917184265,0.2028985507246377,0.391304347826087,0.4057971014492754,0.5217391304347826,0.5362318840579711,0.463768115942029,0.5797101449275363,0.5507246376811594,0.5217391304347826,0.5072463768115942,59.65217391304348,0.18840579710144928,0.0289855072463768,0.463768115942029,0.11594202898550726
166,0.6703296703296704,0.2692307692307692,0.5384615384615384,0.19230769230769232,0.6923076923076923,0.6538461538461539,0.6538461538461539,0.6538461538461539,0.6538461538461539,0.6923076923076923,0.6923076923076923,0.8846153846153846,0.0,0.8846153846153846,0.11538461538461539,0.8846153846153846,0.8846153846153846,0.8846153846153846,0.8846153846153846,0.8846153846153846,0.8846153846153846,0.8846153846153846,44.96153846153846,0.6538461538461539,0.038461538461538436,0.8846153846153846,0.0
167,0.1839080459770115,0.12643678160919541,0.13793103448275862,0.735632183908046,0.1839080459770115,0.1839080459770115,0.1839080459770115,0.1839080459770115,0.1839080459770115,0.1839080459770115,0.1839080459770115,0.6863711001642037,0.13793103448275862,0.6206896551724138,0.2413793103448276,0.6666666666666666,0.7126436781609196,0.6896551724137931,0.7011494252873564,0.6781609195402298,0.6896551724137931,0.6666666666666666,176.20689655172413,0.1839080459770115,0.0,0.6666666666666666,0.04597701149425293
169,0.1111111111111111,0.0,0.1111111111111111,0.8888888888888888,0.1111111111111111,0.1111111111111111,0.1111111111111111,0.1111111111111111,0.1111111111111111,0.1111111111111111,0.1111111111111111,0.25925925925925924,0.07407407407407407,0.2222222222222222,0.7037037037037037,0.25925925925925924,0.25925925925925924,0.2222222222222222,0.2962962962962963,0.25925925925925924,0.25925925925925924,0.25925925925925924,627.925925925926,0.1111111111111111,0.0,0.2222222222222222,0.07407407407407407
170,0.18181818181818182,0.12121212121212122,0.13131313131313133,0.7474747474747475,0.18181818181818182,0.18181818181818182,0.18181818181818182,0.18181818181818182,0.18181818181818182,0.18181818181818182,0.18181818181818182,0.6753246753246753,0.1111111111111111,0.6464646464646465,0.24242424242424243,0.6868686868686869,0.6666666666666666,0.6767676767676768,0.6868686868686869,0.6666666666666666,0.6666666666666666,0.6767676767676768,240.34343434343435,0.18181818181818182,0.0,0.6666666666666666,0.02020202020202022
172,0.47619047619047616,0.19047619047619047,0.38095238095238093,0.42857142857142855,0.47619047619047616,0.47619047619047616,0.47619047619047616,0.47619047619047616,0.47619047619047616,0.47619047619047616,0.47619047619047616,0.9965986394557822,0.023809523809523808,0.9761904761904762,0.0,1.0,1.0,1.0,0.9761904761904762,1.0,1.0,1.0,7.333333333333333,0.47619047619047616,0.0,0.9761904761904762,0.023809523809523836
173,0.0,0.0,0.0,1.0,0.0,0.0,0.0,0.0,0.0,0.0,0.0,0.0,0.0,0.0,1.0,0.0,0.0,0.0,0.0,0.0,0.0,0.0,1465.5,0.0,0.0,0.0,0.0
175,0.2816326530612245,0.18571428571428572,0.18571428571428572,0.6285714285714286,0.2857142857142857,0.2857142857142857,0.2714285714285714,0.2857142857142857,0.2714285714285714,0.2857142857142857,0.2857142857142857,0.6571428571428571,0.14285714285714285,0.5857142857142857,0.2714285714285714,0.6571428571428571,0.6428571428571429,0.6571428571428571,0.6428571428571429,0.6857142857142857,0.6428571428571429,0.6714285714285714,32.74285714285714,0.2714285714285714,0.01428571428571429,0.6428571428571429,0.042857142857142816
176,0.6708074534161491,0.13043478260869565,0.6086956521739131,0.2608695652173913,0.6521739130434783,0.6956521739130435,0.6521739130434783,0.6956521739130435,0.6956521739130435,0.6521739130434783,0.6521739130434783,0.8385093167701863,0.08695652173913043,0.8260869565217391,0.08695652173913043,0.8695652173913043,0.8260869565217391,0.8260869565217391,0.8260869565217391,0.8260869565217391,0.8260869565217391,0.8695652173913043,31.043478260869566,0.6521739130434783,0.04347826086956519,0.8260869565217391,0.04347826086956519
177,0.20535714285714285,0.0625,0.1875,0.75,0.1875,0.1875,0.25,0.1875,0.1875,0.1875,0.25,0.4375,0.125,0.375,0.5,0.4375,0.375,0.4375,0.4375,0.5,0.4375,0.4375,117.875,0.1875,0.0625,0.375,0.125
178,0.16666666666666666,0.125,0.125,0.75,0.16666666666666666,0.125,0.20833333333333334,0.16666666666666666,0.16666666666666666,0.125,0.20833333333333334,1.0,0.0,1.0,0.0,1.0,1.0,1.0,1.0,1.0,1.0,1.0,5.958333333333333,0.125,0.08333333333333334,1.0,0.0
180,0.20634920634920637,0.125,0.1527777777777778,0.7222222222222222,0.20833333333333334,0.2222222222222222,0.19444444444444445,0.20833333333333334,0.20833333333333334,0.19444444444444445,0.20833333333333334,0.6984126984126984,0.1527777777777778,0.6388888888888888,0.20833333333333334,0.7222222222222222,0.6944444444444444,0.6944444444444444,0.6666666666666666,0.7083333333333334,0.6944444444444444,0.7083333333333334,46.361111111111114,0.19444444444444445,0.027777777777777762,0.6666666666666666,0.05555555555555558
181,0.18956043956043958,0.25,0.08653846153846154,0.6634615384615384,0.19230769230769232,0.18269230769230768,0.19230769230769232,0.18269230769230768,0.19230769230769232,0.19230769230769232,0.19230769230769232,0.717032967032967,0.3557692307692308,0.49038461538461536,0.15384615384615385,0.6923076923076923,0.7692307692307693,0.7019230769230769,0.7115384615384616,0.7211538461538461,0.7115384615384616,0.7115384615384616,107.75,0.18269230769230768,0.009615384615384637,0.6923076923076923,0.07692307692307698
182,0.33004926108374383,0.20689655172413793,0.2413793103448276,0.5517241379310345,0.3275862068965517,0.3275862068965517,0.3275862068965517,0.3275862068965517,0.3448275862068966,0.3275862068965517,0.3275862068965517,0.9827586206896551,0.05172413793103448,0.9482758620689655,0.0,0.9827586206896551,0.9827586206896551,0.9827586206896551,1.0,0.9482758620689655,0.9827586206896551,1.0,15.068965517241379,0.3275862068965517,0.017241379310344862,0.9482758620689655,0.051724137931034475
183,0.7857142857142857,0.16666666666666666,0.6666666666666666,0.16666666666666666,0.6666666666666666,0.6666666666666666,0.8333333333333334,0.8333333333333334,0.8333333333333334,0.8333333333333334,0.8333333333333334,1.0,0.0,1.0,0.0,1.0,1.0,1.0,1.0,1.0,1.0,1.0,6.333333333333333,0.6666666666666666,0.16666666666666674,1.0,0.0
184,0.19612590799031476,0.13559322033898305,0.13559322033898305,0.7288135593220338,0.22033898305084745,0.1864406779661017,0.1694915254237288,0.22033898305084745,0.1864406779661017,0.2033898305084746,0.1864406779661017,0.6828087167070218,0.11864406779661017,0.6101694915254238,0.2711864406779661,0.6949152542372882,0.6779661016949152,0.6779661016949152,0.6949152542372882,0.6949152542372882,0.6779661016949152,0.6610169491525424,22.28813559322034,0.1694915254237288,0.05084745762711865,0.6610169491525424,0.03389830508474578
185,0.5882352941176471,0.058823529411764705,0.5588235294117647,0.38235294117647056,0.5882352941176471,0.5882352941176471,0.5882352941176471,0.5882352941176471,0.5882352941176471,0.5882352941176471,0.5882352941176471,0.9705882352941176,0.0,0.9705882352941176,0.029411764705882353,0.9705882352941176,0.9705882352941176,0.9705882352941176,0.9705882352941176,0.9705882352941176,0.9705882352941176,0.9705882352941176,35.411764705882355,0.5882352941176471,0.0,0.9705882352941176,0.0
186,0.2857142857142857,0.75,0.0,0.25,0.25,0.25,0.25,0.5,0.25,0.25,0.25,0.6785714285714286,0.5,0.25,0.25,0.5,0.75,0.75,0.75,0.75,0.5,0.75,80.5,0.25,0.25,0.5,0.25
188,0.125,0.0,0.125,0.875,0.125,0.125,0.125,0.125,0.125,0.125,0.125,0.39285714285714285,0.5,0.125,0.375,0.375,0.5,0.5,0.25,0.375,0.5,0.25,169.375,0.125,0.0,0.25,0.25
189,0.1658986175115207,0.0967741935483871,0.0967741935483871,0.8064516129032258,0.16129032258064516,0.1935483870967742,0.1935483870967742,0.12903225806451613,0.16129032258064516,0.16129032258064516,0.16129032258064516,0.33640552995391704,0.12903225806451613,0.25806451612903225,0.6129032258064516,0.3870967741935484,0.3225806451612903,0.3225806451612903,0.2903225806451613,0.3225806451612903,0.3225806451612903,0.3870967741935484,40.483870967741936,0.12903225806451613,0.06451612903225806,0.2903225806451613,0.09677419354838707
190,0.0,0.0,0.0,1.0,0.0,0.0,0.0,0.0,0.0,0.0,0.0,0.0,0.0,0.0,1.0,0.0,0.0,0.0,0.0,0.0,0.0,0.0,361.6,0.0,0.0,0.0,0.0
195,1.0,0.0,1.0,0.0,1.0,1.0,1.0,1.0,1.0,1.0,1.0,1.0,0.0,1.0,0.0,1.0,1.0,1.0,1.0,1.0,1.0,1.0,2.0,1.0,0.0,1.0,0.0
197,0.2360248447204969,0.30434782608695654,0.08695652173913043,0.6086956521739131,0.21739130434782608,0.21739130434782608,0.34782608695652173,0.2608695652173913,0.17391304347826086,0.21739130434782608,0.21739130434782608,0.9316770186335404,0.08695652173913043,0.9130434782608695,0.0,0.9130434782608695,0.9130434782608695,1.0,0.9130434782608695,0.9565217391304348,0.9130434782608695,0.9130434782608695,26.347826086956523,0.17391304347826086,0.17391304347826086,0.9130434782608695,0.08695652173913049
198,0.18571428571428572,0.1,0.1,0.8,0.2,0.2,0.2,0.1,0.2,0.2,0.2,0.5571428571428572,0.4,0.3,0.3,0.6,0.5,0.6,0.5,0.6,0.5,0.6,74.0,0.1,0.1,0.5,0.09999999999999998
200,1.0,0.0,1.0,0.0,1.0,1.0,1.0,1.0,1.0,1.0,1.0,1.0,0.0,1.0,0.0,1.0,1.0,1.0,1.0,1.0,1.0,1.0,1.3333333333333333,1.0,0.0,1.0,0.0
202,0.25396825396825395,0.17777777777777778,0.15555555555555556,0.6666666666666666,0.28888888888888886,0.2222222222222222,0.2222222222222222,0.26666666666666666,0.24444444444444444,0.26666666666666666,0.26666666666666666,0.8,0.13333333333333333,0.7111111111111111,0.15555555555555556,0.8,0.8222222222222222,0.8222222222222222,0.8222222222222222,0.7777777777777778,0.8,0.7555555555555555,33.577777777777776,0.2222222222222222,0.06666666666666665,0.7555555555555555,0.06666666666666665
203,0.5428571428571429,0.8,0.2,0.0,0.4,0.6,1.0,0.6,0.2,0.4,0.6,1.0,0.0,1.0,0.0,1.0,1.0,1.0,1.0,1.0,1.0,1.0,14.6,0.2,0.8,1.0,0.0
204,0.3469387755102041,0.14285714285714285,0.2857142857142857,0.5714285714285714,0.2857142857142857,0.42857142857142855,0.2857142857142857,0.2857142857142857,0.2857142857142857,0.42857142857142855,0.42857142857142855,0.979591836734694,0.14285714285714285,0.8571428571428571,0.0,1.0,0.8571428571428571,1.0,1.0,1.0,1.0,1.0,15.714285714285714,0.2857142857142857,0.14285714285714285,0.8571428571428571,0.1428571428571429
205,0.6428571428571429,0.25,0.5,0.25,0.6666666666666666,0.5833333333333334,0.6666666666666666,0.5833333333333334,0.75,0.5833333333333334,0.6666666666666666,1.0,0.0,1.0,0.0,1.0,1.0,1.0,1.0,1.0,1.0,1.0,12.166666666666666,0.5833333333333334,0.16666666666666663,1.0,0.0
206,1.0,0.0,1.0,0.0,1.0,1.0,1.0,1.0,1.0,1.0,1.0,1.0,0.0,1.0,0.0,1.0,1.0,1.0,1.0,1.0,1.0,1.0,1.5,1.0,0.0,1.0,0.0
210,0.8412698412698413,0.3333333333333333,0.6666666666666666,0.0,0.8888888888888888,0.8888888888888888,0.8888888888888888,0.8888888888888888,0.7777777777777778,0.7777777777777778,0.7777777777777778,1.0,0.0,1.0,0.0,1.0,1.0,1.0,1.0,1.0,1.0,1.0,8.666666666666666,0.7777777777777778,0.11111111111111105,1.0,0.0
212,0.5,0.0,0.5,0.5,0.5,0.5,0.5,0.5,0.5,0.5,0.5,1.0,0.0,1.0,0.0,1.0,1.0,1.0,1.0,1.0,1.0,1.0,11.5,0.5,0.0,1.0,0.0
213,1.0,0.0,1.0,0.0,1.0,1.0,1.0,1.0,1.0,1.0,1.0,1.0,0.0,1.0,0.0,1.0,1.0,1.0,1.0,1.0,1.0,1.0,1.0,1.0,0.0,1.0,0.0
215,0.1,0.0,0.1,0.9,0.1,0.1,0.1,0.1,0.1,0.1,0.1,0.26666666666666666,0.16666666666666666,0.2,0.6333333333333333,0.2,0.3,0.3,0.23333333333333334,0.23333333333333334,0.3333333333333333,0.26666666666666666,201.8,0.1,0.0,0.2,0.1333333333333333
216,0.8035714285714286,0.25,0.625,0.125,0.875,0.875,0.75,0.875,0.875,0.75,0.625,0.875,0.0,0.875,0.125,0.875,0.875,0.875,0.875,0.875,0.875,0.875,14.875,0.625,0.25,0.875,0.0
220,0.25824175824175827,0.28846153846153844,0.11538461538461539,0.5961538461538461,0.23076923076923078,0.2692307692307692,0.28846153846153844,0.25,0.25,0.25,0.2692307692307692,0.9313186813186813,0.057692307692307696,0.8846153846153846,0.057692307692307696,0.9423076923076923,0.9423076923076923,0.9423076923076923,0.9423076923076923,0.9423076923076923,0.9038461538461539,0.9038461538461539,24.884615384615383,0.23076923076923078,0.057692307692307654,0.9038461538461539,0.038461538461538436
221,0.09784735812133073,0.0547945205479452,0.0684931506849315,0.8767123287671232,0.0958904109589041,0.0958904109589041,0.0821917808219178,0.1232876712328767,0.0821917808219178,0.1095890410958904,0.0958904109589041,0.4187866927592955,0.2465753424657534,0.3013698630136986,0.4520547945205479,0.3972602739726027,0.410958904109589,0.3972602739726027,0.4383561643835616,0.410958904109589,0.4520547945205479,0.4246575342465753,192.2876712328767,0.0821917808219178,0.0410958904109589,0.3972602739726027,0.0547945205479452
222,0.03225806451612903,0.0,0.03225806451612903,0.967741935483871,0.03225806451612903,0.03225806451612903,0.03225806451612903,0.03225806451612903,0.03225806451612903,0.03225806451612903,0.03225806451612903,0.0967741935483871,0.0967741935483871,0.03225806451612903,0.8709677419354839,0.0967741935483871,0.12903225806451613,0.12903225806451613,0.0967741935483871,0.03225806451612903,0.0967741935483871,0.0967741935483871,1000.6129032258065,0.03225806451612903,0.0,0.03225806451612903,0.0967741935483871
223,1.0,0.0,1.0,0.0,1.0,1.0,1.0,1.0,1.0,1.0,1.0,1.0,0.0,1.0,0.0,1.0,1.0,1.0,1.0,1.0,1.0,1.0,9.0,1.0,0.0,1.0,0.0
224,0.12337662337662338,0.09090909090909091,0.09090909090909091,0.8181818181818182,0.13636363636363635,0.13636363636363635,0.09090909090909091,0.18181818181818182,0.09090909090909091,0.09090909090909091,0.13636363636363635,0.7727272727272727,0.09090909090909091,0.7272727272727273,0.18181818181818182,0.7727272727272727,0.7727272727272727,0.7727272727272727,0.7727272727272727,0.7727272727272727,0.7727272727272727,0.7727272727272727,29.863636363636363,0.09090909090909091,0.09090909090909091,0.7727272727272727,0.0
225,1.0,0.0,1.0,0.0,1.0,1.0,1.0,1.0,1.0,1.0,1.0,1.0,0.0,1.0,0.0,1.0,1.0,1.0,1.0,1.0,1.0,1.0,3.5,1.0,0.0,1.0,0.0
226,0.05946337926033357,0.06598984771573604,0.030456852791878174,0.9035532994923858,0.06091370558375635,0.06091370558375635,0.06598984771573604,0.05583756345177665,0.050761421319796954,0.06091370558375635,0.06091370558375635,0.3132704858593183,0.18781725888324874,0.22842639593908629,0.583756345177665,0.30456852791878175,0.30456852791878175,0.3248730964467005,0.30456852791878175,0.3197969543147208,0.3197969543147208,0.3147208121827411,177.43654822335026,0.050761421319796954,0.01522842639593909,0.30456852791878175,0.02030456852791873
227,0.11363636363636363,0.08522727272727272,0.07954545454545454,0.8352272727272727,0.11363636363636363,0.11363636363636363,0.11363636363636363,0.11363636363636363,0.11363636363636363,0.11363636363636363,0.11363636363636363,0.5681818181818182,0.11931818181818182,0.5,0.3806818181818182,0.5681818181818182,0.5681818181818182,0.5681818181818182,0.5681818181818182,0.5681818181818182,0.5681818181818182,0.5681818181818182,52.18181818181818,0.11363636363636363,0.0,0.5681818181818182,0.0
228,0.09951845906902088,0.07303370786516854,0.06179775280898876,0.8651685393258427,0.10112359550561797,0.10112359550561797,0.09550561797752809,0.10112359550561797,0.10112359550561797,0.09550561797752809,0.10112359550561797,0.5329052969502408,0.07303370786516854,0.5,0.42696629213483145,0.5280898876404494,0.5337078651685393,0.5337078651685393,0.5337078651685393,0.5337078651685393,0.5337078651685393,0.5337078651685393,151.4438202247191,0.09550561797752809,0.0056179775280898875,0.5280898876404494,0.005617977528089901
229,0.15037593984962405,0.21052631578947367,0.045112781954887216,0.7443609022556391,0.15037593984962405,0.15037593984962405,0.15037593984962405,0.15037593984962405,0.15037593984962405,0.15037593984962405,0.15037593984962405,0.6723952738990333,0.10526315789473684,0.6240601503759399,0.2706766917293233,0.6842105263157895,0.6691729323308271,0.6766917293233082,0.6691729323308271,0.6691729323308271,0.6691729323308271,0.6691729323308271,65.00751879699249,0.15037593984962405,0.0,0.6691729323308271,0.015037593984962405
230,0.05952380952380952,0.043859649122807015,0.043859649122807015,0.9122807017543859,0.06578947368421052,0.06140350877192982,0.05701754385964912,0.05701754385964912,0.05701754385964912,0.06140350877192982,0.05701754385964912,0.2155388471177945,0.09649122807017543,0.17105263157894737,0.7324561403508771,0.21052631578947367,0.21929824561403508,0.21052631578947367,0.2149122807017544,0.20614035087719298,0.22807017543859648,0.21929824561403508,2551.1315789473683,0.05701754385964912,0.008771929824561403,0.20614035087719298,0.021929824561403494
231,0.06514657980456026,0.05863192182410423,0.03257328990228013,0.9087947882736156,0.06514657980456026,0.06514657980456026,0.06514657980456026,0.06514657980456026,0.06514657980456026,0.06514657980456026,0.06514657980456026,0.3234062354583527,0.13355048859934854,0.2703583061889251,0.5960912052117264,0.32247557003257327,0.32247557003257327,0.32247557003257327,0.3257328990228013,0.3257328990228013,0.32247557003257327,0.32247557003257327,53.579804560260584,0.06514657980456026,0.0,0.32247557003257327,0.0032573289902280145
232,0.03951367781155016,0.03309692671394799,0.026004728132387706,0.9408983451536643,0.04018912529550828,0.037825059101654845,0.04018912529550828,0.037825059101654845,0.04018912529550828,0.04018912529550828,0.04018912529550828,0.1857480580884836,0.13238770685579196,0.12529550827423167,0.7423167848699763,0.17966903073286053,0.19148936170212766,0.19148936170212766,0.18439716312056736,0.18439716312056736,0.18439716312056736,0.18439716312056736,109.5839243498818,0.037825059101654845,0.0023640661938534313,0.17966903073286053,0.011820330969267129
233,0.014109347442680775,0.037037037037037035,0.0,0.9629629629629629,0.012345679012345678,0.012345679012345678,0.012345679012345678,0.012345679012345678,0.012345679012345678,0.024691358024691357,0.012345679012345678,0.08818342151675485,0.14814814814814814,0.037037037037037035,0.8148148148148148,0.1111111111111111,0.09876543209876543,0.07407407407407407,0.06172839506172839,0.08641975308641975,0.08641975308641975,0.09876543209876543,386.71604938271605,0.012345679012345678,0.012345679012345678,0.06172839506172839,0.04938271604938271
234,0.18424566088117492,0.12149532710280374,0.1308411214953271,0.7476635514018691,0.18691588785046728,0.17757009345794392,0.17757009345794392,0.18691588785046728,0.18691588785046728,0.18691588785046728,0.18691588785046728,0.7997329773030707,0.09345794392523364,0.7383177570093458,0.16822429906542055,0.794392523364486,0.8037383177570093,0.8037383177570093,0.794392523364486,0.8130841121495327,0.8037383177570093,0.7850467289719626,15.878504672897197,0.17757009345794392,0.009345794392523366,0.7850467289719626,0.028037383177570097
235,0.14930182599355532,0.06015037593984962,0.12030075187969924,0.8195488721804511,0.15037593984962405,0.14285714285714285,0.15037593984962405,0.15037593984962405,0.15037593984962405,0.15037593984962405,0.15037593984962405,0.523093447905478,0.045112781954887216,0.49624060150375937,0.45864661654135336,0.5338345864661654,0.518796992481203,0.5263157894736842,0.5263157894736842,0.5112781954887218,0.5263157894736842,0.518796992481203,131.74436090225564,0.14285714285714285,0.007518796992481203,0.5112781954887218,0.022556390977443663
236,0.2660098522167488,0.2413793103448276,0.10344827586206896,0.6551724137931034,0.20689655172413793,0.3103448275862069,0.20689655172413793,0.27586206896551724,0.27586206896551724,0.3103448275862069,0.27586206896551724,0.645320197044335,0.10344827586206896,0.5862068965517241,0.3103448275862069,0.6896551724137931,0.6896551724137931,0.6206896551724138,0.6206896551724138,0.6206896551724138,0.6551724137931034,0.6206896551724138,93.10344827586206,0.20689655172413793,0.10344827586206898,0.6206896551724138,0.06896551724137934
237,0.0,0.0,0.0,1.0,0.0,0.0,0.0,0.0,0.0,0.0,0.0,0.75,0.5,0.5,0.0,0.5,0.75,0.75,0.75,1.0,0.75,0.75,62.25,0.0,0.0,0.5,0.5
238,0.24338624338624337,0.1111111111111111,0.18518518518518517,0.7037037037037037,0.24074074074074073,0.24074074074074073,0.24074074074074073,0.25925925925925924,0.24074074074074073,0.24074074074074073,0.24074074074074073,0.6904761904761905,0.07407407407407407,0.6481481481481481,0.2777777777777778,0.6851851851851852,0.7037037037037037,0.6851851851851852,0.6851851851851852,0.6666666666666666,0.7037037037037037,0.7037037037037037,39.074074074074076,0.24074074074074073,0.018518518518518517,0.6666666666666666,0.03703703703703709
239,0.12818003913894327,0.1643835616438356,0.04794520547945205,0.7876712328767124,0.1232876712328767,0.13013698630136986,0.13013698630136986,0.13013698630136986,0.13013698630136986,0.1232876712328767,0.13013698630136986,0.5645792563600783,0.2054794520547945,0.4452054794520548,0.3493150684931507,0.5616438356164384,0.5547945205479452,0.5753424657534246,0.5684931506849316,0.5684931506849316,0.5616438356164384,0.5616438356164384,38.66438356164384,0.1232876712328767,0.00684931506849315,0.5547945205479452,0.020547945205479423
240,0.6060606060606061,0.30303030303030304,0.42424242424242425,0.2727272727272727,0.6060606060606061,0.6060606060606061,0.6060606060606061,0.6060606060606061,0.6060606060606061,0.6060606060606061,0.6060606060606061,0.9956709956709956,0.030303030303030304,0.9696969696969697,0.0,1.0,0.9696969696969697,1.0,1.0,1.0,1.0,1.0,6.242424242424242,0.6060606060606061,0.0,0.9696969696969697,0.030303030303030276
241,0.08397683397683398,0.033783783783783786,0.06756756756756757,0.8986486486486487,0.08108108108108109,0.08108108108108109,0.08108108108108109,0.08108108108108109,0.08783783783783784,0.08108108108108109,0.0945945945945946,0.4507722007722007,0.18243243243243243,0.33783783783783783,0.4797297297297297,0.4527027027027027,0.43243243243243246,0.4527027027027027,0.4527027027027027,0.44594594594594594,0.44594594594594594,0.47297297297297297,31.06081081081081,0.08108108108108109,0.013513513513513514,0.43243243243243246,0.040540540540540515
242,0.05224489795918367,0.05714285714285714,0.02857142857142857,0.9142857142857143,0.05142857142857143,0.05714285714285714,0.05714285714285714,0.05142857142857143,0.045714285714285714,0.05142857142857143,0.05142857142857143,0.24244897959183676,0.11428571428571428,0.18857142857142858,0.6971428571428572,0.25142857142857145,0.24,0.24,0.24571428571428572,0.24571428571428572,0.2342857142857143,0.24,194.43428571428572,0.045714285714285714,0.011428571428571427,0.2342857142857143,0.017142857142857154
243,0.12910052910052908,0.07407407407407407,0.0962962962962963,0.8296296296296296,0.13333333333333333,0.1259259259259259,0.1259259259259259,0.1259259259259259,0.14074074074074075,0.1259259259259259,0.1259259259259259,0.5703703703703704,0.23703703703703705,0.45185185185185184,0.3111111111111111,0.562962962962963,0.5777777777777777,0.5777777777777777,0.5703703703703704,0.562962962962963,0.562962962962963,0.5777777777777777,28.333333333333332,0.1259259259259259,0.014814814814814836,0.562962962962963,0.014814814814814725
244,0.14285714285714285,0.1111111111111111,0.1111111111111111,0.7777777777777778,0.2222222222222222,0.1111111111111111,0.1111111111111111,0.1111111111111111,0.1111111111111111,0.1111111111111111,0.2222222222222222,0.6666666666666666,0.0,0.6666666666666666,0.3333333333333333,0.6666666666666666,0.6666666666666666,0.6666666666666666,0.6666666666666666,0.6666666666666666,0.6666666666666666,0.6666666666666666,173.88888888888889,0.1111111111111111,0.1111111111111111,0.6666666666666666,0.0
245,0.3508771929824561,0.19298245614035087,0.2631578947368421,0.543859649122807,0.3508771929824561,0.3508771929824561,0.3508771929824561,0.3508771929824561,0.3508771929824561,0.3508771929824561,0.3508771929824561,0.9122807017543859,0.0,0.9122807017543859,0.08771929824561403,0.9122807017543859,0.9122807017543859,0.9122807017543859,0.9122807017543859,0.9122807017543859,0.9122807017543859,0.9122807017543859,16.19298245614035,0.3508771929824561,0.0,0.9122807017543859,0.0
246,0.28571428571428575,0.16666666666666666,0.25,0.5833333333333334,0.25,0.25,0.3333333333333333,0.25,0.4166666666666667,0.25,0.25,0.75,0.16666666666666666,0.6666666666666666,0.16666666666666666,0.6666666666666666,0.75,0.75,0.75,0.8333333333333334,0.75,0.75,45.666666666666664,0.25,0.16666666666666669,0.6666666666666666,0.16666666666666674
247,0.5,0.175,0.425,0.4,0.5,0.5,0.5,0.5,0.5,0.5,0.5,0.9,0.0,0.9,0.1,0.9,0.9,0.9,0.9,0.9,0.9,0.9,26.55,0.5,0.0,0.9,0.0
248,0.5128205128205128,0.05128205128205128,0.48717948717948717,0.46153846153846156,0.5128205128205128,0.5128205128205128,0.5128205128205128,0.5128205128205128,0.5128205128205128,0.5128205128205128,0.5128205128205128,0.9963369963369962,0.02564102564102564,0.9743589743589743,0.0,1.0,1.0,0.9743589743589743,1.0,1.0,1.0,1.0,3.6666666666666665,0.5128205128205128,0.0,0.9743589743589743,0.02564102564102566
249,0.14055299539170504,0.22580645161290322,0.056451612903225805,0.717741935483871,0.13709677419354838,0.13709677419354838,0.14516129032258066,0.13709677419354838,0.1532258064516129,0.13709677419354838,0.13709677419354838,0.5506912442396313,0.28225806451612906,0.4112903225806452,0.3064516129032258,0.5725806451612904,0.5483870967741935,0.5241935483870968,0.5725806451612904,0.5241935483870968,0.5725806451612904,0.5403225806451613,151.15322580645162,0.13709677419354838,0.01612903225806453,0.5241935483870968,0.048387096774193616
250,0.18898809523809523,0.19791666666666666,0.09375,0.7083333333333334,0.17708333333333334,0.20833333333333334,0.1875,0.1875,0.1875,0.1875,0.1875,0.5133928571428571,0.23958333333333334,0.3854166666666667,0.375,0.53125,0.5208333333333334,0.4583333333333333,0.5208333333333334,0.53125,0.5104166666666666,0.5208333333333334,135.94791666666666,0.17708333333333334,0.03125,0.4583333333333333,0.07291666666666669
251,0.2,0.022222222222222223,0.18888888888888888,0.7888888888888889,0.2,0.2,0.2,0.2,0.2,0.2,0.2,0.7952380952380952,0.14444444444444443,0.7111111111111111,0.14444444444444443,0.8,0.7777777777777778,0.7888888888888889,0.7888888888888889,0.8,0.7888888888888889,0.8222222222222222,33.53333333333333,0.2,0.0,0.7777777777777778,0.0444444444444444
252,0.007142857142857142,0.03,0.0,0.97,0.02,0.0,0.0,0.01,0.0,0.02,0.0,0.12571428571428572,0.17,0.03,0.8,0.16,0.06,0.11,0.15,0.15,0.12,0.13,197.84,0.0,0.02,0.06,0.1
253,0.0,0.0,0.0,1.0,0.0,0.0,0.0,0.0,0.0,0.0,0.0,0.08571428571428572,0.2,0.0,0.8,0.0,0.2,0.0,0.2,0.0,0.2,0.0,158.4,0.0,0.0,0.0,0.2
254,0.03380588876772083,0.030534351145038167,0.022900763358778626,0.9465648854961832,0.03816793893129771,0.030534351145038167,0.030534351145038167,0.030534351145038167,0.030534351145038167,0.03816793893129771,0.03816793893129771,0.11777535441657579,0.08396946564885496,0.07633587786259542,0.8396946564885496,0.12213740458015267,0.12213740458015267,0.11450381679389313,0.1297709923664122,0.12213740458015267,0.10687022900763359,0.10687022900763359,203.85496183206106,0.030534351145038167,0.007633587786259544,0.10687022900763359,0.022900763358778622
255,0.18424566088117492,0.1588785046728972,0.11214953271028037,0.7289719626168224,0.18691588785046728,0.18691588785046728,0.17757009345794392,0.18691588785046728,0.18691588785046728,0.18691588785046728,0.17757009345794392,0.7009345794392523,0.21495327102803738,0.5887850467289719,0.19626168224299065,0.7102803738317757,0.7102803738317757,0.7102803738317757,0.6728971962616822,0.6915887850467289,0.7009345794392523,0.7102803738317757,109.30841121495327,0.17757009345794392,0.009345794392523366,0.6728971962616822,0.03738317757009346
256,0.14915966386554622,0.1323529411764706,0.10294117647058823,0.7647058823529411,0.11764705882352941,0.17647058823529413,0.14705882352941177,0.17647058823529413,0.14705882352941177,0.14705882352941177,0.1323529411764706,0.6512605042016807,0.29411764705882354,0.47058823529411764,0.23529411764705882,0.6470588235294118,0.6323529411764706,0.6764705882352942,0.6470588235294118,0.6470588235294118,0.6323529411764706,0.6764705882352942,42.029411764705884,0.11764705882352941,0.05882352941176472,0.6323529411764706,0.044117647058823595
257,0.11796536796536797,0.15151515151515152,0.03787878787878788,0.8106060606060606,0.12121212121212122,0.12121212121212122,0.12878787878787878,0.12121212121212122,0.09848484848484848,0.12121212121212122,0.11363636363636363,0.5443722943722944,0.22727272727272727,0.4090909090909091,0.36363636363636365,0.553030303030303,0.5303030303030303,0.553030303030303,0.5454545454545454,0.5454545454545454,0.5378787878787878,0.5454545454545454,65.68181818181819,0.09848484848484848,0.030303030303030304,0.5303030303030303,0.022727272727272707
258,0.1502463054187192,0.13793103448275862,0.06896551724137931,0.7931034482758621,0.1724137931034483,0.15517241379310345,0.15517241379310345,0.1206896551724138,0.13793103448275862,0.15517241379310345,0.15517241379310345,0.4852216748768473,0.1724137931034483,0.39655172413793105,0.43103448275862066,0.4827586206896552,0.46551724137931033,0.5172413793103449,0.5,0.4827586206896552,0.4482758620689655,0.5,115.08620689655173,0.1206896551724138,0.05172413793103449,0.4482758620689655,0.06896551724137934
260,0.6758241758241759,0.4230769230769231,0.4230769230769231,0.15384615384615385,0.6923076923076923,0.6923076923076923,0.6538461538461539,0.6538461538461539,0.6923076923076923,0.6923076923076923,0.6538461538461539,1.0,0.0,1.0,0.0,1.0,1.0,1.0,1.0,1.0,1.0,1.0,6.576923076923077,0.6538461538461539,0.038461538461538436,1.0,0.0
261,0.12342857142857143,0.12,0.08,0.8,0.128,0.12,0.12,0.128,0.128,0.12,0.12,0.6102857142857143,0.232,0.48,0.288,0.608,0.624,0.608,0.608,0.616,0.592,0.616,84.232,0.12,0.008000000000000007,0.592,0.03200000000000003
262,0.21839080459770116,0.22988505747126436,0.11494252873563218,0.6551724137931034,0.21839080459770116,0.21839080459770116,0.21839080459770116,0.21839080459770116,0.21839080459770116,0.21839080459770116,0.21839080459770116,0.9047619047619047,0.011494252873563218,0.896551724137931,0.09195402298850575,0.9080459770114943,0.9080459770114943,0.896551724137931,0.9080459770114943,0.896551724137931,0.9080459770114943,0.9080459770114943,18.64367816091954,0.21839080459770116,0.0,0.896551724137931,0.011494252873563204
263,0.14476190476190476,0.18666666666666668,0.05333333333333334,0.76,0.14666666666666667,0.13333333333333333,0.14666666666666667,0.12,0.16,0.14666666666666667,0.16,0.7238095238095238,0.37333333333333335,0.5333333333333333,0.09333333333333334,0.7733333333333333,0.68,0.7466666666666667,0.7333333333333333,0.6933333333333334,0.7066666666666667,0.7333333333333333,50.46666666666667,0.12,0.04000000000000001,0.68,0.09333333333333327
264,0.9714285714285714,0.06666666666666667,0.9333333333333333,0.0,0.9333333333333333,1.0,1.0,1.0,0.9333333333333333,0.9333333333333333,1.0,1.0,0.0,1.0,0.0,1.0,1.0,1.0,1.0,1.0,1.0,1.0,4.466666666666667,0.9333333333333333,0.06666666666666665,1.0,0.0
266,0.0,0.0,0.0,1.0,0.0,0.0,0.0,0.0,0.0,0.0,0.0,0.7142857142857143,1.0,0.0,0.0,1.0,0.0,1.0,1.0,1.0,1.0,0.0,86.0,0.0,0.0,0.0,1.0
267,1.0,0.0,1.0,0.0,1.0,1.0,1.0,1.0,1.0,1.0,1.0,1.0,0.0,1.0,0.0,1.0,1.0,1.0,1.0,1.0,1.0,1.0,0.0,1.0,0.0,1.0,0.0
268,1.0,0.0,1.0,0.0,1.0,1.0,1.0,1.0,1.0,1.0,1.0,1.0,0.0,1.0,0.0,1.0,1.0,1.0,1.0,1.0,1.0,1.0,0.0,1.0,0.0,1.0,0.0
270,0.4523809523809524,0.42857142857142855,0.19047619047619047,0.38095238095238093,0.4523809523809524,0.4523809523809524,0.4523809523809524,0.4523809523809524,0.4523809523809524,0.4523809523809524,0.4523809523809524,1.0,0.0,1.0,0.0,1.0,1.0,1.0,1.0,1.0,1.0,1.0,14.69047619047619,0.4523809523809524,0.0,1.0,0.0
271,0.0,0.0,0.0,1.0,0.0,0.0,0.0,0.0,0.0,0.0,0.0,1.0,0.0,1.0,0.0,1.0,1.0,1.0,1.0,1.0,1.0,1.0,60.0,0.0,0.0,1.0,0.0
273,0.75,0.0,0.75,0.25,0.75,0.75,0.75,0.75,0.75,0.75,0.75,0.75,0.0,0.75,0.25,0.75,0.75,0.75,0.75,0.75,0.75,0.75,45.5,0.75,0.0,0.75,0.0
274,1.0,0.0,1.0,0.0,1.0,1.0,1.0,1.0,1.0,1.0,1.0,1.0,0.0,1.0,0.0,1.0,1.0,1.0,1.0,1.0,1.0,1.0,0.0,1.0,0.0,1.0,0.0
275,0.6263736263736264,0.15384615384615385,0.5384615384615384,0.3076923076923077,0.6153846153846154,0.6153846153846154,0.6923076923076923,0.6153846153846154,0.6923076923076923,0.6153846153846154,0.5384615384615384,1.0,0.0,1.0,0.0,1.0,1.0,1.0,1.0,1.0,1.0,1.0,13.307692307692308,0.5384615384615384,0.15384615384615385,1.0,0.0
277,0.06493506493506494,0.022727272727272728,0.045454545454545456,0.9318181818181818,0.06818181818181818,0.06818181818181818,0.045454545454545456,0.06818181818181818,0.06818181818181818,0.06818181818181818,0.06818181818181818,0.22727272727272727,0.0,0.22727272727272727,0.7727272727272727,0.22727272727272727,0.22727272727272727,0.22727272727272727,0.22727272727272727,0.22727272727272727,0.22727272727272727,0.22727272727272727,64.93181818181819,0.045454545454545456,0.02272727272727272,0.22727272727272727,0.0
278,0.7142857142857143,0.0,0.7142857142857143,0.2857142857142857,0.7142857142857143,0.7142857142857143,0.7142857142857143,0.7142857142857143,0.7142857142857143,0.7142857142857143,0.7142857142857143,0.8571428571428571,0.0,0.8571428571428571,0.14285714285714285,0.8571428571428571,0.8571428571428571,0.8571428571428571,0.8571428571428571,0.8571428571428571,0.8571428571428571,0.8571428571428571,23.0,0.7142857142857143,0.0,0.8571428571428571,0.0
279,1.0,0.0,1.0,0.0,1.0,1.0,1.0,1.0,1.0,1.0,1.0,1.0,0.0,1.0,0.0,1.0,1.0,1.0,1.0,1.0,1.0,1.0,0.0,1.0,0.0,1.0,0.0
281,1.0,0.0,1.0,0.0,1.0,1.0,1.0,1.0,1.0,1.0,1.0,1.0,0.0,1.0,0.0,1.0,1.0,1.0,1.0,1.0,1.0,1.0,0.0,1.0,0.0,1.0,0.0
282,1.0,0.0,1.0,0.0,1.0,1.0,1.0,1.0,1.0,1.0,1.0,1.0,0.0,1.0,0.0,1.0,1.0,1.0,1.0,1.0,1.0,1.0,0.0,1.0,0.0,1.0,0.0
283,1.0,0.0,1.0,0.0,1.0,1.0,1.0,1.0,1.0,1.0,1.0,1.0,0.0,1.0,0.0,1.0,1.0,1.0,1.0,1.0,1.0,1.0,0.0,1.0,0.0,1.0,0.0
285,0.02040816326530612,0.14285714285714285,0.0,0.8571428571428571,0.0,0.0,0.0,0.0,0.0,0.14285714285714285,0.0,1.0,0.0,1.0,0.0,1.0,1.0,1.0,1.0,1.0,1.0,1.0,13.857142857142858,0.0,0.14285714285714285,1.0,0.0
287,0.35873015873015873,0.3111111111111111,0.24444444444444444,0.4444444444444444,0.35555555555555557,0.3333333333333333,0.37777777777777777,0.35555555555555557,0.37777777777777777,0.35555555555555557,0.35555555555555557,0.9777777777777777,0.0,0.9777777777777777,0.022222222222222223,0.9777777777777777,0.9777777777777777,0.9777777777777777,0.9777777777777777,0.9777777777777777,0.9777777777777777,0.9777777777777777,15.688888888888888,0.3333333333333333,0.04444444444444445,0.9777777777777777,0.0
289,0.6455026455026455,0.2222222222222222,0.5555555555555556,0.2222222222222222,0.6666666666666666,0.6666666666666666,0.6296296296296297,0.6666666666666666,0.6666666666666666,0.5925925925925926,0.6296296296296297,1.0,0.0,1.0,0.0,1.0,1.0,1.0,1.0,1.0,1.0,1.0,8.444444444444445,0.5925925925925926,0.07407407407407407,1.0,0.0
291,0.02857142857142857,0.06666666666666667,0.0,0.9333333333333333,0.06666666666666667,0.0,0.06666666666666667,0.0,0.0,0.0,0.06666666666666667,0.2,0.2,0.13333333333333333,0.6666666666666666,0.2,0.2,0.26666666666666666,0.26666666666666666,0.2,0.13333333333333333,0.13333333333333333,135.0,0.0,0.06666666666666667,0.13333333333333333,0.13333333333333333
292,0.011904761904761904,0.08333333333333333,0.0,0.9166666666666666,0.0,0.0,0.0,0.0,0.0,0.0,0.08333333333333333,0.22619047619047616,0.16666666666666666,0.16666666666666666,0.6666666666666666,0.25,0.16666666666666666,0.25,0.16666666666666666,0.25,0.25,0.25,83.5,0.0,0.08333333333333333,0.16666666666666666,0.08333333333333334
293,0.7362637362637362,0.3076923076923077,0.5384615384615384,0.15384615384615385,0.7692307692307693,0.6923076923076923,0.7692307692307693,0.6923076923076923,0.7692307692307693,0.7692307692307693,0.6923076923076923,1.0,0.0,1.0,0.0,1.0,1.0,1.0,1.0,1.0,1.0,1.0,12.615384615384615,0.6923076923076923,0.07692307692307698,1.0,0.0
295,0.16666666666666666,0.0,0.16666666666666666,0.8333333333333334,0.16666666666666666,0.16666666666666666,0.16666666666666666,0.16666666666666666,0.16666666666666666,0.16666666666666666,0.16666666666666666,0.16666666666666666,0.0,0.16666666666666666,0.8333333333333334,0.16666666666666666,0.16666666666666666,0.16666666666666666,0.16666666666666666,0.16666666666666666,0.16666666666666666,0.16666666666666666,94.66666666666667,0.16666666666666666,0.0,0.16666666666666666,0.0
296,1.0,0.0,1.0,0.0,1.0,1.0,1.0,1.0,1.0,1.0,1.0,1.0,0.0,1.0,0.0,1.0,1.0,1.0,1.0,1.0,1.0,1.0,0.0,1.0,0.0,1.0,0.0
297,0.875,0.25,0.75,0.0,0.875,0.875,0.75,0.875,1.0,0.875,0.875,1.0,0.0,1.0,0.0,1.0,1.0,1.0,1.0,1.0,1.0,1.0,5.875,0.75,0.25,1.0,0.0
298,0.3492063492063492,0.1111111111111111,0.3333333333333333,0.5555555555555556,0.3333333333333333,0.4444444444444444,0.3333333333333333,0.3333333333333333,0.3333333333333333,0.3333333333333333,0.3333333333333333,1.0,0.0,1.0,0.0,1.0,1.0,1.0,1.0,1.0,1.0,1.0,10.222222222222221,0.3333333333333333,0.1111111111111111,1.0,0.0
300,0.14285714285714285,0.5,0.0,0.5,0.5,0.0,0.5,0.0,0.0,0.0,0.0,0.5,0.0,0.5,0.5,0.5,0.5,0.5,0.5,0.5,0.5,0.5,98.5,0.0,0.5,0.5,0.0
301,0.14285714285714285,0.5,0.0,0.5,0.0,0.5,0.5,0.0,0.0,0.0,0.0,0.14285714285714285,0.5,0.0,0.5,0.0,0.5,0.5,0.0,0.0,0.0,0.0,251.0,0.0,0.5,0.0,0.5
302,0.23002421307506052,0.1864406779661017,0.15254237288135594,0.6610169491525424,0.23728813559322035,0.22033898305084745,0.2542372881355932,0.22033898305084745,0.22033898305084745,0.22033898305084745,0.23728813559322035,0.8692493946731235,0.1016949152542373,0.7966101694915254,0.1016949152542373,0.8305084745762712,0.864406779661017,0.8813559322033898,0.864406779661017,0.8813559322033898,0.8813559322033898,0.8813559322033898,28.152542372881356,0.22033898305084745,0.033898305084745756,0.8305084745762712,0.05084745762711862
303,1.0,0.0,1.0,0.0,1.0,1.0,1.0,1.0,1.0,1.0,1.0,1.0,0.0,1.0,0.0,1.0,1.0,1.0,1.0,1.0,1.0,1.0,2.75,1.0,0.0,1.0,0.0
305,0.07846039970392302,0.18652849740932642,0.02072538860103627,0.7927461139896373,0.07772020725388601,0.08808290155440414,0.07772020725388601,0.07253886010362694,0.07772020725388601,0.07772020725388601,0.07772020725388601,0.4256106587712805,0.3316062176165803,0.24870466321243523,0.41968911917098445,0.44041450777202074,0.43005181347150256,0.43005181347150256,0.42487046632124353,0.42487046632124353,0.41450777202072536,0.41450777202072536,66.25388601036269,0.07253886010362694,0.015544041450777202,0.41450777202072536,0.025906735751295373
306,1.0,0.0,1.0,0.0,1.0,1.0,1.0,1.0,1.0,1.0,1.0,1.0,0.0,1.0,0.0,1.0,1.0,1.0,1.0,1.0,1.0,1.0,1.0,1.0,0.0,1.0,0.0
307,0.5,0.0,0.5,0.5,0.5,0.5,0.5,0.5,0.5,0.5,0.5,1.0,0.0,1.0,0.0,1.0,1.0,1.0,1.0,1.0,1.0,1.0,4.666666666666667,0.5,0.0,1.0,0.0
308,0.5714285714285714,0.5,0.5,0.0,0.5,0.5,0.5,0.5,0.5,0.5,1.0,1.0,0.0,1.0,0.0,1.0,1.0,1.0,1.0,1.0,1.0,1.0,28.5,0.5,0.5,1.0,0.0
310,1.0,0.0,1.0,0.0,1.0,1.0,1.0,1.0,1.0,1.0,1.0,1.0,0.0,1.0,0.0,1.0,1.0,1.0,1.0,1.0,1.0,1.0,1.0,1.0,0.0,1.0,0.0
311,0.5,0.0,0.5,0.5,0.5,0.5,0.5,0.5,0.5,0.5,0.5,0.5,0.0,0.5,0.5,0.5,0.5,0.5,0.5,0.5,0.5,0.5,1549.0,0.5,0.0,0.5,0.0
312,0.2857142857142857,0.2,0.2,0.6,0.4,0.3,0.3,0.3,0.2,0.2,0.3,1.0,0.0,1.0,0.0,1.0,1.0,1.0,1.0,1.0,1.0,1.0,14.4,0.2,0.2,1.0,0.0
313,0.9523809523809524,0.3333333333333333,0.6666666666666666,0.0,1.0,1.0,1.0,1.0,1.0,1.0,0.6666666666666666,1.0,0.0,1.0,0.0,1.0,1.0,1.0,1.0,1.0,1.0,1.0,4.666666666666667,0.6666666666666666,0.33333333333333337,1.0,0.0
314,0.5584415584415584,0.09090909090909091,0.5454545454545454,0.36363636363636365,0.5454545454545454,0.5454545454545454,0.5454545454545454,0.5454545454545454,0.5454545454545454,0.5454545454545454,0.6363636363636364,1.0,0.0,1.0,0.0,1.0,1.0,1.0,1.0,1.0,1.0,1.0,9.181818181818182,0.5454545454545454,0.09090909090909094,1.0,0.0
315,1.0,0.0,1.0,0.0,1.0,1.0,1.0,1.0,1.0,1.0,1.0,1.0,0.0,1.0,0.0,1.0,1.0,1.0,1.0,1.0,1.0,1.0,1.5,1.0,0.0,1.0,0.0
316,1.0,0.0,1.0,0.0,1.0,1.0,1.0,1.0,1.0,1.0,1.0,1.0,0.0,1.0,0.0,1.0,1.0,1.0,1.0,1.0,1.0,1.0,0.0,1.0,0.0,1.0,0.0
317,1.0,0.0,1.0,0.0,1.0,1.0,1.0,1.0,1.0,1.0,1.0,1.0,0.0,1.0,0.0,1.0,1.0,1.0,1.0,1.0,1.0,1.0,1.0,1.0,0.0,1.0,0.0
318,0.0,0.0,0.0,1.0,0.0,0.0,0.0,0.0,0.0,0.0,0.0,1.0,0.0,1.0,0.0,1.0,1.0,1.0,1.0,1.0,1.0,1.0,12.0,0.0,0.0,1.0,0.0
319,1.0,0.0,1.0,0.0,1.0,1.0,1.0,1.0,1.0,1.0,1.0,1.0,0.0,1.0,0.0,1.0,1.0,1.0,1.0,1.0,1.0,1.0,0.0,1.0,0.0,1.0,0.0
320,1.0,0.0,1.0,0.0,1.0,1.0,1.0,1.0,1.0,1.0,1.0,1.0,0.0,1.0,0.0,1.0,1.0,1.0,1.0,1.0,1.0,1.0,0.0,1.0,0.0,1.0,0.0
321,1.0,0.0,1.0,0.0,1.0,1.0,1.0,1.0,1.0,1.0,1.0,1.0,0.0,1.0,0.0,1.0,1.0,1.0,1.0,1.0,1.0,1.0,0.0,1.0,0.0,1.0,0.0
323,1.0,0.0,1.0,0.0,1.0,1.0,1.0,1.0,1.0,1.0,1.0,1.0,0.0,1.0,0.0,1.0,1.0,1.0,1.0,1.0,1.0,1.0,0.0,1.0,0.0,1.0,0.0
324,1.0,0.0,1.0,0.0,1.0,1.0,1.0,1.0,1.0,1.0,1.0,1.0,0.0,1.0,0.0,1.0,1.0,1.0,1.0,1.0,1.0,1.0,0.0,1.0,0.0,1.0,0.0
325,0.043478260869565216,0.0,0.043478260869565216,0.9565217391304348,0.043478260869565216,0.043478260869565216,0.043478260869565216,0.043478260869565216,0.043478260869565216,0.043478260869565216,0.043478260869565216,0.043478260869565216,0.0,0.043478260869565216,0.9565217391304348,0.043478260869565216,0.043478260869565216,0.043478260869565216,0.043478260869565216,0.043478260869565216,0.043478260869565216,0.043478260869565216,290.10869565217394,0.043478260869565216,0.0,0.043478260869565216,0.0
326,1.0,0.0,1.0,0.0,1.0,1.0,1.0,1.0,1.0,1.0,1.0,1.0,0.0,1.0,0.0,1.0,1.0,1.0,1.0,1.0,1.0,1.0,0.0,1.0,0.0,1.0,0.0
327,0.125,0.0,0.125,0.875,0.125,0.125,0.125,0.125,0.125,0.125,0.125,0.26785714285714285,0.125,0.25,0.625,0.375,0.25,0.25,0.25,0.25,0.25,0.25,469.125,0.125,0.0,0.25,0.125
328,1.0,0.0,1.0,0.0,1.0,1.0,1.0,1.0,1.0,1.0,1.0,1.0,0.0,1.0,0.0,1.0,1.0,1.0,1.0,1.0,1.0,1.0,0.0,1.0,0.0,1.0,0.0
329,1.0,0.0,1.0,0.0,1.0,1.0,1.0,1.0,1.0,1.0,1.0,1.0,0.0,1.0,0.0,1.0,1.0,1.0,1.0,1.0,1.0,1.0,1.5,1.0,0.0,1.0,0.0
330,1.0,0.0,1.0,0.0,1.0,1.0,1.0,1.0,1.0,1.0,1.0,1.0,0.0,1.0,0.0,1.0,1.0,1.0,1.0,1.0,1.0,1.0,8.0,1.0,0.0,1.0,0.0
331,0.04945054945054945,0.09615384615384616,0.0,0.9038461538461539,0.038461538461538464,0.057692307692307696,0.057692307692307696,0.057692307692307696,0.038461538461538464,0.038461538461538464,0.057692307692307696,0.20054945054945056,0.23076923076923078,0.09615384615384616,0.6730769230769231,0.15384615384615385,0.19230769230769232,0.25,0.19230769230769232,0.21153846153846154,0.19230769230769232,0.21153846153846154,255.17307692307693,0.038461538461538464,0.019230769230769232,0.15384615384615385,0.09615384615384615
332,1.0,0.0,1.0,0.0,1.0,1.0,1.0,1.0,1.0,1.0,1.0,1.0,0.0,1.0,0.0,1.0,1.0,1.0,1.0,1.0,1.0,1.0,0.0,1.0,0.0,1.0,0.0
333,0.6870748299319728,0.3333333333333333,0.47619047619047616,0.19047619047619047,0.6666666666666666,0.7142857142857143,0.6666666666666666,0.6666666666666666,0.7142857142857143,0.7142857142857143,0.6666666666666666,1.0,0.0,1.0,0.0,1.0,1.0,1.0,1.0,1.0,1.0,1.0,7.0,0.6666666666666666,0.04761904761904767,1.0,0.0
334,1.0,0.0,1.0,0.0,1.0,1.0,1.0,1.0,1.0,1.0,1.0,1.0,0.0,1.0,0.0,1.0,1.0,1.0,1.0,1.0,1.0,1.0,1.3333333333333333,1.0,0.0,1.0,0.0
335,0.3877551020408163,0.2619047619047619,0.2857142857142857,0.4523809523809524,0.42857142857142855,0.4523809523809524,0.38095238095238093,0.38095238095238093,0.40476190476190477,0.3333333333333333,0.3333333333333333,0.7482993197278911,0.09523809523809523,0.7142857142857143,0.19047619047619047,0.7857142857142857,0.7857142857142857,0.7142857142857143,0.7619047619047619,0.7619047619047619,0.7142857142857143,0.7142857142857143,659.7380952380952,0.3333333333333333,0.11904761904761907,0.7142857142857143,0.0714285714285714
336,1.0,0.0,1.0,0.0,1.0,1.0,1.0,1.0,1.0,1.0,1.0,1.0,0.0,1.0,0.0,1.0,1.0,1.0,1.0,1.0,1.0,1.0,0.0,1.0,0.0,1.0,0.0
337,0.4578754578754579,0.1794871794871795,0.358974358974359,0.46153846153846156,0.46153846153846156,0.46153846153846156,0.4358974358974359,0.48717948717948717,0.4358974358974359,0.46153846153846156,0.46153846153846156,0.9743589743589743,0.0,0.9743589743589743,0.02564102564102564,0.9743589743589743,0.9743589743589743,0.9743589743589743,0.9743589743589743,0.9743589743589743,0.9743589743589743,0.9743589743589743,12.41025641025641,0.4358974358974359,0.051282051282051266,0.9743589743589743,0.0
338,1.0,0.0,1.0,0.0,1.0,1.0,1.0,1.0,1.0,1.0,1.0,1.0,0.0,1.0,0.0,1.0,1.0,1.0,1.0,1.0,1.0,1.0,0.0,1.0,0.0,1.0,0.0
339,1.0,0.0,1.0,0.0,1.0,1.0,1.0,1.0,1.0,1.0,1.0,1.0,0.0,1.0,0.0,1.0,1.0,1.0,1.0,1.0,1.0,1.0,2.8333333333333335,1.0,0.0,1.0,0.0
340,0.6666666666666666,0.0,0.6666666666666666,0.3333333333333333,0.6666666666666666,0.6666666666666666,0.6666666666666666,0.6666666666666666,0.6666666666666666,0.6666666666666666,0.6666666666666666,0.9523809523809524,0.3333333333333333,0.6666666666666666,0.0,1.0,0.6666666666666666,1.0,1.0,1.0,1.0,1.0,25.0,0.6666666666666666,0.0,0.6666666666666666,0.33333333333333337
341,0.7272727272727273,0.0,0.7272727272727273,0.2727272727272727,0.7272727272727273,0.7272727272727273,0.7272727272727273,0.7272727272727273,0.7272727272727273,0.7272727272727273,0.7272727272727273,0.8766233766233765,0.18181818181818182,0.7727272727272727,0.045454545454545456,0.9545454545454546,0.9090909090909091,0.8636363636363636,0.9090909090909091,0.8181818181818182,0.8181818181818182,0.8636363636363636,28.0,0.7272727272727273,0.0,0.8181818181818182,0.13636363636363635
342,0.6428571428571428,0.5,0.5,0.0,0.5,0.5,0.5,0.5,1.0,1.0,0.5,0.9285714285714286,0.5,0.5,0.0,1.0,1.0,1.0,1.0,1.0,1.0,0.5,55.0,0.5,0.5,0.5,0.5
346,0.7368421052631579,0.0,0.7368421052631579,0.2631578947368421,0.7368421052631579,0.7368421052631579,0.7368421052631579,0.7368421052631579,0.7368421052631579,0.7368421052631579,0.7368421052631579,0.9624060150375939,0.05263157894736842,0.9473684210526315,0.0,0.9473684210526315,0.9473684210526315,0.9473684210526315,0.9473684210526315,0.9473684210526315,1.0,1.0,4.684210526315789,0.7368421052631579,0.0,0.9473684210526315,0.052631578947368474
349,0.8,0.0,0.8,0.2,0.8,0.8,0.8,0.8,0.8,0.8,0.8,0.8,0.0,0.8,0.2,0.8,0.8,0.8,0.8,0.8,0.8,0.8,1025.8,0.8,0.0,0.8,0.0
352,0.6600985221674877,0.13793103448275862,0.5862068965517241,0.27586206896551724,0.6896551724137931,0.6551724137931034,0.6551724137931034,0.6551724137931034,0.6551724137931034,0.6551724137931034,0.6551724137931034,0.9310344827586207,0.0,0.9310344827586207,0.06896551724137931,0.9310344827586207,0.9310344827586207,0.9310344827586207,0.9310344827586207,0.9310344827586207,0.9310344827586207,0.9310344827586207,80.13793103448276,0.6551724137931034,0.034482758620689724,0.9310344827586207,0.0
353,1.0,0.0,1.0,0.0,1.0,1.0,1.0,1.0,1.0,1.0,1.0,1.0,0.0,1.0,0.0,1.0,1.0,1.0,1.0,1.0,1.0,1.0,0.0,1.0,0.0,1.0,0.0
355,0.6666666666666666,0.2,0.6,0.2,0.6666666666666666,0.6666666666666666,0.6666666666666666,0.6666666666666666,0.6666666666666666,0.6666666666666666,0.6666666666666666,1.0,0.0,1.0,0.0,1.0,1.0,1.0,1.0,1.0,1.0,1.0,4.966666666666667,0.6666666666666666,0.0,1.0,0.0
357,0.2647058823529412,0.20588235294117646,0.14705882352941177,0.6470588235294118,0.3235294117647059,0.2647058823529412,0.2647058823529412,0.23529411764705882,0.2647058823529412,0.23529411764705882,0.2647058823529412,1.0,0.0,1.0,0.0,1.0,1.0,1.0,1.0,1.0,1.0,1.0,5.911764705882353,0.23529411764705882,0.08823529411764708,1.0,0.0
358,1.0,0.0,1.0,0.0,1.0,1.0,1.0,1.0,1.0,1.0,1.0,1.0,0.0,1.0,0.0,1.0,1.0,1.0,1.0,1.0,1.0,1.0,2.25,1.0,0.0,1.0,0.0
359,0.8035714285714286,0.25,0.625,0.125,0.875,0.75,0.625,0.875,0.875,0.75,0.875,1.0,0.0,1.0,0.0,1.0,1.0,1.0,1.0,1.0,1.0,1.0,10.625,0.625,0.25,1.0,0.0
361,0.7028571428571427,0.4,0.52,0.08,0.68,0.72,0.68,0.76,0.68,0.72,0.68,0.96,0.0,0.96,0.04,0.96,0.96,0.96,0.96,0.96,0.96,0.96,40.68,0.68,0.07999999999999996,0.96,0.0
363,0.0,0.0,0.0,1.0,0.0,0.0,0.0,0.0,0.0,0.0,0.0,0.0,0.0,0.0,1.0,0.0,0.0,0.0,0.0,0.0,0.0,0.0,198.0,0.0,0.0,0.0,0.0
365,1.0,0.0,1.0,0.0,1.0,1.0,1.0,1.0,1.0,1.0,1.0,1.0,0.0,1.0,0.0,1.0,1.0,1.0,1.0,1.0,1.0,1.0,1.4444444444444444,1.0,0.0,1.0,0.0
367,0.1564625850340136,0.21428571428571427,0.07142857142857142,0.7142857142857143,0.19047619047619047,0.14285714285714285,0.14285714285714285,0.19047619047619047,0.09523809523809523,0.19047619047619047,0.14285714285714285,0.5,0.09523809523809523,0.47619047619047616,0.42857142857142855,0.5,0.47619047619047616,0.5238095238095238,0.5238095238095238,0.47619047619047616,0.5,0.5,136.61904761904762,0.09523809523809523,0.09523809523809523,0.47619047619047616,0.04761904761904767
368,0.24691358024691357,0.07407407407407407,0.19753086419753085,0.7283950617283951,0.24691358024691357,0.24691358024691357,0.24691358024691357,0.24691358024691357,0.24691358024691357,0.24691358024691357,0.24691358024691357,0.8165784832451498,0.04938271604938271,0.7901234567901234,0.16049382716049382,0.8148148148148148,0.8148148148148148,0.8271604938271605,0.8148148148148148,0.8148148148148148,0.8148148148148148,0.8148148148148148,16.395061728395063,0.24691358024691357,0.0,0.8148148148148148,0.012345679012345734
369,0.0,0.0,0.0,1.0,0.0,0.0,0.0,0.0,0.0,0.0,0.0,0.6428571428571428,1.0,0.0,0.0,1.0,0.5,1.0,0.0,1.0,0.0,1.0,87.0,0.0,0.0,0.0,1.0
370,0.0,0.0,0.0,1.0,0.0,0.0,0.0,0.0,0.0,0.0,0.0,0.0,0.0,0.0,1.0,0.0,0.0,0.0,0.0,0.0,0.0,0.0,227.0,0.0,0.0,0.0,0.0
371,0.017857142857142856,0.125,0.0,0.875,0.0,0.0,0.0,0.0,0.125,0.0,0.0,0.1607142857142857,0.125,0.125,0.75,0.125,0.25,0.125,0.125,0.25,0.125,0.125,375.25,0.0,0.125,0.125,0.125
372,1.0,0.0,1.0,0.0,1.0,1.0,1.0,1.0,1.0,1.0,1.0,1.0,0.0,1.0,0.0,1.0,1.0,1.0,1.0,1.0,1.0,1.0,0.0,1.0,0.0,1.0,0.0
376,0.6666666666666666,0.0,0.6666666666666666,0.3333333333333333,0.6666666666666666,0.6666666666666666,0.6666666666666666,0.6666666666666666,0.6666666666666666,0.6666666666666666,0.6666666666666666,0.6666666666666666,0.0,0.6666666666666666,0.3333333333333333,0.6666666666666666,0.6666666666666666,0.6666666666666666,0.6666666666666666,0.6666666666666666,0.6666666666666666,0.6666666666666666,260.6666666666667,0.6666666666666666,0.0,0.6666666666666666,0.0
380,0.8333333333333334,0.0,0.8333333333333334,0.16666666666666666,0.8333333333333334,0.8333333333333334,0.8333333333333334,0.8333333333333334,0.8333333333333334,0.8333333333333334,0.8333333333333334,1.0,0.0,1.0,0.0,1.0,1.0,1.0,1.0,1.0,1.0,1.0,2.0,0.8333333333333334,0.0,1.0,0.0
382,0.0,0.0,0.0,1.0,0.0,0.0,0.0,0.0,0.0,0.0,0.0,0.5357142857142857,0.25,0.5,0.25,0.75,0.5,0.5,0.5,0.5,0.5,0.5,90.75,0.0,0.0,0.5,0.25
384,0.8357142857142857,0.15,0.75,0.1,0.9,0.8,0.85,0.85,0.8,0.85,0.8,1.0,0.0,1.0,0.0,1.0,1.0,1.0,1.0,1.0,1.0,1.0,4.35,0.8,0.09999999999999998,1.0,0.0
389,0.05368516833484987,0.08280254777070063,0.025477707006369428,0.89171974522293,0.07643312101910828,0.05732484076433121,0.050955414012738856,0.044585987261146494,0.044585987261146494,0.05732484076433121,0.044585987261146494,0.2302092811646952,0.21019108280254778,0.1337579617834395,0.6560509554140127,0.22929936305732485,0.2484076433121019,0.2229299363057325,0.22929936305732485,0.24203821656050956,0.21019108280254778,0.22929936305732485,177.4968152866242,0.044585987261146494,0.03184713375796178,0.21019108280254778,0.03821656050955413
391,0.19642857142857142,0.125,0.125,0.75,0.25,0.125,0.125,0.125,0.25,0.25,0.25,0.625,0.375,0.5,0.125,0.625,0.75,0.75,0.625,0.5,0.625,0.5,82.375,0.125,0.125,0.5,0.25
396,1.0,0.0,1.0,0.0,1.0,1.0,1.0,1.0,1.0,1.0,1.0,1.0,0.0,1.0,0.0,1.0,1.0,1.0,1.0,1.0,1.0,1.0,1.0,1.0,0.0,1.0,0.0
398,0.4962406015037594,0.05263157894736842,0.47368421052631576,0.47368421052631576,0.47368421052631576,0.47368421052631576,0.5263157894736842,0.47368421052631576,0.5263157894736842,0.5263157894736842,0.47368421052631576,0.5864661654135338,0.05263157894736842,0.5789473684210527,0.3684210526315789,0.5789473684210527,0.5789473684210527,0.5789473684210527,0.5789473684210527,0.5789473684210527,0.631578947368421,0.5789473684210527,48.8421052631579,0.47368421052631576,0.05263157894736842,0.5789473684210527,0.05263157894736836
401,0.45238095238095233,0.5555555555555556,0.16666666666666666,0.2777777777777778,0.3888888888888889,0.3888888888888889,0.5555555555555556,0.5,0.4444444444444444,0.3888888888888889,0.5,0.9841269841269842,0.05555555555555555,0.9444444444444444,0.0,1.0,1.0,1.0,0.9444444444444444,0.9444444444444444,1.0,1.0,15.777777777777779,0.3888888888888889,0.16666666666666669,0.9444444444444444,0.05555555555555558
402,0.0,0.0,0.0,1.0,0.0,0.0,0.0,0.0,0.0,0.0,0.0,0.5510204081632654,0.2857142857142857,0.42857142857142855,0.2857142857142857,0.5714285714285714,0.42857142857142855,0.5714285714285714,0.5714285714285714,0.7142857142857143,0.5714285714285714,0.42857142857142855,39.285714285714285,0.0,0.0,0.42857142857142855,0.28571428571428575
403,0.03686635944700461,0.03225806451612903,0.03225806451612903,0.9354838709677419,0.03225806451612903,0.03225806451612903,0.03225806451612903,0.03225806451612903,0.03225806451612903,0.06451612903225806,0.03225806451612903,0.13824884792626727,0.16129032258064516,0.0967741935483871,0.7419354838709677,0.12903225806451613,0.1935483870967742,0.12903225806451613,0.12903225806451613,0.16129032258064516,0.12903225806451613,0.0967741935483871,146.74193548387098,0.03225806451612903,0.03225806451612903,0.0967741935483871,0.0967741935483871
404,0.0,0.0,0.0,1.0,0.0,0.0,0.0,0.0,0.0,0.0,0.0,0.5,0.5,0.25,0.25,0.5,0.5,0.25,0.5,0.5,0.5,0.75,65.5,0.0,0.0,0.25,0.5
406,0.3766233766233766,0.5454545454545454,0.13636363636363635,0.3181818181818182,0.4090909090909091,0.36363636363636365,0.4090909090909091,0.36363636363636365,0.22727272727272727,0.45454545454545453,0.4090909090909091,1.0,0.0,1.0,0.0,1.0,1.0,1.0,1.0,1.0,1.0,1.0,20.0,0.22727272727272727,0.22727272727272727,1.0,0.0
407,0.15584415584415587,0.09090909090909091,0.09090909090909091,0.8181818181818182,0.09090909090909091,0.18181818181818182,0.18181818181818182,0.09090909090909091,0.18181818181818182,0.18181818181818182,0.18181818181818182,0.36363636363636365,0.0,0.36363636363636365,0.6363636363636364,0.36363636363636365,0.36363636363636365,0.36363636363636365,0.36363636363636365,0.36363636363636365,0.36363636363636365,0.36363636363636365,39.54545454545455,0.09090909090909091,0.09090909090909091,0.36363636363636365,0.0
408,0.5852534562211982,0.1935483870967742,0.4838709677419355,0.3225806451612903,0.5806451612903226,0.5806451612903226,0.5806451612903226,0.5806451612903226,0.5806451612903226,0.5806451612903226,0.6129032258064516,1.0,0.0,1.0,0.0,1.0,1.0,1.0,1.0,1.0,1.0,1.0,3.4838709677419355,0.5806451612903226,0.032258064516129004,1.0,0.0
409,0.0035714285714285713,0.025,0.0,0.975,0.025,0.0,0.0,0.0,0.0,0.0,0.0,0.05714285714285714,0.1,0.025,0.875,0.05,0.05,0.075,0.075,0.1,0.025,0.025,573.675,0.0,0.025,0.025,0.07500000000000001
410,0.30295566502463056,0.15517241379310345,0.2413793103448276,0.603448275862069,0.3103448275862069,0.3103448275862069,0.29310344827586204,0.29310344827586204,0.3103448275862069,0.29310344827586204,0.3103448275862069,0.9088669950738917,0.034482758620689655,0.896551724137931,0.06896551724137931,0.896551724137931,0.9137931034482759,0.9137931034482759,0.9137931034482759,0.9137931034482759,0.9137931034482759,0.896551724137931,18.017241379310345,0.29310344827586204,0.017241379310344862,0.896551724137931,0.017241379310344862
411,0.2235294117647059,0.07058823529411765,0.18823529411764706,0.7411764705882353,0.2235294117647059,0.2235294117647059,0.2235294117647059,0.2235294117647059,0.2235294117647059,0.2235294117647059,0.2235294117647059,0.7983193277310925,0.047058823529411764,0.7764705882352941,0.17647058823529413,0.8117647058823529,0.788235294117647,0.8,0.8,0.8,0.788235294117647,0.8,16.941176470588236,0.2235294117647059,0.0,0.788235294117647,0.02352941176470591
412,1.0,0.0,1.0,0.0,1.0,1.0,1.0,1.0,1.0,1.0,1.0,1.0,0.0,1.0,0.0,1.0,1.0,1.0,1.0,1.0,1.0,1.0,12.0,1.0,0.0,1.0,0.0
413,1.0,0.0,1.0,0.0,1.0,1.0,1.0,1.0,1.0,1.0,1.0,1.0,0.0,1.0,0.0,1.0,1.0,1.0,1.0,1.0,1.0,1.0,0.0,1.0,0.0,1.0,0.0
414,0.12121212121212122,0.1393939393939394,0.06666666666666667,0.793939393939394,0.12121212121212122,0.12121212121212122,0.12121212121212122,0.12121212121212122,0.12121212121212122,0.12121212121212122,0.12121212121212122,0.6060606060606061,0.12727272727272726,0.5515151515151515,0.3212121212121212,0.6060606060606061,0.6060606060606061,0.6060606060606061,0.6060606060606061,0.6060606060606061,0.6060606060606061,0.6060606060606061,30.206060606060607,0.12121212121212122,0.0,0.6060606060606061,0.0
415,0.260952380952381,0.16,0.17333333333333334,0.6666666666666666,0.25333333333333335,0.26666666666666666,0.25333333333333335,0.26666666666666666,0.25333333333333335,0.26666666666666666,0.26666666666666666,0.8876190476190476,0.06666666666666667,0.8533333333333334,0.08,0.8933333333333333,0.8933333333333333,0.88,0.8933333333333333,0.88,0.88,0.8933333333333333,14.8,0.25333333333333335,0.013333333333333308,0.88,0.013333333333333308
417,0.0782674772036474,0.05851063829787234,0.05319148936170213,0.8882978723404256,0.0797872340425532,0.0797872340425532,0.07446808510638298,0.07446808510638298,0.0797872340425532,0.0797872340425532,0.0797872340425532,0.3069908814589666,0.11702127659574468,0.2712765957446808,0.6117021276595744,0.30319148936170215,0.30319148936170215,0.3191489361702128,0.31382978723404253,0.2978723404255319,0.30319148936170215,0.30851063829787234,137.17021276595744,0.07446808510638298,0.0053191489361702204,0.2978723404255319,0.021276595744680882
418,0.03289473684210526,0.054276315789473686,0.011513157894736841,0.9342105263157895,0.03289473684210526,0.03289473684210526,0.03289473684210526,0.03289473684210526,0.03289473684210526,0.03289473684210526,0.03289473684210526,0.1600093984962406,0.09868421052631579,0.11348684210526316,0.787828947368421,0.1611842105263158,0.15789473684210525,0.15953947368421054,0.15953947368421054,0.1611842105263158,0.1611842105263158,0.15953947368421054,128.24671052631578,0.03289473684210526,0.0,0.15789473684210525,0.0032894736842105365
419,0.13392857142857142,0.0625,0.125,0.8125,0.125,0.125,0.125,0.125,0.125,0.125,0.1875,0.375,0.0,0.375,0.625,0.375,0.375,0.375,0.375,0.375,0.375,0.375,636.0,0.125,0.0625,0.375,0.0
420,0.024058187243565832,0.014360313315926894,0.018276762402088774,0.9673629242819843,0.02349869451697128,0.024804177545691905,0.024804177545691905,0.024804177545691905,0.02349869451697128,0.02349869451697128,0.02349869451697128,0.11917195076464004,0.12010443864229765,0.0731070496083551,0.8067885117493473,0.12010443864229765,0.1174934725848564,0.12010443864229765,0.11618798955613577,0.12010443864229765,0.12140992167101827,0.11879895561357702,145.51697127937337,0.02349869451697128,0.0013054830287206262,0.11618798955613577,0.005221932114882505
421,0.02817521461589258,0.053929121725731895,0.007704160246533128,0.938366718027735,0.02773497688751926,0.02773497688751926,0.029275808936825885,0.02773497688751926,0.02773497688751926,0.029275808936825885,0.02773497688751926,0.14439797490644948,0.1448382126348228,0.07395993836671803,0.7812018489984591,0.14329738058551617,0.1448382126348228,0.14329738058551617,0.1448382126348228,0.1448382126348228,0.1448382126348228,0.1448382126348228,143.06163328197226,0.02773497688751926,0.0015408320493066237,0.14329738058551617,0.001540832049306634
422,0.04572763684913217,0.0630841121495327,0.007009345794392523,0.9299065420560748,0.04439252336448598,0.04439252336448598,0.04672897196261682,0.04439252336448598,0.04672897196261682,0.04672897196261682,0.04672897196261682,0.20393858477970625,0.1658878504672897,0.12850467289719625,0.705607476635514,0.20327102803738317,0.20093457943925233,0.205607476635514,0.20794392523364486,0.205607476635514,0.1985981308411215,0.205607476635514,308.8714953271028,0.04439252336448598,0.0023364485981308414,0.1985981308411215,0.009345794392523366
423,0.06867167919799498,0.07368421052631578,0.03508771929824561,0.8912280701754386,0.07017543859649122,0.06666666666666667,0.07017543859649122,0.06666666666666667,0.06666666666666667,0.07017543859649122,0.07017543859649122,0.3233082706766917,0.12631578947368421,0.256140350877193,0.6175438596491228,0.3263157894736842,0.32280701754385965,0.32280701754385965,0.3192982456140351,0.32280701754385965,0.3263157894736842,0.32280701754385965,76.1859649122807,0.06666666666666667,0.0035087719298245584,0.3192982456140351,0.007017543859649145
424,0.8928571428571428,0.25,0.75,0.0,1.0,1.0,0.75,1.0,0.75,1.0,0.75,1.0,0.0,1.0,0.0,1.0,1.0,1.0,1.0,1.0,1.0,1.0,6.75,0.75,0.25,1.0,0.0
425,0.10714285714285714,0.125,0.05357142857142857,0.8214285714285714,0.125,0.08928571428571429,0.10714285714285714,0.07142857142857142,0.14285714285714285,0.10714285714285714,0.10714285714285714,0.3494897959183674,0.21428571428571427,0.23214285714285715,0.5535714285714286,0.375,0.3392857142857143,0.32142857142857145,0.35714285714285715,0.32142857142857145,0.35714285714285715,0.375,134.89285714285714,0.07142857142857142,0.07142857142857142,0.32142857142857145,0.05357142857142855
426,0.07943625880845612,0.04035874439461883,0.06278026905829596,0.8968609865470852,0.08071748878923767,0.08520179372197309,0.08071748878923767,0.07623318385650224,0.08071748878923767,0.07623318385650224,0.07623318385650224,0.30172966047405514,0.11659192825112108,0.23766816143497757,0.6457399103139013,0.3004484304932735,0.29596412556053814,0.28699551569506726,0.30493273542600896,0.30493273542600896,0.3094170403587444,0.3094170403587444,106.89686098654708,0.07623318385650224,0.00896860986547085,0.28699551569506726,0.02242152466367714
428,0.09740259740259741,0.015151515151515152,0.09090909090909091,0.8939393939393939,0.10606060606060606,0.10606060606060606,0.10606060606060606,0.09090909090909091,0.09090909090909091,0.09090909090909091,0.09090909090909091,0.25108225108225113,0.12121212121212122,0.19696969696969696,0.6818181818181818,0.2727272727272727,0.24242424242424243,0.24242424242424243,0.24242424242424243,0.24242424242424243,0.25757575757575757,0.25757575757575757,125.39393939393939,0.09090909090909091,0.015151515151515152,0.24242424242424243,0.030303030303030276
429,0.08358662613981764,0.09574468085106383,0.0425531914893617,0.8617021276595744,0.10638297872340426,0.07446808510638298,0.0851063829787234,0.09574468085106383,0.06382978723404255,0.07446808510638298,0.0851063829787234,0.2796352583586626,0.18085106382978725,0.20212765957446807,0.6170212765957447,0.26595744680851063,0.2553191489361702,0.26595744680851063,0.2872340425531915,0.26595744680851063,0.2872340425531915,0.32978723404255317,109.2127659574468,0.06382978723404255,0.04255319148936171,0.2553191489361702,0.07446808510638298
430,0.19096209912536444,0.17346938775510204,0.12244897959183673,0.7040816326530612,0.1836734693877551,0.1836734693877551,0.19387755102040816,0.19387755102040816,0.20408163265306123,0.1836734693877551,0.19387755102040816,0.7536443148688047,0.22448979591836735,0.6224489795918368,0.15306122448979592,0.7551020408163265,0.7551020408163265,0.7653061224489796,0.7551020408163265,0.7551020408163265,0.7244897959183674,0.7653061224489796,80.92857142857143,0.1836734693877551,0.020408163265306117,0.7244897959183674,0.04081632653061218
431,0.2571428571428571,0.12,0.21333333333333335,0.6666666666666666,0.25333333333333335,0.26666666666666666,0.26666666666666666,0.25333333333333335,0.25333333333333335,0.25333333333333335,0.25333333333333335,0.7638095238095238,0.04,0.7466666666666667,0.21333333333333335,0.7733333333333333,0.76,0.7466666666666667,0.7733333333333333,0.7733333333333333,0.7466666666666667,0.7733333333333333,17.8,0.25333333333333335,0.013333333333333308,0.7466666666666667,0.026666666666666616
432,0.25170068027210885,0.30952380952380953,0.14285714285714285,0.5476190476190477,0.23809523809523808,0.2619047619047619,0.23809523809523808,0.2619047619047619,0.2619047619047619,0.23809523809523808,0.2619047619047619,0.8945578231292517,0.047619047619047616,0.8809523809523809,0.07142857142857142,0.8809523809523809,0.9285714285714286,0.8809523809523809,0.8809523809523809,0.9047619047619048,0.9047619047619048,0.8809523809523809,17.357142857142858,0.23809523809523808,0.023809523809523836,0.8809523809523809,0.04761904761904767
433,0.16940581542351454,0.18584070796460178,0.09734513274336283,0.7168141592920354,0.168141592920354,0.17699115044247787,0.168141592920354,0.168141592920354,0.168141592920354,0.168141592920354,0.168141592920354,0.820480404551201,0.11504424778761062,0.7433628318584071,0.1415929203539823,0.8230088495575221,0.8230088495575221,0.8141592920353983,0.831858407079646,0.8230088495575221,0.8053097345132744,0.8230088495575221,27.628318584070797,0.168141592920354,0.00884955752212388,0.8053097345132744,0.02654867256637161
434,0.08217446270543614,0.11504424778761062,0.022123893805309734,0.8628318584070797,0.07964601769911504,0.084070796460177,0.084070796460177,0.084070796460177,0.084070796460177,0.07964601769911504,0.07964601769911504,0.4336283185840708,0.1592920353982301,0.336283185840708,0.504424778761062,0.4336283185840708,0.4336283185840708,0.4336283185840708,0.4336283185840708,0.4336283185840708,0.4336283185840708,0.4336283185840708,56.557522123893804,0.07964601769911504,0.004424778761061954,0.4336283185840708,0.0
435,0.0911854103343465,0.10638297872340426,0.0425531914893617,0.851063829787234,0.06382978723404255,0.0851063829787234,0.1276595744680851,0.0851063829787234,0.06382978723404255,0.10638297872340426,0.10638297872340426,0.4559270516717325,0.2553191489361702,0.3191489361702128,0.425531914893617,0.425531914893617,0.44680851063829785,0.48936170212765956,0.46808510638297873,0.44680851063829785,0.48936170212765956,0.425531914893617,30.80851063829787,0.06382978723404255,0.06382978723404255,0.425531914893617,0.06382978723404253
436,0.2763975155279503,0.17391304347826086,0.1956521739130435,0.6304347826086957,0.2608695652173913,0.2826086956521739,0.2826086956521739,0.2826086956521739,0.2826086956521739,0.2826086956521739,0.2608695652173913,0.5807453416149069,0.15217391304347827,0.5,0.34782608695652173,0.5652173913043478,0.5869565217391305,0.6304347826086957,0.5652173913043478,0.5652173913043478,0.5869565217391305,0.5652173913043478,165.0,0.2608695652173913,0.021739130434782594,0.5652173913043478,0.0652173913043479
437,0.1519756838905775,0.14893617021276595,0.0851063829787234,0.7659574468085106,0.19148936170212766,0.0851063829787234,0.1702127659574468,0.19148936170212766,0.14893617021276595,0.1276595744680851,0.14893617021276595,0.6139817629179332,0.2127659574468085,0.48936170212765956,0.2978723404255319,0.6808510638297872,0.574468085106383,0.574468085106383,0.5957446808510638,0.6170212765957447,0.6170212765957447,0.6382978723404256,38.851063829787236,0.0851063829787234,0.10638297872340426,0.574468085106383,0.10638297872340419
438,0.19801980198019803,0.04950495049504951,0.16831683168316833,0.7821782178217822,0.19801980198019803,0.19801980198019803,0.19801980198019803,0.19801980198019803,0.19801980198019803,0.19801980198019803,0.19801980198019803,0.6874115983026874,0.10891089108910891,0.6534653465346535,0.2376237623762376,0.7128712871287128,0.6831683168316832,0.6732673267326733,0.6831683168316832,0.693069306930693,0.693069306930693,0.6732673267326733,23.02970297029703,0.19801980198019803,0.0,0.6732673267326733,0.03960396039603953
439,0.09259259259259259,0.1111111111111111,0.05092592592592592,0.8379629629629629,0.09259259259259259,0.09259259259259259,0.09259259259259259,0.09259259259259259,0.09259259259259259,0.09259259259259259,0.09259259259259259,0.4497354497354497,0.2824074074074074,0.30092592592592593,0.4166666666666667,0.4537037037037037,0.44907407407407407,0.4537037037037037,0.44907407407407407,0.4444444444444444,0.44907407407407407,0.44907407407407407,229.49537037037038,0.09259259259259259,0.0,0.4444444444444444,0.0092592592592593
440,0.04481792717086835,0.07058823529411765,0.011764705882352941,0.9176470588235294,0.047058823529411764,0.0392156862745098,0.047058823529411764,0.0392156862745098,0.0392156862745098,0.047058823529411764,0.054901960784313725,0.1876750700280112,0.17254901960784313,0.10980392156862745,0.7176470588235294,0.19607843137254902,0.18823529411764706,0.19215686274509805,0.18823529411764706,0.17647058823529413,0.1843137254901961,0.18823529411764706,128.35294117647058,0.0392156862745098,0.01568627450980392,0.17647058823529413,0.019607843137254888
441,0.17765567765567766,0.14102564102564102,0.10256410256410256,0.7564102564102564,0.19230769230769232,0.1794871794871795,0.15384615384615385,0.1794871794871795,0.19230769230769232,0.1794871794871795,0.16666666666666666,0.73992673992674,0.0641025641025641,0.6923076923076923,0.24358974358974358,0.717948717948718,0.7435897435897436,0.7435897435897436,0.7435897435897436,0.7435897435897436,0.7435897435897436,0.7435897435897436,60.32051282051282,0.15384615384615385,0.038461538461538464,0.717948717948718,0.02564102564102566
442,0.25918367346938775,0.21428571428571427,0.14285714285714285,0.6428571428571429,0.2571428571428571,0.2571428571428571,0.2571428571428571,0.2714285714285714,0.2571428571428571,0.2571428571428571,0.2571428571428571,0.9938775510204081,0.02857142857142857,0.9714285714285714,0.0,1.0,0.9857142857142858,1.0,0.9857142857142858,0.9857142857142858,1.0,1.0,15.785714285714286,0.2571428571428571,0.01428571428571429,0.9857142857142858,0.014285714285714235
443,0.006493506493506493,0.014204545454545454,0.002840909090909091,0.9829545454545454,0.005681818181818182,0.002840909090909091,0.008522727272727272,0.005681818181818182,0.005681818181818182,0.011363636363636364,0.005681818181818182,0.06452922077922078,0.07670454545454546,0.03409090909090909,0.8892045454545454,0.06818181818181818,0.06534090909090909,0.0625,0.05965909090909091,0.056818181818181816,0.07386363636363637,0.06534090909090909,401.40340909090907,0.002840909090909091,0.008522727272727272,0.056818181818181816,0.01704545454545455
444,0.06015037593984963,0.02631578947368421,0.043859649122807015,0.9298245614035088,0.06140350877192982,0.06140350877192982,0.05263157894736842,0.06140350877192982,0.07017543859649122,0.07017543859649122,0.043859649122807015,0.16666666666666666,0.02631578947368421,0.14912280701754385,0.8245614035087719,0.16666666666666666,0.16666666666666666,0.16666666666666666,0.16666666666666666,0.16666666666666666,0.16666666666666666,0.16666666666666666,106.94736842105263,0.043859649122807015,0.02631578947368421,0.16666666666666666,0.0
445,0.09579831932773109,0.14705882352941177,0.047058823529411764,0.8058823529411765,0.1,0.08823529411764706,0.1,0.08823529411764706,0.09411764705882353,0.1,0.1,0.43109243697478994,0.2823529411764706,0.27647058823529413,0.4411764705882353,0.4647058823529412,0.43529411764705883,0.4235294117647059,0.4176470588235294,0.4176470588235294,0.4235294117647059,0.43529411764705883,77.45294117647059,0.08823529411764706,0.011764705882352941,0.4176470588235294,0.047058823529411764
446,0.3508771929824561,0.10526315789473684,0.3157894736842105,0.5789473684210527,0.3508771929824561,0.3508771929824561,0.3508771929824561,0.3508771929824561,0.3508771929824561,0.3508771929824561,0.3508771929824561,0.9223057644110275,0.017543859649122806,0.9122807017543859,0.07017543859649122,0.9298245614035088,0.9122807017543859,0.9122807017543859,0.9298245614035088,0.9298245614035088,0.9122807017543859,0.9298245614035088,28.614035087719298,0.3508771929824561,0.0,0.9122807017543859,0.01754385964912286
447,0.0,0.0,0.0,1.0,0.0,0.0,0.0,0.0,0.0,0.0,0.0,0.6666666666666666,0.0,0.6666666666666666,0.3333333333333333,0.6666666666666666,0.6666666666666666,0.6666666666666666,0.6666666666666666,0.6666666666666666,0.6666666666666666,0.6666666666666666,151.0,0.0,0.0,0.6666666666666666,0.0
448,0.0,0.0,0.0,1.0,0.0,0.0,0.0,0.0,0.0,0.0,0.0,0.0,0.0,0.0,1.0,0.0,0.0,0.0,0.0,0.0,0.0,0.0,1259.111111111111,0.0,0.0,0.0,0.0
449,0.03919860627177701,0.054878048780487805,0.012195121951219513,0.9329268292682927,0.036585365853658534,0.06097560975609756,0.036585365853658534,0.042682926829268296,0.036585365853658534,0.03048780487804878,0.03048780487804878,0.20905923344947736,0.042682926829268296,0.18902439024390244,0.7682926829268293,0.2073170731707317,0.20121951219512196,0.2073170731707317,0.21341463414634146,0.21341463414634146,0.2073170731707317,0.21341463414634146,1217.0,0.03048780487804878,0.03048780487804878,0.20121951219512196,0.012195121951219495
453,0.16571428571428573,0.04,0.16,0.8,0.2,0.16,0.16,0.16,0.16,0.16,0.16,0.4742857142857143,0.28,0.32,0.4,0.52,0.36,0.44,0.48,0.52,0.48,0.52,84.72,0.16,0.04000000000000001,0.36,0.16000000000000003
455,0.5,0.0,0.5,0.5,0.5,0.5,0.5,0.5,0.5,0.5,0.5,1.0,0.0,1.0,0.0,1.0,1.0,1.0,1.0,1.0,1.0,1.0,5.5,0.5,0.0,1.0,0.0
456,0.13909774436090225,0.14473684210526316,0.05263157894736842,0.8026315789473685,0.15789473684210525,0.11842105263157894,0.13157894736842105,0.15789473684210525,0.14473684210526316,0.11842105263157894,0.14473684210526316,0.5319548872180452,0.14473684210526316,0.4605263157894737,0.39473684210526316,0.5131578947368421,0.5789473684210527,0.5394736842105263,0.5263157894736842,0.5263157894736842,0.5394736842105263,0.5,34.85526315789474,0.11842105263157894,0.039473684210526314,0.5,0.07894736842105265
459,0.3909774436090226,0.21052631578947367,0.3157894736842105,0.47368421052631576,0.3157894736842105,0.3684210526315789,0.3684210526315789,0.47368421052631576,0.3684210526315789,0.42105263157894735,0.42105263157894735,0.8195488721804511,0.05263157894736842,0.7894736842105263,0.15789473684210525,0.7894736842105263,0.7894736842105263,0.7894736842105263,0.8421052631578947,0.8421052631578947,0.8421052631578947,0.8421052631578947,31.789473684210527,0.3157894736842105,0.15789473684210525,0.7894736842105263,0.05263157894736836
460,0.04081632653061224,0.14285714285714285,0.0,0.8571428571428571,0.0,0.14285714285714285,0.0,0.14285714285714285,0.0,0.0,0.0,0.14285714285714285,0.0,0.14285714285714285,0.8571428571428571,0.14285714285714285,0.14285714285714285,0.14285714285714285,0.14285714285714285,0.14285714285714285,0.14285714285714285,0.14285714285714285,1296.4285714285713,0.0,0.14285714285714285,0.14285714285714285,0.0
461,1.0,0.0,1.0,0.0,1.0,1.0,1.0,1.0,1.0,1.0,1.0,1.0,0.0,1.0,0.0,1.0,1.0,1.0,1.0,1.0,1.0,1.0,1.5,1.0,0.0,1.0,0.0
463,0.14388489208633093,0.15827338129496402,0.07913669064748201,0.762589928057554,0.14388489208633093,0.14388489208633093,0.14388489208633093,0.14388489208633093,0.14388489208633093,0.14388489208633093,0.14388489208633093,0.7091469681397738,0.2014388489208633,0.5899280575539568,0.20863309352517986,0.7050359712230215,0.7122302158273381,0.7122302158273381,0.697841726618705,0.7122302158273381,0.7122302158273381,0.7122302158273381,26.48201438848921,0.14388489208633093,0.0,0.697841726618705,0.014388489208633115
464,0.23529411764705882,0.10588235294117647,0.18823529411764706,0.7058823529411765,0.23529411764705882,0.23529411764705882,0.23529411764705882,0.23529411764705882,0.23529411764705882,0.23529411764705882,0.23529411764705882,0.8453781512605042,0.047058823529411764,0.8235294117647058,0.12941176470588237,0.8470588235294118,0.8470588235294118,0.8470588235294118,0.8588235294117647,0.8352941176470589,0.8470588235294118,0.8352941176470589,16.352941176470587,0.23529411764705882,0.0,0.8352941176470589,0.0235294117647058
465,0.0,0.0,0.0,1.0,0.0,0.0,0.0,0.0,0.0,0.0,0.0,0.0,0.0,0.0,1.0,0.0,0.0,0.0,0.0,0.0,0.0,0.0,7902.0,0.0,0.0,0.0,0.0
466,0.0,0.0,0.0,1.0,0.0,0.0,0.0,0.0,0.0,0.0,0.0,0.0,0.0,0.0,1.0,0.0,0.0,0.0,0.0,0.0,0.0,0.0,14.0,0.0,0.0,0.0,0.0
468,0.7857142857142857,0.25,0.75,0.0,0.75,0.75,0.75,0.75,0.75,1.0,0.75,1.0,0.0,1.0,0.0,1.0,1.0,1.0,1.0,1.0,1.0,1.0,8.5,0.75,0.25,1.0,0.0
469,0.23214285714285715,0.09375,0.1875,0.71875,0.21875,0.25,0.234375,0.21875,0.25,0.21875,0.234375,0.7901785714285714,0.09375,0.734375,0.171875,0.796875,0.796875,0.796875,0.78125,0.765625,0.796875,0.796875,15.015625,0.21875,0.03125,0.765625,0.03125
470,0.4444444444444444,0.13333333333333333,0.4,0.4666666666666667,0.4444444444444444,0.4444444444444444,0.4444444444444444,0.4444444444444444,0.4444444444444444,0.4444444444444444,0.4444444444444444,0.9777777777777777,0.0,0.9777777777777777,0.022222222222222223,0.9777777777777777,0.9777777777777777,0.9777777777777777,0.9777777777777777,0.9777777777777777,0.9777777777777777,0.9777777777777777,8.444444444444445,0.4444444444444444,0.0,0.9777777777777777,0.0
471,1.0,0.0,1.0,0.0,1.0,1.0,1.0,1.0,1.0,1.0,1.0,1.0,0.0,1.0,0.0,1.0,1.0,1.0,1.0,1.0,1.0,1.0,4.0,1.0,0.0,1.0,0.0
472,0.3890577507598784,0.10638297872340426,0.3617021276595745,0.5319148936170213,0.40425531914893614,0.3829787234042553,0.40425531914893614,0.3829787234042553,0.3829787234042553,0.3829787234042553,0.3829787234042553,0.8662613981762918,0.0425531914893617,0.8297872340425532,0.1276595744680851,0.8723404255319149,0.8723404255319149,0.8723404255319149,0.8723404255319149,0.8723404255319149,0.8297872340425532,0.8723404255319149,35.40425531914894,0.3829787234042553,0.021276595744680826,0.8297872340425532,0.042553191489361764
473,0.11564625850340136,0.0873015873015873,0.07936507936507936,0.8333333333333334,0.11904761904761904,0.1111111111111111,0.12698412698412698,0.1111111111111111,0.1111111111111111,0.1111111111111111,0.11904761904761904,0.5340136054421769,0.15873015873015872,0.46825396825396826,0.373015873015873,0.5317460317460317,0.5238095238095238,0.5476190476190477,0.5317460317460317,0.5476190476190477,0.5396825396825397,0.5158730158730159,40.333333333333336,0.1111111111111111,0.015873015873015872,0.5158730158730159,0.031746031746031744
476,0.020567851553767044,0.04381846635367762,0.004694835680751174,0.9514866979655712,0.018779342723004695,0.025039123630672927,0.018779342723004695,0.02034428794992175,0.02034428794992175,0.02190923317683881,0.018779342723004695,0.10507489380728817,0.12050078247261346,0.050078247261345854,0.8294209702660407,0.10015649452269171,0.10485133020344288,0.10641627543035993,0.10485133020344288,0.09702660406885759,0.11267605633802817,0.10954616588419405,362.2942097026604,0.018779342723004695,0.006259780907668232,0.09702660406885759,0.015649452269170583
478,1.0,0.0,1.0,0.0,1.0,1.0,1.0,1.0,1.0,1.0,1.0,1.0,0.0,1.0,0.0,1.0,1.0,1.0,1.0,1.0,1.0,1.0,9.0,1.0,0.0,1.0,0.0
481,0.0,0.0,0.0,1.0,0.0,0.0,0.0,0.0,0.0,0.0,0.0,0.0,0.0,0.0,1.0,0.0,0.0,0.0,0.0,0.0,0.0,0.0,97.0,0.0,0.0,0.0,0.0
482,0.6666666666666666,0.16666666666666666,0.5833333333333334,0.25,0.5833333333333334,0.6666666666666666,0.5833333333333334,0.6666666666666666,0.6666666666666666,0.75,0.75,1.0,0.0,1.0,0.0,1.0,1.0,1.0,1.0,1.0,1.0,1.0,10.0,0.5833333333333334,0.16666666666666663,1.0,0.0
483,0.5,0.0,0.5,0.5,0.5,0.5,0.5,0.5,0.5,0.5,0.5,0.6785714285714286,0.25,0.5,0.25,0.75,0.75,0.5,0.75,0.75,0.75,0.5,230.0,0.5,0.0,0.5,0.25
487,0.0,0.0,0.0,1.0,0.0,0.0,0.0,0.0,0.0,0.0,0.0,0.0,0.0,0.0,1.0,0.0,0.0,0.0,0.0,0.0,0.0,0.0,73.5,0.0,0.0,0.0,0.0
